version 1
nodes
0 "blender_implicit" -1
1 "b_root" -1
2 "b_ch_middle" 1
3 "b_ch_spine1" 2
4 "b_ch_spine2" 3
5 "b_ch_l_clavical" 4
6 "b_ch_l_upperarm" 5
7 "b_ch_l_forearm" 6
8 "b_ch_l_forearm_twist1" 7
9 "b_ch_l_forearm_twist2" 7
10 "b_ch_l_forearm_twist3" 7
11 "b_ch_l_forearm_twist4" 7
12 "b_ch_l_forearm_twist5" 7
13 "b_ch_l_forearm_twist6" 7
14 "b_ch_l_forearm_twist7" 7
15 "b_ch_l_hand" 7
16 "b_ch_l_finger_00" 15
17 "b_ch_l_finger_01" 16
18 "b_ch_l_finger_02" 17
19 "b_ch_l_finger_40" 15
20 "b_ch_l_finger_41" 19
21 "b_ch_l_finger_42" 20
22 "b_ch_l_finger_20" 15
23 "b_ch_l_finger_21" 22
24 "b_ch_l_finger_22" 23
25 "b_ch_l_finger_30" 15
26 "b_ch_l_finger_31" 25
27 "b_ch_l_finger_32" 26
28 "b_ch_l_finger_10" 15
29 "b_ch_l_finger_11" 28
30 "b_ch_l_finger_12" 29
31 "b_ch_r_clavical" 4
32 "b_ch_r_upperarm" 31
33 "b_ch_r_forearm" 32
34 "b_ch_r_forearm_twist1" 33
35 "b_ch_r_forearm_twist2" 33
36 "b_ch_r_forearm_twist3" 33
37 "b_ch_r_forearm_twist4" 33
38 "b_ch_r_forearm_twist5" 33
39 "b_ch_r_forearm_twist6" 33
40 "b_ch_r_forearm_twist7" 33
41 "b_ch_r_hand" 33
42 "b_ch_r_finger_00" 41
43 "b_ch_r_finger_01" 42
44 "b_ch_r_finger_02" 43
45 "b_ch_r_finger_10" 41
46 "b_ch_r_finger_11" 45
47 "b_ch_r_finger_12" 46
48 "b_ch_r_finger_20" 41
49 "b_ch_r_finger_21" 48
50 "b_ch_r_finger_22" 49
51 "b_ch_r_finger_30" 41
52 "b_ch_r_finger_31" 51
53 "b_ch_r_finger_32" 52
54 "b_ch_r_finger_40" 41
55 "b_ch_r_finger_41" 54
56 "b_ch_r_finger_42" 55
57 "b_camera" 1
58 "ik_hand_root" 1
59 "ik_hand_r" 58
60 "ik_hand_l" 58
61 "b_wpn" 1
62 "b_wpn_eject" 61
63 "b_wpn_fireselect" 61
64 "b_wpn_foregrip" 61
65 "b_wpn_gl" 61
66 "b_wpn_gl_slide" 65
67 "b_wpn_gl_trigger" 65
68 "b_wpn_gl_round" 65
69 "b_wpn_gl_casing" 65
70 "b_wpn_gl_slidelock" 65
71 "b_wpn_gl_muzzle" 65
72 "b_wpn_flash" 61
73 "b_wpn_flash_beam" 72
74 "b_wpn_magrelease" 61
75 "b_wpn_muzzle" 61
76 "b_wpn_optic" 61
77 "b_wpn_sliderelease" 61
78 "b_wpn_spec_1" 61
79 "b_wpn_spec_2" 61
80 "b_wpn_suppressor" 61
81 "b_wpn_suppressor_muzzle" 80
82 "b_wpn_trigger" 61
83 "ik_hand_wpn_l" 61
84 "ik_hand_wpn_r" 61
85 "b_wpn_laser" 61
86 "b_wpn_laser_beam" 85
87 "b_wpn_bayonet" 61
88 "b_wpn_mag" 61
89 "b_wpn_mag_b1" 88
90 "b_wpn_mag_b2" 88
91 "b_wpn_mag_follow" 88
92 "b_wpn_chargehandle" 61
93 "b_wpn_bolt" 61
94 "b_wpn_mag_2" 61
95 "b_wpn_gripod" 61
96 "b_wpn_gripod_base" 95
97 "b_wpn_gripod_base_r" 96
98 "b_wpn_gripod_base_l" 96
99 "b_wpn_bipod" 61
100 "b_wpn_bipod_base" 99
101 "b_wpn_bipod_spring_l" 100
102 "b_wpn_bipod_spring_r" 100
103 "b_wpn_bipod_base_l" 100
104 "b_wpn_bipod_spring_base_l" 103
105 "b_wpn_bipod_base_r" 100
106 "b_wpn_bipod_spring_base_r" 105
107 "b_wpn_slide" 61
end
skeleton
time 0
0  0 0 0  0 0 0
1  0.000000 0.000000 0.000000  0.000000 -0.000000 -0.000000
2  -0.000005 0.000023 -61.375507  0.000000 0.000000 -1.570795
3  -0.012814 0.000000 8.236240  -1.570819 -1.475889 0.000019
4  16.160965 -0.011392 0.005502  -0.444189 0.000339 -0.187736
5  0.000002 -0.000002 0.000003  0.951105 -0.005266 -0.069251
6  -0.000000 0.000001 -0.000001  0.948286 -0.200143 -0.186928
7  -0.000006 -0.000000 -0.000001  0.000000 -0.000000 -0.979239
8  -0.000002 -0.000001 0.000001  0.098065 0.000000 0.000000
9  -0.000002 -0.000001 0.000001  0.196121 -0.000000 -0.000000
10  -0.000003 -0.000007 0.000001  0.294159 -0.000000 0.000000
11  0.000000 0.000000 -0.000002  0.392231 -0.000000 0.000000
12  -0.000003 -0.000006 0.000002  0.490325 0.000000 0.000000
13  0.000000 -0.000003 0.000002  0.588426 0.000000 0.000000
14  -0.000003 -0.000005 0.000003  0.686454 0.000000 0.000000
15  -0.000009 0.000004 0.000001  0.739974 0.091334 -0.147955
16  0.000000 0.000000 -0.000002  0.143416 0.120224 -0.098258
17  -0.000003 -0.000001 0.000004  -0.042364 -0.133426 -0.443678
18  -0.000001 -0.000002 -0.000001  0.118822 -0.023653 -1.100512
19  -0.000003 0.000000 0.000002  0.052251 0.166039 -0.776677
20  -0.000001 0.000002 0.000000  -0.000000 0.000000 -0.609891
21  -0.000001 -0.000003 0.000000  -0.000000 -0.000000 -0.247711
22  -0.000008 -0.000001 0.000002  -0.108255 0.213029 -1.327214
23  -0.000002 -0.000002 0.000001  -0.000000 -0.000000 -0.690020
24  -0.000000 -0.000001 0.000003  -0.000000 -0.000000 -0.691318
25  -0.000003 0.000000 -0.000003  -0.000435 0.140573 -1.187974
26  -0.000001 0.000001 0.000001  -0.000000 0.000000 -0.503360
27  -0.000001 0.000003 0.000000  0.000000 -0.000000 -0.697484
28  -0.000006 0.000001 0.000000  -0.246638 0.256075 -1.249457
29  -0.000000 0.000003 -0.000002  -0.000000 -0.000000 -0.743599
30  -0.000001 -0.000001 -0.000000  0.000000 0.000000 -0.632328
31  -0.000010 -0.000001 -0.000002  0.582370 -0.000409 -0.000123
32  -0.000001 0.000001 0.000002  0.300730 -0.042102 0.370653
33  0.000003 -0.000004 -0.000002  -0.000000 -0.000000 0.288792
34  0.000001 -0.000003 -0.000001  -0.092810 -0.000000 0.000000
35  -0.000002 -0.000001 -0.000001  -0.185636 0.000000 -0.000000
36  -0.000002 0.000000 -0.000000  -0.278434 -0.000000 -0.000000
37  -0.000002 -0.000001 0.000000  -0.371281 -0.000000 0.000000
38  -0.000006 0.000001 -0.000001  -0.464130 -0.000000 -0.000000
39  -0.000007 0.000005 0.000002  -0.556930 -0.000000 -0.000000
40  -0.000005 0.000003 -0.000000  -0.649756 -0.000000 -0.000000
41  -0.000007 0.000004 -0.000002  -0.663227 -0.140203 -0.010535
42  1.410069 0.800536 2.089140  -2.043617 -0.463615 0.665928
43  3.954714 0.000008 -0.000004  0.000001 0.000000 0.689326
44  3.101570 -0.000007 0.000000  0.000000 -0.000000 0.638253
45  -0.000004 -0.000001 -0.000003  0.013176 0.083204 0.031767
46  0.000000 0.000001 -0.000002  -0.000000 -0.000000 -0.585238
47  -0.000008 -0.000001 0.000000  -0.000000 0.000000 -1.083439
48  7.145101 -0.676338 1.382428  0.062090 0.270328 0.703671
49  3.672219 0.000001 0.000000  0.000000 -0.000001 1.498259
50  2.676526 -0.000001 -0.000001  0.000000 -0.000001 1.006829
51  6.831184 -0.870862 -0.599919  0.231922 0.205741 0.934461
52  3.657085 0.000011 -0.000002  -0.000001 -0.000000 1.453593
53  2.496792 -0.000001 0.000003  0.000001 -0.000001 0.750510
54  6.164474 -0.898147 -2.575016  0.332711 0.188105 0.821957
55  2.805846 0.000000 -0.000001  -0.000002 0.000001 0.963491
56  2.307451 0.000003 -0.000001  0.000001 -0.000001 0.990594
57  0.000000 0.000000 -0.000000  -0.023687 0.054850 -0.013168
58  0.000000 0.000000 0.000000  0.000000 -0.000000 -0.000000
59  0.723132 -7.927567 5.719847  -0.604115 0.792498 -0.477056
60  3.097461 19.904476 -10.879496  -0.638466 0.233370 0.041171
61  4.790020 -6.144045 5.945786  -0.604115 0.792497 -0.477055
62  0.660711 -9.405924 5.052880  0.000000 0.000000 0.000000
63  0.001270 4.285939 -0.189680  -0.000001 0.000000 0.000000
64  0.060210 10.324397 74.469048  0.000008 0.000000 0.000000
65  -0.002042 -3.169755 2.277848  1.570797 0.000000 -1.570796
66  8.769395 -2.675094 -2.292491  0.000000 0.000000 0.000000
67  -1.584224 -9.364033 -0.000003  0.000000 -0.000000 0.000000
68  10.555296 -5.113575 -0.000003  -1.570797 1.570795 0.000000
69  6.464088 -5.113575 -0.000004  -1.570795 1.570796 0.000000
70  7.053374 -1.968535 2.001231  -1.570796 1.570796 0.000000
71  26.793739 -5.113573 0.000002  0.000000 -0.000000 0.000000
72  -2.662413 1.445765 40.667957  -0.000000 3.141592 1.570797
73  8.352064 2.772892 0.000546  -3.141589 0.000002 -0.000000
74  0.001265 21.193821 -3.302073  0.000000 0.000000 0.000000
75  0.059870 -33.068932 1.081966  1.570797 0.000000 -1.570796
76  0.064638 27.351307 72.195198  0.000000 -0.000000 -0.000001
77  0.000000 -0.000002 -0.000001  0.000000 -0.000000 0.000000
78  -0.000001 0.000003 -0.000001  0.000000 -0.000000 0.000000
79  1.907177 17.681805 0.736565  0.000001 0.000000 0.000000
80  0.059881 2.255348 54.398006  0.000000 0.000000 0.000000
81  0.003501 -22.270639 0.000157  1.570797 0.000000 -1.570796
82  0.000020 1.724013 -0.208864  0.000001 0.000000 0.000000
83  9.276862 34.643208 0.436847  -0.372226 -0.688599 0.191521
84  -2.307079 11.683284 -6.602220  -0.008091 -0.065405 -1.488515
85  -2.662415 1.445768 33.628742  -0.000000 3.141592 1.570797
86  8.352064 2.772895 0.000545  -3.141589 0.000002 -0.000000
87  0.006416 -45.818314 0.735914  1.570797 0.000000 -1.570796
88  -0.108382 16.549219 -6.332980  -0.000001 0.000000 0.000001
89  -0.152045 -0.178989 6.405252  -0.000000 -0.000001 0.000000
90  0.326862 -0.178989 5.798759  -0.000000 -0.000001 0.000000
91  0.000000 -0.000002 3.169724  0.000000 -0.000000 -1.570797
92  -0.000000 -0.000000 -0.000001  0.000000 -0.000000 0.000000
93  0.000001 9.969377 -0.000000  -0.000000 0.000000 0.000000
94  22.846479 98.319504 -39.725765  0.000000 -0.000000 0.000000
95  0.000003 -10.070926 -2.318773  0.000000 0.000000 0.000000
96  -0.000001 0.000003 -1.529050  -0.000000 -0.000000 -0.000000
97  -0.078942 -0.000002 -0.000000  0.000000 0.000001 1.570796
98  0.097092 -0.000002 -0.000001  -0.000000 -3.141592 1.570796
99  0.000005 -13.006136 -2.049218  0.000000 0.000000 0.000000
100  -0.000000 0.000001 -0.000000  -0.000000 -0.000000 -0.000000
101  1.754237 4.036760 -1.682667  0.392575 -0.010118 -1.546365
102  -1.755139 4.036759 -1.682667  -0.404674 0.245240 -1.741923
103  0.000000 0.000002 -0.000000  -0.000000 -0.000000 -0.000000
104  -11.350048 -0.729411 0.864871  0.000197 -0.025368 0.026438
105  0.000001 -0.000003 0.000001  -0.000000 -0.000000 -0.000000
106  -11.344169 1.135887 0.869270  0.000000 -0.025020 -0.026323
107  0.000003 -3.002981 4.619920  1.570796 -0.000000 1.570797
time 1
0  0 0 0  0 0 0
1  0.000000 0.000000 0.000000  0.000000 -0.000000 -0.000000
2  -0.000005 0.000023 -61.375507  0.000000 0.000000 -1.570795
3  -0.012814 0.000000 8.236240  -1.570819 -1.475889 0.000019
4  16.160965 -0.011392 0.005502  -0.444189 0.000339 -0.187736
5  0.000002 -0.000002 0.000003  0.907603 -0.008209 -0.068123
6  -0.000001 0.000002 -0.000001  1.058231 -0.185213 -0.130130
7  0.000006 -0.000002 -0.000005  0.000000 -0.000000 -0.954216
8  -0.000002 -0.000001 0.000000  0.113407 0.000000 -0.000000
9  0.000000 0.000001 -0.000001  0.226811 -0.000000 -0.000000
10  -0.000002 -0.000001 -0.000001  0.340273 -0.000000 -0.000000
11  -0.000001 -0.000002 -0.000001  0.453725 -0.000000 -0.000000
12  0.000000 -0.000003 0.000000  0.567158 -0.000000 0.000000
13  -0.000001 -0.000004 0.000002  0.680559 0.000000 0.000000
14  -0.000002 -0.000001 0.000001  0.794035 0.000000 0.000000
15  -0.000007 0.000004 -0.000001  0.843827 0.150824 -0.248001
16  -0.000003 -0.000001 0.000003  0.112834 0.141772 -0.139511
17  -0.000002 -0.000002 0.000005  -0.049204 -0.127037 -0.416571
18  -0.000002 -0.000000 -0.000001  0.115304 -0.021442 -1.115797
19  -0.000004 0.000000 0.000003  0.009921 0.159579 -0.686065
20  -0.000002 -0.000004 0.000003  -0.000000 0.000000 -0.479322
21  -0.000002 0.000001 -0.000003  -0.000000 -0.000000 -0.135361
22  -0.000007 -0.000000 0.000001  -0.148414 0.177041 -1.278264
23  0.000000 0.000001 0.000003  -0.000000 0.000000 -0.584282
24  -0.000003 0.000000 0.000000  -0.000000 -0.000000 -0.603495
25  -0.000003 0.000000 -0.000002  -0.038999 0.118786 -1.092259
26  0.000000 0.000003 0.000000  -0.000000 0.000000 -0.403439
27  -0.000002 0.000002 0.000001  -0.000000 -0.000000 -0.579567
28  -0.000006 0.000000 0.000001  -0.328187 0.185029 -1.179365
29  0.000000 -0.000002 0.000000  -0.000000 -0.000000 -0.671501
30  0.000003 0.000002 0.000000  0.000000 0.000000 -0.560169
31  -0.000010 -0.000001 -0.000002  0.582370 -0.000409 -0.000123
32  -0.000001 0.000001 0.000002  0.300730 -0.042102 0.370653
33  0.000003 -0.000004 -0.000002  -0.000000 -0.000000 0.288792
34  0.000001 -0.000003 -0.000001  -0.092810 -0.000000 0.000000
35  -0.000002 -0.000001 -0.000001  -0.185636 0.000000 -0.000000
36  -0.000002 0.000000 -0.000000  -0.278434 -0.000000 -0.000000
37  -0.000002 -0.000001 0.000000  -0.371281 -0.000000 0.000000
38  -0.000006 0.000001 -0.000001  -0.464125 -0.000000 -0.000000
39  -0.000007 0.000005 0.000002  -0.556930 -0.000000 -0.000000
40  -0.000005 0.000003 -0.000000  -0.649756 -0.000000 -0.000000
41  -0.000007 0.000004 -0.000002  -0.663227 -0.140203 -0.010535
42  1.410069 0.800536 2.089140  -2.043617 -0.463615 0.665928
43  3.954714 0.000008 -0.000004  0.000001 0.000000 0.689326
44  3.101570 -0.000007 0.000000  0.000000 -0.000000 0.638253
45  -0.000004 -0.000001 -0.000003  0.013176 0.083204 0.031767
46  0.000000 0.000001 -0.000002  -0.000000 -0.000000 -0.585238
47  -0.000008 -0.000001 0.000000  -0.000000 0.000000 -1.083439
48  7.145101 -0.676338 1.382428  0.062090 0.270328 0.703671
49  3.672219 0.000001 0.000000  0.000000 -0.000001 1.498259
50  2.676526 -0.000001 -0.000001  0.000000 -0.000001 1.006829
51  6.831184 -0.870862 -0.599919  0.231922 0.205741 0.934461
52  3.657085 0.000011 -0.000002  -0.000001 -0.000000 1.453593
53  2.496792 -0.000001 0.000003  0.000001 -0.000001 0.750510
54  6.164474 -0.898147 -2.575016  0.332711 0.188105 0.821957
55  2.805846 0.000000 -0.000001  -0.000002 0.000001 0.963491
56  2.307451 0.000003 -0.000001  0.000001 -0.000001 0.990594
57  0.000000 0.000000 -0.000000  -0.023687 0.054850 -0.013168
58  0.000000 0.000000 0.000000  0.000000 -0.000000 -0.000000
59  0.723132 -7.927567 5.719847  -0.604115 0.792498 -0.477056
60  1.966002 19.841866 -11.715919  -0.702312 0.307042 0.017726
61  4.790020 -6.144045 5.945786  -0.604115 0.792497 -0.477055
62  0.660711 -9.405924 5.052880  0.000000 0.000000 0.000000
63  0.001270 4.285939 -0.189680  -0.000001 0.000000 0.000000
64  0.060210 10.324397 74.469048  0.000008 0.000000 0.000000
65  -0.002042 -3.169755 2.277848  1.570797 0.000000 -1.570796
66  8.769395 -2.675094 -2.292491  0.000000 0.000000 0.000000
67  -1.584224 -9.364033 -0.000003  0.000000 -0.000000 0.000000
68  10.555296 -5.113575 -0.000003  -1.570797 1.570795 0.000000
69  6.464088 -5.113575 -0.000004  -1.570795 1.570796 0.000000
70  7.053374 -1.968535 2.001231  -1.570796 1.570796 0.000000
71  26.793739 -5.113573 0.000002  0.000000 -0.000000 0.000000
72  -2.662413 1.445765 40.667957  -0.000000 3.141592 1.570797
73  8.352064 2.772892 0.000546  -3.141589 0.000002 -0.000000
74  0.001265 21.193821 -3.302073  0.000000 0.000000 0.000000
75  0.059870 -33.068932 1.081966  1.570797 0.000000 -1.570796
76  0.064638 27.351307 72.195198  0.000000 -0.000000 -0.000001
77  0.000000 -0.000002 -0.000001  0.000000 -0.000000 0.000000
78  -0.000001 0.000003 -0.000001  0.000000 -0.000000 0.000000
79  1.907177 17.681805 0.736565  0.000001 0.000000 0.000000
80  0.059881 2.255348 54.398006  0.000000 0.000000 0.000000
81  0.003501 -22.270639 0.000157  1.570797 0.000000 -1.570796
82  0.000020 1.724013 -0.208864  0.000001 0.000000 0.000000
83  9.175117 34.897110 -0.956792  -0.428170 -0.611563 0.188881
84  -2.307079 11.683284 -6.602220  -0.008091 -0.065405 -1.488515
85  -2.662415 1.445768 33.628742  -0.000000 3.141592 1.570797
86  8.352064 2.772895 0.000545  -3.141589 0.000002 -0.000000
87  0.006416 -45.818314 0.735914  1.570797 0.000000 -1.570796
88  -0.108382 16.549219 -6.332980  -0.000001 0.000000 0.000001
89  -0.152045 -0.178989 6.405252  -0.000000 -0.000001 0.000000
90  0.326862 -0.178989 5.798759  -0.000000 -0.000001 0.000000
91  0.000000 -0.000002 3.169724  0.000000 -0.000000 -1.570797
92  -0.000000 -0.000000 -0.000001  0.000000 -0.000000 0.000000
93  0.000001 9.969377 -0.000000  -0.000000 0.000000 0.000000
94  22.846479 98.319504 -39.725765  0.000000 -0.000000 0.000000
95  0.000003 -10.070926 -2.318773  0.000000 0.000000 0.000000
96  -0.000001 0.000003 -1.529050  -0.000000 -0.000000 -0.000000
97  -0.078942 -0.000002 -0.000000  0.000000 0.000001 1.570796
98  0.097092 -0.000002 -0.000001  -0.000000 -3.141592 1.570796
99  0.000005 -13.006136 -2.049218  0.000000 0.000000 0.000000
100  -0.000000 0.000001 -0.000000  -0.000000 -0.000000 -0.000000
101  1.754237 4.036760 -1.682667  0.392575 -0.010118 -1.546365
102  -1.755139 4.036759 -1.682667  -0.404674 0.245240 -1.741923
103  0.000000 0.000002 -0.000000  -0.000000 -0.000000 -0.000000
104  -11.350048 -0.729411 0.864871  0.000197 -0.025368 0.026438
105  0.000001 -0.000003 0.000001  -0.000000 -0.000000 -0.000000
106  -11.344169 1.135887 0.869270  0.000000 -0.025020 -0.026323
107  0.000003 -3.002981 4.619920  1.570796 -0.000000 1.570797
time 2
0  0 0 0  0 0 0
1  0.000000 0.000000 0.000000  0.000000 -0.000000 -0.000000
2  -0.000005 0.000023 -61.375507  0.000000 0.000000 -1.570795
3  -0.012814 0.000000 8.236240  -1.570819 -1.475889 0.000019
4  16.160965 -0.011392 0.005502  -0.444189 0.000339 -0.187736
5  0.000002 -0.000002 0.000003  0.863162 -0.010365 -0.062438
6  -0.000003 -0.000000 -0.000002  1.162721 -0.166519 -0.067485
7  0.000001 -0.000001 -0.000004  0.000000 -0.000000 -0.920692
8  0.000000 -0.000000 0.000000  0.127042 0.000000 -0.000000
9  0.000002 0.000002 -0.000001  0.254170 -0.000000 -0.000000
10  0.000001 -0.000002 -0.000001  0.381222 -0.000000 0.000000
11  0.000001 -0.000001 -0.000001  0.508340 -0.000000 0.000000
12  0.000003 -0.000003 0.000001  0.635411 -0.000000 0.000000
13  0.000001 -0.000001 0.000002  0.762501 0.000000 0.000000
14  -0.000001 -0.000004 0.000003  0.889607 0.000000 0.000000
15  -0.000001 0.000005 -0.000001  0.935718 0.218020 -0.346487
16  -0.000001 -0.000000 0.000003  0.075709 0.165892 -0.186456
17  -0.000001 -0.000003 0.000002  -0.056151 -0.120238 -0.386483
18  -0.000000 0.000003 -0.000001  0.112160 -0.018825 -1.135214
19  -0.000002 0.000001 0.000003  -0.035779 0.156491 -0.591205
20  0.000001 0.000002 -0.000002  -0.000000 0.000000 -0.334019
21  -0.000001 -0.000001 -0.000004  -0.000000 -0.000000 -0.009827
22  -0.000005 0.000001 0.000001  -0.192018 0.140685 -1.224890
23  -0.000001 -0.000002 -0.000001  -0.000000 0.000000 -0.466764
24  -0.000002 -0.000001 -0.000002  -0.000000 -0.000000 -0.505377
25  -0.000003 -0.000001 0.000002  -0.081031 0.099125 -0.989956
26  -0.000000 0.000000 0.000003  -0.000000 0.000000 -0.290828
27  -0.000001 0.000002 -0.000002  -0.000000 -0.000000 -0.447525
28  -0.000004 0.000001 0.000002  -0.412238 0.119861 -1.102267
29  -0.000000 -0.000003 -0.000002  0.000000 -0.000000 -0.591106
30  -0.000004 0.000001 0.000000  0.000000 0.000000 -0.479887
31  -0.000010 -0.000001 -0.000002  0.582370 -0.000409 -0.000122
32  -0.000005 0.000001 0.000001  0.300730 -0.042102 0.370654
33  0.000003 -0.000003 -0.000001  0.000000 -0.000000 0.288792
34  -0.000001 0.000001 -0.000001  -0.092810 -0.000000 0.000000
35  -0.000003 0.000003 -0.000001  -0.185636 0.000000 -0.000000
36  -0.000006 0.000006 -0.000000  -0.278434 -0.000000 -0.000000
37  -0.000003 0.000003 0.000000  -0.371281 -0.000000 0.000000
38  -0.000003 0.000003 -0.000000  -0.464120 -0.000000 -0.000000
39  -0.000006 0.000007 0.000002  -0.556930 -0.000000 -0.000000
40  -0.000009 0.000009 -0.000000  -0.649756 -0.000000 -0.000000
41  -0.000010 0.000008 0.000000  -0.663227 -0.140203 -0.010535
42  1.410073 0.800533 2.089141  -2.043617 -0.463615 0.665928
43  3.954715 0.000005 -0.000007  0.000001 0.000000 0.689326
44  3.101569 -0.000004 -0.000000  0.000000 -0.000000 0.638253
45  0.000001 -0.000002 -0.000001  0.013176 0.083204 0.031767
46  -0.000001 0.000001 -0.000000  -0.000000 -0.000000 -0.585238
47  -0.000007 -0.000000 -0.000000  0.000000 0.000000 -1.083439
48  7.145105 -0.676340 1.382429  0.062090 0.270328 0.703671
49  3.672220 0.000000 0.000001  0.000000 -0.000001 1.498259
50  2.676528 0.000001 -0.000001  0.000000 -0.000001 1.006829
51  6.831190 -0.870865 -0.599918  0.231922 0.205741 0.934461
52  3.657085 0.000009 -0.000002  -0.000001 -0.000000 1.453593
53  2.496789 -0.000002 0.000002  0.000001 -0.000001 0.750510
54  6.164481 -0.898149 -2.575016  0.332711 0.188105 0.821957
55  2.805846 -0.000001 -0.000001  -0.000002 0.000001 0.963491
56  2.307450 -0.000000 -0.000001  0.000001 -0.000001 0.990594
57  0.000000 0.000000 -0.000000  -0.023687 0.054850 -0.013168
58  0.000000 0.000000 0.000000  0.000000 -0.000000 -0.000000
59  0.723132 -7.927567 5.719847  -0.604115 0.792498 -0.477056
60  0.789282 19.716644 -12.417436  -0.758747 0.379615 0.002109
61  4.790020 -6.144045 5.945786  -0.604115 0.792497 -0.477055
62  0.660710 -9.405924 5.052880  0.000000 0.000000 0.000000
63  0.001270 4.285939 -0.189680  -0.000001 -0.000000 0.000000
64  0.060210 10.324398 74.469055  0.000008 -0.000000 0.000000
65  -0.002043 -3.169755 2.277849  1.570797 0.000000 -1.570796
66  8.769396 -2.675094 -2.292491  0.000000 0.000000 -0.000000
67  -1.584223 -9.364033 -0.000004  -0.000000 -0.000000 0.000000
68  10.555297 -5.113575 -0.000004  -1.570797 1.570795 0.000000
69  6.464089 -5.113575 -0.000005  -1.570795 1.570796 0.000000
70  7.053375 -1.968535 2.001230  -1.570796 1.570796 0.000000
71  26.793739 -5.113574 0.000002  0.000000 -0.000000 -0.000000
72  -2.662414 1.445766 40.667957  0.000000 3.141592 1.570797
73  8.352066 2.772890 0.000542  -3.141589 0.000002 -0.000000
74  0.001266 21.193819 -3.302072  0.000000 -0.000000 0.000000
75  0.059868 -33.068928 1.081968  1.570797 0.000000 -1.570796
76  0.064640 27.351303 72.195198  0.000000 -0.000000 -0.000001
77  -0.000000 -0.000002 -0.000000  0.000000 -0.000000 0.000000
78  -0.000000 0.000001 -0.000001  0.000000 -0.000000 0.000000
79  1.907178 17.681803 0.736566  0.000001 -0.000000 0.000000
80  0.059880 2.255349 54.398010  0.000000 -0.000000 0.000000
81  0.003505 -22.270641 0.000155  1.570797 -0.000000 -1.570796
82  0.000020 1.724013 -0.208863  0.000001 -0.000000 0.000000
83  8.971622 35.078472 -2.311533  -0.482918 -0.537702 0.195482
84  -2.307079 11.683283 -6.602219  -0.008091 -0.065405 -1.488515
85  -2.662415 1.445769 33.628742  0.000000 3.141592 1.570797
86  8.352066 2.772893 0.000547  -3.141589 0.000002 -0.000000
87  0.006414 -45.818310 0.735914  1.570797 0.000000 -1.570796
88  -0.108382 16.549217 -6.332979  -0.000001 -0.000000 0.000001
89  -0.152045 -0.178990 6.405252  -0.000000 -0.000001 -0.000000
90  0.326862 -0.178990 5.798760  -0.000000 -0.000001 -0.000000
91  0.000001 -0.000003 3.169725  0.000000 -0.000000 -1.570797
92  -0.000001 0.000001 -0.000000  0.000000 -0.000000 0.000000
93  0.000000 9.969378 0.000001  0.000000 -0.000000 0.000000
94  22.846481 98.319496 -39.725765  0.000000 -0.000000 0.000000
95  0.000003 -10.070925 -2.318772  0.000000 -0.000000 0.000000
96  -0.000001 -0.000002 -1.529051  -0.000000 -0.000000 -0.000000
97  -0.078942 -0.000003 0.000000  0.000000 0.000001 1.570796
98  0.097093 -0.000003 -0.000001  -0.000000 -3.141592 1.570796
99  0.000004 -13.006134 -2.049217  0.000000 -0.000000 0.000000
100  -0.000000 0.000000 -0.000000  -0.000000 -0.000000 -0.000000
101  1.754237 4.036757 -1.682666  0.392575 -0.010118 -1.546365
102  -1.755139 4.036757 -1.682666  -0.404674 0.245240 -1.741923
103  0.000000 -0.000000 0.000000  -0.000000 0.000000 -0.000000
104  -11.350048 -0.729414 0.864872  0.000197 -0.025368 0.026438
105  0.000000 -0.000005 0.000002  -0.000000 0.000000 -0.000000
106  -11.344169 1.135887 0.869270  -0.000000 -0.025019 -0.026323
107  0.000002 -3.002980 4.619920  1.570796 -0.000000 1.570797
time 3
0  0 0 0  0 0 0
1  0.000000 0.000000 0.000000  0.000000 -0.000000 -0.000000
2  -0.000005 0.000023 -61.375507  0.000000 0.000000 -1.570795
3  -0.012814 0.000000 8.236240  -1.570819 -1.475889 0.000019
4  16.160965 -0.011392 0.005502  -0.444189 0.000339 -0.187736
5  0.000002 -0.000002 0.000003  0.821945 -0.012309 -0.059169
6  -0.000001 -0.000000 -0.000001  1.258265 -0.149650 -0.003587
7  0.000005 -0.000002 -0.000005  0.000000 -0.000000 -0.887444
8  0.000000 0.000001 0.000000  0.139155 0.000000 -0.000000
9  0.000000 0.000000 0.000000  0.278372 -0.000000 -0.000000
10  0.000001 -0.000000 -0.000001  0.417591 -0.000000 0.000000
11  0.000000 0.000000 -0.000001  0.556803 -0.000000 -0.000000
12  0.000003 -0.000002 0.000001  0.695990 -0.000000 0.000000
13  0.000001 0.000000 0.000001  0.835184 0.000000 -0.000000
14  0.000000 0.000001 0.000001  0.974401 0.000000 -0.000000
15  -0.000004 0.000006 -0.000001  1.015644 0.286687 -0.427229
16  0.000003 0.000000 0.000004  0.037640 0.188225 -0.233942
17  0.000001 0.000001 0.000001  -0.062714 -0.113493 -0.356813
18  -0.000001 -0.000002 -0.000001  0.109203 -0.016005 -1.157094
19  0.000002 0.000001 0.000004  -0.082013 0.156879 -0.497032
20  0.000000 0.000004 0.000001  -0.000000 0.000000 -0.190541
21  -0.000001 -0.000002 0.000003  -0.000000 -0.000000 0.113285
22  -0.000003 -0.000001 0.000006  -0.237307 0.106919 -1.170645
23  -0.000001 -0.000000 0.000001  -0.000000 0.000000 -0.350496
24  0.000000 -0.000002 0.000000  -0.000000 -0.000000 -0.409172
25  0.000001 0.000000 0.000003  -0.124468 0.083111 -0.887161
26  -0.000000 -0.000005 0.000001  -0.000000 0.000000 -0.179262
27  -0.000001 0.000001 -0.000007  -0.000000 -0.000000 -0.315897
28  -0.000002 -0.000000 0.000006  -0.488650 0.068393 -1.027872
29  -0.000000 0.000004 -0.000000  0.000000 -0.000000 -0.512440
30  0.000001 -0.000002 -0.000002  0.000000 0.000000 -0.401196
31  -0.000010 -0.000001 -0.000002  0.582370 -0.000409 -0.000123
32  -0.000001 0.000001 0.000002  0.300730 -0.042102 0.370653
33  0.000003 -0.000004 -0.000002  -0.000000 -0.000000 0.288792
34  0.000001 -0.000003 -0.000001  -0.092810 -0.000000 0.000000
35  -0.000002 -0.000001 -0.000001  -0.185636 0.000000 -0.000000
36  -0.000002 0.000000 -0.000000  -0.278434 -0.000000 -0.000000
37  -0.000002 -0.000001 0.000000  -0.371281 -0.000000 0.000000
38  -0.000006 0.000001 -0.000001  -0.464115 -0.000000 -0.000000
39  -0.000007 0.000005 0.000002  -0.556930 -0.000000 -0.000000
40  -0.000005 0.000003 -0.000000  -0.649756 -0.000000 -0.000000
41  -0.000007 0.000004 -0.000002  -0.663227 -0.140203 -0.010535
42  1.410069 0.800536 2.089140  -2.043617 -0.463615 0.665928
43  3.954714 0.000008 -0.000004  0.000001 0.000000 0.689326
44  3.101570 -0.000007 0.000000  0.000000 -0.000000 0.638253
45  -0.000004 -0.000001 -0.000003  0.013176 0.083204 0.031767
46  0.000000 0.000001 -0.000001  -0.000000 -0.000000 -0.585238
47  -0.000008 -0.000001 0.000000  0.000000 0.000000 -1.083440
48  7.145101 -0.676338 1.382428  0.062090 0.270328 0.703671
49  3.672219 0.000001 0.000000  0.000000 -0.000001 1.498259
50  2.676526 -0.000001 -0.000001  0.000000 -0.000001 1.006829
51  6.831184 -0.870862 -0.599919  0.231922 0.205741 0.934461
52  3.657085 0.000011 -0.000002  -0.000001 -0.000000 1.453593
53  2.496792 -0.000001 0.000003  0.000001 -0.000001 0.750510
54  6.164474 -0.898147 -2.575016  0.332711 0.188105 0.821957
55  2.805846 0.000000 -0.000001  -0.000002 0.000001 0.963491
56  2.307451 0.000003 -0.000001  0.000001 -0.000001 0.990594
57  0.000000 0.000000 -0.000000  -0.023687 0.054850 -0.013168
58  0.000000 0.000000 0.000000  0.000000 -0.000000 -0.000000
59  0.723132 -7.927567 5.719847  -0.604115 0.792498 -0.477056
60  -0.342179 19.654026 -12.903104  -0.802516 0.445408 -0.000589
61  4.790020 -6.144045 5.945786  -0.604115 0.792497 -0.477055
62  0.660711 -9.405922 5.052880  0.000000 0.000000 0.000000
63  0.001271 4.285938 -0.189680  -0.000001 -0.000000 0.000000
64  0.060210 10.324395 74.469048  0.000008 -0.000000 0.000000
65  -0.002042 -3.169755 2.277848  1.570797 0.000000 -1.570796
66  8.769393 -2.675095 -2.292492  0.000000 0.000000 -0.000000
67  -1.584225 -9.364035 -0.000003  -0.000000 -0.000000 0.000000
68  10.555296 -5.113576 -0.000004  -1.570797 1.570795 0.000000
69  6.464087 -5.113577 -0.000006  -1.570795 1.570796 0.000000
70  7.053373 -1.968536 2.001230  -1.570796 1.570796 0.000000
71  26.793737 -5.113576 -0.000001  0.000000 -0.000000 -0.000000
72  -2.662409 1.445766 40.667957  0.000000 3.141592 1.570797
73  8.352066 2.772893 0.000541  -3.141589 0.000002 -0.000000
74  0.001265 21.193817 -3.302073  0.000000 -0.000000 0.000000
75  0.059869 -33.068932 1.081968  1.570797 0.000000 -1.570796
76  0.064643 27.351305 72.195198  0.000000 -0.000000 -0.000001
77  0.000001 -0.000004 -0.000001  -0.000000 -0.000000 0.000000
78  0.000000 0.000000 -0.000001  -0.000000 -0.000000 0.000000
79  1.907177 17.681803 0.736566  0.000001 -0.000000 0.000000
80  0.059879 2.255346 54.398006  0.000000 -0.000000 0.000000
81  0.003502 -22.270639 0.000149  1.570797 -0.000000 -1.570796
82  0.000021 1.724012 -0.208864  0.000001 -0.000000 0.000000
83  8.640946 35.151020 -3.491268  -0.534124 -0.473677 0.212971
84  -2.307079 11.683282 -6.602219  -0.008091 -0.065405 -1.488515
85  -2.662414 1.445768 33.628738  0.000000 3.141592 1.570797
86  8.352066 2.772894 0.000543  -3.141589 0.000002 -0.000000
87  0.006416 -45.818314 0.735914  1.570797 -0.000000 -1.570796
88  -0.108381 16.549217 -6.332980  -0.000001 -0.000000 0.000001
89  -0.152044 -0.178990 6.405252  -0.000000 -0.000001 -0.000000
90  0.326862 -0.178990 5.798759  -0.000000 -0.000001 -0.000000
91  0.000001 -0.000003 3.169724  0.000000 -0.000000 -1.570797
92  -0.000000 0.000001 -0.000000  -0.000000 -0.000000 0.000000
93  0.000001 9.969377 0.000000  0.000000 -0.000000 0.000000
94  22.846474 98.319496 -39.725758  -0.000000 -0.000000 0.000000
95  0.000004 -10.070926 -2.318773  0.000000 -0.000000 0.000000
96  0.000000 0.000002 -1.529050  -0.000000 0.000000 -0.000000
97  -0.078941 0.000002 0.000000  0.000000 0.000001 1.570796
98  0.097092 0.000002 -0.000000  -0.000000 -3.141592 1.570796
99  0.000005 -13.006136 -2.049217  0.000000 -0.000000 0.000000
100  -0.000001 0.000001 -0.000000  -0.000000 0.000000 -0.000000
101  1.754236 4.036761 -1.682666  0.392575 -0.010118 -1.546365
102  -1.755138 4.036760 -1.682667  -0.404674 0.245240 -1.741923
103  0.000000 0.000002 0.000000  -0.000000 0.000000 -0.000000
104  -11.350050 -0.729410 0.864873  0.000197 -0.025367 0.026438
105  -0.000000 -0.000001 0.000002  -0.000000 0.000000 -0.000000
106  -11.344169 1.135889 0.869271  -0.000000 -0.025019 -0.026323
107  0.000003 -3.002981 4.619920  1.570796 -0.000000 1.570797
time 4
0  0 0 0  0 0 0
1  0.000000 0.000000 0.000000  0.000000 -0.000000 -0.000000
2  -0.000005 0.000023 -61.375507  0.000000 0.000000 -1.570795
3  -0.012814 0.000000 8.236240  -1.570819 -1.475889 0.000019
4  16.160965 -0.011392 0.005502  -0.444189 0.000339 -0.187736
5  0.000002 -0.000002 0.000003  0.788271 -0.015817 -0.065158
6  0.000001 0.000000 -0.000000  1.342328 -0.140587 0.054569
7  0.000003 -0.000003 -0.000004  0.000000 -0.000000 -0.864864
8  0.000002 0.000002 -0.000000  0.149925 0.000000 -0.000000
9  0.000002 0.000002 -0.000000  0.299899 -0.000000 -0.000000
10  0.000003 0.000001 -0.000001  0.449905 -0.000000 -0.000000
11  0.000003 0.000002 -0.000001  0.599853 -0.000000 -0.000000
12  0.000004 -0.000001 0.000000  0.749826 -0.000000 0.000000
13  0.000005 0.000003 0.000001  0.899761 0.000000 0.000000
14  0.000003 0.000002 0.000001  1.049771 0.000000 -0.000000
15  -0.000002 0.000007 -0.000001  1.086742 0.348502 -0.473807
16  -0.000001 0.000000 -0.000001  0.005140 0.205291 -0.276105
17  -0.000002 -0.000002 0.000001  -0.068350 -0.107251 -0.331155
18  -0.000001 0.000004 0.000003  0.106626 -0.013302 -1.179608
19  -0.000005 -0.000000 0.000003  -0.126008 0.159860 -0.408591
20  -0.000002 -0.000003 0.000001  -0.000000 0.000000 -0.065321
21  -0.000001 0.000000 0.000003  -0.000000 -0.000000 0.218336
22  -0.000007 -0.000000 0.000001  -0.282450 0.078283 -1.119638
23  -0.000002 0.000001 -0.000002  -0.000000 0.000000 -0.248511
24  -0.000002 -0.000001 0.000003  -0.000000 0.000000 -0.326965
25  -0.000003 -0.000000 -0.000002  -0.166675 0.071274 -0.790227
26  -0.000001 -0.000004 0.000005  -0.000000 0.000000 -0.082057
27  -0.000001 0.000001 -0.000002  -0.000000 -0.000000 -0.198881
28  -0.000005 0.000003 -0.000002  -0.545338 0.035520 -0.967862
29  0.000000 -0.000000 0.000003  -0.000000 -0.000000 -0.445272
30  -0.000001 -0.000002 -0.000000  0.000000 0.000000 -0.334020
31  -0.000010 -0.000001 -0.000002  0.582370 -0.000409 -0.000123
32  -0.000001 0.000001 0.000002  0.300730 -0.042102 0.370653
33  0.000003 -0.000004 -0.000002  -0.000000 -0.000000 0.288792
34  0.000003 0.000000 -0.000002  -0.092810 -0.000000 0.000000
35  -0.000000 0.000002 -0.000001  -0.185636 0.000000 -0.000000
36  -0.000003 0.000006 -0.000001  -0.278434 -0.000000 -0.000000
37  -0.000004 0.000005 -0.000000  -0.371281 -0.000000 0.000000
38  -0.000004 0.000005 -0.000001  -0.464111 -0.000000 -0.000000
39  -0.000003 0.000007 0.000001  -0.556930 -0.000000 -0.000000
40  -0.000002 0.000007 -0.000001  -0.649756 -0.000000 -0.000000
41  -0.000005 0.000008 -0.000001  -0.663227 -0.140203 -0.010535
42  1.410072 0.800535 2.089142  -2.043617 -0.463615 0.665928
43  3.954714 0.000008 -0.000006  0.000001 0.000000 0.689326
44  3.101569 -0.000006 -0.000000  0.000000 -0.000000 0.638253
45  0.000003 -0.000002 -0.000001  0.013176 0.083204 0.031767
46  -0.000005 0.000001 0.000001  0.000000 -0.000000 -0.585238
47  -0.000004 -0.000000 0.000001  -0.000000 0.000000 -1.083439
48  7.145106 -0.676339 1.382429  0.062090 0.270328 0.703671
49  3.672220 -0.000001 0.000001  0.000000 -0.000001 1.498259
50  2.676529 0.000002 0.000000  0.000000 -0.000001 1.006829
51  6.831190 -0.870864 -0.599918  0.231922 0.205741 0.934461
52  3.657085 0.000012 -0.000002  -0.000001 -0.000000 1.453593
53  2.496793 -0.000001 0.000003  0.000001 -0.000001 0.750510
54  6.164479 -0.898148 -2.575016  0.332711 0.188105 0.821957
55  2.805848 -0.000001 -0.000001  -0.000002 0.000001 0.963491
56  2.307451 0.000003 -0.000001  0.000001 -0.000001 0.990594
57  0.000000 0.000000 -0.000000  -0.023687 0.054850 -0.013168
58  0.000000 0.000000 0.000000  0.000000 -0.000000 -0.000000
59  0.723132 -7.927567 5.719847  -0.604115 0.792498 -0.477056
60  -1.360495 19.685333 -13.078483  -0.827966 0.500887 0.012002
61  4.790020 -6.144045 5.945786  -0.604116 0.792498 -0.477056
62  0.660710 -9.405922 5.052881  -0.000000 0.000000 0.000000
63  0.001271 4.285938 -0.189679  -0.000001 -0.000000 0.000000
64  0.060217 10.324393 74.469048  0.000008 -0.000000 0.000000
65  -0.002042 -3.169755 2.277849  1.570797 0.000000 -1.570796
66  8.769394 -2.675095 -2.292491  0.000000 0.000000 0.000000
67  -1.584225 -9.364035 -0.000003  0.000000 -0.000000 0.000000
68  10.555298 -5.113577 -0.000004  -1.570797 1.570795 0.000000
69  6.464089 -5.113576 -0.000004  -1.570795 1.570796 0.000000
70  7.053374 -1.968536 2.001231  -1.570796 1.570796 0.000000
71  26.793741 -5.113576 0.000000  0.000000 -0.000000 0.000000
72  -2.662410 1.445765 40.667961  0.000000 3.141592 1.570797
73  8.352067 2.772894 0.000538  -3.141589 0.000002 0.000000
74  0.001265 21.193819 -3.302071  0.000000 -0.000000 0.000000
75  0.059868 -33.068932 1.081968  1.570797 0.000000 -1.570796
76  0.064643 27.351301 72.195198  0.000000 -0.000000 -0.000001
77  0.000000 -0.000004 0.000000  -0.000000 -0.000000 0.000000
78  -0.000000 0.000002 0.000000  -0.000000 -0.000000 0.000000
79  1.907178 17.681803 0.736566  0.000001 -0.000000 0.000000
80  0.059885 2.255347 54.398010  0.000000 -0.000000 0.000000
81  0.003500 -22.270643 0.000162  1.570797 -0.000000 -1.570796
82  0.000021 1.724012 -0.208862  0.000001 -0.000000 0.000000
83  8.132215 35.223564 -4.379305  -0.577361 -0.422903 0.240730
84  -2.307078 11.683282 -6.602218  -0.008091 -0.065405 -1.488515
85  -2.662409 1.445768 33.628742  0.000000 3.141592 1.570797
86  8.352067 2.772896 0.000546  -3.141589 0.000002 0.000000
87  0.006415 -45.818310 0.735916  1.570797 -0.000000 -1.570796
88  -0.108381 16.549217 -6.332979  -0.000001 -0.000000 0.000001
89  -0.152044 -0.178990 6.405252  -0.000000 -0.000001 -0.000000
90  0.326862 -0.178990 5.798760  -0.000000 -0.000001 -0.000000
91  0.000001 -0.000003 3.169724  -0.000000 -0.000000 -1.570797
92  -0.000001 -0.000001 0.000001  -0.000000 -0.000000 0.000000
93  0.000002 9.969375 0.000001  0.000000 -0.000000 0.000000
94  22.846476 98.319489 -39.725758  -0.000000 -0.000000 0.000000
95  0.000003 -10.070926 -2.318771  0.000000 -0.000000 0.000000
96  0.000000 -0.000000 -1.529050  -0.000000 0.000000 0.000000
97  -0.078942 0.000002 0.000000  -0.000000 0.000001 1.570796
98  0.097092 0.000002 -0.000001  0.000000 -3.141592 1.570796
99  0.000004 -13.006137 -2.049216  0.000000 -0.000000 0.000000
100  0.000001 -0.000002 0.000000  -0.000000 0.000000 0.000000
101  1.754236 4.036757 -1.682666  0.392575 -0.010118 -1.546365
102  -1.755140 4.036757 -1.682666  -0.404674 0.245240 -1.741923
103  -0.000001 -0.000001 -0.000000  -0.000000 -0.000000 0.000000
104  -11.350048 -0.729413 0.864871  0.000197 -0.025368 0.026438
105  -0.000001 -0.000006 0.000001  -0.000000 -0.000000 0.000000
106  -11.344169 1.135885 0.869270  -0.000000 -0.025019 -0.026323
107  0.000003 -3.002981 4.619922  1.570796 -0.000000 1.570797
time 5
0  0 0 0  0 0 0
1  0.000000 0.000000 0.000000  0.000000 -0.000000 -0.000000
2  -0.000005 0.000023 -61.375507  0.000000 0.000000 -1.570795
3  -0.012814 0.000000 8.236240  -1.570819 -1.475889 0.000019
4  16.160965 -0.011392 0.005502  -0.444189 0.000339 -0.187736
5  0.000002 -0.000002 0.000003  0.765763 -0.022161 -0.083764
6  -0.000002 0.000000 -0.000001  1.418764 -0.127678 0.091344
7  -0.000006 -0.000001 -0.000005  0.000000 -0.000000 -0.862310
8  0.000002 0.000003 0.000000  0.158312 0.000000 -0.000000
9  0.000002 0.000002 -0.000000  0.316638 -0.000000 -0.000000
10  -0.000001 -0.000002 -0.000000  0.474924 -0.000000 -0.000000
11  0.000003 0.000001 -0.000001  0.633291 -0.000000 -0.000000
12  0.000004 -0.000000 0.000001  0.791587 -0.000000 0.000000
13  0.000007 0.000003 0.000001  0.949890 0.000000 0.000000
14  0.000002 0.000003 0.000001  1.108252 0.000000 -0.000000
15  -0.000001 0.000007 -0.000001  1.145854 0.390204 -0.470425
16  -0.000002 0.000001 0.000003  -0.023003 0.218870 -0.314269
17  -0.000001 -0.000005 0.000001  -0.073135 -0.101716 -0.308587
18  -0.000002 -0.000000 -0.000003  0.104625 -0.010238 -1.208093
19  -0.000004 0.000002 0.000003  -0.170845 0.163817 -0.322669
20  0.000001 -0.000001 0.000000  -0.000000 0.000001 0.046209
21  0.000001 0.000001 -0.000002  -0.000000 -0.000000 0.307926
22  -0.000007 0.000002 0.000001  -0.329311 0.053478 -1.070101
23  -0.000001 0.000001 -0.000001  -0.000000 0.000000 -0.156659
24  -0.000002 -0.000000 -0.000002  -0.000000 -0.000000 -0.256694
25  -0.000003 0.000002 -0.000002  -0.208889 0.061317 -0.694265
26  -0.000001 -0.000004 0.000004  -0.000000 0.000000 0.005066
27  -0.000001 -0.000001 0.000003  -0.000000 -0.000000 -0.090121
28  -0.000004 0.000004 -0.000002  -0.563425 0.025968 -0.934092
29  -0.000001 0.000002 0.000002  -0.000000 -0.000000 -0.388187
30  -0.000000 -0.000002 -0.000001  0.000000 0.000000 -0.276955
31  -0.000010 -0.000001 -0.000002  0.582370 -0.000409 -0.000123
32  -0.000001 0.000001 0.000002  0.300730 -0.042102 0.370653
33  0.000003 -0.000004 -0.000002  -0.000000 -0.000000 0.288792
34  0.000001 -0.000003 -0.000001  -0.092810 -0.000000 0.000000
35  -0.000002 -0.000001 -0.000001  -0.185636 0.000000 -0.000000
36  -0.000002 0.000000 -0.000000  -0.278434 -0.000000 -0.000000
37  -0.000002 -0.000001 0.000000  -0.371281 -0.000000 0.000000
38  -0.000006 0.000001 -0.000001  -0.464106 -0.000000 -0.000000
39  -0.000007 0.000005 0.000002  -0.556930 -0.000000 -0.000000
40  -0.000005 0.000003 -0.000000  -0.649756 -0.000000 -0.000000
41  -0.000007 0.000004 -0.000002  -0.663227 -0.140203 -0.010535
42  1.410070 0.800534 2.089139  -2.043617 -0.463615 0.665928
43  3.954714 0.000007 -0.000005  0.000001 0.000000 0.689326
44  3.101571 -0.000006 -0.000001  0.000000 -0.000000 0.638253
45  -0.000002 -0.000002 -0.000003  0.013176 0.083204 0.031767
46  -0.000002 -0.000000 0.000001  -0.000000 -0.000000 -0.585238
47  -0.000004 -0.000001 -0.000000  0.000000 0.000000 -1.083439
48  7.145102 -0.676339 1.382427  0.062090 0.270328 0.703671
49  3.672221 -0.000002 0.000003  0.000000 -0.000001 1.498259
50  2.676530 0.000002 0.000000  0.000000 -0.000001 1.006829
51  6.831186 -0.870864 -0.599919  0.231922 0.205741 0.934461
52  3.657086 0.000011 -0.000002  -0.000001 -0.000000 1.453593
53  2.496788 -0.000004 0.000003  0.000001 -0.000001 0.750510
54  6.164477 -0.898148 -2.575017  0.332711 0.188105 0.821957
55  2.805848 -0.000001 -0.000001  -0.000002 0.000001 0.963491
56  2.307448 0.000007 -0.000001  0.000001 -0.000001 0.990594
57  0.000000 0.000000 -0.000000  -0.023687 0.054850 -0.013168
58  0.000000 0.000000 0.000000  0.000000 -0.000000 -0.000000
59  0.723132 -7.927567 5.719847  -0.604115 0.792497 -0.477056
60  -2.401438 19.998402 -12.457908  -0.836156 0.553782 0.020236
61  4.790020 -6.144045 5.945786  -0.604115 0.792498 -0.477056
62  0.660710 -9.405923 5.052881  -0.000000 0.000000 -0.000000
63  0.001270 4.285938 -0.189680  -0.000001 0.000000 0.000000
64  0.060212 10.324397 74.469048  0.000008 0.000000 0.000000
65  -0.002042 -3.169755 2.277849  1.570797 0.000000 -1.570796
66  8.769395 -2.675094 -2.292492  0.000000 0.000000 0.000000
67  -1.584224 -9.364035 -0.000004  -0.000000 -0.000000 0.000000
68  10.555299 -5.113577 -0.000005  -1.570797 1.570795 0.000000
69  6.464090 -5.113576 -0.000006  -1.570795 1.570796 0.000000
70  7.053375 -1.968536 2.001230  -1.570796 1.570796 0.000000
71  26.793743 -5.113576 -0.000003  0.000000 -0.000000 -0.000000
72  -2.662413 1.445766 40.667957  -0.000000 3.141592 1.570797
73  8.352065 2.772897 0.000548  -3.141589 0.000002 -0.000000
74  0.001265 21.193821 -3.302072  0.000000 0.000000 0.000000
75  0.059869 -33.068935 1.081967  1.570797 0.000000 -1.570796
76  0.064635 27.351309 72.195198  -0.000000 -0.000000 -0.000001
77  0.000001 -0.000004 -0.000001  -0.000000 0.000000 -0.000000
78  -0.000001 0.000002 -0.000000  -0.000000 0.000000 -0.000000
79  1.907177 17.681805 0.736566  0.000001 0.000000 0.000000
80  0.059880 2.255347 54.398010  -0.000000 0.000000 0.000000
81  0.003502 -22.270643 0.000147  1.570797 0.000000 -1.570796
82  0.000021 1.724012 -0.208863  0.000001 0.000000 0.000000
83  6.936692 35.296112 -4.755263  -0.598014 -0.373282 0.262095
84  -2.307079 11.683283 -6.602219  -0.008091 -0.065405 -1.488515
85  -2.662414 1.445768 33.628742  -0.000000 3.141592 1.570797
86  8.352065 2.772896 0.000545  -3.141589 0.000002 -0.000000
87  0.006415 -45.818317 0.735915  1.570797 -0.000000 -1.570796
88  -0.108381 16.549219 -6.332980  -0.000001 0.000000 0.000001
89  -0.152045 -0.178990 6.405252  -0.000000 -0.000001 -0.000000
90  0.326861 -0.178990 5.798759  -0.000000 -0.000001 -0.000000
91  0.000001 -0.000004 3.169724  0.000000 -0.000000 -1.570797
92  -0.000001 -0.000000 -0.000001  -0.000000 0.000000 -0.000000
93  0.000001 9.969377 0.000000  -0.000000 0.000000 0.000000
94  22.846474 98.319504 -39.725758  -0.000000 0.000000 -0.000000
95  0.000004 -10.070927 -2.318773  0.000000 0.000000 0.000000
96  -0.000001 -0.000001 -1.529051  -0.000000 -0.000000 0.000000
97  -0.078942 0.000001 -0.000000  -0.000000 0.000001 1.570796
98  0.097092 0.000001 -0.000001  0.000000 -3.141592 1.570796
99  0.000004 -13.006140 -2.049217  0.000000 0.000000 0.000000
100  -0.000001 -0.000002 0.000000  -0.000000 -0.000000 0.000000
101  1.754235 4.036757 -1.682666  0.392575 -0.010118 -1.546365
102  -1.755141 4.036757 -1.682666  -0.404674 0.245240 -1.741923
103  -0.000001 -0.000000 0.000000  0.000000 -0.000000 -0.000000
104  -11.350050 -0.729413 0.864871  0.000197 -0.025368 0.026438
105  -0.000002 -0.000005 0.000001  0.000000 -0.000000 -0.000000
106  -11.344170 1.135885 0.869268  0.000000 -0.025020 -0.026323
107  0.000002 -3.002982 4.619920  1.570796 -0.000000 1.570797
time 6
0  0 0 0  0 0 0
1  0.000000 0.000000 0.000000  0.000000 -0.000000 -0.000000
2  -0.000005 0.000023 -61.375507  0.000000 0.000000 -1.570795
3  -0.012814 0.000000 8.236240  -1.570819 -1.475889 0.000019
4  16.160965 -0.011392 0.005502  -0.444189 0.000339 -0.187736
5  0.000002 -0.000002 0.000003  0.752323 -0.030548 -0.109766
6  0.000003 -0.000001 0.000000  1.481401 -0.111500 0.117034
7  0.000004 -0.000002 -0.000004  0.000000 -0.000000 -0.869169
8  0.000003 -0.000001 0.000000  0.163946 0.000000 -0.000000
9  0.000003 -0.000001 0.000000  0.327893 0.000000 -0.000000
10  0.000002 -0.000003 -0.000000  0.491835 -0.000000 -0.000000
11  0.000004 -0.000001 -0.000001  0.655813 -0.000000 -0.000000
12  0.000006 -0.000004 0.000001  0.819785 0.000000 0.000000
13  0.000004 -0.000002 0.000002  0.983738 0.000000 0.000000
14  0.000001 -0.000002 0.000002  1.147686 0.000000 -0.000000
15  0.000003 0.000009 -0.000001  1.191310 0.409848 -0.429396
16  0.000002 0.000001 0.000002  -0.051299 0.231761 -0.352359
17  -0.000002 -0.000004 0.000003  -0.077389 -0.096669 -0.286531
18  -0.000002 -0.000001 -0.000000  0.103439 -0.006453 -1.244301
19  0.000000 0.000002 0.000002  -0.218100 0.169541 -0.236620
20  -0.000002 0.000001 0.000002  -0.000000 0.000001 0.155740
21  0.000000 -0.000001 0.000002  -0.000000 -0.000000 0.393102
22  -0.000003 0.000002 0.000000  -0.378839 0.031026 -1.019532
23  -0.000002 -0.000001 0.000003  -0.000000 0.000000 -0.065810
24  -0.000002 0.000001 0.000002  -0.000000 0.000000 -0.189866
25  -0.000000 0.000001 0.000001  -0.252320 0.053097 -0.595470
26  -0.000003 -0.000001 0.000007  -0.000000 0.000000 0.092015
27  -0.000000 0.000001 0.000001  -0.000000 -0.000000 0.020753
28  -0.000002 0.000002 0.000001  -0.546620 0.034027 -0.922114
29  -0.000000 0.000003 -0.000001  -0.000000 -0.000000 -0.334267
30  0.000001 0.000006 0.000002  0.000000 0.000000 -0.223064
31  -0.000010 -0.000001 -0.000002  0.582370 -0.000409 -0.000122
32  -0.000005 0.000001 0.000001  0.300730 -0.042102 0.370654
33  0.000003 -0.000003 -0.000001  0.000000 -0.000000 0.288792
34  -0.000001 0.000001 -0.000001  -0.092810 -0.000000 0.000000
35  -0.000003 0.000003 -0.000001  -0.185636 0.000000 -0.000000
36  -0.000006 0.000006 -0.000000  -0.278434 -0.000000 -0.000000
37  -0.000003 0.000003 0.000000  -0.371281 -0.000000 0.000000
38  -0.000003 0.000003 -0.000000  -0.464101 -0.000000 -0.000000
39  -0.000006 0.000007 0.000002  -0.556930 -0.000000 -0.000000
40  -0.000009 0.000009 -0.000000  -0.649756 -0.000000 -0.000000
41  -0.000010 0.000008 0.000000  -0.663227 -0.140203 -0.010535
42  1.410072 0.800535 2.089140  -2.043617 -0.463615 0.665928
43  3.954713 0.000002 -0.000005  0.000001 0.000000 0.689326
44  3.101571 -0.000006 0.000001  0.000000 -0.000000 0.638253
45  -0.000000 -0.000001 -0.000002  0.013176 0.083204 0.031767
46  0.000003 -0.000001 0.000000  -0.000000 -0.000000 -0.585238
47  -0.000003 -0.000000 0.000000  0.000000 0.000000 -1.083440
48  7.145104 -0.676339 1.382429  0.062090 0.270328 0.703671
49  3.672220 0.000001 0.000002  0.000000 -0.000001 1.498259
50  2.676526 0.000000 0.000000  0.000000 -0.000001 1.006829
51  6.831188 -0.870864 -0.599918  0.231922 0.205741 0.934461
52  3.657085 0.000011 -0.000002  -0.000001 -0.000000 1.453593
53  2.496792 -0.000001 0.000003  0.000001 -0.000001 0.750510
54  6.164477 -0.898147 -2.575016  0.332711 0.188105 0.821957
55  2.805847 0.000005 -0.000001  -0.000002 0.000001 0.963491
56  2.307449 0.000003 -0.000001  0.000001 -0.000001 0.990594
57  0.000000 0.000000 -0.000000  -0.023687 0.054850 -0.013168
58  0.000000 0.000000 0.000000  0.000000 -0.000000 -0.000000
59  0.723132 -7.927567 5.719847  -0.604115 0.792498 -0.477056
60  -3.193462 20.374077 -11.365160  -0.821414 0.600299 0.030137
61  4.790020 -6.144045 5.945786  -0.604116 0.792498 -0.477056
62  0.660711 -9.405922 5.052881  -0.000000 0.000000 0.000000
63  0.001271 4.285938 -0.189680  -0.000001 -0.000000 0.000000
64  0.060215 10.324395 74.469048  0.000008 -0.000000 0.000000
65  -0.002042 -3.169755 2.277849  1.570797 0.000000 -1.570796
66  8.769395 -2.675095 -2.292492  0.000000 0.000000 -0.000000
67  -1.584224 -9.364035 -0.000003  0.000000 -0.000000 0.000000
68  10.555299 -5.113577 -0.000005  -1.570797 1.570795 0.000000
69  6.464090 -5.113576 -0.000005  -1.570795 1.570796 0.000000
70  7.053375 -1.968536 2.001231  -1.570796 1.570796 0.000000
71  26.793743 -5.113576 -0.000000  0.000001 -0.000000 -0.000000
72  -2.662411 1.445765 40.667961  0.000000 3.141592 1.570797
73  8.352065 2.772891 0.000540  -3.141589 0.000002 -0.000000
74  0.001265 21.193819 -3.302072  0.000000 -0.000000 0.000000
75  0.059869 -33.068932 1.081967  1.570797 0.000000 -1.570796
76  0.064647 27.351305 72.195190  0.000000 -0.000000 -0.000001
77  0.000000 -0.000004 -0.000001  -0.000000 -0.000000 -0.000000
78  -0.000001 0.000002 -0.000001  -0.000000 -0.000000 -0.000000
79  1.907178 17.681803 0.736565  0.000001 -0.000000 0.000000
80  0.059888 2.255349 54.398006  0.000000 -0.000000 0.000000
81  0.003503 -22.270643 0.000160  1.570797 -0.000000 -1.570796
82  0.000021 1.724012 -0.208863  0.000001 -0.000000 0.000000
83  5.537678 35.151016 -4.670997  -0.595572 -0.329897 0.282164
84  -2.307079 11.683282 -6.602219  -0.008091 -0.065405 -1.488515
85  -2.662410 1.445768 33.628742  0.000000 3.141592 1.570797
86  8.352066 2.772895 0.000544  -3.141589 0.000002 -0.000000
87  0.006414 -45.818310 0.735915  1.570797 -0.000000 -1.570796
88  -0.108381 16.549217 -6.332980  -0.000001 -0.000000 0.000001
89  -0.152045 -0.178991 6.405252  -0.000000 -0.000001 -0.000000
90  0.326862 -0.178990 5.798759  -0.000000 -0.000001 -0.000000
91  0.000001 -0.000004 3.169724  0.000000 -0.000000 -1.570797
92  -0.000001 -0.000000 -0.000000  -0.000000 -0.000000 -0.000000
93  0.000001 9.969377 0.000000  0.000000 -0.000000 0.000000
94  22.846474 98.319489 -39.725758  -0.000000 -0.000000 -0.000000
95  0.000004 -10.070926 -2.318772  0.000000 -0.000000 0.000000
96  0.000001 0.000002 -1.529050  -0.000000 -0.000000 -0.000000
97  -0.078942 0.000001 0.000001  0.000000 0.000001 1.570796
98  0.097092 0.000002 -0.000000  -0.000000 -3.141592 1.570796
99  0.000004 -13.006137 -2.049217  0.000000 -0.000000 0.000000
100  0.000001 -0.000003 0.000001  -0.000000 -0.000000 -0.000000
101  1.754236 4.036756 -1.682666  0.392575 -0.010118 -1.546365
102  -1.755139 4.036757 -1.682665  -0.404674 0.245240 -1.741923
103  0.000000 -0.000002 0.000000  -0.000000 0.000000 0.000000
104  -11.350049 -0.729415 0.864872  0.000197 -0.025368 0.026438
105  -0.000000 -0.000007 0.000001  -0.000000 0.000000 0.000000
106  -11.344169 1.135886 0.869271  -0.000000 -0.025019 -0.026323
107  0.000003 -3.002981 4.619921  1.570796 -0.000000 1.570797
time 7
0  0 0 0  0 0 0
1  0.000000 0.000000 0.000000  0.000000 -0.000000 -0.000000
2  -0.000005 0.000023 -61.375507  0.000000 0.000000 -1.570795
3  -0.012814 0.000000 8.236240  -1.570819 -1.475889 0.000019
4  16.160965 -0.011392 0.005502  -0.444189 0.000339 -0.187736
5  0.000002 -0.000002 0.000003  0.743687 -0.039343 -0.137034
6  0.000004 0.000000 -0.000002  1.533894 -0.095239 0.137778
7  -0.000000 -0.000002 -0.000004  0.000000 -0.000000 -0.879409
8  0.000001 0.000001 0.000000  0.168111 0.000000 -0.000000
9  0.000001 0.000000 -0.000000  0.336248 -0.000000 -0.000000
10  -0.000000 -0.000003 -0.000001  0.504368 -0.000000 0.000000
11  0.000002 -0.000001 -0.000001  0.672471 -0.000000 -0.000000
12  0.000003 -0.000002 0.000001  0.840596 0.000000 0.000000
13  0.000001 0.000000 0.000001  1.008750 0.000000 0.000000
14  0.000001 -0.000004 0.000002  1.176823 0.000000 0.000000
15  -0.000003 0.000005 -0.000000  1.228342 0.417774 -0.376094
16  0.000004 -0.000000 -0.000004  -0.078188 0.242998 -0.388167
17  0.000001 -0.000001 -0.000000  -0.081093 -0.092055 -0.266211
18  -0.000002 -0.000003 0.000003  0.102592 -0.002651 -1.281314
19  -0.000002 -0.000002 0.000002  -0.262907 0.177594 -0.156340
20  0.000002 0.000001 -0.000000  -0.000000 0.000001 0.257185
21  0.000001 -0.000001 -0.000000  -0.000000 -0.000000 0.470781
22  -0.000004 -0.000003 0.000000  -0.426624 0.012476 -0.971450
23  -0.000001 0.000006 -0.000001  -0.000000 0.000000 0.018555
24  -0.000001 -0.000002 -0.000000  -0.000000 -0.000000 -0.128816
25  0.000001 -0.000002 -0.000003  -0.293655 0.048271 -0.501971
26  -0.000001 0.000003 0.000002  -0.000000 0.000000 0.173134
27  -0.000000 -0.000001 -0.000000  -0.000000 -0.000000 0.125269
28  -0.000004 -0.000002 0.000000  -0.516552 0.048494 -0.919550
29  -0.000000 0.000003 0.000001  -0.000000 -0.000000 -0.285215
30  -0.000000 0.000002 -0.000000  0.000000 0.000000 -0.174053
31  -0.000010 -0.000001 -0.000002  0.582370 -0.000409 -0.000122
32  -0.000005 0.000001 0.000001  0.300730 -0.042102 0.370654
33  0.000003 -0.000003 -0.000001  0.000000 -0.000000 0.288792
34  -0.000001 0.000001 -0.000001  -0.092810 -0.000000 0.000000
35  -0.000003 0.000003 -0.000001  -0.185636 0.000000 -0.000000
36  -0.000006 0.000006 -0.000000  -0.278434 -0.000000 -0.000000
37  -0.000003 0.000003 0.000000  -0.371281 -0.000000 0.000000
38  -0.000003 0.000003 -0.000000  -0.464096 -0.000000 -0.000000
39  -0.000006 0.000007 0.000002  -0.556930 -0.000000 -0.000000
40  -0.000009 0.000009 -0.000000  -0.649756 -0.000000 -0.000000
41  -0.000010 0.000008 0.000000  -0.663227 -0.140203 -0.010535
42  1.410072 0.800535 2.089140  -2.043617 -0.463615 0.665928
43  3.954713 0.000002 -0.000005  0.000001 0.000000 0.689326
44  3.101571 -0.000006 0.000001  0.000000 -0.000000 0.638253
45  -0.000000 -0.000001 -0.000002  0.013176 0.083204 0.031767
46  0.000003 -0.000001 0.000000  -0.000000 -0.000000 -0.585238
47  -0.000007 0.000000 0.000000  0.000000 0.000000 -1.083439
48  7.145104 -0.676339 1.382429  0.062090 0.270328 0.703671
49  3.672220 0.000001 0.000002  0.000000 -0.000001 1.498259
50  2.676526 0.000000 0.000000  0.000000 -0.000001 1.006829
51  6.831188 -0.870864 -0.599918  0.231922 0.205741 0.934461
52  3.657085 0.000011 -0.000002  -0.000001 -0.000000 1.453593
53  2.496792 -0.000001 0.000003  0.000001 -0.000001 0.750510
54  6.164477 -0.898147 -2.575016  0.332711 0.188105 0.821957
55  2.805847 0.000005 -0.000001  -0.000002 0.000001 0.963491
56  2.307449 0.000003 -0.000001  0.000001 -0.000001 0.990594
57  0.000000 0.000000 -0.000000  -0.023687 0.054850 -0.013168
58  0.000000 0.000000 0.000000  0.000000 -0.000000 -0.000000
59  0.723132 -7.927567 5.719847  -0.604115 0.792497 -0.477056
60  -3.759194 20.718449 -10.150996  -0.797193 0.640808 0.039942
61  4.790020 -6.144045 5.945786  -0.604115 0.792498 -0.477056
62  0.660710 -9.405923 5.052881  -0.000000 0.000000 -0.000000
63  0.001270 4.285938 -0.189680  -0.000001 0.000000 0.000000
64  0.060212 10.324397 74.469048  0.000008 0.000000 0.000000
65  -0.002042 -3.169755 2.277849  1.570797 0.000000 -1.570796
66  8.769395 -2.675094 -2.292492  0.000000 0.000000 0.000000
67  -1.584224 -9.364035 -0.000004  -0.000000 -0.000000 0.000000
68  10.555299 -5.113577 -0.000005  -1.570797 1.570795 0.000000
69  6.464090 -5.113576 -0.000006  -1.570795 1.570796 0.000000
70  7.053375 -1.968536 2.001230  -1.570796 1.570796 0.000000
71  26.793743 -5.113576 -0.000003  0.000000 -0.000000 -0.000000
72  -2.662413 1.445766 40.667957  -0.000000 3.141592 1.570797
73  8.352065 2.772897 0.000548  -3.141589 0.000002 -0.000000
74  0.001265 21.193821 -3.302072  0.000000 0.000000 0.000000
75  0.059869 -33.068935 1.081967  1.570797 0.000000 -1.570796
76  0.064635 27.351309 72.195198  -0.000000 -0.000000 -0.000001
77  0.000001 -0.000004 -0.000001  -0.000000 0.000000 -0.000000
78  -0.000001 0.000002 -0.000000  -0.000000 0.000000 -0.000000
79  1.907177 17.681805 0.736566  0.000001 0.000000 0.000000
80  0.059880 2.255347 54.398010  -0.000000 0.000000 0.000000
81  0.003502 -22.270643 0.000147  1.570797 0.000000 -1.570796
82  0.000021 1.724012 -0.208863  0.000001 0.000000 0.000000
83  4.214975 34.969662 -4.320968  -0.582383 -0.292113 0.299623
84  -2.307079 11.683283 -6.602219  -0.008091 -0.065405 -1.488515
85  -2.662414 1.445768 33.628742  -0.000000 3.141592 1.570797
86  8.352065 2.772896 0.000545  -3.141589 0.000002 -0.000000
87  0.006415 -45.818317 0.735915  1.570797 -0.000000 -1.570796
88  -0.108381 16.549219 -6.332980  -0.000001 0.000000 0.000001
89  -0.152045 -0.178990 6.405252  -0.000000 -0.000001 -0.000000
90  0.326861 -0.178990 5.798759  -0.000000 -0.000001 -0.000000
91  0.000001 -0.000004 3.169724  0.000000 -0.000000 -1.570797
92  -0.000001 -0.000000 -0.000001  -0.000000 0.000000 -0.000000
93  0.000001 9.969378 0.000000  -0.000000 0.000000 0.000000
94  22.846474 98.319504 -39.725758  -0.000000 0.000000 -0.000000
95  0.000004 -10.070927 -2.318773  0.000000 0.000000 0.000000
96  -0.000001 -0.000001 -1.529051  -0.000000 -0.000000 0.000000
97  -0.078942 0.000001 -0.000000  -0.000000 0.000001 1.570796
98  0.097092 0.000001 -0.000001  0.000000 -3.141592 1.570796
99  0.000004 -13.006140 -2.049217  0.000000 0.000000 0.000000
100  -0.000001 -0.000002 0.000000  -0.000000 -0.000000 0.000000
101  1.754235 4.036757 -1.682666  0.392575 -0.010118 -1.546365
102  -1.755141 4.036757 -1.682666  -0.404674 0.245240 -1.741923
103  -0.000001 -0.000000 0.000000  0.000000 -0.000000 -0.000000
104  -11.350050 -0.729413 0.864871  0.000197 -0.025368 0.026438
105  -0.000002 -0.000005 0.000001  0.000000 -0.000000 -0.000000
106  -11.344170 1.135885 0.869268  0.000000 -0.025020 -0.026323
107  0.000002 -3.002982 4.619920  1.570796 -0.000000 1.570797
time 8
0  0 0 0  0 0 0
1  0.000000 0.000000 0.000000  0.000000 -0.000000 -0.000000
2  -0.000005 0.000023 -61.375507  0.000000 0.000000 -1.570795
3  -0.012814 0.000000 8.236240  -1.570819 -1.475889 0.000019
4  16.160965 -0.011392 0.005502  -0.444189 0.000339 -0.187736
5  0.000002 -0.000002 0.000003  0.735292 -0.047258 -0.159309
6  0.000006 0.000001 -0.000002  1.579883 -0.082187 0.158888
7  -0.000003 -0.000002 -0.000004  0.000000 -0.000000 -0.887038
8  0.000002 0.000001 0.000000  0.172032 0.000000 -0.000000
9  0.000006 0.000003 -0.000000  0.344113 0.000000 -0.000000
10  -0.000001 -0.000002 -0.000001  0.516164 -0.000000 0.000000
11  0.000003 0.000000 -0.000001  0.688204 -0.000000 -0.000000
12  0.000004 -0.000001 0.000001  0.860295 -0.000000 0.000000
13  0.000003 -0.000000 0.000001  1.032323 0.000000 0.000000
14  -0.000001 -0.000002 0.000002  1.204393 0.000000 0.000000
15  -0.000001 0.000006 -0.000001  1.262704 0.425949 -0.334287
16  0.000004 0.000003 -0.000003  -0.101716 0.251856 -0.419299
17  -0.000001 -0.000001 0.000001  -0.084278 -0.088010 -0.248712
18  -0.000002 -0.000003 0.000002  0.101562 0.000505 -1.312088
19  -0.000003 0.000001 0.000002  -0.300411 0.187558 -0.087747
20  -0.000001 0.000000 0.000002  -0.000000 0.000001 0.344608
21  0.000001 0.000001 -0.000000  -0.000000 -0.000000 0.538101
22  -0.000007 -0.000001 0.000002  -0.468168 -0.001629 -0.929419
23  -0.000000 -0.000000 0.000004  -0.000000 0.000000 0.091221
24  -0.000002 -0.000006 -0.000000  -0.000000 -0.000000 -0.075949
25  -0.000001 0.000001 -0.000003  -0.329287 0.047569 -0.421934
26  -0.000000 -0.000001 0.000000  -0.000000 0.000000 0.242790
27  -0.000002 -0.000001 0.000000  -0.000000 -0.000000 0.214713
28  -0.000006 0.000001 0.000001  -0.495227 0.058493 -0.914351
29  -0.000001 0.000007 0.000000  -0.000000 -0.000000 -0.242668
30  0.000001 0.000006 0.000000  0.000000 0.000000 -0.131508
31  -0.000010 -0.000001 -0.000002  0.582370 -0.000409 -0.000123
32  -0.000001 0.000001 0.000002  0.300730 -0.042102 0.370653
33  0.000003 -0.000004 -0.000002  -0.000000 -0.000000 0.288792
34  0.000001 -0.000003 -0.000001  -0.092810 -0.000000 0.000000
35  -0.000002 -0.000001 -0.000001  -0.185636 0.000000 -0.000000
36  -0.000002 0.000000 -0.000000  -0.278434 -0.000000 -0.000000
37  -0.000002 -0.000001 0.000000  -0.371281 -0.000000 0.000000
38  -0.000006 0.000001 -0.000001  -0.464091 -0.000000 -0.000000
39  -0.000007 0.000005 0.000002  -0.556930 -0.000000 -0.000000
40  -0.000005 0.000003 -0.000000  -0.649756 -0.000000 -0.000000
41  -0.000007 0.000004 -0.000002  -0.663227 -0.140203 -0.010535
42  1.410069 0.800536 2.089140  -2.043617 -0.463615 0.665928
43  3.954714 0.000008 -0.000004  0.000001 0.000000 0.689326
44  3.101570 -0.000007 0.000000  0.000000 -0.000000 0.638253
45  -0.000004 -0.000001 -0.000003  0.013176 0.083204 0.031767
46  0.000000 0.000001 -0.000002  -0.000000 -0.000000 -0.585238
47  -0.000008 -0.000001 0.000000  -0.000000 0.000000 -1.083439
48  7.145101 -0.676338 1.382428  0.062090 0.270328 0.703671
49  3.672219 0.000001 0.000000  0.000000 -0.000001 1.498259
50  2.676526 -0.000001 -0.000001  0.000000 -0.000001 1.006829
51  6.831184 -0.870862 -0.599919  0.231922 0.205741 0.934461
52  3.657085 0.000011 -0.000002  -0.000001 -0.000000 1.453593
53  2.496792 -0.000001 0.000003  0.000001 -0.000001 0.750510
54  6.164474 -0.898147 -2.575016  0.332711 0.188105 0.821957
55  2.805846 0.000000 -0.000001  -0.000002 0.000001 0.963491
56  2.307451 0.000003 -0.000001  0.000001 -0.000001 0.990594
57  0.000000 0.000000 -0.000000  -0.023687 0.054850 -0.013168
58  0.000000 0.000000 0.000000  0.000000 -0.000000 -0.000000
59  0.723132 -7.927567 5.719847  -0.604115 0.792498 -0.477056
60  -4.166519 21.000206 -9.125703  -0.776581 0.676002 0.049669
61  4.790020 -6.144045 5.945786  -0.604115 0.792497 -0.477055
62  0.660711 -9.405924 5.052880  0.000000 0.000000 0.000000
63  0.001270 4.285939 -0.189680  -0.000001 0.000000 0.000000
64  0.060210 10.324397 74.469048  0.000008 0.000000 0.000000
65  -0.002042 -3.169755 2.277848  1.570797 0.000000 -1.570796
66  8.769395 -2.675094 -2.292491  0.000000 0.000000 0.000000
67  -1.584224 -9.364033 -0.000003  0.000000 -0.000000 0.000000
68  10.555296 -5.113575 -0.000003  -1.570797 1.570795 0.000000
69  6.464088 -5.113575 -0.000004  -1.570795 1.570796 0.000000
70  7.053374 -1.968535 2.001231  -1.570796 1.570796 0.000000
71  26.793739 -5.113573 0.000002  0.000000 -0.000000 0.000000
72  -2.662413 1.445765 40.667957  -0.000000 3.141592 1.570797
73  8.352064 2.772892 0.000546  -3.141589 0.000002 -0.000000
74  0.001265 21.193821 -3.302073  0.000000 0.000000 0.000000
75  0.059870 -33.068932 1.081966  1.570797 0.000000 -1.570796
76  0.064638 27.351307 72.195198  0.000000 -0.000000 -0.000001
77  0.000000 -0.000002 -0.000001  0.000000 -0.000000 0.000000
78  -0.000001 0.000003 -0.000001  0.000000 -0.000000 0.000000
79  1.907177 17.681805 0.736565  0.000001 0.000000 0.000000
80  0.059881 2.255348 54.398006  0.000000 0.000000 0.000000
81  0.003501 -22.270639 0.000157  1.570797 0.000000 -1.570796
82  0.000020 1.724013 -0.208864  0.000001 0.000000 0.000000
83  3.121196 34.824570 -3.977420  -0.571901 -0.259331 0.314993
84  -2.307079 11.683284 -6.602220  -0.008091 -0.065405 -1.488515
85  -2.662415 1.445768 33.628742  -0.000000 3.141592 1.570797
86  8.352064 2.772895 0.000545  -3.141589 0.000002 -0.000000
87  0.006416 -45.818314 0.735914  1.570797 0.000000 -1.570796
88  -0.108382 16.549219 -6.332980  -0.000001 0.000000 0.000001
89  -0.152045 -0.178989 6.405252  -0.000000 -0.000001 0.000000
90  0.326862 -0.178989 5.798759  -0.000000 -0.000001 0.000000
91  0.000000 -0.000002 3.169724  0.000000 -0.000000 -1.570797
92  -0.000000 -0.000000 -0.000001  0.000000 -0.000000 0.000000
93  0.000001 9.969378 -0.000000  -0.000000 0.000000 0.000000
94  22.846479 98.319504 -39.725765  0.000000 -0.000000 0.000000
95  0.000003 -10.070926 -2.318773  0.000000 0.000000 0.000000
96  -0.000001 0.000003 -1.529050  -0.000000 -0.000000 -0.000000
97  -0.078942 -0.000002 -0.000000  0.000000 0.000001 1.570796
98  0.097092 -0.000002 -0.000001  -0.000000 -3.141592 1.570796
99  0.000005 -13.006136 -2.049218  0.000000 0.000000 0.000000
100  -0.000000 0.000001 -0.000000  -0.000000 -0.000000 -0.000000
101  1.754237 4.036760 -1.682667  0.392575 -0.010118 -1.546365
102  -1.755139 4.036759 -1.682667  -0.404674 0.245240 -1.741923
103  0.000000 0.000002 -0.000000  -0.000000 -0.000000 -0.000000
104  -11.350048 -0.729411 0.864871  0.000197 -0.025368 0.026438
105  0.000001 -0.000003 0.000001  -0.000000 -0.000000 -0.000000
106  -11.344169 1.135887 0.869270  0.000000 -0.025020 -0.026323
107  0.000003 -3.002981 4.619920  1.570796 -0.000000 1.570797
time 9
0  0 0 0  0 0 0
1  0.000000 0.000000 0.000000  0.000000 -0.000000 -0.000000
2  -0.000005 0.000023 -61.375507  0.000000 0.000000 -1.570795
3  -0.012814 0.000000 8.236240  -1.570819 -1.475889 0.000019
4  16.160965 -0.011392 0.005502  -0.444189 0.000339 -0.187736
5  0.000002 -0.000002 0.000003  0.733942 -0.048246 -0.161781
6  0.000000 -0.000000 -0.000001  1.584776 -0.084442 0.163101
7  0.000000 -0.000001 -0.000004  0.000000 -0.000000 -0.887511
8  0.000003 -0.000001 -0.000000  0.172338 0.000000 -0.000000
9  0.000003 -0.000001 -0.000000  0.344733 -0.000000 -0.000000
10  0.000003 -0.000002 -0.000001  0.517174 -0.000000 0.000000
11  0.000007 0.000001 -0.000001  0.689566 -0.000000 0.000000
12  0.000005 -0.000003 0.000000  0.861907 -0.000000 0.000000
13  -0.000001 -0.000002 0.000001  1.034288 0.000000 0.000000
14  0.000004 -0.000003 0.000002  1.206690 0.000000 0.000000
15  0.000000 0.000002 -0.000001  1.264841 0.428585 -0.335264
16  -0.000003 -0.000003 0.000003  -0.104694 0.252908 -0.423252
17  0.000000 -0.000001 -0.000000  -0.084590 -0.087533 -0.246931
18  0.000000 -0.000000 -0.000001  0.101401 0.000745 -1.314693
19  -0.000003 0.000000 0.000001  -0.304881 0.188956 -0.079607
20  -0.000001 -0.000000 0.000001  -0.000000 0.000001 0.355145
21  0.000003 0.000002 -0.000001  -0.000000 -0.000000 0.546210
22  -0.000008 -0.000001 0.000001  -0.473312 -0.003383 -0.924557
23  -0.000001 -0.000007 0.000001  -0.000000 0.000000 0.099837
24  -0.000002 -0.000001 0.000000  -0.000000 0.000000 -0.069658
25  -0.000005 -0.000003 0.000002  -0.333670 0.047625 -0.412467
26  0.000001 0.000002 0.000000  -0.000000 0.000000 0.251032
27  -0.000002 0.000002 -0.000001  -0.000000 -0.000000 0.225337
28  -0.000005 0.000001 -0.000000  -0.493902 0.058966 -0.913296
29  -0.000001 -0.000004 0.000001  -0.000000 -0.000000 -0.237688
30  0.000000 -0.000001 -0.000000  0.000000 0.000000 -0.126492
31  -0.000010 -0.000001 -0.000002  0.582370 -0.000409 -0.000123
32  -0.000001 0.000001 0.000002  0.300730 -0.042102 0.370653
33  0.000003 -0.000004 -0.000002  -0.000000 -0.000000 0.288792
34  0.000001 -0.000003 -0.000001  -0.092810 -0.000000 0.000000
35  -0.000002 -0.000001 -0.000001  -0.185636 0.000000 -0.000000
36  -0.000002 0.000000 -0.000000  -0.278434 -0.000000 -0.000000
37  -0.000002 -0.000001 0.000000  -0.371281 -0.000000 0.000000
38  -0.000006 0.000001 -0.000001  -0.464086 -0.000000 -0.000000
39  -0.000007 0.000005 0.000002  -0.556930 -0.000000 -0.000000
40  -0.000005 0.000003 -0.000000  -0.649756 -0.000000 -0.000000
41  -0.000007 0.000004 -0.000002  -0.663227 -0.140203 -0.010535
42  1.410070 0.800534 2.089140  -2.043617 -0.463615 0.665928
43  3.954714 0.000009 -0.000005  0.000001 0.000000 0.689326
44  3.101571 -0.000008 -0.000000  0.000000 -0.000000 0.638253
45  -0.000002 -0.000001 -0.000001  0.013176 0.083204 0.031767
46  -0.000002 0.000000 0.000001  -0.000000 -0.000000 -0.585238
47  -0.000005 -0.000001 -0.000000  0.000000 0.000000 -1.083439
48  7.145102 -0.676339 1.382428  0.062090 0.270328 0.703671
49  3.672221 0.000003 0.000002  0.000000 -0.000001 1.498259
50  2.676529 0.000001 -0.000001  0.000000 -0.000001 1.006829
51  6.831186 -0.870864 -0.599918  0.231922 0.205741 0.934461
52  3.657086 0.000010 -0.000001  -0.000001 -0.000000 1.453593
53  2.496788 -0.000004 0.000001  0.000001 -0.000001 0.750510
54  6.164477 -0.898148 -2.575016  0.332711 0.188105 0.821957
55  2.805847 -0.000001 -0.000001  -0.000002 0.000001 0.963491
56  2.307447 0.000006 -0.000001  0.000001 -0.000001 0.990594
57  0.000000 0.000000 -0.000000  -0.023687 0.054850 -0.013168
58  0.000000 0.000000 0.000000  0.000000 -0.000000 -0.000000
59  0.723132 -7.927567 5.719847  -0.604115 0.792498 -0.477056
60  -4.189150 21.000202 -9.112213  -0.775453 0.680785 0.050735
61  4.790020 -6.144045 5.945786  -0.604115 0.792498 -0.477056
62  0.660711 -9.405925 5.052882  -0.000000 0.000000 0.000000
63  0.001271 4.285939 -0.189680  -0.000001 -0.000000 0.000000
64  0.060213 10.324395 74.469055  0.000008 -0.000000 0.000000
65  -0.002042 -3.169756 2.277849  1.570797 0.000000 -1.570796
66  8.769394 -2.675095 -2.292491  0.000000 0.000000 -0.000000
67  -1.584224 -9.364035 -0.000004  0.000000 -0.000000 0.000000
68  10.555298 -5.113577 -0.000004  -1.570797 1.570795 0.000000
69  6.464088 -5.113576 -0.000005  -1.570795 1.570796 0.000000
70  7.053375 -1.968537 2.001230  -1.570796 1.570796 0.000000
71  26.793739 -5.113575 0.000000  0.000001 -0.000000 -0.000000
72  -2.662412 1.445765 40.667961  -0.000000 3.141592 1.570797
73  8.352065 2.772892 0.000543  -3.141589 0.000002 0.000000
74  0.001266 21.193821 -3.302073  0.000000 -0.000000 0.000000
75  0.059870 -33.068932 1.081968  1.570797 -0.000000 -1.570796
76  0.064641 27.351307 72.195206  0.000000 -0.000000 -0.000001
77  -0.000001 -0.000003 0.000000  -0.000000 -0.000000 -0.000000
78  -0.000000 0.000000 -0.000001  -0.000000 -0.000000 -0.000000
79  1.907178 17.681805 0.736565  0.000001 0.000000 0.000000
80  0.059882 2.255347 54.398014  -0.000000 -0.000000 0.000000
81  0.003501 -22.270643 0.000157  1.570797 -0.000000 -1.570796
82  0.000021 1.724013 -0.208863  0.000001 -0.000000 0.000000
83  3.095762 34.824570 -3.996868  -0.571928 -0.254822 0.316881
84  -2.307078 11.683283 -6.602220  -0.008091 -0.065405 -1.488515
85  -2.662413 1.445768 33.628746  -0.000000 3.141592 1.570797
86  8.352063 2.772891 0.000545  -3.141589 0.000002 0.000000
87  0.006414 -45.818317 0.735916  1.570797 -0.000000 -1.570796
88  -0.108381 16.549219 -6.332980  -0.000001 -0.000000 0.000001
89  -0.152044 -0.178989 6.405252  -0.000000 -0.000001 -0.000000
90  0.326862 -0.178989 5.798759  -0.000000 -0.000001 -0.000000
91  0.000001 -0.000002 3.169724  -0.000000 -0.000000 -1.570797
92  -0.000001 0.000001 0.000000  -0.000000 -0.000000 -0.000000
93  0.000001 9.969380 0.000000  -0.000000 0.000000 0.000000
94  22.846476 98.319504 -39.725765  -0.000000 -0.000000 -0.000000
95  0.000003 -10.070927 -2.318772  0.000000 -0.000000 0.000000
96  0.000000 0.000001 -1.529051  -0.000000 0.000000 0.000000
97  -0.078943 0.000000 -0.000000  -0.000000 0.000001 1.570796
98  0.097092 0.000001 -0.000001  0.000000 -3.141592 1.570796
99  0.000004 -13.006136 -2.049217  0.000000 -0.000000 0.000000
100  0.000001 0.000002 0.000000  -0.000000 0.000000 0.000000
101  1.754236 4.036757 -1.682666  0.392575 -0.010118 -1.546365
102  -1.755141 4.036758 -1.682666  -0.404674 0.245240 -1.741923
103  -0.000001 -0.000000 0.000000  -0.000000 0.000000 -0.000000
104  -11.350052 -0.729413 0.864872  0.000197 -0.025368 0.026438
105  -0.000001 -0.000005 0.000001  -0.000000 0.000000 -0.000000
106  -11.344171 1.135887 0.869271  -0.000000 -0.025019 -0.026323
107  0.000002 -3.002981 4.619920  1.570796 -0.000000 1.570797
time 10
0  0 0 0  0 0 0
1  0.000000 0.000000 0.000000  0.000000 -0.000000 -0.000000
2  -0.000005 0.000023 -61.375507  0.000000 0.000000 -1.570795
3  -0.012814 0.000000 8.236240  -1.570819 -1.475889 0.000019
4  16.160965 -0.011392 0.005502  -0.444189 0.000339 -0.187736
5  0.000002 -0.000002 0.000003  0.733771 -0.048322 -0.162129
6  0.000007 0.000001 -0.000001  1.585321 -0.084667 0.163771
7  0.000005 -0.000002 -0.000004  0.000000 -0.000000 -0.887173
8  -0.000001 0.000000 0.000001  0.172399 0.000000 -0.000000
9  -0.000001 -0.000000 0.000001  0.344857 -0.000000 -0.000000
10  0.000000 -0.000001 -0.000000  0.517300 -0.000000 -0.000000
11  -0.000000 -0.000001 -0.000000  0.689761 -0.000000 -0.000000
12  0.000001 -0.000003 0.000001  0.862176 -0.000000 0.000000
13  -0.000001 -0.000000 0.000002  1.034639 0.000000 -0.000000
14  0.000000 -0.000002 0.000003  1.207061 0.000000 0.000000
15  -0.000004 0.000005 -0.000000  1.265055 0.429219 -0.336324
16  -0.000002 -0.000002 -0.000003  -0.105029 0.253016 -0.423685
17  0.000001 0.000002 -0.000001  -0.084556 -0.087620 -0.247545
18  -0.000002 -0.000005 0.000002  0.101304 0.000600 -1.313308
19  -0.000006 -0.000001 -0.000002  -0.305469 0.188857 -0.079340
20  -0.000000 -0.000001 0.000004  -0.000000 0.000001 0.355641
21  -0.000001 0.000000 0.000001  -0.000000 -0.000000 0.546464
22  -0.000010 -0.000002 0.000001  -0.473930 -0.003872 -0.924723
23  -0.000000 -0.000011 0.000002  -0.000000 0.000000 0.100142
24  -0.000001 0.000000 0.000001  -0.000000 -0.000000 -0.069658
25  -0.000004 -0.000002 -0.000004  -0.334181 0.047456 -0.412089
26  0.000001 0.000002 0.000000  -0.000000 0.000000 0.251278
27  -0.000005 0.000004 0.000000  -0.000000 -0.000000 0.225890
28  -0.000008 -0.000000 -0.000003  -0.493779 0.058803 -0.913933
29  -0.000000 -0.000006 0.000000  -0.000000 -0.000000 -0.237811
30  0.000000 0.000003 -0.000001  0.000000 0.000000 -0.126676
31  -0.000010 -0.000001 -0.000002  0.582370 -0.000409 -0.000123
32  -0.000001 0.000001 0.000002  0.300730 -0.042102 0.370653
33  0.000003 -0.000004 -0.000002  -0.000000 -0.000000 0.288792
34  0.000001 -0.000003 -0.000001  -0.092810 -0.000000 0.000000
35  -0.000002 -0.000001 -0.000001  -0.185636 0.000000 -0.000000
36  -0.000002 0.000000 -0.000000  -0.278434 -0.000000 -0.000000
37  -0.000002 -0.000001 0.000000  -0.371281 -0.000000 0.000000
38  -0.000006 0.000001 -0.000001  -0.464081 -0.000000 -0.000000
39  -0.000007 0.000005 0.000002  -0.556930 -0.000000 -0.000000
40  -0.000005 0.000003 -0.000000  -0.649756 -0.000000 -0.000000
41  -0.000007 0.000004 -0.000002  -0.663227 -0.140203 -0.010535
42  1.410069 0.800536 2.089140  -2.043617 -0.463615 0.665928
43  3.954714 0.000008 -0.000004  0.000001 0.000000 0.689326
44  3.101570 -0.000007 0.000000  0.000000 -0.000000 0.638253
45  -0.000004 -0.000001 -0.000003  0.013183 0.083203 0.031951
46  -0.000004 0.000002 -0.000000  -0.000000 -0.000000 -0.584983
47  0.000003 -0.000000 -0.000000  0.000000 0.000000 -1.083297
48  7.145101 -0.676338 1.382428  0.062090 0.270328 0.703671
49  3.672219 0.000001 0.000000  0.000000 -0.000001 1.498259
50  2.676526 -0.000001 -0.000001  0.000000 -0.000001 1.006829
51  6.831184 -0.870862 -0.599919  0.231922 0.205741 0.934461
52  3.657085 0.000011 -0.000002  -0.000001 -0.000000 1.453593
53  2.496792 -0.000001 0.000003  0.000001 -0.000001 0.750510
54  6.164474 -0.898147 -2.575016  0.332711 0.188105 0.821957
55  2.805846 0.000000 -0.000001  -0.000002 0.000001 0.963491
56  2.307451 0.000003 -0.000001  0.000001 -0.000001 0.990594
57  0.000000 0.000000 -0.000000  -0.023687 0.054850 -0.013168
58  0.000000 0.000000 0.000000  0.000000 -0.000000 -0.000000
59  0.723132 -7.927567 5.719847  -0.604115 0.792498 -0.477056
60  -4.189150 21.000202 -9.125701  -0.776069 0.681546 0.050638
61  4.790020 -6.144045 5.945786  -0.604115 0.792498 -0.477056
62  0.660711 -9.405925 5.052882  -0.000000 0.000000 0.000000
63  0.001271 4.285939 -0.189680  -0.000001 -0.000000 0.000000
64  0.060213 10.324395 74.469055  0.000008 -0.000000 0.000000
65  -0.002042 -3.169756 2.277849  1.570797 0.000000 -1.570796
66  8.769394 -2.675095 -2.292491  0.000000 0.000000 -0.000000
67  -1.584224 -9.364035 -0.000004  0.000000 -0.000000 0.000000
68  10.555298 -5.113577 -0.000004  -1.570797 1.570795 0.000000
69  6.464088 -5.113576 -0.000005  -1.570795 1.570796 0.000000
70  7.053375 -1.968537 2.001230  -1.570796 1.570796 0.000000
71  26.793739 -5.113575 0.000000  0.000001 -0.000000 -0.000000
72  -2.662412 1.445765 40.667961  -0.000000 3.141592 1.570797
73  8.352065 2.772892 0.000543  -3.141589 0.000002 0.000000
74  0.001266 21.193821 -3.302073  0.000000 -0.000000 0.000000
75  0.059870 -33.068932 1.081968  1.570797 -0.000000 -1.570796
76  0.064641 27.351307 72.195206  0.000000 -0.000000 -0.000001
77  -0.000001 -0.000003 0.000000  -0.000000 -0.000000 -0.000000
78  -0.000000 0.000000 -0.000001  -0.000000 -0.000000 -0.000000
79  1.907178 17.681805 0.736565  0.000001 0.000000 0.000000
80  0.059882 2.255347 54.398014  -0.000000 -0.000000 0.000000
81  0.003501 -22.270643 0.000157  1.570797 -0.000000 -1.570796
82  0.000021 1.724013 -0.208863  0.000001 -0.000000 0.000000
83  3.095762 34.824570 -4.003348  -0.572496 -0.254006 0.316982
84  -2.307078 11.683283 -6.602220  -0.008091 -0.065405 -1.488515
85  -2.662413 1.445768 33.628746  -0.000000 3.141592 1.570797
86  8.352063 2.772891 0.000545  -3.141589 0.000002 0.000000
87  0.006414 -45.818317 0.735916  1.570797 -0.000000 -1.570796
88  -0.108381 16.549219 -6.332980  -0.000001 -0.000000 0.000001
89  -0.152044 -0.178989 6.405252  -0.000000 -0.000001 -0.000000
90  0.326862 -0.178989 5.798759  -0.000000 -0.000001 -0.000000
91  0.000001 -0.000002 3.169724  -0.000000 -0.000000 -1.570797
92  -0.000001 0.000001 0.000000  -0.000000 -0.000000 -0.000000
93  0.000001 9.969380 0.000000  -0.000000 0.000000 0.000000
94  22.846476 98.319504 -39.725765  -0.000000 -0.000000 -0.000000
95  0.000003 -10.070927 -2.318772  0.000000 -0.000000 0.000000
96  0.000000 0.000001 -1.529051  -0.000000 0.000000 0.000000
97  -0.078943 0.000000 -0.000000  -0.000000 0.000001 1.570796
98  0.097092 0.000001 -0.000001  0.000000 -3.141592 1.570796
99  0.000004 -13.006136 -2.049217  0.000000 -0.000000 0.000000
100  0.000001 0.000002 0.000000  -0.000000 0.000000 0.000000
101  1.754236 4.036757 -1.682666  0.392575 -0.010118 -1.546365
102  -1.755141 4.036758 -1.682666  -0.404674 0.245240 -1.741923
103  -0.000001 -0.000000 0.000000  -0.000000 0.000000 -0.000000
104  -11.350052 -0.729413 0.864872  0.000197 -0.025368 0.026438
105  -0.000001 -0.000005 0.000001  -0.000000 0.000000 -0.000000
106  -11.344171 1.135887 0.869271  -0.000000 -0.025019 -0.026323
107  0.000002 -3.002981 4.619920  1.570796 -0.000000 1.570797
time 11
0  0 0 0  0 0 0
1  0.000000 0.000000 0.000000  0.000000 -0.000000 -0.000000
2  -0.000005 0.000023 -61.375507  0.000000 0.000000 -1.570795
3  -0.012814 0.000000 8.236240  -1.570819 -1.475889 0.000019
4  16.160965 -0.011392 0.005502  -0.444189 0.000339 -0.187736
5  0.000002 -0.000002 0.000003  0.734279 -0.047993 -0.161177
6  -0.000002 0.000000 -0.000001  1.583455 -0.083805 0.162291
7  -0.000008 0.000001 -0.000004  0.000000 -0.000000 -0.886633
8  -0.000004 -0.000001 -0.000000  0.172277 0.000000 -0.000000
9  -0.000004 -0.000001 -0.000000  0.344609 -0.000000 -0.000000
10  -0.000003 -0.000002 -0.000001  0.516921 -0.000000 0.000000
11  -0.000003 -0.000001 -0.000001  0.689307 -0.000000 0.000000
12  -0.000001 -0.000004 0.000000  0.861572 -0.000000 0.000000
13  -0.000003 -0.000002 0.000001  1.033937 0.000000 0.000000
14  -0.000002 -0.000002 0.000002  1.206246 0.000000 0.000000
15  -0.000007 0.000003 -0.000001  1.264195 0.428571 -0.336950
16  0.000002 0.000000 -0.000002  -0.103932 0.252650 -0.422246
17  0.000000 -0.000003 -0.000001  -0.084340 -0.087910 -0.249022
18  0.000000 -0.000001 0.000001  0.101331 0.000326 -1.310546
19  -0.000002 -0.000000 0.000002  -0.303762 0.188084 -0.083141
20  0.000000 -0.000000 -0.000000  -0.000000 0.000001 0.350930
21  -0.000000 -0.000002 0.000001  -0.000000 -0.000000 0.542598
22  -0.000004 -0.000001 -0.000001  -0.471931 -0.003433 -0.927329
23  -0.000001 -0.000004 0.000003  -0.000000 0.000000 0.096109
24  -0.000002 0.000002 0.000001  -0.000000 0.000000 -0.072803
25  -0.000001 -0.000002 0.000001  -0.332489 0.047231 -0.416375
26  -0.000002 -0.000003 0.000001  -0.000000 0.000000 0.247403
27  0.000000 0.000003 -0.000001  -0.000000 -0.000000 0.221099
28  -0.000004 0.000000 -0.000000  -0.494261 0.058432 -0.915097
29  -0.000000 -0.000003 0.000001  -0.000000 -0.000000 -0.240516
30  0.000001 0.000002 0.000001  0.000000 0.000000 -0.129367
31  -0.000010 -0.000001 -0.000002  0.582370 -0.000409 -0.000123
32  -0.000001 0.000001 0.000002  0.300730 -0.042104 0.370666
33  -0.000007 -0.000003 -0.000001  -0.000000 -0.000000 0.288792
34  0.000004 -0.000004 -0.000002  -0.092810 -0.000000 0.000000
35  0.000002 -0.000002 -0.000001  -0.185636 0.000000 -0.000000
36  -0.000001 0.000001 -0.000001  -0.278434 -0.000000 -0.000000
37  0.000002 -0.000002 0.000000  -0.371281 -0.000000 -0.000000
38  -0.000001 -0.000000 -0.000001  -0.464077 -0.000000 -0.000000
39  -0.000000 0.000002 0.000001  -0.556930 -0.000000 -0.000000
40  0.000000 0.000002 -0.000001  -0.649756 -0.000000 -0.000000
41  -0.000004 0.000005 -0.000002  -0.663227 -0.140203 -0.010535
42  1.410070 0.800535 2.089141  -2.043617 -0.463615 0.665928
43  3.954714 0.000006 -0.000008  0.000001 0.000000 0.689326
44  3.101569 -0.000004 -0.000000  0.000000 -0.000000 0.638253
45  -0.000001 -0.000002 -0.000001  0.013233 0.083199 0.032411
46  -0.000002 0.000001 0.000000  -0.000000 -0.000000 -0.584537
47  -0.000001 -0.000000 0.000000  0.000000 0.000000 -1.082834
48  7.145103 -0.676338 1.382429  0.062090 0.270328 0.703671
49  3.672218 0.000000 0.000002  0.000000 -0.000001 1.498259
50  2.676527 0.000002 0.000001  0.000000 -0.000001 1.006829
51  6.831185 -0.870863 -0.599917  0.231922 0.205741 0.934461
52  3.657086 0.000009 -0.000001  -0.000001 -0.000000 1.453593
53  2.496790 -0.000002 0.000003  0.000001 -0.000001 0.750510
54  6.164478 -0.898148 -2.575016  0.332711 0.188105 0.821957
55  2.805847 -0.000002 -0.000001  -0.000002 0.000001 0.963491
56  2.307448 0.000002 -0.000001  0.000001 -0.000001 0.990594
57  0.000000 0.000000 -0.000000  -0.023687 0.054850 -0.013168
58  0.000000 0.000000 0.000000  0.000000 -0.000000 -0.000000
59  0.723132 -7.927567 5.719847  -0.604115 0.792498 -0.477056
60  -4.189150 21.000202 -9.125701  -0.777288 0.679958 0.050012
61  4.790020 -6.144045 5.945786  -0.604115 0.792497 -0.477055
62  0.660711 -9.405924 5.052880  0.000000 0.000000 0.000000
63  0.001270 4.285939 -0.189680  -0.000001 0.000000 0.000000
64  0.060210 10.324397 74.469048  0.000008 0.000000 0.000000
65  -0.002042 -3.169755 2.277848  1.570797 0.000000 -1.570796
66  8.769395 -2.675094 -2.292491  0.000000 0.000000 0.000000
67  -1.584224 -9.364033 -0.000003  0.000000 -0.000000 0.000000
68  10.555296 -5.113575 -0.000003  -1.570797 1.570795 0.000000
69  6.464088 -5.113575 -0.000004  -1.570795 1.570796 0.000000
70  7.053374 -1.968535 2.001231  -1.570796 1.570796 0.000000
71  26.793739 -5.113573 0.000002  0.000000 -0.000000 0.000000
72  -2.662413 1.445765 40.667957  -0.000000 3.141592 1.570797
73  8.352064 2.772892 0.000546  -3.141589 0.000002 -0.000000
74  0.001265 21.193821 -3.302073  0.000000 0.000000 0.000000
75  0.059870 -33.068932 1.081966  1.570797 0.000000 -1.570796
76  0.064638 27.351307 72.195198  0.000000 -0.000000 -0.000001
77  0.000000 -0.000002 -0.000001  0.000000 -0.000000 0.000000
78  -0.000001 0.000003 -0.000001  0.000000 -0.000000 0.000000
79  1.907177 17.681805 0.736565  0.000001 0.000000 0.000000
80  0.059881 2.255348 54.398006  0.000000 0.000000 0.000000
81  0.003501 -22.270639 0.000157  1.570797 0.000000 -1.570796
82  0.000020 1.724013 -0.208864  0.000001 0.000000 0.000000
83  3.121198 34.824570 -4.003348  -0.573151 -0.255466 0.316133
84  -2.307079 11.683284 -6.602220  -0.008091 -0.065405 -1.488515
85  -2.662415 1.445768 33.628742  -0.000000 3.141592 1.570797
86  8.352064 2.772895 0.000545  -3.141589 0.000002 -0.000000
87  0.006416 -45.818314 0.735914  1.570797 0.000000 -1.570796
88  -0.108382 16.549219 -6.332980  -0.000001 0.000000 0.000001
89  -0.152045 -0.178989 6.405252  -0.000000 -0.000001 0.000000
90  0.326862 -0.178989 5.798759  -0.000000 -0.000001 0.000000
91  0.000000 -0.000002 3.169724  0.000000 -0.000000 -1.570797
92  -0.000000 -0.000000 -0.000001  0.000000 -0.000000 0.000000
93  0.000001 9.969379 -0.000000  -0.000000 0.000000 0.000000
94  22.846479 98.319504 -39.725765  0.000000 -0.000000 0.000000
95  0.000003 -10.070926 -2.318773  0.000000 0.000000 0.000000
96  -0.000001 0.000003 -1.529050  -0.000000 -0.000000 -0.000000
97  -0.078942 -0.000002 -0.000000  0.000000 0.000001 1.570796
98  0.097092 -0.000002 -0.000001  -0.000000 -3.141592 1.570796
99  0.000005 -13.006136 -2.049218  0.000000 0.000000 0.000000
100  -0.000000 0.000001 -0.000000  -0.000000 -0.000000 -0.000000
101  1.754237 4.036760 -1.682667  0.392575 -0.010118 -1.546365
102  -1.755139 4.036759 -1.682667  -0.404674 0.245240 -1.741923
103  0.000000 0.000002 -0.000000  -0.000000 -0.000000 -0.000000
104  -11.350048 -0.729411 0.864871  0.000197 -0.025368 0.026438
105  0.000001 -0.000003 0.000001  -0.000000 -0.000000 -0.000000
106  -11.344169 1.135887 0.869270  0.000000 -0.025020 -0.026323
107  0.000003 -3.002981 4.619920  1.570796 -0.000000 1.570797
time 12
0  0 0 0  0 0 0
1  0.000000 0.000000 0.000000  0.000000 -0.000000 -0.000000
2  -0.000005 0.000023 -61.375507  0.000000 0.000000 -1.570795
3  -0.012814 0.000000 8.236240  -1.570819 -1.475889 0.000019
4  16.160965 -0.011392 0.005502  -0.444189 0.000339 -0.187736
5  0.000002 -0.000002 0.000003  0.734955 -0.047488 -0.159970
6  -0.000002 -0.000000 -0.000001  1.580965 -0.082674 0.160186
7  -0.000000 -0.000002 -0.000004  0.000000 -0.000000 -0.886363
8  0.000000 0.000000 -0.000000  0.172154 0.000000 -0.000000
9  0.000000 -0.000000 0.000000  0.344299 -0.000000 -0.000000
10  0.000001 -0.000001 -0.000001  0.516479 -0.000000 0.000000
11  0.000001 -0.000001 -0.000001  0.688594 -0.000000 -0.000000
12  0.000002 -0.000002 0.000001  0.860765 -0.000000 0.000000
13  0.000001 -0.000001 0.000001  1.032955 0.000000 0.000000
14  -0.000000 -0.000003 0.000002  1.205134 0.000000 0.000000
15  -0.000004 0.000006 -0.000001  1.263130 0.427163 -0.336444
16  0.000001 -0.000001 0.000000  -0.102477 0.252116 -0.420305
17  -0.000001 -0.000000 -0.000000  -0.084156 -0.088115 -0.249946
18  -0.000001 0.000001 -0.000000  0.101417 0.000249 -1.309243
19  -0.000002 -0.000002 0.000004  -0.301518 0.187366 -0.087146
20  -0.000004 -0.000000 0.000004  -0.000000 0.000001 0.345661
21  0.000005 0.000001 0.000000  -0.000000 -0.000000 0.538545
22  -0.000005 -0.000001 0.000002  -0.469374 -0.002528 -0.929770
23  -0.000001 -0.000011 0.000003  -0.000000 0.000000 0.091771
24  -0.000002 -0.000004 0.000000  -0.000000 -0.000000 -0.075949
25  -0.000001 -0.000001 -0.000001  -0.330291 0.047176 -0.421104
26  -0.000002 -0.000003 0.000004  -0.000000 0.000000 0.243282
27  -0.000000 -0.000003 0.000000  -0.000000 -0.000000 0.215757
28  -0.000005 -0.000001 0.000002  -0.494922 0.058211 -0.915559
29  -0.000000 -0.000004 0.000001  -0.000000 -0.000000 -0.242975
30  -0.000001 0.000007 -0.000001  0.000000 0.000000 -0.131814
31  -0.000010 -0.000001 -0.000002  0.582370 -0.000409 -0.000123
32  -0.000001 0.000001 0.000002  0.300729 -0.042106 0.370678
33  -0.000008 -0.000003 -0.000002  -0.000000 -0.000000 0.288792
34  0.000002 0.000000 -0.000001  -0.092810 -0.000000 0.000000
35  0.000000 0.000004 -0.000001  -0.185636 0.000000 -0.000000
36  -0.000003 0.000008 -0.000001  -0.278434 -0.000000 -0.000000
37  -0.000004 0.000006 0.000000  -0.371281 -0.000000 0.000000
38  -0.000003 0.000007 -0.000001  -0.464072 -0.000000 -0.000000
39  -0.000002 0.000008 0.000002  -0.556930 -0.000000 -0.000000
40  -0.000002 0.000009 -0.000001  -0.649756 -0.000000 -0.000000
41  -0.000007 0.000009 -0.000002  -0.663227 -0.140203 -0.010535
42  1.410071 0.800535 2.089139  -2.043617 -0.463615 0.665928
43  3.954713 0.000012 -0.000008  0.000001 0.000000 0.689326
44  3.101570 -0.000005 -0.000001  0.000000 -0.000000 0.638253
45  -0.000007 0.000001 -0.000001  0.013283 0.083196 0.032871
46  -0.000007 0.000002 -0.000000  -0.000000 -0.000000 -0.584091
47  -0.000001 -0.000001 -0.000000  0.000000 0.000000 -1.082371
48  7.145103 -0.676338 1.382427  0.062090 0.270328 0.703671
49  3.672219 0.000001 0.000002  0.000000 -0.000001 1.498259
50  2.676529 0.000002 -0.000000  0.000000 -0.000001 1.006829
51  6.831184 -0.870863 -0.599919  0.231922 0.205741 0.934461
52  3.657087 0.000006 -0.000002  -0.000001 -0.000000 1.453593
53  2.496793 -0.000001 0.000002  0.000001 -0.000001 0.750510
54  6.164474 -0.898147 -2.575016  0.332711 0.188105 0.821957
55  2.805845 0.000001 -0.000001  -0.000002 0.000001 0.963491
56  2.307449 0.000002 -0.000001  0.000001 -0.000001 0.990594
57  0.000000 0.000000 -0.000000  -0.023687 0.054850 -0.013168
58  0.000000 0.000000 0.000000  0.000000 -0.000000 -0.000000
59  0.723132 -7.927567 5.719847  -0.604115 0.792498 -0.477056
60  -4.189150 21.000202 -9.125701  -0.777909 0.677585 0.049419
61  4.790020 -6.144045 5.945786  -0.604115 0.792497 -0.477055
62  0.660710 -9.405924 5.052880  0.000000 0.000000 0.000000
63  0.001270 4.285939 -0.189680  -0.000001 -0.000000 0.000000
64  0.060210 10.324398 74.469055  0.000008 -0.000000 0.000000
65  -0.002043 -3.169755 2.277849  1.570797 0.000000 -1.570796
66  8.769396 -2.675094 -2.292491  0.000000 0.000000 -0.000000
67  -1.584223 -9.364033 -0.000004  -0.000000 -0.000000 0.000000
68  10.555297 -5.113575 -0.000004  -1.570797 1.570795 0.000000
69  6.464089 -5.113575 -0.000005  -1.570795 1.570796 0.000000
70  7.053375 -1.968535 2.001230  -1.570796 1.570796 0.000000
71  26.793739 -5.113574 0.000002  0.000000 -0.000000 -0.000000
72  -2.662414 1.445766 40.667957  0.000000 3.141592 1.570797
73  8.352066 2.772890 0.000542  -3.141589 0.000002 -0.000000
74  0.001266 21.193819 -3.302072  0.000000 -0.000000 0.000000
75  0.059868 -33.068928 1.081968  1.570797 0.000000 -1.570796
76  0.064640 27.351303 72.195198  0.000000 -0.000000 -0.000001
77  -0.000000 -0.000002 -0.000000  0.000000 -0.000000 0.000000
78  -0.000000 0.000001 -0.000001  0.000000 -0.000000 0.000000
79  1.907178 17.681803 0.736566  0.000001 -0.000000 0.000000
80  0.059880 2.255349 54.398010  0.000000 -0.000000 0.000000
81  0.003505 -22.270641 0.000155  1.570797 -0.000000 -1.570796
82  0.000020 1.724013 -0.208863  0.000001 -0.000000 0.000000
83  3.121198 34.824570 -3.990384  -0.573117 -0.257747 0.315227
84  -2.307079 11.683283 -6.602219  -0.008091 -0.065405 -1.488515
85  -2.662415 1.445769 33.628742  0.000000 3.141592 1.570797
86  8.352066 2.772893 0.000547  -3.141589 0.000002 -0.000000
87  0.006414 -45.818310 0.735914  1.570797 0.000000 -1.570796
88  -0.108382 16.549217 -6.332979  -0.000001 -0.000000 0.000001
89  -0.152045 -0.178990 6.405252  -0.000000 -0.000001 -0.000000
90  0.326862 -0.178990 5.798760  -0.000000 -0.000001 -0.000000
91  0.000001 -0.000003 3.169725  0.000000 -0.000000 -1.570797
92  -0.000001 0.000001 -0.000000  0.000000 -0.000000 0.000000
93  0.000000 9.969379 0.000000  0.000000 -0.000000 0.000000
94  22.846481 98.319496 -39.725765  0.000000 -0.000000 0.000000
95  0.000003 -10.070925 -2.318772  0.000000 -0.000000 0.000000
96  -0.000001 -0.000002 -1.529051  -0.000000 -0.000000 -0.000000
97  -0.078942 -0.000003 0.000000  0.000000 0.000001 1.570796
98  0.097093 -0.000003 -0.000001  -0.000000 -3.141592 1.570796
99  0.000004 -13.006134 -2.049217  0.000000 -0.000000 0.000000
100  -0.000000 0.000000 -0.000000  -0.000000 -0.000000 -0.000000
101  1.754237 4.036757 -1.682666  0.392575 -0.010118 -1.546365
102  -1.755139 4.036757 -1.682666  -0.404674 0.245240 -1.741923
103  0.000000 -0.000000 0.000000  -0.000000 0.000000 -0.000000
104  -11.350048 -0.729414 0.864872  0.000197 -0.025368 0.026438
105  0.000000 -0.000005 0.000002  -0.000000 0.000000 -0.000000
106  -11.344169 1.135887 0.869270  -0.000000 -0.025019 -0.026323
107  0.000002 -3.002980 4.619920  1.570796 -0.000000 1.570797
time 13
0  0 0 0  0 0 0
1  0.000000 0.000000 0.000000  0.000000 -0.000000 -0.000000
2  -0.000005 0.000023 -61.375507  0.000000 0.000000 -1.570795
3  -0.012814 0.000000 8.236240  -1.570819 -1.475889 0.000019
4  16.160965 -0.011392 0.005502  -0.444189 0.000339 -0.187736
5  0.000002 -0.000002 0.000003  0.735292 -0.047258 -0.159309
6  0.000006 0.000001 -0.000002  1.579883 -0.082143 0.158844
7  -0.000000 -0.000004 -0.000004  0.000000 -0.000000 -0.887038
8  -0.000003 -0.000000 0.000000  0.172031 0.000000 -0.000000
9  -0.000003 -0.000000 0.000000  0.344113 -0.000000 -0.000000
10  -0.000002 -0.000001 -0.000001  0.516164 -0.000000 0.000000
11  -0.000003 -0.000001 -0.000001  0.688204 -0.000000 0.000000
12  -0.000001 -0.000003 0.000001  0.860295 -0.000000 0.000000
13  -0.000003 -0.000000 0.000001  1.032323 0.000000 0.000000
14  -0.000002 -0.000001 0.000002  1.204393 0.000000 0.000000
15  -0.000007 0.000005 -0.000000  1.262706 0.425860 -0.334270
16  0.000000 -0.000003 0.000002  -0.101716 0.251856 -0.419299
17  -0.000000 -0.000000 -0.000002  -0.084278 -0.088010 -0.248713
18  -0.000002 -0.000003 0.000003  0.101562 0.000505 -1.312088
19  -0.000003 -0.000004 0.000004  -0.300411 0.187558 -0.087747
20  -0.000007 -0.000004 0.000000  -0.000000 0.000001 0.344608
21  -0.000001 0.000001 -0.000002  -0.000000 -0.000000 0.538101
22  -0.000004 -0.000002 0.000000  -0.468168 -0.001629 -0.929420
23  -0.000001 -0.000010 0.000002  -0.000000 0.000000 0.091160
24  -0.000002 -0.000004 0.000001  -0.000000 -0.000000 -0.075949
25  -0.000003 -0.000005 0.000003  -0.329287 0.047569 -0.421935
26  -0.000002 -0.000002 0.000003  -0.000000 0.000000 0.242790
27  0.000000 0.000003 -0.000003  -0.000000 -0.000000 0.214713
28  -0.000005 -0.000004 0.000002  -0.495225 0.058510 -0.914286
29  -0.000000 -0.000004 0.000001  -0.000000 -0.000000 -0.242668
30  0.000001 0.000004 -0.000002  0.000000 0.000000 -0.131508
31  -0.000010 -0.000001 -0.000002  0.582370 -0.000409 -0.000123
32  -0.000001 0.000001 0.000002  0.300729 -0.042108 0.370690
33  -0.000006 -0.000002 -0.000000  0.000000 -0.000000 0.288792
34  0.000000 0.000001 -0.000001  -0.092810 -0.000000 0.000000
35  -0.000004 0.000003 -0.000001  -0.185636 0.000000 -0.000000
36  -0.000003 0.000004 0.000000  -0.278434 -0.000000 -0.000000
37  -0.000005 0.000005 0.000001  -0.371281 -0.000000 0.000000
38  -0.000003 0.000003 -0.000000  -0.464067 -0.000000 -0.000000
39  -0.000004 0.000007 0.000002  -0.556930 -0.000000 -0.000000
40  -0.000004 0.000007 -0.000000  -0.649756 -0.000000 -0.000000
41  -0.000008 0.000008 -0.000001  -0.663227 -0.140203 -0.010535
42  1.410073 0.800535 2.089141  -2.043617 -0.463615 0.665928
43  3.954714 0.000005 -0.000007  0.000001 0.000000 0.689326
44  3.101571 -0.000004 -0.000000  0.000000 -0.000000 0.638253
45  0.000001 -0.000000 -0.000001  0.013290 0.083194 0.033055
46  0.000000 -0.000001 -0.000002  0.000000 -0.000000 -0.583900
47  -0.000002 0.000000 0.000001  0.000000 -0.000000 -1.082158
48  7.145105 -0.676337 1.382429  0.062090 0.270328 0.703671
49  3.672217 -0.000003 0.000002  0.000000 -0.000001 1.498259
50  2.676529 0.000002 0.000002  0.000000 -0.000001 1.006829
51  6.831188 -0.870864 -0.599919  0.231922 0.205741 0.934461
52  3.657084 0.000011 -0.000002  -0.000001 -0.000000 1.453593
53  2.496792 -0.000003 0.000003  0.000001 -0.000001 0.750510
54  6.164480 -0.898147 -2.575016  0.332711 0.188105 0.821957
55  2.805845 0.000000 -0.000001  -0.000002 0.000001 0.963491
56  2.307446 0.000002 -0.000001  0.000001 -0.000001 0.990594
57  0.000000 0.000000 -0.000000  -0.023687 0.054850 -0.013168
58  0.000000 0.000000 0.000000  0.000000 -0.000000 -0.000000
59  0.723132 -7.927567 5.719847  -0.604115 0.792498 -0.477056
60  -4.166519 21.000206 -9.125703  -0.776581 0.676002 0.049669
61  4.790020 -6.144045 5.945786  -0.604115 0.792497 -0.477055
62  0.660711 -9.405924 5.052880  0.000000 0.000000 0.000000
63  0.001270 4.285939 -0.189680  -0.000001 0.000000 0.000000
64  0.060210 10.324397 74.469048  0.000008 0.000000 0.000000
65  -0.002042 -3.169755 2.277848  1.570797 0.000000 -1.570796
66  8.769395 -2.675094 -2.292491  0.000000 0.000000 0.000000
67  -1.584224 -9.364033 -0.000003  0.000000 -0.000000 0.000000
68  10.555296 -5.113575 -0.000003  -1.570797 1.570795 0.000000
69  6.464088 -5.113575 -0.000004  -1.570795 1.570796 0.000000
70  7.053374 -1.968535 2.001231  -1.570796 1.570796 0.000000
71  26.793739 -5.113573 0.000002  0.000000 -0.000000 0.000000
72  -2.662413 1.445765 40.667957  -0.000000 3.141592 1.570797
73  8.352064 2.772892 0.000546  -3.141589 0.000002 -0.000000
74  0.001265 21.193821 -3.302073  0.000000 0.000000 0.000000
75  0.059870 -33.068932 1.081966  1.570797 0.000000 -1.570796
76  0.064638 27.351307 72.195198  0.000000 -0.000000 -0.000001
77  0.000000 -0.000002 -0.000001  0.000000 -0.000000 0.000000
78  -0.000001 0.000003 -0.000001  0.000000 -0.000000 0.000000
79  1.907177 17.681805 0.736565  0.000001 0.000000 0.000000
80  0.059881 2.255348 54.398006  0.000000 0.000000 0.000000
81  0.003501 -22.270639 0.000157  1.570797 0.000000 -1.570796
82  0.000020 1.724013 -0.208864  0.000001 0.000000 0.000000
83  3.121196 34.824570 -3.977420  -0.571901 -0.259331 0.314993
84  -2.307079 11.683284 -6.602220  -0.008091 -0.065405 -1.488515
85  -2.662415 1.445768 33.628742  -0.000000 3.141592 1.570797
86  8.352064 2.772895 0.000545  -3.141589 0.000002 -0.000000
87  0.006416 -45.818314 0.735914  1.570797 0.000000 -1.570796
88  -0.108382 16.549219 -6.332980  -0.000001 0.000000 0.000001
89  -0.152045 -0.178989 6.405252  -0.000000 -0.000001 0.000000
90  0.326862 -0.178989 5.798759  -0.000000 -0.000001 0.000000
91  0.000000 -0.000002 3.169724  0.000000 -0.000000 -1.570797
92  -0.000000 -0.000000 -0.000001  0.000000 -0.000000 0.000000
93  0.000001 9.969380 -0.000000  -0.000000 0.000000 0.000000
94  22.846479 98.319504 -39.725765  0.000000 -0.000000 0.000000
95  0.000003 -10.070926 -2.318773  0.000000 0.000000 0.000000
96  -0.000001 0.000003 -1.529050  -0.000000 -0.000000 -0.000000
97  -0.078942 -0.000002 -0.000000  0.000000 0.000001 1.570796
98  0.097092 -0.000002 -0.000001  -0.000000 -3.141592 1.570796
99  0.000005 -13.006136 -2.049218  0.000000 0.000000 0.000000
100  -0.000000 0.000001 -0.000000  -0.000000 -0.000000 -0.000000
101  1.754237 4.036760 -1.682667  0.392575 -0.010118 -1.546365
102  -1.755139 4.036759 -1.682667  -0.404674 0.245240 -1.741923
103  0.000000 0.000002 -0.000000  -0.000000 -0.000000 -0.000000
104  -11.350048 -0.729411 0.864871  0.000197 -0.025368 0.026438
105  0.000001 -0.000003 0.000001  -0.000000 -0.000000 -0.000000
106  -11.344169 1.135887 0.869270  0.000000 -0.025020 -0.026323
107  0.000003 -3.002981 4.619920  1.570796 -0.000000 1.570797
time 14
0  0 0 0  0 0 0
1  0.000000 0.000000 0.000000  0.000000 -0.000000 -0.000000
2  -0.000005 0.000023 -61.375507  0.000000 0.000000 -1.570795
3  -0.012814 0.000000 8.236240  -1.570819 -1.475889 0.000019
4  16.160965 -0.011392 0.005502  -0.444189 0.000339 -0.187736
5  0.000002 -0.000002 0.000003  0.735292 -0.047258 -0.159309
6  0.000006 0.000001 -0.000002  1.581247 -0.082751 0.156275
7  0.000004 -0.000003 -0.000004  0.000000 -0.000000 -0.895020
8  0.000004 0.000003 0.000000  0.171848 0.000000 -0.000000
9  0.000004 0.000003 0.000000  0.343679 -0.000000 -0.000000
10  0.000005 0.000002 -0.000000  0.515595 -0.000000 0.000000
11  0.000005 0.000002 -0.000001  0.687427 -0.000000 -0.000000
12  0.000007 -0.000001 0.000001  0.859288 -0.000000 0.000000
13  0.000005 0.000002 0.000002  1.031200 0.000000 0.000000
14  0.000001 -0.000000 0.000002  1.203061 0.000000 0.000000
15  -0.000000 0.000008 -0.000001  1.263576 0.418879 -0.314240
16  0.000001 0.000002 0.000003  -0.101716 0.251856 -0.419300
17  -0.000001 0.000002 -0.000000  -0.086173 -0.085614 -0.232403
18  -0.000001 0.000001 -0.000000  0.102456 0.003879 -1.347132
19  -0.000001 0.000002 0.000003  -0.300744 0.193215 -0.072097
20  0.000003 0.000001 0.000001  -0.000000 0.000001 0.361224
21  -0.000002 0.000000 0.000001  -0.000000 -0.000000 0.554772
22  -0.000009 -0.000001 0.000007  -0.468973 0.003236 -0.913514
23  -0.000001 -0.000000 0.000002  -0.000000 0.000000 0.107843
24  -0.000002 0.000005 0.000001  -0.000000 0.000000 -0.059276
25  -0.000001 0.000001 0.000002  -0.330210 0.051924 -0.405928
26  0.000001 -0.000000 0.000001  -0.000000 0.000000 0.259463
27  0.000002 0.000002 -0.000001  -0.000000 -0.000000 0.231358
28  -0.000003 0.000004 0.000002  -0.494767 0.062983 -0.898239
29  -0.000000 -0.000003 0.000001  -0.000000 -0.000000 -0.226013
30  0.000001 -0.000001 0.000000  0.000000 0.000000 -0.114813
31  -0.000010 -0.000001 -0.000002  0.582370 -0.000409 -0.000122
32  -0.000005 0.000001 0.000001  0.300729 -0.042110 0.370703
33  -0.000008 -0.000002 -0.000001  0.000000 -0.000000 0.288792
34  0.000002 0.000000 -0.000001  -0.092810 -0.000000 0.000000
35  -0.000002 0.000002 -0.000001  -0.185636 0.000000 -0.000000
36  -0.000001 0.000004 -0.000000  -0.278434 -0.000000 -0.000000
37  -0.000006 0.000004 0.000000  -0.371281 -0.000000 0.000000
38  -0.000005 0.000004 -0.000001  -0.464067 -0.000000 -0.000000
39  -0.000004 0.000006 0.000002  -0.556930 -0.000000 -0.000000
40  -0.000004 0.000007 -0.000001  -0.649756 -0.000000 -0.000000
41  -0.000008 0.000005 -0.000001  -0.663227 -0.140203 -0.010535
42  1.410074 0.800535 2.089140  -2.043617 -0.463615 0.665928
43  3.954713 0.000006 -0.000006  0.000001 0.000000 0.689326
44  3.101569 -0.000008 -0.000001  0.000000 -0.000000 0.638253
45  -0.000002 0.000001 0.000000  0.013277 0.083196 0.032749
46  0.000002 -0.000001 -0.000002  0.000000 -0.000000 -0.584218
47  0.000001 -0.000001 0.000001  0.000000 -0.000000 -1.082442
48  7.145105 -0.676339 1.382427  0.062090 0.270328 0.703671
49  3.672218 -0.000001 0.000001  0.000000 -0.000001 1.498259
50  2.676528 -0.000000 -0.000000  0.000000 -0.000001 1.006829
51  6.831186 -0.870863 -0.599918  0.231922 0.205741 0.934461
52  3.657084 0.000011 -0.000002  -0.000001 -0.000000 1.453593
53  2.496791 -0.000002 0.000003  0.000001 -0.000001 0.750510
54  6.164478 -0.898147 -2.575015  0.332711 0.188105 0.821957
55  2.805845 0.000001 -0.000001  -0.000002 0.000001 0.963491
56  2.307449 0.000002 -0.000001  0.000001 -0.000001 0.990594
57  0.000000 0.000000 -0.000000  -0.023687 0.054850 -0.013168
58  0.000000 0.000000 0.000000  0.000000 -0.000000 -0.000000
59  0.723132 -7.927567 5.719847  -0.604115 0.792498 -0.477056
60  -4.098633 21.156731 -9.071738  -0.760198 0.671736 0.054566
61  4.790020 -6.144045 5.945786  -0.604115 0.792497 -0.477055
62  0.660711 -9.405924 5.052880  0.000000 0.000000 0.000000
63  0.001270 4.285939 -0.189680  -0.000001 0.000000 0.000000
64  0.060210 10.324397 74.469048  0.000008 0.000000 0.000000
65  -0.002042 -3.169755 2.277848  1.570797 0.000000 -1.570796
66  8.769395 -2.675094 -2.292491  0.000000 0.000000 0.000000
67  -1.584224 -9.364033 -0.000003  0.000000 -0.000000 0.000000
68  10.555296 -5.113575 -0.000003  -1.570797 1.570795 0.000000
69  6.464088 -5.113575 -0.000004  -1.570795 1.570796 0.000000
70  7.053374 -1.968535 2.001231  -1.570796 1.570796 0.000000
71  26.793739 -5.113573 0.000002  0.000000 -0.000000 0.000000
72  -2.662413 1.445765 40.667957  -0.000000 3.141592 1.570797
73  8.352064 2.772892 0.000546  -3.141589 0.000002 -0.000000
74  0.001265 21.193821 -3.302073  0.000000 0.000000 0.000000
75  0.059870 -33.068932 1.081966  1.570797 0.000000 -1.570796
76  0.064638 27.351307 72.195198  0.000000 -0.000000 -0.000001
77  0.000000 -0.000002 -0.000001  0.000000 -0.000000 0.000000
78  -0.000001 0.000003 -0.000001  0.000000 -0.000000 0.000000
79  1.907177 17.681805 0.736565  0.000001 0.000000 0.000000
80  0.059881 2.255348 54.398006  0.000000 0.000000 0.000000
81  0.003501 -22.270639 0.000157  1.570797 0.000000 -1.570796
82  0.000020 1.724013 -0.208864  0.000001 0.000000 0.000000
83  3.070323 34.933380 -3.860744  -0.559412 -0.264271 0.318056
84  -2.307079 11.683284 -6.602220  -0.008091 -0.065405 -1.488515
85  -2.662415 1.445768 33.628742  -0.000000 3.141592 1.570797
86  8.352064 2.772895 0.000545  -3.141589 0.000002 -0.000000
87  0.006416 -45.818314 0.735914  1.570797 0.000000 -1.570796
88  -0.108382 16.549219 -6.332980  -0.000001 0.000000 0.000001
89  -0.152045 -0.178989 6.405252  -0.000000 -0.000001 0.000000
90  0.326862 -0.178989 5.798759  -0.000000 -0.000001 0.000000
91  0.000000 -0.000002 3.169724  0.000000 -0.000000 -1.570797
92  -0.000000 -0.000000 -0.000001  0.000000 -0.000000 0.000000
93  0.000001 9.969380 -0.000000  -0.000000 0.000000 0.000000
94  22.846479 98.319504 -39.725765  0.000000 -0.000000 0.000000
95  0.000003 -10.070926 -2.318773  0.000000 0.000000 0.000000
96  -0.000001 0.000003 -1.529050  -0.000000 -0.000000 -0.000000
97  -0.078942 -0.000002 -0.000000  0.000000 0.000001 1.570796
98  0.097092 -0.000002 -0.000001  -0.000000 -3.141592 1.570796
99  0.000005 -13.006136 -2.049218  0.000000 0.000000 0.000000
100  -0.000000 0.000001 -0.000000  -0.000000 -0.000000 -0.000000
101  1.754237 4.036760 -1.682667  0.392575 -0.010118 -1.546365
102  -1.755139 4.036759 -1.682667  -0.404674 0.245240 -1.741923
103  0.000000 0.000002 -0.000000  -0.000000 -0.000000 -0.000000
104  -11.350048 -0.729411 0.864871  0.000197 -0.025368 0.026438
105  0.000001 -0.000003 0.000001  -0.000000 -0.000000 -0.000000
106  -11.344169 1.135887 0.869270  0.000000 -0.025020 -0.026323
107  0.000003 -3.002981 4.619920  1.570796 -0.000000 1.570797
time 15
0  0 0 0  0 0 0
1  0.000000 0.000000 0.000000  0.000000 -0.000000 -0.000000
2  -0.000005 0.000023 -61.375507  0.000000 0.000000 -1.570795
3  -0.012814 0.000000 8.236240  -1.570819 -1.475889 0.000019
4  16.160965 -0.011392 0.005502  -0.444189 0.000339 -0.187736
5  0.000002 -0.000002 0.000003  0.735292 -0.047258 -0.159309
6  0.000010 0.000001 -0.000002  1.582856 -0.083323 0.153044
7  -0.000001 -0.000001 -0.000004  0.000000 -0.000000 -0.904984
8  0.000002 0.000003 0.000000  0.171603 0.000000 -0.000000
9  0.000002 0.000003 -0.000000  0.343246 -0.000000 -0.000000
10  0.000002 0.000002 -0.000001  0.514901 -0.000000 0.000000
11  0.000002 0.000003 -0.000001  0.686519 -0.000000 0.000000
12  0.000004 0.000000 0.000001  0.858147 -0.000000 0.000000
13  0.000002 0.000003 0.000001  1.029798 0.000000 -0.000000
14  0.000003 0.000001 0.000002  1.201432 0.000000 0.000000
15  -0.000002 0.000008 -0.000000  1.264594 0.410043 -0.289007
16  0.000004 0.000001 0.000003  -0.101716 0.251856 -0.419299
17  0.000001 -0.000001 -0.000004  -0.088471 -0.082691 -0.212369
18  -0.000002 -0.000000 0.000000  0.103443 0.008125 -1.390433
19  0.000003 0.000003 0.000003  -0.300964 0.200354 -0.052441
20  -0.000006 -0.000005 0.000005  -0.000000 0.000001 0.382216
21  -0.000003 -0.000001 -0.000002  -0.000000 -0.000000 0.575747
22  0.000000 0.000002 0.000001  -0.469880 0.009438 -0.893498
23  -0.000001 -0.000002 0.000001  -0.000000 0.000000 0.128816
24  -0.000001 0.000003 0.000002  -0.000000 0.000000 -0.038273
25  0.000002 0.000001 0.000002  -0.331361 0.057351 -0.385800
26  -0.000000 -0.000005 0.000001  -0.000000 0.000000 0.280406
27  -0.000002 -0.000002 -0.000001  0.000000 -0.000000 0.252325
28  -0.000002 0.000002 0.000005  -0.494139 0.068638 -0.878046
29  -0.000001 -0.000003 -0.000001  0.000000 -0.000000 -0.205016
30  -0.000001 -0.000002 -0.000000  0.000000 0.000000 -0.093849
31  -0.000010 -0.000001 -0.000002  0.582370 -0.000409 -0.000123
32  -0.000001 0.000001 0.000002  0.300729 -0.042111 0.370715
33  -0.000002 -0.000003 -0.000001  -0.000000 -0.000000 0.288792
34  0.000006 -0.000003 -0.000001  -0.092810 -0.000000 0.000000
35  0.000002 -0.000002 -0.000001  -0.185636 0.000000 -0.000000
36  0.000001 0.000001 -0.000000  -0.278434 -0.000000 -0.000000
37  0.000002 -0.000002 0.000000  -0.371281 -0.000000 0.000000
38  0.000000 0.000001 -0.000001  -0.464067 -0.000000 -0.000000
39  0.000001 0.000003 0.000001  -0.556930 -0.000000 -0.000000
40  0.000001 0.000002 -0.000000  -0.649756 -0.000000 -0.000000
41  -0.000004 0.000002 -0.000001  -0.663227 -0.140203 -0.010535
42  1.410071 0.800538 2.089142  -2.043617 -0.463615 0.665928
43  3.954712 0.000007 -0.000006  0.000002 0.000000 0.689326
44  3.101569 -0.000007 0.000001  0.000000 -0.000000 0.638253
45  -0.000000 0.000001 0.000000  0.013176 0.083204 0.031767
46  -0.000002 -0.000000 -0.000001  -0.000000 -0.000000 -0.585238
47  -0.000004 -0.000001 0.000001  0.000000 0.000000 -1.083439
48  7.145104 -0.676335 1.382429  0.062090 0.270328 0.703671
49  3.672220 -0.000002 0.000001  0.000000 -0.000001 1.498259
50  2.676529 0.000003 0.000001  0.000000 -0.000001 1.006829
51  6.831186 -0.870861 -0.599917  0.231922 0.205741 0.934461
52  3.657086 0.000010 -0.000002  -0.000001 -0.000000 1.453593
53  2.496790 -0.000002 0.000002  0.000001 -0.000001 0.750510
54  6.164479 -0.898145 -2.575015  0.332711 0.188105 0.821957
55  2.805845 -0.000001 -0.000001  -0.000002 0.000000 0.963491
56  2.307449 0.000006 -0.000001  0.000001 -0.000001 0.990594
57  0.000000 0.000000 -0.000000  -0.023687 0.054850 -0.013168
58  0.000000 0.000000 0.000000  0.000000 -0.000000 -0.000000
59  0.723132 -7.927567 5.719847  -0.604115 0.792498 -0.477056
60  -4.030743 21.344574 -9.004283  -0.739720 0.666278 0.060581
61  4.790020 -6.144045 5.945786  -0.604115 0.792497 -0.477055
62  0.660711 -9.405924 5.052880  0.000000 0.000000 0.000000
63  0.001270 4.285939 -0.189680  -0.000001 0.000000 0.000000
64  0.060210 10.324397 74.469048  0.000008 0.000000 0.000000
65  -0.002042 -3.169755 2.277848  1.570797 0.000000 -1.570796
66  8.769395 -2.675094 -2.292491  0.000000 0.000000 0.000000
67  -1.584224 -9.364033 -0.000003  0.000000 -0.000000 0.000000
68  10.555296 -5.113575 -0.000003  -1.570797 1.570795 0.000000
69  6.464088 -5.113575 -0.000004  -1.570795 1.570796 0.000000
70  7.053374 -1.968535 2.001231  -1.570796 1.570796 0.000000
71  26.793739 -5.113573 0.000002  0.000000 -0.000000 0.000000
72  -2.662413 1.445765 40.667957  -0.000000 3.141592 1.570797
73  8.352064 2.772892 0.000546  -3.141589 0.000002 -0.000000
74  0.001265 21.193821 -3.302073  0.000000 0.000000 0.000000
75  0.059870 -33.068932 1.081966  1.570797 0.000000 -1.570796
76  0.064638 27.351307 72.195198  0.000000 -0.000000 -0.000001
77  0.000000 -0.000002 -0.000001  0.000000 -0.000000 0.000000
78  -0.000001 0.000003 -0.000001  0.000000 -0.000000 0.000000
79  1.907177 17.681805 0.736565  0.000001 0.000000 0.000000
80  0.059881 2.255348 54.398006  0.000000 0.000000 0.000000
81  0.003501 -22.270639 0.000157  1.570797 0.000000 -1.570796
82  0.000020 1.724013 -0.208864  0.000001 0.000000 0.000000
83  3.019447 35.078472 -3.718138  -0.543598 -0.270542 0.321762
84  -2.307079 11.683284 -6.602220  -0.008091 -0.065405 -1.488515
85  -2.662415 1.445768 33.628742  -0.000000 3.141592 1.570797
86  8.352064 2.772895 0.000545  -3.141589 0.000002 -0.000000
87  0.006416 -45.818314 0.735914  1.570797 0.000000 -1.570796
88  -0.108382 16.549219 -6.332980  -0.000001 0.000000 0.000001
89  -0.152045 -0.178989 6.405252  -0.000000 -0.000001 0.000000
90  0.326862 -0.178989 5.798759  -0.000000 -0.000001 0.000000
91  0.000000 -0.000002 3.169724  0.000000 -0.000000 -1.570797
92  -0.000000 -0.000000 -0.000001  0.000000 -0.000000 0.000000
93  0.000001 9.969380 -0.000000  -0.000000 0.000000 0.000000
94  22.846479 98.319504 -39.725765  0.000000 -0.000000 0.000000
95  0.000003 -10.070926 -2.318773  0.000000 0.000000 0.000000
96  -0.000001 0.000003 -1.529050  -0.000000 -0.000000 -0.000000
97  -0.078942 -0.000002 -0.000000  0.000000 0.000001 1.570796
98  0.097092 -0.000002 -0.000001  -0.000000 -3.141592 1.570796
99  0.000005 -13.006136 -2.049218  0.000000 0.000000 0.000000
100  -0.000000 0.000001 -0.000000  -0.000000 -0.000000 -0.000000
101  1.754237 4.036760 -1.682667  0.392575 -0.010118 -1.546365
102  -1.755139 4.036759 -1.682667  -0.404674 0.245240 -1.741923
103  0.000000 0.000002 -0.000000  -0.000000 -0.000000 -0.000000
104  -11.350048 -0.729411 0.864871  0.000197 -0.025368 0.026438
105  0.000001 -0.000003 0.000001  -0.000000 -0.000000 -0.000000
106  -11.344169 1.135887 0.869270  0.000000 -0.025020 -0.026323
107  0.000003 -3.002981 4.619920  1.570796 -0.000000 1.570797
time 16
0  0 0 0  0 0 0
1  0.000000 0.000000 0.000000  0.000000 -0.000000 -0.000000
2  -0.000005 0.000023 -61.375507  0.000000 0.000000 -1.570795
3  -0.012814 0.000000 8.236240  -1.570819 -1.475889 0.000019
4  16.160965 -0.011392 0.005502  -0.444189 0.000339 -0.187736
5  0.000002 -0.000002 0.000003  0.735292 -0.047258 -0.159309
6  0.000010 0.000001 -0.000002  1.580348 -0.082587 0.155445
7  -0.000003 -0.000001 -0.000004  0.000000 -0.000000 -0.909058
8  0.000000 0.000001 0.000000  0.171909 0.000000 -0.000000
9  0.000002 0.000003 -0.000000  0.343803 -0.000000 -0.000000
10  0.000001 0.000000 -0.000001  0.515722 -0.000000 0.000000
11  0.000001 0.000000 -0.000001  0.687621 -0.000000 0.000000
12  -0.000002 -0.000003 0.000001  0.859556 -0.000000 0.000000
13  0.000001 0.000000 0.000001  1.031481 0.000000 -0.000000
14  0.000001 0.000000 0.000002  1.203431 0.000000 0.000000
15  -0.000004 0.000007 -0.000001  1.266703 0.412634 -0.269040
16  0.000002 -0.000003 0.000001  -0.101716 0.251856 -0.419299
17  0.000001 0.000003 0.000002  -0.090523 -0.079911 -0.193903
18  -0.000004 -0.000003 0.000004  0.104136 0.012036 -1.429526
19  -0.000001 -0.000001 0.000003  -0.301090 0.206413 -0.035578
20  -0.000003 -0.000004 0.000003  -0.000000 0.000001 0.400137
21  0.000001 -0.000001 -0.000000  -0.000000 -0.000000 0.593659
22  -0.000004 -0.000001 0.000001  -0.470546 0.014704 -0.876391
23  -0.000001 -0.000007 0.000002  -0.000000 0.000000 0.146742
24  -0.000002 -0.000006 -0.000000  -0.000000 0.000000 -0.020326
25  0.000000 -0.000003 -0.000000  -0.332225 0.062068 -0.368534
26  0.000001 0.000001 0.000003  -0.000000 0.000001 0.298355
27  -0.000002 -0.000004 0.000002  -0.000000 -0.000000 0.270301
28  -0.000004 -0.000001 0.000001  -0.493411 0.073426 -0.860682
29  -0.000001 -0.000007 0.000002  -0.000000 -0.000000 -0.187107
30  0.000000 -0.000009 0.000001  0.000000 0.000000 -0.075949
31  -0.000010 -0.000001 -0.000002  0.582370 -0.000409 -0.000123
32  -0.000001 0.000001 0.000002  0.302264 -0.044288 0.368706
33  0.000002 -0.000003 -0.000002  0.000000 -0.000000 0.295517
34  0.000005 -0.000001 -0.000001  -0.091893 -0.000000 -0.000000
35  0.000003 0.000000 -0.000001  -0.183797 0.000000 -0.000000
36  -0.000000 0.000004 -0.000000  -0.275723 -0.000000 -0.000000
37  0.000002 0.000000 0.000001  -0.367617 -0.000000 -0.000000
38  0.000003 0.000001 -0.000000  -0.459553 -0.000000 -0.000000
39  0.000000 0.000005 0.000002  -0.551473 -0.000000 -0.000000
40  -0.000003 0.000007 -0.000000  -0.643383 -0.000000 -0.000000
41  -0.000004 0.000006 -0.000001  -0.659049 -0.132663 -0.021156
42  1.410072 0.800535 2.089140  -2.043617 -0.463615 0.665928
43  3.954713 0.000007 -0.000008  0.000001 0.000000 0.689326
44  3.101571 -0.000006 -0.000001  0.000000 -0.000000 0.638253
45  0.000002 -0.000001 -0.000002  0.012954 0.083221 0.029375
46  -0.000005 0.000001 -0.000001  -0.000000 -0.000000 -0.587597
47  -0.000003 -0.000000 0.000000  0.000000 0.000000 -1.087859
48  7.145104 -0.676338 1.382428  0.062090 0.270328 0.703671
49  3.672218 0.000001 0.000002  0.000000 -0.000001 1.498259
50  2.676527 0.000002 -0.000001  0.000000 -0.000001 1.006829
51  6.831188 -0.870863 -0.599918  0.231922 0.205741 0.934461
52  3.657085 0.000009 -0.000002  -0.000001 -0.000000 1.453593
53  2.496788 -0.000003 0.000003  0.000001 -0.000001 0.750510
54  6.164482 -0.898149 -2.575017  0.332711 0.188105 0.821957
55  2.805847 0.000001 -0.000001  -0.000002 0.000001 0.963491
56  2.307449 0.000002 -0.000001  0.000001 -0.000001 0.990594
57  0.000000 0.000000 -0.000000  -0.024109 0.054238 -0.013111
58  0.000000 0.000000 0.000000  0.000000 -0.000000 -0.000000
59  0.723131 -8.009248 5.767764  -0.606228 0.782767 -0.473338
60  -3.894967 21.344574 -8.950320  -0.730130 0.654004 0.066082
61  4.790020 -6.152721 6.106997  -0.606228 0.782767 -0.473338
62  0.660711 -9.405924 5.052882  -0.000000 0.000000 0.000000
63  0.001271 4.285939 -0.189680  -0.000001 0.000000 0.000000
64  0.060209 10.324393 74.469048  0.000008 0.000000 0.000000
65  -0.002042 -3.169755 2.277849  1.570797 0.000000 -1.570796
66  8.769394 -2.675094 -2.292492  0.000000 0.000000 0.000000
67  -1.584226 -9.364034 -0.000005  0.000000 -0.000000 0.000000
68  10.555297 -5.113576 -0.000005  -1.570797 1.570795 0.000000
69  6.464088 -5.113575 -0.000006  -1.570795 1.570796 0.000000
70  7.053374 -1.968535 2.001230  -1.570796 1.570796 0.000000
71  26.793741 -5.113574 -0.000002  0.000001 -0.000000 -0.000000
72  -2.662414 1.445763 40.667957  -0.000000 3.141592 1.570797
73  8.352067 2.772897 0.000542  -3.141589 0.000002 0.000000
74  0.001265 21.193819 -3.302073  0.000000 0.000000 0.000000
75  0.059867 -33.068932 1.081970  1.570797 -0.000000 -1.570796
76  0.064643 27.351303 72.195198  -0.000000 -0.000000 -0.000001
77  0.000000 -0.000003 0.000000  -0.000000 0.000000 0.000000
78  -0.000000 0.000002 0.000001  -0.000000 0.000000 0.000000
79  1.907178 17.681803 0.736565  0.000001 0.000000 0.000000
80  0.059884 2.255346 54.398014  -0.000000 0.000000 0.000000
81  0.003502 -22.270641 0.000153  1.570797 0.000000 -1.570796
82  0.000021 1.724012 -0.208863  0.000001 0.000000 0.000000
83  2.968577 35.223564 -3.594981  -0.530052 -0.275963 0.324836
84  -2.307078 11.683283 -6.602219  -0.008091 -0.065405 -1.488515
85  -2.662413 1.445766 33.628742  -0.000000 3.141592 1.570797
86  8.352067 2.772897 0.000549  -3.141589 0.000002 0.000000
87  0.006412 -45.818310 0.735916  1.570797 -0.000000 -1.570796
88  -0.108381 16.549217 -6.332980  -0.000001 0.000000 0.000001
89  -0.152045 -0.178991 6.405251  -0.000001 -0.000001 -0.000000
90  0.326862 -0.178990 5.798759  -0.000001 -0.000001 -0.000000
91  0.000001 -0.000003 3.169724  -0.000000 -0.000000 -1.570797
92  0.000000 -0.000000 -0.000000  -0.000000 0.000000 0.000000
93  0.000001 9.969378 0.000000  -0.000000 0.000000 0.000000
94  22.846481 98.319496 -39.725765  -0.000000 0.000000 0.000000
95  0.000004 -10.070925 -2.318773  0.000000 0.000000 0.000000
96  -0.000000 -0.000001 -1.529050  -0.000000 -0.000000 0.000000
97  -0.078943 0.000001 0.000000  0.000000 0.000001 1.570796
98  0.097091 0.000001 -0.000001  -0.000000 -3.141592 1.570796
99  0.000004 -13.006135 -2.049216  0.000000 0.000000 0.000000
100  0.000000 -0.000001 0.000001  -0.000000 -0.000000 0.000000
101  1.754236 4.036759 -1.682666  0.392575 -0.010118 -1.546365
102  -1.755141 4.036758 -1.682665  -0.404674 0.245240 -1.741923
103  -0.000001 0.000000 0.000001  -0.000000 -0.000000 0.000000
104  -11.350051 -0.729413 0.864872  0.000197 -0.025368 0.026438
105  -0.000001 -0.000005 0.000002  -0.000000 -0.000000 0.000000
106  -11.344171 1.135887 0.869270  -0.000000 -0.025020 -0.026323
107  0.000002 -3.002981 4.619921  1.570796 -0.000000 1.570797
time 17
0  0 0 0  0 0 0
1  0.000000 0.000000 0.000000  0.000000 -0.000000 -0.000000
2  -0.000005 0.000023 -61.375507  0.000000 0.000000 -1.570795
3  -0.012814 0.000000 8.236240  -1.570819 -1.475889 0.000019
4  16.160965 -0.011392 0.005502  -0.444189 0.000339 -0.187736
5  0.000002 -0.000002 0.000003  0.735292 -0.047258 -0.159309
6  0.000010 0.000001 -0.000002  1.576090 -0.084579 0.160171
7  -0.000002 -0.000000 -0.000005  0.000000 -0.000000 -0.904102
8  -0.000001 -0.000002 0.000001  0.172522 0.000000 -0.000000
9  -0.000000 -0.000002 0.000001  0.345042 -0.000000 -0.000000
10  0.000000 -0.000003 -0.000000  0.517615 -0.000000 0.000000
11  -0.000000 -0.000002 -0.000000  0.690150 -0.000000 0.000000
12  0.000002 -0.000004 0.000001  0.862713 -0.000000 0.000000
13  0.000000 -0.000003 0.000002  1.035202 0.000000 0.000000
14  0.000000 -0.000003 0.000002  1.207729 0.000000 0.000000
15  -0.000005 0.000004 -0.000001  1.269568 0.422600 -0.270220
16  -0.000001 -0.000000 0.000004  -0.101716 0.251856 -0.419299
17  -0.000001 0.000001 -0.000002  -0.091773 -0.078165 -0.182199
18  -0.000003 -0.000001 0.000003  0.104488 0.014211 -1.451891
19  -0.000004 -0.000001 0.000005  -0.301158 0.208970 -0.028468
20  -0.000003 -0.000001 0.000002  -0.000000 0.000001 0.407800
21  0.000003 0.000000 0.000000  -0.000000 -0.000000 0.601259
22  -0.000006 -0.000000 0.000004  -0.470788 0.016928 -0.869142
23  -0.000001 0.000003 -0.000001  -0.000000 0.000000 0.154394
24  -0.000001 0.000004 0.000001  -0.000000 0.000000 -0.012757
25  -0.000003 0.000001 0.000003  -0.332516 0.064021 -0.361216
26  0.000001 -0.000002 0.000004  -0.000000 0.000001 0.305949
27  -0.000001 -0.000000 -0.000000  -0.000000 -0.000000 0.277879
28  -0.000005 0.000002 0.000003  -0.493121 0.075498 -0.853332
29  -0.000001 -0.000001 0.000004  -0.000000 -0.000000 -0.179445
30  -0.000000 -0.000004 0.000001  0.000000 0.000000 -0.068314
31  -0.000010 -0.000001 -0.000002  0.582370 -0.000409 -0.000123
32  -0.000001 0.000001 0.000002  0.302857 -0.044416 0.366805
33  -0.000007 -0.000002 -0.000001  0.000000 -0.000000 0.303233
34  0.000003 -0.000003 -0.000001  -0.090977 -0.000000 0.000000
35  -0.000001 -0.000001 -0.000001  -0.181958 0.000000 0.000000
36  -0.000002 0.000002 -0.000000  -0.272950 -0.000000 -0.000000
37  -0.000001 -0.000001 0.000001  -0.363955 -0.000000 0.000000
38  -0.000002 0.000001 -0.000000  -0.454915 -0.000000 -0.000000
39  -0.000001 0.000003 0.000002  -0.545956 -0.000000 -0.000000
40  -0.000001 0.000003 -0.000000  -0.636953 -0.000000 -0.000000
41  -0.000006 0.000004 0.000000  -0.655917 -0.121568 -0.037980
42  1.410072 0.800537 2.089139  -2.043617 -0.463615 0.665928
43  3.954713 0.000009 -0.000008  0.000001 0.000000 0.689326
44  3.101568 -0.000006 -0.000000  0.000000 -0.000000 0.638253
45  -0.000000 0.000002 -0.000002  0.012619 0.083186 0.025756
46  -0.000001 -0.000001 -0.000001  -0.000000 -0.000000 -0.591169
47  0.000001 -0.000000 -0.000000  0.000000 0.000000 -1.095429
48  7.145104 -0.676336 1.382428  0.062090 0.270328 0.703671
49  3.672218 0.000000 0.000002  0.000000 -0.000001 1.498259
50  2.676526 0.000003 0.000001  0.000000 -0.000001 1.006829
51  6.831189 -0.870862 -0.599920  0.231922 0.205741 0.934461
52  3.657086 0.000009 -0.000002  -0.000001 -0.000000 1.453593
53  2.496789 -0.000002 0.000003  0.000001 -0.000001 0.750510
54  6.164478 -0.898145 -2.575016  0.332711 0.188105 0.821957
55  2.805844 -0.000000 -0.000001  -0.000002 0.000001 0.963491
56  2.307450 0.000004 -0.000001  0.000001 -0.000001 0.990594
57  0.000000 0.000000 -0.000000  -0.024773 0.053563 -0.012999
58  0.000000 0.000000 0.000000  0.000000 -0.000000 -0.000000
59  0.698766 -8.121557 5.731827  -0.611362 0.770628 -0.468550
60  -3.827082 21.156738 -9.058248  -0.734537 0.643482 0.069484
61  4.779912 -6.144045 6.206205  -0.611362 0.770627 -0.468551
62  0.660709 -9.405925 5.052883  -0.000000 0.000000 0.000000
63  0.001270 4.285938 -0.189680  -0.000001 0.000000 0.000000
64  0.060211 10.324396 74.469048  0.000008 0.000000 0.000000
65  -0.002042 -3.169755 2.277848  1.570797 0.000000 -1.570796
66  8.769394 -2.675094 -2.292491  0.000000 0.000000 0.000000
67  -1.584225 -9.364035 -0.000004  0.000000 -0.000000 0.000000
68  10.555299 -5.113576 -0.000004  -1.570797 1.570795 0.000000
69  6.464088 -5.113576 -0.000005  -1.570795 1.570796 0.000000
70  7.053376 -1.968536 2.001230  -1.570796 1.570796 0.000000
71  26.793743 -5.113574 0.000001  0.000001 -0.000000 -0.000000
72  -2.662412 1.445766 40.667961  -0.000000 3.141592 1.570797
73  8.352066 2.772894 0.000547  -3.141589 0.000002 -0.000000
74  0.001265 21.193819 -3.302072  0.000000 0.000000 0.000000
75  0.059868 -33.068932 1.081968  1.570797 -0.000000 -1.570796
76  0.064644 27.351309 72.195198  -0.000000 -0.000000 -0.000001
77  0.000000 -0.000004 0.000000  -0.000000 0.000000 0.000000
78  -0.000001 0.000003 0.000000  -0.000000 0.000000 0.000000
79  1.907177 17.681805 0.736566  0.000001 0.000000 0.000000
80  0.059886 2.255348 54.398010  0.000000 0.000000 0.000000
81  0.003498 -22.270643 0.000150  1.570797 0.000000 -1.570796
82  0.000020 1.724012 -0.208862  0.000001 0.000000 0.000000
83  2.943142 35.259842 -3.536644  -0.524320 -0.278260 0.326129
84  -2.307079 11.683284 -6.602219  -0.008091 -0.065405 -1.488515
85  -2.662412 1.445767 33.628746  -0.000000 3.141592 1.570797
86  8.352066 2.772895 0.000546  -3.141589 0.000002 -0.000000
87  0.006411 -45.818317 0.735916  1.570797 -0.000000 -1.570796
88  -0.108381 16.549219 -6.332980  -0.000001 0.000000 0.000001
89  -0.152045 -0.178990 6.405252  -0.000000 -0.000001 0.000000
90  0.326862 -0.178989 5.798759  -0.000000 -0.000001 0.000000
91  0.000000 -0.000003 3.169724  0.000000 -0.000000 -1.570797
92  -0.000001 0.000001 -0.000000  -0.000000 0.000000 0.000000
93  0.000001 9.969381 0.000001  -0.000000 0.000000 0.000000
94  22.846479 98.319496 -39.725761  -0.000000 0.000000 0.000000
95  0.000003 -10.070927 -2.318773  0.000000 0.000000 0.000000
96  0.000000 0.000002 -1.529051  -0.000000 -0.000000 0.000000
97  -0.078941 0.000001 0.000000  0.000000 0.000001 1.570796
98  0.097092 0.000003 -0.000001  -0.000000 -3.141592 1.570796
99  0.000004 -13.006136 -2.049217  0.000000 0.000000 0.000000
100  0.000001 0.000001 0.000000  -0.000000 -0.000000 0.000000
101  1.754236 4.036762 -1.682667  0.392575 -0.010118 -1.546365
102  -1.755140 4.036760 -1.682667  -0.404674 0.245240 -1.741923
103  0.000000 0.000002 -0.000001  0.000000 0.000000 0.000000
104  -11.350049 -0.729412 0.864871  0.000197 -0.025367 0.026438
105  -0.000000 -0.000001 0.000001  0.000000 0.000000 0.000000
106  -11.344169 1.135890 0.869270  -0.000000 -0.025019 -0.026323
107  0.000001 -3.002982 4.619921  1.570796 -0.000000 1.570797
time 18
0  0 0 0  0 0 0
1  0.000000 0.000000 0.000000  0.000000 -0.000000 -0.000000
2  -0.000005 0.000023 -61.375507  0.000000 0.000000 -1.570795
3  -0.012814 0.000000 8.236240  -1.570819 -1.475889 0.000019
4  16.160965 -0.011392 0.005502  -0.444189 0.000339 -0.187736
5  0.000002 -0.000002 0.000003  0.735292 -0.047258 -0.159309
6  0.000006 0.000001 -0.000002  1.573630 -0.082494 0.164171
7  -0.000005 -0.000002 -0.000004  0.000000 -0.000000 -0.888525
8  -0.000001 -0.000002 -0.000000  0.173195 0.000000 -0.000000
9  0.000003 -0.000000 -0.000001  0.346406 -0.000000 -0.000000
10  0.000000 -0.000004 -0.000001  0.519636 -0.000000 0.000000
11  -0.000000 -0.000003 -0.000002  0.692875 -0.000000 -0.000000
12  0.000001 -0.000005 0.000000  0.866141 -0.000000 0.000000
13  -0.000000 -0.000003 0.000001  1.039348 0.000000 0.000000
14  0.000000 -0.000004 0.000001  1.212626 0.000000 0.000000
15  -0.000005 0.000003 -0.000001  1.272261 0.433574 -0.296719
16  0.000002 0.000001 -0.000003  -0.101863 0.252110 -0.419277
17  -0.000000 -0.000002 -0.000002  -0.091656 -0.078334 -0.183363
18  0.000000 -0.000002 0.000001  0.104270 0.013149 -1.441165
19  -0.000002 0.000000 0.000000  -0.300337 0.204307 -0.039706
20  -0.000001 -0.000002 0.000004  -0.000000 0.000001 0.395405
21  -0.000006 -0.000001 0.000000  -0.000000 -0.000000 0.588937
22  -0.000006 -0.000001 0.000001  -0.469521 0.013035 -0.880784
23  -0.000002 -0.000012 0.000003  -0.000000 0.000000 0.142030
24  -0.000001 -0.000005 0.000001  -0.000000 -0.000000 -0.025087
25  -0.000002 -0.000001 -0.000001  -0.331135 0.060548 -0.372923
26  0.000001 0.000000 0.000002  -0.000000 0.000000 0.293603
27  -0.000000 -0.000001 -0.000001  -0.000000 -0.000000 0.265558
28  -0.000006 -0.000001 0.000001  -0.492814 0.071746 -0.865113
29  -0.000001 0.000001 0.000001  -0.000000 -0.000000 -0.191828
30  0.000001 -0.000004 0.000002  0.000000 0.000000 -0.080652
31  -0.000010 -0.000001 -0.000002  0.582370 -0.000409 -0.000122
32  -0.000005 0.000001 0.000001  0.303487 -0.045789 0.366793
33  -0.000004 -0.000002 -0.000002  0.000000 -0.000000 0.307741
34  0.000004 -0.000002 -0.000002  -0.090916 -0.000000 0.000000
35  0.000000 -0.000001 -0.000002  -0.181836 0.000000 0.000000
36  -0.000001 0.000002 -0.000001  -0.272703 -0.000000 -0.000000
37  0.000000 -0.000001 -0.000000  -0.363644 -0.000000 0.000000
38  -0.000002 0.000001 -0.000001  -0.454539 -0.000000 -0.000000
39  -0.000000 0.000003 0.000001  -0.545449 -0.000000 -0.000000
40  -0.000000 0.000004 -0.000000  -0.636375 -0.000000 -0.000000
41  -0.000005 0.000004 -0.000002  -0.655672 -0.118665 -0.048802
42  1.410069 0.800536 2.089142  -2.043617 -0.463615 0.665928
43  3.954714 0.000004 -0.000008  0.000001 0.000000 0.689326
44  3.101571 -0.000007 -0.000000  0.000000 -0.000000 0.638253
45  -0.000003 0.000000 0.000000  0.012206 0.083214 0.021707
46  0.000003 -0.000001 0.000000  -0.000000 -0.000000 -0.595254
47  -0.000003 -0.000000 0.000000  -0.000000 0.000000 -1.102443
48  7.145104 -0.676338 1.382428  0.062090 0.270328 0.703671
49  3.672220 -0.000000 0.000001  0.000000 -0.000001 1.498259
50  2.676528 0.000002 0.000001  0.000000 -0.000001 1.006829
51  6.831184 -0.870863 -0.599917  0.231922 0.205741 0.934461
52  3.657085 0.000013 -0.000002  -0.000001 -0.000000 1.453593
53  2.496792 -0.000002 0.000002  0.000001 -0.000001 0.750510
54  6.164475 -0.898146 -2.575015  0.332711 0.188105 0.821957
55  2.805847 -0.000002 -0.000001  -0.000002 0.000001 0.963491
56  2.307451 0.000004 -0.000001  0.000001 -0.000001 0.990594
57  0.000000 0.000000 -0.000000  -0.025257 0.053317 -0.012886
58  0.000000 0.000000 0.000000  0.000000 -0.000000 -0.000000
59  0.640288 -8.172608 5.767762  -0.617475 0.766233 -0.467429
60  -3.962856 20.874977 -9.139194  -0.755181 0.645411 0.066546
61  4.769805 -6.126694 6.317814  -0.617476 0.766233 -0.467430
62  0.660712 -9.405927 5.052879  -0.000000 0.000000 -0.000000
63  0.001271 4.285938 -0.189680  -0.000001 -0.000000 0.000000
64  0.060209 10.324398 74.469048  0.000008 -0.000000 0.000000
65  -0.002042 -3.169755 2.277849  1.570797 0.000000 -1.570796
66  8.769393 -2.675095 -2.292493  -0.000000 0.000000 0.000000
67  -1.584225 -9.364035 -0.000004  -0.000000 -0.000000 0.000000
68  10.555299 -5.113577 -0.000005  -1.570797 1.570795 0.000000
69  6.464088 -5.113576 -0.000005  -1.570795 1.570796 0.000000
70  7.053374 -1.968537 2.001229  -1.570796 1.570796 0.000000
71  26.793741 -5.113575 -0.000003  0.000000 -0.000000 -0.000000
72  -2.662414 1.445765 40.667957  -0.000000 3.141592 1.570797
73  8.352066 2.772894 0.000543  -3.141589 0.000002 -0.000000
74  0.001265 21.193819 -3.302072  0.000000 -0.000000 0.000000
75  0.059869 -33.068935 1.081967  1.570797 0.000000 -1.570796
76  0.064642 27.351303 72.195198  0.000000 -0.000000 -0.000001
77  0.000001 -0.000005 -0.000000  0.000000 0.000000 -0.000000
78  0.000001 -0.000001 -0.000001  0.000000 0.000000 -0.000000
79  1.907178 17.681803 0.736565  0.000001 0.000000 0.000000
80  0.059886 2.255350 54.398006  0.000000 -0.000000 0.000000
81  0.003500 -22.270643 0.000159  1.570797 0.000000 -1.570796
82  0.000020 1.724012 -0.208863  0.000001 -0.000000 0.000000
83  2.968575 35.187290 -3.633872  -0.534603 -0.274200 0.323859
84  -2.307078 11.683283 -6.602219  -0.008091 -0.065405 -1.488515
85  -2.662412 1.445768 33.628742  -0.000000 3.141592 1.570797
86  8.352066 2.772894 0.000547  -3.141589 0.000002 -0.000000
87  0.006414 -45.818314 0.735914  1.570797 0.000000 -1.570796
88  -0.108381 16.549217 -6.332979  -0.000001 0.000000 0.000001
89  -0.152045 -0.178991 6.405252  -0.000000 -0.000001 0.000000
90  0.326862 -0.178990 5.798759  -0.000000 -0.000001 0.000000
91  0.000000 -0.000003 3.169724  -0.000000 -0.000000 -1.570797
92  0.000000 -0.000001 -0.000000  0.000000 0.000000 -0.000000
93  0.000001 9.969379 0.000001  0.000000 0.000000 0.000000
94  22.846476 98.319489 -39.725758  0.000000 0.000000 -0.000000
95  0.000003 -10.070927 -2.318772  0.000000 -0.000000 0.000000
96  0.000000 -0.000002 -1.529051  -0.000000 0.000000 0.000000
97  -0.078942 -0.000001 -0.000001  -0.000000 0.000001 1.570796
98  0.097092 0.000000 -0.000001  0.000000 -3.141592 1.570796
99  0.000005 -13.006140 -2.049217  0.000000 -0.000000 0.000000
100  -0.000000 0.000002 0.000000  -0.000000 0.000000 0.000000
101  1.754236 4.036760 -1.682666  0.392575 -0.010118 -1.546365
102  -1.755140 4.036760 -1.682666  -0.404674 0.245240 -1.741923
103  -0.000000 0.000001 -0.000000  0.000000 -0.000000 0.000000
104  -11.350050 -0.729410 0.864870  0.000197 -0.025368 0.026438
105  -0.000000 -0.000003 0.000001  0.000000 -0.000000 0.000000
106  -11.344170 1.135887 0.869271  0.000000 -0.025020 -0.026323
107  0.000003 -3.002982 4.619920  1.570796 -0.000000 1.570797
time 19
0  0 0 0  0 0 0
1  0.000000 0.000000 0.000000  0.000000 -0.000000 -0.000000
2  -0.000005 0.000023 -61.375507  0.000000 0.000000 -1.570795
3  -0.012814 0.000000 8.236240  -1.570819 -1.475889 0.000019
4  16.160965 -0.011392 0.005502  -0.444189 0.000339 -0.187736
5  0.000002 -0.000002 0.000003  0.735292 -0.047258 -0.159309
6  0.000006 0.000001 -0.000002  1.570179 -0.079931 0.170329
7  -0.000000 -0.000003 -0.000005  0.000000 -0.000000 -0.868698
8  -0.000001 -0.000001 -0.000000  0.173808 0.000000 -0.000000
9  -0.000001 -0.000001 -0.000000  0.347707 -0.000000 -0.000000
10  -0.000000 -0.000002 -0.000001  0.521594 -0.000000 -0.000000
11  -0.000000 -0.000002 -0.000002  0.695471 -0.000000 -0.000000
12  0.000001 -0.000004 0.000001  0.869303 -0.000000 0.000000
13  0.000000 -0.000003 0.000001  1.043147 0.000000 0.000000
14  -0.000000 -0.000002 0.000001  1.217012 0.000000 0.000000
15  -0.000004 0.000003 -0.000001  1.272179 0.449810 -0.337596
16  -0.000002 0.000001 -0.000000  -0.102010 0.252364 -0.419254
17  0.000000 -0.000002 0.000001  -0.090548 -0.079828 -0.193414
18  0.000001 0.000002 0.000002  0.103783 0.009869 -1.408021
19  -0.000004 0.000003 -0.000000  -0.299330 0.194914 -0.064151
20  0.000001 0.000003 0.000000  -0.000000 0.000001 0.369045
21  0.000002 0.000000 -0.000003  -0.000000 -0.000000 0.562583
22  -0.000008 0.000001 -0.000000  -0.467640 0.004950 -0.905805
23  -0.000001 -0.000003 0.000004  -0.000000 0.000000 0.115668
24  -0.000002 -0.000001 -0.000000  -0.000000 0.000000 -0.051460
25  -0.000006 -0.000001 0.000001  -0.328966 0.053372 -0.398086
26  -0.000000 0.000001 0.000001  -0.000000 0.000000 0.267282
27  -0.000003 0.000001 -0.000001  -0.000000 -0.000000 0.239163
28  -0.000008 0.000002 0.000000  -0.492963 0.064287 -0.890449
29  -0.000000 0.000003 0.000002  -0.000000 -0.000000 -0.218213
30  -0.000000 -0.000001 -0.000001  0.000000 0.000000 -0.107049
31  -0.000010 -0.000001 -0.000002  0.582370 -0.000409 -0.000123
32  -0.000001 0.000001 0.000002  0.304133 -0.047064 0.366544
33  -0.000006 -0.000003 -0.000002  0.000000 -0.000000 0.311138
34  -0.000001 -0.000001 -0.000002  -0.090854 -0.000000 0.000000
35  -0.000003 0.000001 -0.000002  -0.181713 0.000000 0.000000
36  -0.000006 0.000004 -0.000001  -0.272642 -0.000000 -0.000000
37  -0.000007 0.000003 -0.000001  -0.363520 -0.000000 -0.000000
38  -0.000003 0.000001 -0.000001  -0.454414 -0.000000 -0.000000
39  -0.000006 0.000005 0.000001  -0.545259 -0.000000 -0.000000
40  -0.000010 0.000007 -0.000000  -0.636182 -0.000000 -0.000000
41  -0.000009 0.000007 -0.000003  -0.655891 -0.116234 -0.056402
42  1.410072 0.800535 2.089138  -2.043617 -0.463615 0.665928
43  3.954714 -0.000001 -0.000007  0.000001 0.000000 0.689326
44  3.101571 -0.000007 -0.000001  0.000000 -0.000000 0.638253
45  -0.000001 -0.000002 -0.000004  0.011870 0.083238 0.018027
46  -0.000001 -0.000000 -0.000000  0.000000 -0.000000 -0.598894
47  -0.000001 -0.000000 -0.000000  0.000000 0.000000 -1.105167
48  7.145105 -0.676338 1.382426  0.062090 0.270328 0.703671
49  3.672217 0.000002 0.000001  0.000000 -0.000001 1.498259
50  2.676527 0.000002 0.000000  0.000000 -0.000001 1.006829
51  6.831187 -0.870864 -0.599921  0.231922 0.205741 0.934461
52  3.657086 0.000012 -0.000002  -0.000001 -0.000000 1.453593
53  2.496789 -0.000003 0.000002  0.000001 -0.000001 0.750510
54  6.164477 -0.898147 -2.575017  0.332711 0.188105 0.821957
55  2.805847 0.000001 -0.000001  -0.000002 0.000001 0.963491
56  2.307451 0.000003 -0.000001  0.000001 -0.000001 0.990594
57  0.000000 0.000000 -0.000000  -0.025621 0.053194 -0.012833
58  0.000000 0.000000 0.000000  0.000000 -0.000000 -0.000000
59  0.615921 -8.213446 5.803700  -0.622598 0.762837 -0.467264
60  -4.121262 20.499306 -9.233626  -0.788284 0.651380 0.058592
61  4.759698 -6.109344 6.404621  -0.622598 0.762837 -0.467264
62  0.660710 -9.405925 5.052881  -0.000000 0.000000 -0.000000
63  0.001270 4.285938 -0.189679  -0.000001 -0.000000 0.000000
64  0.060210 10.324397 74.469048  0.000008 -0.000000 0.000000
65  -0.002042 -3.169756 2.277849  1.570797 0.000000 -1.570796
66  8.769396 -2.675096 -2.292492  0.000000 0.000000 0.000000
67  -1.584224 -9.364035 -0.000004  -0.000000 -0.000000 0.000000
68  10.555299 -5.113576 -0.000004  -1.570797 1.570795 0.000000
69  6.464089 -5.113576 -0.000005  -1.570795 1.570796 0.000000
70  7.053375 -1.968536 2.001230  -1.570796 1.570796 0.000000
71  26.793741 -5.113574 -0.000000  0.000000 -0.000000 0.000000
72  -2.662413 1.445765 40.667961  0.000000 3.141592 1.570797
73  8.352067 2.772895 0.000548  -3.141589 0.000002 0.000000
74  0.001266 21.193819 -3.302073  0.000000 -0.000000 0.000000
75  0.059868 -33.068935 1.081967  1.570797 0.000000 -1.570796
76  0.064641 27.351309 72.195206  0.000000 -0.000000 -0.000001
77  -0.000000 -0.000004 0.000000  0.000000 -0.000000 -0.000000
78  -0.000000 0.000001 0.000000  0.000000 -0.000000 -0.000000
79  1.907177 17.681805 0.736566  0.000001 -0.000000 0.000000
80  0.059881 2.255347 54.398014  0.000000 -0.000000 0.000000
81  0.003497 -22.270645 0.000156  1.570797 0.000000 -1.570796
82  0.000021 1.724011 -0.208863  0.000001 -0.000000 0.000000
83  3.070324 34.969658 -3.821852  -0.555472 -0.265919 0.319082
84  -2.307079 11.683283 -6.602220  -0.008091 -0.065405 -1.488515
85  -2.662414 1.445767 33.628742  0.000000 3.141592 1.570797
86  8.352069 2.772898 0.000542  -3.141589 0.000002 0.000000
87  0.006412 -45.818314 0.735916  1.570797 0.000000 -1.570796
88  -0.108381 16.549217 -6.332980  -0.000001 0.000000 0.000001
89  -0.152045 -0.178990 6.405252  -0.000000 -0.000001 0.000000
90  0.326862 -0.178990 5.798760  -0.000000 -0.000001 0.000000
91  0.000000 -0.000004 3.169725  -0.000000 -0.000000 -1.570797
92  -0.000000 -0.000001 -0.000000  0.000000 -0.000000 -0.000000
93  0.000001 9.969379 0.000001  0.000000 -0.000000 0.000000
94  22.846478 98.319496 -39.725761  0.000000 -0.000000 -0.000000
95  0.000003 -10.070928 -2.318773  0.000000 -0.000000 0.000000
96  -0.000000 -0.000000 -1.529051  -0.000000 0.000000 0.000000
97  -0.078942 0.000001 0.000001  -0.000000 0.000001 1.570796
98  0.097092 0.000002 -0.000000  0.000000 -3.141592 1.570796
99  0.000004 -13.006139 -2.049217  0.000000 -0.000000 0.000000
100  0.000000 0.000001 0.000001  -0.000000 0.000000 0.000000
101  1.754235 4.036758 -1.682665  0.392575 -0.010118 -1.546365
102  -1.755141 4.036758 -1.682665  -0.404674 0.245240 -1.741923
103  -0.000001 0.000001 0.000000  -0.000000 0.000000 0.000000
104  -11.350049 -0.729412 0.864872  0.000197 -0.025368 0.026438
105  -0.000000 -0.000004 0.000002  -0.000000 0.000000 0.000000
106  -11.344169 1.135888 0.869271  -0.000000 -0.025019 -0.026323
107  0.000002 -3.002982 4.619920  1.570796 -0.000000 1.570797
time 20
0  0 0 0  0 0 0
1  0.000000 0.000000 0.000000  0.000000 -0.000000 -0.000000
2  -0.000005 0.000023 -61.375507  0.000000 0.000000 -1.570795
3  -0.012814 0.000000 8.236240  -1.570819 -1.475889 0.000019
4  16.160965 -0.011392 0.005502  -0.444189 0.000339 -0.187736
5  0.000002 -0.000002 0.000003  0.735292 -0.047258 -0.159309
6  0.000006 0.000001 -0.000002  1.567380 -0.078010 0.175417
7  -0.000004 -0.000002 -0.000003  0.000000 -0.000000 -0.855261
8  0.000001 -0.000001 0.000000  0.174298 0.000000 -0.000000
9  0.000001 -0.000001 0.000000  0.348698 -0.000000 -0.000000
10  0.000001 -0.000001 -0.000000  0.523048 -0.000000 -0.000000
11  0.000001 -0.000001 -0.000001  0.697419 -0.000000 0.000000
12  0.000003 -0.000004 0.000001  0.871727 -0.000000 0.000000
13  0.000002 -0.000003 0.000003  1.046105 0.000000 0.000000
14  0.000001 -0.000001 0.000002  1.220436 0.000000 0.000000
15  -0.000002 0.000004 0.000000  1.271580 0.462115 -0.366918
16  -0.000000 -0.000003 0.000002  -0.101716 0.251856 -0.419299
17  -0.000002 -0.000004 0.000002  -0.089535 -0.081215 -0.202489
18  -0.000002 0.000001 -0.000003  0.103220 0.007185 -1.381016
19  -0.000001 -0.000002 0.000002  -0.300411 0.187558 -0.087747
20  -0.000002 -0.000002 0.000003  -0.000000 0.000001 0.344608
21  0.000003 0.000001 -0.000001  -0.000000 -0.000000 0.538101
22  -0.000004 -0.000002 -0.000000  -0.468168 -0.001629 -0.929419
23  -0.000000 -0.000005 0.000003  -0.000000 0.000000 0.091160
24  -0.000002 -0.000004 0.000000  -0.000000 -0.000000 -0.075949
25  -0.000000 -0.000001 -0.000001  -0.329287 0.047569 -0.421934
26  -0.000001 0.000001 0.000000  -0.000000 0.000000 0.242790
27  -0.000001 -0.000001 0.000001  -0.000000 -0.000000 0.214714
28  -0.000004 -0.000001 0.000000  -0.495225 0.058510 -0.914286
29  -0.000000 0.000002 -0.000000  -0.000000 -0.000000 -0.242668
30  -0.000001 -0.000002 -0.000000  0.000000 0.000000 -0.131508
31  -0.000010 -0.000001 -0.000002  0.582370 -0.000409 -0.000123
32  -0.000001 0.000001 0.000002  0.304871 -0.048169 0.365502
33  -0.000010 -0.000003 -0.000002  0.000000 -0.000000 0.313919
34  0.000004 -0.000002 -0.000001  -0.090732 -0.000000 0.000000
35  0.000002 -0.000000 -0.000001  -0.181468 0.000000 0.000000
36  -0.000001 0.000003 -0.000000  -0.272210 -0.000000 -0.000000
37  -0.000002 0.000002 -0.000000  -0.362962 -0.000000 -0.000000
38  -0.000002 0.000002 -0.000001  -0.453725 -0.000000 -0.000000
39  -0.000000 0.000004 0.000001  -0.544435 -0.000000 -0.000000
40  -0.000004 0.000007 -0.000000  -0.635218 -0.000000 -0.000000
41  -0.000002 0.000002 -0.000001  -0.655160 -0.114547 -0.061209
42  1.410072 0.800534 2.089140  -2.043617 -0.463615 0.665928
43  3.954715 0.000003 -0.000007  0.000001 0.000000 0.689326
44  3.101566 -0.000010 0.000000  0.000000 -0.000000 0.638253
45  -0.000002 -0.000001 -0.000001  0.011645 0.083192 0.015574
46  0.000000 0.000001 -0.000001  0.000000 -0.000000 -0.601386
47  0.000003 -0.000001 -0.000002  0.000000 0.000000 -1.099650
48  7.145106 -0.676339 1.382427  0.062090 0.270328 0.703671
49  3.672217 0.000001 0.000001  0.000000 -0.000001 1.498259
50  2.676527 0.000001 0.000001  0.000000 -0.000001 1.006829
51  6.831188 -0.870864 -0.599919  0.231922 0.205741 0.934461
52  3.657086 0.000011 -0.000002  -0.000001 -0.000000 1.453593
53  2.496792 -0.000001 0.000003  0.000001 -0.000001 0.750510
54  6.164480 -0.898149 -2.575017  0.332711 0.188105 0.821957
55  2.805846 -0.000003 -0.000001  -0.000002 0.000001 0.963491
56  2.307450 0.000003 -0.000001  0.000001 -0.000001 0.990594
57  0.000000 0.000000 -0.000000  -0.025801 0.053010 -0.012775
58  0.000000 0.000000 0.000000  0.000000 -0.000000 -0.000000
59  0.625668 -8.244075 5.839635  -0.624722 0.760363 -0.465867
60  -4.189149 20.248852 -9.301081  -0.813195 0.655529 0.052694
61  4.790020 -6.100670 6.479027  -0.624722 0.760363 -0.465868
62  0.660711 -9.405924 5.052882  -0.000000 0.000000 0.000000
63  0.001271 4.285939 -0.189680  -0.000001 0.000000 0.000000
64  0.060212 10.324396 74.469055  0.000008 0.000000 0.000000
65  -0.002041 -3.169755 2.277849  1.570797 0.000000 -1.570796
66  8.769394 -2.675095 -2.292492  -0.000000 0.000000 -0.000000
67  -1.584224 -9.364036 -0.000004  0.000000 -0.000000 0.000000
68  10.555299 -5.113577 -0.000005  -1.570797 1.570795 0.000000
69  6.464089 -5.113577 -0.000006  -1.570795 1.570796 0.000000
70  7.053375 -1.968537 2.001230  -1.570796 1.570796 0.000000
71  26.793743 -5.113576 0.000001  0.000000 -0.000000 -0.000000
72  -2.662413 1.445765 40.667961  -0.000000 3.141592 1.570797
73  8.352068 2.772898 0.000540  -3.141589 0.000002 -0.000000
74  0.001265 21.193819 -3.302073  0.000000 0.000000 0.000000
75  0.059870 -33.068935 1.081969  1.570797 -0.000000 -1.570796
76  0.064641 27.351303 72.195206  0.000000 -0.000000 -0.000001
77  0.000001 -0.000004 -0.000001  0.000000 0.000000 -0.000000
78  -0.000000 0.000001 0.000000  0.000000 0.000000 -0.000000
79  1.907179 17.681803 0.736565  0.000001 0.000000 0.000000
80  0.059890 2.255349 54.398014  -0.000000 0.000000 0.000000
81  0.003503 -22.270645 0.000151  1.570797 0.000000 -1.570796
82  0.000021 1.724013 -0.208863  0.000001 0.000000 0.000000
83  3.121198 34.824574 -3.977420  -0.571901 -0.259331 0.314993
84  -2.307079 11.683284 -6.602219  -0.008091 -0.065405 -1.488515
85  -2.662411 1.445768 33.628746  -0.000000 3.141592 1.570797
86  8.352067 2.772899 0.000543  -3.141589 0.000002 -0.000000
87  0.006415 -45.818317 0.735915  1.570797 0.000000 -1.570796
88  -0.108381 16.549219 -6.332980  -0.000001 0.000000 0.000001
89  -0.152045 -0.178990 6.405252  -0.000000 -0.000001 -0.000000
90  0.326862 -0.178991 5.798759  -0.000000 -0.000001 -0.000000
91  0.000000 -0.000003 3.169724  -0.000000 -0.000000 -1.570797
92  -0.000000 -0.000000 0.000001  0.000000 0.000000 -0.000000
93  0.000001 9.969382 0.000000  -0.000000 0.000000 0.000000
94  22.846472 98.319504 -39.725765  0.000000 0.000000 -0.000000
95  0.000004 -10.070926 -2.318773  0.000000 0.000000 0.000000
96  -0.000001 -0.000001 -1.529051  -0.000000 -0.000000 -0.000000
97  -0.078942 -0.000000 -0.000000  0.000000 0.000001 1.570796
98  0.097092 0.000001 -0.000001  -0.000000 -3.141592 1.570796
99  0.000006 -13.006138 -2.049218  0.000000 0.000000 0.000000
100  -0.000001 -0.000001 0.000000  -0.000000 -0.000000 -0.000000
101  1.754235 4.036758 -1.682666  0.392575 -0.010118 -1.546365
102  -1.755141 4.036758 -1.682667  -0.404674 0.245240 -1.741923
103  -0.000001 0.000001 -0.000001  0.000000 -0.000000 -0.000000
104  -11.350050 -0.729411 0.864869  0.000198 -0.025368 0.026438
105  -0.000001 -0.000005 0.000000  0.000000 -0.000000 -0.000000
106  -11.344170 1.135890 0.869270  0.000000 -0.025020 -0.026323
107  0.000003 -3.002982 4.619921  1.570796 -0.000000 1.570797
time 21
0  0 0 0  0 0 0
1  0.000000 0.000000 0.000000  0.000000 -0.000000 -0.000000
2  -0.000005 0.000023 -61.375507  0.000000 0.000000 -1.570795
3  -0.012814 0.000000 8.236240  -1.570819 -1.475889 0.000019
4  16.160965 -0.011392 0.005502  -0.444189 0.000339 -0.187736
5  0.000002 -0.000002 0.000003  0.735292 -0.047258 -0.159309
6  0.000006 0.000001 -0.000002  1.567155 -0.087616 0.174611
7  0.000001 -0.000002 -0.000004  0.000000 -0.000000 -0.901185
8  0.000002 -0.000000 0.000000  0.174543 0.000000 -0.000000
9  0.000002 -0.000000 0.000000  0.349132 -0.000000 -0.000000
10  0.000003 -0.000001 -0.000000  0.523743 -0.000000 0.000000
11  0.000002 -0.000001 -0.000001  0.698328 -0.000000 0.000000
12  0.000004 -0.000003 0.000001  0.872871 -0.000000 0.000000
13  0.000003 -0.000002 0.000002  1.047515 0.000000 0.000000
14  0.000003 -0.000001 0.000002  1.222075 0.000000 0.000000
15  -0.000002 0.000005 -0.000001  1.279087 0.456493 -0.273349
16  0.000001 0.000003 -0.000001  -0.096021 0.242605 -0.420535
17  -0.000001 -0.000005 0.000003  -0.089977 -0.080641 -0.198625
18  -0.000003 -0.000005 0.000004  0.104058 0.011544 -1.424936
19  -0.000005 0.000004 0.000003  -0.326179 0.203429 -0.100620
20  -0.000003 -0.000002 0.000004  -0.000000 0.000001 0.343121
21  -0.000003 -0.000003 -0.000000  -0.000000 -0.000000 0.536645
22  -0.000007 0.000003 0.000001  -0.497078 0.007499 -0.935365
23  -0.000001 -0.000001 0.000002  -0.000000 0.000000 0.089755
24  -0.000002 0.000001 0.000001  -0.000000 -0.000000 -0.077353
25  0.000000 0.000003 -0.000002  -0.358577 0.055730 -0.428987
26  -0.000004 -0.000004 0.000003  -0.000000 0.000001 0.241315
27  -0.000004 0.000002 -0.000000  -0.000000 0.000000 0.213240
28  -0.000007 0.000004 0.000001  -0.522872 0.071687 -0.920592
29  -0.000000 0.000000 0.000000  -0.000000 -0.000000 -0.244082
30  0.000000 -0.000003 0.000001  0.000000 0.000000 -0.132976
31  -0.000010 -0.000001 -0.000002  0.582370 -0.000409 -0.000123
32  -0.000001 0.000001 0.000002  0.305846 -0.046793 0.359617
33  -0.000003 -0.000004 -0.000001  0.000000 -0.000000 0.318370
34  0.000004 0.000000 -0.000001  -0.087066 -0.000000 0.000000
35  0.000000 0.000002 -0.000000  -0.174176 0.000000 0.000000
36  0.000001 0.000003 0.000000  -0.261248 -0.000000 -0.000000
37  0.000001 0.000003 0.000000  -0.348389 -0.000000 -0.000000
38  -0.000003 0.000004 -0.000000  -0.435453 -0.000000 -0.000000
39  -0.000002 0.000007 0.000002  -0.522605 -0.000000 -0.000000
40  -0.000004 0.000008 0.000001  -0.609699 -0.000000 -0.000000
41  -0.000004 0.000008 0.000000  -0.633419 -0.100383 -0.060929
42  1.410073 0.800534 2.089141  -2.043617 -0.463615 0.665928
43  3.954713 0.000001 -0.000006  0.000001 0.000000 0.689326
44  3.101571 -0.000006 -0.000001  0.000000 -0.000000 0.638253
45  -0.000003 -0.000001 -0.000000  0.011530 0.083200 0.014286
46  -0.000007 0.000001 -0.000000  -0.000000 -0.000000 -0.602664
47  0.000005 -0.000000 -0.000000  0.000000 0.000000 -1.081018
48  7.145104 -0.676339 1.382429  0.062090 0.270328 0.703671
49  3.672219 0.000002 -0.000000  0.000000 -0.000001 1.498259
50  2.676527 -0.000000 -0.000000  0.000000 -0.000001 1.006829
51  6.831188 -0.870864 -0.599918  0.231922 0.205741 0.934461
52  3.657085 0.000010 -0.000002  -0.000001 -0.000000 1.453593
53  2.496791 -0.000002 0.000002  0.000001 -0.000001 0.750510
54  6.164479 -0.898149 -2.575015  0.332711 0.188105 0.821957
55  2.805845 0.000001 -0.000001  -0.000002 0.000001 0.963491
56  2.307450 0.000000 -0.000001  0.000001 -0.000001 0.990594
57  0.000000 0.000000 -0.000000  -0.025064 0.052710 -0.012690
58  0.000000 0.000000 0.000000  0.000000 -0.000000 -0.000000
59  0.796228 -8.295126 5.731828  -0.597276 0.743245 -0.442510
60  -3.532899 20.812366 -9.193155  -0.761186 0.621382 0.073922
61  4.830450 -6.196096 6.429422  -0.597353 0.743230 -0.442539
62  0.660710 -9.405923 5.052881  -0.000000 0.000000 0.000000
63  0.001270 4.285939 -0.189680  -0.000001 0.000000 0.000000
64  0.060210 10.324397 74.469040  0.000008 0.000000 0.000000
65  -0.002043 -3.169755 2.277848  1.570797 0.000000 -1.570796
66  8.769394 -2.675096 -2.292492  0.000000 0.000000 0.000000
67  -1.584224 -9.364036 -0.000003  0.000000 -0.000000 0.000000
68  10.555299 -5.113577 -0.000004  -1.570797 1.570795 0.000000
69  6.464088 -5.113578 -0.000005  -1.570795 1.570796 0.000000
70  7.053375 -1.968537 2.001231  -1.570796 1.570796 0.000000
71  26.793743 -5.113575 0.000001  0.000000 -0.000000 -0.000000
72  -2.662412 1.445764 40.667957  -0.000000 3.141592 1.570797
73  8.352067 2.772893 0.000547  -3.141589 0.000002 -0.000000
74  0.001265 21.193819 -3.302072  0.000000 0.000000 0.000000
75  0.059868 -33.068928 1.081969  1.570797 -0.000000 -1.570796
76  0.064636 27.351301 72.195198  -0.000000 -0.000000 -0.000001
77  0.000000 0.158992 -0.000000  -0.000000 0.000000 0.000000
78  -0.000000 0.000001 -0.000000  -0.000000 0.243149 0.000000
79  1.907177 17.681801 0.736565  0.000001 0.000000 0.000000
80  0.059882 2.255346 54.398010  -0.000000 0.000000 0.000000
81  0.003498 -22.270641 0.000160  1.570797 -0.000000 -1.570796
82  0.000020 1.724013 -0.208863  0.000001 0.000000 0.000000
83  3.019451 35.187294 -3.724623  -0.538566 -0.270283 0.320909
84  -2.307079 11.683283 -6.602219  -0.008091 -0.065405 -1.488515
85  -2.662411 1.445768 33.628738  -0.000000 3.141592 1.570797
86  8.352067 2.772894 0.000544  -3.141589 0.000002 -0.000000
87  0.006411 -45.818310 0.735917  1.570797 0.000000 -1.570796
88  -0.108381 16.549217 -6.332980  -0.000001 0.000000 0.000001
89  -0.152045 -0.178991 6.405252  -0.000000 -0.000001 -0.000000
90  0.326862 -0.178989 5.798760  -0.000000 -0.000001 -0.000000
91  0.000000 -0.000003 3.169725  -0.000000 -0.000000 -1.570797
92  -0.000000 0.000001 0.000000  -0.000000 0.000000 0.000000
93  0.000000 9.969380 0.000001  -0.000000 0.000000 0.000000
94  22.846474 98.319496 -39.725758  -0.000000 0.000000 0.000000
95  0.000003 -10.070925 -2.318772  0.000000 0.000000 0.000000
96  -0.000000 0.000001 -1.529051  -0.000000 -0.000000 0.000000
97  -0.078941 0.000001 0.000000  -0.000000 0.000001 1.570796
98  0.097092 0.000001 -0.000000  0.000000 -3.141592 1.570796
99  0.000004 -13.006137 -2.049216  0.000000 0.000000 0.000000
100  -0.000000 0.000001 0.000001  -0.000000 -0.000000 0.000000
101  1.754235 4.036758 -1.682666  0.392575 -0.010118 -1.546365
102  -1.755141 4.036759 -1.682666  -0.404674 0.245240 -1.741923
103  -0.000001 -0.000002 -0.000000  0.000000 -0.000000 -0.000000
104  -11.350049 -0.729414 0.864871  0.000198 -0.025368 0.026438
105  -0.000001 -0.000005 0.000001  0.000000 -0.000000 -0.000000
106  -11.344169 1.135885 0.869270  0.000000 -0.025019 -0.026323
107  0.000002 -3.002980 4.619920  1.570796 -0.000000 1.570797
time 22
0  0 0 0  0 0 0
1  0.000000 0.000000 0.000000  0.000000 -0.000000 -0.000000
2  -0.000005 0.000023 -61.375507  0.000000 0.000000 -1.570795
3  -0.012814 0.000000 8.236240  -1.570819 -1.475889 0.000019
4  16.160965 -0.011392 0.005502  -0.444189 0.000339 -0.187736
5  0.000002 -0.000002 0.000003  0.735292 -0.047258 -0.159309
6  0.000006 0.000001 -0.000002  1.565569 -0.095329 0.175643
7  -0.000000 -0.000001 -0.000004  0.000000 -0.000000 -0.953048
8  0.000002 -0.000000 0.000001  0.175095 0.000000 -0.000000
9  0.000002 -0.000000 0.000000  0.350186 -0.000000 -0.000000
10  -0.000001 -0.000005 -0.000000  0.525323 -0.000000 -0.000000
11  0.000002 -0.000001 -0.000000  0.700473 -0.000000 -0.000000
12  0.000000 -0.000007 0.000001  0.875566 -0.000000 0.000000
13  0.000003 -0.000001 0.000002  1.050688 0.000000 0.000000
14  0.000002 -0.000001 0.000002  1.225803 0.000000 0.000000
15  -0.000002 0.000004 0.000001  1.285737 0.449185 -0.166207
16  0.000001 -0.000001 0.000001  -0.091610 0.235375 -0.421512
17  -0.000000 -0.000000 0.000000  -0.090416 -0.080066 -0.194761
18  0.000000 0.000000 -0.000002  0.104614 0.015261 -1.462255
19  -0.000001 0.000001 0.000000  -0.347607 0.217144 -0.109089
20  -0.000003 -0.000002 0.000003  -0.000000 0.000001 0.344608
21  0.000002 0.000001 0.000000  -0.000000 -0.000000 0.538101
22  -0.000003 0.000001 -0.000002  -0.520924 0.015662 -0.937959
23  -0.000001 0.000001 0.000001  -0.000000 0.000000 0.091221
24  -0.000001 -0.000001 0.000000  -0.000000 0.000000 -0.075949
25  -0.000001 -0.000001 -0.000001  -0.382805 0.062990 -0.432422
26  -0.000003 0.000001 0.000004  -0.000000 0.000001 0.242790
27  -0.000001 -0.000005 0.000001  -0.000000 -0.000000 0.214714
28  -0.000007 -0.000001 0.000001  -0.545480 0.083124 -0.923561
29  -0.000000 0.000000 -0.000000  -0.000000 -0.000000 -0.242668
30  0.000000 0.000001 -0.000000  0.000000 0.000000 -0.131508
31  -0.000010 -0.000001 -0.000002  0.582370 -0.000409 -0.000123
32  -0.000001 0.000001 0.000002  0.306757 -0.043881 0.351267
33  -0.000004 -0.000002 -0.000001  0.000000 -0.000000 0.324862
34  0.000003 -0.000003 -0.000002  -0.082607 -0.000000 0.000000
35  0.000001 -0.000001 -0.000001  -0.165171 0.000000 0.000000
36  -0.000002 0.000004 -0.000001  -0.247772 -0.000000 -0.000000
37  0.000001 -0.000001 -0.000000  -0.330430 -0.000000 -0.000000
38  -0.000002 0.000003 -0.000001  -0.413038 -0.000000 -0.000000
39  -0.000001 0.000005 0.000001  -0.495611 -0.000000 -0.000000
40  -0.000001 0.000006 -0.000000  -0.578230 -0.000000 -0.000000
41  -0.000006 0.000005 -0.000001  -0.605428 -0.086680 -0.053830
42  1.410071 0.800535 2.089138  -2.043617 -0.463615 0.665928
43  3.954715 0.000001 -0.000006  0.000001 0.000000 0.689326
44  3.101570 -0.000005 -0.000000  0.000000 -0.000000 0.638253
45  -0.000005 0.000001 -0.000002  0.011502 0.083204 0.013613
46  -0.000001 -0.000002 0.000000  0.000000 -0.000000 -0.603304
47  -0.000003 -0.000000 -0.000002  -0.000000 0.000000 -1.051959
48  7.145103 -0.676338 1.382426  0.062090 0.270328 0.703671
49  3.672219 0.000002 0.000002  0.000000 -0.000001 1.498259
50  2.676527 0.000003 0.000000  0.000000 -0.000001 1.006829
51  6.831184 -0.870862 -0.599919  0.231922 0.205741 0.934461
52  3.657087 0.000009 -0.000001  -0.000001 -0.000000 1.453593
53  2.496794 -0.000002 0.000003  0.000001 -0.000001 0.750510
54  6.164475 -0.898146 -2.575017  0.332711 0.188105 0.821957
55  2.805847 0.000002 -0.000001  -0.000002 0.000001 0.963491
56  2.307451 0.000003 -0.000001  0.000001 -0.000001 0.990594
57  0.000000 0.000000 -0.000000  -0.023533 0.052232 -0.012644
58  0.000000 0.000000 0.000000  0.000000 -0.000000 -0.000000
59  1.035013 -8.376806 5.540166  -0.556392 0.726361 -0.414091
60  -2.718251 21.438496 -8.990792  -0.705307 0.583387 0.095251
61  4.870880 -6.421650 6.218607  -0.556393 0.726360 -0.414092
62  0.660710 -9.405927 5.052880  0.000000 0.000000 0.000000
63  0.001271 4.285938 -0.189680  -0.000001 0.000000 0.000000
64  0.060205 10.324390 74.469048  0.000008 0.000000 0.000000
65  -0.002042 -3.169756 2.277848  1.570797 0.000000 -1.570796
66  8.769396 -2.675096 -2.292493  -0.000000 0.000000 -0.000000
67  -1.584224 -9.364035 -0.000003  -0.000000 -0.000000 0.000000
68  10.555298 -5.113578 -0.000004  -1.570797 1.570795 0.000000
69  6.464089 -5.113578 -0.000005  -1.570795 1.570796 0.000000
70  7.053375 -1.968537 2.001231  -1.570796 1.570796 0.000000
71  26.793743 -5.113577 -0.000001  0.000000 -0.000000 -0.000000
72  -2.662415 1.445764 40.667957  -0.000000 3.141592 1.570797
73  8.352068 2.772900 0.000540  -3.141589 0.000002 0.000000
74  0.001265 21.193817 -3.302072  0.000000 0.000000 0.000000
75  0.059870 -33.068935 1.081966  1.570797 0.000000 -1.570796
76  0.064641 27.351301 72.195198  0.000000 -0.000000 -0.000001
77  0.000000 0.317986 -0.000000  0.000000 0.000000 0.000000
78  -0.000000 0.000001 0.000000  0.000000 0.486299 -0.000000
79  1.907178 17.681803 0.736566  0.000001 0.000000 0.000000
80  0.059883 2.255346 54.398010  0.000000 0.000000 0.000000
81  0.003500 -22.270643 0.000148  1.570797 0.000000 -1.570796
82  0.000021 1.724012 -0.208863  0.000001 0.000000 0.000000
83  2.943140 35.513744 -3.510714  -0.510489 -0.279807 0.325712
84  -2.307079 11.683283 -6.602219  -0.008091 -0.065405 -1.488515
85  -2.662412 1.445766 33.628742  -0.000000 3.141592 1.570797
86  8.352066 2.772895 0.000546  -3.141589 0.000002 0.000000
87  0.006413 -45.818317 0.735916  1.570797 -0.000000 -1.570796
88  -0.108381 16.549217 -6.332980  -0.000001 0.000000 0.000001
89  -0.152045 -0.178990 6.405251  -0.000000 -0.000001 0.000000
90  0.326861 -0.178989 5.798759  -0.000000 -0.000001 0.000000
91  0.000000 -0.000002 3.169724  0.000000 -0.000000 -1.570797
92  0.000001 -0.000001 -0.000000  0.000000 0.000000 0.000000
93  0.000001 4.984687 0.000000  0.000000 0.000000 0.000000
94  22.846476 98.319496 -39.725765  0.000000 0.000000 0.000000
95  0.000004 -10.070927 -2.318773  0.000000 0.000000 0.000000
96  -0.000001 -0.000001 -1.529051  -0.000000 -0.000000 0.000000
97  -0.078942 0.000000 0.000000  0.000000 0.000001 1.570796
98  0.097092 -0.000001 -0.000000  -0.000000 -3.141592 1.570796
99  0.000005 -13.006136 -2.049217  0.000000 0.000000 0.000000
100  0.000000 -0.000000 0.000000  -0.000000 -0.000000 0.000000
101  1.754235 4.036760 -1.682666  0.392575 -0.010118 -1.546365
102  -1.755140 4.036759 -1.682666  -0.404674 0.245240 -1.741923
103  -0.000001 0.000001 -0.000000  0.000000 -0.000000 0.000000
104  -11.350051 -0.729411 0.864871  0.000197 -0.025368 0.026438
105  -0.000001 -0.000004 0.000001  0.000000 -0.000000 0.000000
106  -11.344171 1.135888 0.869270  -0.000000 -0.025020 -0.026323
107  0.000003 -3.002981 4.619921  1.570796 -0.000001 1.570797
time 23
0  0 0 0  0 0 0
1  0.000000 0.000000 0.000000  0.000000 -0.000000 -0.000000
2  -0.000005 0.000023 -61.375507  0.000000 0.000000 -1.570795
3  -0.012814 0.000000 8.236240  -1.570819 -1.475889 0.000019
4  16.160965 -0.011392 0.005502  -0.444189 0.000339 -0.187736
5  0.000002 -0.000002 0.000003  0.734618 -0.047718 -0.160631
6  -0.000006 -0.000000 -0.000001  1.571267 -0.095087 0.174285
7  -0.000001 0.000001 -0.000005  0.000000 -0.000000 -0.954422
8  0.000003 0.000004 0.000000  0.174666 0.000000 -0.000000
9  0.000004 0.000004 -0.000000  0.349318 -0.000000 -0.000000
10  0.000004 0.000003 -0.000001  0.524059 -0.000000 -0.000000
11  0.000004 0.000003 -0.000001  0.698718 -0.000000 -0.000000
12  0.000005 0.000002 0.000001  0.873410 -0.000000 0.000000
13  0.000005 0.000002 0.000002  1.048078 0.000000 0.000000
14  0.000004 0.000003 0.000002  1.222820 0.000000 0.000000
15  -0.000001 0.000009 -0.000001  1.285659 0.432582 -0.157377
16  -0.000001 -0.000004 0.000000  -0.092097 0.234282 -0.423759
17  0.000001 0.000002 -0.000002  -0.090856 -0.079379 -0.191149
18  -0.000002 -0.000002 -0.000000  0.104605 0.016252 -1.472170
19  -0.000002 -0.000002 -0.000000  -0.357884 0.223032 -0.108410
20  -0.000001 0.000000 0.000001  -0.000000 0.000001 0.350309
21  -0.000001 0.000001 0.000000  -0.000000 -0.000000 0.542535
22  -0.000004 -0.000002 -0.000002  -0.532548 0.017862 -0.936704
23  -0.000002 -0.000004 0.000001  -0.000000 0.000000 0.095926
24  -0.000002 -0.000001 0.000001  -0.000000 -0.000000 -0.072467
25  -0.000003 -0.000003 -0.000001  -0.394086 0.065869 -0.429147
26  -0.000001 0.000000 0.000003  -0.000000 0.000000 0.247280
27  -0.000002 -0.000002 0.000001  -0.000000 -0.000000 0.220424
28  -0.000007 -0.000003 0.000002  -0.553287 0.087620 -0.924504
29  -0.000001 -0.000001 0.000000  -0.000000 -0.000000 -0.239840
30  0.000000 -0.000005 0.000001  0.000000 0.000000 -0.128694
31  -0.000010 -0.000001 -0.000002  0.582370 -0.000409 -0.000123
32  -0.000001 0.000001 0.000002  0.307861 -0.043521 0.346557
33  -0.000006 -0.000004 -0.000001  -0.000000 -0.000000 0.337053
34  0.000004 -0.000005 -0.000002  -0.083584 -0.000000 0.000000
35  -0.000000 -0.000003 -0.000001  -0.167131 0.000000 0.000000
36  0.000001 -0.000002 -0.000001  -0.250725 -0.000000 -0.000000
37  -0.000002 -0.000001 -0.000000  -0.334329 -0.000000 -0.000000
38  -0.000002 -0.000001 -0.000001  -0.417966 -0.000000 -0.000000
39  -0.000000 0.000002 0.000001  -0.501532 -0.000000 -0.000000
40  -0.000000 0.000002 -0.000001  -0.585111 -0.000000 -0.000000
41  -0.000004 0.000005 -0.000001  -0.606724 -0.098378 -0.054622
42  1.410068 0.800537 2.089139  -2.043617 -0.463615 0.665928
43  3.954715 0.000006 -0.000007  0.000001 0.000000 0.689326
44  3.101573 -0.000007 -0.000001  0.000000 -0.000000 0.638253
45  -0.000006 0.000002 -0.000002  0.011502 0.083204 0.013613
46  -0.000001 -0.000000 -0.000000  -0.000000 -0.000000 -0.603303
47  -0.000005 -0.000001 0.000001  0.000000 0.000000 -1.019643
48  7.145103 -0.676336 1.382427  0.062090 0.270328 0.703671
49  3.672220 0.000001 0.000002  0.000000 -0.000001 1.498259
50  2.676528 0.000001 0.000001  0.000000 -0.000001 1.006829
51  6.831187 -0.870862 -0.599920  0.231922 0.205741 0.934461
52  3.657085 0.000009 -0.000002  -0.000001 -0.000000 1.453593
53  2.496794 -0.000002 0.000002  0.000001 -0.000001 0.750510
54  6.164475 -0.898146 -2.575018  0.332711 0.188105 0.821957
55  2.805846 -0.000002 -0.000001  -0.000002 0.000001 0.963491
56  2.307452 -0.000001 -0.000001  0.000001 -0.000001 0.990594
57  0.000000 0.000000 -0.000000  -0.022909 0.051935 -0.012197
58  0.000000 0.000000 0.000000  0.000000 -0.000000 -0.000000
59  1.054507 -8.540165 5.444337  -0.546937 0.739895 -0.411070
60  -2.808766 21.532413 -8.936830  -0.683248 0.592398 0.102658
61  4.931525 -6.690582 5.945786  -0.546937 0.739895 -0.411070
62  0.660710 -9.405925 5.052880  -0.000000 0.000000 -0.000000
63  0.001270 4.285937 -0.189680  -0.000001 0.000000 0.000000
64  0.060217 10.324395 74.469048  0.000008 0.000000 0.000000
65  -0.002042 -3.169756 2.277848  1.570797 0.000000 -1.570796
66  8.769393 -2.675095 -2.292492  0.000000 0.000000 0.000000
67  -1.584226 -9.364035 -0.000003  0.000000 -0.000000 0.000000
68  10.555297 -5.113576 -0.000004  -1.570797 1.570795 0.000000
69  6.464089 -5.113577 -0.000006  -1.570795 1.570796 0.000000
70  7.053375 -1.968537 2.001230  -1.570796 1.570796 0.000000
71  26.793743 -5.113576 -0.000003  0.000000 -0.000000 -0.000000
72  -2.662407 1.445765 40.667957  -0.000000 3.141592 1.570797
73  8.352065 2.772895 0.000540  -3.141589 0.000002 0.000000
74  0.001265 21.193819 -3.302073  0.000000 0.000000 0.000000
75  0.059871 -33.068935 1.081968  1.570797 -0.000000 -1.570796
76  0.064643 27.351305 72.195206  0.000000 -0.000000 -0.000001
77  -0.000000 0.317984 -0.000000  -0.000000 0.000000 -0.000000
78  -0.000001 0.000001 -0.000000  -0.000000 0.410294 0.000000
79  1.907177 17.681803 0.736566  0.000001 0.000000 0.000000
80  0.059885 2.255347 54.398010  -0.000000 0.000000 0.000000
81  0.003501 -22.270645 0.000159  1.570797 0.000000 -1.570796
82  0.000021 1.724011 -0.208863  0.000001 0.000000 0.000000
83  2.917704 35.550018 -3.478302  -0.505530 -0.279524 0.327679
84  -2.307079 11.683283 -6.602219  -0.008091 -0.065405 -1.488515
85  -2.662410 1.445767 33.628742  -0.000000 3.141592 1.570797
86  8.352066 2.772895 0.000549  -3.141589 0.000002 0.000000
87  0.006413 -45.818314 0.735915  1.570797 -0.000000 -1.570796
88  -0.108381 16.549217 -6.332980  -0.000001 0.000000 0.000001
89  -0.152044 -0.178990 6.405252  -0.000000 -0.000001 0.000000
90  0.326862 -0.178989 5.798760  -0.000000 -0.000001 0.000000
91  0.000000 -0.000003 3.169725  0.000000 -0.000000 -1.570797
92  0.000000 -0.000001 -0.000000  -0.000000 -0.000000 0.024598
93  0.000003 -0.000011 0.000000  -0.000000 0.000000 0.000000
94  22.846479 98.319489 -39.725761  -0.000000 0.000000 -0.000000
95  0.000004 -10.070928 -2.318773  0.000000 0.000000 0.000000
96  0.000000 0.000003 -1.529050  -0.000000 0.000000 0.000000
97  -0.078942 -0.000003 0.000000  -0.000000 0.000001 1.570796
98  0.097092 -0.000003 -0.000001  0.000000 -3.141592 1.570796
99  0.000004 -13.006137 -2.049216  0.000000 0.000000 0.000000
100  0.000000 -0.000001 0.000000  -0.000000 0.000000 0.000000
101  1.754236 4.036756 -1.682666  0.392575 -0.010118 -1.546365
102  -1.755140 4.036756 -1.682667  -0.404674 0.245240 -1.741923
103  -0.000001 -0.000002 -0.000001  0.000000 -0.000000 -0.000000
104  -11.350050 -0.729415 0.864870  0.000198 -0.025368 0.026438
105  -0.000001 -0.000007 0.000001  0.000000 -0.000000 -0.000000
106  -11.344170 1.135887 0.869268  0.000000 -0.025020 -0.026323
107  0.000003 -3.002983 4.619920  1.570796 -0.000000 1.570797
time 24
0  0 0 0  0 0 0
1  0.000000 0.000000 0.000000  0.000000 -0.000000 -0.000000
2  -0.000005 0.000023 -61.375507  0.000000 0.000000 -1.570795
3  -0.012814 0.000000 8.236240  -1.570819 -1.475889 0.000019
4  16.160965 -0.011392 0.005502  -0.444189 0.000339 -0.187736
5  0.000002 -0.000002 0.000003  0.733042 -0.048858 -0.163443
6  0.000004 0.000001 -0.000002  1.581160 -0.094871 0.174641
7  -0.000001 -0.000002 -0.000004  0.000000 -0.000000 -0.926760
8  -0.000002 -0.000003 -0.000000  0.173563 0.000000 -0.000000
9  0.000001 0.000001 -0.000001  0.347149 -0.000000 -0.000000
10  -0.000002 -0.000004 -0.000001  0.520710 -0.000000 0.000000
11  -0.000002 -0.000004 -0.000002  0.694303 -0.000000 -0.000000
12  -0.000000 -0.000006 0.000000  0.867890 -0.000000 0.000000
13  -0.000002 -0.000004 0.000001  1.041458 0.000000 0.000000
14  -0.000001 -0.000004 0.000001  1.215078 0.000000 0.000000
15  -0.000007 0.000002 -0.000001  1.280980 0.415216 -0.205445
16  -0.000003 -0.000001 -0.000001  -0.094870 0.234545 -0.428282
17  -0.000003 -0.000000 -0.000000  -0.091754 -0.078155 -0.184534
18  -0.000002 0.000005 -0.000003  0.104379 0.017040 -1.480475
19  -0.000004 0.000001 -0.000000  -0.370110 0.229691 -0.102247
20  0.000002 0.000001 0.000001  -0.000000 0.000001 0.362814
21  -0.000000 -0.000000 -0.000000  -0.000000 -0.000000 0.552305
22  -0.000008 -0.000000 -0.000000  -0.546498 0.018952 -0.931998
23  -0.000001 0.000002 0.000001  -0.000000 0.000000 0.106286
24  -0.000002 -0.000001 0.000000  -0.000000 0.000000 -0.064772
25  -0.000004 -0.000001 -0.000002  -0.407237 0.069073 -0.419634
26  -0.000001 -0.000001 0.000003  -0.000000 0.000000 0.257219
27  -0.000002 0.000001 -0.000000  -0.000000 -0.000000 0.233079
28  -0.000008 -0.000001 -0.000000  -0.559532 0.092159 -0.924445
29  -0.000001 -0.000004 -0.000000  -0.000000 -0.000000 -0.233663
30  -0.000000 -0.000008 0.000002  0.000000 0.000000 -0.122518
31  -0.000010 -0.000001 -0.000002  0.582370 -0.000409 -0.000123
32  -0.000001 0.000001 0.000002  0.309177 -0.044528 0.343147
33  0.000001 -0.000003 -0.000002  -0.000000 -0.000000 0.355332
34  0.000002 -0.000001 -0.000001  -0.087738 -0.000000 0.000000
35  0.000000 0.000001 -0.000001  -0.175524 0.000000 0.000000
36  -0.000003 0.000004 -0.000001  -0.263342 -0.000000 -0.000000
37  0.000000 0.000001 -0.000000  -0.351116 -0.000000 0.000000
38  0.000001 0.000002 -0.000001  -0.438891 -0.000000 -0.000000
39  -0.000002 0.000006 0.000001  -0.526713 -0.000000 -0.000000
40  -0.000004 0.000007 -0.000001  -0.614500 -0.000000 -0.000000
41  -0.000005 0.000006 -0.000002  -0.628049 -0.118015 -0.067479
42  1.410070 0.800538 2.089141  -2.043617 -0.463615 0.665928
43  3.954713 0.000003 -0.000008  0.000001 0.000000 0.689326
44  3.101572 -0.000009 0.000000  0.000000 -0.000000 0.638253
45  0.000001 0.000002 -0.000002  0.011530 0.083200 0.014286
46  -0.000004 0.000000 0.000000  -0.000000 -0.000000 -0.602664
47  -0.000001 -0.000000 0.000000  -0.000000 0.000000 -0.991432
48  7.145105 -0.676336 1.382428  0.062090 0.270328 0.703671
49  3.672220 0.000001 0.000000  0.000000 -0.000001 1.498259
50  2.676525 0.000001 0.000002  0.000000 -0.000001 1.006829
51  6.831188 -0.870862 -0.599919  0.231922 0.205741 0.934461
52  3.657085 0.000012 -0.000001  -0.000001 -0.000000 1.453593
53  2.496790 -0.000002 0.000003  0.000001 -0.000001 0.750510
54  6.164476 -0.898145 -2.575016  0.332711 0.188105 0.821957
55  2.805847 -0.000002 -0.000001  -0.000002 0.000001 0.963491
56  2.307451 0.000002 -0.000001  0.000001 -0.000001 0.990594
57  0.000000 0.000000 -0.000000  -0.023263 0.051939 -0.011718
58  0.000000 0.000000 0.000000  0.000000 -0.000000 -0.000000
59  0.942423 -8.795413 5.384442  -0.564663 0.765644 -0.425792
60  -3.397127 21.281967 -9.071737  -0.678541 0.625707 0.103605
61  5.002278 -6.950838 5.710165  -0.564663 0.765644 -0.425792
62  0.660711 -9.405928 5.052879  -0.000000 0.000000 -0.000000
63  0.001271 4.285938 -0.189681  -0.000001 0.000000 0.000000
64  0.060213 10.324398 74.469040  0.000008 0.000000 0.000000
65  -0.002042 -3.169756 2.277848  1.570797 0.000000 -1.570796
66  8.769395 -2.675094 -2.292493  0.000000 0.000000 0.000000
67  -1.584224 -9.364035 -0.000004  -0.000000 -0.000000 0.000000
68  10.555299 -5.113577 -0.000004  -1.570797 1.570795 0.000000
69  6.464089 -5.113576 -0.000006  -1.570795 1.570796 0.000000
70  7.053375 -1.968536 2.001230  -1.570796 1.570796 0.000000
71  26.793745 -5.113575 -0.000001  0.000001 -0.000000 -0.000000
72  -2.662414 1.445764 40.667953  -0.000000 3.141592 1.570797
73  8.352066 2.772893 0.000541  -3.141589 0.000002 -0.000000
74  0.001265 21.193819 -3.302073  0.000001 0.000000 0.000000
75  0.059869 -33.068932 1.081967  1.570797 0.000000 -1.570796
76  0.064643 27.351305 72.195190  0.000000 -0.000000 -0.000001
77  -0.000000 0.317986 -0.000001  0.000000 0.000000 -0.000000
78  0.000000 0.000001 -0.000002  0.000000 0.243121 -0.000000
79  1.907177 17.681803 0.736565  0.000001 0.000000 0.000000
80  0.059885 2.255347 54.398006  0.000000 0.000000 0.000000
81  0.003502 -22.270641 0.000151  1.570797 0.000000 -1.570796
82  0.000021 1.724011 -0.208864  0.000001 0.000000 0.000000
83  2.892267 35.586288 -3.491268  -0.504944 -0.275375 0.330453
84  -2.307078 11.683282 -6.602220  -0.008091 -0.065405 -1.488515
85  -2.662411 1.445767 33.628742  -0.000000 3.141592 1.570797
86  8.352065 2.772891 0.000542  -3.141589 0.000002 -0.000000
87  0.006413 -45.818317 0.735914  1.570797 0.000000 -1.570796
88  -0.108381 16.549217 -6.332980  -0.000001 0.000000 0.000001
89  -0.152044 -0.178990 6.405252  -0.000000 -0.000001 -0.000000
90  0.326862 -0.178990 5.798759  -0.000000 -0.000001 -0.000000
91  0.000001 -0.000003 3.169724  -0.000000 -0.000000 -1.570797
92  0.000000 -0.000001 -0.000001  0.000000 0.000000 0.070390
93  0.000002 -0.000010 0.000000  0.000000 0.000000 0.000000
94  22.846476 98.319496 -39.725758  0.000000 0.000000 -0.000000
95  0.000003 -10.070927 -2.318774  0.000001 0.000000 0.000000
96  0.000000 0.000001 -1.529051  -0.000000 0.000000 0.000000
97  -0.078942 -0.000001 -0.000000  0.000000 0.000001 1.570796
98  0.097091 0.000001 -0.000001  -0.000000 -3.141592 1.570796
99  0.000005 -13.006136 -2.049218  0.000001 0.000000 0.000000
100  -0.000000 0.000001 0.000000  -0.000000 0.000000 0.000000
101  1.754236 4.036759 -1.682665  0.392575 -0.010118 -1.546365
102  -1.755140 4.036759 -1.682665  -0.404674 0.245240 -1.741923
103  -0.000000 -0.000000 0.000000  -0.000000 0.000000 -0.000000
104  -11.350050 -0.729412 0.864871  0.000197 -0.025368 0.026438
105  -0.000000 -0.000005 0.000002  -0.000000 0.000000 -0.000000
106  -11.344171 1.135886 0.869269  -0.000000 -0.025019 -0.026323
107  0.000003 -3.002982 4.619918  1.570796 -0.000000 1.570797
time 25
0  0 0 0  0 0 0
1  0.000000 0.000000 0.000000  0.000000 -0.000000 -0.000000
2  -0.000005 0.000023 -61.375507  0.000000 0.000000 -1.570795
3  -0.012814 0.000000 8.236240  -1.570819 -1.475889 0.000019
4  16.160965 -0.011392 0.005502  -0.444189 0.000339 -0.187736
5  0.000002 -0.000002 0.000003  0.731468 -0.050001 -0.166253
6  -0.000004 0.000000 -0.000001  1.585403 -0.099143 0.181631
7  -0.000009 -0.000001 -0.000005  0.000000 -0.000000 -0.910349
8  -0.000003 0.000001 0.000000  0.171786 0.000000 -0.000000
9  -0.000003 0.000001 -0.000000  0.343555 -0.000000 -0.000000
10  -0.000004 -0.000002 -0.000001  0.515343 -0.000000 0.000000
11  -0.000002 -0.000000 -0.000001  0.687103 -0.000000 0.000000
12  -0.000001 -0.000002 0.000001  0.858885 -0.000000 0.000000
13  -0.000003 0.000000 0.000001  1.030709 0.000000 0.000000
14  -0.000002 -0.000000 0.000002  1.202469 0.000000 0.000000
15  -0.000007 0.000006 -0.000001  1.265716 0.412585 -0.244126
16  0.000002 -0.000001 0.000000  -0.098121 0.235516 -0.432798
17  0.000000 -0.000003 -0.000002  -0.092635 -0.076939 -0.178169
18  0.000000 0.000001 -0.000003  0.104131 0.017519 -1.485336
19  -0.000001 -0.000002 0.000004  -0.380576 0.235339 -0.095223
20  -0.000002 -0.000001 0.000001  -0.000000 0.000001 0.375318
21  0.000002 0.000001 -0.000001  -0.000000 -0.000000 0.562075
22  -0.000004 -0.000001 0.000002  -0.558480 0.019493 -0.926953
23  -0.000001 0.000000 0.000002  -0.000000 0.000000 0.116646
24  -0.000001 0.000001 0.000000  -0.000000 -0.000000 -0.057078
25  0.000000 -0.000001 -0.000001  -0.418332 0.071900 -0.409665
26  -0.000001 0.000002 0.000002  -0.000000 0.000001 0.267159
27  -0.000001 0.000001 -0.000001  -0.000000 -0.000000 0.245743
28  -0.000004 -0.000001 0.000002  -0.563906 0.095795 -0.924001
29  -0.000001 -0.000005 0.000001  -0.000000 -0.000000 -0.227487
30  -0.000000 -0.000005 0.000001  0.000000 0.000000 -0.116341
31  -0.000010 -0.000001 -0.000002  0.582370 -0.000409 -0.000123
32  -0.000001 0.000001 0.000002  0.309885 -0.043950 0.339537
33  -0.000008 -0.000000 -0.000003  -0.000000 -0.000000 0.366934
34  0.000003 -0.000005 -0.000001  -0.090610 -0.000000 0.000000
35  -0.000001 -0.000003 -0.000001  -0.181284 0.000000 0.000000
36  -0.000002 0.000000 -0.000000  -0.271964 -0.000000 -0.000000
37  -0.000003 -0.000001 0.000000  -0.362590 0.000000 -0.000000
38  -0.000002 -0.000000 -0.000001  -0.453286 -0.000000 -0.000000
39  -0.000001 0.000001 0.000002  -0.543928 -0.000000 -0.000000
40  -0.000005 0.000005 0.000000  -0.634640 -0.000000 -0.000000
41  -0.000007 0.000002 -0.000000  -0.647506 -0.124850 -0.069753
42  1.410067 0.800536 2.089142  -2.043617 -0.463615 0.665928
43  3.954711 0.000003 -0.000005  0.000001 0.000000 0.689326
44  3.101569 -0.000005 -0.000000  0.000000 -0.000000 0.638253
45  -0.000003 -0.000000 -0.000002  0.011645 0.083192 0.015574
46  0.000001 -0.000000 0.000001  -0.000000 -0.000000 -0.601386
47  0.000005 0.000000 0.000000  -0.000000 0.000000 -0.974608
48  7.145101 -0.676337 1.382429  0.062090 0.270328 0.703671
49  3.672219 0.000002 0.000001  0.000000 -0.000001 1.498259
50  2.676528 0.000001 0.000000  0.000000 -0.000001 1.006829
51  6.831184 -0.870863 -0.599918  0.231922 0.205741 0.934461
52  3.657086 0.000014 -0.000002  -0.000001 -0.000000 1.453593
53  2.496789 -0.000000 0.000002  0.000001 -0.000001 0.750510
54  6.164477 -0.898147 -2.575016  0.332711 0.188105 0.821957
55  2.805847 0.000002 -0.000001  -0.000002 0.000001 0.963491
56  2.307450 0.000005 -0.000001  0.000001 -0.000001 0.990594
57  0.000000 0.000000 -0.000000  -0.023513 0.052118 -0.011909
58  0.000000 0.000000 0.000000  0.000000 -0.000000 -0.000000
59  0.927803 -8.948563 5.276635  -0.580967 0.780049 -0.445471
60  -3.646046 21.031513 -9.260610  -0.682231 0.649338 0.094971
61  5.022492 -7.133017 5.536551  -0.580967 0.780049 -0.445471
62  0.660710 -9.405923 5.052881  0.000000 0.000000 -0.000000
63  0.001271 4.285938 -0.189680  -0.000001 -0.000000 0.000000
64  0.060208 10.324396 74.469048  0.000008 -0.000000 0.000000
65  -0.002042 -3.169755 2.277848  1.570797 0.000000 -1.570796
66  8.769393 -2.675094 -2.292493  0.000000 0.000000 0.000000
67  -1.584225 -9.364035 -0.000004  0.000000 -0.000000 0.000000
68  10.555298 -5.113576 -0.000004  -1.570797 1.570795 0.000000
69  6.464088 -5.113576 -0.000006  -1.570795 1.570796 0.000000
70  7.053374 -1.968536 2.001230  -1.570796 1.570796 0.000000
71  26.793741 -5.113576 -0.000003  0.000001 -0.000000 -0.000000
72  -2.662412 1.445765 40.667957  0.000000 3.141592 1.570797
73  8.352068 2.772900 0.000541  -3.141589 0.000002 -0.000000
74  0.001266 21.193819 -3.302073  0.000000 -0.000000 0.000000
75  0.059869 -33.068932 1.081968  1.570797 -0.000000 -1.570796
76  0.064639 27.351301 72.195198  -0.000000 -0.000000 -0.000001
77  0.000001 0.317991 -0.000001  -0.000000 -0.000000 -0.000000
78  -0.000000 0.000001 -0.000001  -0.000000 0.075948 0.000000
79  1.907178 17.681803 0.736565  0.000001 0.000000 0.000000
80  0.059879 2.255346 54.398006  -0.000000 -0.000000 0.000000
81  0.003503 -22.270643 0.000150  1.570797 -0.000000 -1.570796
82  0.000020 1.724012 -0.208863  0.000001 -0.000000 0.000000
83  2.866832 35.586296 -3.517198  -0.506866 -0.270408 0.332808
84  -2.307078 11.683283 -6.602220  -0.008091 -0.065405 -1.488515
85  -2.662413 1.445767 33.628742  0.000000 3.141592 1.570797
86  8.352066 2.772898 0.000547  -3.141589 0.000002 -0.000000
87  0.006412 -45.818310 0.735917  1.570797 -0.000000 -1.570796
88  -0.108381 16.549217 -6.332980  -0.000001 -0.000000 0.000001
89  -0.152044 -0.178990 6.405252  -0.000001 -0.000001 -0.000000
90  0.326862 -0.178990 5.798759  -0.000001 -0.000001 -0.000000
91  0.000001 -0.000003 3.169724  -0.000000 -0.000000 -1.570797
92  -0.000001 0.000001 -0.000001  0.000000 0.000000 0.095070
93  0.000002 -0.000010 0.000000  0.000000 0.000000 0.000000
94  22.846476 98.319504 -39.725765  -0.000000 -0.000000 -0.000000
95  0.000003 -10.070926 -2.318773  0.000000 -0.000000 0.000000
96  -0.000001 0.000002 -1.529051  -0.000000 0.000000 0.000000
97  -0.078941 0.000002 -0.000000  0.000000 0.000001 1.570796
98  0.097092 0.000003 -0.000001  -0.000000 -3.141592 1.570796
99  0.000004 -13.006137 -2.049217  0.000000 -0.000000 0.000000
100  0.000000 -0.000002 0.000000  -0.000000 0.000000 0.000000
101  1.754235 4.036758 -1.682666  0.392575 -0.010118 -1.546365
102  -1.755140 4.036757 -1.682666  -0.404674 0.245240 -1.741923
103  -0.000000 -0.000001 0.000001  -0.000000 0.000000 0.000000
104  -11.350050 -0.729413 0.864873  0.000197 -0.025367 0.026438
105  -0.000001 -0.000006 0.000002  -0.000000 0.000000 0.000000
106  -11.344170 1.135887 0.869272  -0.000000 -0.025019 -0.026323
107  0.000002 -3.002982 4.619919  1.570796 -0.000000 1.570797
time 26
0  0 0 0  0 0 0
1  0.000000 0.000000 0.000000  0.000000 -0.000000 -0.000000
2  -0.000005 0.000023 -61.375507  0.000000 0.000000 -1.570795
3  -0.012814 0.000000 8.236240  -1.570819 -1.475889 0.000019
4  16.160965 -0.011392 0.005502  -0.444189 0.000339 -0.187736
5  0.000002 -0.000002 0.000003  0.730806 -0.050545 -0.167538
6  0.000003 0.000001 -0.000001  1.580931 -0.105826 0.192137
7  -0.000001 -0.000001 -0.000004  0.000000 -0.000000 -0.907360
8  0.000002 -0.000001 0.000000  0.170010 0.000000 -0.000000
9  0.000002 -0.000001 0.000000  0.340025 -0.000000 -0.000000
10  0.000003 -0.000002 -0.000000  0.510043 -0.000000 0.000000
11  0.000003 -0.000002 -0.000001  0.680106 -0.000000 0.000000
12  0.000004 -0.000004 0.000001  0.850100 0.000000 0.000000
13  0.000003 -0.000003 0.000002  1.020133 0.000000 0.000000
14  0.000002 -0.000001 0.000001  1.190207 0.000000 0.000000
15  -0.000002 0.000005 -0.000001  1.246773 0.423800 -0.262151
16  0.000001 -0.000003 -0.000001  -0.099910 0.236475 -0.434738
17  -0.000002 -0.000003 0.000001  -0.092956 -0.076407 -0.175541
18  -0.000002 -0.000006 0.000000  0.104001 0.017473 -1.485167
19  -0.000000 -0.000001 -0.000000  -0.385577 0.238047 -0.092207
20  -0.000003 -0.000002 0.000002  -0.000000 0.000001 0.381035
21  -0.000000 0.000002 0.000002  -0.000000 -0.000000 0.566523
22  -0.000005 -0.000003 -0.000000  -0.564284 0.019862 -0.924761
23  -0.000001 0.000002 0.000001  -0.000000 0.000000 0.121416
24  -0.000002 -0.000007 0.000001  -0.000000 0.000000 -0.053597
25  -0.000003 -0.000005 -0.000000  -0.423684 0.073280 -0.405242
26  0.000000 -0.000005 0.000004  -0.000000 0.000001 0.271655
27  -0.000004 0.000001 -0.000001  -0.000000 -0.000000 0.251463
28  -0.000005 -0.000003 -0.000001  -0.566198 0.097577 -0.923867
29  -0.000000 -0.000007 0.000000  -0.000000 -0.000000 -0.224661
30  0.000001 0.000001 0.000001  0.000000 0.000000 -0.113529
31  -0.000010 -0.000001 -0.000002  0.582370 -0.000409 -0.000123
32  -0.000001 0.000001 0.000002  0.310365 -0.042441 0.335066
33  -0.000008 -0.000004 -0.000001  0.000000 -0.000000 0.373827
34  0.000005 -0.000002 -0.000001  -0.091160 -0.000000 -0.000000
35  0.000002 0.000000 -0.000001  -0.182387 0.000000 -0.000000
36  -0.000000 0.000003 -0.000000  -0.273566 -0.000000 -0.000000
37  0.000002 0.000000 0.000000  -0.364762 -0.000000 -0.000000
38  -0.000001 0.000003 -0.000001  -0.455918 -0.000000 -0.000000
39  0.000000 0.000005 0.000001  -0.547161 -0.000000 -0.000000
40  -0.000004 0.000008 -0.000001  -0.638302 -0.000000 -0.000000
41  -0.000005 0.000006 -0.000001  -0.656879 -0.116613 -0.068123
42  1.410071 0.800536 2.089139  -2.043617 -0.463615 0.665928
43  3.954713 0.000007 -0.000008  0.000002 0.000000 0.689326
44  3.101572 -0.000006 0.000000  0.000000 -0.000000 0.638253
45  -0.000002 0.000001 -0.000002  0.011872 0.083237 0.018089
46  -0.000003 0.000003 0.000001  -0.000000 -0.000000 -0.598894
47  0.000003 0.000001 0.000001  -0.000000 0.000000 -0.971639
48  7.145109 -0.676338 1.382426  0.062090 0.270328 0.703671
49  3.672219 0.000001 0.000002  0.000000 -0.000001 1.498259
50  2.676526 0.000001 0.000001  0.000000 -0.000001 1.006829
51  6.831187 -0.870862 -0.599919  0.231922 0.205741 0.934461
52  3.657086 0.000010 -0.000003  -0.000001 -0.000000 1.453593
53  2.496797 -0.000002 0.000003  0.000001 -0.000001 0.750510
54  6.164480 -0.898147 -2.575017  0.332711 0.188105 0.821957
55  2.805845 -0.000002 -0.000001  -0.000002 0.000001 0.963491
56  2.307449 0.000003 -0.000001  0.000001 -0.000001 0.990594
57  0.000000 0.000000 -0.000000  -0.023656 0.052476 -0.012589
58  0.000000 0.000000 0.000000  0.000000 -0.000000 -0.000000
59  1.005774 -9.040452 5.156846  -0.588988 0.777683 -0.458958
60  -3.487642 20.781059 -9.462970  -0.692356 0.653263 0.082699
61  5.022492 -7.237120 5.474546  -0.588988 0.777683 -0.458958
62  0.660708 -9.405922 5.052881  0.000000 0.000000 0.000000
63  0.001270 4.285938 -0.189680  -0.000001 -0.000000 0.000000
64  0.060210 10.324396 74.469048  0.000008 -0.000000 0.000000
65  -0.002042 -3.169755 2.277848  1.570797 0.000000 -1.570796
66  8.769395 -2.675094 -2.292492  0.000000 0.000000 0.000000
67  -1.584224 -9.364035 -0.000005  0.000000 -0.000000 0.000000
68  10.555297 -5.113576 -0.000004  -1.570797 1.570795 0.000000
69  6.464091 -5.113576 -0.000006  -1.570795 1.570796 0.000000
70  7.053376 -1.968537 2.001229  -1.570796 1.570796 0.000000
71  26.793745 -5.113576 -0.000003  0.000000 -0.000000 -0.000000
72  -2.662413 1.445766 40.667953  0.000000 3.141592 1.570797
73  8.352066 2.772897 0.000538  -3.141589 0.000002 -0.000000
74  0.001264 21.193821 -3.302072  0.000000 -0.000000 0.000000
75  0.059870 -33.068932 1.081967  1.570797 0.000000 -1.570796
76  0.064642 27.351301 72.195198  0.000000 -0.000000 -0.000001
77  0.000000 0.317988 -0.000001  0.000000 -0.000000 0.000000
78  0.000000 0.000000 -0.000001  0.000000 -0.000000 0.000000
79  1.907178 17.681803 0.736565  0.000001 -0.000000 0.000000
80  0.059886 2.255348 54.398006  0.000000 -0.000000 0.000000
81  0.003501 -22.270641 0.000157  1.570797 -0.000000 -1.570796
82  0.000021 1.724013 -0.208863  0.000001 -0.000000 0.000000
83  2.866831 35.550022 -3.549607  -0.509627 -0.267519 0.333578
84  -2.307079 11.683283 -6.602219  -0.008091 -0.065405 -1.488515
85  -2.662413 1.445767 33.628738  0.000000 3.141592 1.570797
86  8.352066 2.772895 0.000544  -3.141589 0.000002 -0.000000
87  0.006416 -45.818310 0.735914  1.570797 0.000000 -1.570796
88  -0.108381 16.549217 -6.332979  -0.000001 -0.000000 0.000001
89  -0.152044 -0.178990 6.405252  -0.000000 -0.000001 -0.000000
90  0.326862 -0.178989 5.798760  -0.000000 -0.000001 -0.000000
91  0.000001 -0.000002 3.169724  0.000000 -0.000000 -1.570797
92  -0.000000 0.000000 -0.000001  0.000000 -0.000000 0.073139
93  0.000003 -0.000010 -0.000000  0.000000 0.000000 0.000000
94  22.846478 98.319489 -39.725765  0.000000 -0.000000 0.000000
95  0.000004 -10.070927 -2.318774  0.000000 -0.000000 0.000000
96  0.000001 0.000000 -1.529050  -0.000000 0.000000 0.000000
97  -0.078941 0.000001 0.000000  0.000000 0.000001 1.570796
98  0.097093 0.000001 -0.000001  -0.000000 -3.141592 1.570796
99  0.000005 -13.006136 -2.049217  0.000000 -0.000000 0.000000
100  -0.000000 -0.000001 0.000001  -0.000000 0.000000 0.000000
101  1.754235 4.036758 -1.682666  0.392575 -0.010118 -1.546365
102  -1.755140 4.036757 -1.682665  -0.404674 0.245240 -1.741923
103  -0.000000 0.000000 -0.000000  -0.000000 0.000000 -0.000000
104  -11.350050 -0.729413 0.864872  0.000197 -0.025368 0.026438
105  -0.000000 -0.000005 0.000001  -0.000000 0.000000 -0.000000
106  -11.344171 1.135888 0.869271  -0.000000 -0.025019 -0.026323
107  0.000003 -3.002982 4.619920  1.570796 -0.000000 1.570797
time 27
0  0 0 0  0 0 0
1  0.000000 0.000000 0.000000  0.000000 -0.000000 -0.000000
2  -0.000005 0.000023 -61.375507  0.000000 0.000000 -1.570795
3  -0.012814 0.000000 8.236240  -1.570819 -1.475889 0.000019
4  16.160965 -0.011392 0.005502  -0.444189 0.000339 -0.187736
5  0.000002 -0.000002 0.000003  0.731753 -0.049844 -0.165749
6  0.000001 0.000001 -0.000001  1.570076 -0.109453 0.197637
7  0.000001 -0.000003 -0.000004  0.000000 -0.000000 -0.906342
8  -0.000002 0.000001 -0.000000  0.168172 0.000000 -0.000000
9  -0.000002 0.000001 -0.000000  0.336372 -0.000000 -0.000000
10  -0.000001 -0.000000 -0.000001  0.504557 -0.000000 0.000000
11  -0.000001 -0.000000 -0.000001  0.672730 -0.000000 -0.000000
12  0.000000 -0.000002 0.000001  0.840930 -0.000000 0.000000
13  -0.000002 0.000000 0.000001  1.009099 0.000000 0.000000
14  -0.000001 -0.000000 0.000001  1.177263 0.000000 -0.000000
15  -0.000004 0.000004 -0.000000  1.227204 0.433874 -0.273133
16  0.000001 -0.000002 0.000000  -0.098304 0.236636 -0.431772
17  0.000002 0.000003 -0.000003  -0.092424 -0.077253 -0.179943
18  -0.000001 0.000001 0.000001  0.104092 0.016795 -1.477992
19  -0.000004 -0.000003 0.000002  -0.381524 0.236014 -0.097857
20  0.000003 0.000003 0.000002  -0.000000 0.000001 0.373082
21  -0.000004 -0.000000 -0.000000  -0.000000 -0.000000 0.560296
22  -0.000009 -0.000004 0.000002  -0.559435 0.020381 -0.928421
23  -0.000001 0.000002 0.000001  -0.000000 0.000000 0.114812
24  -0.000002 -0.000005 0.000001  -0.000000 0.000000 -0.058482
25  -0.000000 -0.000002 -0.000001  -0.419434 0.072259 -0.412125
26  0.000000 0.000002 0.000004  -0.000000 0.000001 0.265373
27  -0.000001 -0.000001 -0.000001  -0.000000 -0.000000 0.243406
28  -0.000003 0.000000 -0.000001  -0.566056 0.096558 -0.924721
29  0.000000 -0.000004 -0.000000  -0.000000 -0.000000 -0.228593
30  -0.000001 0.000003 -0.000000  0.000000 0.000000 -0.117442
31  -0.000010 -0.000001 -0.000002  0.582370 -0.000409 -0.000123
32  -0.000001 0.000001 0.000002  0.310688 -0.041116 0.331133
33  -0.000004 -0.000003 -0.000001  0.000000 -0.000000 0.378860
34  0.000003 -0.000001 -0.000002  -0.091038 -0.000000 0.000000
35  -0.000001 0.000001 -0.000002  -0.182081 0.000000 0.000000
36  -0.000002 0.000005 -0.000002  -0.273135 -0.000000 -0.000000
37  -0.000001 0.000001 -0.000001  -0.364203 -0.000000 0.000000
38  -0.000002 0.000005 -0.000002  -0.455291 -0.000000 -0.000000
39  -0.000001 0.000007 0.000000  -0.546337 -0.000000 -0.000000
40  -0.000001 0.000007 -0.000002  -0.637403 -0.000000 -0.000000
41  -0.000002 0.000006 -0.000002  -0.662129 -0.105758 -0.067125
42  1.410068 0.800537 2.089141  -2.043617 -0.463615 0.665928
43  3.954713 0.000006 -0.000008  0.000001 0.000000 0.689326
44  3.101574 -0.000009 0.000001  0.000000 -0.000000 0.638253
45  -0.000005 0.000002 -0.000001  0.012270 0.083213 0.021771
46  -0.000001 0.000000 -0.000001  -0.000000 -0.000000 -0.595191
47  0.000001 -0.000000 -0.000002  -0.000000 0.000000 -0.977580
48  7.145101 -0.676337 1.382429  0.062090 0.270328 0.703671
49  3.672218 0.000003 0.000002  0.000000 -0.000001 1.498259
50  2.676527 0.000002 -0.000000  0.000000 -0.000001 1.006829
51  6.831186 -0.870863 -0.599919  0.231922 0.205741 0.934461
52  3.657085 0.000008 -0.000002  -0.000001 -0.000000 1.453593
53  2.496790 -0.000002 0.000003  0.000001 -0.000001 0.750510
54  6.164475 -0.898147 -2.575016  0.332711 0.188105 0.821957
55  2.805845 -0.000000 -0.000001  -0.000002 0.000001 0.963491
56  2.307450 0.000003 -0.000001  0.000001 -0.000001 0.990594
57  0.000000 0.000000 -0.000000  -0.023799 0.052894 -0.013270
58  0.000000 0.000000 0.000000  0.000000 -0.000000 -0.000000
59  1.088619 -9.111922 5.061017  -0.594059 0.771255 -0.468172
60  -3.261351 20.593220 -9.638350  -0.703869 0.647092 0.070249
61  5.022492 -7.289169 5.462145  -0.594059 0.771254 -0.468173
62  0.660710 -9.405922 5.052881  0.000000 0.000000 0.000000
63  0.001270 4.285938 -0.189680  -0.000001 0.000000 0.000000
64  0.060210 10.324393 74.469048  0.000008 0.000000 0.000000
65  -0.002042 -3.169755 2.277849  1.570797 0.000000 -1.570796
66  8.769397 -2.675096 -2.292492  -0.000000 0.000000 0.000000
67  -1.584223 -9.364036 -0.000004  -0.000000 -0.000000 0.000000
68  10.555300 -5.113579 -0.000005  -1.570797 1.570795 0.000000
69  6.464090 -5.113578 -0.000006  -1.570795 1.570796 0.000000
70  7.053376 -1.968538 2.001229  -1.570796 1.570796 0.000000
71  26.793743 -5.113576 0.000000  0.000000 -0.000000 -0.000000
72  -2.662411 1.445763 40.667957  -0.000000 3.141592 1.570797
73  8.352066 2.772894 0.000543  -3.141589 0.000002 0.000000
74  0.001266 21.193817 -3.302073  0.000000 0.000000 0.000000
75  0.059869 -33.068932 1.081967  1.570797 -0.000000 -1.570796
76  0.064640 27.351301 72.195198  0.000000 -0.000000 -0.000001
77  0.000001 0.317990 -0.000001  0.000000 -0.000000 0.000000
78  -0.000001 0.000001 -0.000000  0.000000 0.066421 0.000000
79  1.907178 17.681803 0.736565  0.000001 0.000000 0.000000
80  0.059882 2.255346 54.398010  0.000000 0.000000 0.000000
81  0.003499 -22.270645 0.000156  1.570797 -0.000000 -1.570796
82  0.000020 1.724012 -0.208863  0.000001 0.000000 0.000000
83  2.892270 35.513744 -3.549608  -0.511428 -0.269648 0.331547
84  -2.307078 11.683282 -6.602219  -0.008091 -0.065405 -1.488515
85  -2.662412 1.445766 33.628746  -0.000000 3.141592 1.570797
86  8.352067 2.772895 0.000544  -3.141589 0.000002 0.000000
87  0.006414 -45.818314 0.735914  1.570797 -0.000000 -1.570796
88  -0.108381 16.549217 -6.332980  -0.000001 -0.000000 0.000001
89  -0.152044 -0.178990 6.405252  -0.000000 -0.000001 -0.000000
90  0.326862 -0.178990 5.798759  -0.000000 -0.000001 -0.000000
91  0.000000 -0.000003 3.169724  0.000000 -0.000000 -1.570797
92  0.000001 -0.000001 0.000000  -0.000000 -0.000000 0.024911
93  0.000002 -0.000008 0.000000  -0.000000 0.000000 0.000000
94  22.846478 98.319504 -39.725761  0.000000 -0.000000 0.000000
95  0.000003 -10.070927 -2.318774  0.000000 0.000000 0.000000
96  -0.000001 -0.000001 -1.529050  -0.000000 -0.000000 -0.000000
97  -0.078943 0.000002 0.000000  0.000000 0.000001 1.570796
98  0.097091 0.000001 -0.000000  -0.000000 -3.141592 1.570796
99  0.000004 -13.006137 -2.049217  0.000000 0.000000 0.000000
100  -0.000000 -0.000002 0.000000  -0.000000 -0.000000 -0.000000
101  1.754235 4.036760 -1.682665  0.392575 -0.010118 -1.546365
102  -1.755140 4.036759 -1.682666  -0.404674 0.245240 -1.741923
103  -0.000000 -0.000001 0.000000  -0.000000 0.000000 0.000000
104  -11.350049 -0.729413 0.864872  0.000197 -0.025367 0.026438
105  -0.000001 -0.000004 0.000002  -0.000000 0.000000 0.000000
106  -11.344171 1.135886 0.869271  -0.000000 -0.025019 -0.026323
107  0.000003 -3.002982 4.619920  1.570796 -0.000000 1.570797
time 28
0  0 0 0  0 0 0
1  0.000000 0.000000 0.000000  0.000000 -0.000000 -0.000000
2  -0.000005 0.000023 -61.375507  0.000000 0.000000 -1.570795
3  -0.012814 0.000000 8.236240  -1.570819 -1.475889 0.000019
4  16.160965 -0.011392 0.005502  -0.444189 0.000339 -0.187736
5  0.000002 -0.000002 0.000003  0.735292 -0.047258 -0.159309
6  0.000006 0.000001 -0.000002  1.552800 -0.109113 0.191594
7  -0.000003 -0.000001 -0.000004  0.000000 -0.000000 -0.901389
8  0.000004 0.000002 -0.000000  0.166702 0.000000 -0.000000
9  0.000006 0.000005 -0.000000  0.333462 -0.000000 -0.000000
10  0.000001 -0.000001 -0.000001  0.500209 -0.000000 -0.000000
11  0.000004 0.000001 -0.000001  0.666978 -0.000000 0.000000
12  0.000006 -0.000001 0.000001  0.833715 0.000000 0.000000
13  0.000005 0.000000 0.000001  1.000463 0.000000 0.000000
14  0.000005 0.000001 0.000001  1.167152 0.000000 -0.000000
15  0.000001 0.000006 -0.000001  1.213743 0.434847 -0.282660
16  0.000001 -0.000002 -0.000002  -0.091610 0.235375 -0.421512
17  0.000001 0.000001 0.000001  -0.090416 -0.080066 -0.194761
18  -0.000001 0.000002 0.000002  0.104614 0.015261 -1.462255
19  -0.000002 -0.000003 0.000002  -0.364520 0.227357 -0.116978
20  -0.000004 0.000000 0.000002  -0.000000 0.000001 0.344608
21  -0.000003 -0.000003 0.000002  -0.000000 -0.000000 0.538101
22  -0.000004 -0.000002 0.000000  -0.539680 0.021654 -0.941165
23  -0.000001 0.000005 0.000001  -0.000000 0.000000 0.091221
24  -0.000002 -0.000004 0.000000  -0.000000 -0.000000 -0.075949
25  -0.000002 -0.000004 0.000001  -0.401809 0.068248 -0.436359
26  -0.000001 0.000003 0.000001  -0.000000 0.000001 0.242790
27  -0.000002 -0.000000 -0.000000  -0.000000 -0.000000 0.214714
28  -0.000005 -0.000002 0.000000  -0.563287 0.091765 -0.927079
29  -0.000001 0.000002 0.000000  -0.000000 -0.000000 -0.242668
30  0.000001 -0.000001 0.000001  0.000000 0.000000 -0.131508
31  -0.000010 -0.000001 -0.000002  0.582370 -0.000409 -0.000123
32  -0.000001 0.000001 0.000002  0.310209 -0.038573 0.328261
33  -0.000005 -0.000004 -0.000002  -0.000000 -0.000000 0.383709
34  0.000001 -0.000002 -0.000001  -0.090671 -0.000000 0.000000
35  -0.000003 0.000000 -0.000001  -0.181407 0.000000 -0.000000
36  -0.000004 0.000003 -0.000000  -0.272149 -0.000000 -0.000000
37  -0.000003 0.000000 0.000000  -0.362838 -0.000000 -0.000000
38  -0.000005 0.000003 -0.000001  -0.453600 -0.000000 -0.000000
39  -0.000004 0.000004 0.000002  -0.544308 -0.000000 -0.000000
40  -0.000008 0.000006 -0.000001  -0.635025 -0.000000 -0.000000
41  -0.000007 0.000006 -0.000002  -0.663572 -0.096878 -0.074124
42  1.410069 0.800537 2.089139  -2.043617 -0.463615 0.665928
43  3.954714 0.000006 -0.000005  0.000001 0.000000 0.689326
44  3.101570 -0.000004 -0.000001  0.000000 -0.000000 0.638253
45  -0.000003 0.000000 -0.000003  0.012625 0.083246 0.025879
46  0.000001 -0.000001 0.000001  -0.000000 -0.000000 -0.591106
47  0.000004 -0.000000 0.000000  0.000000 0.000000 -0.988866
48  7.145103 -0.676336 1.382427  0.062090 0.270328 0.703671
49  3.672217 0.000002 0.000001  0.000000 -0.000001 1.498259
50  2.676529 0.000003 0.000000  0.000000 -0.000001 1.006829
51  6.831184 -0.870862 -0.599919  0.231922 0.205741 0.934461
52  3.657085 0.000009 -0.000002  -0.000001 -0.000000 1.453593
53  2.496792 -0.000002 0.000003  0.000001 -0.000001 0.750510
54  6.164478 -0.898147 -2.575018  0.332711 0.188105 0.821957
55  2.805846 0.000001 -0.000001  -0.000002 0.000001 0.963491
56  2.307450 0.000002 -0.000001  0.000001 -0.000001 0.990594
57  0.000000 0.000000 -0.000000  -0.024050 0.053135 -0.013462
58  0.000000 0.000000 0.000000  0.000000 -0.000000 -0.000000
59  1.122731 -9.183392 4.905293  -0.596845 0.765000 -0.468252
60  -3.102946 20.405388 -9.854201  -0.713305 0.631714 0.064023
61  5.042708 -7.323872 5.387739  -0.596844 0.765000 -0.468252
62  0.660711 -9.405925 5.052882  -0.000000 0.000000 0.000000
63  0.001271 4.285938 -0.189680  -0.000001 -0.000000 0.000000
64  0.060215 10.324397 74.469055  0.000008 -0.000000 0.000000
65  -0.002041 -3.169756 2.277849  1.570797 0.000000 -1.570796
66  8.769392 -2.675095 -2.292492  -0.000000 0.000000 0.000000
67  -1.584225 -9.364035 -0.000004  -0.000000 -0.000000 0.000000
68  10.555298 -5.113577 -0.000005  -1.570797 1.570795 0.000000
69  6.464089 -5.113576 -0.000006  -1.570795 1.570796 0.000000
70  7.053374 -1.968536 2.001230  -1.570796 1.570796 0.000000
71  26.793739 -5.113574 -0.000001  0.000000 -0.000000 0.000000
72  -2.662412 1.445764 40.667961  0.000000 3.141592 1.570797
73  8.352064 2.772896 0.000545  -3.141589 0.000002 -0.000000
74  0.001265 21.193819 -3.302073  0.000000 -0.000000 0.000000
75  0.059868 -33.068935 1.081969  1.570797 -0.000000 -1.570796
76  0.064645 27.351307 72.195206  -0.000000 -0.000000 -0.000001
77  0.000000 0.317989 0.000000  -0.000000 -0.000000 0.000000
78  -0.000001 0.000001 0.000000  -0.000000 0.189805 0.000000
79  1.907177 17.681805 0.736566  0.000001 0.000000 0.000000
80  0.059890 2.255350 54.398010  -0.000000 -0.000000 0.000000
81  0.003503 -22.270645 0.000154  1.570797 -0.000000 -1.570796
82  0.000021 1.724013 -0.208863  0.000001 -0.000000 0.000000
83  2.943141 35.513741 -3.510715  -0.510489 -0.279807 0.325712
84  -2.307079 11.683284 -6.602219  -0.008091 -0.065405 -1.488515
85  -2.662413 1.445767 33.628742  0.000000 3.141592 1.570797
86  8.352065 2.772895 0.000544  -3.141589 0.000002 -0.000000
87  0.006414 -45.818314 0.735915  1.570797 -0.000000 -1.570796
88  -0.108382 16.549217 -6.332980  -0.000001 -0.000000 0.000001
89  -0.152045 -0.178991 6.405251  -0.000000 -0.000001 0.000000
90  0.326861 -0.178990 5.798759  -0.000000 -0.000001 0.000000
91  0.000001 -0.000003 3.169724  -0.000000 -0.000000 -1.570797
92  0.000000 -0.000000 0.000000  -0.000000 -0.000000 -0.023317
93  0.000002 -0.000007 0.000000  -0.000000 0.000000 0.000000
94  22.846478 98.319504 -39.725765  -0.000000 -0.000000 0.000000
95  0.000003 -10.070927 -2.318773  0.000000 -0.000000 0.000000
96  0.000000 0.000000 -1.529051  -0.000000 -0.000000 0.000000
97  -0.078941 0.000000 -0.000001  -0.000000 0.000001 1.570796
98  0.097092 0.000001 -0.000001  0.000000 -3.141592 1.570796
99  0.000004 -13.006139 -2.049217  0.000000 -0.000000 0.000000
100  0.000000 0.000003 0.000000  -0.000000 -0.000000 0.000000
101  1.754236 4.036757 -1.682666  0.392575 -0.010118 -1.546365
102  -1.755141 4.036757 -1.682666  -0.404674 0.245240 -1.741923
103  -0.000001 -0.000002 -0.000000  0.000000 -0.000000 -0.000000
104  -11.350049 -0.729413 0.864869  0.000197 -0.025368 0.026438
105  -0.000001 -0.000005 0.000001  0.000000 -0.000000 -0.000000
106  -11.344172 1.135888 0.869269  -0.000000 -0.025020 -0.026323
107  0.000002 -3.002982 4.619921  1.570796 -0.000000 1.570797
time 29
0  0 0 0  0 0 0
1  0.000000 0.000000 0.000000  0.000000 -0.000000 -0.000000
2  -0.000005 0.000023 -61.375507  0.000000 0.000000 -1.570795
3  -0.012814 0.000000 8.236240  -1.570819 -1.475889 0.000019
4  16.160965 -0.011392 0.005502  -0.444189 0.000339 -0.187736
5  0.000002 -0.000002 0.000003  0.746595 -0.040743 -0.143435
6  0.000001 0.000001 -0.000000  1.519780 -0.110409 0.165884
7  0.000000 0.000000 -0.000004  0.000000 -0.000000 -0.893666
8  -0.000001 0.000005 0.000000  0.163211 0.000000 -0.000000
9  -0.000001 0.000004 0.000000  0.326470 -0.000000 -0.000000
10  -0.000000 0.000004 -0.000001  0.489695 -0.000000 -0.000000
11  -0.000000 0.000004 -0.000001  0.652913 -0.000000 -0.000000
12  0.000001 0.000001 0.000001  0.816192 -0.000000 0.000000
13  -0.000000 0.000003 0.000002  0.979447 0.000000 0.000000
14  -0.000004 -0.000000 0.000002  1.142675 0.000000 -0.000000
15  -0.000000 0.000010 -0.000001  1.186873 0.417399 -0.306369
16  -0.000002 0.000001 0.000000  -0.074513 0.231420 -0.396009
17  -0.000001 -0.000002 0.000000  -0.085454 -0.086958 -0.232687
18  -0.000001 -0.000002 -0.000003  0.105452 0.011885 -1.426753
19  -0.000005 0.000000 0.000002  -0.318731 0.206837 -0.165139
20  -0.000001 -0.000001 0.000001  -0.000000 0.000001 0.273011
21  -0.000003 -0.000002 0.000001  -0.000000 -0.000000 0.485544
22  -0.000006 0.000003 -0.000002  -0.488714 0.025979 -0.972977
23  -0.000002 -0.000003 0.000001  -0.000000 0.000000 0.032290
24  -0.000001 0.000002 0.000001  -0.000000 -0.000000 -0.119704
25  -0.000006 -0.000001 0.000001  -0.354880 0.060551 -0.497308
26  0.000000 0.000003 0.000002  -0.000000 0.000000 0.185942
27  -0.000001 0.000002 0.000001  -0.000000 -0.000000 0.145151
28  -0.000006 0.000003 -0.000001  -0.555531 0.079360 -0.932363
29  -0.000001 0.000010 0.000000  -0.000000 -0.000000 -0.277078
30  -0.000001 0.000007 -0.000000  0.000000 0.000000 -0.167376
31  -0.000010 -0.000001 -0.000002  0.582370 -0.000409 -0.000122
32  -0.000005 0.000001 0.000001  0.309224 -0.036099 0.327129
33  -0.000001 -0.000002 -0.000002  0.000000 -0.000000 0.387751
34  0.000004 -0.000005 -0.000001  -0.090793 -0.000000 0.000000
35  0.000001 -0.000001 -0.000001  -0.181591 0.000000 0.000000
36  -0.000003 0.000001 -0.000001  -0.272395 -0.000000 -0.000000
37  -0.000003 0.000001 -0.000000  -0.363210 -0.000000 0.000000
38  -0.000003 0.000000 -0.000001  -0.453976 -0.000000 -0.000000
39  -0.000002 0.000002 0.000001  -0.544752 -0.000000 -0.000000
40  -0.000004 0.000005 -0.000001  -0.635603 -0.000000 -0.000000
41  -0.000005 0.000002 -0.000001  -0.664690 -0.093809 -0.085236
42  1.410074 0.800536 2.089140  -2.043617 -0.463615 0.665928
43  3.954713 0.000002 -0.000006  0.000002 0.000000 0.689326
44  3.101566 -0.000008 0.000002  0.000000 -0.000000 0.638253
45  0.000003 0.000001 -0.000002  0.012956 0.083221 0.029436
46  0.000001 -0.000001 -0.000001  -0.000000 -0.000000 -0.587470
47  -0.000002 0.000000 0.000000  0.000000 0.000000 -1.001925
48  7.145109 -0.676337 1.382427  0.062090 0.270328 0.703671
49  3.672220 -0.000002 0.000003  0.000000 -0.000001 1.498259
50  2.676526 0.000002 0.000001  0.000000 -0.000001 1.006829
51  6.831188 -0.870861 -0.599918  0.231922 0.205741 0.934461
52  3.657085 0.000007 -0.000002  -0.000001 -0.000000 1.453593
53  2.496793 -0.000002 0.000003  0.000001 -0.000001 0.750510
54  6.164479 -0.898145 -2.575015  0.332711 0.188105 0.821957
55  2.805846 -0.000001 -0.000001  -0.000002 0.000001 0.963491
56  2.307450 0.000002 -0.000001  0.000001 -0.000001 0.990594
57  0.000000 0.000000 -0.000000  -0.024351 0.053257 -0.013289
58  0.000000 0.000000 0.000000  0.000000 -0.000000 -0.000000
59  1.098364 -9.254861 4.773526  -0.600191 0.763163 -0.464539
60  -2.921909 20.280159 -10.353356  -0.722849 0.608766 0.055804
61  5.073030 -7.341221 5.276131  -0.600191 0.763163 -0.464540
62  0.660709 -9.405924 5.052881  -0.000000 0.000000 0.000000
63  0.001271 4.285938 -0.189679  -0.000001 0.000000 0.000000
64  0.060212 10.324396 74.469048  0.000008 0.000000 0.000000
65  -0.002042 -3.169755 2.277849  1.570797 0.000000 -1.570796
66  8.769395 -2.675094 -2.292492  0.000000 0.000000 0.000000
67  -1.584224 -9.364035 -0.000003  0.000000 -0.000000 0.000000
68  10.555298 -5.113576 -0.000004  -1.570797 1.570795 0.000000
69  6.464088 -5.113575 -0.000005  -1.570795 1.570796 0.000000
70  7.053376 -1.968535 2.001231  -1.570796 1.570796 0.000000
71  26.793743 -5.113574 -0.000000  0.000000 -0.000000 0.000000
72  -2.662415 1.445764 40.667957  -0.000000 3.141592 1.570797
73  8.352065 2.772896 0.000548  -3.141589 0.000002 -0.000000
74  0.001266 21.193819 -3.302073  0.000001 0.000000 0.000000
75  0.059868 -33.068935 1.081967  1.570797 0.000000 -1.570796
76  0.064641 27.351305 72.195190  -0.000000 -0.000000 -0.000001
77  -0.000000 0.317989 0.000000  -0.000000 0.000000 0.000000
78  -0.000000 -0.000000 -0.000000  -0.000000 0.256201 0.000000
79  1.907177 17.681803 0.736565  0.000001 0.000000 0.000000
80  0.059890 2.255350 54.398010  0.000000 0.000000 0.000000
81  0.003499 -22.270645 0.000165  1.570797 -0.000000 -1.570796
82  0.000021 1.724012 -0.208863  0.000001 0.000000 0.000000
83  3.350128 35.622566 -3.491268  -0.505100 -0.299801 0.310763
84  -2.307079 11.683282 -6.602219  -0.008091 -0.065405 -1.488515
85  -2.662410 1.445768 33.628742  -0.000000 3.141592 1.570797
86  8.352066 2.772894 0.000545  -3.141589 0.000002 -0.000000
87  0.006413 -45.818314 0.735917  1.570797 0.000000 -1.570796
88  -0.108381 16.549217 -6.332980  -0.000001 0.000000 0.000001
89  -0.152044 -0.178990 6.405252  -0.000000 -0.000001 -0.000000
90  0.326862 -0.178990 5.798759  -0.000000 -0.000001 -0.000000
91  0.000000 -0.000003 3.169724  0.000000 -0.000000 -1.570797
92  -0.000001 -0.000001 0.000001  0.000000 0.000000 -0.045232
93  0.000002 -0.000007 0.000000  0.000000 0.000000 0.000000
94  22.846470 98.319511 -39.725758  -0.000000 0.000000 0.000000
95  0.000003 -10.070926 -2.318773  0.000001 0.000000 0.000000
96  -0.000001 0.000002 -1.529050  -0.000000 0.000000 0.000000
97  -0.078942 0.000002 -0.000000  0.000000 0.000001 1.570796
98  0.097092 0.000000 -0.000001  -0.000000 -3.141592 1.570796
99  0.000004 -13.006138 -2.049217  0.000001 0.000000 0.000000
100  -0.000000 0.000001 0.000001  -0.000000 0.000000 0.000000
101  1.754236 4.036757 -1.682666  0.392575 -0.010118 -1.546365
102  -1.755140 4.036757 -1.682667  -0.404674 0.245240 -1.741923
103  -0.000001 0.000001 -0.000001  0.000000 0.000000 -0.000000
104  -11.350050 -0.729412 0.864871  0.000197 -0.025368 0.026438
105  -0.000001 -0.000004 0.000001  0.000000 0.000000 -0.000000
106  -11.344171 1.135886 0.869271  0.000000 -0.025020 -0.026323
107  0.000002 -3.002981 4.619920  1.570796 -0.000000 1.570797
time 30
0  0 0 0  0 0 0
1  0.000000 0.000000 0.000000  0.000000 -0.000000 -0.000000
2  -0.000005 0.000023 -61.375507  0.000000 0.000000 -1.570795
3  -0.012814 0.000000 8.236240  -1.570819 -1.475889 0.000019
4  16.160965 -0.011392 0.005502  -0.444189 0.000339 -0.187736
5  0.000002 -0.000002 0.000003  0.764865 -0.031304 -0.118179
6  0.000006 0.000001 -0.000001  1.468281 -0.111574 0.124613
7  0.000002 -0.000001 -0.000005  0.000000 -0.000000 -0.886295
8  0.000001 0.000002 0.000000  0.158557 0.000000 -0.000000
9  0.000001 0.000002 -0.000000  0.317133 -0.000000 -0.000000
10  0.000001 0.000001 -0.000001  0.475678 -0.000000 -0.000000
11  0.000001 0.000001 -0.000001  0.634254 -0.000000 -0.000000
12  0.000003 -0.000001 0.000001  0.792844 -0.000000 0.000000
13  0.000001 0.000001 0.000001  0.951400 0.000000 -0.000000
14  0.000001 0.000001 0.000001  1.109975 0.000000 -0.000000
15  -0.000004 0.000009 -0.000001  1.152572 0.391335 -0.331693
16  -0.000001 -0.000000 0.000000  -0.047848 0.224358 -0.356169
17  0.000000 -0.000004 -0.000001  -0.077211 -0.097411 -0.292512
18  -0.000002 -0.000005 0.000001  0.106626 0.006511 -1.371135
19  -0.000003 0.000001 0.000000  -0.243632 0.178262 -0.241664
20  -0.000002 -0.000003 0.000002  -0.000000 0.000001 0.160516
21  -0.000002 -0.000002 0.000000  -0.000000 -0.000000 0.403314
22  -0.000008 -0.000001 -0.000000  -0.407329 0.035503 -1.022185
23  -0.000001 0.000002 -0.000000  -0.000000 0.000000 -0.060131
24  -0.000001 0.000008 0.000001  -0.000000 -0.000000 -0.188456
25  -0.000003 -0.000000 -0.000001  -0.278694 0.053961 -0.593256
26  -0.000001 -0.000000 0.000003  -0.000000 0.000000 0.096598
27  -0.000002 -0.000005 0.000001  -0.000000 -0.000000 0.036075
28  -0.000007 -0.000001 0.000000  -0.541630 0.059284 -0.940428
29  -0.000001 -0.000000 0.000001  -0.000000 -0.000000 -0.331111
30  -0.000002 -0.000001 0.000001  0.000000 0.000000 -0.223802
31  -0.000010 -0.000001 -0.000002  0.582370 -0.000409 -0.000122
32  -0.000005 0.000001 0.000001  0.308426 -0.034874 0.327748
33  -0.000004 -0.000002 -0.000002  -0.000000 -0.000000 0.389058
34  0.000004 -0.000000 -0.000001  -0.091404 -0.000000 0.000000
35  -0.000000 0.000002 -0.000001  -0.182878 0.000000 0.000000
36  -0.000004 0.000004 0.000000  -0.274305 -0.000000 -0.000000
37  -0.000004 0.000003 0.000000  -0.365755 -0.000000 0.000000
38  -0.000004 0.000004 -0.000001  -0.457171 -0.000000 -0.000000
39  -0.000003 0.000005 0.000002  -0.548619 -0.000000 -0.000000
40  -0.000005 0.000008 -0.000000  -0.640039 -0.000000 -0.000000
41  -0.000004 0.000004 -0.000001  -0.667944 -0.096071 -0.092839
42  1.410071 0.800535 2.089142  -2.043617 -0.463615 0.665928
43  3.954715 0.000005 -0.000006  0.000001 0.000000 0.689326
44  3.101572 -0.000007 -0.000001  0.000000 -0.000000 0.638253
45  -0.000004 -0.000001 -0.000000  0.013176 0.083204 0.031767
46  -0.000002 -0.000000 -0.000002  0.000000 -0.000000 -0.585238
47  -0.000001 0.000000 -0.000001  0.000000 0.000000 -1.013076
48  7.145107 -0.676339 1.382428  0.062090 0.270328 0.703671
49  3.672218 -0.000002 0.000002  0.000000 -0.000001 1.498259
50  2.676525 0.000002 -0.000001  0.000000 -0.000001 1.006829
51  6.831188 -0.870864 -0.599918  0.231922 0.205741 0.934461
52  3.657085 0.000012 -0.000001  -0.000001 -0.000000 1.453593
53  2.496791 -0.000002 0.000002  0.000001 -0.000001 0.750510
54  6.164477 -0.898148 -2.575016  0.332711 0.188105 0.821957
55  2.805846 0.000002 -0.000001  -0.000002 0.000001 0.963491
56  2.307450 0.000004 -0.000001  0.000001 -0.000001 0.990594
57  0.000000 0.000000 -0.000000  -0.024651 0.053380 -0.013054
58  0.000000 0.000000 0.000000  0.000000 -0.000000 -0.000000
59  1.039887 -9.285489 4.701653  -0.605620 0.765967 -0.463890
60  -2.537213 20.154934 -11.027894  -0.735581 0.567921 0.047514
61  5.093246 -7.323872 5.214127  -0.605620 0.765967 -0.463890
62  0.660711 -9.405927 5.052879  0.000000 0.000000 0.000000
63  0.001271 4.285939 -0.189680  -0.000001 -0.000000 0.000000
64  0.060213 10.324397 74.469040  0.000008 -0.000000 0.000000
65  -0.002043 -3.169755 2.277848  1.570797 0.000000 -1.570796
66  8.769397 -2.675096 -2.292492  -0.000000 0.000000 -0.000000
67  -1.584223 -9.364035 -0.000003  0.000000 -0.000000 0.000000
68  10.555299 -5.113577 -0.000003  -1.570797 1.570795 0.000000
69  6.464090 -5.113577 -0.000005  -1.570795 1.570796 0.000000
70  7.053376 -1.968536 2.001231  -1.570796 1.570796 0.000000
71  26.793743 -5.113575 0.000001  0.000000 -0.000000 -0.000000
72  -2.662413 1.445765 40.667957  -0.000000 3.141592 1.570797
73  8.352066 2.772897 0.000544  -3.141589 0.000002 0.000000
74  0.001267 21.193819 -3.302073  0.000000 -0.000000 0.000000
75  0.059866 -33.068932 1.081967  1.570797 0.000000 -1.570796
76  0.064636 27.351303 72.195198  0.000000 -0.000000 -0.000001
77  -0.000000 0.158993 -0.000000  0.000000 -0.000000 0.000000
78  -0.000000 0.000000 -0.000001  0.000000 0.216187 0.000000
79  1.907178 17.681801 0.736566  0.000001 0.000000 0.000000
80  0.059880 2.255347 54.398006  0.000000 -0.000000 0.000000
81  0.003499 -22.270643 0.000159  1.570797 0.000000 -1.570796
82  0.000021 1.724013 -0.208863  0.000001 -0.000000 0.000000
83  4.113227 35.840202 -3.413481  -0.502540 -0.341775 0.290373
84  -2.307078 11.683283 -6.602219  -0.008091 -0.065405 -1.488515
85  -2.662414 1.445768 33.628742  -0.000000 3.141592 1.570797
86  8.352064 2.772896 0.000546  -3.141589 0.000002 0.000000
87  0.006412 -45.818314 0.735915  1.570797 0.000000 -1.570796
88  -0.108380 16.549217 -6.332980  -0.000001 0.000000 0.000001
89  -0.152045 -0.178990 6.405252  -0.000000 -0.000001 0.000000
90  0.326862 -0.178990 5.798759  -0.000000 -0.000001 0.000000
91  0.000000 -0.000003 3.169724  -0.000000 -0.000000 -1.570797
92  0.000000 0.000000 -0.000000  0.000000 -0.000000 -0.029299
93  0.000002 -0.000007 0.000000  0.000000 -0.000000 0.000000
94  22.846483 98.319496 -39.725758  0.000000 -0.000000 0.000000
95  0.000003 -10.070926 -2.318773  0.000000 -0.000000 0.000000
96  -0.000001 -0.000000 -1.529050  -0.000000 -0.000000 -0.000000
97  -0.078941 -0.000001 -0.000000  0.000000 0.000001 1.570796
98  0.097091 -0.000000 -0.000001  -0.000000 -3.141592 1.570796
99  0.000004 -13.006137 -2.049217  0.000000 -0.000000 0.000000
100  -0.000001 0.000001 0.000000  -0.000000 -0.000000 -0.000000
101  1.754236 4.036757 -1.682666  0.392575 -0.010118 -1.546365
102  -1.755139 4.036758 -1.682666  -0.404674 0.245240 -1.741923
103  0.000000 -0.000000 -0.000000  0.000000 0.000000 0.000000
104  -11.350049 -0.729412 0.864872  0.000198 -0.025368 0.026438
105  0.000000 -0.000005 0.000001  0.000000 0.000000 0.000000
106  -11.344172 1.135889 0.869270  -0.000000 -0.025019 -0.026323
107  0.000002 -3.002981 4.619920  1.570796 -0.000000 1.570797
time 31
0  0 0 0  0 0 0
1  0.000000 0.000000 0.000000  0.000000 -0.000000 -0.000000
2  -0.000005 0.000023 -61.375507  0.000000 0.000000 -1.570795
3  -0.012814 0.000000 8.236240  -1.570819 -1.475889 0.000019
4  16.160965 -0.011392 0.005502  -0.444189 0.000339 -0.187736
5  0.000002 -0.000002 0.000003  0.781641 -0.022231 -0.089856
6  0.000004 0.000002 -0.000001  1.404645 -0.113858 0.083772
7  -0.000004 -0.000002 -0.000004  0.000000 -0.000000 -0.879814
8  -0.000001 0.000000 0.000000  0.152864 0.000000 -0.000000
9  -0.000001 -0.000000 0.000000  0.305764 -0.000000 -0.000000
10  -0.000004 -0.000003 -0.000000  0.458612 -0.000000 -0.000000
11  -0.000001 0.000000 -0.000001  0.611555 -0.000000 -0.000000
12  -0.000003 -0.000004 0.000001  0.764409 -0.000000 0.000000
13  -0.000000 -0.000001 0.000001  0.917287 0.000000 0.000000
14  -0.000000 -0.000001 0.000002  1.070216 0.000000 0.000000
15  -0.000006 0.000006 -0.000001  1.111781 0.359860 -0.354774
16  0.000001 -0.000002 0.000000  -0.019057 0.215064 -0.312733
17  -0.000004 -0.000003 0.000002  -0.067155 -0.108200 -0.356525
18  -0.000001 0.000000 -0.000000  0.107834 0.000321 -1.309265
19  -0.000001 -0.000000 -0.000000  -0.159290 0.151741 -0.326167
20  0.000001 0.000003 -0.000004  -0.000000 0.000001 0.037601
21  0.000001 -0.000001 0.000000  -0.000000 -0.000000 0.308544
22  -0.000003 -0.000000 -0.000002  -0.316612 0.049254 -1.074331
23  -0.000001 -0.000001 0.000001  -0.000000 0.000000 -0.161864
24  -0.000002 0.000002 0.000004  -0.000000 -0.000000 -0.263711
25  -0.000001 -0.000002 -0.000001  -0.193805 0.053488 -0.697822
26  -0.000002 0.000002 -0.000001  -0.000000 0.000000 -0.000794
27  0.000000 0.000004 -0.000000  -0.000000 -0.000000 -0.087005
28  -0.000003 -0.000000 -0.000002  -0.523442 0.036075 -0.950145
29  -0.000000 -0.000010 0.000002  -0.000000 -0.000000 -0.391547
30  0.000002 -0.000004 0.000001  0.000000 0.000000 -0.284722
31  -0.000010 -0.000001 -0.000002  0.582370 -0.000409 -0.000123
32  -0.000001 0.000001 0.000002  0.307132 -0.033292 0.329419
33  -0.000004 -0.000002 -0.000002  -0.000000 -0.000000 0.388249
34  0.000003 -0.000002 -0.000001  -0.092076 -0.000000 -0.000000
35  0.000001 0.000000 -0.000001  -0.184165 0.000000 -0.000000
36  -0.000002 0.000003 0.000000  -0.276277 -0.000000 -0.000000
37  0.000001 -0.000000 0.000001  -0.368424 -0.000000 -0.000000
38  -0.000002 0.000002 0.000000  -0.460493 -0.000000 -0.000000
39  -0.000002 0.000003 0.000002  -0.552615 -0.000000 -0.000000
40  -0.000001 0.000004 -0.000000  -0.644735 -0.000000 -0.000000
41  -0.000002 0.000003 -0.000001  -0.670566 -0.099892 -0.100315
42  1.410073 0.800537 2.089140  -2.043617 -0.463615 0.665928
43  3.954712 0.000005 -0.000007  0.000001 0.000000 0.689326
44  3.101568 -0.000008 -0.000002  0.000000 -0.000000 0.638253
45  -0.000000 0.000000 -0.000001  0.013308 0.083314 0.033423
46  0.000000 0.000001 -0.000001  0.000000 -0.000000 -0.585111
47  -0.000003 0.000000 -0.000000  0.000000 0.000000 -1.023912
48  7.145107 -0.676337 1.382427  0.062090 0.270328 0.703671
49  3.672219 0.000000 0.000002  0.000000 -0.000001 1.498259
50  2.676528 0.000002 0.000001  0.000000 -0.000001 1.006829
51  6.831188 -0.870862 -0.599918  0.231922 0.205741 0.934461
52  3.657086 0.000008 -0.000002  -0.000001 -0.000000 1.453593
53  2.496792 -0.000001 0.000002  0.000001 -0.000001 0.750510
54  6.164480 -0.898146 -2.575017  0.332711 0.188105 0.821957
55  2.805845 0.000000 -0.000001  -0.000002 0.000001 0.963491
56  2.307449 0.000002 -0.000001  0.000001 -0.000001 0.990594
57  0.000000 0.000000 -0.000000  -0.024884 0.053445 -0.012634
58  0.000000 0.000000 0.000000  0.000000 -0.000000 -0.000000
59  0.971662 -9.295699 4.641759  -0.610427 0.769832 -0.461529
60  -1.926224 19.998402 -11.715919  -0.743810 0.520952 0.039872
61  5.113461 -7.289169 5.127320  -0.610426 0.769832 -0.461529
62  0.660711 -9.405928 5.052882  -0.000000 0.000000 -0.000000
63  0.001271 4.285938 -0.189680  -0.000001 0.000000 0.000000
64  0.060215 10.324398 74.469055  0.000008 0.000000 0.000000
65  -0.002042 -3.169756 2.277849  1.570797 0.000000 -1.570796
66  8.769392 -2.675095 -2.292492  -0.000000 0.000000 0.000000
67  -1.584224 -9.364036 -0.000003  -0.000000 -0.000000 0.000000
68  10.555297 -5.113577 -0.000004  -1.570797 1.570795 0.000000
69  6.464089 -5.113577 -0.000005  -1.570795 1.570796 0.000000
70  7.053376 -1.968537 2.001230  -1.570796 1.570796 0.000000
71  26.793743 -5.113575 0.000000  0.000000 -0.000000 -0.000000
72  -2.662414 1.445765 40.667961  -0.000000 3.141592 1.570797
73  8.352065 2.772893 0.000545  -3.141589 0.000002 0.000000
74  0.001265 21.193819 -3.302073  0.000000 0.000000 0.000000
75  0.059870 -33.068935 1.081968  1.570797 -0.000000 -1.570796
76  0.064642 27.351311 72.195206  -0.000000 -0.000000 -0.000001
77  0.000001 -0.000004 -0.000001  -0.000000 0.000000 -0.000000
78  -0.000001 0.000001 0.000000  -0.000000 0.128115 -0.000000
79  1.907177 17.681803 0.736565  0.000001 0.000000 0.000000
80  0.059887 2.255348 54.398014  0.000000 0.000000 0.000000
81  0.003503 -22.270645 0.000157  1.570797 0.000000 -1.570796
82  0.000021 1.724012 -0.208863  0.000001 0.000000 0.000000
83  5.130692 35.912743 -3.167167  -0.494175 -0.389676 0.265834
84  -2.307079 11.683283 -6.602220  -0.008091 -0.065405 -1.488515
85  -2.662410 1.445768 33.628746  -0.000000 3.141592 1.570797
86  8.352066 2.772895 0.000540  -3.141589 0.000002 0.000000
87  0.006414 -45.818317 0.735915  1.570797 -0.000000 -1.570796
88  -0.108381 16.549217 -6.332981  -0.000001 0.000000 0.000001
89  -0.152045 -0.178990 6.405252  -0.000000 -0.000001 -0.000000
90  0.326862 -0.178990 5.798759  -0.000000 -0.000001 -0.000000
91  0.000001 -0.000003 3.169725  -0.000000 -0.000000 -1.570797
92  -0.000001 -0.000001 0.000000  -0.000000 0.000000 0.000305
93  0.000002 -0.000008 0.000001  -0.000000 -0.000000 0.000000
94  22.846474 98.319504 -39.725765  -0.000000 0.000000 -0.000000
95  0.000004 -10.070927 -2.318773  0.000000 0.000000 0.000000
96  -0.000001 0.000000 -1.529051  -0.000000 0.000000 0.000000
97  -0.078942 0.000002 -0.000001  -0.000000 0.000001 1.570796
98  0.097092 0.000000 -0.000001  0.000000 -3.141592 1.570796
99  0.000004 -13.006138 -2.049217  0.000000 0.000000 0.000000
100  0.000000 0.000000 0.000000  -0.000000 0.000000 0.000000
101  1.754236 4.036759 -1.682665  0.392575 -0.010118 -1.546365
102  -1.755140 4.036760 -1.682665  -0.404674 0.245240 -1.741923
103  0.000001 -0.000001 -0.000000  0.000000 -0.000000 -0.000000
104  -11.350048 -0.729413 0.864871  0.000197 -0.025368 0.026438
105  0.000000 -0.000006 0.000001  0.000000 -0.000000 -0.000000
106  -11.344170 1.135887 0.869270  -0.000000 -0.025020 -0.026323
107  0.000002 -3.002982 4.619922  1.570796 -0.000000 1.570797
time 32
0  0 0 0  0 0 0
1  0.000000 0.000000 0.000000  0.000000 -0.000000 -0.000000
2  -0.000005 0.000023 -61.375507  0.000000 0.000000 -1.570795
3  -0.012814 0.000000 8.236240  -1.570819 -1.475889 0.000019
4  16.160965 -0.011392 0.005502  -0.444189 0.000339 -0.187736
5  0.000002 -0.000002 0.000003  0.788271 -0.015817 -0.065158
6  0.000001 0.000000 -0.000000  1.337194 -0.118632 0.058559
7  -0.000009 -0.000001 -0.000003  0.000000 -0.000000 -0.874555
8  -0.000003 -0.000002 -0.000000  0.146314 0.000000 -0.000000
9  -0.000003 -0.000002 -0.000000  0.292617 -0.000000 -0.000000
10  -0.000003 -0.000003 -0.000001  0.438891 -0.000000 0.000000
11  -0.000003 -0.000003 -0.000001  0.585238 -0.000000 -0.000000
12  -0.000001 -0.000005 0.000000  0.731558 -0.000000 0.000000
13  0.000001 -0.000001 0.000001  0.877858 0.000000 0.000000
14  -0.000003 -0.000002 0.000001  1.024192 0.000000 0.000000
15  -0.000008 0.000003 -0.000001  1.064650 0.326469 -0.372170
16  -0.000001 -0.000001 -0.000002  0.005140 0.205291 -0.276105
17  -0.000003 -0.000003 0.000003  -0.057649 -0.116572 -0.407122
18  -0.000001 -0.000001 0.000001  0.109446 -0.005480 -1.255272
19  -0.000003 0.000000 -0.000002  -0.087628 0.131329 -0.396489
20  0.000002 0.000004 0.000001  -0.000000 0.000000 -0.065321
21  -0.000002 -0.000002 0.000002  -0.000000 -0.000000 0.218336
22  -0.000007 -0.000000 -0.000000  -0.237159 0.062218 -1.115973
23  -0.000001 -0.000004 0.000001  -0.000000 0.000000 -0.248511
24  -0.000001 -0.000003 0.000004  -0.000000 -0.000000 -0.326965
25  -0.000003 -0.000001 -0.000003  -0.121064 0.056505 -0.784228
26  -0.000002 -0.000001 0.000005  -0.000000 0.000000 -0.082057
27  -0.000001 0.000004 -0.000002  -0.000000 -0.000000 -0.198881
28  -0.000007 0.000000 0.000000  -0.502794 0.014447 -0.959938
29  -0.000001 -0.000002 0.000001  0.000000 -0.000000 -0.445272
30  -0.000005 0.000003 -0.000001  0.000000 0.000000 -0.334081
31  -0.000010 -0.000001 -0.000002  0.582370 -0.000409 -0.000123
32  -0.000001 0.000001 0.000002  0.304917 -0.030134 0.331630
33  0.000000 -0.000004 -0.000002  0.000000 -0.000000 0.386383
34  0.000003 -0.000006 -0.000001  -0.092565 -0.000000 0.000000
35  -0.000001 -0.000004 -0.000001  -0.185145 0.000000 0.000000
36  -0.000002 -0.000001 -0.000000  -0.277756 -0.000000 -0.000000
37  -0.000002 -0.000002 -0.000000  -0.370349 -0.000000 0.000000
38  -0.000002 -0.000002 -0.000001  -0.462938 -0.000000 -0.000000
39  -0.000001 -0.000000 0.000001  -0.555534 -0.000000 -0.000000
40  -0.000005 0.000003 -0.000001  -0.648146 -0.000000 -0.000000
41  -0.000002 -0.000002 -0.000002  -0.671538 -0.103555 -0.110368
42  1.410069 0.800536 2.089141  -2.043617 -0.463615 0.665928
43  3.954716 0.000000 -0.000006  0.000001 0.000000 0.689326
44  3.101569 -0.000005 -0.000000  0.000000 -0.000000 0.638253
45  -0.000003 0.000001 -0.000000  0.013452 0.083545 0.035325
46  -0.000002 -0.000000 -0.000002  -0.000000 -0.000000 -0.586705
47  -0.000002 -0.000000 -0.000000  0.000000 0.000000 -1.037169
48  7.145103 -0.676337 1.382428  0.062090 0.270328 0.703671
49  3.672218 0.000002 0.000002  0.000000 -0.000001 1.498259
50  2.676524 0.000002 -0.000000  0.000000 -0.000001 1.006829
51  6.831185 -0.870861 -0.599917  0.231922 0.205741 0.934461
52  3.657086 0.000009 -0.000002  -0.000001 -0.000000 1.453593
53  2.496792 -0.000002 0.000003  0.000001 -0.000001 0.750510
54  6.164476 -0.898146 -2.575016  0.332711 0.188105 0.821957
55  2.805846 -0.000000 -0.000001  -0.000002 0.000001 0.963491
56  2.307448 0.000004 -0.000001  0.000001 -0.000001 0.990594
57  0.000000 0.000000 -0.000000  -0.025175 0.053450 -0.012092
58  0.000000 0.000000 0.000000  0.000000 -0.000000 -0.000000
59  0.883945 -9.305910 4.509995  -0.613141 0.773521 -0.454965
60  -1.134204 19.685333 -12.296021  -0.741341 0.480015 0.032285
61  5.133676 -7.237120 4.978508  -0.613141 0.773521 -0.454965
62  0.660711 -9.405925 5.052880  -0.000000 0.000000 -0.000000
63  0.001271 4.285938 -0.189680  -0.000001 -0.000000 0.000000
64  0.060209 10.324397 74.469040  0.000008 -0.000000 0.000000
65  -0.002042 -3.169755 2.277848  1.570797 0.000000 -1.570796
66  8.769396 -2.675094 -2.292492  0.000000 0.000000 0.000000
67  -1.584225 -9.364034 -0.000004  0.000000 -0.000000 0.000000
68  10.555296 -5.113576 -0.000004  -1.570797 1.570795 0.000000
69  6.464089 -5.113575 -0.000006  -1.570795 1.570796 0.000000
70  7.053374 -1.968536 2.001230  -1.570796 1.570796 0.000000
71  26.793743 -5.113574 -0.000001  0.000001 -0.000000 0.000000
72  -2.662413 1.445764 40.667957  -0.000000 3.141592 1.570797
73  8.352066 2.772897 0.000545  -3.141589 0.000002 0.000000
74  0.001266 21.193817 -3.302073  0.000000 -0.000000 0.000000
75  0.059869 -33.068932 1.081967  1.570797 0.000000 -1.570796
76  0.064640 27.351305 72.195198  -0.000000 -0.000000 -0.000001
77  0.000001 -0.000003 -0.000001  -0.000000 0.000000 0.000000
78  0.000001 0.000000 -0.000001  -0.000000 0.040043 0.000000
79  1.907178 17.681801 0.736565  0.000001 0.000000 0.000000
80  0.059884 2.255350 54.398006  0.000000 -0.000000 0.000000
81  0.003498 -22.270647 0.000153  1.570797 0.000000 -1.570796
82  0.000021 1.724012 -0.208863  0.000001 -0.000000 0.000000
83  6.224468 35.840199 -2.693978  -0.473039 -0.429702 0.238293
84  -2.307078 11.683283 -6.602219  -0.008091 -0.065405 -1.488515
85  -2.662413 1.445769 33.628738  -0.000000 3.141592 1.570797
86  8.352066 2.772897 0.000544  -3.141589 0.000002 0.000000
87  0.006414 -45.818314 0.735915  1.570797 0.000000 -1.570796
88  -0.108380 16.549215 -6.332980  -0.000001 0.000000 0.000001
89  -0.152044 -0.178991 6.405252  -0.000000 -0.000001 -0.000000
90  0.326862 -0.178990 5.798759  -0.000000 -0.000001 -0.000000
91  0.000000 -0.000003 3.169724  -0.000000 -0.000000 -1.570797
92  0.000000 0.000000 0.000000  0.000000 -0.000000 0.016297
93  0.000002 -0.000007 0.000000  0.000000 0.000000 0.000000
94  22.846474 98.319489 -39.725758  -0.000000 0.000000 0.000000
95  0.000004 -10.070925 -2.318773  0.000000 -0.000000 0.000000
96  0.000000 0.000000 -1.529051  -0.000000 -0.000000 0.000000
97  -0.078941 -0.000001 -0.000000  -0.000000 0.000001 1.570796
98  0.097092 0.000000 -0.000000  0.000000 -3.141592 1.570796
99  0.000004 -13.006137 -2.049217  0.000000 -0.000000 0.000000
100  -0.000000 -0.000001 -0.000000  -0.000000 -0.000000 0.000000
101  1.754235 4.036758 -1.682666  0.392575 -0.010118 -1.546365
102  -1.755141 4.036758 -1.682667  -0.404674 0.245240 -1.741923
103  -0.000001 0.000000 -0.000001  0.000000 0.000000 -0.000000
104  -11.350049 -0.729410 0.864870  0.000197 -0.025367 0.026438
105  -0.000001 -0.000005 0.000000  0.000000 0.000000 -0.000000
106  -11.344171 1.135886 0.869270  0.000000 -0.025019 -0.026323
107  0.000003 -3.002981 4.619919  1.570796 -0.000000 1.570797
time 33
0  0 0 0  0 0 0
1  0.000000 0.000000 0.000000  0.000000 -0.000000 -0.000000
2  -0.000005 0.000023 -61.375507  0.000000 0.000000 -1.570795
3  -0.012814 0.000000 8.236240  -1.570819 -1.475889 0.000019
4  16.160965 -0.011392 0.005502  -0.444189 0.000339 -0.187736
5  0.000002 -0.000002 0.000003  0.739661 -0.016354 -0.055444
6  -0.000000 0.000000 -0.000001  1.236929 -0.136690 0.109953
7  -0.000003 0.000001 -0.000004  0.000000 -0.000000 -0.883391
8  -0.000002 -0.000002 0.000000  0.132181 0.000000 -0.000000
9  -0.000002 -0.000002 0.000000  0.264450 -0.000000 -0.000000
10  -0.000002 -0.000003 -0.000001  0.396650 -0.000000 0.000000
11  -0.000002 -0.000003 -0.000001  0.528863 -0.000000 -0.000000
12  -0.000002 -0.000007 0.000001  0.661102 -0.000000 0.000000
13  0.000001 0.000000 0.000001  0.793307 0.000000 -0.000000
14  -0.000001 -0.000003 0.000002  0.925532 0.000000 0.000000
15  -0.000007 0.000003 -0.000000  0.958554 0.275570 -0.358369
16  -0.000000 -0.000002 0.000000  0.012638 0.195964 -0.265176
17  0.000000 -0.000004 -0.000002  -0.050882 -0.116523 -0.386574
18  -0.000001 0.000001 -0.000000  0.116454 -0.012177 -1.226087
19  -0.000002 -0.000000 -0.000000  -0.082074 0.096461 -0.382721
20  -0.000000 0.000002 -0.000001  -0.000000 0.000001 -0.061352
21  -0.000002 0.000002 0.000004  -0.000000 -0.000000 0.129183
22  -0.000006 -0.000002 0.000000  -0.191857 0.041176 -1.107305
23  0.000000 -0.000004 0.000000  -0.000000 0.000000 -0.259463
24  -0.000000 0.000002 -0.000000  -0.000000 -0.000000 -0.325666
25  -0.000004 -0.000003 0.000001  -0.095526 0.026667 -0.777885
26  -0.000001 -0.000002 0.000004  -0.000000 0.000000 -0.075766
27  -0.000002 0.000001 -0.000001  -0.000000 -0.000000 -0.273751
28  -0.000006 -0.000002 0.000000  -0.461689 -0.016065 -0.963066
29  -0.000000 0.000003 0.000002  0.000000 -0.000000 -0.470655
30  -0.000002 -0.000001 0.000002  0.000000 0.000000 -0.317875
31  -0.000010 -0.000001 -0.000002  0.582370 -0.000409 -0.000123
32  -0.000001 0.000001 0.000002  0.301152 -0.023947 0.334206
33  -0.000009 -0.000002 -0.000002  0.000000 -0.000000 0.382030
34  0.000004 -0.000004 -0.000002  -0.092443 -0.000000 0.000000
35  -0.000002 0.000000 -0.000001  -0.184900 0.000000 0.000000
36  0.000000 -0.000001 -0.000001  -0.277386 -0.000000 -0.000000
37  -0.000003 -0.000000 0.000000  -0.369853 -0.000000 -0.000000
38  -0.000002 0.000001 -0.000001  -0.462311 -0.000000 -0.000000
39  -0.000001 0.000002 0.000001  -0.554772 -0.000000 -0.000000
40  -0.000001 0.000002 -0.000001  -0.647245 -0.000000 -0.000000
41  -0.000006 0.000002 -0.000001  -0.668350 -0.105410 -0.120408
42  1.410072 0.800534 2.089139  -2.043617 -0.463615 0.665928
43  3.954713 0.000002 -0.000005  0.000001 0.000000 0.689326
44  3.101573 -0.000005 0.000000  0.000000 -0.000000 0.638253
45  -0.000003 -0.000001 -0.000003  0.013651 0.083775 0.037046
46  -0.000002 0.000001 -0.000000  -0.000000 -0.000000 -0.589065
47  -0.000004 -0.000000 -0.000001  -0.000000 0.000000 -1.051253
48  7.145105 -0.676338 1.382427  0.062090 0.270328 0.703671
49  3.672219 0.000002 0.000002  0.000000 -0.000001 1.498259
50  2.676529 -0.000003 0.000000  0.000000 -0.000001 1.006829
51  6.831186 -0.870863 -0.599919  0.231922 0.205741 0.934461
52  3.657086 0.000007 -0.000002  -0.000001 -0.000000 1.453593
53  2.496792 -0.000003 0.000003  0.000001 -0.000001 0.750510
54  6.164476 -0.898147 -2.575017  0.332711 0.188105 0.821957
55  2.805846 0.000001 -0.000001  -0.000002 0.000001 0.963491
56  2.307449 0.000003 -0.000001  0.000001 -0.000001 0.990594
57  0.000000 0.000000 -0.000000  -0.025216 0.053276 -0.011358
58  0.000000 0.000000 0.000000  0.000000 -0.000000 -0.000000
59  0.791355 -9.305909 4.270421  -0.608691 0.775638 -0.441334
60  0.721396 18.777443 -12.781686  -0.680394 0.463271 0.016904
61  5.153891 -7.193743 4.680885  -0.608691 0.775638 -0.441334
62  0.660711 -9.405926 5.052882  -0.000000 -0.000000 -0.000000
63  0.001271 4.285938 -0.189680  -0.000001 -0.000000 0.000000
64  0.060216 10.324394 74.469048  0.000008 -0.000000 0.000000
65  -0.002041 -3.169756 2.277848  1.570797 0.000000 -1.570796
66  8.769393 -2.675095 -2.292491  0.000000 0.000000 0.000000
67  -1.584224 -9.364036 -0.000003  0.000000 -0.000000 0.000000
68  10.555298 -5.113578 -0.000005  -1.570797 1.570795 0.000000
69  6.464089 -5.113577 -0.000006  -1.570795 1.570796 0.000000
70  7.053375 -1.968538 2.001230  -1.570796 1.570796 0.000000
71  26.793743 -5.113576 -0.000001  0.000000 -0.000000 -0.000000
72  -2.662411 1.445765 40.667957  0.000000 3.141592 1.570797
73  8.352066 2.772897 0.000544  -3.141589 0.000002 -0.000000
74  0.001265 21.193819 -3.302073  0.000000 -0.000000 0.000000
75  0.059872 -33.068935 1.081968  1.570797 -0.000000 -1.570796
76  0.064643 27.351309 72.195206  -0.000000 -0.000000 -0.000001
77  -0.000000 -0.000003 0.000000  -0.000000 -0.000000 0.000000
78  0.000001 -0.000002 -0.000001  -0.000000 -0.000000 0.000000
79  1.907177 17.681803 0.736565  0.000001 -0.000000 0.000000
80  0.059886 2.255348 54.398010  0.000000 -0.000000 0.000000
81  0.003501 -22.270645 0.000159  1.570797 -0.000000 -1.570796
82  0.000021 1.724012 -0.208863  0.000001 -0.000000 0.000000
83  8.081344 35.005932 -1.533693  -0.390564 -0.439357 0.206870
84  -2.307079 11.683283 -6.602219  -0.008091 -0.065405 -1.488515
85  -2.662409 1.445767 33.628742  0.000000 3.141592 1.570797
86  8.352066 2.772895 0.000540  -3.141589 0.000002 -0.000000
87  0.006417 -45.818317 0.735916  1.570797 -0.000000 -1.570796
88  -0.108381 16.549217 -6.332980  -0.000001 -0.000000 0.000001
89  -0.152044 -0.178990 6.405252  -0.000000 -0.000001 -0.000000
90  0.326862 -0.178989 5.798759  -0.000000 -0.000001 -0.000000
91  0.000000 -0.000003 3.169724  -0.000000 -0.000000 -1.570797
92  0.000000 0.000000 0.000000  -0.000000 -0.000000 0.013001
93  0.000003 -0.000008 0.000001  -0.000000 -0.000000 0.000000
94  22.846468 98.319496 -39.725761  -0.000000 -0.000000 0.000000
95  0.000004 -10.070926 -2.318773  0.000000 -0.000000 0.000000
96  -0.000000 0.000001 -1.529051  -0.000000 0.000000 0.000000
97  -0.078942 -0.000002 -0.000000  -0.000000 0.000001 1.570796
98  0.097091 -0.000000 -0.000001  0.000000 -3.141592 1.570796
99  0.000005 -13.006138 -2.049217  0.000000 -0.000000 0.000000
100  -0.000000 0.000000 0.000000  -0.000000 0.000000 0.000000
101  1.754236 4.036758 -1.682666  0.392575 -0.010118 -1.546365
102  -1.755140 4.036758 -1.682666  -0.404674 0.245240 -1.741923
103  -0.000001 -0.000001 -0.000000  0.000000 0.000000 0.000000
104  -11.350048 -0.729411 0.864871  0.000197 -0.025368 0.026438
105  -0.000000 -0.000006 0.000001  0.000000 0.000000 0.000000
106  -11.344170 1.135887 0.869270  -0.000000 -0.025020 -0.026323
107  0.000002 -3.002982 4.619921  1.570796 -0.000000 1.570797
time 34
0  0 0 0  0 0 0
1  0.000000 0.000000 0.000000  0.000000 -0.000000 -0.000000
2  -0.000005 0.000023 -61.375507  0.000000 0.000000 -1.570795
3  -0.012814 0.000000 8.236240  -1.570819 -1.475889 0.000019
4  16.160965 -0.011392 0.005502  -0.444189 0.000339 -0.187736
5  0.000002 -0.000002 0.000003  0.684689 -0.016978 -0.047655
6  -0.000003 0.000000 -0.000001  1.130595 -0.156227 0.176898
7  -0.000004 -0.000004 -0.000004  0.000000 -0.000000 -0.897729
8  0.000000 0.000004 0.000000  0.116464 0.000000 -0.000000
9  0.000000 0.000003 -0.000000  0.232955 -0.000000 -0.000000
10  0.000001 0.000003 -0.000001  0.349442 -0.000000 -0.000000
11  0.000000 0.000003 -0.000001  0.465949 -0.000000 -0.000000
12  0.000001 -0.000003 0.000000  0.582434 -0.000000 0.000000
13  0.000001 0.000003 0.000002  0.698913 0.000000 -0.000000
14  0.000001 0.000002 0.000002  0.815395 0.000000 0.000000
15  -0.000003 0.000007 -0.000002  0.840556 0.222474 -0.332251
16  -0.000001 0.000000 -0.000002  0.018607 0.186191 -0.256770
17  0.000002 0.000000 0.000001  -0.044023 -0.115306 -0.352729
18  -0.000002 0.000000 -0.000001  0.124814 -0.019884 -1.197118
19  -0.000001 0.000004 -0.000005  -0.089263 0.055742 -0.350435
20  -0.000001 0.000002 -0.000001  -0.000000 0.000000 -0.032290
21  -0.000001 -0.000000 0.000002  -0.000000 -0.000000 0.039066
22  -0.000006 -0.000002 -0.000002  -0.149377 0.010024 -1.088429
23  -0.000000 -0.000004 0.000002  -0.000000 0.000000 -0.253555
24  -0.000001 0.000000 0.000001  -0.000000 -0.000000 -0.308915
25  -0.000002 -0.000000 -0.000004  -0.077105 -0.012869 -0.752361
26  -0.000001 0.000002 0.000003  -0.000000 0.000000 -0.048835
27  -0.000000 -0.000004 0.000001  0.000000 -0.000000 -0.342626
28  -0.000005 0.000002 -0.000004  -0.417139 -0.053494 -0.962340
29  -0.000002 -0.000003 0.000000  -0.000000 -0.000000 -0.490136
30  -0.000002 -0.000000 0.000000  0.000000 0.000000 -0.286079
31  -0.000010 -0.000001 -0.000002  0.582370 -0.000409 -0.000123
32  -0.000001 0.000001 0.000002  0.295193 -0.013471 0.337045
33  -0.000005 -0.000002 -0.000001  0.000000 -0.000000 0.373827
34  -0.000001 -0.000001 -0.000001  -0.091527 -0.000000 -0.000000
35  -0.000003 0.000001 -0.000001  -0.183062 0.000000 -0.000000
36  -0.000006 0.000004 -0.000000  -0.274613 -0.000000 -0.000000
37  -0.000004 0.000000 0.000001  -0.366189 -0.000000 -0.000000
38  -0.000007 0.000003 -0.000000  -0.457735 -0.000000 -0.000000
39  -0.000005 0.000005 0.000002  -0.549253 -0.000000 -0.000000
40  -0.000009 0.000007 -0.000000  -0.640811 -0.000000 -0.000000
41  -0.000006 0.000005 -0.000000  -0.660521 -0.104321 -0.127639
42  1.410078 0.800535 2.089140  -2.043617 -0.463615 0.665928
43  3.954715 0.000005 -0.000006  0.000001 0.000000 0.689326
44  3.101569 -0.000006 -0.000002  0.000000 -0.000000 0.638253
45  0.000002 -0.000001 -0.000002  0.013696 0.083952 0.038027
46  -0.000007 0.000002 -0.000001  0.000000 -0.000000 -0.591106
47  0.000004 0.000000 -0.000001  -0.000000 0.000000 -1.064474
48  7.145106 -0.676337 1.382429  0.062090 0.270328 0.703671
49  3.672219 0.000002 0.000002  0.000000 -0.000001 1.498259
50  2.676527 0.000002 0.000001  0.000000 -0.000001 1.006829
51  6.831191 -0.870863 -0.599918  0.231922 0.205741 0.934461
52  3.657085 0.000011 -0.000002  -0.000001 -0.000000 1.453593
53  2.496792 -0.000001 0.000003  0.000001 -0.000001 0.750510
54  6.164482 -0.898148 -2.575017  0.332711 0.188105 0.821957
55  2.805847 -0.000000 -0.000001  -0.000002 0.000001 0.963491
56  2.307449 -0.000001 -0.000001  0.000001 -0.000001 0.990594
57  0.000000 0.000000 -0.000000  -0.024886 0.052983 -0.010491
58  0.000000 0.000000 0.000000  0.000000 -0.000000 -0.000000
59  0.713385 -9.265070 3.851163  -0.593884 0.775879 -0.420193
60  2.871174 17.869556 -13.186409  -0.604925 0.452877 0.005362
61  5.143784 -7.150368 4.197248  -0.593884 0.775879 -0.420193
62  0.660712 -9.405925 5.052882  -0.000000 0.000000 0.000000
63  0.001271 4.285938 -0.189679  -0.000001 -0.000000 0.000000
64  0.060214 10.324397 74.469048  0.000008 -0.000000 0.000000
65  -0.002041 -3.169755 2.277849  1.570797 0.000000 -1.570796
66  8.769394 -2.675095 -2.292492  -0.000000 0.000000 0.000000
67  -1.584225 -9.364035 -0.000004  -0.000000 -0.000000 0.000000
68  10.555298 -5.113577 -0.000005  -1.570797 1.570795 0.000000
69  6.464088 -5.113577 -0.000005  -1.570795 1.570796 0.000000
70  7.053374 -1.968536 2.001230  -1.570796 1.570796 0.000000
71  26.793741 -5.113575 -0.000001  0.000000 -0.000000 -0.000000
72  -2.662416 1.445765 40.667953  0.000000 3.141592 1.570797
73  8.352066 2.772898 0.000544  -3.141589 0.000002 -0.000000
74  0.001265 21.193821 -3.302073  0.000000 -0.000000 0.000000
75  0.059870 -33.068928 1.081967  1.570797 -0.000000 -1.570796
76  0.064641 27.351303 72.195198  -0.000000 -0.000000 -0.000001
77  0.000000 -0.000002 0.000000  -0.000000 -0.000000 -0.000000
78  -0.000000 0.000000 0.000000  -0.000000 0.029726 -0.000000
79  1.907178 17.681803 0.736566  0.000001 -0.000000 0.000000
80  0.059884 2.255348 54.398006  0.000000 -0.000000 0.000000
81  0.003501 -22.270643 0.000155  1.570797 -0.000000 -1.570796
82  0.000021 1.724012 -0.208863  0.000001 -0.000000 0.000000
83  9.989089 33.881481 -0.217839  -0.302061 -0.438054 0.179233
84  -2.307079 11.683283 -6.602219  -0.008091 -0.065405 -1.488515
85  -2.662411 1.445767 33.628742  0.000000 3.141592 1.570797
86  8.352064 2.772895 0.000548  -3.141589 0.000002 -0.000000
87  0.006413 -45.818314 0.735917  1.570797 -0.000000 -1.570796
88  -0.108380 16.549217 -6.332980  -0.000001 -0.000000 0.000001
89  -0.152044 -0.178991 6.405251  -0.000000 -0.000001 0.000000
90  0.326862 -0.178990 5.798759  -0.000000 -0.000001 0.000000
91  0.000000 -0.000003 3.169724  0.000000 -0.000000 -1.570797
92  0.000000 0.000000 0.000000  -0.000000 0.000000 0.005890
93  0.000002 -0.000007 0.000001  0.000000 0.000000 0.000000
94  22.846474 98.319496 -39.725761  -0.000000 -0.000000 -0.000000
95  0.000003 -10.070925 -2.318772  0.000000 -0.000000 0.000000
96  0.000000 0.000001 -1.529050  -0.000000 -0.000000 -0.000000
97  -0.078943 0.000001 0.000000  -0.000000 0.000001 1.570796
98  0.097092 0.000000 -0.000001  0.000000 -3.141592 1.570796
99  0.000004 -13.006135 -2.049217  0.000000 -0.000000 0.000000
100  0.000000 -0.000000 0.000000  -0.000000 -0.000000 -0.000000
101  1.754235 4.036758 -1.682666  0.392575 -0.010118 -1.546365
102  -1.755141 4.036760 -1.682666  -0.404674 0.245240 -1.741923
103  -0.000001 0.000001 -0.000001  0.000000 0.000000 0.000000
104  -11.350049 -0.729410 0.864870  0.000198 -0.025367 0.026438
105  -0.000000 -0.000004 0.000001  0.000000 0.000000 0.000000
106  -11.344170 1.135886 0.869271  0.000000 -0.025019 -0.026323
107  0.000003 -3.002982 4.619921  1.570796 -0.000000 1.570797
time 35
0  0 0 0  0 0 0
1  0.000000 0.000000 0.000000  0.000000 -0.000000 -0.000000
2  -0.000005 0.000023 -61.375507  0.000000 0.000000 -1.570795
3  -0.012814 0.000000 8.236240  -1.570819 -1.475889 0.000019
4  16.160965 -0.011392 0.005502  -0.444189 0.000339 -0.187736
5  0.000002 -0.000002 0.000003  0.619763 -0.017690 -0.041045
6  -0.000004 0.000000 -0.000001  1.022520 -0.165262 0.251025
7  -0.000000 -0.000001 -0.000005  0.000000 -0.000000 -0.904373
8  -0.000002 0.000000 -0.000001  0.100998 0.000000 -0.000000
9  0.000000 0.000004 -0.000001  0.202010 -0.000000 -0.000000
10  -0.000001 -0.000001 -0.000002  0.302986 -0.000000 0.000000
11  -0.000001 -0.000000 -0.000002  0.403999 -0.000000 0.000000
12  0.000000 -0.000002 -0.000000  0.504998 -0.000000 0.000000
13  -0.000000 -0.000002 0.000000  0.606053 0.000000 0.000000
14  -0.000001 -0.000001 0.000001  0.707039 0.000000 0.000000
15  -0.000006 0.000006 -0.000001  0.724820 0.174963 -0.303289
16  -0.000000 -0.000001 0.000001  0.021713 0.177356 -0.252583
17  -0.000002 0.000001 -0.000001  -0.038458 -0.114291 -0.322204
18  -0.000001 -0.000000 -0.000001  0.131895 -0.025980 -1.177219
19  -0.000001 0.000000 0.000001  -0.094892 0.021923 -0.329822
20  -0.000002 -0.000004 0.000004  -0.000000 0.000000 -0.023928
21  -0.000002 -0.000001 0.000000  -0.000000 -0.000000 -0.052437
22  -0.000004 0.000002 -0.000001  -0.113757 -0.012945 -1.078757
23  -0.000002 0.000003 0.000001  -0.000000 0.000000 -0.260510
24  0.000002 -0.000002 0.000001  -0.000000 -0.000000 -0.305456
25  -0.000002 -0.000000 -0.000001  -0.061723 -0.045027 -0.739762
26  -0.000001 -0.000006 0.000003  -0.000000 0.000000 -0.038822
27  -0.000000 0.000000 -0.000001  -0.000000 -0.000000 -0.415096
28  -0.000006 -0.000001 0.000001  -0.370362 -0.076904 -0.974293
29  -0.000001 -0.000001 -0.000000  -0.000000 -0.000000 -0.514523
30  -0.000000 -0.000004 0.000000  0.000000 0.000000 -0.266852
31  -0.000010 -0.000001 -0.000002  0.582370 -0.000409 -0.000123
32  -0.000001 0.000001 0.000002  0.287288 0.001091 0.340001
33  -0.000006 -0.000000 -0.000002  -0.000000 -0.000000 0.363458
34  -0.000000 -0.000002 -0.000001  -0.090121 -0.000000 0.000000
35  -0.000004 0.000000 -0.000001  -0.180242 0.000000 0.000000
36  -0.000008 0.000003 0.000000  -0.270424 -0.000000 -0.000000
37  -0.000004 0.000001 0.000000  -0.360542 -0.000000 0.000000
38  -0.000008 0.000002 -0.000000  -0.450719 -0.000000 -0.000000
39  -0.000006 0.000005 0.000002  -0.540824 -0.000000 -0.000000
40  -0.000007 0.000004 0.000001  -0.630979 -0.000000 -0.000000
41  -0.000008 0.000003 0.000001  -0.649874 -0.101140 -0.133749
42  1.410067 0.800537 2.089139  -2.043617 -0.463615 0.665928
43  3.954713 0.000001 -0.000007  0.000001 0.000000 0.689326
44  3.101569 -0.000008 0.000001  0.000000 -0.000000 0.638253
45  -0.000001 0.000000 -0.000002  0.013687 0.084015 0.037782
46  -0.000002 -0.000000 0.000000  -0.000000 -0.000000 -0.591871
47  0.000002 -0.000000 0.000000  0.000000 0.000000 -1.075400
48  7.145103 -0.676336 1.382427  0.062090 0.270328 0.703671
49  3.672219 -0.000001 0.000001  0.000000 -0.000001 1.498259
50  2.676524 0.000003 -0.000001  0.000000 -0.000001 1.006829
51  6.831183 -0.870862 -0.599920  0.231922 0.205741 0.934461
52  3.657086 0.000011 -0.000002  -0.000001 -0.000000 1.453593
53  2.496792 -0.000002 0.000002  0.000001 -0.000001 0.750510
54  6.164474 -0.898146 -2.575016  0.332711 0.188105 0.821957
55  2.805845 -0.000001 -0.000001  -0.000002 0.000001 0.963491
56  2.307452 0.000004 -0.000001  0.000001 -0.000001 0.990594
57  0.000000 0.000000 -0.000000  -0.024248 0.052509 -0.009552
58  0.000000 0.000000 0.000000  0.000000 -0.000000 -0.000000
59  0.630540 -9.224232 3.264205  -0.571214 0.774916 -0.393258
60  4.885172 16.836445 -13.402258  -0.530123 0.444804 -0.007870
61  5.113461 -7.133017 3.527594  -0.571215 0.774917 -0.393259
62  0.660710 -9.405924 5.052880  -0.000000 0.000000 -0.000000
63  0.001271 4.285939 -0.189680  -0.000001 -0.000000 0.000000
64  0.060209 10.324399 74.469040  0.000008 -0.000000 0.000000
65  -0.002042 -3.169753 2.277848  1.570797 0.000000 -1.570796
66  8.769395 -2.675095 -2.292491  0.000000 0.000000 0.000000
67  -1.584224 -9.364034 -0.000004  -0.000000 -0.000000 0.000000
68  10.555300 -5.113577 -0.000004  -1.570797 1.570795 0.000000
69  6.464088 -5.113576 -0.000005  -1.570795 1.570796 0.000000
70  7.053376 -1.968537 2.001230  -1.570796 1.570796 0.000000
71  26.793741 -5.113575 -0.000001  0.000000 -0.000000 -0.000000
72  -2.662410 1.445766 40.667957  0.000000 3.141592 1.570797
73  8.352066 2.772894 0.000543  -3.141589 0.000002 0.000000
74  0.001266 21.193817 -3.302072  0.000000 -0.000000 0.000000
75  0.059868 -33.068924 1.081967  1.570797 -0.000000 -1.570796
76  0.064637 27.351301 72.195190  0.000000 -0.000000 -0.000001
77  -0.000000 -0.000002 0.000000  -0.000000 -0.000000 -0.000000
78  -0.000002 0.000002 0.000000  -0.000000 0.084928 -0.000000
79  1.907177 17.681801 0.736565  0.000001 -0.000000 0.000000
80  0.059884 2.255348 54.398006  0.000000 -0.000000 0.000000
81  0.003501 -22.270641 0.000156  1.570797 0.000000 -1.570796
82  0.000021 1.724013 -0.208863  0.000001 -0.000000 0.000000
83  11.642472 32.466843 1.039676  -0.217193 -0.430312 0.149346
84  -2.307079 11.683282 -6.602219  -0.008091 -0.065405 -1.488515
85  -2.662413 1.445769 33.628738  0.000000 3.141592 1.570797
86  8.352068 2.772899 0.000542  -3.141589 0.000002 0.000000
87  0.006413 -45.818310 0.735914  1.570797 0.000000 -1.570796
88  -0.108381 16.549215 -6.332980  -0.000001 -0.000000 0.000001
89  -0.152044 -0.178990 6.405252  -0.000000 -0.000001 0.000000
90  0.326862 -0.178989 5.798759  -0.000000 -0.000001 0.000000
91  0.000000 -0.000003 3.169724  0.000000 -0.000000 -1.570797
92  -0.000001 0.000000 0.000001  0.000000 0.000000 -0.001221
93  0.000002 -0.000006 0.000000  0.000000 -0.000000 0.000000
94  22.846481 98.319489 -39.725758  -0.000000 -0.000000 -0.000000
95  0.000003 -10.070923 -2.318773  0.000000 -0.000000 0.000000
96  0.000000 -0.000003 -1.529051  -0.000000 -0.000000 0.000000
97  -0.078942 -0.000000 0.000000  -0.000000 0.000001 1.570796
98  0.097091 0.000000 -0.000000  0.000000 -3.141592 1.570796
99  0.000004 -13.006134 -2.049217  0.000000 -0.000000 0.000000
100  0.000001 -0.000000 -0.000000  -0.000000 -0.000000 0.000000
101  1.754236 4.036759 -1.682665  0.392575 -0.010118 -1.546365
102  -1.755139 4.036758 -1.682666  -0.404674 0.245240 -1.741923
103  0.000000 -0.000001 0.000000  -0.000000 -0.000000 0.000000
104  -11.350049 -0.729413 0.864871  0.000197 -0.025368 0.026438
105  0.000001 -0.000005 0.000000  -0.000000 -0.000000 0.000000
106  -11.344168 1.135884 0.869270  -0.000000 -0.025020 -0.026323
107  0.000002 -3.002980 4.619920  1.570796 -0.000000 1.570797
time 36
0  0 0 0  0 0 0
1  0.000000 0.000000 0.000000  0.000000 -0.000000 -0.000000
2  -0.000005 0.000023 -61.375507  0.000000 0.000000 -1.570795
3  -0.012814 0.000000 8.236240  -1.570819 -1.475889 0.000019
4  16.160965 -0.011392 0.005502  -0.444189 0.000339 -0.187736
5  0.000002 -0.000002 0.000003  0.541373 -0.018259 -0.034651
6  0.000001 0.000001 -0.000001  0.918216 -0.155313 0.320989
7  -0.000002 -0.000001 -0.000003  0.000000 -0.000000 -0.890283
8  0.000001 0.000002 -0.000000  0.087800 0.000000 -0.000000
9  0.000005 0.000004 -0.000000  0.175585 -0.000000 -0.000000
10  0.000002 0.000001 -0.000001  0.263403 -0.000000 0.000000
11  0.000002 0.000001 -0.000001  0.351240 -0.000000 0.000000
12  0.000002 -0.000000 0.000001  0.439016 -0.000000 0.000000
13  0.000006 0.000002 0.000001  0.526840 0.000000 0.000000
14  0.000002 0.000001 0.000001  0.614692 0.000000 -0.000000
15  -0.000003 0.000007 -0.000000  0.626529 0.137863 -0.283568
16  0.000002 0.000005 0.000001  0.020775 0.170852 -0.254391
17  -0.000001 -0.000002 0.000001  -0.035761 -0.114301 -0.311388
18  -0.000001 -0.000000 -0.000000  0.135350 -0.027905 -1.175361
19  0.000000 0.000006 0.000001  -0.082356 0.007005 -0.351894
20  -0.000000 0.000002 -0.000000  -0.000000 0.000000 -0.082057
21  -0.000001 0.000003 -0.000000  -0.000000 -0.000000 -0.145947
22  -0.000006 0.000003 0.000001  -0.088181 -0.008131 -1.096267
23  -0.000001 0.000004 0.000002  -0.000000 0.000000 -0.309965
24  0.000001 -0.000000 0.000001  -0.000000 -0.000000 -0.343866
25  0.000000 0.000005 -0.000001  -0.043219 -0.051957 -0.771716
26  -0.000001 -0.000002 0.000002  -0.000000 0.000000 -0.083218
27  -0.000000 0.000000 -0.000000  -0.000000 -0.000000 -0.500965
28  -0.000003 0.000008 -0.000001  -0.323003 -0.063778 -1.013356
29  -0.000002 0.000001 0.000001  -0.000000 -0.000000 -0.554519
30  -0.000003 -0.000000 0.000000  0.000000 0.000000 -0.288484
31  -0.000010 -0.000001 -0.000002  0.582370 -0.000409 -0.000123
32  -0.000001 0.000001 0.000002  0.277926 0.019484 0.341168
33  -0.000009 -0.000003 -0.000001  0.000000 -0.000000 0.354712
34  0.000001 -0.000001 -0.000001  -0.087616 -0.000000 0.000000
35  -0.000001 0.000001 -0.000001  -0.175278 0.000000 -0.000000
36  -0.000004 0.000004 -0.000000  -0.262911 -0.000000 -0.000000
37  -0.000004 0.000003 -0.000000  -0.350558 -0.000000 -0.000000
38  -0.000004 0.000003 -0.000001  -0.438203 -0.000000 -0.000000
39  -0.000003 0.000006 0.000001  -0.525891 -0.000000 -0.000000
40  -0.000006 0.000008 -0.000001  -0.613539 -0.000000 -0.000000
41  -0.000003 0.000005 -0.000001  -0.635451 -0.087577 -0.142903
42  1.410073 0.800535 2.089140  -2.043617 -0.463615 0.665928
43  3.954716 0.000008 -0.000007  0.000002 0.000000 0.689326
44  3.101570 -0.000008 0.000001  0.000000 -0.000000 0.638253
45  0.000003 -0.000001 -0.000002  0.013541 0.083784 0.035880
46  -0.000001 -0.000001 -0.000001  -0.000000 -0.000000 -0.590212
47  0.000001 -0.000000 -0.000000  0.000000 0.000000 -1.082229
48  7.145108 -0.676338 1.382428  0.062090 0.270328 0.703671
49  3.672220 0.000001 0.000002  0.000000 -0.000001 1.498259
50  2.676528 -0.000001 0.000001  0.000000 -0.000001 1.006829
51  6.831191 -0.870865 -0.599919  0.231922 0.205741 0.934461
52  3.657086 0.000007 -0.000002  -0.000001 -0.000000 1.453593
53  2.496792 -0.000001 0.000002  0.000001 -0.000001 0.750510
54  6.164481 -0.898149 -2.575016  0.332711 0.188105 0.821957
55  2.805846 0.000001 -0.000001  -0.000002 0.000001 0.963491
56  2.307451 0.000003 -0.000001  0.000001 -0.000001 0.990594
57  0.000000 0.000000 -0.000000  -0.023487 0.051484 -0.008665
58  0.000000 0.000000 0.000000  0.000000 -0.000000 -0.000000
59  0.562315 -9.203810 2.485587  -0.543036 0.764628 -0.362053
60  6.378701 15.521564 -13.334806  -0.470460 0.434192 -0.027946
61  5.042708 -7.133017 2.721531  -0.543036 0.764628 -0.362053
62  0.660712 -9.405926 5.052881  -0.000000 0.000000 0.000000
63  0.001270 4.285938 -0.189680  -0.000001 -0.000000 0.000000
64  0.060208 10.324395 74.469055  0.000008 -0.000000 0.000000
65  -0.002042 -3.169755 2.277849  1.570797 0.000000 -1.570796
66  8.769395 -2.675093 -2.292492  0.000000 0.000000 0.000000
67  -1.584223 -9.364033 -0.000004  0.000000 -0.000000 0.000000
68  10.555299 -5.113575 -0.000004  -1.570797 1.570795 0.000000
69  6.464090 -5.113575 -0.000005  -1.570795 1.570796 0.000000
70  7.053377 -1.968536 2.001230  -1.570796 1.570796 0.000000
71  26.793741 -5.113575 0.000000  0.000001 -0.000000 0.000000
72  -2.662412 1.445765 40.667957  0.000000 3.141592 1.570797
73  8.352067 2.772899 0.000545  -3.141589 0.000002 -0.000000
74  0.001265 21.193817 -3.302073  0.000000 -0.000000 0.000000
75  0.059869 -33.068935 1.081967  1.570797 -0.000000 -1.570796
76  0.064641 27.351305 72.195198  -0.000000 -0.000000 -0.000001
77  0.000002 -0.000004 -0.000002  -0.000000 -0.000000 -0.000000
78  0.000001 -0.000002 -0.000002  -0.000000 0.114629 -0.000000
79  1.907177 17.681803 0.736566  0.000001 -0.000000 0.000000
80  0.059883 2.255348 54.398010  -0.000000 -0.000000 0.000000
81  0.003498 -22.270643 0.000153  1.570797 -0.000000 -1.570796
82  0.000021 1.724012 -0.208863  0.000001 -0.000000 0.000000
83  12.634499 30.580671 1.875858  -0.143806 -0.413422 0.114883
84  -2.307079 11.683282 -6.602219  -0.008091 -0.065405 -1.488515
85  -2.662413 1.445768 33.628742  0.000000 3.141592 1.570797
86  8.352066 2.772897 0.000541  -3.141589 0.000002 -0.000000
87  0.006415 -45.818317 0.735915  1.570797 -0.000000 -1.570796
88  -0.108381 16.549217 -6.332980  -0.000001 -0.000000 0.000001
89  -0.152044 -0.178990 6.405252  -0.000000 -0.000001 -0.000000
90  0.326862 -0.178990 5.798760  -0.000000 -0.000001 -0.000000
91  0.000001 -0.000003 3.169725  -0.000000 -0.000000 -1.570797
92  0.000001 -0.000002 0.000001  -0.000000 -0.000000 -0.004517
93  0.000002 -0.000006 0.000001  0.000000 -0.000000 0.000000
94  22.846476 98.319504 -39.725765  -0.000000 -0.000000 -0.000000
95  0.000004 -10.070927 -2.318773  0.000000 -0.000000 0.000000
96  -0.000000 0.000001 -1.529050  -0.000000 0.000000 0.000000
97  -0.078942 -0.000000 0.000000  -0.000000 0.000001 1.570796
98  0.097092 0.000000 -0.000001  0.000000 -3.141592 1.570796
99  0.000004 -13.006136 -2.049217  0.000000 -0.000000 0.000000
100  0.000000 0.000002 0.000000  -0.000000 0.000000 0.000000
101  1.754235 4.036761 -1.682666  0.392575 -0.010118 -1.546365
102  -1.755140 4.036760 -1.682666  -0.404674 0.245240 -1.741923
103  -0.000000 0.000001 -0.000001  0.000000 -0.000000 -0.000000
104  -11.350048 -0.729411 0.864870  0.000198 -0.025368 0.026438
105  0.000000 -0.000004 0.000000  0.000000 -0.000000 -0.000000
106  -11.344170 1.135888 0.869269  0.000000 -0.025020 -0.026323
107  0.000003 -3.002981 4.619921  1.570796 -0.000000 1.570797
time 37
0  0 0 0  0 0 0
1  0.000000 0.000000 0.000000  0.000000 -0.000000 -0.000000
2  -0.000005 0.000023 -61.375507  0.000000 0.000000 -1.570795
3  -0.012814 0.000000 8.236240  -1.570819 -1.475889 0.000019
4  16.160965 -0.011392 0.005502  -0.444189 0.000339 -0.187736
5  0.000002 -0.000002 0.000003  0.448671 -0.018583 -0.028595
6  0.000002 -0.000000 -0.000001  0.831037 -0.111803 0.356332
7  0.000001 -0.000003 -0.000004  0.000000 -0.000000 -0.829645
8  0.000002 -0.000001 0.000000  0.077781 0.000000 -0.000000
9  0.000002 -0.000001 0.000000  0.155618 -0.000000 -0.000000
10  0.000003 -0.000002 -0.000000  0.233447 -0.000000 0.000000
11  0.000006 0.000001 -0.000000  0.311324 -0.000000 0.000000
12  0.000007 -0.000001 0.000002  0.389120 0.000000 0.000000
13  0.000002 -0.000001 0.000002  0.466952 0.000000 0.000000
14  0.000003 -0.000002 0.000002  0.544816 0.000000 0.000000
15  -0.000005 0.000003 -0.000000  0.557961 0.097189 -0.280550
16  0.000004 -0.000001 0.000001  0.011371 0.168749 -0.267347
17  -0.000000 -0.000005 0.000000  -0.036585 -0.117310 -0.328168
18  -0.000001 0.000004 -0.000000  0.135124 -0.024516 -1.196619
19  0.000000 -0.000002 0.000002  -0.044257 0.023323 -0.436732
20  -0.000001 -0.000000 0.000001  -0.000000 0.000000 -0.241992
21  -0.000001 -0.000005 -0.000001  -0.000000 -0.000000 -0.245804
22  -0.000002 -0.000000 0.000002  -0.079730 0.038341 -1.150626
23  -0.000000 -0.000003 0.000000  -0.000000 0.000000 -0.420773
24  -0.000000 -0.000001 0.000001  -0.000000 -0.000000 -0.442332
25  0.000001 -0.000003 0.000001  -0.023506 -0.020002 -0.865411
26  -0.000000 -0.000005 0.000002  -0.000000 0.000000 -0.206059
27  0.000000 -0.000004 -0.000001  -0.000000 -0.000000 -0.617959
28  0.000000 0.000001 0.000000  -0.280951 0.004521 -1.086847
29  0.000000 0.000006 0.000001  -0.000000 -0.000000 -0.616485
30  0.000000 0.000002 0.000001  0.000000 0.000000 -0.369170
31  -0.000010 -0.000001 -0.000002  0.582370 -0.000409 -0.000123
32  -0.000001 0.000001 0.000002  0.267495 0.041397 0.338327
33  -0.000000 -0.000003 -0.000001  0.000000 -0.000000 0.352355
34  0.000002 -0.000003 -0.000001  -0.083584 -0.000000 0.000000
35  -0.000002 -0.000001 -0.000001  -0.167192 0.000000 -0.000000
36  -0.000002 -0.000000 -0.000000  -0.250786 -0.000000 -0.000000
37  -0.000003 -0.000001 0.000001  -0.334452 -0.000000 0.000000
38  -0.000002 -0.000001 -0.000000  -0.418028 -0.000000 -0.000000
39  -0.000002 0.000004 0.000001  -0.501658 -0.000000 -0.000000
40  -0.000007 0.000005 -0.000001  -0.585302 -0.000000 -0.000000
41  -0.000008 0.000003 -0.000001  -0.616258 -0.057242 -0.159570
42  1.410074 0.800536 2.089140  -2.043617 -0.463615 0.665928
43  3.954716 0.000001 -0.000008  0.000001 0.000000 0.689326
44  3.101569 -0.000009 -0.000001  0.000000 -0.000000 0.638253
45  -0.000002 0.000001 -0.000001  0.013176 0.083204 0.031767
46  0.000001 -0.000001 -0.000001  -0.000000 -0.000000 -0.585238
47  0.000001 -0.000000 -0.000000  0.000000 0.000000 -1.083439
48  7.145107 -0.676337 1.382427  0.062090 0.270328 0.703671
49  3.672218 0.000002 0.000001  0.000000 -0.000001 1.498259
50  2.676528 0.000000 -0.000000  0.000000 -0.000001 1.006829
51  6.831189 -0.870862 -0.599918  0.231922 0.205741 0.934461
52  3.657087 0.000008 -0.000001  -0.000001 -0.000000 1.453593
53  2.496792 -0.000001 0.000003  0.000001 -0.000001 0.750510
54  6.164481 -0.898147 -2.575016  0.332711 0.188105 0.821957
55  2.805846 -0.000001 -0.000001  -0.000002 0.000001 0.963491
56  2.307446 0.000003 -0.000000  0.000001 -0.000001 0.990594
57  0.000000 0.000000 -0.000000  -0.022849 0.049358 -0.007952
58  0.000000 0.000000 0.000000  0.000000 -0.000000 -0.000000
59  0.523331 -9.254860 1.491353  -0.511549 0.738231 -0.327911
60  6.423960 13.611866 -12.714232  -0.428225 0.429762 -0.063231
61  4.901202 -7.193743 1.828659  -0.511549 0.738231 -0.327911
62  0.660711 -9.405926 5.052880  -0.000000 0.000000 -0.000000
63  0.001271 4.285938 -0.189680  -0.000001 0.000000 0.000000
64  0.060214 10.324393 74.469048  0.000008 0.000000 0.000000
65  -0.002042 -3.169755 2.277848  1.570797 0.000000 -1.570796
66  8.769395 -2.675095 -2.292492  0.000000 0.000000 -0.000000
67  -1.584223 -9.364035 -0.000004  -0.000000 -0.000000 0.000000
68  10.555299 -5.113578 -0.000005  -1.570797 1.570795 0.000000
69  6.464089 -5.113576 -0.000005  -1.570795 1.570796 0.000000
70  7.053374 -1.968537 2.001230  -1.570796 1.570796 0.000000
71  26.793741 -5.113575 -0.000001  0.000000 -0.000000 -0.000000
72  -2.662413 1.445765 40.667957  -0.000000 3.141592 1.570797
73  8.352066 2.772896 0.000542  -3.141589 0.000002 -0.000000
74  0.001265 21.193819 -3.302073  0.000000 0.000000 0.000000
75  0.059867 -33.068928 1.081970  1.570797 -0.000000 -1.570796
76  0.064640 27.351307 72.195198  -0.000000 -0.000000 -0.000001
77  -0.000000 -0.000002 0.000000  -0.000000 0.000000 -0.000000
78  -0.000000 -0.000000 -0.000001  -0.000000 0.096720 -0.000000
79  1.907177 17.681803 0.736565  0.000001 0.000000 0.000000
80  0.059884 2.255346 54.398010  -0.000000 0.000000 0.000000
81  0.003498 -22.270643 0.000159  1.570797 0.000000 -1.570796
82  0.000021 1.724012 -0.208863  0.000001 0.000000 0.000000
83  12.100332 28.114132 1.694360  -0.078901 -0.371013 0.074300
84  -2.307079 11.683282 -6.602219  -0.008091 -0.065405 -1.488515
85  -2.662409 1.445768 33.628742  -0.000000 3.141592 1.570797
86  8.352066 2.772896 0.000543  -3.141589 0.000002 -0.000000
87  0.006415 -45.818317 0.735915  1.570797 -0.000000 -1.570796
88  -0.108382 16.549217 -6.332979  -0.000001 0.000000 0.000001
89  -0.152045 -0.178990 6.405252  -0.000000 -0.000001 0.000000
90  0.326861 -0.178989 5.798759  -0.000000 -0.000001 0.000000
91  -0.000000 -0.000003 3.169725  -0.000000 -0.000000 -1.570797
92  -0.000000 -0.000000 -0.000001  -0.000000 0.000000 -0.003296
93  0.000002 -0.000006 0.000001  -0.000000 0.000000 0.000000
94  22.846478 98.319489 -39.725765  -0.000000 0.000000 -0.000000
95  0.000003 -10.070924 -2.318773  0.000000 0.000000 0.000000
96  0.000000 -0.000000 -1.529051  -0.000000 -0.000000 -0.000000
97  -0.078942 -0.000001 -0.000000  0.000000 0.000001 1.570796
98  0.097091 0.000000 -0.000001  -0.000000 -3.141592 1.570796
99  0.000004 -13.006138 -2.049217  0.000000 0.000000 0.000000
100  -0.000000 0.000001 0.000000  -0.000000 -0.000000 -0.000000
101  1.754236 4.036761 -1.682666  0.392575 -0.010118 -1.546365
102  -1.755140 4.036760 -1.682666  -0.404674 0.245240 -1.741923
103  -0.000001 0.000002 0.000000  0.000000 -0.000000 -0.000000
104  -11.350050 -0.729410 0.864871  0.000197 -0.025367 0.026438
105  -0.000000 -0.000002 0.000001  0.000000 -0.000000 -0.000000
106  -11.344170 1.135890 0.869271  -0.000000 -0.025020 -0.026323
107  0.000002 -3.002982 4.619920  1.570796 -0.000000 1.570797
time 38
0  0 0 0  0 0 0
1  0.000000 0.000000 0.000000  0.000000 -0.000000 -0.000000
2  -0.000005 0.000023 -61.375507  0.000000 0.000000 -1.570795
3  -0.012814 0.000000 8.236240  -1.570819 -1.475889 0.000019
4  16.160965 -0.011392 0.005502  -0.444189 0.000339 -0.187736
5  0.000002 -0.000002 0.000003  0.345730 -0.018648 -0.023085
6  -0.000000 0.000000 -0.000001  0.736802 -0.078538 0.405875
7  -0.000004 -0.000001 -0.000003  -0.000000 -0.000000 -0.776594
8  -0.000003 0.000001 0.000001  0.067398 0.000000 -0.000000
9  -0.000003 0.000001 0.000001  0.134750 0.000000 -0.000000
10  -0.000002 0.000000 0.000000  0.202132 -0.000000 0.000000
11  -0.000002 0.000001 -0.000000  0.269561 -0.000000 -0.000000
12  -0.000001 -0.000001 0.000001  0.336929 -0.000000 0.000000
13  -0.000002 0.000000 0.000002  0.404373 0.000000 0.000000
14  -0.000002 -0.000000 0.000003  0.471722 0.000000 0.000000
15  -0.000006 0.000007 0.000001  0.482818 0.061785 -0.286468
16  0.000000 0.000003 -0.000001  -0.005214 0.169816 -0.289793
17  0.000000 0.000004 -0.000000  -0.039663 -0.122625 -0.361663
18  -0.000001 0.000004 -0.000000  0.132786 -0.017870 -1.233976
19  -0.000001 0.000004 -0.000001  0.005235 0.066251 -0.561394
20  -0.000000 0.000001 0.000002  -0.000000 0.000000 -0.471597
21  -0.000000 0.000001 -0.000001  -0.000000 -0.000000 -0.351302
22  -0.000004 0.000001 -0.000001  -0.089252 0.112263 -1.229578
23  -0.000000 -0.000000 0.000001  -0.000000 0.000000 -0.572247
24  -0.000001 0.000000 0.000002  -0.000000 -0.000000 -0.580714
25  -0.000003 -0.000000 -0.000001  -0.011364 0.039342 -0.998065
26  -0.000001 -0.000008 0.000003  -0.000000 0.000000 -0.381161
27  0.000001 0.000001 -0.000001  0.000000 -0.000000 -0.759478
28  -0.000004 0.000001 -0.000002  -0.250287 0.113055 -1.181637
29  -0.000001 -0.000004 0.000000  -0.000000 -0.000000 -0.692940
30  0.000001 -0.000004 0.000001  0.000000 0.000000 -0.489255
31  -0.000010 -0.000001 -0.000002  0.582370 -0.000409 -0.000123
32  -0.000001 0.000001 0.000002  0.256289 0.064319 0.330914
33  -0.000007 -0.000003 -0.000002  0.000000 -0.000000 0.360232
34  0.000005 -0.000002 -0.000001  -0.078453 -0.000000 0.000000
35  0.000001 0.000000 -0.000001  -0.156904 -0.000000 -0.000000
36  0.000002 0.000001 -0.000000  -0.235352 -0.000000 -0.000000
37  0.000001 -0.000000 0.000001  -0.313795 -0.000000 -0.000000
38  0.000001 0.000000 -0.000000  -0.392231 -0.000000 -0.000000
39  0.000001 0.000005 0.000001  -0.470718 -0.000000 -0.000000
40  0.000000 0.000003 -0.000000  -0.549190 -0.000000 -0.000000
41  -0.000004 0.000005 -0.000002  -0.591618 -0.015466 -0.188998
42  1.410068 0.800537 2.089140  -2.043617 -0.463615 0.665928
43  3.954715 0.000003 -0.000007  0.000001 0.000000 0.689326
44  3.101570 -0.000005 0.000001  0.000000 -0.000000 0.638253
45  -0.000004 0.000001 -0.000002  0.005570 0.070854 -0.065226
46  -0.000001 0.000002 0.000000  -0.000000 -0.000000 -0.471534
47  0.000002 -0.000000 -0.000000  0.000000 0.000000 -0.899829
48  7.145102 -0.676336 1.382428  0.062090 0.270328 0.703671
49  3.672218 -0.000003 0.000002  0.000000 -0.000001 1.498259
50  2.676529 0.000002 0.000000  0.000000 -0.000001 1.006829
51  6.831187 -0.870862 -0.599919  0.231922 0.205741 0.934461
52  3.657086 0.000007 -0.000002  -0.000001 -0.000000 1.453593
53  2.496789 -0.000003 0.000003  0.000001 -0.000001 0.750510
54  6.164476 -0.898145 -2.575016  0.332711 0.188105 0.821957
55  2.805846 -0.000002 -0.000002  -0.000002 0.000001 0.963491
56  2.307450 0.000005 -0.000001  0.000001 -0.000001 0.990594
57  0.000000 0.000000 -0.000000  -0.022327 0.046378 -0.007051
58  0.000000 0.000000 0.000000  0.000000 -0.000000 -0.000000
59  0.503838 -9.408010 0.341396  -0.478431 0.698103 -0.288468
60  6.650252 11.639565 -12.309511  -0.390033 0.426053 -0.101047
61  4.729375 -7.306520 0.873784  -0.478431 0.698103 -0.288468
62  0.660710 -9.405925 5.052882  0.000000 0.000000 -0.000000
63  0.001271 4.285938 -0.189679  -0.000001 -0.000000 0.000000
64  0.060207 10.324398 74.469048  0.000008 -0.000000 0.000000
65  -0.002042 -3.169755 2.277849  1.570797 0.000001 -1.570796
66  8.769394 -2.675095 -2.292491  0.000000 0.000000 -0.000000
67  -1.584223 -9.364034 -0.000003  0.000000 -0.000000 0.000000
68  10.555299 -5.113575 -0.000004  -1.570797 1.570795 0.000000
69  6.464089 -5.113576 -0.000005  -1.570795 1.570796 0.000000
70  7.053375 -1.968536 2.001230  -1.570796 1.570796 0.000000
71  26.793743 -5.113574 -0.000000  0.000000 -0.000000 0.000000
72  -2.662414 1.445765 40.667957  0.000000 3.141592 1.570797
73  8.352066 2.772897 0.000542  -3.141589 0.000002 0.000000
74  0.001265 21.193819 -3.302072  0.000000 -0.000000 0.000000
75  0.059868 -33.068935 1.081967  1.570797 0.000000 -1.570796
76  0.064637 27.351303 72.195198  0.000000 -0.000000 -0.000001
77  -0.000000 -0.000003 -0.000000  0.000000 -0.000000 0.000000
78  -0.000000 -0.000000 -0.000001  0.000000 0.057302 -0.000000
79  1.907178 17.681803 0.736566  0.000001 -0.000000 0.000000
80  0.059883 2.255347 54.398010  0.000000 -0.000000 0.000000
81  0.003504 -22.270645 0.000154  1.570797 0.000000 -1.570796
82  0.000020 1.724012 -0.208863  0.000001 -0.000000 0.000000
83  11.718784 25.720144 1.448043  -0.017789 -0.312629 0.033269
84  -2.307079 11.683283 -6.602220  -0.008091 -0.065405 -1.488515
85  -2.662412 1.445769 33.628742  0.000000 3.141592 1.570797
86  8.352065 2.772895 0.000544  -3.141589 0.000002 0.000000
87  0.006412 -45.818310 0.735915  1.570797 0.000000 -1.570796
88  -0.108381 16.549217 -6.332980  -0.000001 -0.000000 0.000001
89  -0.152043 -0.178991 6.405252  -0.000000 -0.000001 0.000000
90  0.326862 -0.178989 5.798760  -0.000000 -0.000001 0.000000
91  0.000001 -0.000002 3.169725  0.000000 -0.000000 -1.570797
92  -0.000000 -0.000000 -0.000000  0.000000 -0.000000 -0.001160
93  0.000002 -0.000006 0.000000  0.000000 -0.000000 0.000000
94  22.846478 98.319504 -39.725758  0.000000 -0.000000 0.000000
95  0.000003 -10.070927 -2.318773  0.000000 -0.000000 0.000000
96  -0.000000 -0.000000 -1.529051  -0.000000 0.000000 -0.000000
97  -0.078942 0.000000 0.000000  0.000000 0.000001 1.570796
98  0.097092 -0.000000 -0.000001  -0.000000 -3.141592 1.570796
99  0.000004 -13.006137 -2.049217  0.000000 -0.000000 0.000000
100  0.000000 -0.000000 -0.000000  -0.000000 0.000000 -0.000000
101  1.754235 4.036760 -1.682665  0.392575 -0.010118 -1.546365
102  -1.755141 4.036761 -1.682665  -0.404674 0.245240 -1.741923
103  -0.000001 0.000001 0.000000  -0.000000 0.000000 -0.000000
104  -11.350050 -0.729409 0.864872  0.000197 -0.025367 0.026438
105  0.000000 -0.000003 0.000001  -0.000000 0.000000 -0.000000
106  -11.344169 1.135886 0.869271  -0.000000 -0.025019 -0.026323
107  0.000002 -3.002981 4.619921  1.570796 -0.000001 1.570797
time 39
0  0 0 0  0 0 0
1  0.000000 0.000000 0.000000  0.000000 -0.000000 -0.000000
2  -0.000005 0.000023 -61.375507  0.000000 0.000000 -1.570795
3  -0.012814 0.000000 8.236240  -1.570819 -1.475889 0.000019
4  16.160965 -0.011392 0.005502  -0.444189 0.000339 -0.187736
5  0.000002 -0.000002 0.000003  0.236088 -0.018080 -0.018064
6  -0.000001 0.000000 -0.000001  0.637993 -0.047215 0.463939
7  -0.000008 -0.000003 -0.000003  0.000000 -0.000000 -0.728879
8  0.000002 0.000001 -0.000001  0.057871 0.000000 -0.000000
9  0.000002 0.000001 -0.000001  0.115791 -0.000000 -0.000000
10  0.000003 -0.000000 -0.000002  0.173685 -0.000000 0.000000
11  0.000003 0.000001 -0.000003  0.231604 -0.000000 -0.000000
12  0.000003 -0.000002 -0.000001  0.289532 0.000000 0.000000
13  0.000003 -0.000001 0.000000  0.347459 0.000000 0.000000
14  0.000003 -0.000000 -0.000000  0.405370 0.000000 0.000000
15  0.000000 0.000006 -0.000002  0.412515 0.034092 -0.291025
16  0.000003 0.000003 -0.000000  -0.021677 0.170568 -0.312666
17  -0.000003 -0.000001 -0.000000  -0.043603 -0.127593 -0.400460
18  -0.000001 -0.000002 -0.000000  0.128456 -0.009672 -1.277747
19  -0.000002 0.000002 0.000001  0.052543 0.120533 -0.694129
20  0.000000 0.000002 0.000002  -0.000001 0.000000 -0.715569
21  -0.000000 -0.000001 -0.000001  -0.000000 -0.000000 -0.455729
22  -0.000009 -0.000002 0.000001  -0.108713 0.191648 -1.318085
23  -0.000002 -0.000000 0.000002  -0.000000 -0.000000 -0.734697
24  0.000002 0.000001 0.000001  -0.000000 -0.000000 -0.730186
25  -0.000003 -0.000002 0.000000  -0.007951 0.106324 -1.142529
26  -0.000002 -0.000004 0.000003  -0.000001 0.000000 -0.570403
27  0.000002 0.000001 -0.000001  0.000000 -0.000000 -0.898406
28  -0.000005 -0.000000 0.000001  -0.230932 0.233507 -1.281914
29  -0.000001 -0.000003 0.000002  0.000000 -0.000000 -0.773693
30  -0.000000 -0.000000 0.000000  0.000000 0.000000 -0.619818
31  -0.000010 -0.000001 -0.000002  0.582370 -0.000409 -0.000123
32  -0.000001 0.000001 0.000002  0.245312 0.087022 0.319682
33  -0.000008 -0.000001 -0.000002  0.000000 -0.000000 0.376312
34  -0.000000 0.000001 -0.000001  -0.072100 -0.000000 0.000000
35  -0.000002 0.000003 -0.000001  -0.144172 -0.000000 -0.000000
36  -0.000002 0.000004 -0.000000  -0.216248 -0.000000 -0.000000
37  -0.000002 0.000003 0.000000  -0.288360 -0.000000 -0.000000
38  -0.000003 0.000003 -0.000001  -0.360480 -0.000000 -0.000000
39  -0.000005 0.000007 0.000001  -0.432577 -0.000000 -0.000000
40  -0.000005 0.000006 -0.000000  -0.504683 -0.000000 -0.000000
41  -0.000010 0.000007 -0.000001  -0.558636 0.034537 -0.228040
42  1.410069 0.800538 2.089140  -2.043617 -0.463615 0.665928
43  3.954715 0.000001 -0.000003  0.000001 0.000000 0.689326
44  3.101569 -0.000007 -0.000001  0.000000 -0.000000 0.638253
45  -0.000004 0.000001 -0.000002  -0.001849 0.056285 -0.180611
46  0.000001 0.000001 -0.000000  -0.000000 -0.000000 -0.342626
47  -0.000002 -0.000001 -0.000000  0.000000 0.000000 -0.692031
48  7.145100 -0.676335 1.382428  0.062090 0.270328 0.703671
49  3.672218 0.000002 0.000001  0.000000 -0.000001 1.498259
50  2.676528 0.000002 0.000000  0.000000 -0.000001 1.006829
51  6.831183 -0.870860 -0.599919  0.231922 0.205741 0.934461
52  3.657085 0.000009 -0.000002  -0.000001 -0.000000 1.453593
53  2.496790 -0.000001 0.000003  0.000001 -0.000001 0.750510
54  6.164473 -0.898144 -2.575016  0.332711 0.188105 0.821957
55  2.805849 -0.000001 -0.000001  -0.000002 0.000001 0.963491
56  2.307447 0.000001 -0.000001  0.000001 -0.000001 0.990594
57  0.000000 0.000000 -0.000000  -0.021739 0.042545 -0.005957
58  0.000000 0.000000 0.000000  0.000000 -0.000000 -0.000000
59  0.503838 -9.622419 -0.880435  -0.442010 0.645882 -0.242752
60  6.967063 9.573335 -11.891299  -0.355964 0.416319 -0.132587
61  4.527225 -7.480024 -0.118294  -0.442010 0.645882 -0.242751
62  0.660710 -9.405927 5.052881  0.000000 0.000000 -0.000000
63  0.001270 4.285938 -0.189680  -0.000001 -0.000000 0.000000
64  0.060210 10.324395 74.469055  0.000008 -0.000000 0.000000
65  -0.002043 -3.169756 2.277848  1.570797 0.000000 -1.570796
66  8.769395 -2.675094 -2.292492  0.000000 0.000000 0.000000
67  -1.584224 -9.364035 -0.000004  0.000000 -0.000000 0.000000
68  10.555298 -5.113576 -0.000004  -1.570797 1.570795 0.000000
69  6.464090 -5.113576 -0.000005  -1.570795 1.570796 0.000000
70  7.053375 -1.968536 2.001230  -1.570796 1.570796 0.000000
71  26.793743 -5.113575 -0.000001  0.000000 -0.000000 0.000000
72  -2.662414 1.445764 40.667961  0.000000 3.141592 1.570797
73  8.352065 2.772895 0.000549  -3.141589 0.000002 0.000000
74  0.001265 21.193821 -3.302072  0.000001 -0.000000 0.000000
75  0.059868 -33.068935 1.081967  1.570797 -0.000000 -1.570796
76  0.064641 27.351305 72.195206  0.000000 -0.000000 -0.000001
77  -0.000000 -0.000004 -0.000000  0.000000 -0.000000 -0.000000
78  -0.000000 -0.000000 -0.000001  0.000000 0.017884 0.000000
79  1.907178 17.681803 0.736565  0.000001 -0.000000 0.000000
80  0.059886 2.255345 54.398018  0.000000 -0.000000 0.000000
81  0.003503 -22.270641 0.000149  1.570797 0.000000 -1.570796
82  0.000020 1.724012 -0.208863  0.000001 -0.000000 0.000000
83  11.311793 23.253601 1.136906  0.030477 -0.248215 -0.005155
84  -2.307079 11.683284 -6.602220  -0.008091 -0.065405 -1.488515
85  -2.662415 1.445766 33.628746  0.000000 3.141592 1.570797
86  8.352066 2.772897 0.000545  -3.141589 0.000002 0.000000
87  0.006413 -45.818317 0.735915  1.570797 0.000000 -1.570796
88  -0.108381 16.549217 -6.332980  -0.000001 -0.000000 0.000001
89  -0.152045 -0.178991 6.405251  -0.000001 -0.000001 0.000000
90  0.326861 -0.178990 5.798759  -0.000001 -0.000001 0.000000
91  0.000000 -0.000003 3.169724  -0.000000 -0.000000 -1.570797
92  -0.000001 0.000000 0.000000  0.000000 -0.000000 -0.000000
93  0.000002 -0.000007 0.000000  0.000000 0.000000 0.000000
94  22.846479 98.319496 -39.725761  0.000000 -0.000000 -0.000000
95  0.000003 -10.070930 -2.318774  0.000001 -0.000000 0.000000
96  0.000000 -0.000002 -1.529051  -0.000000 -0.000000 0.000000
97  -0.078942 -0.000001 -0.000000  0.000000 0.000001 1.570796
98  0.097092 0.000000 -0.000001  -0.000000 -3.141592 1.570796
99  0.000004 -13.006138 -2.049217  0.000001 -0.000000 0.000000
100  -0.000000 0.000001 0.000000  -0.000000 -0.000000 0.000000
101  1.754235 4.036758 -1.682666  0.392575 -0.010118 -1.546365
102  -1.755140 4.036758 -1.682666  -0.404674 0.245240 -1.741923
103  -0.000001 -0.000001 -0.000000  -0.000000 -0.000000 -0.000000
104  -11.350049 -0.729412 0.864871  0.000197 -0.025368 0.026438
105  -0.000000 -0.000004 0.000001  -0.000000 -0.000000 -0.000000
106  -11.344170 1.135885 0.869271  -0.000000 -0.025020 -0.026323
107  0.000002 -3.002982 4.619921  1.570796 -0.000001 1.570797
time 40
0  0 0 0  0 0 0
1  0.000000 0.000000 0.000000  0.000000 -0.000000 -0.000000
2  -0.000005 0.000023 -61.375507  0.000000 0.000000 -1.570795
3  -0.012814 0.000000 8.236240  -1.570819 -1.475889 0.000019
4  16.160965 -0.011392 0.005502  -0.444189 0.000339 -0.187736
5  0.000002 -0.000002 0.000003  0.123371 -0.016843 -0.013455
6  -0.000002 0.000001 -0.000001  0.535794 -0.011534 0.523639
7  0.000010 -0.000004 -0.000003  -0.000000 -0.000000 -0.680040
8  0.000001 0.000002 -0.000000  0.050117 0.000000 -0.000000
9  0.000005 0.000003 0.000000  0.100265 0.000000 -0.000000
10  -0.000002 -0.000002 -0.000001  0.150476 -0.000000 0.000000
11  0.000005 0.000002 -0.000001  0.200599 -0.000000 -0.000000
12  0.000006 -0.000001 0.000001  0.250786 -0.000000 0.000000
13  0.000005 0.000001 0.000002  0.300948 0.000000 0.000000
14  0.000001 0.000000 0.000001  0.351054 0.000000 0.000000
15  -0.000004 0.000004 -0.000001  0.352028 0.018942 -0.291505
16  0.000001 0.000001 -0.000000  -0.030361 0.167945 -0.326814
17  0.000000 0.000001 0.000001  -0.047512 -0.129180 -0.433240
18  -0.000001 -0.000003 -0.000000  0.122289 -0.001695 -1.318058
19  -0.000000 0.000002 0.000001  0.090781 0.165876 -0.805500
20  0.000000 0.000007 0.000002  -0.000001 0.000000 -0.918377
21  0.000002 -0.000004 -0.000000  0.000000 -0.000000 -0.552171
22  -0.000003 -0.000001 0.000000  -0.124281 0.256413 -1.398604
23  -0.000001 -0.000002 0.000002  -0.000000 -0.000000 -0.878533
24  -0.000001 0.000001 0.000001  -0.000000 -0.000000 -0.861975
25  -0.000002 -0.000003 -0.000001  -0.006530 0.161124 -1.271554
26  0.000000 0.000000 0.000002  -0.000001 0.000000 -0.735547
27  0.000004 0.000002 -0.000001  0.000000 -0.000000 -1.007845
28  -0.000003 -0.000000 -0.000000  -0.214537 0.337473 -1.372404
29  -0.000001 0.000005 -0.000001  0.000000 -0.000000 -0.848760
30  0.000002 0.000001 0.000000  0.000000 0.000000 -0.732016
31  -0.000010 -0.000001 -0.000002  0.582370 -0.000409 -0.000123
32  -0.000001 0.000001 0.000002  0.234680 0.108763 0.306058
33  -0.000007 -0.000004 -0.000002  -0.000000 -0.000000 0.395218
34  0.000003 -0.000001 -0.000001  -0.064466 -0.000000 -0.000000
35  -0.000000 0.000001 -0.000001  -0.129000 0.000000 -0.000000
36  0.000000 0.000002 0.000000  -0.193545 -0.000000 -0.000000
37  -0.000001 0.000001 0.000001  -0.258048 -0.000000 -0.000000
38  -0.000001 0.000001 0.000000  -0.322574 -0.000000 -0.000000
39  -0.000002 0.000005 0.000002  -0.387129 -0.000000 -0.000000
40  -0.000005 0.000009 -0.000000  -0.451658 -0.000000 -0.000000
41  -0.000005 0.000008 -0.000001  -0.516152 0.089628 -0.266336
42  1.410063 0.800537 2.089140  -2.043617 -0.463615 0.665928
43  3.954714 0.000004 -0.000006  0.000001 0.000000 0.689326
44  3.101569 -0.000007 0.000001  0.000000 -0.000000 0.638253
45  -0.000009 0.000001 -0.000001  -0.006670 0.040979 -0.278570
46  -0.000001 -0.000001 -0.000000  -0.000000 -0.000000 -0.218090
47  -0.000000 0.000000 -0.000000  0.000000 0.000000 -0.486802
48  7.145097 -0.676336 1.382428  0.062090 0.270328 0.703671
49  3.672219 -0.000000 0.000002  0.000000 -0.000001 1.498259
50  2.676530 0.000002 0.000001  0.000000 -0.000001 1.006829
51  6.831182 -0.870862 -0.599919  0.231922 0.205741 0.934461
52  3.657086 0.000012 -0.000002  -0.000001 -0.000000 1.453593
53  2.496789 -0.000004 0.000002  0.000001 -0.000001 0.750510
54  6.164474 -0.898146 -2.575016  0.332711 0.188105 0.821957
55  2.805846 -0.000001 -0.000001  -0.000002 0.000001 0.963491
56  2.307451 0.000002 -0.000003  0.000001 -0.000001 0.990594
57  0.000000 0.000000 -0.000000  -0.020786 0.038103 -0.004731
58  0.000000 0.000000 0.000000  0.000000 -0.000000 -0.000000
59  0.552570 -9.826617 -2.126223  -0.400422 0.583700 -0.194172
60  7.261244 7.381879 -11.311198  -0.326774 0.393716 -0.154910
61  4.304858 -7.679554 -1.122774  -0.400422 0.583700 -0.194172
62  0.660710 -9.405925 5.052881  -0.000000 0.000000 -0.000000
63  0.001270 4.285938 -0.189680  -0.000001 -0.000000 0.000000
64  0.060210 10.324398 74.469048  0.000008 -0.000000 0.000000
65  -0.002042 -3.169755 2.277849  1.570797 0.000000 -1.570796
66  8.769393 -2.675095 -2.292491  0.000000 0.000000 0.000000
67  -1.584225 -9.364034 -0.000004  0.000000 -0.000000 0.000000
68  10.555296 -5.113576 -0.000004  -1.570797 1.570795 0.000000
69  6.464087 -5.113576 -0.000005  -1.570795 1.570796 0.000000
70  7.053373 -1.968536 2.001230  -1.570796 1.570796 0.000000
71  26.793739 -5.113575 -0.000000  0.000000 -0.000000 0.000000
72  -2.662415 1.445766 40.667957  0.000000 3.141592 1.570797
73  8.352067 2.772896 0.000544  -3.141589 0.000002 -0.000000
74  0.001265 21.193821 -3.302072  0.000000 -0.000000 0.000000
75  0.059868 -33.068932 1.081968  1.570797 0.000000 -1.570796
76  0.064638 27.351305 72.195198  -0.000000 -0.000000 -0.000001
77  0.000000 -0.000004 -0.000001  -0.000000 -0.000000 -0.000000
78  -0.000001 0.000000 -0.000001  -0.000000 -0.000000 -0.000000
79  1.907178 17.681805 0.736566  0.000001 -0.000000 0.000000
80  0.059883 2.255348 54.398010  -0.000000 -0.000000 0.000000
81  0.003500 -22.270641 0.000155  1.570797 -0.000000 -1.570796
82  0.000020 1.724013 -0.208863  0.000001 -0.000000 0.000000
83  10.752188 20.533159 0.767428  0.058997 -0.188723 -0.040794
84  -2.307079 11.683283 -6.602219  -0.008091 -0.065405 -1.488515
85  -2.662411 1.445768 33.628742  0.000000 3.141592 1.570797
86  8.352066 2.772894 0.000543  -3.141589 0.000002 -0.000000
87  0.006413 -45.818317 0.735913  1.570797 -0.000000 -1.570796
88  -0.108380 16.549217 -6.332981  -0.000001 -0.000000 0.000001
89  -0.152044 -0.178990 6.405252  -0.000000 -0.000001 0.000000
90  0.326862 -0.178989 5.798759  -0.000000 -0.000001 0.000000
91  0.000000 -0.000003 3.169725  -0.000000 -0.000000 -1.570797
92  -0.000001 0.000000 -0.000000  -0.000000 -0.000000 -0.000000
93  0.000002 -0.000006 0.000001  -0.000000 -0.000000 0.000000
94  22.846479 98.319504 -39.725758  -0.000000 -0.000000 -0.000000
95  0.000003 -10.070928 -2.318773  0.000000 -0.000000 0.000000
96  0.000000 0.000000 -1.529051  -0.000000 -0.000000 0.000000
97  -0.078942 0.000003 -0.000000  -0.000000 0.000001 1.570796
98  0.097092 0.000001 -0.000002  0.000000 -3.141592 1.570796
99  0.000004 -13.006138 -2.049217  0.000000 -0.000000 0.000000
100  0.000001 -0.000002 -0.000000  -0.000000 -0.000000 0.000000
101  1.754236 4.036757 -1.682666  0.392575 -0.010118 -1.546365
102  -1.755140 4.036757 -1.682665  -0.404674 0.245240 -1.741923
103  -0.000001 -0.000002 0.000000  0.000000 -0.000000 0.000000
104  -11.350049 -0.729416 0.864870  0.000197 -0.025368 0.026438
105  0.000000 -0.000006 0.000002  0.000000 -0.000000 0.000000
106  -11.344169 1.135887 0.869270  0.000000 -0.025020 -0.026323
107  0.000002 -3.002981 4.619921  1.570796 -0.000000 1.570797
time 41
0  0 0 0  0 0 0
1  0.000000 0.000000 0.000000  0.000000 -0.000000 -0.000000
2  -0.000005 0.000023 -61.375507  0.000000 0.000000 -1.570795
3  -0.012814 0.000000 8.236240  -1.570819 -1.475889 0.000019
4  16.160965 -0.011392 0.005502  -0.444189 0.000339 -0.187736
5  0.000002 -0.000002 0.000003  0.011116 -0.014659 -0.009237
6  0.000007 0.000000 -0.000001  0.431462 0.032996 0.574694
7  -0.000010 -0.000002 -0.000005  0.000000 -0.000000 -0.615140
8  -0.000004 0.000001 0.000001  0.045355 0.000000 -0.000000
9  -0.000000 0.000001 0.000002  0.090793 -0.000000 -0.000000
10  -0.000008 -0.000002 -0.000000  0.136157 -0.000000 0.000000
11  -0.000004 0.000000 -0.000000  0.181591 -0.000000 0.000000
12  -0.000004 -0.000003 0.000002  0.226996 -0.000000 0.000000
13  -0.000004 -0.000001 0.000002  0.272395 0.000000 0.000000
14  -0.000004 -0.000001 0.000003  0.317751 0.000000 0.000000
15  -0.000005 0.000006 0.000001  0.309559 0.021382 -0.295800
16  0.000000 -0.000002 0.000000  -0.024031 0.159292 -0.323131
17  -0.000000 -0.000001 -0.000001  -0.050591 -0.124325 -0.448541
18  -0.000001 -0.000003 0.000001  0.114891 0.004465 -1.345269
19  -0.000001 -0.000001 0.000001  0.119304 0.178784 -0.866750
20  -0.000000 -0.000000 0.000001  -0.000001 0.000000 -1.024612
21  -0.000004 -0.000001 0.000000  0.000000 -0.000000 -0.633804
22  -0.000007 -0.000004 -0.000000  -0.116647 0.289402 -1.449905
23  -0.000001 0.000001 0.000002  -0.000000 -0.000000 -0.974056
24  -0.000008 0.000001 0.000001  -0.000000 -0.000000 -0.947283
25  -0.000002 -0.000004 -0.000001  0.006940 0.186318 -1.355948
26  0.000000 0.000000 0.000003  -0.000001 0.000000 -0.838591
27  0.000005 0.000000 -0.000000  0.000000 -0.000000 -1.060579
28  -0.000001 0.000000 0.000000  -0.184338 0.397911 -1.433640
29  0.000001 -0.000003 0.000000  0.000000 -0.000000 -0.907972
30  -0.000000 -0.000002 0.000001  -0.000000 0.000000 -0.796816
31  -0.000010 -0.000001 -0.000002  0.582370 -0.000409 -0.000123
32  -0.000001 0.000001 0.000002  0.224466 0.128863 0.291415
33  -0.000007 -0.000002 -0.000003  0.000000 -0.000000 0.413100
34  0.000005 -0.000002 -0.000000  -0.055856 -0.000000 -0.000000
35  0.000003 0.000000 -0.000000  -0.111695 0.000000 -0.000000
36  -0.000000 0.000003 0.000000  -0.167560 -0.000000 -0.000000
37  0.000003 0.000001 0.000001  -0.223371 -0.000000 -0.000000
38  -0.000000 0.000003 -0.000000  -0.279235 -0.000000 -0.000000
39  0.000000 0.000005 0.000002  -0.335134 -0.000000 -0.000000
40  -0.000003 0.000006 0.000000  -0.390986 -0.000000 -0.000000
41  -0.000005 0.000007 -0.000002  -0.464253 0.146992 -0.297834
42  1.410072 0.800535 2.089140  -2.043617 -0.463615 0.665928
43  3.954712 0.000006 -0.000005  0.000001 0.000000 0.689326
44  3.101569 -0.000008 -0.000002  0.000000 -0.000000 0.638253
45  -0.000003 -0.000001 -0.000001  -0.008224 0.027293 -0.323338
46  -0.000008 0.000001 -0.000000  -0.000000 -0.000000 -0.117747
47  -0.000002 0.000000 -0.000001  0.000000 -0.000000 -0.310583
48  7.145103 -0.676338 1.382428  0.062090 0.270328 0.703671
49  3.672219 -0.000001 0.000002  0.000000 -0.000001 1.498259
50  2.676529 0.000002 0.000000  0.000000 -0.000001 1.006829
51  6.831183 -0.870862 -0.599918  0.231922 0.205741 0.934461
52  3.657086 0.000009 -0.000002  -0.000001 -0.000000 1.453593
53  2.496786 -0.000004 0.000005  0.000001 -0.000001 0.750510
54  6.164475 -0.898147 -2.575016  0.332711 0.188105 0.821957
55  2.805847 -0.000003 -0.000003  -0.000002 0.000001 0.963491
56  2.307449 0.000001 0.000001  0.000001 -0.000001 0.990594
57  0.000000 0.000000 -0.000000  -0.019348 0.033174 -0.003434
58  0.000000 0.000000 0.000000  0.000000 -0.000000 -0.000000
59  0.659779 -9.979767 -3.300140  -0.354649 0.513541 -0.146045
60  7.374391 4.877374 -10.488266  -0.306797 0.350982 -0.166045
61  4.062278 -7.896433 -2.114851  -0.354649 0.513541 -0.146045
62  0.660709 -9.405922 5.052881  0.000000 0.000000 0.000000
63  0.001270 4.285937 -0.189680  -0.000001 -0.000000 0.000000
64  0.060210 10.324393 74.469040  0.000008 -0.000000 0.000000
65  -0.002043 -3.169755 2.277848  1.570797 0.000001 -1.570796
66  8.769395 -2.675095 -2.292492  0.000000 0.000000 0.000000
67  -1.584224 -9.364035 -0.000003  -0.000000 -0.000000 0.000000
68  10.555303 -5.113578 -0.000004  -1.570797 1.570795 0.000000
69  6.464090 -5.113576 -0.000005  -1.570795 1.570796 0.000000
70  7.053377 -1.968537 2.001231  -1.570796 1.570796 0.000000
71  26.793747 -5.113576 -0.000000  0.000000 -0.000000 -0.000000
72  -2.662414 1.445764 40.667953  0.000000 3.141592 1.570797
73  8.352066 2.772896 0.000543  -3.141589 0.000002 0.000000
74  0.001264 21.193817 -3.302071  0.000000 -0.000000 0.000000
75  0.059868 -33.068928 1.081966  1.570797 0.000000 -1.570796
76  0.064640 27.351303 72.195183  0.000000 -0.000000 -0.000001
77  -0.000001 -0.000005 -0.000001  0.000000 -0.000000 0.000000
78  -0.000000 -0.000002 -0.000001  0.000000 -0.000000 0.000000
79  1.907177 17.681801 0.736565  0.000001 -0.000000 0.000000
80  0.059882 2.255347 54.398003  0.000000 -0.000000 0.000000
81  0.003500 -22.270645 0.000154  1.570797 0.000000 -1.570796
82  0.000020 1.724012 -0.208863  0.000001 -0.000000 0.000000
83  9.912777 17.449982 0.359061  0.061731 -0.145653 -0.074564
84  -2.307079 11.683282 -6.602219  -0.008091 -0.065405 -1.488515
85  -2.662415 1.445768 33.628738  0.000000 3.141592 1.570797
86  8.352067 2.772897 0.000543  -3.141589 0.000002 0.000000
87  0.006412 -45.818310 0.735913  1.570797 0.000000 -1.570796
88  -0.108381 16.549215 -6.332979  -0.000001 -0.000000 0.000001
89  -0.152045 -0.178991 6.405252  -0.000000 -0.000001 0.000000
90  0.326861 -0.178990 5.798760  -0.000000 -0.000001 0.000000
91  0.000000 -0.000004 3.169725  0.000000 -0.000000 -1.570797
92  -0.000001 -0.000000 -0.000000  0.000000 -0.000000 0.000000
93  0.000002 -0.000005 0.000001  0.000000 -0.000000 0.000000
94  22.846476 98.319481 -39.725750  0.000000 -0.000000 0.000000
95  0.000002 -10.070926 -2.318773  0.000000 -0.000000 0.000000
96  0.000000 -0.000001 -1.529051  -0.000000 -0.000000 0.000000
97  -0.078942 0.000000 -0.000001  -0.000000 0.000001 1.570796
98  0.097092 0.000001 -0.000001  0.000000 -3.141592 1.570796
99  0.000004 -13.006139 -2.049218  0.000000 -0.000000 0.000000
100  0.000000 0.000000 -0.000000  -0.000000 -0.000000 0.000000
101  1.754236 4.036758 -1.682665  0.392575 -0.010118 -1.546365
102  -1.755140 4.036759 -1.682665  -0.404674 0.245240 -1.741923
103  -0.000001 0.000000 0.000000  0.000000 -0.000000 0.000000
104  -11.350049 -0.729412 0.864870  0.000197 -0.025368 0.026438
105  -0.000000 -0.000004 0.000001  0.000000 -0.000000 0.000000
106  -11.344170 1.135887 0.869270  -0.000000 -0.025020 -0.026323
107  0.000001 -3.002981 4.619920  1.570796 -0.000001 1.570797
time 42
0  0 0 0  0 0 0
1  0.000000 0.000000 0.000000  0.000000 -0.000000 -0.000000
2  -0.000005 0.000023 -61.375507  0.000000 0.000000 -1.570795
3  -0.012814 0.000000 8.236240  -1.570819 -1.475889 0.000019
4  16.160965 -0.011392 0.005502  -0.444189 0.000339 -0.187736
5  0.000002 -0.000002 0.000003  -0.119677 -0.011321 -0.005253
6  0.000009 0.000000 -0.000001  0.314312 0.099779 0.613857
7  -0.000004 0.000000 -0.000004  0.000000 -0.000000 -0.493786
8  -0.000001 0.000001 -0.000001  0.047125 0.000000 -0.000000
9  -0.000000 0.000001 -0.000001  0.094337 -0.000000 -0.000000
10  -0.000000 -0.000001 -0.000002  0.141541 -0.000000 0.000000
11  -0.000000 0.000001 -0.000002  0.188701 -0.000000 0.000000
12  -0.000004 -0.000002 -0.000002  0.235844 -0.000000 0.000000
13  0.000003 -0.000000 0.000001  0.283057 0.000000 0.000000
14  0.000003 -0.000000 0.000002  0.330244 0.000000 0.000000
15  -0.000004 0.000005 -0.000002  0.306218 0.053474 -0.349510
16  0.000003 0.000002 -0.000000  0.013709 0.138789 -0.289104
17  0.000000 0.000005 0.000002  -0.053348 -0.107457 -0.441964
18  -0.000001 -0.000001 -0.000000  0.105325 0.010580 -1.380853
19  -0.000002 0.000002 0.000000  0.142832 0.127080 -0.859781
20  -0.000001 -0.000006 0.000001  -0.000001 0.000000 -0.976543
21  -0.000000 -0.000001 -0.000000  0.000000 -0.000000 -0.712507
22  -0.000003 0.000003 0.000001  -0.059261 0.272029 -1.481870
23  0.000000 -0.000006 0.000001  -0.000000 -0.000000 -1.011611
24  0.000001 0.000000 0.000000  -0.000000 -0.000000 -0.975921
25  -0.000001 0.000001 -0.000001  0.056652 0.162577 -1.396105
26  -0.000000 0.000001 0.000003  -0.000001 0.000000 -0.854725
27  -0.000004 0.000003 0.000000  0.000000 -0.000000 -1.025662
28  -0.000003 0.000003 0.000001  -0.115764 0.387818 -1.479393
29  0.000001 -0.000007 -0.000001  0.000000 -0.000000 -0.966122
30  0.000000 0.000000 0.000000  0.000000 0.000000 -0.796154
31  -0.000010 -0.000001 -0.000002  0.582370 -0.000409 -0.000123
32  -0.000001 0.000001 0.000002  0.214843 0.147000 0.277558
33  -0.000002 -0.000003 -0.000002  -0.000000 -0.000000 0.425893
34  0.000005 -0.000006 -0.000002  -0.046209 -0.000000 0.000000
35  0.000001 -0.000004 -0.000002  -0.092504 0.000000 -0.000000
36  0.000001 -0.000003 -0.000000  -0.138727 -0.000000 -0.000000
37  0.000001 -0.000003 -0.000000  -0.185023 -0.000000 -0.000000
38  -0.000001 0.000000 -0.000002  -0.231296 -0.000000 -0.000000
39  -0.000004 0.000004 0.000000  -0.277510 -0.000000 -0.000000
40  -0.000001 0.000001 -0.000000  -0.323810 -0.000000 -0.000000
41  -0.000006 0.000001 -0.000002  -0.403580 0.204392 -0.316628
42  1.410066 0.800535 2.089140  -2.043617 -0.463615 0.665928
43  3.954711 0.000002 -0.000002  0.000001 0.000000 0.689326
44  3.101572 -0.000007 -0.000001  0.000000 -0.000000 0.638253
45  -0.000013 0.000002 -0.000002  -0.005827 0.015986 -0.257857
46  -0.000002 0.000001 -0.000000  -0.000000 -0.000000 -0.058848
47  -0.000004 -0.000000 -0.000000  0.000000 -0.000000 -0.177178
48  7.145098 -0.676337 1.382428  0.062090 0.270328 0.703671
49  3.672219 0.000001 0.000002  0.000000 -0.000001 1.498259
50  2.676527 0.000000 -0.000000  0.000000 -0.000001 1.006829
51  6.831181 -0.870863 -0.599918  0.231922 0.205741 0.934461
52  3.657085 0.000012 -0.000001  -0.000001 -0.000000 1.453593
53  2.496790 -0.000004 0.000002  0.000001 -0.000001 0.750510
54  6.164471 -0.898146 -2.575016  0.332711 0.188105 0.821957
55  2.805845 -0.000001 0.000000  -0.000002 0.000001 0.963491
56  2.307450 0.000005 0.000001  0.000001 -0.000001 0.990594
57  0.000000 0.000000 -0.000000  -0.017429 0.027998 -0.002259
58  0.000000 0.000000 0.000000  0.000000 -0.000000 -0.000000
59  0.825469 -10.041027 -4.354270  -0.306034 0.437665 -0.102146
60  6.944434 1.371034 -9.341554  -0.327621 0.274191 -0.175868
61  3.799483 -8.095963 -3.044925  -0.306034 0.437665 -0.102146
62  0.660711 -9.405926 5.052880  -0.000000 0.000000 -0.000000
63  0.001270 4.285939 -0.189680  -0.000001 0.000000 0.000000
64  0.060213 10.324393 74.469048  0.000008 0.000000 0.000000
65  -0.002042 -3.169755 2.277848  1.570797 0.000000 -1.570796
66  8.769395 -2.675095 -2.292491  0.000000 0.000000 -0.000000
67  -1.584224 -9.364035 -0.000004  0.000000 -0.000000 0.000000
68  10.555298 -5.113577 -0.000004  -1.570797 1.570795 0.000000
69  6.464089 -5.113576 -0.000005  -1.570795 1.570796 0.000000
70  7.053375 -1.968537 2.001230  -1.570796 1.570796 0.000000
71  26.793743 -5.113575 -0.000001  0.000000 -0.000000 -0.000000
72  -2.662411 1.445767 40.667953  -0.000000 3.141592 1.570797
73  8.352066 2.772893 0.000546  -3.141589 0.000002 -0.000000
74  0.001264 21.193819 -3.302072  0.000000 0.000000 0.000000
75  0.059869 -33.068932 1.081967  1.570797 -0.000000 -1.570796
76  0.064638 27.351307 72.195198  -0.000000 -0.000000 -0.000001
77  0.000000 -0.000002 -0.000002  -0.000000 0.000000 0.000000
78  -0.000001 0.000002 -0.000001  -0.000000 0.000000 0.000000
79  1.907177 17.681803 0.736564  0.000001 0.000000 0.000000
80  0.059884 2.255347 54.398010  0.000000 0.000000 0.000000
81  0.003497 -22.270645 0.000157  1.570797 -0.000000 -1.570796
82  0.000020 1.724013 -0.208863  0.000001 0.000000 0.000000
83  8.564637 13.278634 -0.217841  0.012018 -0.133114 -0.117648
84  -2.307079 11.683283 -6.602220  -0.008091 -0.065405 -1.488515
85  -2.662411 1.445768 33.628742  -0.000000 3.141592 1.570797
86  8.352066 2.772896 0.000543  -3.141589 0.000002 -0.000000
87  0.006413 -45.818310 0.735916  1.570797 -0.000000 -1.570796
88  -0.108381 16.549219 -6.332979  -0.000001 -0.000000 0.000001
89  -0.152044 -0.178991 6.405252  -0.000000 -0.000001 0.000000
90  0.326862 -0.178991 5.798759  -0.000000 -0.000001 0.000000
91  -0.000000 -0.000004 3.169725  -0.000000 -0.000000 -1.570797
92  -0.000001 0.000001 -0.000001  -0.000000 0.000000 0.000000
93  0.000002 -0.000005 0.000001  -0.000000 -0.000000 0.000000
94  22.846476 98.319504 -39.725761  -0.000000 0.000000 0.000000
95  0.000003 -10.070927 -2.318773  0.000000 0.000000 0.000000
96  -0.000000 -0.000001 -1.529051  -0.000000 0.000000 -0.000000
97  -0.078941 0.000002 -0.000000  0.000000 0.000001 1.570796
98  0.097092 0.000001 -0.000001  -0.000000 -3.141592 1.570796
99  0.000004 -13.006136 -2.049217  0.000000 0.000000 0.000000
100  -0.000001 0.000001 -0.000000  -0.000000 0.000000 -0.000000
101  1.754236 4.036759 -1.682666  0.392575 -0.010118 -1.546365
102  -1.755140 4.036759 -1.682666  -0.404674 0.245240 -1.741923
103  -0.000001 0.000001 0.000000  -0.000000 0.000000 -0.000000
104  -11.350050 -0.729412 0.864871  0.000197 -0.025368 0.026438
105  -0.000000 -0.000003 0.000001  -0.000000 0.000000 -0.000000
106  -11.344170 1.135887 0.869270  0.000000 -0.025019 -0.026323
107  0.000002 -3.002980 4.619920  1.570796 -0.000000 1.570797
time 43
0  0 0 0  0 0 0
1  0.000000 0.000000 0.000000  0.000000 -0.000000 -0.000000
2  -0.000005 0.000023 -61.375507  0.000000 0.000000 -1.570795
3  -0.012814 0.000000 8.236240  -1.570819 -1.475889 0.000019
4  16.160965 -0.011392 0.005502  -0.444189 0.000339 -0.187736
5  0.000002 -0.000002 0.000003  -0.265922 -0.006938 -0.002151
6  0.000002 0.000000 -0.000002  0.184202 0.175662 0.635785
7  -0.000001 -0.000004 -0.000004  -0.000000 -0.000000 -0.306444
8  0.000002 -0.000001 0.000001  0.053597 0.000000 -0.000000
9  0.000002 -0.000000 0.000001  0.107293 -0.000000 -0.000000
10  0.000002 -0.000003 0.000000  0.160945 -0.000000 0.000000
11  0.000002 -0.000001 -0.000000  0.214590 -0.000000 0.000000
12  0.000001 -0.000004 0.000001  0.268206 -0.000000 0.000000
13  0.000001 -0.000001 0.000002  0.321893 0.000000 0.000000
14  0.000001 -0.000002 0.000002  0.375505 0.000000 0.000000
15  -0.000005 0.000005 -0.000000  0.329423 0.110650 -0.468996
16  0.000002 -0.000000 0.000001  0.074517 0.106146 -0.232382
17  -0.000000 -0.000001 0.000000  -0.055736 -0.080660 -0.419037
18  -0.000000 -0.000001 -0.000000  0.092990 0.016661 -1.421659
19  0.000001 0.000001 0.000002  0.158101 0.024429 -0.801504
20  0.000002 -0.000000 0.000002  -0.000001 0.000000 -0.807955
21  -0.000000 -0.000003 -0.000001  0.000000 -0.000000 -0.784976
22  -0.000007 -0.000001 0.000000  0.036779 0.217231 -1.500868
23  0.000000 -0.000003 0.000001  -0.000000 -0.000000 -1.003595
24  -0.000006 0.000001 0.000002  -0.000000 -0.000000 -0.960336
25  0.000002 0.000000 0.000001  0.135053 0.101606 -1.404528
26  -0.000000 0.000001 0.000003  -0.000000 0.000000 -0.803841
27  0.000001 -0.000001 0.000000  0.000000 -0.000000 -0.917014
28  -0.000003 0.000001 0.000001  -0.015626 0.325303 -1.515384
29  0.000001 -0.000004 -0.000000  0.000000 -0.000000 -1.021602
30  -0.000000 -0.000000 0.000000  0.000000 0.000000 -0.744778
31  -0.000010 -0.000001 -0.000002  0.582370 -0.000409 -0.000123
32  -0.000001 0.000001 0.000002  0.206038 0.163051 0.265889
33  -0.000001 -0.000003 -0.000001  0.000000 -0.000000 0.430203
34  0.000004 -0.000001 -0.000001  -0.035892 -0.000000 0.000000
35  0.000000 0.000003 -0.000001  -0.071856 0.000000 -0.000000
36  0.000001 0.000004 0.000000  -0.107844 -0.000000 -0.000000
37  -0.000000 0.000003 0.000001  -0.143805 -0.000000 -0.000000
38  -0.000004 0.000004 -0.000000  -0.179752 -0.000000 -0.000000
39  -0.000004 0.000010 0.000001  -0.215695 -0.000000 -0.000000
40  -0.000004 0.000010 -0.000001  -0.251648 -0.000000 -0.000000
41  -0.000004 0.000005 -0.000000  -0.335113 0.259883 -0.317365
42  1.410070 0.800535 2.089139  -2.043617 -0.463615 0.665928
43  3.954715 0.000002 -0.000005  0.000001 0.000000 0.689326
44  3.101571 -0.000006 0.000002  0.000000 -0.000000 0.638253
45  -0.000006 0.000001 -0.000003  -0.002099 0.006478 -0.119284
46  -0.000005 0.000002 -0.000001  -0.000000 -0.000000 -0.031252
47  0.000004 -0.000001 -0.000001  0.000000 0.000000 -0.079675
48  7.145102 -0.676338 1.382428  0.062090 0.270328 0.703671
49  3.672218 -0.000001 0.000003  0.000000 -0.000001 1.498259
50  2.676530 0.000004 0.000000  0.000000 -0.000001 1.006829
51  6.831183 -0.870863 -0.599919  0.231922 0.205741 0.934461
52  3.657085 0.000008 -0.000002  -0.000001 -0.000000 1.453593
53  2.496792 -0.000002 0.000003  0.000001 -0.000001 0.750510
54  6.164472 -0.898145 -2.575017  0.332711 0.188105 0.821957
55  2.805846 -0.000002 -0.000002  -0.000002 0.000001 0.963491
56  2.307451 0.000003 -0.000004  0.000001 -0.000001 0.990594
57  0.000000 0.000000 -0.000000  -0.015031 0.022758 -0.001331
58  0.000000 0.000000 0.000000  0.000000 -0.000000 -0.000000
59  1.039887 -9.979767 -5.228715  -0.255580 0.358462 -0.065870
60  6.016637 -3.074484 -8.194843  -0.382357 0.170832 -0.190147
61  3.526580 -8.269466 -3.888192  -0.255580 0.358462 -0.065870
62  0.660711 -9.405925 5.052880  -0.000000 0.000000 -0.000000
63  0.001271 4.285938 -0.189680  -0.000001 0.000000 0.000000
64  0.060210 10.324396 74.469048  0.000008 0.000000 0.000000
65  -0.002042 -3.169755 2.277848  1.570797 0.000000 -1.570796
66  8.769394 -2.675095 -2.292492  0.000000 0.000000 0.000000
67  -1.584224 -9.364035 -0.000004  0.000000 -0.000000 0.000000
68  10.555298 -5.113577 -0.000004  -1.570797 1.570795 0.000000
69  6.464089 -5.113576 -0.000005  -1.570795 1.570796 0.000000
70  7.053373 -1.968536 2.001230  -1.570796 1.570796 0.000000
71  26.793743 -5.113575 -0.000001  0.000001 -0.000000 -0.000000
72  -2.662414 1.445766 40.667957  -0.000000 3.141592 1.570797
73  8.352065 2.772895 0.000540  -3.141589 0.000002 -0.000000
74  0.001265 21.193819 -3.302073  0.000000 0.000000 0.000000
75  0.059869 -33.068935 1.081966  1.570797 -0.000000 -1.570796
76  0.064640 27.351305 72.195198  -0.000000 -0.000000 -0.000001
77  -0.000001 -0.000004 -0.000001  -0.000000 -0.000000 0.000000
78  -0.000000 0.000002 -0.000001  -0.000000 -0.000000 0.000000
79  1.907178 17.681805 0.736565  0.000001 0.000000 0.000000
80  0.059882 2.255348 54.398010  -0.000000 0.000000 0.000000
81  0.003500 -22.270639 0.000156  1.570797 0.000000 -1.570796
82  0.000021 1.724012 -0.208864  0.000001 0.000000 0.000000
83  6.758636 8.200470 -0.917900  -0.081682 -0.147469 -0.167222
84  -2.307079 11.683283 -6.602219  -0.008091 -0.065405 -1.488515
85  -2.662414 1.445767 33.628746  -0.000000 3.141592 1.570797
86  8.352066 2.772896 0.000544  -3.141589 0.000002 -0.000000
87  0.006414 -45.818314 0.735913  1.570797 0.000000 -1.570796
88  -0.108381 16.549215 -6.332981  -0.000001 -0.000000 0.000001
89  -0.152044 -0.178991 6.405251  -0.000000 -0.000001 0.000000
90  0.326862 -0.178990 5.798758  -0.000000 -0.000001 0.000000
91  0.000001 -0.000003 3.169723  -0.000000 -0.000000 -1.570797
92  0.000000 -0.000001 -0.000001  -0.000000 -0.000000 0.000000
93  0.000002 -0.000006 -0.000000  -0.000000 -0.000000 0.000000
94  22.846476 98.319496 -39.725765  -0.000000 -0.000000 0.000000
95  0.000003 -10.070925 -2.318773  0.000000 0.000000 0.000000
96  -0.000000 -0.000000 -1.529051  -0.000000 -0.000000 0.000000
97  -0.078942 0.000002 0.000001  -0.000000 0.000001 1.570796
98  0.097092 0.000001 -0.000000  0.000000 -3.141592 1.570796
99  0.000004 -13.006136 -2.049217  0.000000 0.000000 0.000000
100  0.000000 -0.000002 0.000000  -0.000000 -0.000000 0.000000
101  1.754236 4.036757 -1.682666  0.392575 -0.010118 -1.546365
102  -1.755140 4.036756 -1.682667  -0.404674 0.245240 -1.741923
103  -0.000000 -0.000001 -0.000000  -0.000000 -0.000000 0.000000
104  -11.350048 -0.729411 0.864870  0.000197 -0.025368 0.026438
105  -0.000000 -0.000005 0.000001  -0.000000 -0.000000 0.000000
106  -11.344169 1.135887 0.869269  0.000000 -0.025020 -0.026323
107  0.000002 -3.002981 4.619920  1.570796 -0.000000 1.570797
time 44
0  0 0 0  0 0 0
1  0.000000 0.000000 0.000000  0.000000 -0.000000 -0.000000
2  -0.000005 0.000023 -61.375507  0.000000 0.000000 -1.570795
3  -0.012814 0.000000 8.236240  -1.570819 -1.475889 0.000019
4  16.160965 -0.011392 0.005502  -0.444189 0.000339 -0.187736
5  0.000002 -0.000002 0.000003  -0.390301 -0.002596 -0.000544
6  -0.000001 -0.000000 -0.000001  0.061315 0.228997 0.628680
7  -0.000000 0.000003 -0.000004  -0.000000 -0.000000 -0.089877
8  0.000003 -0.000000 -0.000000  0.059092 0.000000 -0.000000
9  0.000003 0.000000 -0.000000  0.118298 -0.000000 -0.000000
10  0.000003 -0.000002 -0.000001  0.177423 -0.000000 -0.000000
11  0.000004 -0.000000 -0.000002  0.236581 -0.000000 0.000000
12  0.000002 -0.000003 -0.000000  0.295702 -0.000000 0.000000
13  0.000003 -0.000000 0.000000  0.354836 0.000000 -0.000000
14  0.000004 -0.000003 0.000002  0.414035 0.000000 -0.000000
15  -0.000004 0.000005 -0.000002  0.348545 0.167616 -0.606640
16  0.000000 -0.000000 0.000000  0.130232 0.068879 -0.172614
17  0.000000 -0.000003 -0.000000  -0.055855 -0.052319 -0.382967
18  0.000000 0.000002 0.000000  0.079964 0.019591 -1.420865
19  -0.000001 -0.000000 0.000001  0.156191 -0.082467 -0.712656
20  -0.000002 0.000000 0.000002  -0.000001 0.000000 -0.601003
21  -0.000001 -0.000005 -0.000000  0.000000 -0.000000 -0.821915
22  -0.000001 -0.000000 0.000001  0.133618 0.150166 -1.477067
23  0.000001 -0.000001 0.000001  -0.000000 -0.000000 -0.953049
24  -0.000010 0.000000 0.000002  -0.000000 -0.000000 -0.905324
25  0.000000 -0.000000 0.000001  0.208129 0.029451 -1.366889
26  -0.000001 -0.000001 0.000003  -0.000000 0.000000 -0.714788
27  0.000003 0.000001 -0.000001  0.000000 -0.000000 -0.774945
28  -0.000001 0.000001 0.000001  0.085411 0.245456 -1.506405
29  0.000002 -0.000004 0.000000  0.000000 -0.000000 -1.039840
30  -0.000000 0.000000 0.000000  0.000000 0.000000 -0.663361
31  -0.000010 -0.000001 -0.000002  0.582370 -0.000409 -0.000123
32  -0.000001 0.000001 0.000002  0.198610 0.176460 0.257673
33  -0.000003 -0.000003 -0.000001  0.000000 -0.000000 0.425268
34  0.000006 -0.000003 -0.000001  -0.025087 -0.000000 0.000000
35  0.000006 -0.000003 -0.000000  -0.050239 0.000000 0.000000
36  0.000002 -0.000000 0.000001  -0.075399 -0.000000 -0.000000
37  0.000002 -0.000001 0.000001  -0.100509 -0.000000 -0.000000
38  -0.000002 0.000000 -0.000000  -0.125636 -0.000000 -0.000000
39  -0.000004 0.000004 0.000002  -0.150782 -0.000000 -0.000000
40  -0.000003 0.000005 -0.000000  -0.175952 -0.000000 -0.000000
41  -0.000004 0.000003 -0.000001  -0.258807 0.310399 -0.301441
42  1.410069 0.800535 2.089139  -2.043617 -0.463615 0.665928
43  3.954711 0.000003 -0.000003  0.000001 0.000000 0.689326
44  3.101569 -0.000006 -0.000001  0.000000 -0.000000 0.638253
45  -0.000005 -0.000001 -0.000003  -0.000060 -0.000122 -0.013673
46  -0.000001 0.000001 -0.000001  -0.000000 -0.000000 -0.013672
47  -0.000001 0.000001 -0.000000  0.000000 -0.000000 -0.013672
48  7.145101 -0.676337 1.382426  0.062090 0.270328 0.703671
49  3.672218 0.000003 -0.000001  0.000000 -0.000001 1.498259
50  2.676525 0.000001 0.000002  0.000000 -0.000001 1.006829
51  6.831184 -0.870862 -0.599920  0.231922 0.205741 0.934461
52  3.657086 0.000012 -0.000002  -0.000001 -0.000000 1.453593
53  2.496789 -0.000003 0.000002  0.000001 -0.000001 0.750510
54  6.164478 -0.898149 -2.575017  0.332711 0.188105 0.821957
55  2.805846 -0.000003 -0.000002  -0.000002 0.000000 0.963491
56  2.307448 0.000001 -0.000000  0.000001 -0.000001 0.990594
57  0.000000 0.000000 -0.000000  -0.012396 0.017515 -0.000536
58  0.000000 0.000000 0.000000  0.000000 -0.000000 -0.000000
59  1.278671 -9.816408 -5.863590  -0.204531 0.278118 -0.035973
60  4.998322 -7.269556 -7.452854  -0.423870 0.067736 -0.198809
61  3.243568 -8.399593 -4.607448  -0.204531 0.278118 -0.035973
62  0.660710 -9.405922 5.052882  -0.000000 0.000000 -0.000000
63  0.001270 4.285938 -0.189680  -0.000001 0.000000 0.000000
64  0.060209 10.324397 74.469055  0.000008 0.000000 0.000000
65  -0.002043 -3.169756 2.277849  1.570797 0.000000 -1.570796
66  8.769393 -2.675095 -2.292492  -0.000000 0.000000 0.000000
67  -1.584224 -9.364034 -0.000003  -0.000000 -0.000000 0.000000
68  10.555300 -5.113577 -0.000004  -1.570797 1.570795 0.000000
69  6.464088 -5.113576 -0.000005  -1.570795 1.570796 0.000000
70  7.053376 -1.968536 2.001230  -1.570796 1.570796 0.000000
71  26.793747 -5.113576 -0.000001  0.000000 -0.000000 0.000000
72  -2.662413 1.445766 40.667957  -0.000000 3.141592 1.570797
73  8.352065 2.772896 0.000547  -3.141589 0.000002 0.000000
74  0.001264 21.193821 -3.302072  0.000000 0.000000 0.000000
75  0.059868 -33.068939 1.081967  1.570797 0.000000 -1.570796
76  0.064637 27.351307 72.195206  0.000000 -0.000000 -0.000001
77  -0.000001 -0.000004 -0.000001  0.000000 0.000000 -0.000000
78  -0.000001 0.000000 0.000000  0.000000 0.000000 -0.000000
79  1.907177 17.681805 0.736565  0.000001 0.000000 0.000000
80  0.059885 2.255349 54.398014  0.000000 0.000000 0.000000
81  0.003499 -22.270643 0.000154  1.570797 0.000000 -1.570796
82  0.000020 1.724013 -0.208863  0.000001 0.000000 0.000000
83  4.927197 3.412483 -1.488320  -0.173686 -0.168889 -0.204403
84  -2.307080 11.683284 -6.602219  -0.008091 -0.065405 -1.488515
85  -2.662414 1.445768 33.628746  -0.000000 3.141592 1.570797
86  8.352065 2.772896 0.000546  -3.141589 0.000002 0.000000
87  0.006413 -45.818321 0.735915  1.570797 -0.000000 -1.570796
88  -0.108381 16.549219 -6.332980  -0.000001 0.000000 0.000001
89  -0.152044 -0.178991 6.405251  -0.000000 -0.000001 0.000000
90  0.326862 -0.178990 5.798759  -0.000000 -0.000001 0.000000
91  0.000001 -0.000003 3.169724  -0.000000 -0.000000 -1.570797
92  -0.000001 0.000000 0.000000  0.000000 0.000000 -0.000000
93  0.000002 -0.000005 0.000001  0.000000 -0.000000 0.000000
94  22.846478 98.319511 -39.725765  0.000000 0.000000 -0.000000
95  0.000003 -10.070927 -2.318773  0.000000 0.000000 0.000000
96  -0.000000 0.000000 -1.529051  -0.000000 -0.000000 -0.000000
97  -0.078942 -0.000002 -0.000001  -0.000000 0.000001 1.570796
98  0.097092 -0.000001 -0.000001  0.000000 -3.141592 1.570796
99  0.000004 -13.006139 -2.049217  0.000000 0.000000 0.000000
100  -0.000000 0.000000 0.000000  -0.000000 -0.000000 -0.000000
101  1.754236 4.036761 -1.682665  0.392575 -0.010118 -1.546365
102  -1.755140 4.036760 -1.682666  -0.404674 0.245240 -1.741923
103  -0.000001 0.000001 0.000001  -0.000000 -0.000000 -0.000000
104  -11.350049 -0.729410 0.864872  0.000197 -0.025368 0.026438
105  -0.000000 -0.000004 0.000001  -0.000000 -0.000000 -0.000000
106  -11.344171 1.135888 0.869271  -0.000000 -0.025020 -0.026323
107  0.000002 -3.002981 4.619921  1.570796 -0.000001 1.570797
time 45
0  0 0 0  0 0 0
1  0.000000 0.000000 0.000000  0.000000 -0.000000 -0.000000
2  -0.000005 0.000023 -61.375507  0.000000 0.000000 -1.570795
3  -0.012814 0.000000 8.236240  -1.570819 -1.475889 0.000019
4  16.160965 -0.011392 0.005502  -0.444189 0.000339 -0.187736
5  0.000002 -0.000002 0.000003  -0.455416 0.000297 -0.000069
6  0.000001 0.000000 -0.000001  -0.024568 0.236819 0.596833
7  0.000001 -0.000000 -0.000005  -0.000000 -0.000000 0.082607
8  -0.000001 -0.000001 -0.000000  0.059886 0.000000 -0.000000
9  -0.000004 0.000002 -0.000001  0.119765 -0.000000 -0.000000
10  -0.000001 -0.000002 -0.000001  0.179691 -0.000000 0.000000
11  -0.000000 -0.000000 -0.000001  0.239594 -0.000000 -0.000000
12  0.000000 -0.000004 0.000001  0.299529 0.000000 0.000000
13  -0.000001 -0.000000 0.000001  0.359425 0.000000 0.000000
14  -0.000000 0.000000 0.000000  0.419338 0.000000 0.000000
15  -0.000006 0.000005 -0.000001  0.343044 0.193822 -0.682480
16  -0.000003 -0.000001 -0.000000  0.155124 0.039355 -0.126539
17  -0.000002 -0.000001 -0.000002  -0.052297 -0.031136 -0.337077
18  0.000002 0.000001 0.000002  0.068484 0.017382 -1.331458
19  -0.000008 -0.000001 0.000000  0.137953 -0.145525 -0.612586
20  -0.000004 -0.000001 0.000002  -0.000000 0.000000 -0.437891
21  -0.000001 0.000004 -0.000001  0.000000 -0.000000 -0.793770
22  -0.000012 -0.000001 -0.000000  0.189868 0.091581 -1.373747
23  -0.000001 -0.000000 0.000001  -0.000000 0.000000 -0.863386
24  -0.000000 -0.000002 0.000002  -0.000000 -0.000000 -0.815661
25  -0.000007 -0.000002 -0.000001  0.239936 -0.027870 -1.261769
26  -0.000000 0.000001 0.000002  -0.000000 0.000000 -0.616614
27  0.000002 0.000002 -0.000001  -0.000000 -0.000000 -0.640103
28  -0.000008 0.000000 0.000001  0.151278 0.176719 -1.410306
29  -0.000000 0.000003 0.000001  0.000000 -0.000000 -0.986300
30  0.000000 0.000002 0.000000  0.000000 0.000000 -0.572565
31  -0.000010 -0.000001 -0.000002  0.592325 -0.000409 -0.000124
32  0.000003 0.000001 0.000001  0.195292 0.192456 0.264370
33  -0.000005 -0.000004 -0.000002  -0.000000 -0.000000 0.403002
34  0.000000 -0.000002 -0.000002  -0.013367 -0.000000 -0.000000
35  -0.000002 -0.000001 -0.000002  -0.026796 0.000000 -0.000000
36  -0.000002 0.000001 -0.000001  -0.040226 -0.000000 -0.000000
37  -0.000002 -0.000000 -0.000000  -0.053658 -0.000000 -0.000000
38  -0.000002 0.000000 -0.000001  -0.067093 -0.000000 -0.000000
39  -0.000005 0.000004 0.000001  -0.080530 -0.000000 -0.000000
40  -0.000009 0.000006 -0.000001  -0.093971 -0.000000 -0.000000
41  -0.000009 0.000005 -0.000001  -0.171926 0.358243 -0.264868
42  1.410071 0.800538 2.089142  -2.043617 -0.463615 0.665928
43  3.954713 0.000004 -0.000006  0.000001 0.000000 0.689326
44  3.101571 -0.000005 -0.000005  0.000000 -0.000000 0.638253
45  -0.000002 0.000002 0.000000  0.000168 -0.002198 0.013550
46  -0.000004 -0.000000 -0.000003  -0.000000 -0.000000 -0.001587
47  -0.000001 -0.000000 0.000001  0.000000 -0.000000 0.012634
48  7.145104 -0.676335 1.382429  0.062091 0.270328 0.703671
49  3.672219 -0.000002 -0.000002  0.000000 -0.000001 1.498259
50  2.676526 0.000001 0.000002  0.000000 -0.000001 1.006829
51  6.831189 -0.870861 -0.599915  0.231922 0.205741 0.934461
52  3.657086 0.000010 -0.000003  -0.000001 -0.000000 1.453593
53  2.496794 -0.000002 -0.000000  0.000001 -0.000001 0.750510
54  6.164477 -0.898144 -2.575016  0.332711 0.188105 0.821957
55  2.805846 0.000000 -0.000001  -0.000002 0.000001 0.963491
56  2.307449 0.000001 -0.000002  0.000001 -0.000001 0.990594
57  0.000000 0.000000 -0.000000  -0.009520 0.012453 0.000307
58  0.000000 0.000000 0.000000  0.000000 -0.000000 -0.000000
59  1.497965 -9.581580 -6.258888  -0.154063 0.198942 -0.009315
60  4.342076 -9.867994 -7.210020  -0.410168 -0.006313 -0.191753
61  2.990881 -8.468996 -5.165491  -0.154063 0.198942 -0.009315
62  0.660711 -9.405922 5.052881  0.000000 0.000000 -0.000000
63  0.001271 4.285938 -0.189679  -0.000001 0.000000 0.000000
64  0.060212 10.324394 74.469048  0.000008 0.000000 0.000000
65  -0.002041 -3.169755 2.277849  1.570797 0.000000 -1.570796
66  8.769394 -2.675094 -2.292492  -0.000000 0.000000 -0.000000
67  -1.584224 -9.364034 -0.000003  -0.000000 -0.000000 0.000000
68  10.555298 -5.113576 -0.000004  -1.570797 1.570795 0.000000
69  6.464090 -5.113576 -0.000005  -1.570795 1.570796 0.000000
70  7.053376 -1.968537 2.001230  -1.570796 1.570796 0.000000
71  26.793745 -5.113576 -0.000001  0.000000 -0.000000 -0.000000
72  -2.662413 1.445764 40.667957  -0.000000 3.141592 1.570797
73  8.352066 2.772895 0.000549  -3.141589 0.000002 -0.000000
74  0.001266 21.193819 -3.302072  0.000000 0.000000 0.000000
75  0.059869 -33.068928 1.081968  1.570797 0.000000 -1.570796
76  0.064638 27.351305 72.195198  0.000000 -0.000000 -0.000001
77  0.000000 -0.000001 0.000001  0.000000 0.000000 0.000000
78  0.000000 0.000002 0.000000  0.000000 0.000000 0.000000
79  1.907178 17.681803 0.736566  0.000001 -0.000000 0.000000
80  0.059884 2.255347 54.398006  0.000000 0.000000 0.000000
81  0.003501 -22.270641 0.000150  1.570797 0.000000 -1.570796
82  0.000021 1.724013 -0.208862  0.000001 0.000000 0.000000
83  3.502745 0.256764 -1.747600  -0.219905 -0.171049 -0.214812
84  -2.307078 11.683282 -6.602218  -0.008091 -0.065405 -1.488515
85  -2.662411 1.445768 33.628738  -0.000000 3.141592 1.570797
86  8.352066 2.772895 0.000544  -3.141589 0.000002 -0.000000
87  0.006414 -45.818306 0.735915  1.570797 0.000000 -1.570796
88  -0.108381 16.549215 -6.332979  -0.000001 0.000000 0.000001
89  -0.152045 -0.178990 6.405251  -0.000000 -0.000001 0.000000
90  0.326861 -0.178989 5.798759  -0.000000 -0.000001 0.000000
91  0.000000 -0.000003 3.169723  -0.000000 -0.000000 -1.570797
92  0.000000 0.000000 0.000000  0.000000 0.000000 0.000000
93  0.000002 -0.000005 0.000001  0.000000 -0.000000 0.000000
94  22.846474 98.319489 -39.725754  0.000000 0.000000 0.000000
95  0.000004 -10.070924 -2.318772  0.000000 0.000000 0.000000
96  0.000000 -0.000001 -1.529051  -0.000000 0.000000 0.000000
97  -0.078942 -0.000001 0.000001  0.000000 0.000001 1.570796
98  0.097092 -0.000003 -0.000001  -0.000000 -3.141592 1.570796
99  0.000005 -13.006136 -2.049216  0.000000 0.000000 0.000000
100  0.000000 0.000001 0.000000  -0.000000 0.000000 0.000000
101  1.754236 4.036760 -1.682667  0.392575 -0.010118 -1.546365
102  -1.755140 4.036759 -1.682667  -0.404674 0.245240 -1.741923
103  -0.000000 0.000002 -0.000001  0.000000 0.000000 -0.000000
104  -11.350048 -0.729409 0.864871  0.000197 -0.025368 0.026438
105  0.000000 -0.000002 0.000000  0.000000 0.000000 -0.000000
106  -11.344169 1.135888 0.869269  0.000000 -0.025020 -0.026323
107  0.000003 -3.002980 4.619920  1.570796 -0.000000 1.570797
time 46
0  0 0 0  0 0 0
1  0.000000 0.000000 0.000000  0.000000 -0.000000 -0.000000
2  -0.000005 0.000023 -61.375507  0.000000 0.000000 -1.570795
3  -0.012814 0.000000 8.236240  -1.570819 -1.475889 0.000019
4  16.160965 -0.011392 0.005502  -0.444189 0.000339 -0.187736
5  0.000002 -0.000002 0.000003  -0.447901 0.001510 0.000032
6  0.000006 0.000000 -0.000001  -0.062552 0.196244 0.544561
7  -0.000006 -0.000002 -0.000002  -0.000000 -0.000000 0.165600
8  0.000002 0.000001 -0.000000  0.054879 0.000000 -0.000000
9  0.000003 0.000001 -0.000000  0.109861 0.000000 -0.000000
10  0.000001 -0.000001 -0.000001  0.164742 -0.000000 0.000000
11  0.000003 0.000001 -0.000002  0.219687 -0.000000 -0.000000
12  0.000004 -0.000003 0.000001  0.274613 -0.000000 0.000000
13  0.000002 0.000001 0.000001  0.329564 0.000000 0.000000
14  0.000002 0.000001 0.000001  0.384517 0.000000 0.000000
15  -0.000003 0.000007 -0.000001  0.307251 0.171359 -0.648144
16  -0.000001 -0.000001 0.000001  0.141428 0.021716 -0.092919
17  -0.000001 -0.000001 -0.000002  -0.043958 -0.018193 -0.273613
18  -0.000000 -0.000000 0.000001  0.056373 0.009767 -1.110782
19  -0.000006 -0.000001 0.000001  0.106304 -0.150821 -0.490768
20  0.000003 0.000000 0.000001  -0.000000 0.000000 -0.323873
21  0.000001 -0.000003 -0.000001  0.000000 -0.000000 -0.674087
22  -0.000010 -0.000001 0.000001  0.190757 0.041159 -1.145030
23  -0.000001 -0.000007 0.000000  -0.000000 0.000000 -0.712964
24  0.000000 -0.000004 0.000001  -0.000000 -0.000000 -0.671630
25  -0.000001 -0.000001 0.000002  0.215820 -0.063372 -1.048457
26  -0.000000 -0.000000 0.000003  -0.000000 0.000000 -0.499013
27  -0.000000 0.000001 -0.000000  -0.000000 -0.000000 -0.504494
28  -0.000006 -0.000001 0.000001  0.169025 0.115396 -1.178924
29  0.000002 0.000003 0.000001  0.000000 -0.000000 -0.829045
30  0.000000 -0.000001 0.000001  0.000000 0.000000 -0.462123
31  -0.000010 -0.000001 -0.000002  0.602281 -0.000408 -0.000127
32  -0.000004 0.000000 0.000001  0.193455 0.206202 0.275501
33  -0.000001 -0.000003 -0.000001  0.000000 -0.000000 0.372088
34  0.000001 -0.000001 -0.000002  -0.001831 -0.000000 0.000000
35  0.000000 -0.000001 -0.000001  -0.003662 0.000000 -0.000000
36  0.000001 0.000000 -0.000000  -0.005494 -0.000000 -0.000000
37  -0.000000 -0.000001 0.000000  -0.007324 -0.000000 -0.000000
38  -0.000001 0.000002 -0.000001  -0.009156 -0.000000 -0.000000
39  -0.000005 0.000006 0.000001  -0.010987 -0.000000 -0.000000
40  -0.000005 0.000005 -0.000000  -0.012818 -0.000000 -0.000000
41  -0.000001 0.000003 -0.000001  -0.080959 0.397002 -0.216451
42  1.410071 0.800534 2.089138  -2.043617 -0.463615 0.665928
43  3.954710 0.000004 -0.000005  0.000001 0.000000 0.689326
44  3.101570 -0.000007 0.000001  0.000000 -0.000000 0.638253
45  -0.000003 -0.000000 -0.000004  0.000057 -0.001099 0.007934
46  -0.000007 0.000002 -0.000002  -0.000000 -0.000000 0.000305
47  0.000003 0.000002 0.000000  0.000000 0.000000 0.007446
48  7.145103 -0.676338 1.382424  0.062091 0.270328 0.703671
49  3.672219 0.000001 0.000004  0.000000 -0.000001 1.498259
50  2.676528 0.000001 0.000001  0.000000 -0.000001 1.006829
51  6.831185 -0.870864 -0.599921  0.231922 0.205741 0.934461
52  3.657086 0.000010 -0.000003  -0.000001 -0.000000 1.453593
53  2.496790 -0.000001 0.000001  0.000001 -0.000001 0.750510
54  6.164476 -0.898148 -2.575017  0.332710 0.188105 0.821957
55  2.805845 0.000002 -0.000003  -0.000002 0.000001 0.963491
56  2.307449 0.000002 -0.000001  0.000001 -0.000001 0.990594
57  0.000000 0.000000 -0.000000  -0.006587 0.007634 0.001196
58  0.000000 0.000000 0.000000  0.000000 -0.000000 -0.000000
59  1.683147 -9.254862 -6.414613  -0.105218 0.123077 0.013168
60  4.070526 -10.494125 -7.156056  -0.332170 -0.040481 -0.160417
61  2.768515 -8.460321 -5.574725  -0.105218 0.123077 0.013168
62  0.660711 -9.405925 5.052881  0.000000 0.000000 -0.000000
63  0.001271 4.285938 -0.189680  -0.000001 0.000000 0.000000
64  0.060211 10.324394 74.469048  0.000008 0.000000 0.000000
65  -0.002042 -3.169756 2.277848  1.570797 0.000000 -1.570796
66  8.769392 -2.675095 -2.292492  0.000000 0.000000 0.000000
67  -1.584226 -9.364035 -0.000004  0.000000 -0.000000 0.000000
68  10.555298 -5.113577 -0.000005  -1.570797 1.570795 0.000000
69  6.464088 -5.113576 -0.000005  -1.570795 1.570796 0.000000
70  7.053372 -1.968536 2.001230  -1.570796 1.570796 0.000000
71  26.793739 -5.113575 -0.000001  0.000000 -0.000000 -0.000000
72  -2.662412 1.445764 40.667957  -0.000000 3.141592 1.570797
73  8.352064 2.772896 0.000547  -3.141589 0.000002 0.000000
74  0.001265 21.193819 -3.302073  0.000000 0.000000 0.000000
75  0.059869 -33.068928 1.081967  1.570797 -0.000000 -1.570796
76  0.064640 27.351303 72.195206  -0.000000 -0.000000 -0.000001
77  0.000000 -0.000004 -0.000001  -0.000000 0.000000 -0.000000
78  0.000000 -0.000001 -0.000001  -0.000000 0.000000 -0.000000
79  1.907178 17.681801 0.736565  0.000001 -0.000000 0.000000
80  0.059885 2.255347 54.398006  -0.000000 0.000000 0.000000
81  0.003502 -22.270643 0.000157  1.570797 -0.000000 -1.570796
82  0.000021 1.724013 -0.208863  0.000001 0.000000 0.000000
83  2.459841 -1.012779 -1.637407  -0.205998 -0.142435 -0.191699
84  -2.307078 11.683282 -6.602220  -0.008091 -0.065405 -1.488515
85  -2.662412 1.445768 33.628742  -0.000000 3.141592 1.570797
86  8.352065 2.772896 0.000543  -3.141589 0.000002 0.000000
87  0.006415 -45.818310 0.735916  1.570797 -0.000000 -1.570796
88  -0.108381 16.549215 -6.332980  -0.000001 -0.000000 0.000001
89  -0.152044 -0.178990 6.405252  -0.000000 -0.000001 0.000000
90  0.326862 -0.178990 5.798759  -0.000000 -0.000001 0.000000
91  0.000001 -0.000003 3.169724  0.000000 -0.000000 -1.570797
92  0.000000 -0.000001 -0.000001  -0.000000 0.000000 -0.000000
93  0.000002 -0.000004 0.000001  -0.000000 0.000000 0.000000
94  22.846478 98.319504 -39.725765  -0.000000 0.000000 -0.000000
95  0.000004 -10.070926 -2.318773  0.000000 0.000000 0.000000
96  -0.000000 0.000001 -1.529051  -0.000000 -0.000000 -0.000000
97  -0.078942 0.000002 -0.000000  -0.000000 0.000001 1.570796
98  0.097093 0.000001 -0.000001  0.000000 -3.141592 1.570796
99  0.000005 -13.006136 -2.049217  0.000000 0.000000 0.000000
100  0.000000 -0.000002 0.000001  -0.000000 -0.000000 -0.000000
101  1.754236 4.036757 -1.682665  0.392575 -0.010118 -1.546365
102  -1.755140 4.036759 -1.682665  -0.404674 0.245240 -1.741923
103  -0.000000 -0.000001 0.000000  -0.000000 -0.000000 -0.000000
104  -11.350049 -0.729414 0.864872  0.000197 -0.025368 0.026438
105  -0.000000 -0.000005 0.000002  -0.000000 -0.000000 -0.000000
106  -11.344170 1.135888 0.869270  -0.000000 -0.025020 -0.026323
107  0.000003 -3.002980 4.619920  1.570796 -0.000000 1.570797
time 47
0  0 0 0  0 0 0
1  0.000000 0.000000 0.000000  0.000000 -0.000000 -0.000000
2  -0.000005 0.000023 -61.375507  0.000000 0.000000 -1.570795
3  -0.012814 0.000000 8.236240  -1.570819 -1.475889 0.000019
4  16.160965 -0.011392 0.005502  -0.444189 0.000339 -0.187736
5  0.000002 -0.000002 0.000003  -0.394845 0.001640 0.000108
6  0.000001 0.000001 -0.000000  -0.073261 0.130842 0.470036
7  -0.000003 -0.000001 -0.000005  -0.000000 -0.000000 0.199740
8  0.000002 -0.000001 -0.000001  0.046026 -0.000000 -0.000000
9  0.000006 -0.000002 0.000000  0.092077 -0.000000 -0.000000
10  0.000005 -0.000004 -0.000001  0.138176 -0.000000 0.000000
11  0.000002 -0.000000 -0.000002  0.184226 -0.000000 0.000000
12  0.000004 -0.000004 0.000000  0.230313 -0.000000 0.000000
13  0.000002 -0.000000 0.000000  0.276338 0.000000 0.000000
14  0.000001 -0.000001 0.000000  0.322388 0.000000 0.000000
15  -0.000004 0.000004 -0.000001  0.251772 0.121395 -0.545875
16  -0.000000 -0.000000 -0.000001  0.106175 0.010237 -0.061446
17  -0.000002 -0.000002 -0.000002  -0.031686 -0.009075 -0.192814
18  0.000002 -0.000002 0.000000  0.040584 0.001422 -0.795305
19  -0.000005 0.000001 -0.000001  0.066694 -0.122958 -0.341186
20  -0.000001 -0.000000 0.000002  -0.000000 0.000000 -0.214898
21  -0.000001 -0.000001 0.000000  -0.000000 -0.000000 -0.487431
22  -0.000009 -0.000001 -0.000001  0.151177 -0.002519 -0.819929
23  0.000001 -0.000001 0.000003  -0.000000 0.000000 -0.507457
24  -0.000002 -0.000001 0.000001  -0.000000 -0.000000 -0.477248
25  -0.000004 -0.000001 -0.000002  0.154698 -0.078445 -0.747161
26  0.000000 0.000002 0.000004  -0.000000 0.000000 -0.350931
27  -0.000000 0.000006 -0.000000  -0.000000 0.000000 -0.349132
28  -0.000008 0.000000 -0.000002  0.145658 0.052437 -0.846637
29  -0.000004 -0.000006 0.000000  -0.000000 -0.000000 -0.596084
30  0.000000 0.000002 -0.000000  0.000000 0.000000 -0.324429
31  -0.000010 -0.000001 -0.000002  0.582370 -0.000409 -0.000123
32  -0.000001 0.000001 0.000002  0.185222 0.202685 0.260196
33  -0.000010 -0.000003 -0.000001  0.000000 -0.000000 0.357006
34  -0.000006 -0.000001 -0.000001  0.007385 -0.000000 -0.000000
35  -0.000006 -0.000001 -0.000000  0.014832 0.000000 -0.000000
36  -0.000005 0.000000 0.000001  0.022279 -0.000000 -0.000000
37  -0.000006 -0.000001 0.000001  0.029726 -0.000000 -0.000000
38  -0.000006 -0.000000 0.000001  0.037174 -0.000000 -0.000000
39  -0.000010 0.000006 0.000001  0.044561 -0.000000 -0.000000
40  -0.000011 0.000005 0.000000  0.052009 -0.000000 -0.000000
41  -0.000007 0.000002 0.000000  -0.001855 0.410548 -0.182501
42  1.410072 0.800536 2.089142  -2.043617 -0.463615 0.665928
43  3.954711 0.000003 -0.000002  0.000001 0.000000 0.689326
44  3.101572 -0.000007 -0.000001  0.000000 -0.000000 0.638253
45  -0.000002 0.000001 -0.000001  0.000000 0.000000 -0.000000
46  -0.000003 0.000001 0.000002  -0.000000 0.000000 -0.000000
47  -0.000003 0.000001 0.000002  0.000000 0.000000 -0.000000
48  7.145103 -0.676337 1.382429  0.062090 0.270328 0.703671
49  3.672220 -0.000002 0.000001  0.000000 -0.000001 1.498259
50  2.676525 0.000003 -0.000003  0.000000 -0.000001 1.006829
51  6.831187 -0.870862 -0.599917  0.231922 0.205741 0.934461
52  3.657085 0.000012 0.000000  -0.000001 -0.000000 1.453593
53  2.496795 -0.000001 0.000002  0.000001 -0.000001 0.750510
54  6.164477 -0.898145 -2.575015  0.332710 0.188105 0.821957
55  2.805846 -0.000002 -0.000004  -0.000002 0.000001 0.963491
56  2.307448 0.000002 -0.000001  0.000001 -0.000001 0.990594
57  0.000000 0.000000 -0.000000  -0.003720 0.003239 0.001947
58  0.000000 0.000000 0.000000  0.000000 -0.000000 -0.000000
59  1.839089 -8.856672 -6.414613  -0.059231 0.052759 0.030508
60  3.844232 -9.993221 -6.994167  -0.224706 -0.054979 -0.107165
61  2.556257 -8.356220 -5.859948  -0.059231 0.052759 0.030508
62  0.660711 -9.405927 5.052881  0.000000 0.000000 0.000000
63  0.001270 4.285938 -0.189680  -0.000001 -0.000000 0.000000
64  0.060212 10.324396 74.469048  0.000008 -0.000000 0.000000
65  -0.002042 -3.169754 2.277848  1.570797 0.000000 -1.570796
66  8.769397 -2.675095 -2.292492  -0.000000 0.000000 -0.000000
67  -1.584223 -9.364035 -0.000003  -0.000000 -0.000000 0.000000
68  10.555300 -5.113577 -0.000004  -1.570797 1.570795 0.000000
69  6.464089 -5.113577 -0.000005  -1.570795 1.570796 0.000000
70  7.053377 -1.968537 2.001230  -1.570796 1.570796 0.000000
71  26.793743 -5.113575 -0.000001  0.000000 -0.000000 0.000000
72  -2.662412 1.445766 40.667957  0.000000 3.141592 1.570797
73  8.352066 2.772896 0.000539  -3.141589 0.000002 -0.000000
74  0.001265 21.193819 -3.302073  0.000000 -0.000000 0.000000
75  0.059869 -33.068928 1.081967  1.570797 -0.000000 -1.570796
76  0.064641 27.351303 72.195198  -0.000000 -0.000000 -0.000001
77  -0.000000 -0.000002 0.000000  -0.000000 -0.000000 0.000000
78  -0.000000 0.000001 -0.000001  -0.000000 -0.000000 0.000000
79  1.907178 17.681803 0.736565  0.000001 -0.000000 0.000000
80  0.059885 2.255348 54.398006  -0.000000 -0.000000 0.000000
81  0.003500 -22.270643 0.000155  1.570797 -0.000000 -1.570796
82  0.000021 1.724013 -0.208863  0.000001 -0.000000 0.000000
83  1.594996 -1.194140 -1.274412  -0.158461 -0.098927 -0.144380
84  -2.307079 11.683283 -6.602220  -0.008091 -0.065405 -1.488515
85  -2.662413 1.445768 33.628742  0.000000 3.141592 1.570797
86  8.352068 2.772896 0.000544  -3.141589 0.000002 -0.000000
87  0.006414 -45.818310 0.735915  1.570797 -0.000000 -1.570796
88  -0.108381 16.549217 -6.332980  -0.000001 -0.000000 0.000001
89  -0.152044 -0.178992 6.405251  -0.000000 -0.000001 -0.000000
90  0.326862 -0.178991 5.798759  -0.000000 -0.000001 -0.000000
91  0.000000 -0.000004 3.169723  0.000000 -0.000000 -1.570797
92  -0.000000 0.000000 0.000000  -0.000000 -0.000000 0.000000
93  0.000002 -0.000006 -0.000000  -0.000000 -0.000000 0.000000
94  22.846476 98.319489 -39.725761  -0.000000 -0.000000 0.000000
95  0.000003 -10.070927 -2.318773  0.000000 -0.000000 0.000000
96  0.000000 0.000001 -1.529050  -0.000000 -0.000000 -0.000000
97  -0.078942 -0.000000 0.000000  0.000000 0.000001 1.570796
98  0.097092 0.000000 -0.000000  -0.000000 -3.141592 1.570796
99  0.000004 -13.006138 -2.049217  0.000000 -0.000000 0.000000
100  -0.000000 -0.000001 0.000001  -0.000000 -0.000000 -0.000000
101  1.754236 4.036757 -1.682666  0.392575 -0.010118 -1.546365
102  -1.755140 4.036759 -1.682665  -0.404674 0.245240 -1.741923
103  -0.000001 -0.000000 0.000001  0.000000 -0.000000 -0.000000
104  -11.350049 -0.729412 0.864872  0.000197 -0.025368 0.026438
105  -0.000000 -0.000004 0.000001  0.000000 -0.000000 -0.000000
106  -11.344170 1.135887 0.869271  -0.000000 -0.025020 -0.026323
107  0.000002 -3.002980 4.619920  1.570796 -0.000000 1.570797
time 48
0  0 0 0  0 0 0
1  0.000000 0.000000 0.000000  0.000000 -0.000000 -0.000000
2  -0.000005 0.000023 -61.375507  0.000000 0.000000 -1.570795
3  -0.012814 0.000000 8.236240  -1.570819 -1.475889 0.000019
4  16.160965 -0.011392 0.005502  -0.444189 0.000339 -0.187736
5  0.000002 -0.000002 0.000003  -0.319667 0.001133 0.000127
6  0.000001 0.000001 -0.000002  -0.067848 0.061642 0.386569
7  -0.000005 -0.000003 -0.000004  -0.000000 -0.000000 0.199065
8  0.000004 -0.000001 0.000000  0.034854 0.000000 -0.000000
9  0.000004 -0.000001 -0.000000  0.069719 0.000000 -0.000000
10  0.000007 -0.000005 -0.000001  0.104604 -0.000000 0.000000
11  0.000008 -0.000003 -0.000001  0.139522 -0.000000 0.000000
12  0.000003 -0.000003 0.000000  0.174359 -0.000000 0.000000
13  0.000003 -0.000002 0.000001  0.209250 0.000000 0.000000
14  0.000003 -0.000003 0.000002  0.244144 0.000000 0.000000
15  -0.000003 0.000004 -0.000001  0.182913 0.072182 -0.407443
16  -0.000002 -0.000001 0.000000  0.062208 0.004053 -0.034073
17  0.000000 -0.000001 -0.000001  -0.018313 -0.003821 -0.110014
18  -0.000004 -0.000000 -0.000000  0.023168 -0.002884 -0.456986
19  -0.000006 0.000000 0.000001  0.032487 -0.075812 -0.192610
20  -0.000001 0.000000 0.000002  -0.000000 0.000000 -0.119154
21  0.000003 -0.000000 -0.000000  -0.000000 -0.000000 -0.281331
22  -0.000010 -0.000001 0.000001  0.088669 -0.019935 -0.470841
23  0.000001 -0.000004 0.000001  -0.000000 0.000000 -0.290766
24  0.000001 -0.000000 0.000001  -0.000000 -0.000000 -0.273319
25  -0.000002 -0.000001 0.000000  0.082923 -0.062236 -0.426806
26  -0.000005 -0.000001 0.000002  -0.000000 0.000000 -0.200047
27  -0.000005 -0.000000 -0.000000  -0.000000 -0.000000 -0.197532
28  -0.000006 0.000000 0.000001  0.091400 0.011482 -0.487622
29  0.000001 -0.000001 -0.000001  -0.000000 -0.000000 -0.343122
30  0.000002 0.000001 0.000001  0.000000 0.000000 -0.184778
31  -0.000010 -0.000001 -0.000002  0.532152 -0.000354 -0.000096
32  0.000002 0.000001 0.000001  0.169448 0.184213 0.219226
33  -0.000005 -0.000002 -0.000001  0.000000 -0.000000 0.354278
34  -0.000002 0.000003 -0.000001  0.013978 -0.000000 0.000000
35  -0.000002 0.000003 -0.000000  0.028017 0.000000 0.000000
36  -0.000002 0.000005 0.000001  0.041996 -0.000000 -0.000000
37  -0.000002 0.000004 0.000001  0.056039 -0.000000 0.000000
38  -0.000002 0.000005 0.000000  0.070085 -0.000000 -0.000000
39  -0.000005 0.000007 0.000002  0.084073 -0.000000 -0.000000
40  -0.000004 0.000011 -0.000001  0.098126 -0.000000 -0.000000
41  -0.000005 0.000009 -0.000001  0.059376 0.400629 -0.164066
42  1.410070 0.800535 2.089142  -2.043617 -0.463615 0.665928
43  3.954711 0.000003 -0.000006  0.000001 0.000000 0.689326
44  3.101570 -0.000008 -0.000003  0.000000 -0.000000 0.638253
45  -0.000004 -0.000001 0.000001  0.000000 0.000000 0.000793
46  -0.000004 0.000002 0.000001  -0.000000 -0.000000 0.000793
47  -0.000001 0.000002 -0.000000  0.000000 -0.000000 0.000793
48  7.145103 -0.676338 1.382430  0.062090 0.270328 0.703671
49  3.672220 -0.000000 0.000001  0.000000 -0.000001 1.498259
50  2.676528 -0.000000 0.000001  0.000000 -0.000001 1.006829
51  6.831186 -0.870864 -0.599916  0.231922 0.205741 0.934461
52  3.657086 0.000008 0.000000  -0.000001 -0.000000 1.453593
53  2.496790 -0.000003 0.000004  0.000001 -0.000002 0.750510
54  6.164475 -0.898148 -2.575014  0.332711 0.188105 0.821957
55  2.805845 0.000001 -0.000001  -0.000002 0.000000 0.963491
56  2.307450 0.000002 -0.000002  0.000001 -0.000001 0.990594
57  0.000000 0.000000 -0.000000  -0.001038 -0.000609 0.002564
58  0.000000 0.000000 0.000000  0.000000 -0.000000 -0.000000
59  1.960917 -8.346176 -6.294824  -0.017174 -0.009716 0.041594
60  3.595312 -8.866190 -6.697373  -0.111159 -0.065283 -0.043406
61  2.374322 -8.121990 -6.070764  -0.017174 -0.009716 0.041594
62  0.660711 -9.405929 5.052881  0.000000 0.000000 0.000000
63  0.001271 4.285939 -0.189680  -0.000001 0.000000 0.000000
64  0.060212 10.324396 74.469048  0.000008 0.000000 0.000000
65  -0.002041 -3.169755 2.277848  1.570797 0.000000 -1.570796
66  8.769398 -2.675094 -2.292493  -0.000000 0.000000 -0.000000
67  -1.584223 -9.364035 -0.000004  -0.000000 -0.000000 0.000000
68  10.555299 -5.113576 -0.000005  -1.570797 1.570795 0.000000
69  6.464090 -5.113576 -0.000006  -1.570795 1.570796 0.000000
70  7.053375 -1.968536 2.001230  -1.570796 1.570796 0.000000
71  26.793743 -5.113575 -0.000001  0.000000 -0.000000 0.000000
72  -2.662412 1.445765 40.667957  -0.000000 3.141592 1.570797
73  8.352068 2.772895 0.000536  -3.141589 0.000002 -0.000000
74  0.001266 21.193821 -3.302072  0.000000 0.000000 0.000000
75  0.059869 -33.068928 1.081967  1.570797 -0.000000 -1.570796
76  0.064640 27.351305 72.195198  -0.000000 -0.000000 -0.000001
77  0.000000 -0.000001 -0.000000  -0.000000 0.000000 -0.000000
78  0.000000 0.000001 -0.000000  -0.000000 0.000000 -0.000000
79  1.907178 17.681805 0.736566  0.000001 0.000000 0.000000
80  0.059885 2.255348 54.398014  -0.000000 0.000000 0.000000
81  0.003500 -22.270643 0.000156  1.570797 -0.000000 -1.570796
82  0.000021 1.724013 -0.208862  0.000001 0.000000 0.000000
83  0.857334 -0.758868 -0.775296  -0.094822 -0.054175 -0.085910
84  -2.307078 11.683284 -6.602219  -0.008091 -0.065405 -1.488515
85  -2.662412 1.445768 33.628742  -0.000000 3.141592 1.570797
86  8.352067 2.772895 0.000543  -3.141589 0.000002 -0.000000
87  0.006414 -45.818314 0.735915  1.570797 -0.000000 -1.570796
88  -0.108381 16.549219 -6.332979  -0.000001 0.000000 0.000001
89  -0.152044 -0.178990 6.405251  -0.000000 -0.000001 0.000000
90  0.326862 -0.178989 5.798759  -0.000000 -0.000001 0.000000
91  0.000000 -0.000003 3.169724  0.000000 -0.000000 -1.570797
92  0.000000 0.000001 0.000000  -0.000000 0.000000 -0.000000
93  0.000003 -0.000003 0.000000  0.000000 0.000000 0.000000
94  22.846478 98.319504 -39.725758  -0.000000 0.000000 -0.000000
95  0.000004 -10.070925 -2.318772  0.000000 0.000000 0.000000
96  -0.000000 -0.000002 -1.529051  -0.000000 -0.000000 0.000000
97  -0.078942 -0.000002 0.000001  0.000000 0.000001 1.570796
98  0.097092 -0.000001 -0.000000  -0.000000 -3.141592 1.570796
99  0.000005 -13.006138 -2.049216  0.000000 0.000000 0.000000
100  0.000000 -0.000001 0.000000  -0.000000 -0.000000 0.000000
101  1.754235 4.036757 -1.682666  0.392575 -0.010118 -1.546365
102  -1.755140 4.036757 -1.682665  -0.404674 0.245240 -1.741923
103  -0.000000 -0.000002 0.000000  -0.000000 -0.000000 -0.000000
104  -11.350049 -0.729414 0.864871  0.000197 -0.025368 0.026438
105  0.000000 -0.000006 0.000001  -0.000000 -0.000000 -0.000000
106  -11.344170 1.135886 0.869270  -0.000000 -0.025020 -0.026323
107  0.000003 -3.002981 4.619920  1.570796 -0.000000 1.570797
time 49
0  0 0 0  0 0 0
1  0.000000 0.000000 0.000000  0.000000 -0.000000 -0.000000
2  -0.000005 0.000023 -61.375507  0.000000 0.000000 -1.570795
3  -0.012814 0.000000 8.236240  -1.570819 -1.475889 0.000019
4  16.160965 -0.011392 0.005502  -0.444189 0.000339 -0.187736
5  0.000002 -0.000002 0.000003  -0.245865 0.000439 0.000069
6  -0.000000 -0.000001 -0.000000  -0.055358 0.004396 0.312498
7  -0.000001 -0.000001 -0.000005  -0.000000 -0.000000 0.175340
8  0.000002 -0.000000 0.000000  0.023744 0.000000 0.000000
9  0.000002 0.000000 -0.000000  0.047552 0.000000 -0.000000
10  0.000005 -0.000004 -0.000001  0.071367 -0.000000 0.000000
11  0.000006 -0.000002 -0.000001  0.095193 -0.000000 0.000000
12  0.000005 -0.000005 0.000001  0.118970 0.000000 0.000000
13  0.000006 -0.000003 0.000001  0.142765 0.000000 0.000000
14  0.000005 -0.000004 0.000002  0.166580 0.000000 0.000000
15  -0.000001 0.000003 -0.000000  0.116423 0.043953 -0.268759
16  0.000001 -0.000000 0.000001  0.022575 0.001488 -0.012863
17  0.000000 -0.000002 -0.000000  -0.006812 -0.001298 -0.040588
18  0.000000 -0.000000 -0.000000  0.008406 -0.002355 -0.167816
19  -0.000003 0.000000 0.000002  0.010337 -0.027974 -0.070848
20  0.000001 -0.000001 0.000001  -0.000000 0.000001 -0.044805
21  0.000001 -0.000000 -0.000001  -0.000000 -0.000000 -0.103015
22  -0.000007 -0.000001 0.000001  0.031147 -0.011580 -0.172725
23  -0.000004 -0.000001 0.000001  -0.000000 0.000000 -0.106988
24  0.000001 -0.000000 0.000000  -0.000000 -0.000000 -0.100571
25  0.000001 -0.000001 0.000001  0.027106 -0.026351 -0.156187
26  0.000000 -0.000001 0.000003  -0.000000 0.000000 -0.073872
27  0.000002 0.000001 -0.000001  -0.000000 -0.000000 -0.073322
28  -0.000003 -0.000000 0.000001  0.033859 -0.000331 -0.179109
29  0.000001 -0.000000 0.000000  -0.000000 -0.000000 -0.125881
30  0.000002 -0.000000 0.000000  0.000000 0.000000 -0.068253
31  -0.000010 -0.000001 -0.000002  0.472978 -0.000356 -0.000086
32  0.000002 0.000001 0.000001  0.150465 0.164763 0.175075
33  -0.000007 -0.000003 -0.000003  0.000000 -0.000000 0.343122
34  -0.000002 -0.000000 -0.000002  0.018800 -0.000000 -0.000000
35  -0.000002 -0.000000 -0.000001  0.037601 0.000000 -0.000000
36  -0.000002 0.000001 -0.000000  0.056406 -0.000000 -0.000000
37  -0.000002 0.000001 0.000000  0.075215 -0.000000 0.000000
38  -0.000002 0.000002 -0.000001  0.094031 -0.000000 -0.000000
39  -0.000001 0.000005 0.000001  0.112795 -0.000000 -0.000000
40  -0.000001 0.000005 -0.000000  0.131630 -0.000000 -0.000000
41  -0.000005 0.000006 -0.000003  0.105469 0.381233 -0.143522
42  1.410073 0.800536 2.089142  -2.043617 -0.463615 0.665928
43  3.954715 0.000004 -0.000004  0.000001 0.000000 0.689326
44  3.101572 -0.000006 -0.000002  0.000000 -0.000000 0.638253
45  0.000000 0.000000 0.000001  0.000000 0.000000 0.001343
46  -0.000003 0.000000 0.000002  -0.000000 -0.000000 0.001343
47  -0.000002 0.000001 0.000004  0.000000 0.000000 0.001281
48  7.145105 -0.676337 1.382429  0.062090 0.270328 0.703671
49  3.672219 0.000001 0.000002  0.000000 -0.000001 1.498259
50  2.676531 0.000002 0.000001  0.000000 -0.000001 1.006829
51  6.831184 -0.870862 -0.599919  0.231922 0.205741 0.934461
52  3.657086 0.000009 -0.000004  -0.000001 -0.000000 1.453593
53  2.496792 -0.000003 0.000005  0.000001 -0.000001 0.750510
54  6.164481 -0.898147 -2.575014  0.332711 0.188105 0.821957
55  2.805847 -0.000002 -0.000000  -0.000002 0.000001 0.963491
56  2.307450 0.000003 -0.000001  0.000001 -0.000001 0.990594
57  0.000000 0.000000 -0.000000  0.001276 -0.003847 0.002866
58  0.000000 0.000000 0.000000  0.000000 -0.000000 -0.000000
59  2.058380 -7.682529 -6.115142  0.019779 -0.062188 0.045557
60  3.346390 -7.551311 -6.346614  -0.012994 -0.080447 0.013229
61  2.192387 -7.705580 -6.207174  0.019779 -0.062188 0.045557
62  0.660711 -9.405923 5.052880  -0.000000 0.000000 -0.000000
63  0.001271 4.285939 -0.189680  -0.000001 0.000000 0.000000
64  0.060211 10.324396 74.469048  0.000008 0.000000 0.000000
65  -0.002042 -3.169755 2.277848  1.570797 0.000000 -1.570796
66  8.769396 -2.675095 -2.292493  -0.000000 0.000000 0.000000
67  -1.584223 -9.364036 -0.000004  -0.000000 -0.000000 0.000000
68  10.555302 -5.113577 -0.000004  -1.570797 1.570795 0.000000
69  6.464090 -5.113576 -0.000005  -1.570795 1.570796 0.000000
70  7.053376 -1.968537 2.001230  -1.570796 1.570796 0.000000
71  26.793747 -5.113576 -0.000001  0.000000 -0.000000 -0.000000
72  -2.662413 1.445765 40.667957  -0.000000 3.141592 1.570797
73  8.352066 2.772896 0.000547  -3.141589 0.000002 0.000000
74  0.001265 21.193821 -3.302073  0.000000 0.000000 0.000000
75  0.059869 -33.068932 1.081967  1.570797 -0.000000 -1.570796
76  0.064639 27.351305 72.195198  0.000000 -0.000000 -0.000001
77  -0.000000 -0.000004 -0.000001  -0.000000 0.000000 -0.000000
78  -0.000000 0.000002 -0.000001  -0.000000 0.000000 -0.000000
79  1.907178 17.681805 0.736565  0.000001 0.000000 0.000000
80  0.059885 2.255348 54.398014  -0.000000 0.000000 0.000000
81  0.003501 -22.270643 0.000148  1.570797 -0.000000 -1.570796
82  0.000020 1.724012 -0.208863  0.000001 0.000000 0.000000
83  0.323164 -0.214780 -0.289144  -0.034802 -0.018932 -0.031845
84  -2.307079 11.683283 -6.602220  -0.008091 -0.065405 -1.488515
85  -2.662413 1.445768 33.628742  -0.000000 3.141592 1.570797
86  8.352067 2.772896 0.000542  -3.141589 0.000002 0.000000
87  0.006414 -45.818314 0.735914  1.570797 -0.000000 -1.570796
88  -0.108381 16.549217 -6.332980  -0.000001 0.000000 0.000001
89  -0.152044 -0.178991 6.405252  -0.000000 -0.000001 0.000000
90  0.326862 -0.178990 5.798759  -0.000000 -0.000001 0.000000
91  0.000001 -0.000003 3.169724  0.000000 -0.000000 -1.570797
92  -0.000000 -0.000000 -0.000001  -0.000000 0.000000 -0.000000
93  0.000002 -0.000003 0.000000  0.000000 0.000000 0.000000
94  22.846478 98.319489 -39.725761  -0.000000 0.000000 -0.000000
95  0.000003 -10.070927 -2.318774  0.000000 0.000000 0.000000
96  -0.000000 -0.000000 -1.529051  -0.000000 -0.000000 0.000000
97  -0.078942 0.000000 -0.000000  0.000000 0.000001 1.570796
98  0.097092 0.000001 -0.000001  -0.000000 -3.141592 1.570796
99  0.000004 -13.006137 -2.049218  0.000000 0.000000 0.000000
100  0.000000 0.000000 0.000000  -0.000000 -0.000000 0.000000
101  1.754235 4.036758 -1.682666  0.392575 -0.010118 -1.546365
102  -1.755140 4.036758 -1.682665  -0.404674 0.245240 -1.741923
103  -0.000000 0.000001 0.000000  -0.000000 0.000000 -0.000000
104  -11.350049 -0.729412 0.864872  0.000197 -0.025368 0.026438
105  0.000000 -0.000003 0.000001  -0.000000 0.000000 -0.000000
106  -11.344170 1.135888 0.869271  0.000000 -0.025019 -0.026323
107  0.000002 -3.002982 4.619920  1.570796 -0.000000 1.570797
time 50
0  0 0 0  0 0 0
1  0.000000 0.000000 0.000000  0.000000 -0.000000 -0.000000
2  -0.000005 0.000023 -61.375507  0.000000 0.000000 -1.570795
3  -0.012814 0.000000 8.236240  -1.570819 -1.475889 0.000019
4  16.160965 -0.011392 0.005502  -0.444189 0.000339 -0.187736
5  0.000002 -0.000002 0.000003  -0.197102 0.000122 -0.000012
6  -0.000002 0.000001 -0.000001  -0.044483 -0.030650 0.271513
7  -0.000005 -0.000002 -0.000003  -0.000000 -0.000000 0.131997
8  0.000000 0.000001 0.000000  0.016236 0.000000 -0.000000
9  0.000001 0.000001 -0.000000  0.032534 -0.000000 -0.000000
10  -0.000000 -0.000001 -0.000001  0.048774 -0.000000 0.000000
11  0.000001 0.000001 -0.000001  0.065077 -0.000000 0.000000
12  -0.000000 -0.000002 0.000001  0.081324 -0.000000 0.000000
13  0.000000 -0.000000 0.000002  0.097576 0.000000 0.000000
14  0.000000 -0.000000 0.000001  0.113835 0.000000 0.000000
15  -0.000006 0.000006 -0.000000  0.074350 0.044364 -0.161040
16  0.000003 -0.000000 0.000000  0.000000 0.000000 -0.000000
17  0.000002 -0.000001 0.000000  -0.000000 0.000000 -0.000000
18  -0.000002 -0.000000 -0.000000  -0.000000 0.000000 -0.000000
19  0.000003 -0.000000 0.000001  0.000000 0.000000 -0.000000
20  -0.000001 -0.000000 0.000001  -0.000000 0.000000 -0.000000
21  -0.000002 -0.000001 0.000000  -0.000000 -0.000000 0.000000
22  -0.000005 -0.000001 0.000000  0.000000 -0.000000 0.000000
23  0.000003 -0.000002 0.000002  -0.000000 0.000000 -0.000000
24  -0.000001 -0.000000 0.000001  -0.000000 0.000000 -0.000000
25  0.000003 -0.000001 -0.000000  0.000000 0.000000 -0.000000
26  0.000002 -0.000001 0.000003  -0.000000 0.000000 -0.000000
27  0.000001 0.000001 -0.000000  -0.000000 -0.000000 0.000000
28  -0.000001 -0.000000 0.000000  0.000000 -0.000000 0.000000
29  0.000003 -0.000001 0.000001  -0.000000 -0.000000 -0.000000
30  0.000003 0.000000 -0.000000  0.000000 0.000000 -0.000000
31  -0.000010 -0.000001 -0.000002  0.407427 -0.000299 -0.000062
32  0.000002 0.000000 0.000001  0.128957 0.145791 0.132836
33  -0.000008 -0.000003 -0.000001  0.000000 -0.000000 0.317009
34  0.000001 0.000000 -0.000001  0.021852 -0.000000 0.000000
35  0.000001 0.000001 -0.000001  0.043706 0.000000 -0.000000
36  0.000001 0.000002 0.000000  0.065566 -0.000000 -0.000000
37  -0.000003 0.000002 0.000000  0.087433 -0.000000 -0.000000
38  -0.000003 0.000002 -0.000000  0.109311 -0.000000 -0.000000
39  0.000001 0.000004 0.000003  0.131141 -0.000000 -0.000000
40  -0.000006 0.000006 -0.000000  0.153047 -0.000000 -0.000000
41  -0.000010 0.000007 -0.000003  0.136050 0.352516 -0.118022
42  1.410073 0.800535 2.089140  -2.043617 -0.463615 0.665928
43  3.954715 0.000004 -0.000006  0.000001 0.000000 0.689326
44  3.101570 -0.000005 -0.000002  0.000000 -0.000000 0.638253
45  0.000001 -0.000001 -0.000001  0.000000 0.000000 0.001526
46  -0.000000 0.000001 -0.000001  -0.000000 -0.000000 0.001526
47  -0.000000 0.000000 -0.000003  0.000000 -0.000000 0.001526
48  7.145103 -0.676337 1.382426  0.062090 0.270328 0.703671
49  3.672220 -0.000002 0.000001  0.000000 -0.000001 1.498259
50  2.676529 0.000002 -0.000001  0.000000 -0.000001 1.006829
51  6.831187 -0.870863 -0.599920  0.231922 0.205741 0.934461
52  3.657087 0.000009 -0.000001  -0.000001 -0.000000 1.453593
53  2.496794 -0.000001 -0.000000  0.000001 -0.000001 0.750510
54  6.164480 -0.898147 -2.575015  0.332711 0.188105 0.821957
55  2.805848 0.000000 0.000001  -0.000002 0.000001 0.963491
56  2.307448 0.000003 -0.000000  0.000001 -0.000001 0.990594
57  0.000000 0.000000 -0.000000  0.003226 -0.006291 0.002859
58  0.000000 0.000000 0.000000  0.000000 -0.000000 -0.000000
59  2.116859 -6.835104 -5.803697  0.050497 -0.102477 0.044184
60  3.142725 -6.392977 -6.036327  0.050495 -0.102417 0.044246
61  2.010451 -7.063616 -6.194773  0.050495 -0.102417 0.044246
62  0.660711 -9.405925 5.052880  0.000000 0.000000 0.000000
63  0.001271 4.285938 -0.189680  -0.000001 -0.000000 0.000000
64  0.060212 10.324396 74.469055  0.000008 -0.000000 0.000000
65  -0.002042 -3.169755 2.277848  1.570797 0.000000 -1.570796
66  8.769393 -2.675096 -2.292492  0.000000 0.000000 -0.000000
67  -1.584224 -9.364036 -0.000003  0.000000 -0.000000 0.000000
68  10.555299 -5.113578 -0.000004  -1.570797 1.570795 0.000000
69  6.464090 -5.113576 -0.000005  -1.570795 1.570796 0.000000
70  7.053375 -1.968537 2.001230  -1.570796 1.570796 0.000000
71  26.793743 -5.113577 -0.000001  0.000000 -0.000000 -0.000000
72  -2.662413 1.445765 40.667953  0.000000 3.141592 1.570797
73  8.352065 2.772895 0.000544  -3.141589 0.000002 0.000000
74  0.001265 21.193815 -3.302072  0.000000 -0.000000 0.000000
75  0.059869 -33.068920 1.081966  1.570797 0.000000 -1.570796
76  0.064640 27.351301 72.195190  0.000000 -0.000000 -0.000001
77  -0.000000 -0.000004 -0.000001  0.000000 -0.000000 -0.000000
78  -0.000001 -0.000001 -0.000001  0.000000 -0.000000 -0.000000
79  1.907178 17.681799 0.736565  0.000001 -0.000000 0.000000
80  0.059885 2.255348 54.398006  0.000000 -0.000000 0.000000
81  0.003500 -22.270641 0.000150  1.570797 0.000000 -1.570796
82  0.000021 1.724012 -0.208864  0.000001 -0.000000 0.000000
83  -0.007512 0.002856 -0.003933  0.000000 -0.000000 -0.000000
84  -2.307078 11.683282 -6.602218  -0.008091 -0.065405 -1.488515
85  -2.662412 1.445768 33.628738  0.000000 3.141592 1.570797
86  8.352065 2.772896 0.000541  -3.141589 0.000002 0.000000
87  0.006414 -45.818310 0.735914  1.570797 0.000000 -1.570796
88  -0.108381 16.549215 -6.332980  -0.000001 -0.000000 0.000001
89  -0.152044 -0.178993 6.405252  -0.000000 -0.000001 -0.000000
90  0.326862 -0.178992 5.798760  -0.000000 -0.000001 -0.000000
91  0.000001 -0.000005 3.169724  0.000000 -0.000000 -1.570797
92  -0.000000 0.000001 -0.000001  0.000000 -0.000000 -0.000000
93  0.000002 -0.000002 0.000001  0.000000 -0.000000 0.000000
94  22.846476 98.319489 -39.725765  0.000000 -0.000000 -0.000000
95  0.000004 -10.070924 -2.318773  0.000000 -0.000000 0.000000
96  0.000000 0.000001 -1.529050  -0.000000 -0.000000 -0.000000
97  -0.078942 0.000001 0.000001  -0.000000 0.000001 1.570796
98  0.097092 -0.000001 0.000000  0.000000 -3.141592 1.570796
99  0.000005 -13.006135 -2.049217  0.000000 -0.000000 0.000000
100  -0.000000 -0.000000 -0.000001  -0.000000 -0.000000 -0.000000
101  1.754236 4.036760 -1.682666  0.392575 -0.010118 -1.546365
102  -1.755140 4.036760 -1.682667  -0.404674 0.245240 -1.741923
103  -0.000000 0.000001 -0.000001  -0.000000 0.000000 -0.000000
104  -11.350050 -0.729408 0.864870  0.000197 -0.025368 0.026438
105  0.000000 -0.000003 0.000000  -0.000000 0.000000 -0.000000
106  -11.344170 1.135888 0.869269  0.000000 -0.025020 -0.026323
107  0.000002 -3.002980 4.619920  1.570796 -0.000000 1.570797
time 51
0  0 0 0  0 0 0
1  0.000000 0.000000 0.000000  0.000000 -0.000000 -0.000000
2  -0.000005 0.000023 -61.375507  0.000000 0.000000 -1.570795
3  -0.012814 0.000000 8.236240  -1.570819 -1.475889 0.000019
4  16.160965 -0.011392 0.005502  -0.444189 0.000339 -0.187736
5  0.000002 -0.000002 0.000003  -0.169826 0.000122 -0.000010
6  -0.000004 0.000000 -0.000001  -0.037146 -0.048531 0.255807
7  -0.000004 -0.000001 -0.000004  -0.000000 -0.000000 0.076376
8  -0.000001 0.000001 0.000000  0.011658 0.000000 -0.000000
9  -0.000001 0.000002 0.000000  0.023378 -0.000000 -0.000000
10  -0.000002 -0.000000 -0.000001  0.035098 -0.000000 0.000000
11  -0.000001 0.000001 -0.000001  0.046820 -0.000000 -0.000000
12  -0.000002 -0.000001 0.000001  0.058543 -0.000000 0.000000
13  -0.000001 0.000001 0.000002  0.070268 0.000000 0.000000
14  -0.000001 0.000001 0.000002  0.081996 0.000000 0.000000
15  -0.000004 0.000005 -0.000001  0.053506 0.057330 -0.082236
16  -0.000002 0.000000 0.000000  -0.008123 -0.001438 0.006659
17  -0.000003 -0.000001 -0.000000  0.002939 0.001073 0.017397
18  -0.000003 -0.000001 -0.000000  -0.003484 0.001708 0.068738
19  -0.000006 0.000001 0.000002  -0.004432 0.009470 0.030987
20  0.000001 -0.000000 0.000002  -0.000000 0.000000 0.022584
21  0.000002 0.000001 -0.000000  -0.000000 -0.000000 0.040959
22  -0.000010 0.000001 0.000001  -0.011309 0.003151 0.071107
23  0.000002 -0.000001 0.000001  -0.000000 0.000000 0.044561
24  0.000002 -0.000001 0.000001  -0.000000 0.000000 0.042118
25  -0.000006 -0.000000 -0.000000  -0.009469 0.009344 0.064607
26  -0.000001 -0.000001 0.000003  -0.000000 0.000000 0.031801
27  -0.000004 0.000002 -0.000001  -0.000000 -0.000000 0.033023
28  -0.000009 0.000001 0.000000  -0.012944 -0.001542 0.073150
29  0.000001 -0.000001 0.000000  -0.000000 -0.000000 0.050910
30  -0.000001 -0.000000 0.000001  0.000000 0.000000 0.029543
31  -0.000010 -0.000001 -0.000002  0.338291 -0.000241 -0.000041
32  -0.000004 -0.000000 0.000001  0.106028 0.127175 0.096023
33  -0.000004 -0.000003 -0.000002  0.000000 -0.000000 0.275168
34  -0.000010 0.000000 -0.000001  0.023317 -0.000000 -0.000000
35  -0.000010 0.000001 -0.000000  0.046636 0.000000 0.000000
36  -0.000010 0.000003 0.000000  0.069902 -0.000000 -0.000000
37  -0.000010 0.000001 0.000001  0.093237 -0.000000 -0.000000
38  -0.000010 0.000002 0.000001  0.116586 -0.000000 -0.000000
39  -0.000013 0.000006 0.000002  0.139889 -0.000000 -0.000000
40  -0.000013 0.000007 0.000000  0.163211 -0.000000 -0.000000
41  -0.000017 0.000007 -0.000001  0.151883 0.313302 -0.088249
42  1.410075 0.800536 2.089139  -2.043617 -0.463615 0.665928
43  3.954711 0.000004 -0.000005  0.000001 0.000000 0.689326
44  3.101572 -0.000007 -0.000002  0.000000 -0.000000 0.638253
45  0.000006 -0.000000 -0.000002  0.000000 0.000000 0.001465
46  -0.000005 -0.000000 -0.000001  -0.000000 -0.000000 0.001465
47  -0.000002 0.000001 -0.000003  0.000000 -0.000000 0.001465
48  7.145107 -0.676337 1.382426  0.062090 0.270328 0.703671
49  3.672219 0.000006 -0.000002  0.000000 -0.000001 1.498259
50  2.676528 0.000003 0.000003  0.000000 -0.000001 1.006829
51  6.831191 -0.870863 -0.599921  0.231922 0.205741 0.934461
52  3.657086 0.000010 -0.000001  -0.000001 -0.000000 1.453593
53  2.496792 -0.000000 0.000001  0.000001 -0.000001 0.750510
54  6.164483 -0.898147 -2.575018  0.332711 0.188105 0.821957
55  2.805847 -0.000001 -0.000001  -0.000002 0.000001 0.963491
56  2.307450 -0.000000 -0.000003  0.000001 -0.000001 0.990594
57  0.000000 0.000000 -0.000000  0.004750 -0.007880 0.002789
58  0.000000 0.000000 0.000000  0.000000 -0.000000 -0.000000
59  2.077872 -5.814108 -5.300589  0.073880 -0.128228 0.040611
60  2.961693 -5.359861 -5.685568  0.084502 -0.121618 0.053311
61  1.818408 -6.196096 -5.934353  0.073880 -0.128228 0.040611
62  0.660711 -9.405924 5.052882  -0.000000 0.000000 -0.000000
63  0.001271 4.285939 -0.189680  -0.000001 -0.000000 0.000000
64  0.060213 10.324399 74.469055  0.000008 -0.000000 0.000000
65  -0.002042 -3.169755 2.277849  1.570797 0.000000 -1.570796
66  8.769393 -2.675094 -2.292492  -0.000000 0.000000 0.000000
67  -1.584224 -9.364036 -0.000003  -0.000000 -0.000000 0.000000
68  10.555299 -5.113577 -0.000004  -1.570797 1.570795 0.000000
69  6.464090 -5.113576 -0.000005  -1.570795 1.570796 0.000000
70  7.053375 -1.968536 2.001230  -1.570796 1.570796 0.000000
71  26.793743 -5.113575 -0.000001  0.000000 -0.000000 -0.000000
72  -2.662412 1.445766 40.667961  0.000000 3.141592 1.570797
73  8.352066 2.772896 0.000545  -3.141589 0.000002 0.000000
74  0.001265 21.193821 -3.302072  0.000000 -0.000000 0.000000
75  0.059869 -33.068928 1.081968  1.570797 -0.000000 -1.570796
76  0.064642 27.351309 72.195206  -0.000000 -0.000000 -0.000001
77  0.000000 -0.000003 0.000001  -0.000000 -0.000000 -0.000000
78  0.000000 -0.000000 0.000001  -0.000000 -0.000000 -0.000000
79  1.907178 17.681803 0.736566  0.000001 -0.000000 0.000000
80  0.059885 2.255349 54.398010  -0.000000 -0.000000 0.000000
81  0.003501 -22.270641 0.000155  1.570797 -0.000000 -1.570796
82  0.000021 1.724014 -0.208862  0.000001 -0.000000 0.000000
83  -0.185570 0.002857 0.099779  0.012252 0.007434 0.012009
84  -2.307078 11.683284 -6.602220  -0.008091 -0.065405 -1.488515
85  -2.662412 1.445769 33.628746  0.000000 3.141592 1.570797
86  8.352066 2.772895 0.000544  -3.141589 0.000002 0.000000
87  0.006414 -45.818310 0.735916  1.570797 -0.000000 -1.570796
88  -0.108381 16.549217 -6.332980  -0.000001 -0.000000 0.000001
89  -0.152045 -0.178992 6.405252  -0.000000 -0.000001 0.000000
90  0.326862 -0.178990 5.798759  -0.000000 -0.000001 0.000000
91  0.000000 -0.000003 3.169725  0.000000 -0.000000 -1.570797
92  -0.000000 0.000001 0.000001  -0.000000 -0.000000 -0.000000
93  0.000002 -0.000001 0.000001  -0.000000 -0.000000 0.000000
94  22.846474 98.319504 -39.725765  -0.000000 -0.000000 -0.000000
95  0.000004 -10.070926 -2.318773  0.000000 -0.000000 0.000000
96  -0.000000 0.000003 -1.529051  -0.000000 0.000000 -0.000000
97  -0.078942 0.000002 0.000002  0.000000 0.000001 1.570796
98  0.097092 0.000002 0.000000  -0.000000 -3.141592 1.570796
99  0.000004 -13.006137 -2.049216  0.000000 -0.000000 0.000000
100  0.000000 0.000001 -0.000000  -0.000000 0.000000 -0.000000
101  1.754235 4.036757 -1.682667  0.392575 -0.010118 -1.546365
102  -1.755140 4.036757 -1.682667  -0.404674 0.245240 -1.741923
103  -0.000001 -0.000000 -0.000001  0.000000 0.000000 -0.000000
104  -11.350050 -0.729414 0.864871  0.000197 -0.025368 0.026438
105  0.000000 -0.000004 0.000001  0.000000 0.000000 -0.000000
106  -11.344170 1.135887 0.869271  -0.000000 -0.025019 -0.026323
107  0.000002 -3.002981 4.619921  1.570796 -0.000000 1.570797
time 52
0  0 0 0  0 0 0
1  0.000000 0.000000 0.000000  0.000000 -0.000000 -0.000000
2  -0.000005 0.000023 -61.375507  0.000000 0.000000 -1.570795
3  -0.012814 0.000000 8.236240  -1.570819 -1.475889 0.000019
4  16.160965 -0.011392 0.005502  -0.444189 0.000339 -0.187736
5  0.000002 -0.000002 0.000003  -0.144906 0.000061 -0.000004
6  0.000002 0.000000 -0.000001  -0.029762 -0.059653 0.237848
7  -0.000003 -0.000002 -0.000004  -0.000000 -0.000000 0.022096
8  -0.000001 0.000000 0.000000  0.006958 0.000000 -0.000000
9  -0.000001 0.000000 0.000000  0.013978 -0.000000 -0.000000
10  -0.000002 -0.000002 -0.000001  0.020936 -0.000000 0.000000
11  0.000002 -0.000001 -0.000001  0.027956 -0.000000 0.000000
12  0.000002 -0.000003 0.000001  0.034915 0.000000 0.000000
13  0.000002 -0.000001 0.000002  0.041936 0.000000 0.000000
14  -0.000002 -0.000002 0.000002  0.048896 0.000000 0.000000
15  -0.000004 0.000004 0.000000  0.034969 0.062992 -0.016306
16  -0.000000 -0.000000 0.000000  -0.013136 -0.002371 0.010819
17  0.000004 -0.000001 -0.000000  0.004786 0.001764 0.028265
18  -0.000005 -0.000000 0.000000  -0.005647 0.002882 0.111381
19  -0.000000 0.000001 0.000001  -0.007000 0.015440 0.050186
20  -0.000003 -0.000001 0.000001  -0.000000 0.000001 0.036624
21  -0.000001 -0.000001 -0.000001  -0.000000 -0.000000 0.066421
22  -0.000008 0.000000 -0.000000  -0.018207 0.005513 0.115135
23  -0.000003 0.000000 0.000001  -0.000000 0.000000 0.072223
24  -0.000002 -0.000000 0.000000  -0.000000 0.000000 0.068191
25  -0.000004 -0.000001 -0.000001  -0.015022 0.015456 0.104616
26  -0.000002 -0.000000 0.000003  -0.000000 0.000000 0.051582
27  0.000005 0.000001 -0.000001  -0.000000 -0.000000 0.053536
28  -0.000008 0.000001 -0.000000  -0.021034 -0.002054 0.118571
29  -0.000006 -0.000000 0.000001  -0.000000 -0.000000 0.082545
30  0.000001 -0.000001 0.000000  0.000000 0.000000 0.047857
31  -0.000010 -0.000001 -0.000002  0.268268 -0.000182 -0.000025
32  0.000002 0.000001 0.000001  0.082427 0.109074 0.064284
33  -0.000008 -0.000003 -0.000002  0.000000 -0.000000 0.224722
34  -0.000000 0.000000 -0.000002  0.022950 -0.000000 0.000000
35  -0.000000 0.000001 -0.000001  0.045965 0.000000 -0.000000
36  0.000000 0.000003 -0.000000  0.068985 -0.000000 -0.000000
37  -0.000000 0.000002 0.000000  0.091954 -0.000000 -0.000000
38  -0.000000 0.000002 -0.000000  0.114996 -0.000000 -0.000000
39  0.000000 0.000005 0.000002  0.137992 -0.000000 -0.000000
40  -0.000007 0.000007 -0.000001  0.160945 -0.000000 -0.000000
41  -0.000007 0.000007 -0.000001  0.151426 0.265170 -0.058953
42  1.410066 0.800536 2.089142  -2.043617 -0.463615 0.665928
43  3.954713 0.000004 -0.000008  0.000001 0.000000 0.689326
44  3.101572 -0.000007 0.000000  0.000000 -0.000000 0.638253
45  -0.000008 0.000000 0.000000  0.000000 0.000000 0.001281
46  -0.000007 -0.000000 -0.000000  -0.000000 -0.000000 0.001282
47  -0.000007 0.000000 0.000001  0.000000 0.000000 0.001281
48  7.145099 -0.676337 1.382429  0.062090 0.270328 0.703671
49  3.672215 0.000004 0.000000  0.000000 -0.000001 1.498259
50  2.676526 0.000004 0.000002  0.000000 -0.000001 1.006829
51  6.831182 -0.870862 -0.599917  0.231922 0.205741 0.934461
52  3.657088 0.000009 0.000000  -0.000001 -0.000000 1.453593
53  2.496792 -0.000001 0.000004  0.000001 -0.000001 0.750510
54  6.164475 -0.898147 -2.575013  0.332711 0.188105 0.821957
55  2.805847 -0.000001 -0.000001  -0.000002 0.000000 0.963491
56  2.307450 0.000002 -0.000002  0.000001 -0.000001 0.990594
57  0.000000 0.000000 -0.000000  0.005666 -0.008430 0.002540
58  0.000000 0.000000 0.000000  0.000000 -0.000000 -0.000000
59  1.946298 -4.721643 -4.665717  0.088713 -0.137331 0.035358
60  2.667513 -4.264135 -5.199906  0.105822 -0.126996 0.056114
61  1.596043 -5.198448 -5.463116  0.088713 -0.137331 0.035358
62  0.660711 -9.405926 5.052881  -0.000000 0.000000 0.000000
63  0.001271 4.285939 -0.189679  -0.000001 0.000000 0.000000
64  0.060212 10.324396 74.469040  0.000008 0.000000 0.000000
65  -0.002042 -3.169754 2.277849  1.570797 0.000000 -1.570796
66  8.769395 -2.675094 -2.292492  0.000000 0.000000 0.000000
67  -1.584224 -9.364035 -0.000003  0.000000 -0.000000 0.000000
68  10.555297 -5.113577 -0.000004  -1.570797 1.570795 0.000000
69  6.464088 -5.113576 -0.000005  -1.570795 1.570796 0.000000
70  7.053375 -1.968536 2.001230  -1.570796 1.570796 0.000000
71  26.793743 -5.113575 -0.000001  0.000000 -0.000000 0.000000
72  -2.662412 1.445765 40.667957  -0.000000 3.141592 1.570797
73  8.352067 2.772895 0.000547  -3.141589 0.000002 0.000000
74  0.001265 21.193821 -3.302072  0.000000 0.000000 0.000000
75  0.059869 -33.068932 1.081968  1.570797 -0.000000 -1.570796
76  0.064639 27.351305 72.195183  -0.000000 -0.000000 -0.000001
77  -0.000000 -0.000003 0.000000  0.000000 0.000000 0.000000
78  -0.000000 -0.000000 0.000000  0.000000 0.000000 0.000000
79  1.907178 17.681803 0.736566  0.000001 0.000000 0.000000
80  0.059885 2.255348 54.398010  -0.000000 0.000000 0.000000
81  0.003501 -22.270643 0.000151  1.570797 -0.000000 -1.570796
82  0.000021 1.724013 -0.208863  0.000001 0.000000 0.000000
83  -0.312752 -0.033415 0.164600  0.019895 0.012014 0.019531
84  -2.307079 11.683283 -6.602218  -0.008091 -0.065405 -1.488515
85  -2.662412 1.445769 33.628742  -0.000000 3.141592 1.570797
86  8.352065 2.772895 0.000545  -3.141589 0.000002 0.000000
87  0.006414 -45.818314 0.735915  1.570797 -0.000000 -1.570796
88  -0.108381 16.549215 -6.332980  -0.000001 0.000000 0.000001
89  -0.152044 -0.178990 6.405252  -0.000000 -0.000001 0.000000
90  0.326862 -0.178990 5.798759  -0.000000 -0.000001 0.000000
91  0.000000 -0.000002 3.169725  0.000000 -0.000000 -1.570797
92  -0.000000 0.000000 0.000001  0.000000 0.000000 0.000000
93  0.000002 -0.000002 0.000001  0.000000 0.000000 0.000000
94  22.846478 98.319496 -39.725758  0.000000 0.000000 0.000000
95  0.000004 -10.070925 -2.318773  0.000000 0.000000 0.000000
96  -0.000000 -0.000001 -1.529051  -0.000000 0.000000 0.000000
97  -0.078942 -0.000000 0.000001  0.000000 0.000001 1.570796
98  0.097092 -0.000001 0.000001  -0.000000 -3.141592 1.570796
99  0.000004 -13.006135 -2.049216  0.000000 0.000000 0.000000
100  0.000000 -0.000003 0.000000  -0.000000 0.000000 0.000000
101  1.754236 4.036757 -1.682666  0.392575 -0.010118 -1.546365
102  -1.755140 4.036757 -1.682666  -0.404674 0.245240 -1.741923
103  -0.000000 -0.000002 0.000000  -0.000000 0.000000 0.000000
104  -11.350049 -0.729413 0.864871  0.000197 -0.025368 0.026438
105  0.000000 -0.000006 0.000002  -0.000000 0.000000 0.000000
106  -11.344170 1.135887 0.869271  -0.000000 -0.025019 -0.026323
107  0.000002 -3.002980 4.619921  1.570796 -0.000000 1.570797
time 53
0  0 0 0  0 0 0
1  0.000000 0.000000 0.000000  0.000000 -0.000000 -0.000000
2  -0.000005 0.000023 -61.375507  0.000000 0.000000 -1.570795
3  -0.012814 0.000000 8.236240  -1.570819 -1.475889 0.000019
4  16.160965 -0.011392 0.005502  -0.444189 0.000339 -0.187736
5  0.000002 -0.000002 0.000003  -0.122089 0.000061 -0.000004
6  0.000003 0.000000 0.000000  -0.020817 -0.064885 0.212934
7  -0.000000 -0.000001 -0.000004  -0.000000 -0.000000 -0.020936
8  0.000005 0.000001 0.000000  0.001831 0.000000 -0.000000
9  0.000005 0.000001 -0.000000  0.003723 -0.000000 -0.000000
10  0.000005 -0.000001 -0.000001  0.005615 -0.000000 0.000000
11  0.000005 0.000000 -0.000001  0.007508 -0.000000 -0.000000
12  0.000005 -0.000003 0.000001  0.009339 -0.000000 0.000000
13  0.000005 -0.000000 0.000002  0.011231 0.000000 0.000000
14  0.000005 -0.000001 0.000002  0.013123 0.000000 0.000000
15  -0.000002 0.000005 -0.000001  0.014016 0.050951 0.030033
16  -0.000002 0.000001 -0.000000  -0.015583 -0.002769 0.012840
17  0.000006 -0.000000 -0.000001  0.005650 0.002042 0.033456
18  -0.000000 -0.000001 -0.000000  -0.006681 0.003500 0.131986
19  -0.000002 0.000002 0.000001  -0.008247 0.018382 0.059447
20  0.000000 0.000000 0.000001  -0.000000 0.000000 0.043400
21  -0.000006 0.000001 -0.000001  -0.000000 -0.000000 0.078697
22  -0.000002 -0.000000 0.000000  -0.021561 0.006796 0.136459
23  -0.000001 -0.000001 0.000002  -0.000000 0.000000 0.085600
24  -0.000002 0.000001 0.000000  -0.000000 -0.000000 0.080835
25  0.000002 -0.000000 -0.000000  -0.017630 0.018463 0.123954
26  -0.000002 0.000000 0.000003  -0.000000 0.000000 0.061107
27  0.000001 0.000002 -0.000001  0.000000 -0.000000 0.063428
28  -0.000002 0.000001 0.000000  -0.024934 -0.002161 0.140539
29  -0.000005 0.000000 0.000001  -0.000000 -0.000000 0.097820
30  0.000001 0.000001 0.000000  0.000000 0.000000 0.056772
31  -0.000010 -0.000001 -0.000002  0.200108 -0.000122 -0.000012
32  0.000003 0.000000 0.000002  0.058889 0.091587 0.039317
33  -0.000006 -0.000003 -0.000002  0.000000 -0.000000 0.170929
34  0.000001 -0.000001 -0.000001  0.020020 -0.000000 0.000000
35  0.000001 -0.000000 -0.000001  0.040043 0.000000 -0.000000
36  -0.000002 0.000003 -0.000001  0.060069 -0.000000 -0.000000
37  0.000001 0.000001 0.000001  0.080102 -0.000000 -0.000000
38  -0.000002 0.000002 -0.000001  0.100142 -0.000000 -0.000000
39  -0.000002 0.000005 0.000002  0.120132 -0.000000 -0.000000
40  -0.000002 0.000005 -0.000000  0.140195 -0.000000 -0.000000
41  -0.000006 0.000004 -0.000001  0.129789 0.204746 -0.035043
42  1.410075 0.800536 2.089138  -2.043617 -0.463615 0.665928
43  3.954713 0.000004 -0.000006  0.000001 0.000000 0.689326
44  3.101572 -0.000005 -0.000002  0.000000 -0.000000 0.638253
45  0.000006 0.000000 -0.000002  0.000000 0.000000 0.000976
46  0.000002 0.000000 -0.000001  -0.000000 -0.000000 0.000976
47  0.000002 0.000000 -0.000001  0.000000 0.000000 0.000976
48  7.145106 -0.676337 1.382427  0.062090 0.270328 0.703671
49  3.672219 0.000001 -0.000001  0.000000 -0.000001 1.498259
50  2.676528 0.000002 0.000002  0.000000 -0.000001 1.006829
51  6.831188 -0.870862 -0.599920  0.231922 0.205741 0.934461
52  3.657086 0.000012 -0.000004  -0.000001 -0.000000 1.453593
53  2.496793 -0.000002 0.000003  0.000001 -0.000001 0.750510
54  6.164481 -0.898147 -2.575018  0.332711 0.188105 0.821957
55  2.805845 0.000000 0.000000  -0.000002 0.000001 0.963491
56  2.307449 0.000000 0.000002  0.000001 -0.000001 0.990594
57  0.000000 0.000000 -0.000000  0.005913 -0.007514 0.002114
58  0.000000 0.000000 0.000000  0.000000 -0.000000 -0.000000
59  1.663654 -3.608762 -3.946992  0.093916 -0.121643 0.029050
60  2.192298 -3.168409 -4.633292  0.114594 -0.109607 0.053659
61  1.333246 -4.122726 -4.830666  0.093917 -0.121582 0.029053
62  0.660711 -9.405924 5.052881  -0.000000 0.000000 0.000000
63  0.001271 4.285938 -0.189680  -0.000001 0.000000 0.000000
64  0.060211 10.324396 74.469040  0.000008 0.000000 0.000000
65  -0.002042 -3.169755 2.277848  1.570797 0.000000 -1.570796
66  8.769396 -2.675095 -2.292492  0.000000 0.000000 0.000000
67  -1.584224 -9.364035 -0.000003  0.000000 -0.000000 0.000000
68  10.555300 -5.113577 -0.000004  -1.570797 1.570795 0.000000
69  6.464089 -5.113576 -0.000005  -1.570795 1.570796 0.000000
70  7.053376 -1.968537 2.001230  -1.570796 1.570796 0.000000
71  26.793745 -5.113575 -0.000001  0.000000 -0.000000 0.000000
72  -2.662412 1.445765 40.667953  -0.000000 3.141592 1.570797
73  8.352067 2.772896 0.000540  -3.141589 0.000002 -0.000000
74  0.001265 21.193819 -3.302072  0.000000 0.000000 0.000000
75  0.059869 -33.068932 1.081968  1.570797 -0.000000 -1.570796
76  0.064639 27.351305 72.195190  -0.000000 -0.000000 -0.000001
77  -0.000000 -0.000004 -0.000001  -0.000000 0.000000 -0.000000
78  -0.000000 0.000000 -0.000000  -0.000000 0.000000 -0.000000
79  1.907177 17.681803 0.736566  0.000001 0.000000 0.000000
80  0.059885 2.255348 54.398010  -0.000000 0.000000 0.000000
81  0.003500 -22.270643 0.000154  1.570797 0.000000 -1.570796
82  0.000021 1.724013 -0.208862  0.000001 0.000000 0.000000
83  -0.363625 -0.033416 0.197010  0.023606 0.014194 0.023181
84  -2.307079 11.683283 -6.602219  -0.008091 -0.065405 -1.488515
85  -2.662412 1.445767 33.628742  -0.000000 3.141592 1.570797
86  8.352067 2.772895 0.000542  -3.141589 0.000002 -0.000000
87  0.006414 -45.818314 0.735915  1.570797 -0.000000 -1.570796
88  -0.108381 16.549217 -6.332979  -0.000001 -0.000000 0.000001
89  -0.152044 -0.178990 6.405252  -0.000000 -0.000001 0.000000
90  0.326862 -0.178989 5.798760  -0.000000 -0.000001 0.000000
91  0.000000 -0.000003 3.169725  0.000000 -0.000000 -1.570797
92  -0.000000 0.000000 -0.000000  -0.000000 0.000000 -0.000000
93  0.000002 -0.000006 0.000001  -0.000000 -0.000000 0.000000
94  22.846474 98.319496 -39.725761  -0.000000 0.000000 -0.000000
95  0.000004 -10.070924 -2.318772  0.000000 0.000000 0.000000
96  -0.000000 0.000000 -1.529052  -0.000000 -0.000000 -0.000000
97  -0.078942 0.000000 0.000001  -0.000000 0.000001 1.570796
98  0.097092 0.000001 0.000000  0.000000 -3.141592 1.570796
99  0.000004 -13.006137 -2.049217  0.000000 0.000000 0.000000
100  -0.000000 0.000002 -0.000000  -0.000000 -0.000000 -0.000000
101  1.754235 4.036757 -1.682665  0.392575 -0.010118 -1.546365
102  -1.755140 4.036757 -1.682667  -0.404674 0.245240 -1.741923
103  -0.000001 -0.000001 -0.000000  -0.000000 -0.000000 0.000000
104  -11.350050 -0.729413 0.864872  0.000197 -0.025368 0.026438
105  -0.000000 -0.000004 0.000001  -0.000000 -0.000000 0.000000
106  -11.344171 1.135889 0.869270  -0.000000 -0.025020 -0.026323
107  0.000002 -3.002981 4.619920  1.570796 -0.000000 1.570797
time 54
0  0 0 0  0 0 0
1  0.000000 0.000000 0.000000  0.000000 -0.000000 -0.000000
2  -0.000005 0.000023 -61.375507  0.000000 0.000000 -1.570795
3  -0.012814 0.000000 8.236240  -1.570819 -1.475889 0.000019
4  16.160965 -0.011392 0.005502  -0.444189 0.000339 -0.187736
5  0.000002 -0.000002 0.000003  -0.101365 0.000061 -0.000003
6  0.000007 0.000001 -0.000001  -0.010368 -0.064653 0.179816
7  -0.000005 -0.000001 -0.000003  -0.000000 -0.000000 -0.048590
8  0.000001 0.000000 0.000000  -0.003052 0.000000 -0.000000
9  0.000001 0.000001 -0.000000  -0.006104 -0.000000 -0.000000
10  0.000001 -0.000001 -0.000001  -0.009156 -0.000000 0.000000
11  0.000001 0.000000 -0.000001  -0.012207 -0.000000 -0.000000
12  0.000001 -0.000002 0.000001  -0.015259 -0.000000 0.000000
13  0.000001 -0.000000 0.000002  -0.018311 0.000000 0.000000
14  0.000001 -0.000001 0.000002  -0.021363 0.000000 0.000000
15  -0.000006 0.000006 -0.000000  -0.009034 0.019792 0.055892
16  0.000003 -0.000000 0.000000  -0.015950 -0.002825 0.013085
17  0.000001 -0.000002 -0.000000  0.005774 0.002099 0.034188
18  0.000005 -0.000001 -0.000000  -0.006794 0.003579 0.134800
19  -0.000001 0.000000 0.000001  -0.008408 0.018758 0.060666
20  0.000000 -0.000001 0.000001  -0.000000 0.000000 0.044316
21  -0.000003 -0.000000 -0.000000  -0.000000 -0.000000 0.080347
22  -0.000001 -0.000001 0.000000  -0.021969 0.006979 0.139332
23  -0.000004 -0.000001 0.000001  -0.000000 0.000000 0.087433
24  -0.000003 0.000001 0.000001  -0.000000 0.000000 0.082545
25  -0.000001 -0.000001 -0.000000  -0.018009 0.018878 0.126577
26  -0.000002 0.000000 0.000003  -0.000000 0.000000 0.062390
27  -0.000002 0.000001 -0.000001  -0.000000 -0.000000 0.064772
28  -0.000000 0.000000 -0.000000  -0.025429 -0.002150 0.143477
29  -0.000003 -0.000000 0.000001  -0.000000 -0.000000 0.099837
30  0.000002 -0.000001 -0.000000  0.000000 0.000000 0.057932
31  -0.000010 -0.000001 -0.000002  0.136463 -0.000061 -0.000004
32  0.000001 0.000000 0.000001  0.036475 0.074351 0.021517
33  0.000002 -0.000003 -0.000001  0.000000 -0.000000 0.118603
34  0.000004 -0.000001 -0.000002  0.014283 -0.000000 0.000000
35  0.000000 -0.000000 -0.000002  0.028627 0.000000 -0.000000
36  0.000004 0.000002 -0.000000  0.042973 -0.000000 -0.000000
37  0.000000 0.000001 -0.000000  0.057322 -0.000000 -0.000000
38  0.000004 0.000001 -0.000000  0.071612 -0.000000 -0.000000
39  0.000004 0.000004 0.000002  0.085966 -0.000000 -0.000000
40  0.000000 0.000006 -0.000000  0.100326 -0.000000 -0.000000
41  0.000000 0.000005 -0.000001  0.089750 0.134198 -0.018644
42  1.410070 0.800536 2.089141  -2.043617 -0.463615 0.665928
43  3.954713 0.000005 -0.000006  0.000001 0.000000 0.689326
44  3.101570 -0.000007 0.000001  0.000000 -0.000000 0.638253
45  -0.000005 0.000000 -0.000001  0.000000 0.000000 0.000610
46  -0.000005 0.000000 0.000001  -0.000000 -0.000000 0.000610
47  0.000001 0.000000 -0.000000  0.000000 0.000000 0.000641
48  7.145098 -0.676337 1.382428  0.062090 0.270328 0.703671
49  3.672218 0.000000 0.000002  0.000000 -0.000001 1.498259
50  2.676528 0.000001 0.000003  0.000000 -0.000001 1.006829
51  6.831183 -0.870862 -0.599918  0.231922 0.205741 0.934461
52  3.657085 0.000008 -0.000001  -0.000001 -0.000000 1.453593
53  2.496789 0.000000 0.000002  0.000001 -0.000001 0.750510
54  6.164475 -0.898146 -2.575016  0.332711 0.188105 0.821957
55  2.805847 0.000000 -0.000002  -0.000002 0.000001 0.963491
56  2.307449 0.000001 -0.000003  0.000001 -0.000001 0.990594
57  0.000000 0.000000 -0.000000  0.005611 -0.005071 0.001573
58  0.000000 0.000000 0.000000  0.000000 -0.000000 -0.000000
59  1.234814 -2.536716 -3.192332  0.089225 -0.082342 0.022250
60  1.513421 -2.166597 -4.026212  0.111303 -0.069970 0.047243
61  1.040129 -3.029652 -4.086607  0.089225 -0.082342 0.022250
62  0.660711 -9.405926 5.052881  -0.000000 0.000000 0.000000
63  0.001271 4.285938 -0.189680  -0.000001 0.000000 0.000000
64  0.060211 10.324396 74.469048  0.000008 0.000000 0.000000
65  -0.002042 -3.169755 2.277848  1.570797 0.000000 -1.570796
66  8.769394 -2.675095 -2.292492  -0.000000 0.000000 -0.000000
67  -1.584224 -9.364035 -0.000003  -0.000000 -0.000000 0.000000
68  10.555298 -5.113577 -0.000004  -1.570797 1.570795 0.000000
69  6.464089 -5.113577 -0.000005  -1.570795 1.570796 0.000000
70  7.053375 -1.968537 2.001230  -1.570796 1.570796 0.000000
71  26.793741 -5.113576 -0.000001  0.000000 -0.000000 -0.000000
72  -2.662413 1.445765 40.667957  -0.000000 3.141592 1.570797
73  8.352065 2.772895 0.000536  -3.141589 0.000002 0.000000
74  0.001265 21.193819 -3.302073  0.000000 0.000000 0.000000
75  0.059869 -33.068932 1.081968  1.570797 -0.000000 -1.570796
76  0.064640 27.351305 72.195206  -0.000000 -0.000000 -0.000001
77  0.000000 -0.000002 -0.000000  -0.000000 0.000000 -0.000000
78  -0.000000 0.000002 -0.000001  -0.000000 0.000000 -0.000000
79  1.907178 17.681803 0.736565  0.000001 0.000000 0.000000
80  0.059885 2.255348 54.398010  -0.000000 0.000000 0.000000
81  0.003501 -22.270641 0.000157  1.570797 -0.000000 -1.570796
82  0.000021 1.724012 -0.208863  0.000001 0.000000 0.000000
83  -0.363625 -0.033416 0.197010  0.024101 0.014488 0.023677
84  -2.307079 11.683282 -6.602220  -0.008091 -0.065405 -1.488515
85  -2.662412 1.445768 33.628742  -0.000000 3.141592 1.570797
86  8.352066 2.772895 0.000545  -3.141589 0.000002 0.000000
87  0.006414 -45.818314 0.735915  1.570797 -0.000000 -1.570796
88  -0.108381 16.549215 -6.332980  -0.000001 -0.000000 0.000001
89  -0.152044 -0.178989 6.405251  -0.000000 -0.000001 -0.000000
90  0.326862 -0.178988 5.798759  -0.000000 -0.000001 -0.000000
91  0.000001 -0.000001 3.169724  0.000000 -0.000000 -1.570797
92  -0.000000 0.000001 0.000000  -0.000000 0.000000 -0.000000
93  0.000002 -0.000004 0.000001  -0.000000 0.000000 0.000000
94  22.846476 98.319496 -39.725765  -0.000000 0.000000 -0.000000
95  0.000004 -10.070926 -2.318773  0.000000 0.000000 0.000000
96  -0.000000 -0.000001 -1.529051  -0.000000 0.000000 -0.000000
97  -0.078942 0.000000 0.000000  0.000000 0.000001 1.570796
98  0.097092 -0.000000 -0.000001  -0.000000 -3.141592 1.570796
99  0.000005 -13.006137 -2.049217  0.000000 0.000000 0.000000
100  -0.000000 0.000001 0.000000  -0.000000 0.000000 -0.000000
101  1.754236 4.036759 -1.682666  0.392575 -0.010118 -1.546365
102  -1.755140 4.036759 -1.682665  -0.404674 0.245240 -1.741923
103  -0.000000 0.000000 0.000000  -0.000000 0.000000 -0.000000
104  -11.350048 -0.729411 0.864871  0.000197 -0.025368 0.026438
105  -0.000000 -0.000004 0.000001  -0.000000 0.000000 -0.000000
106  -11.344169 1.135888 0.869270  0.000000 -0.025019 -0.026323
107  0.000002 -3.002981 4.619921  1.570796 -0.000000 1.570797
time 55
0  0 0 0  0 0 0
1  0.000000 0.000000 0.000000  0.000000 -0.000000 -0.000000
2  -0.000005 0.000023 -61.375507  0.000000 0.000000 -1.570795
3  -0.012814 0.000000 8.236240  -1.570819 -1.475889 0.000019
4  16.160965 -0.011392 0.005502  -0.444189 0.000339 -0.187736
5  0.000002 -0.000002 0.000003  -0.082484 0.000061 -0.000002
6  0.000004 0.000000 -0.000001  -0.000324 -0.059586 0.142103
7  -0.000011 -0.000001 -0.000004  -0.000000 -0.000000 -0.063245
8  -0.000001 0.000001 0.000000  -0.006897 0.000000 -0.000000
9  0.000003 0.000001 0.000000  -0.013856 -0.000000 -0.000000
10  -0.000001 -0.000001 -0.000001  -0.020814 -0.000000 0.000000
11  -0.000001 0.000000 -0.000001  -0.027712 -0.000000 -0.000000
12  -0.000001 -0.000002 0.000001  -0.034671 -0.000000 0.000000
13  -0.000001 -0.000000 0.000002  -0.041630 0.000000 0.000000
14  -0.000001 -0.000001 0.000002  -0.048590 0.000000 0.000000
15  -0.000009 0.000007 0.000000  -0.029708 -0.020875 0.066680
16  -0.000004 -0.000001 0.000001  -0.014604 -0.002598 0.011982
17  -0.000008 -0.000001 -0.000000  0.005280 0.001932 0.031379
18  0.000003 -0.000000 -0.000000  -0.006223 0.003199 0.123731
19  -0.000004 0.000000 0.000001  -0.007764 0.017192 0.055731
20  -0.000003 -0.000000 0.000002  -0.000000 0.000001 0.040714
21  0.000001 -0.000000 -0.000000  -0.000000 -0.000000 0.073750
22  -0.000012 -0.000001 0.000001  -0.020208 0.006310 0.127965
23  -0.000003 -0.000002 0.000001  -0.000000 0.000000 0.080285
24  0.000003 -0.000001 0.000000  -0.000000 0.000000 0.075764
25  -0.000008 -0.000001 0.000000  -0.016607 0.017230 0.116268
26  -0.000002 -0.000001 0.000003  -0.000000 0.000000 0.057321
27  -0.000003 0.000001 -0.000001  -0.000000 -0.000000 0.059459
28  -0.000012 0.000001 0.000000  -0.023385 -0.002128 0.131725
29  0.000000 -0.000000 0.000000  -0.000000 -0.000000 0.091648
30  -0.000004 -0.000001 0.000001  0.000000 0.000000 0.053230
31  -0.000010 -0.000001 -0.000002  0.080102 -0.000061 -0.000002
32  -0.000004 0.000001 0.000001  0.016528 0.057242 0.009938
33  -0.000007 -0.000003 -0.000001  0.000000 -0.000000 0.071185
34  -0.000001 -0.000000 -0.000001  0.007019 -0.000000 0.000000
35  -0.000001 -0.000000 -0.000001  0.014100 0.000000 -0.000000
36  -0.000001 0.000002 -0.000000  0.021119 -0.000000 -0.000000
37  -0.000001 0.000001 0.000000  0.028200 -0.000000 -0.000000
38  -0.000005 0.000002 -0.000001  0.035281 -0.000000 -0.000000
39  -0.000005 0.000005 0.000002  0.042302 -0.000000 -0.000000
40  -0.000005 0.000006 -0.000000  0.049384 -0.000000 -0.000000
41  -0.000005 0.000005 0.000000  0.042561 0.061722 -0.008092
42  1.410069 0.800536 2.089141  -2.043617 -0.463615 0.665928
43  3.954718 0.000003 -0.000006  0.000001 0.000000 0.689326
44  3.101572 -0.000007 -0.000002  0.000000 -0.000000 0.638253
45  -0.000006 0.000000 -0.000001  0.000000 0.000000 0.000305
46  -0.000006 0.000000 -0.000001  -0.000000 -0.000000 0.000305
47  -0.000002 -0.000000 -0.000000  0.000000 0.000000 0.000305
48  7.145105 -0.676337 1.382429  0.062090 0.270328 0.703671
49  3.672218 0.000000 0.000002  0.000000 -0.000001 1.498259
50  2.676528 0.000001 0.000001  0.000000 -0.000001 1.006829
51  6.831185 -0.870863 -0.599918  0.231922 0.205741 0.934461
52  3.657086 0.000011 -0.000001  -0.000001 -0.000000 1.453593
53  2.496791 0.000000 0.000004  0.000001 -0.000001 0.750510
54  6.164477 -0.898147 -2.575016  0.332711 0.188105 0.821957
55  2.805847 -0.000000 -0.000001  -0.000002 0.000001 0.963491
56  2.307450 0.000003 -0.000001  0.000001 -0.000001 0.990594
57  0.000000 0.000000 -0.000000  0.004760 -0.001895 0.001033
58  0.000000 0.000000 0.000000  0.000000 -0.000000 -0.000000
59  0.737751 -1.546349 -2.425693  0.076815 -0.031326 0.015596
60  0.766655 -1.290021 -3.365165  0.098261 -0.019672 0.038331
61  0.747010 -1.988628 -3.268142  0.076815 -0.031326 0.015596
62  0.660711 -9.405927 5.052881  -0.000000 0.000000 -0.000000
63  0.001271 4.285938 -0.189680  -0.000001 -0.000000 0.000000
64  0.060211 10.324395 74.469048  0.000008 -0.000000 0.000000
65  -0.002042 -3.169755 2.277848  1.570797 0.000000 -1.570796
66  8.769395 -2.675095 -2.292492  -0.000000 0.000000 0.000000
67  -1.584224 -9.364035 -0.000004  -0.000000 -0.000000 0.000000
68  10.555298 -5.113577 -0.000004  -1.570797 1.570795 0.000000
69  6.464088 -5.113576 -0.000005  -1.570795 1.570796 0.000000
70  7.053375 -1.968536 2.001230  -1.570796 1.570796 0.000000
71  26.793741 -5.113575 -0.000001  0.000000 -0.000000 0.000000
72  -2.662413 1.445765 40.667957  0.000000 3.141592 1.570797
73  8.352067 2.772896 0.000541  -3.141589 0.000002 -0.000000
74  0.001265 21.193819 -3.302073  0.000000 -0.000000 0.000000
75  0.059869 -33.068932 1.081967  1.570797 -0.000000 -1.570796
76  0.064640 27.351307 72.195206  -0.000000 -0.000000 -0.000001
77  -0.000000 -0.000004 0.000000  -0.000000 -0.000000 0.000000
78  -0.000000 -0.000000 -0.000001  -0.000000 -0.000000 0.000000
79  1.907178 17.681803 0.736565  0.000001 -0.000000 0.000000
80  0.059885 2.255348 54.398014  -0.000000 -0.000000 0.000000
81  0.003500 -22.270641 0.000154  1.570797 -0.000000 -1.570796
82  0.000021 1.724012 -0.208863  0.000001 -0.000000 0.000000
83  -0.338189 -0.033417 0.184045  0.022120 0.013312 0.021696
84  -2.307079 11.683284 -6.602220  -0.008091 -0.065405 -1.488515
85  -2.662412 1.445767 33.628746  0.000000 3.141592 1.570797
86  8.352066 2.772896 0.000543  -3.141589 0.000002 -0.000000
87  0.006414 -45.818317 0.735916  1.570797 -0.000000 -1.570796
88  -0.108381 16.549219 -6.332981  -0.000001 -0.000000 0.000001
89  -0.152044 -0.178990 6.405252  -0.000000 -0.000001 -0.000000
90  0.326862 -0.178989 5.798759  -0.000000 -0.000001 -0.000000
91  0.000000 -0.000003 3.169725  -0.000000 -0.000000 -1.570797
92  -0.000000 -0.000000 -0.000000  -0.000000 -0.000000 0.000000
93  0.000002 -0.000005 0.000000  -0.000000 0.000000 0.000000
94  22.846478 98.319504 -39.725765  -0.000000 -0.000000 0.000000
95  0.000004 -10.070927 -2.318773  0.000000 -0.000000 0.000000
96  -0.000000 0.000001 -1.529051  -0.000000 0.000000 0.000000
97  -0.078942 0.000002 0.000000  0.000000 0.000001 1.570796
98  0.097092 0.000001 -0.000001  -0.000000 -3.141592 1.570796
99  0.000005 -13.006139 -2.049217  0.000000 -0.000000 0.000000
100  -0.000000 -0.000000 -0.000000  -0.000000 0.000000 0.000000
101  1.754236 4.036759 -1.682666  0.392575 -0.010118 -1.546365
102  -1.755140 4.036758 -1.682666  -0.404674 0.245240 -1.741923
103  -0.000001 0.000000 -0.000000  -0.000000 0.000000 0.000000
104  -11.350050 -0.729411 0.864871  0.000197 -0.025368 0.026438
105  -0.000000 -0.000003 0.000001  -0.000000 0.000000 0.000000
106  -11.344171 1.135888 0.869271  0.000000 -0.025020 -0.026323
107  0.000002 -3.002982 4.619920  1.570796 -0.000000 1.570797
time 56
0  0 0 0  0 0 0
1  0.000000 0.000000 0.000000  0.000000 -0.000000 -0.000000
2  -0.000005 0.000023 -61.375507  0.000000 0.000000 -1.570795
3  -0.012814 0.000000 8.236240  -1.570819 -1.475889 0.000019
4  16.160965 -0.011392 0.005502  -0.444189 0.000339 -0.187736
5  0.000002 -0.000002 0.000003  -0.065260 0.000000 0.000000
6  0.000002 0.000000 -0.000001  0.007708 -0.050524 0.103771
7  0.000000 -0.000001 -0.000004  -0.000000 -0.000000 -0.068069
8  -0.000002 0.000001 0.000000  -0.009278 0.000000 -0.000000
9  -0.000002 0.000001 0.000000  -0.018617 -0.000000 -0.000000
10  -0.000002 -0.000001 -0.000001  -0.027895 -0.000000 0.000000
11  -0.000002 0.000001 -0.000001  -0.037235 -0.000000 -0.000000
12  -0.000002 -0.000002 0.000001  -0.046576 -0.000000 0.000000
13  0.000002 -0.000000 0.000002  -0.055856 0.000000 0.000000
14  -0.000002 -0.000001 0.000002  -0.065199 0.000000 0.000000
15  -0.000006 0.000005 -0.000001  -0.043660 -0.060912 0.067186
16  0.000004 -0.000000 0.000000  -0.012158 -0.002198 0.010024
17  -0.000000 -0.000001 -0.000000  0.004415 0.001590 0.026128
18  -0.000003 -0.000000 0.000000  -0.005241 0.002654 0.103131
19  -0.000000 0.000001 0.000001  -0.006505 0.014316 0.046469
20  -0.000002 -0.000000 0.000001  -0.000000 0.000001 0.033877
21  -0.000003 -0.000000 -0.000000  -0.000000 -0.000000 0.061474
22  -0.000008 -0.000000 0.000001  -0.016906 0.005059 0.106644
23  -0.000003 -0.000002 0.000001  -0.000000 0.000000 0.066848
24  -0.000003 -0.000001 0.000001  -0.000000 0.000000 0.063183
25  -0.000000 -0.000001 -0.000000  -0.013976 0.014244 0.096870
26  -0.000003 -0.000001 0.000003  -0.000000 0.000000 0.047735
27  -0.000001 0.000001 -0.000000  -0.000000 -0.000000 0.049567
28  -0.000008 0.000001 0.000000  -0.019426 -0.001989 0.109763
29  0.000005 0.000000 0.000000  -0.000000 -0.000000 0.076376
30  0.000003 -0.000000 0.000000  0.000000 0.000000 0.044316
31  -0.000010 -0.000001 -0.000002  0.033694 -0.000000 0.000000
32  0.000002 0.000001 0.000000  0.000258 0.040714 0.003668
33  0.000000 -0.000003 -0.000002  0.000000 -0.000000 0.030947
34  -0.000000 -0.000001 -0.000001  -0.000427 -0.000000 0.000000
35  -0.000000 -0.000000 -0.000001  -0.000916 0.000000 -0.000000
36  -0.000001 0.000002 -0.000000  -0.001404 -0.000000 -0.000000
37  -0.000001 0.000001 0.000000  -0.001892 -0.000000 -0.000000
38  -0.000004 0.000002 -0.000001  -0.002319 -0.000000 -0.000000
39  -0.000001 0.000005 0.000002  -0.002808 -0.000000 -0.000000
40  -0.000005 0.000005 -0.000000  -0.003296 -0.000000 -0.000000
41  -0.000005 0.000005 -0.000001  -0.001460 -0.003786 -0.002317
42  1.410072 0.800536 2.089140  -2.043617 -0.463615 0.665928
43  3.954716 0.000007 -0.000007  0.000001 0.000000 0.689326
44  3.101567 -0.000006 -0.000001  0.000000 -0.000000 0.638253
45  -0.000005 0.000000 -0.000001  0.000000 0.000000 0.000061
46  -0.000001 0.000000 -0.000000  -0.000000 -0.000000 0.000061
47  -0.000005 -0.000000 -0.000000  0.000000 0.000000 0.000061
48  7.145103 -0.676337 1.382428  0.062090 0.270328 0.703671
49  3.672216 0.000002 0.000000  0.000000 -0.000001 1.498259
50  2.676528 0.000002 0.000001  0.000000 -0.000001 1.006829
51  6.831190 -0.870862 -0.599918  0.231922 0.205741 0.934461
52  3.657087 0.000009 -0.000002  -0.000001 -0.000000 1.453593
53  2.496791 -0.000000 0.000002  0.000001 -0.000001 0.750510
54  6.164479 -0.898147 -2.575016  0.332711 0.188105 0.821957
55  2.805846 0.000000 -0.000000  -0.000002 0.000001 0.963491
56  2.307449 0.000001 -0.000001  0.000001 -0.000001 0.990594
57  0.000000 0.000000 -0.000000  0.003663 0.001220 0.000552
58  0.000000 0.000000 0.000000  0.000000 -0.000000 -0.000000
59  0.245561 -0.688714 -1.683010  0.059252 0.019683 0.009621
60  0.065151 -0.507356 -2.636668  0.078036 0.029745 0.028347
61  0.474108 -1.043034 -2.437277  0.059252 0.019683 0.009621
62  0.660711 -9.405924 5.052881  0.000000 0.000000 0.000000
63  0.001271 4.285939 -0.189680  -0.000001 0.000000 0.000000
64  0.060211 10.324396 74.469048  0.000008 0.000000 0.000000
65  -0.002042 -3.169755 2.277848  1.570797 0.000000 -1.570796
66  8.769394 -2.675095 -2.292492  -0.000000 0.000000 -0.000000
67  -1.584223 -9.364033 -0.000003  0.000000 -0.000000 0.000000
68  10.555298 -5.113576 -0.000004  -1.570797 1.570795 0.000000
69  6.464089 -5.113576 -0.000005  -1.570795 1.570796 0.000000
70  7.053375 -1.968536 2.001230  -1.570796 1.570796 0.000000
71  26.793743 -5.113575 -0.000001  0.000000 -0.000000 -0.000000
72  -2.662412 1.445765 40.667961  -0.000000 3.141592 1.570797
73  8.352065 2.772895 0.000545  -3.141589 0.000002 0.000000
74  0.001265 21.193821 -3.302073  0.000000 0.000000 0.000000
75  0.059869 -33.068932 1.081967  1.570797 0.000000 -1.570796
76  0.064640 27.351305 72.195190  0.000000 -0.000000 -0.000001
77  -0.000000 -0.000002 -0.000001  0.000000 0.000000 0.000000
78  -0.000000 0.000000 -0.000000  0.000000 0.000000 0.000000
79  1.907178 17.681803 0.736565  0.000001 0.000000 0.000000
80  0.059885 2.255348 54.398010  0.000000 0.000000 0.000000
81  0.003501 -22.270645 0.000159  1.570797 0.000000 -1.570796
82  0.000021 1.724013 -0.208863  0.000001 0.000000 0.000000
83  -0.287315 -0.033416 0.151635  0.018413 0.011127 0.018049
84  -2.307079 11.683284 -6.602220  -0.008091 -0.065405 -1.488515
85  -2.662412 1.445768 33.628742  -0.000000 3.141592 1.570797
86  8.352066 2.772895 0.000544  -3.141589 0.000002 0.000000
87  0.006414 -45.818317 0.735915  1.570797 0.000000 -1.570796
88  -0.108381 16.549217 -6.332980  -0.000001 0.000000 0.000001
89  -0.152044 -0.178990 6.405252  -0.000000 -0.000001 0.000000
90  0.326862 -0.178989 5.798759  -0.000000 -0.000001 0.000000
91  0.000000 -0.000002 3.169725  0.000000 -0.000000 -1.570797
92  -0.000000 0.000000 -0.000001  0.000000 0.000000 0.000000
93  0.000002 -0.000003 0.000001  0.000000 -0.000000 0.000000
94  22.846478 98.319504 -39.725758  0.000000 0.000000 0.000000
95  0.000004 -10.070927 -2.318773  0.000000 0.000000 0.000000
96  -0.000000 -0.000001 -1.529050  -0.000000 -0.000000 0.000000
97  -0.078942 -0.000001 -0.000001  -0.000000 0.000001 1.570796
98  0.097092 -0.000002 -0.000002  0.000000 -3.141592 1.570796
99  0.000005 -13.006138 -2.049217  0.000000 0.000000 0.000000
100  -0.000000 0.000000 0.000000  -0.000000 -0.000000 0.000000
101  1.754236 4.036758 -1.682666  0.392575 -0.010118 -1.546365
102  -1.755140 4.036757 -1.682666  -0.404674 0.245240 -1.741923
103  -0.000000 -0.000000 0.000000  0.000000 0.000000 -0.000000
104  -11.350048 -0.729412 0.864871  0.000197 -0.025368 0.026438
105  0.000000 -0.000004 0.000001  0.000000 0.000000 -0.000000
106  -11.344170 1.135886 0.869271  -0.000000 -0.025019 -0.026323
107  0.000002 -3.002982 4.619920  1.570796 -0.000000 1.570797
time 57
0  0 0 0  0 0 0
1  0.000000 0.000000 0.000000  0.000000 -0.000000 -0.000000
2  -0.000005 0.000023 -61.375507  0.000000 0.000000 -1.570795
3  -0.012814 0.000000 8.236240  -1.570819 -1.475889 0.000019
4  16.160965 -0.011392 0.005502  -0.444189 0.000339 -0.187736
5  0.000002 -0.000002 0.000003  -0.049689 0.000000 0.000000
6  -0.000002 0.000000 -0.000001  0.012461 -0.038669 0.069492
7  -0.000005 -0.000001 -0.000004  -0.000000 -0.000000 -0.066726
8  0.000003 0.000001 0.000000  -0.009949 0.000000 -0.000000
9  0.000003 0.000001 0.000000  -0.019898 -0.000000 -0.000000
10  0.000003 -0.000001 -0.000001  -0.029848 -0.000000 0.000000
11  0.000003 0.000001 -0.000001  -0.039799 -0.000000 -0.000000
12  0.000003 -0.000002 0.000001  -0.049750 -0.000000 0.000000
13  0.000003 -0.000001 0.000002  -0.059703 0.000000 0.000000
14  0.000003 -0.000000 0.000002  -0.069657 0.000000 0.000000
15  0.000002 0.000007 -0.000000  -0.047562 -0.089523 0.061421
16  -0.000001 -0.000000 0.000000  -0.009101 -0.001614 0.007454
17  -0.000007 -0.000001 -0.000000  0.003307 0.001188 0.019534
18  -0.000004 -0.000001 -0.000000  -0.003896 0.001922 0.076983
19  -0.000001 -0.000000 0.000001  -0.004943 0.010647 0.034706
20  0.000005 -0.000000 0.000001  -0.000000 0.000001 0.025331
21  0.000001 -0.000000 -0.000000  -0.000000 -0.000000 0.045904
22  -0.000009 -0.000000 0.000001  -0.012684 0.003621 0.079592
23  0.000004 -0.000001 0.000001  -0.000000 0.000000 0.049933
24  -0.000000 0.000000 0.000001  -0.000000 0.000000 0.047124
25  -0.000005 -0.000001 -0.000001  -0.010552 0.010521 0.072352
26  0.000001 -0.000001 0.000003  -0.000000 0.000000 0.035647
27  -0.000000 0.000001 -0.000001  -0.000000 -0.000000 0.036991
28  -0.000009 0.000000 0.000000  -0.014485 -0.001667 0.081949
29  -0.000001 -0.000000 0.000001  -0.000000 -0.000000 0.057016
30  0.000001 0.000000 0.000000  0.000000 0.000000 0.033083
31  -0.000010 -0.000001 -0.000002  0.000000 -0.000000 0.000000
32  0.000002 0.000001 0.000001  -0.011211 0.026012 0.001625
33  -0.000001 -0.000004 -0.000001  0.000000 -0.000000 -0.000427
34  0.000001 -0.000000 -0.000002  -0.006592 -0.000000 0.000000
35  0.000001 0.000000 -0.000001  -0.013184 0.000000 -0.000000
36  -0.000003 0.000003 -0.000001  -0.019837 -0.000000 -0.000000
37  0.000000 0.000002 0.000000  -0.026430 -0.000000 -0.000000
38  -0.000003 0.000002 -0.000001  -0.033084 -0.000000 -0.000000
39  0.000000 0.000005 0.000001  -0.039676 -0.000000 -0.000000
40  -0.000004 0.000006 -0.000001  -0.046270 -0.000000 -0.000000
41  -0.000004 0.000005 -0.000001  -0.034189 -0.052326 -0.000205
42  1.410072 0.800536 2.089140  -2.043617 -0.463615 0.665928
43  3.954714 0.000007 -0.000008  0.000001 0.000000 0.689326
44  3.101570 -0.000006 -0.000001  0.000000 -0.000000 0.638253
45  0.000001 0.000001 -0.000001  0.000000 0.000000 -0.000000
46  0.000001 0.000000 -0.000000  -0.000000 -0.000000 -0.000000
47  0.000005 0.000000 0.000000  -0.000000 0.000000 -0.000000
48  7.145101 -0.676338 1.382428  0.062090 0.270328 0.703671
49  3.672217 0.000002 0.000001  0.000000 -0.000001 1.498259
50  2.676528 0.000005 -0.000001  0.000000 -0.000001 1.006829
51  6.831185 -0.870863 -0.599919  0.231922 0.205741 0.934461
52  3.657085 0.000008 -0.000000  -0.000001 -0.000000 1.453593
53  2.496793 0.000000 0.000003  0.000001 -0.000001 0.750510
54  6.164474 -0.898147 -2.575016  0.332711 0.188105 0.821957
55  2.805845 -0.000001 -0.000003  -0.000002 0.000001 0.963491
56  2.307450 0.000004 -0.000001  0.000001 -0.000001 0.990594
57  0.000000 0.000000 -0.000000  0.002381 0.003662 0.000187
58  0.000000 0.000000 0.000000  0.000000 -0.000000 -0.000000
59  -0.154038 -0.004649 -1.024181  0.039109 0.058945 0.005001
60  -0.477951 0.087474 -1.908170  0.053647 0.066736 0.018836
61  0.261849 -0.244915 -1.643614  0.039109 0.058945 0.005001
62  0.660711 -9.405927 5.052881  0.000000 0.000000 0.000000
63  0.001271 4.285938 -0.189680  -0.000001 -0.000000 0.000000
64  0.060212 10.324396 74.469048  0.000008 -0.000000 0.000000
65  -0.002042 -3.169755 2.277848  1.570797 0.000000 -1.570796
66  8.769396 -2.675095 -2.292492  0.000000 0.000000 0.000000
67  -1.584224 -9.364034 -0.000004  0.000000 -0.000000 0.000000
68  10.555299 -5.113577 -0.000004  -1.570797 1.570795 0.000000
69  6.464089 -5.113577 -0.000005  -1.570795 1.570796 0.000000
70  7.053375 -1.968537 2.001230  -1.570796 1.570796 0.000000
71  26.793743 -5.113576 -0.000001  0.000000 -0.000000 0.000000
72  -2.662413 1.445765 40.667957  -0.000000 3.141592 1.570797
73  8.352066 2.772896 0.000541  -3.141589 0.000002 0.000000
74  0.001265 21.193817 -3.302072  0.000000 -0.000000 0.000000
75  0.059869 -33.068935 1.081967  1.570797 0.000000 -1.570796
76  0.064640 27.351305 72.195198  0.000000 -0.000000 -0.000001
77  -0.000000 -0.000002 -0.000000  0.000000 -0.000000 -0.000000
78  -0.000000 -0.000000 -0.000000  0.000000 -0.000000 -0.000000
79  1.907178 17.681803 0.736565  0.000001 0.000000 0.000000
80  0.059885 2.255348 54.398014  0.000000 -0.000000 0.000000
81  0.003501 -22.270641 0.000157  1.570797 -0.000000 -1.570796
82  0.000021 1.724012 -0.208863  0.000001 -0.000000 0.000000
83  -0.211007 0.002855 0.112743  0.013729 0.008331 0.013486
84  -2.307079 11.683283 -6.602220  -0.008091 -0.065405 -1.488515
85  -2.662413 1.445768 33.628742  -0.000000 3.141592 1.570797
86  8.352066 2.772896 0.000542  -3.141589 0.000002 0.000000
87  0.006414 -45.818314 0.735915  1.570797 0.000000 -1.570796
88  -0.108381 16.549215 -6.332980  -0.000001 -0.000000 0.000001
89  -0.152044 -0.178992 6.405252  -0.000000 -0.000001 -0.000000
90  0.326862 -0.178989 5.798759  -0.000000 -0.000001 -0.000000
91  0.000000 -0.000003 3.169725  -0.000000 -0.000000 -1.570797
92  -0.000000 0.000000 -0.000000  0.000000 -0.000000 -0.000000
93  0.000002 -0.000004 0.000001  0.000000 -0.000000 0.000000
94  22.846479 98.319489 -39.725761  0.000000 -0.000000 -0.000000
95  0.000004 -10.070926 -2.318773  0.000000 -0.000000 0.000000
96  0.000000 0.000001 -1.529051  -0.000000 -0.000000 0.000000
97  -0.078942 0.000002 0.000000  -0.000000 0.000001 1.570796
98  0.097092 0.000001 -0.000001  0.000000 -3.141592 1.570796
99  0.000005 -13.006138 -2.049217  0.000000 -0.000000 0.000000
100  0.000000 -0.000000 -0.000000  -0.000000 -0.000000 0.000000
101  1.754236 4.036758 -1.682666  0.392575 -0.010118 -1.546365
102  -1.755140 4.036759 -1.682666  -0.404674 0.245240 -1.741923
103  -0.000000 0.000000 0.000000  -0.000000 -0.000000 0.000000
104  -11.350050 -0.729412 0.864871  0.000197 -0.025368 0.026438
105  0.000000 -0.000004 0.000001  -0.000000 -0.000000 0.000000
106  -11.344171 1.135888 0.869270  -0.000000 -0.025020 -0.026323
107  0.000002 -3.002981 4.619921  1.570796 -0.000000 1.570797
time 58
0  0 0 0  0 0 0
1  0.000000 0.000000 0.000000  0.000000 -0.000000 -0.000000
2  -0.000005 0.000023 -61.375507  0.000000 0.000000 -1.570795
3  -0.012814 0.000000 8.236240  -1.570819 -1.475889 0.000019
4  16.160965 -0.011392 0.005502  -0.444189 0.000339 -0.187736
5  0.000002 -0.000002 0.000003  -0.035464 0.000000 0.000000
6  0.000002 -0.000000 -0.000000  0.012611 -0.024745 0.041722
7  -0.000005 -0.000002 -0.000004  -0.000000 -0.000000 -0.055856
8  -0.000002 0.000001 0.000000  -0.008484 0.000000 -0.000000
9  -0.000002 0.000001 0.000000  -0.017029 -0.000000 -0.000000
10  -0.000002 -0.000001 -0.000000  -0.025514 -0.000000 0.000000
11  -0.000002 0.000001 -0.000001  -0.034060 -0.000000 -0.000000
12  -0.000001 -0.000002 0.000001  -0.042546 -0.000000 0.000000
13  -0.000002 0.000000 0.000002  -0.051094 0.000000 0.000000
14  -0.000002 -0.000000 0.000002  -0.059642 0.000000 0.000000
15  -0.000002 0.000005 -0.000001  -0.039349 -0.094981 0.047224
16  -0.000000 -0.000000 0.000001  -0.005801 -0.001024 0.004764
17  0.000003 -0.000001 0.000000  0.002080 0.000781 0.012513
18  0.000001 -0.000000 -0.000000  -0.002536 0.001162 0.049505
19  -0.000004 0.000001 0.000001  -0.003220 0.006812 0.022268
20  -0.000001 -0.000000 0.000002  -0.000000 0.000001 0.016236
21  -0.000001 -0.000000 -0.000000  -0.000000 -0.000000 0.029482
22  -0.000004 -0.000000 0.000000  -0.008187 0.002163 0.051207
23  0.000002 -0.000001 0.000002  -0.000000 0.000000 0.032107
24  -0.000004 -0.000000 0.000001  -0.000000 0.000000 0.030275
25  -0.000000 -0.000001 -0.000000  -0.006867 0.006631 0.046492
26  0.000001 -0.000000 0.000003  -0.000000 0.000000 0.022889
27  0.000004 0.000001 -0.000000  -0.000000 -0.000000 0.023744
28  -0.000004 0.000000 0.000000  -0.009313 -0.001220 0.052688
29  0.000002 -0.000000 0.000000  -0.000000 -0.000000 0.036685
30  0.000004 -0.000001 0.000000  0.000000 0.000000 0.021241
31  -0.000010 -0.000001 -0.000002  -0.022218 -0.000000 0.000000
32  0.000002 0.000001 0.000000  -0.017105 0.012493 -0.002366
33  -0.000002 -0.000003 -0.000001  0.000000 -0.000000 -0.014771
34  -0.000000 -0.000001 -0.000001  -0.009949 -0.000000 0.000000
35  -0.000000 -0.000000 -0.000001  -0.019960 0.000000 -0.000000
36  -0.000001 0.000002 -0.000000  -0.029970 -0.000000 -0.000000
37  -0.000005 0.000001 0.000000  -0.039982 -0.000000 -0.000000
38  -0.000001 0.000002 -0.000000  -0.049995 -0.000000 -0.000000
39  -0.000005 0.000004 0.000002  -0.060008 -0.000000 -0.000000
40  -0.000005 0.000005 -0.000000  -0.070024 -0.000000 -0.000000
41  -0.000005 0.000005 -0.000001  -0.049521 -0.075006 -0.005413
42  1.410070 0.800536 2.089140  -2.043617 -0.463615 0.665928
43  3.954712 0.000002 -0.000004  0.000001 0.000000 0.689326
44  3.101573 -0.000007 -0.000001  0.000000 -0.000000 0.638253
45  -0.000004 0.000000 -0.000002  0.000000 0.000000 -0.000000
46  0.000003 -0.000000 -0.000000  -0.000000 -0.000000 0.000000
47  0.000003 -0.000000 -0.000000  0.000000 -0.000000 -0.000000
48  7.145102 -0.676337 1.382428  0.062090 0.270328 0.703671
49  3.672218 0.000000 0.000001  0.000000 -0.000001 1.498259
50  2.676527 0.000001 0.000001  0.000000 -0.000001 1.006829
51  6.831184 -0.870862 -0.599919  0.231922 0.205741 0.934461
52  3.657088 0.000009 -0.000002  -0.000001 -0.000000 1.453593
53  2.496787 -0.000005 0.000002  0.000001 -0.000001 0.750510
54  6.164477 -0.898146 -2.575017  0.332711 0.188105 0.821957
55  2.805844 -0.000001 0.000001  -0.000002 0.000001 0.963491
56  2.307449 0.000001 -0.000001  0.000001 -0.000001 0.990594
57  0.000000 0.000000 -0.000000  0.001160 0.004639 0.000064
58  0.000000 0.000000 0.000000  0.000000 -0.000000 -0.000000
59  -0.373331 0.352697 -0.521074  0.018957 0.074648 0.002235
60  -0.681612 0.400535 -1.193160  0.028480 0.079832 0.011034
61  0.120344 0.240894 -0.936759  0.018957 0.074648 0.002235
62  0.660711 -9.405927 5.052881  -0.000000 0.000000 0.000000
63  0.001271 4.285939 -0.189680  -0.000001 -0.000000 0.000000
64  0.060211 10.324398 74.469048  0.000008 -0.000000 0.000000
65  -0.002042 -3.169755 2.277849  1.570797 0.000000 -1.570796
66  8.769395 -2.675095 -2.292492  0.000000 0.000000 0.000000
67  -1.584224 -9.364035 -0.000004  0.000000 -0.000000 0.000000
68  10.555300 -5.113577 -0.000004  -1.570797 1.570795 0.000000
69  6.464089 -5.113576 -0.000005  -1.570795 1.570796 0.000000
70  7.053376 -1.968537 2.001230  -1.570796 1.570796 0.000000
71  26.793743 -5.113576 -0.000001  0.000000 -0.000000 0.000000
72  -2.662413 1.445765 40.667957  0.000000 3.141592 1.570797
73  8.352066 2.772895 0.000544  -3.141589 0.000002 0.000000
74  0.001265 21.193819 -3.302073  0.000000 -0.000000 0.000000
75  0.059869 -33.068932 1.081968  1.570797 -0.000000 -1.570796
76  0.064640 27.351305 72.195198  -0.000000 -0.000000 -0.000001
77  -0.000000 -0.000002 -0.000000  -0.000000 -0.000000 0.000000
78  -0.000000 0.000002 -0.000000  -0.000000 -0.000000 0.000000
79  1.907178 17.681805 0.736565  0.000001 -0.000000 0.000000
80  0.059885 2.255348 54.398010  -0.000000 -0.000000 0.000000
81  0.003500 -22.270643 0.000156  1.570797 -0.000000 -1.570796
82  0.000021 1.724012 -0.208863  0.000001 -0.000000 0.000000
83  -0.134695 0.002856 0.067370  0.008813 0.005394 0.008630
84  -2.307079 11.683283 -6.602220  -0.008091 -0.065405 -1.488515
85  -2.662412 1.445768 33.628738  0.000000 3.141592 1.570797
86  8.352066 2.772896 0.000543  -3.141589 0.000002 0.000000
87  0.006414 -45.818314 0.735915  1.570797 -0.000000 -1.570796
88  -0.108381 16.549217 -6.332980  -0.000001 -0.000000 0.000001
89  -0.152044 -0.178991 6.405252  -0.000000 -0.000001 -0.000000
90  0.326862 -0.178992 5.798760  -0.000000 -0.000001 -0.000000
91  0.000000 -0.000004 3.169725  0.000000 -0.000000 -1.570797
92  -0.000000 0.000000 0.000000  -0.000000 -0.000000 0.000000
93  0.000002 -0.000004 0.000001  -0.000000 -0.000000 0.000000
94  22.846478 98.319504 -39.725765  -0.000000 -0.000000 0.000000
95  0.000004 -10.070926 -2.318773  0.000000 -0.000000 0.000000
96  -0.000000 -0.000001 -1.529051  -0.000000 -0.000000 0.000000
97  -0.078942 0.000000 0.000000  -0.000000 0.000001 1.570796
98  0.097092 0.000001 -0.000001  0.000000 -3.141592 1.570796
99  0.000005 -13.006138 -2.049217  0.000000 -0.000000 0.000000
100  -0.000000 0.000000 0.000000  -0.000000 -0.000000 0.000000
101  1.754236 4.036759 -1.682666  0.392575 -0.010118 -1.546365
102  -1.755140 4.036760 -1.682666  -0.404674 0.245240 -1.741923
103  -0.000000 0.000000 0.000000  -0.000000 -0.000000 0.000000
104  -11.350050 -0.729411 0.864871  0.000197 -0.025368 0.026438
105  0.000000 -0.000003 0.000001  -0.000000 -0.000000 0.000000
106  -11.344170 1.135888 0.869271  0.000000 -0.025020 -0.026323
107  0.000002 -3.002981 4.619921  1.570796 -0.000000 1.570797
time 59
0  0 0 0  0 0 0
1  0.000000 0.000000 0.000000  0.000000 -0.000000 -0.000000
2  -0.000005 0.000023 -61.375507  0.000000 0.000000 -1.570795
3  -0.012814 0.000000 8.236240  -1.570819 -1.475889 0.000019
4  16.160965 -0.011392 0.005502  -0.444189 0.000339 -0.187736
5  0.000002 -0.000002 0.000003  -0.022584 0.000000 0.000000
6  0.000002 0.000000 -0.000002  0.008855 -0.010658 0.022171
7  0.000002 -0.000002 -0.000003  -0.000000 -0.000000 -0.038211
8  0.000001 0.000000 0.000000  -0.005249 0.000000 -0.000000
9  0.000001 0.000001 0.000000  -0.010559 -0.000000 -0.000000
10  0.000001 -0.000001 -0.000001  -0.015809 -0.000000 0.000000
11  0.000001 0.000000 -0.000001  -0.021119 -0.000000 -0.000000
12  0.000001 -0.000003 0.000001  -0.026430 -0.000000 0.000000
13  0.000005 -0.000000 0.000002  -0.031680 0.000000 0.000000
14  0.000001 -0.000001 0.000002  -0.036990 0.000000 0.000000
15  -0.000003 0.000006 -0.000000  -0.021287 -0.073714 0.027295
16  0.000002 -0.000000 0.000001  -0.002869 -0.000485 0.002381
17  0.000003 -0.000001 -0.000001  0.001038 0.000363 0.006226
18  -0.000003 -0.000001 -0.000000  -0.001275 0.000565 0.024720
19  -0.000002 0.000000 0.000001  -0.001629 0.003366 0.011106
20  -0.000005 -0.000000 0.000002  -0.000000 0.000001 0.008118
21  -0.000005 -0.000000 -0.000000  -0.000000 -0.000000 0.014710
22  -0.000002 -0.000001 0.000001  -0.004077 0.001029 0.025573
23  -0.000001 -0.000001 0.000001  -0.000000 0.000000 0.016053
24  -0.000001 0.000000 0.000001  -0.000000 0.000000 0.015137
25  -0.000002 -0.000001 0.000000  -0.003441 0.003275 0.023250
26  0.000003 -0.000000 0.000003  -0.000000 0.000000 0.011475
27  -0.000003 0.000001 -0.000000  -0.000000 -0.000000 0.011841
28  -0.000002 0.000001 -0.000000  -0.004648 -0.000671 0.026310
29  0.000007 -0.000000 0.000001  -0.000000 -0.000000 0.018311
30  0.000004 -0.000000 0.000001  0.000000 0.000000 0.010620
31  -0.000010 -0.000001 -0.000002  -0.036746 -0.000000 0.000000
32  -0.000002 -0.000000 0.000002  -0.018623 0.000983 -0.012461
33  -0.000007 -0.000003 -0.000002  -0.000000 -0.000000 -0.012696
34  -0.000000 -0.000001 -0.000001  -0.010132 -0.000000 0.000000
35  -0.000000 -0.000000 -0.000001  -0.020326 0.000000 -0.000000
36  -0.000001 0.000002 -0.000000  -0.030459 -0.000000 -0.000000
37  -0.000004 0.000001 0.000000  -0.040654 -0.000000 -0.000000
38  -0.000001 0.000002 -0.000000  -0.050788 -0.000000 -0.000000
39  -0.000001 0.000005 0.000002  -0.060924 -0.000000 -0.000000
40  -0.000001 0.000005 -0.000000  -0.071123 -0.000000 -0.000000
41  -0.000009 0.000004 -0.000002  -0.047950 -0.070116 -0.015668
42  1.410073 0.800536 2.089140  -2.043617 -0.463615 0.665928
43  3.954712 0.000004 -0.000006  0.000001 0.000000 0.689326
44  3.101568 -0.000006 -0.000001  0.000000 -0.000000 0.638253
45  0.000001 0.000001 -0.000001  0.000000 0.000000 -0.000000
46  0.000000 0.000000 -0.000000  -0.000000 -0.000000 -0.000000
47  0.000000 -0.000000 0.000000  0.000000 -0.000000 -0.000000
48  7.145104 -0.676338 1.382428  0.062090 0.270328 0.703671
49  3.672219 0.000000 0.000002  0.000000 -0.000001 1.498259
50  2.676527 0.000001 0.000001  0.000000 -0.000001 1.006829
51  6.831185 -0.870863 -0.599918  0.231922 0.205741 0.934461
52  3.657087 0.000007 -0.000002  -0.000001 -0.000000 1.453593
53  2.496791 -0.000004 0.000002  0.000001 -0.000001 0.750510
54  6.164477 -0.898147 -2.575016  0.332711 0.188105 0.821957
55  2.805846 -0.000002 0.000000  -0.000002 0.000000 0.963491
56  2.307449 0.000002 -0.000000  0.000001 -0.000001 0.990594
57  0.000000 0.000000 -0.000000  0.000061 0.003906 0.000000
58  0.000000 0.000000 0.000000  0.000000 -0.000000 -0.000000
59  -0.368458 0.403749 -0.209629  0.001431 0.063061 0.000839
60  -0.591098 0.431839 -0.559095  0.006093 0.065795 0.005147
61  0.049591 0.397049 -0.391114  0.001431 0.063061 0.000839
62  0.660711 -9.405923 5.052881  0.000000 0.000000 0.000000
63  0.001271 4.285938 -0.189680  -0.000001 -0.000000 0.000000
64  0.060211 10.324396 74.469048  0.000008 -0.000000 0.000000
65  -0.002042 -3.169755 2.277849  1.570797 0.000000 -1.570796
66  8.769395 -2.675095 -2.292493  0.000000 0.000000 -0.000000
67  -1.584224 -9.364036 -0.000004  0.000000 -0.000000 0.000000
68  10.555299 -5.113577 -0.000004  -1.570797 1.570795 0.000000
69  6.464089 -5.113576 -0.000005  -1.570795 1.570796 0.000000
70  7.053376 -1.968536 2.001230  -1.570796 1.570796 0.000000
71  26.793745 -5.113575 -0.000001  0.000000 -0.000000 -0.000000
72  -2.662412 1.445765 40.667961  0.000000 3.141592 1.570797
73  8.352067 2.772896 0.000546  -3.141589 0.000002 0.000000
74  0.001265 21.193819 -3.302073  0.000000 -0.000000 0.000000
75  0.059869 -33.068935 1.081967  1.570797 0.000000 -1.570796
76  0.064641 27.351303 72.195198  0.000000 -0.000000 -0.000001
77  -0.000000 -0.000004 -0.000000  0.000000 -0.000000 0.000000
78  -0.000000 0.000000 -0.000000  0.000000 -0.000000 0.000000
79  1.907178 17.681803 0.736565  0.000001 -0.000000 0.000000
80  0.059885 2.255348 54.398010  -0.000000 -0.000000 0.000000
81  0.003500 -22.270641 0.000156  1.570797 0.000000 -1.570796
82  0.000021 1.724012 -0.208863  0.000001 -0.000000 0.000000
83  -0.083822 0.002856 0.034959  0.004400 0.002676 0.004278
84  -2.307079 11.683282 -6.602219  -0.008091 -0.065405 -1.488515
85  -2.662412 1.445768 33.628746  0.000000 3.141592 1.570797
86  8.352068 2.772896 0.000547  -3.141589 0.000002 0.000000
87  0.006414 -45.818314 0.735915  1.570797 0.000000 -1.570796
88  -0.108381 16.549217 -6.332980  -0.000001 0.000000 0.000001
89  -0.152044 -0.178990 6.405252  -0.000000 -0.000001 0.000000
90  0.326862 -0.178988 5.798759  -0.000000 -0.000001 0.000000
91  0.000000 -0.000002 3.169724  0.000000 -0.000000 -1.570797
92  -0.000000 0.000000 -0.000001  0.000000 -0.000000 0.000000
93  0.000002 -0.000002 0.000001  0.000000 -0.000000 0.000000
94  22.846478 98.319489 -39.725765  0.000000 -0.000000 0.000000
95  0.000004 -10.070926 -2.318773  0.000000 -0.000000 0.000000
96  -0.000000 0.000000 -1.529051  -0.000000 -0.000000 0.000000
97  -0.078942 0.000001 -0.000001  -0.000000 0.000001 1.570796
98  0.097092 0.000001 -0.000001  0.000000 -3.141592 1.570796
99  0.000005 -13.006137 -2.049217  0.000000 -0.000000 0.000000
100  0.000000 0.000000 -0.000000  -0.000000 -0.000000 0.000000
101  1.754236 4.036759 -1.682666  0.392575 -0.010118 -1.546365
102  -1.755140 4.036758 -1.682666  -0.404674 0.245240 -1.741923
103  -0.000000 -0.000000 -0.000000  0.000000 -0.000000 -0.000000
104  -11.350049 -0.729412 0.864871  0.000197 -0.025368 0.026438
105  -0.000000 -0.000004 0.000001  0.000000 -0.000000 -0.000000
106  -11.344171 1.135887 0.869270  0.000000 -0.025020 -0.026323
107  0.000002 -3.002981 4.619920  1.570796 -0.000000 1.570797
time 60
0  0 0 0  0 0 0
1  0.000000 0.000000 0.000000  0.000000 -0.000000 -0.000000
2  -0.000005 0.000023 -61.375507  0.000000 0.000000 -1.570795
3  -0.012814 0.000000 8.236240  -1.570819 -1.475889 0.000019
4  16.160965 -0.011392 0.005502  -0.444189 0.000339 -0.187736
5  0.000002 -0.000002 0.000003  -0.010803 0.000000 0.000000
6  0.000002 0.000000 -0.000001  0.004397 0.000406 0.009706
7  -0.000006 -0.000003 -0.000005  -0.000000 -0.000000 -0.022584
8  0.000003 0.000001 0.000000  -0.001465 0.000000 -0.000000
9  0.000003 0.000002 0.000000  -0.002991 -0.000000 -0.000000
10  0.000003 -0.000001 -0.000001  -0.004456 -0.000000 0.000000
11  0.000003 0.000001 -0.000001  -0.005982 -0.000000 -0.000000
12  0.000007 -0.000002 0.000001  -0.007447 -0.000000 0.000000
13  0.000006 0.000001 0.000002  -0.008972 0.000000 0.000000
14  0.000003 -0.000000 0.000002  -0.010437 0.000000 0.000000
15  0.000002 0.000007 -0.000000  -0.001352 -0.038388 0.009977
16  -0.000002 -0.000000 -0.000000  -0.000794 -0.000122 0.000671
17  -0.000004 -0.000001 -0.000000  0.000244 0.000061 0.001709
18  -0.000005 -0.000000 -0.000000  -0.000305 0.000123 0.006836
19  -0.000006 0.000000 0.000001  -0.000426 0.000916 0.003052
20  0.000003 -0.000001 0.000001  -0.000000 0.000000 0.002258
21  0.000001 -0.000000 -0.000000  -0.000000 -0.000000 0.004090
22  -0.000006 -0.000000 0.000001  -0.001098 0.000248 0.007080
23  -0.000001 -0.000001 0.000001  -0.000000 0.000000 0.004456
24  0.000003 0.000000 0.000001  -0.000000 -0.000000 0.004150
25  -0.000006 -0.000001 -0.000001  -0.000974 0.000858 0.006408
26  0.000004 -0.000000 0.000003  -0.000000 0.000000 0.003174
27  -0.000008 0.000001 -0.000000  -0.000000 -0.000000 0.003235
28  -0.000010 0.000000 0.000000  -0.001283 -0.000178 0.007264
29  -0.000004 -0.000001 0.000001  -0.000000 -0.000000 0.005066
30  0.000002 -0.000000 0.000000  0.000000 0.000000 0.002930
31  -0.000010 -0.000001 -0.000002  -0.044622 -0.000000 0.000000
32  0.000002 0.000001 0.000002  -0.018121 -0.005833 -0.023997
33  -0.000007 -0.000003 -0.000002  0.000000 -0.000000 -0.005982
34  0.000003 -0.000000 -0.000001  -0.007996 -0.000000 0.000000
35  0.000002 -0.000000 -0.000001  -0.015992 0.000000 -0.000000
36  0.000002 0.000003 -0.000000  -0.024049 -0.000000 -0.000000
37  0.000002 0.000002 0.000000  -0.032046 -0.000000 -0.000000
38  0.000002 0.000002 -0.000000  -0.040104 -0.000000 -0.000000
39  0.000002 0.000005 0.000002  -0.048102 -0.000000 -0.000000
40  0.000002 0.000006 -0.000000  -0.056162 -0.000000 -0.000000
41  0.000002 0.000007 -0.000001  -0.036640 -0.047920 -0.022816
42  1.410069 0.800536 2.089140  -2.043617 -0.463615 0.665928
43  3.954715 0.000002 -0.000004  0.000001 0.000000 0.689326
44  3.101571 -0.000006 -0.000001  0.000000 -0.000000 0.638253
45  0.000000 0.000001 -0.000001  0.000000 0.000000 -0.000000
46  -0.000000 0.000000 -0.000000  -0.000000 -0.000000 -0.000000
47  0.000004 0.000000 -0.000000  -0.000000 0.000000 -0.000000
48  7.145104 -0.676337 1.382428  0.062090 0.270328 0.703671
49  3.672219 -0.000001 0.000001  0.000000 -0.000001 1.498259
50  2.676527 0.000002 0.000001  0.000000 -0.000001 1.006829
51  6.831187 -0.870862 -0.599918  0.231922 0.205741 0.934461
52  3.657086 0.000005 -0.000001  -0.000001 -0.000000 1.453593
53  2.496791 -0.000001 0.000003  0.000001 -0.000001 0.750510
54  6.164475 -0.898147 -2.575016  0.332711 0.188105 0.821957
55  2.805844 -0.000004 -0.000001  -0.000002 0.000001 0.963491
56  2.307449 0.000003 -0.000002  0.000001 -0.000001 0.990594
57  0.000000 0.000000 -0.000000  -0.000671 0.002197 -0.000001
58  0.000000 0.000000 0.000000  0.000000 -0.000000 -0.000000
59  -0.207644 0.342489 -0.077860  -0.010931 0.035525 -0.000194
60  -0.319546 0.306618 -0.086922  -0.009690 0.036324 0.000923
61  0.029376 0.405724 -0.043888  -0.010931 0.035525 -0.000194
62  0.660711 -9.405925 5.052881  -0.000000 0.000000 -0.000000
63  0.001271 4.285937 -0.189680  -0.000001 0.000000 0.000000
64  0.060212 10.324395 74.469048  0.000008 0.000000 0.000000
65  -0.002042 -3.169755 2.277848  1.570797 0.000000 -1.570796
66  8.769394 -2.675095 -2.292492  -0.000000 0.000000 0.000000
67  -1.584224 -9.364035 -0.000004  -0.000000 -0.000000 0.000000
68  10.555299 -5.113577 -0.000004  -1.570797 1.570795 0.000000
69  6.464088 -5.113577 -0.000005  -1.570795 1.570796 0.000000
70  7.053375 -1.968537 2.001230  -1.570796 1.570796 0.000000
71  26.793743 -5.113575 -0.000001  0.000000 -0.000000 0.000000
72  -2.662412 1.445765 40.667953  -0.000000 3.141592 1.570797
73  8.352066 2.772896 0.000542  -3.141589 0.000002 0.000000
74  0.001265 21.193815 -3.302072  0.000000 0.000000 0.000000
75  0.059869 -33.068928 1.081967  1.570797 0.000000 -1.570796
76  0.064640 27.351297 72.195198  0.000000 -0.000000 -0.000001
77  -0.000000 -0.000002 -0.000000  0.000000 0.000000 0.000000
78  -0.000000 -0.000000 -0.000000  0.000000 0.000000 0.000000
79  1.907177 17.681799 0.736565  0.000001 0.000000 0.000000
80  0.059885 2.255348 54.398003  -0.000000 0.000000 0.000000
81  0.003501 -22.270638 0.000155  1.570797 -0.000000 -1.570796
82  0.000021 1.724012 -0.208863  0.000001 0.000000 0.000000
83  -0.032949 0.002856 0.009030  0.001221 0.000732 0.001160
84  -2.307078 11.683281 -6.602219  -0.008091 -0.065405 -1.488515
85  -2.662412 1.445768 33.628738  -0.000000 3.141592 1.570797
86  8.352065 2.772896 0.000546  -3.141589 0.000002 0.000000
87  0.006414 -45.818306 0.735915  1.570797 0.000000 -1.570796
88  -0.108381 16.549213 -6.332979  -0.000001 -0.000000 0.000001
89  -0.152044 -0.178990 6.405251  -0.000000 -0.000001 0.000000
90  0.326862 -0.178990 5.798759  -0.000000 -0.000001 0.000000
91  0.000000 -0.000002 3.169724  -0.000000 -0.000000 -1.570797
92  -0.000000 -0.000000 -0.000000  0.000000 0.000000 0.000000
93  0.000002 -0.000002 0.000001  0.000000 -0.000000 0.000000
94  22.846474 98.319481 -39.725758  0.000000 0.000000 0.000000
95  0.000004 -10.070925 -2.318773  0.000000 0.000000 0.000000
96  -0.000000 0.000001 -1.529050  -0.000000 0.000000 0.000000
97  -0.078942 0.000001 -0.000000  0.000000 0.000001 1.570796
98  0.097092 0.000001 -0.000001  -0.000000 -3.141592 1.570796
99  0.000005 -13.006135 -2.049217  0.000000 0.000000 0.000000
100  -0.000000 -0.000001 0.000000  -0.000000 0.000000 0.000000
101  1.754236 4.036757 -1.682665  0.392575 -0.010118 -1.546365
102  -1.755140 4.036757 -1.682666  -0.404674 0.245240 -1.741923
103  -0.000000 -0.000001 0.000000  0.000000 0.000000 0.000000
104  -11.350048 -0.729413 0.864871  0.000197 -0.025368 0.026438
105  0.000000 -0.000005 0.000001  0.000000 0.000000 0.000000
106  -11.344169 1.135886 0.869270  -0.000000 -0.025020 -0.026323
107  0.000002 -3.002981 4.619920  1.570796 -0.000000 1.570797
time 61
0  0 0 0  0 0 0
1  0.000000 0.000000 0.000000  0.000000 -0.000000 -0.000000
2  -0.000005 0.000023 -61.375507  0.000000 0.000000 -1.570795
3  -0.012814 0.000000 8.236240  -1.570819 -1.475889 0.000019
4  16.160965 -0.011392 0.005502  -0.444189 0.000339 -0.187736
5  0.000002 -0.000002 0.000003  0.000000 0.000000 0.000000
6  0.000002 0.000000 -0.000001  0.001107 0.006774 0.002507
7  0.000001 -0.000001 -0.000004  -0.000000 -0.000000 -0.014100
8  0.000004 0.000001 0.000001  0.001526 0.000000 -0.000000
9  0.000004 0.000001 0.000000  0.003113 -0.000000 -0.000000
10  0.000004 -0.000001 -0.000000  0.004700 -0.000000 0.000000
11  0.000004 0.000001 -0.000001  0.006287 -0.000000 -0.000000
12  0.000008 -0.000002 0.000001  0.007874 -0.000000 0.000000
13  0.000004 -0.000000 0.000002  0.009461 0.000000 0.000000
14  0.000008 -0.000000 0.000002  0.011048 0.000000 0.000000
15  0.000003 0.000006 -0.000000  0.013549 -0.000627 0.002437
16  -0.000003 -0.000001 0.000000  0.000000 -0.000000 -0.000000
17  0.000001 -0.000001 -0.000000  -0.000000 0.000000 -0.000000
18  0.000004 -0.000001 0.000000  0.000000 0.000000 -0.000000
19  0.000001 -0.000000 0.000001  0.000000 0.000000 -0.000000
20  -0.000007 -0.000001 0.000002  -0.000000 0.000001 -0.000000
21  0.000000 -0.000000 -0.000000  -0.000000 -0.000000 0.000000
22  -0.000003 -0.000001 0.000001  0.000000 -0.000000 0.000000
23  -0.000007 -0.000001 0.000002  -0.000000 0.000000 -0.000000
24  0.000001 0.000000 0.000000  -0.000000 -0.000000 -0.000000
25  -0.000003 -0.000001 -0.000000  0.000000 0.000000 0.000000
26  -0.000003 -0.000001 0.000002  -0.000000 0.000000 -0.000000
27  0.000007 0.000001 -0.000000  0.000000 -0.000000 0.000000
28  -0.000003 0.000000 0.000000  -0.000000 -0.000000 0.000000
29  -0.000007 -0.000001 0.000001  -0.000000 -0.000000 -0.000000
30  -0.000003 -0.000000 0.000000  0.000000 0.000000 -0.000000
31  -0.000010 -0.000001 -0.000002  -0.047064 -0.000000 0.000000
32  0.000001 0.000002 0.000001  -0.016710 -0.008395 -0.032954
33  -0.000003 -0.000003 -0.000001  -0.000000 -0.000000 -0.002075
34  0.000001 -0.000001 -0.000002  -0.004456 -0.000000 0.000000
35  0.000001 -0.000000 -0.000001  -0.008973 0.000000 -0.000000
36  0.000001 0.000002 -0.000001  -0.013489 -0.000000 -0.000000
37  -0.000003 0.000001 -0.000000  -0.018007 -0.000000 -0.000000
38  -0.000003 0.000002 -0.000001  -0.022523 -0.000000 -0.000000
39  -0.000004 0.000005 0.000001  -0.027040 -0.000000 -0.000000
40  -0.000004 0.000006 -0.000001  -0.031558 -0.000000 -0.000000
41  -0.000003 0.000004 -0.000002  -0.019622 -0.020355 -0.021410
42  1.410072 0.800536 2.089140  -2.043617 -0.463615 0.665928
43  3.954714 0.000003 -0.000007  0.000001 0.000000 0.689326
44  3.101569 -0.000007 0.000001  0.000000 -0.000000 0.638253
45  0.000004 0.000001 -0.000001  0.000000 0.000000 -0.000000
46  -0.000001 0.000000 -0.000001  -0.000000 -0.000000 -0.000000
47  -0.000008 -0.000000 -0.000000  0.000000 -0.000000 -0.000000
48  7.145108 -0.676336 1.382428  0.062090 0.270328 0.703671
49  3.672219 -0.000000 0.000001  0.000000 -0.000001 1.498259
50  2.676528 -0.000000 0.000001  0.000000 -0.000001 1.006829
51  6.831187 -0.870862 -0.599918  0.231922 0.205741 0.934461
52  3.657084 0.000012 -0.000002  -0.000001 -0.000000 1.453593
53  2.496792 -0.000001 0.000004  0.000001 -0.000001 0.750510
54  6.164482 -0.898146 -2.575016  0.332711 0.188105 0.821957
55  2.805847 -0.000002 -0.000001  -0.000002 0.000001 0.963491
56  2.307449 -0.000000 -0.000002  0.000001 -0.000001 0.990594
57  0.000000 0.000000 -0.000000  -0.000977 0.000122 -0.000000
58  0.000000 0.000000 0.000000  0.000000 -0.000000 -0.000000
59  0.026270 0.271021 -0.041924  -0.015688 0.002678 -0.000936
60  -0.002739 0.244003 0.209877  -0.015688 0.002678 -0.000937
61  0.029376 0.379700 0.129725  -0.015688 0.002678 -0.000937
62  0.660711 -9.405924 5.052880  0.000000 0.000000 -0.000000
63  0.001271 4.285938 -0.189680  -0.000001 0.000000 0.000000
64  0.060211 10.324397 74.469048  0.000008 0.000000 0.000000
65  -0.002042 -3.169755 2.277848  1.570797 0.000000 -1.570796
66  8.769396 -2.675095 -2.292492  -0.000000 0.000000 -0.000000
67  -1.584224 -9.364035 -0.000004  -0.000000 -0.000000 0.000000
68  10.555301 -5.113577 -0.000004  -1.570797 1.570795 0.000000
69  6.464090 -5.113576 -0.000005  -1.570795 1.570796 0.000000
70  7.053377 -1.968536 2.001230  -1.570796 1.570796 0.000000
71  26.793745 -5.113576 -0.000001  0.000000 -0.000000 -0.000000
72  -2.662413 1.445765 40.667961  0.000000 3.141592 1.570797
73  8.352067 2.772896 0.000540  -3.141589 0.000002 0.000000
74  0.001265 21.193817 -3.302072  0.000000 0.000000 0.000000
75  0.059869 -33.068932 1.081967  1.570797 0.000000 -1.570796
76  0.064640 27.351305 72.195198  0.000000 -0.000000 -0.000001
77  -0.000000 -0.000002 -0.000000  0.000000 0.000000 0.000000
78  -0.000000 0.000000 -0.000000  0.000000 0.000000 0.000000
79  1.907178 17.681803 0.736565  0.000001 -0.000000 0.000000
80  0.059885 2.255348 54.398014  0.000000 0.000000 0.000000
81  0.003500 -22.270645 0.000153  1.570797 0.000000 -1.570796
82  0.000021 1.724012 -0.208863  0.000001 0.000000 0.000000
83  -0.007512 0.002856 -0.003933  0.000000 -0.000000 -0.000000
84  -2.307079 11.683284 -6.602219  -0.008091 -0.065405 -1.488515
85  -2.662412 1.445768 33.628742  0.000000 3.141592 1.570797
86  8.352067 2.772896 0.000541  -3.141589 0.000002 0.000000
87  0.006414 -45.818314 0.735915  1.570797 0.000000 -1.570796
88  -0.108381 16.549217 -6.332980  -0.000001 -0.000000 0.000001
89  -0.152044 -0.178992 6.405252  -0.000000 -0.000001 -0.000000
90  0.326862 -0.178989 5.798760  -0.000000 -0.000001 -0.000000
91  0.000000 -0.000005 3.169724  -0.000000 -0.000000 -1.570797
92  -0.000000 0.000000 0.000000  0.000000 0.000000 0.000000
93  0.000002 -0.000002 0.000001  0.000000 -0.000000 0.000000
94  22.846476 98.319496 -39.725761  0.000000 0.000000 0.000000
95  0.000004 -10.070926 -2.318773  0.000000 0.000000 0.000000
96  0.000000 0.000001 -1.529050  -0.000000 0.000000 0.000000
97  -0.078942 0.000001 0.000000  -0.000000 0.000001 1.570796
98  0.097092 0.000001 -0.000001  0.000000 -3.141592 1.570796
99  0.000005 -13.006138 -2.049217  0.000000 0.000000 0.000000
100  0.000000 -0.000002 0.000000  -0.000000 0.000000 0.000000
101  1.754236 4.036757 -1.682666  0.392575 -0.010118 -1.546365
102  -1.755140 4.036757 -1.682666  -0.404674 0.245240 -1.741923
103  -0.000000 -0.000001 0.000000  0.000000 0.000000 0.000000
104  -11.350050 -0.729413 0.864871  0.000197 -0.025368 0.026438
105  -0.000000 -0.000005 0.000001  0.000000 0.000000 0.000000
106  -11.344170 1.135886 0.869270  0.000000 -0.025020 -0.026323
107  0.000002 -3.002981 4.619921  1.570796 -0.000000 1.570797
time 62
0  0 0 0  0 0 0
1  0.000000 0.000000 0.000000  0.000000 -0.000000 -0.000000
2  -0.000005 0.000023 -61.375507  0.000000 0.000000 -1.570795
3  -0.012814 0.000000 8.236240  -1.570819 -1.475889 0.000019
4  16.160965 -0.011392 0.005502  -0.444189 0.000339 -0.187736
5  0.000002 -0.000002 0.000003  0.007935 0.000000 0.000000
6  0.000002 0.000000 -0.000001  -0.000921 0.009399 -0.001103
7  -0.000001 -0.000001 -0.000004  -0.000000 -0.000000 -0.009522
8  -0.000000 0.000001 0.000000  0.003540 0.000000 -0.000000
9  -0.000000 0.000001 0.000000  0.007080 -0.000000 -0.000000
10  -0.000000 -0.000001 -0.000000  0.010682 -0.000000 0.000000
11  0.000004 0.000001 -0.000001  0.014222 -0.000000 -0.000000
12  0.000004 -0.000002 0.000001  0.017762 -0.000000 0.000000
13  0.000003 0.000000 0.000002  0.021363 0.000000 0.000000
14  0.000003 -0.000000 0.000002  0.024904 0.000000 0.000000
15  -0.000001 0.000006 -0.000001  0.022174 0.029228 0.000996
16  -0.000001 -0.000001 0.000000  0.000000 0.000000 -0.000000
17  0.000003 -0.000001 -0.000001  -0.000000 0.000000 -0.000000
18  -0.000001 -0.000000 -0.000001  0.000000 0.000000 -0.000000
19  -0.000005 -0.000000 0.000002  0.000000 0.000000 -0.000000
20  -0.000001 -0.000000 0.000001  -0.000000 0.000001 -0.000000
21  0.000002 -0.000000 0.000000  -0.000000 -0.000000 0.000000
22  -0.000005 -0.000001 0.000001  -0.000000 -0.000000 0.000000
23  -0.000000 -0.000001 0.000001  -0.000000 0.000000 -0.000000
24  -0.000001 0.000000 0.000001  -0.000000 0.000000 -0.000000
25  -0.000001 -0.000001 0.000000  0.000000 0.000000 0.000000
26  -0.000001 -0.000001 0.000002  -0.000000 0.000000 -0.000000
27  0.000002 0.000001 0.000000  -0.000000 -0.000000 0.000000
28  -0.000005 0.000000 0.000000  -0.000000 -0.000000 0.000000
29  0.000003 0.000000 0.000001  -0.000000 -0.000000 -0.000000
30  0.000003 -0.000000 0.000001  0.000000 0.000000 -0.000000
31  -0.000010 -0.000001 -0.000002  -0.044988 -0.000000 0.000000
32  -0.000006 0.000001 0.000001  -0.014548 -0.008700 -0.037783
33  0.000003 -0.000003 -0.000002  0.000000 -0.000000 0.000244
34  0.000002 -0.000001 -0.000002  -0.001038 -0.000000 0.000000
35  0.000001 -0.000000 -0.000001  -0.002136 0.000000 -0.000000
36  0.000001 0.000002 -0.000000  -0.003235 -0.000000 -0.000000
37  0.000001 0.000001 0.000000  -0.004334 -0.000000 -0.000000
38  -0.000003 0.000001 -0.000001  -0.005433 -0.000000 -0.000000
39  -0.000003 0.000004 0.000001  -0.006470 -0.000000 -0.000000
40  0.000001 0.000006 -0.000000  -0.007568 -0.000000 -0.000000
41  0.000001 0.000005 -0.000001  -0.002831 0.003030 -0.015447
42  1.410066 0.800535 2.089140  -2.043617 -0.463615 0.665928
43  3.954714 0.000007 -0.000005  0.000001 0.000000 0.689326
44  3.101573 -0.000007 -0.000001  0.000000 -0.000000 0.638253
45  -0.000007 -0.000000 -0.000001  0.000000 0.000000 -0.000000
46  -0.000004 0.000000 0.000000  -0.000000 -0.000000 -0.000000
47  0.000000 -0.000000 0.000000  0.000000 0.000000 -0.000000
48  7.145100 -0.676338 1.382428  0.062090 0.270328 0.703671
49  3.672219 0.000001 0.000002  0.000000 -0.000001 1.498259
50  2.676528 0.000000 -0.000001  0.000000 -0.000001 1.006829
51  6.831184 -0.870863 -0.599918  0.231922 0.205741 0.934461
52  3.657086 0.000009 -0.000002  -0.000001 -0.000000 1.453593
53  2.496792 -0.000003 0.000004  0.000001 -0.000001 0.750510
54  6.164473 -0.898147 -2.575016  0.332711 0.188105 0.821957
55  2.805843 -0.000001 -0.000000  -0.000002 0.000001 0.963491
56  2.307449 0.000004 -0.000002  0.000001 -0.000001 0.990594
57  0.000000 0.000000 -0.000000  -0.000916 -0.001526 -0.000060
58  0.000000 0.000000 0.000000  0.000000 -0.000000 -0.000000
59  0.230943 0.219971 -0.041924  -0.014815 -0.024793 -0.001464
60  0.246183 0.181385 0.358272  -0.014815 -0.024793 -0.001464
61  0.039484 0.310295 0.191730  -0.014815 -0.024793 -0.001465
62  0.660711 -9.405925 5.052881  0.000000 0.000000 -0.000000
63  0.001271 4.285939 -0.189680  -0.000001 0.000000 0.000000
64  0.060211 10.324396 74.469040  0.000008 0.000000 0.000000
65  -0.002042 -3.169755 2.277848  1.570797 0.000000 -1.570796
66  8.769395 -2.675095 -2.292492  0.000000 0.000000 0.000000
67  -1.584224 -9.364035 -0.000004  0.000000 -0.000000 0.000000
68  10.555298 -5.113577 -0.000004  -1.570797 1.570795 0.000000
69  6.464089 -5.113576 -0.000005  -1.570795 1.570796 0.000000
70  7.053376 -1.968536 2.001230  -1.570796 1.570796 0.000000
71  26.793743 -5.113575 -0.000001  0.000000 -0.000000 0.000000
72  -2.662413 1.445765 40.667961  -0.000000 3.141592 1.570797
73  8.352067 2.772896 0.000543  -3.141589 0.000002 -0.000000
74  0.001265 21.193821 -3.302072  0.000000 0.000000 0.000000
75  0.059869 -33.068932 1.081968  1.570797 0.000000 -1.570796
76  0.064640 27.351303 72.195206  0.000000 -0.000000 -0.000001
77  -0.000000 -0.000002 -0.000000  0.000000 -0.000000 -0.000000
78  -0.000000 0.000000 -0.000000  0.000000 -0.000000 -0.000000
79  1.907178 17.681803 0.736565  0.000001 -0.000000 0.000000
80  0.059885 2.255348 54.398014  -0.000000 0.000000 0.000000
81  0.003501 -22.270643 0.000158  1.570797 -0.000000 -1.570796
82  0.000021 1.724013 -0.208863  0.000001 0.000000 0.000000
83  -0.007513 0.002856 -0.003933  0.000000 -0.000000 -0.000000
84  -2.307079 11.683284 -6.602220  -0.008091 -0.065405 -1.488515
85  -2.662412 1.445768 33.628742  -0.000000 3.141592 1.570797
86  8.352066 2.772896 0.000546  -3.141589 0.000002 -0.000000
87  0.006414 -45.818314 0.735915  1.570797 -0.000000 -1.570796
88  -0.108381 16.549217 -6.332980  -0.000001 -0.000000 0.000001
89  -0.152044 -0.178987 6.405252  -0.000000 -0.000001 -0.000000
90  0.326862 -0.178986 5.798759  -0.000000 -0.000001 -0.000000
91  0.000000 -0.000001 3.169724  0.000000 -0.000000 -1.570797
92  -0.000000 0.000000 0.000000  0.000000 -0.000000 -0.000000
93  0.000002 -0.000002 0.000001  -0.000000 -0.000000 0.000000
94  22.846478 98.319504 -39.725765  0.000000 -0.000000 -0.000000
95  0.000004 -10.070927 -2.318773  0.000000 0.000000 0.000000
96  -0.000000 0.000001 -1.529051  -0.000000 -0.000000 -0.000000
97  -0.078942 -0.000000 -0.000000  -0.000000 0.000001 1.570796
98  0.097092 0.000000 -0.000001  0.000000 -3.141592 1.570796
99  0.000005 -13.006137 -2.049217  0.000000 0.000000 0.000000
100  0.000000 -0.000000 0.000000  -0.000000 -0.000000 -0.000000
101  1.754236 4.036758 -1.682666  0.392575 -0.010118 -1.546365
102  -1.755140 4.036758 -1.682666  -0.404674 0.245240 -1.741923
103  -0.000000 0.000000 0.000000  -0.000000 -0.000000 0.000000
104  -11.350050 -0.729412 0.864871  0.000197 -0.025368 0.026438
105  0.000000 -0.000004 0.000001  -0.000000 -0.000000 0.000000
106  -11.344171 1.135887 0.869270  0.000000 -0.025020 -0.026323
107  0.000002 -3.002981 4.619920  1.570796 -0.000000 1.570797
time 63
0  0 0 0  0 0 0
1  0.000000 0.000000 0.000000  0.000000 -0.000000 -0.000000
2  -0.000005 0.000023 -61.375507  0.000000 0.000000 -1.570795
3  -0.012814 0.000000 8.236240  -1.570819 -1.475889 0.000019
4  16.160965 -0.011392 0.005502  -0.444189 0.000339 -0.187736
5  0.000002 -0.000002 0.000003  0.011658 0.000000 0.000000
6  0.000002 0.000001 -0.000001  -0.001545 0.010068 -0.003731
7  -0.000005 -0.000003 -0.000004  -0.000000 -0.000000 -0.004273
8  0.000005 0.000000 0.000000  0.004273 0.000000 -0.000000
9  0.000009 0.000001 0.000000  0.008606 -0.000000 -0.000000
10  0.000005 -0.000002 -0.000001  0.012879 -0.000000 0.000000
11  0.000009 0.000000 -0.000001  0.017213 -0.000000 0.000000
12  0.000009 -0.000003 0.000001  0.021485 -0.000000 0.000000
13  0.000009 -0.000001 0.000002  0.025819 0.000000 0.000000
14  0.000009 -0.000001 0.000002  0.030093 0.000000 0.000000
15  0.000000 0.000006 -0.000000  0.024272 0.041771 -0.001264
16  -0.000001 -0.000000 0.000000  0.000000 0.000000 -0.000000
17  0.000003 -0.000001 -0.000000  -0.000000 0.000000 -0.000000
18  -0.000001 -0.000000 0.000000  -0.000000 0.000000 -0.000000
19  -0.000005 0.000000 0.000001  0.000000 0.000000 -0.000000
20  0.000007 -0.000000 0.000001  -0.000000 0.000001 -0.000000
21  0.000002 0.000000 -0.000000  -0.000000 -0.000000 0.000000
22  -0.000005 -0.000001 0.000001  0.000000 -0.000000 0.000000
23  -0.000000 -0.000001 0.000002  -0.000000 0.000000 -0.000000
24  -0.000000 0.000001 0.000001  -0.000000 0.000000 -0.000000
25  -0.000004 -0.000001 0.000000  0.000000 0.000000 -0.000000
26  0.000003 -0.000000 0.000002  -0.000000 0.000000 -0.000000
27  0.000002 0.000001 -0.000000  -0.000000 -0.000000 0.000000
28  -0.000008 0.000000 -0.000000  -0.000000 -0.000000 0.000000
29  -0.000000 -0.000001 0.000001  -0.000000 -0.000000 -0.000000
30  0.000003 -0.000001 0.000000  0.000000 0.000000 -0.000000
31  -0.000010 -0.000001 -0.000002  -0.039677 -0.000000 0.000000
32  0.000002 0.000002 0.000001  -0.011872 -0.008340 -0.037125
33  -0.000005 -0.000003 -0.000001  0.000000 -0.000000 0.002869
34  0.000001 -0.000001 -0.000001  0.000671 -0.000000 0.000000
35  0.000001 0.000000 -0.000001  0.001343 0.000000 -0.000000
36  0.000001 0.000003 -0.000000  0.002014 -0.000000 -0.000000
37  0.000001 0.000002 0.000000  0.002685 -0.000000 -0.000000
38  -0.000003 0.000002 -0.000001  0.003357 -0.000000 -0.000000
39  -0.000003 0.000005 0.000001  0.004028 -0.000000 -0.000000
40  -0.000004 0.000006 -0.000000  0.004700 -0.000000 -0.000000
41  -0.000004 0.000006 -0.000000  0.005777 0.014560 -0.011311
42  1.410069 0.800536 2.089140  -2.043617 -0.463615 0.665928
43  3.954713 0.000001 -0.000007  0.000001 0.000000 0.689326
44  3.101569 -0.000007 -0.000001  0.000000 -0.000000 0.638253
45  -0.000002 0.000001 -0.000002  0.000000 0.000000 -0.000000
46  0.000002 0.000000 -0.000000  -0.000000 -0.000000 -0.000000
47  -0.000002 -0.000000 -0.000000  0.000000 0.000000 -0.000000
48  7.145105 -0.676337 1.382428  0.062090 0.270328 0.703671
49  3.672218 0.000001 0.000002  0.000000 -0.000001 1.498259
50  2.676528 0.000002 0.000001  0.000000 -0.000001 1.006829
51  6.831188 -0.870862 -0.599919  0.231922 0.205741 0.934461
52  3.657089 0.000008 -0.000003  -0.000001 -0.000000 1.453593
53  2.496789 -0.000002 0.000004  0.000001 -0.000001 0.750510
54  6.164478 -0.898146 -2.575016  0.332711 0.188105 0.821957
55  2.805847 0.000001 -0.000000  -0.000002 0.000000 0.963491
56  2.307450 0.000000 0.000001  0.000001 -0.000001 0.990594
57  0.000000 0.000000 -0.000000  -0.000793 -0.002258 -0.000121
58  0.000000 0.000000 0.000000  0.000000 -0.000000 -0.000000
59  0.313786 0.148500 -0.029947  -0.012604 -0.036392 -0.001785
60  0.359330 0.118775 0.398745  -0.012604 -0.036392 -0.001785
61  0.049591 0.223545 0.191730  -0.012604 -0.036392 -0.001785
62  0.660711 -9.405923 5.052881  0.000000 0.000000 -0.000000
63  0.001271 4.285938 -0.189680  -0.000001 0.000000 0.000000
64  0.060211 10.324395 74.469048  0.000008 0.000000 0.000000
65  -0.002042 -3.169755 2.277849  1.570797 0.000000 -1.570796
66  8.769396 -2.675095 -2.292492  0.000000 0.000000 -0.000000
67  -1.584224 -9.364035 -0.000004  0.000000 -0.000000 0.000000
68  10.555299 -5.113577 -0.000004  -1.570797 1.570795 0.000000
69  6.464090 -5.113577 -0.000005  -1.570795 1.570796 0.000000
70  7.053376 -1.968537 2.001230  -1.570796 1.570796 0.000000
71  26.793743 -5.113576 -0.000001  0.000000 -0.000000 -0.000000
72  -2.662412 1.445765 40.667961  -0.000000 3.141592 1.570797
73  8.352067 2.772896 0.000544  -3.141589 0.000002 -0.000000
74  0.001265 21.193821 -3.302072  0.000000 0.000000 0.000000
75  0.059869 -33.068935 1.081967  1.570797 0.000000 -1.570796
76  0.064640 27.351305 72.195206  -0.000000 -0.000000 -0.000001
77  -0.000000 -0.000004 -0.000000  0.000000 0.000000 -0.000000
78  -0.000000 -0.000000 -0.000000  0.000000 0.000000 -0.000000
79  1.907178 17.681803 0.736565  0.000001 0.000000 0.000000
80  0.059884 2.255348 54.398010  -0.000000 0.000000 0.000000
81  0.003500 -22.270641 0.000150  1.570797 0.000000 -1.570796
82  0.000021 1.724012 -0.208863  0.000001 0.000000 0.000000
83  -0.007512 0.002856 -0.003934  0.000000 -0.000000 -0.000000
84  -2.307079 11.683283 -6.602220  -0.008091 -0.065405 -1.488515
85  -2.662413 1.445768 33.628742  -0.000000 3.141592 1.570797
86  8.352066 2.772896 0.000542  -3.141589 0.000002 -0.000000
87  0.006414 -45.818314 0.735915  1.570797 -0.000000 -1.570796
88  -0.108381 16.549217 -6.332980  -0.000001 0.000000 0.000001
89  -0.152044 -0.178990 6.405252  -0.000000 -0.000001 0.000000
90  0.326862 -0.178990 5.798759  -0.000000 -0.000001 0.000000
91  0.000000 -0.000005 3.169724  0.000000 -0.000000 -1.570797
92  -0.000000 -0.000000 -0.000000  0.000000 0.000000 -0.000000
93  0.000002 -0.000000 0.000001  0.000000 0.000000 0.000000
94  22.846478 98.319496 -39.725761  0.000000 0.000000 -0.000000
95  0.000004 -10.070926 -2.318773  0.000000 0.000000 0.000000
96  -0.000000 -0.000000 -1.529050  -0.000000 -0.000000 0.000000
97  -0.078942 0.000001 -0.000000  -0.000000 0.000001 1.570796
98  0.097092 -0.000000 -0.000001  0.000000 -3.141592 1.570796
99  0.000005 -13.006138 -2.049217  0.000000 0.000000 0.000000
100  0.000000 0.000000 0.000000  -0.000000 -0.000000 0.000000
101  1.754236 4.036759 -1.682666  0.392575 -0.010118 -1.546365
102  -1.755140 4.036759 -1.682666  -0.404674 0.245240 -1.741923
103  -0.000000 0.000001 0.000000  0.000000 -0.000000 -0.000000
104  -11.350049 -0.729411 0.864871  0.000197 -0.025368 0.026438
105  -0.000000 -0.000003 0.000001  0.000000 -0.000000 -0.000000
106  -11.344170 1.135888 0.869270  -0.000000 -0.025019 -0.026323
107  0.000002 -3.002981 4.619920  1.570796 -0.000000 1.570797
time 64
0  0 0 0  0 0 0
1  0.000000 0.000000 0.000000  0.000000 -0.000000 -0.000000
2  -0.000005 0.000023 -61.375507  0.000000 0.000000 -1.570795
3  -0.012814 0.000000 8.236240  -1.570819 -1.475889 0.000019
4  16.160965 -0.011392 0.005502  -0.444189 0.000339 -0.187736
5  0.000002 -0.000002 0.000003  0.012147 0.000000 0.000000
6  -0.000002 0.000000 -0.000000  -0.000700 0.009092 -0.006351
7  -0.000001 -0.000002 -0.000004  -0.000000 -0.000000 0.001892
8  -0.000003 0.000001 0.000000  0.003723 0.000000 -0.000000
9  -0.000003 0.000001 -0.000000  0.007508 -0.000000 -0.000000
10  -0.000003 -0.000001 -0.000001  0.011292 -0.000000 0.000000
11  -0.000003 0.000001 -0.000001  0.015077 -0.000000 -0.000000
12  -0.000003 -0.000002 0.000001  0.018800 -0.000000 0.000000
13  0.000001 0.000000 0.000002  0.022584 0.000000 0.000000
14  -0.000003 -0.000000 0.000002  0.026369 0.000000 0.000000
15  -0.000004 0.000005 -0.000001  0.019997 0.037222 -0.004695
16  -0.000004 -0.000001 0.000001  0.000000 0.000000 -0.000000
17  0.000003 -0.000001 -0.000000  -0.000000 0.000000 -0.000000
18  0.000003 -0.000000 0.000000  -0.000000 0.000000 -0.000000
19  -0.000008 0.000000 0.000002  -0.000000 0.000000 -0.000000
20  0.000003 0.000001 0.000002  -0.000000 0.000001 -0.000000
21  0.000003 -0.000000 -0.000000  -0.000000 -0.000000 0.000000
22  -0.000008 -0.000000 0.000001  -0.000000 -0.000000 0.000000
23  -0.000004 -0.000001 0.000001  -0.000000 0.000000 -0.000000
24  -0.000004 0.000000 0.000000  -0.000000 0.000000 -0.000000
25  -0.000008 -0.000001 -0.000000  0.000000 0.000000 0.000000
26  0.000003 -0.000000 0.000003  -0.000000 0.000000 -0.000000
27  0.000006 0.000002 -0.000000  -0.000000 -0.000000 0.000000
28  -0.000008 0.000001 0.000000  -0.000000 -0.000000 0.000000
29  -0.000000 0.000000 0.000001  -0.000000 -0.000000 -0.000000
30  0.000004 -0.000000 0.000001  0.000000 0.000000 -0.000000
31  -0.000010 -0.000001 -0.000002  -0.032168 -0.000000 0.000000
32  -0.000002 0.000000 0.000001  -0.009035 -0.007711 -0.031401
33  -0.000005 -0.000004 -0.000002  0.000000 -0.000000 0.005066
34  -0.000003 -0.000001 -0.000001  0.000793 -0.000000 0.000000
35  -0.000004 -0.000001 -0.000001  0.001587 0.000000 -0.000000
36  -0.000004 0.000002 -0.000000  0.002380 -0.000000 -0.000000
37  -0.000004 0.000001 0.000001  0.003235 -0.000000 -0.000000
38  -0.000004 0.000001 -0.000000  0.004028 -0.000000 -0.000000
39  -0.000004 0.000004 0.000002  0.004822 -0.000000 -0.000000
40  -0.000004 0.000005 0.000000  0.005676 -0.000000 -0.000000
41  -0.000004 0.000005 -0.000000  0.006223 0.013763 -0.009296
42  1.410068 0.800536 2.089140  -2.043617 -0.463615 0.665928
43  3.954710 0.000000 -0.000004  0.000001 0.000000 0.689326
44  3.101570 -0.000007 0.000000  0.000000 -0.000000 0.638253
45  -0.000002 0.000001 -0.000002  0.000000 0.000000 -0.000000
46  0.000001 0.000000 -0.000000  -0.000000 -0.000000 -0.000000
47  0.000005 -0.000001 -0.000000  0.000000 -0.000000 -0.000000
48  7.145103 -0.676337 1.382428  0.062090 0.270328 0.703671
49  3.672219 -0.000001 0.000001  0.000000 -0.000001 1.498259
50  2.676528 -0.000000 0.000000  0.000000 -0.000001 1.006829
51  6.831185 -0.870862 -0.599919  0.231922 0.205741 0.934461
52  3.657087 0.000009 -0.000002  -0.000001 -0.000000 1.453593
53  2.496791 0.000000 0.000002  0.000001 -0.000001 0.750510
54  6.164474 -0.898147 -2.575016  0.332711 0.188105 0.821957
55  2.805846 -0.000001 -0.000001  -0.000002 0.000001 0.963491
56  2.307450 0.000003 -0.000000  0.000001 -0.000001 0.990594
57  0.000000 0.000000 -0.000000  -0.000549 -0.001953 -0.000122
58  0.000000 0.000000 0.000000  0.000000 -0.000000 -0.000000
59  0.274800 0.077032 -0.017967  -0.009614 -0.032055 -0.001921
60  0.291443 0.056164 0.331291  -0.009614 -0.032055 -0.001921
61  0.029376 0.136791 0.154528  -0.009614 -0.032055 -0.001921
62  0.660711 -9.405925 5.052880  -0.000000 0.000000 0.000000
63  0.001271 4.285938 -0.189680  -0.000001 0.000000 0.000000
64  0.060212 10.324397 74.469048  0.000008 0.000000 0.000000
65  -0.002042 -3.169755 2.277848  1.570797 0.000000 -1.570796
66  8.769396 -2.675095 -2.292492  -0.000000 0.000000 -0.000000
67  -1.584224 -9.364035 -0.000004  -0.000000 -0.000000 0.000000
68  10.555301 -5.113577 -0.000004  -1.570797 1.570795 0.000000
69  6.464088 -5.113576 -0.000005  -1.570795 1.570796 0.000000
70  7.053376 -1.968537 2.001230  -1.570796 1.570796 0.000000
71  26.793743 -5.113575 -0.000001  0.000000 -0.000000 -0.000000
72  -2.662412 1.445765 40.667957  -0.000000 3.141592 1.570797
73  8.352066 2.772896 0.000545  -3.141589 0.000002 0.000000
74  0.001265 21.193821 -3.302072  0.000000 0.000000 0.000000
75  0.059869 -33.068932 1.081967  1.570797 -0.000000 -1.570796
76  0.064640 27.351305 72.195190  0.000000 -0.000000 -0.000001
77  -0.000000 -0.000004 -0.000000  -0.000000 0.000000 -0.000000
78  -0.000000 0.000004 -0.000000  -0.000000 0.000000 -0.000000
79  1.907178 17.681805 0.736565  0.000001 0.000000 0.000000
80  0.059885 2.255348 54.398010  0.000000 0.000000 0.000000
81  0.003501 -22.270645 0.000158  1.570797 0.000000 -1.570796
82  0.000021 1.724012 -0.208863  0.000001 0.000000 0.000000
83  -0.007513 0.002855 -0.003934  0.000000 -0.000000 -0.000000
84  -2.307079 11.683284 -6.602219  -0.008091 -0.065405 -1.488515
85  -2.662412 1.445768 33.628746  -0.000000 3.141592 1.570797
86  8.352066 2.772896 0.000544  -3.141589 0.000002 0.000000
87  0.006414 -45.818314 0.735915  1.570797 -0.000000 -1.570796
88  -0.108381 16.549219 -6.332979  -0.000001 -0.000000 0.000001
89  -0.152044 -0.178989 6.405252  -0.000000 -0.000001 0.000000
90  0.326862 -0.178989 5.798760  -0.000000 -0.000001 0.000000
91  0.000000 -0.000003 3.169725  -0.000000 -0.000000 -1.570797
92  -0.000000 0.000000 -0.000000  -0.000000 0.000000 -0.000000
93  0.000002 0.000000 0.000001  -0.000000 0.000000 0.000000
94  22.846476 98.319496 -39.725761  -0.000000 0.000000 -0.000000
95  0.000004 -10.070926 -2.318773  0.000000 0.000000 0.000000
96  0.000000 0.000000 -1.529051  -0.000000 -0.000000 -0.000000
97  -0.078942 0.000001 -0.000000  -0.000000 0.000001 1.570796
98  0.097092 0.000001 -0.000001  0.000000 -3.141592 1.570796
99  0.000005 -13.006138 -2.049217  0.000000 0.000000 0.000000
100  0.000000 -0.000001 0.000000  -0.000000 -0.000000 -0.000000
101  1.754236 4.036757 -1.682666  0.392575 -0.010118 -1.546365
102  -1.755140 4.036758 -1.682666  -0.404674 0.245240 -1.741923
103  -0.000000 -0.000001 -0.000000  0.000000 -0.000000 -0.000000
104  -11.350049 -0.729414 0.864871  0.000197 -0.025368 0.026438
105  -0.000000 -0.000005 0.000001  0.000000 -0.000000 -0.000000
106  -11.344169 1.135886 0.869270  -0.000000 -0.025019 -0.026323
107  0.000002 -3.002981 4.619920  1.570796 -0.000000 1.570797
time 65
0  0 0 0  0 0 0
1  0.000000 0.000000 0.000000  0.000000 -0.000000 -0.000000
2  -0.000005 0.000023 -61.375507  0.000000 0.000000 -1.570795
3  -0.012814 0.000000 8.236240  -1.570819 -1.475889 0.000019
4  16.160965 -0.011392 0.005502  -0.444189 0.000339 -0.187736
5  0.000002 -0.000002 0.000003  0.010315 0.000000 0.000000
6  0.000002 0.000001 -0.000001  0.000585 0.007021 -0.007322
7  0.000002 -0.000001 -0.000003  -0.000000 -0.000000 0.005982
8  0.000004 0.000001 0.000000  0.002686 0.000000 -0.000000
9  0.000004 0.000001 0.000000  0.005371 -0.000000 -0.000000
10  0.000004 -0.000001 -0.000001  0.008118 -0.000000 0.000000
11  0.000004 0.000000 -0.000001  0.010804 -0.000000 -0.000000
12  0.000004 -0.000003 0.000001  0.013550 -0.000000 0.000000
13  0.000008 -0.000000 0.000002  0.016236 0.000000 0.000000
14  0.000004 -0.000001 0.000002  0.018922 0.000000 0.000000
15  0.000003 0.000007 -0.000001  0.013523 0.025989 -0.006906
16  0.000001 0.000000 -0.000000  0.000000 0.000000 -0.000000
17  0.000001 -0.000000 -0.000000  -0.000001 0.000000 -0.000000
18  0.000000 -0.000000 -0.000000  0.000000 0.000000 -0.000000
19  0.000001 0.000001 0.000001  0.000000 0.000000 -0.000000
20  0.000000 -0.000000 0.000002  -0.000000 0.000001 -0.000000
21  -0.000000 0.000000 -0.000000  -0.000000 -0.000000 0.000000
22  -0.000003 0.000000 0.000000  -0.000000 -0.000000 0.000000
23  -0.000003 -0.000002 0.000001  -0.000000 0.000000 -0.000000
24  0.000001 0.000000 0.000001  -0.000000 0.000000 -0.000000
25  0.000001 0.000000 -0.000001  0.000000 0.000000 -0.000000
26  0.000000 -0.000000 0.000002  -0.000000 0.000000 -0.000000
27  -0.000001 0.000001 -0.000000  0.000000 -0.000000 0.000000
28  -0.000003 0.000001 -0.000000  -0.000000 -0.000000 0.000000
29  0.000001 -0.000000 0.000000  -0.000000 -0.000000 -0.000000
30  0.000005 0.000000 0.000001  0.000000 0.000000 -0.000000
31  -0.000010 -0.000001 -0.000002  -0.023500 -0.000000 0.000000
32  0.000002 0.000001 0.000002  -0.006397 -0.006240 -0.023358
33  -0.000007 -0.000003 -0.000001  0.000000 -0.000000 0.005860
34  -0.000002 -0.000001 -0.000001  0.000305 -0.000000 0.000000
35  -0.000002 -0.000000 -0.000001  0.000671 0.000000 -0.000000
36  -0.000002 0.000002 -0.000000  0.001038 -0.000000 -0.000000
37  -0.000006 0.000001 0.000000  0.001404 -0.000000 -0.000000
38  -0.000006 0.000002 -0.000001  0.001770 -0.000000 -0.000000
39  -0.000002 0.000005 0.000002  0.002136 -0.000000 -0.000000
40  -0.000002 0.000006 -0.000000  0.002502 -0.000000 -0.000000
41  -0.000010 0.000005 -0.000001  0.003446 0.008680 -0.007554
42  1.410076 0.800536 2.089140  -2.043617 -0.463615 0.665928
43  3.954712 0.000002 -0.000006  0.000001 0.000000 0.689326
44  3.101567 -0.000006 -0.000001  0.000000 -0.000000 0.638253
45  -0.000001 0.000000 -0.000002  0.000000 0.000000 -0.000000
46  -0.000001 0.000000 -0.000000  -0.000000 -0.000000 -0.000000
47  -0.000005 -0.000001 0.000000  0.000000 -0.000000 -0.000000
48  7.145108 -0.676337 1.382428  0.062090 0.270328 0.703671
49  3.672218 -0.000001 0.000000  0.000000 -0.000001 1.498259
50  2.676528 0.000004 -0.000000  0.000000 -0.000001 1.006829
51  6.831190 -0.870862 -0.599919  0.231922 0.205741 0.934461
52  3.657084 0.000009 -0.000002  -0.000001 -0.000000 1.453593
53  2.496790 -0.000001 0.000002  0.000001 -0.000001 0.750510
54  6.164480 -0.898147 -2.575016  0.332711 0.188105 0.821957
55  2.805851 -0.000001 0.000000  -0.000002 0.000001 0.963491
56  2.307450 0.000003 0.000000  0.000001 -0.000001 0.990594
57  0.000000 0.000000 -0.000000  -0.000366 -0.001343 -0.000122
58  0.000000 0.000000 0.000000  0.000000 -0.000000 -0.000000
59  0.191957 0.025982 -0.017969  -0.006387 -0.021797 -0.002006
60  0.200926 0.024860 0.223364  -0.006387 -0.021797 -0.002006
61  0.019269 0.067390 0.104924  -0.006387 -0.021797 -0.002006
62  0.660711 -9.405925 5.052881  0.000000 0.000000 0.000000
63  0.001271 4.285939 -0.189680  -0.000001 0.000000 0.000000
64  0.060212 10.324396 74.469048  0.000008 0.000000 0.000000
65  -0.002042 -3.169755 2.277848  1.570797 0.000000 -1.570796
66  8.769395 -2.675095 -2.292492  0.000000 0.000000 -0.000000
67  -1.584224 -9.364035 -0.000004  0.000000 -0.000000 0.000000
68  10.555300 -5.113577 -0.000004  -1.570797 1.570795 0.000000
69  6.464088 -5.113577 -0.000005  -1.570795 1.570796 0.000000
70  7.053376 -1.968537 2.001230  -1.570796 1.570796 0.000000
71  26.793743 -5.113576 -0.000001  0.000000 -0.000000 -0.000000
72  -2.662412 1.445765 40.667957  -0.000000 3.141592 1.570797
73  8.352066 2.772896 0.000545  -3.141589 0.000002 -0.000000
74  0.001265 21.193821 -3.302072  0.000000 0.000000 0.000000
75  0.059869 -33.068932 1.081967  1.570797 -0.000000 -1.570796
76  0.064640 27.351305 72.195198  -0.000000 -0.000000 -0.000001
77  -0.000000 -0.000002 -0.000000  0.000000 0.000000 0.000000
78  -0.000000 0.000004 -0.000000  0.000000 0.000000 0.000000
79  1.907178 17.681803 0.736565  0.000001 0.000000 0.000000
80  0.059885 2.255348 54.398010  0.000000 0.000000 0.000000
81  0.003501 -22.270645 0.000148  1.570797 0.000000 -1.570796
82  0.000021 1.724012 -0.208863  0.000001 0.000000 0.000000
83  -0.007513 0.002856 -0.003933  0.000000 -0.000000 -0.000000
84  -2.307079 11.683283 -6.602219  -0.008091 -0.065405 -1.488515
85  -2.662412 1.445768 33.628742  -0.000000 3.141592 1.570797
86  8.352065 2.772895 0.000541  -3.141589 0.000002 -0.000000
87  0.006414 -45.818310 0.735915  1.570797 -0.000000 -1.570796
88  -0.108381 16.549217 -6.332980  -0.000001 0.000000 0.000001
89  -0.152044 -0.178992 6.405252  -0.000000 -0.000001 0.000000
90  0.326862 -0.178993 5.798760  -0.000000 -0.000001 0.000000
91  0.000000 -0.000006 3.169725  -0.000000 -0.000000 -1.570797
92  -0.000000 -0.000000 0.000000  0.000000 0.000000 0.000000
93  0.000002 -0.000002 0.000001  0.000000 0.000000 0.000000
94  22.846476 98.319496 -39.725765  0.000000 0.000000 0.000000
95  0.000004 -10.070926 -2.318773  0.000000 0.000000 0.000000
96  0.000000 0.000001 -1.529051  -0.000000 0.000000 0.000000
97  -0.078942 0.000000 0.000000  0.000000 0.000001 1.570796
98  0.097092 0.000000 -0.000001  -0.000000 -3.141592 1.570796
99  0.000005 -13.006137 -2.049217  0.000000 0.000000 0.000000
100  0.000000 0.000001 0.000000  -0.000000 0.000000 0.000000
101  1.754236 4.036760 -1.682666  0.392575 -0.010118 -1.546365
102  -1.755140 4.036760 -1.682666  -0.404674 0.245240 -1.741923
103  -0.000000 0.000002 0.000000  0.000000 0.000000 0.000000
104  -11.350049 -0.729411 0.864871  0.000197 -0.025368 0.026438
105  0.000000 -0.000002 0.000001  0.000000 0.000000 0.000000
106  -11.344170 1.135889 0.869270  0.000000 -0.025019 -0.026323
107  0.000002 -3.002981 4.619920  1.570796 -0.000000 1.570797
time 66
0  0 0 0  0 0 0
1  0.000000 0.000000 0.000000  0.000000 -0.000000 -0.000000
2  -0.000005 0.000023 -61.375507  0.000000 0.000000 -1.570795
3  -0.012814 0.000000 8.236240  -1.570819 -1.475889 0.000019
4  16.160965 -0.011392 0.005502  -0.444189 0.000339 -0.187736
5  0.000002 -0.000002 0.000003  0.007264 0.000000 0.000000
6  0.000002 0.000000 -0.000001  0.001816 0.004523 -0.006771
7  -0.000002 -0.000002 -0.000004  -0.000000 -0.000000 0.007020
8  0.000002 0.000001 0.000000  0.001404 0.000000 -0.000000
9  0.000002 0.000001 0.000000  0.002869 -0.000000 -0.000000
10  0.000003 -0.000001 -0.000001  0.004334 -0.000000 0.000000
11  0.000003 0.000001 -0.000001  0.005799 -0.000000 -0.000000
12  0.000007 -0.000002 0.000001  0.007263 -0.000000 0.000000
13  0.000006 -0.000000 0.000002  0.008728 0.000000 0.000000
14  0.000006 -0.000000 0.000002  0.010193 0.000000 0.000000
15  0.000002 0.000005 -0.000000  0.006608 0.012475 -0.007161
16  0.000004 0.000000 -0.000000  0.000000 0.000000 -0.000000
17  0.000004 -0.000000 -0.000000  -0.000000 0.000000 -0.000000
18  -0.000004 -0.000000 0.000000  -0.000000 0.000000 -0.000000
19  0.000000 0.000000 0.000001  0.000000 0.000000 -0.000000
20  0.000004 -0.000000 0.000001  -0.000000 0.000001 -0.000000
21  -0.000004 -0.000000 -0.000000  -0.000000 -0.000000 0.000000
22  0.000000 -0.000000 0.000001  0.000000 -0.000000 0.000000
23  0.000001 -0.000000 0.000002  -0.000000 0.000000 -0.000000
24  0.000004 0.000000 0.000000  -0.000000 -0.000000 -0.000000
25  0.000000 -0.000001 -0.000001  0.000000 0.000000 0.000000
26  0.000004 -0.000000 0.000003  -0.000000 0.000000 -0.000000
27  0.000003 0.000001 -0.000000  -0.000000 -0.000000 0.000000
28  -0.000004 0.000000 -0.000000  -0.000000 -0.000000 0.000000
29  -0.000003 -0.000000 0.000001  -0.000000 -0.000000 -0.000000
30  0.000000 0.000000 0.000001  0.000000 0.000000 -0.000000
31  -0.000010 -0.000001 -0.000002  -0.014832 0.000000 -0.000000
32  0.000001 0.000001 0.000001  -0.004182 -0.004180 -0.014274
33  0.000005 -0.000003 -0.000001  0.000000 -0.000000 0.004578
34  0.000002 -0.000001 -0.000002  -0.000244 -0.000000 0.000000
35  0.000002 -0.000000 -0.000001  -0.000550 0.000000 -0.000000
36  0.000002 0.000002 -0.000001  -0.000793 -0.000000 -0.000000
37  0.000002 0.000001 0.000000  -0.001099 -0.000000 -0.000000
38  0.000002 0.000002 -0.000001  -0.001404 -0.000000 -0.000000
39  -0.000002 0.000005 0.000001  -0.001648 -0.000000 -0.000000
40  0.000001 0.000006 -0.000000  -0.001953 -0.000000 -0.000000
41  -0.000006 0.000003 -0.000002  -0.000616 0.002135 -0.005250
42  1.410071 0.800536 2.089140  -2.043617 -0.463615 0.665928
43  3.954716 0.000006 -0.000008  0.000001 0.000000 0.689326
44  3.101572 -0.000007 -0.000000  0.000000 -0.000000 0.638253
45  0.000001 0.000001 -0.000002  0.000000 0.000000 -0.000000
46  -0.000003 0.000000 -0.000000  -0.000000 -0.000000 -0.000000
47  0.000008 0.000000 -0.000000  0.000000 -0.000000 -0.000000
48  7.145103 -0.676337 1.382428  0.062090 0.270328 0.703671
49  3.672217 0.000002 0.000000  0.000000 -0.000001 1.498259
50  2.676528 0.000003 -0.000001  0.000000 -0.000001 1.006829
51  6.831184 -0.870862 -0.599919  0.231922 0.205741 0.934461
52  3.657089 0.000009 -0.000001  -0.000001 -0.000000 1.453593
53  2.496791 -0.000002 0.000002  0.000001 -0.000001 0.750510
54  6.164477 -0.898146 -2.575016  0.332711 0.188105 0.821957
55  2.805846 -0.000001 -0.000001  -0.000002 0.000001 0.963491
56  2.307448 0.000006 -0.000001  0.000001 -0.000001 0.990594
57  0.000000 0.000000 -0.000000  -0.000183 -0.000549 -0.000122
58  0.000000 0.000000 0.000000  0.000000 -0.000000 -0.000000
59  0.089621 0.005562 -0.017967  -0.003470 -0.009586 -0.001998
60  0.065149 -0.006451 0.101950  -0.003469 -0.009586 -0.001997
61  -0.000946 0.024017 0.042919  -0.003470 -0.009586 -0.001998
62  0.660711 -9.405927 5.052881  0.000000 0.000000 0.000000
63  0.001271 4.285938 -0.189680  -0.000001 0.000000 0.000000
64  0.060212 10.324395 74.469055  0.000008 0.000000 0.000000
65  -0.002042 -3.169755 2.277848  1.570797 0.000000 -1.570796
66  8.769394 -2.675094 -2.292492  -0.000000 0.000000 -0.000000
67  -1.584224 -9.364035 -0.000004  -0.000000 -0.000000 0.000000
68  10.555299 -5.113577 -0.000004  -1.570797 1.570795 0.000000
69  6.464088 -5.113576 -0.000005  -1.570795 1.570796 0.000000
70  7.053375 -1.968536 2.001230  -1.570796 1.570796 0.000000
71  26.793743 -5.113575 -0.000001  0.000000 -0.000000 -0.000000
72  -2.662412 1.445765 40.667961  -0.000000 3.141592 1.570797
73  8.352066 2.772896 0.000544  -3.141589 0.000002 0.000000
74  0.001265 21.193821 -3.302072  0.000000 0.000000 0.000000
75  0.059869 -33.068928 1.081967  1.570797 0.000000 -1.570796
76  0.064640 27.351305 72.195190  0.000000 -0.000000 -0.000001
77  -0.000000 -0.000004 -0.000000  0.000000 0.000000 0.000000
78  -0.000000 0.000000 -0.000000  0.000000 0.000000 0.000000
79  1.907178 17.681803 0.736565  0.000001 0.000000 0.000000
80  0.059885 2.255348 54.398006  0.000000 0.000000 0.000000
81  0.003501 -22.270641 0.000158  1.570797 0.000000 -1.570796
82  0.000021 1.724012 -0.208863  0.000001 0.000000 0.000000
83  -0.007512 0.002855 -0.003933  0.000000 0.000000 -0.000000
84  -2.307078 11.683283 -6.602219  -0.008091 -0.065405 -1.488515
85  -2.662412 1.445768 33.628746  -0.000000 3.141592 1.570797
86  8.352066 2.772895 0.000539  -3.141589 0.000002 0.000000
87  0.006414 -45.818314 0.735915  1.570797 0.000000 -1.570796
88  -0.108381 16.549217 -6.332980  -0.000001 0.000000 0.000001
89  -0.152044 -0.178992 6.405252  -0.000000 -0.000001 -0.000000
90  0.326862 -0.178992 5.798759  -0.000000 -0.000001 -0.000000
91  0.000000 -0.000006 3.169724  -0.000000 -0.000000 -1.570797
92  -0.000000 -0.000000 -0.000000  0.000000 0.000000 0.000000
93  0.000002 0.000000 0.000001  0.000000 0.000000 0.000000
94  22.846478 98.319489 -39.725765  0.000000 0.000000 0.000000
95  0.000004 -10.070925 -2.318773  0.000000 0.000000 0.000000
96  -0.000000 -0.000001 -1.529050  -0.000000 0.000000 -0.000000
97  -0.078942 -0.000001 0.000000  0.000000 0.000001 1.570796
98  0.097092 0.000000 -0.000001  -0.000000 -3.141592 1.570796
99  0.000005 -13.006136 -2.049217  0.000000 0.000000 0.000000
100  0.000000 0.000001 0.000000  -0.000000 0.000000 -0.000000
101  1.754236 4.036759 -1.682665  0.392575 -0.010118 -1.546365
102  -1.755140 4.036759 -1.682665  -0.404674 0.245240 -1.741923
103  -0.000000 0.000001 0.000000  0.000000 0.000000 -0.000000
104  -11.350049 -0.729410 0.864871  0.000197 -0.025368 0.026438
105  0.000000 -0.000003 0.000001  0.000000 0.000000 -0.000000
106  -11.344171 1.135889 0.869271  -0.000000 -0.025019 -0.026323
107  0.000002 -3.002981 4.619920  1.570796 -0.000000 1.570797
time 67
0  0 0 0  0 0 0
1  0.000000 0.000000 0.000000  0.000000 -0.000000 -0.000000
2  -0.000005 0.000023 -61.375507  0.000000 0.000000 -1.570795
3  -0.012814 0.000000 8.236240  -1.570819 -1.475889 0.000019
4  16.160965 -0.011392 0.005502  -0.444189 0.000339 -0.187736
5  0.000002 -0.000002 0.000003  0.003845 0.000000 0.000000
6  0.000006 0.000001 -0.000001  0.002252 0.002264 -0.005307
7  -0.000001 -0.000001 -0.000004  -0.000000 -0.000000 0.005982
8  -0.000000 0.000001 0.000000  0.000366 0.000000 -0.000000
9  -0.000000 0.000001 0.000000  0.000732 -0.000000 -0.000000
10  -0.000000 -0.000001 -0.000000  0.001099 -0.000000 0.000000
11  -0.000000 0.000001 -0.000001  0.001526 -0.000000 -0.000000
12  -0.000000 -0.000002 0.000001  0.001892 -0.000000 0.000000
13  -0.000000 -0.000000 0.000002  0.002258 0.000000 0.000000
14  -0.000000 -0.000000 0.000002  0.002625 0.000000 0.000000
15  -0.000005 0.000005 -0.000001  0.001035 0.000918 -0.005676
16  -0.000003 0.000000 0.000000  0.000000 0.000000 -0.000000
17  0.000000 -0.000001 -0.000000  -0.000000 0.000000 -0.000000
18  0.000000 -0.000000 0.000000  0.000000 0.000000 -0.000000
19  -0.000007 0.000000 0.000001  0.000000 0.000000 -0.000000
20  0.000000 -0.000000 0.000001  -0.000000 0.000001 -0.000000
21  -0.000004 -0.000000 -0.000000  -0.000000 -0.000000 0.000000
22  -0.000007 0.000000 0.000001  -0.000000 -0.000000 0.000000
23  -0.000007 -0.000001 0.000001  -0.000000 0.000000 -0.000000
24  0.000001 0.000000 0.000000  -0.000000 -0.000000 -0.000000
25  -0.000003 -0.000000 -0.000000  0.000000 0.000000 0.000000
26  -0.000007 -0.000001 0.000002  -0.000000 0.000000 -0.000000
27  0.000003 0.000001 -0.000000  -0.000000 -0.000000 0.000000
28  -0.000007 0.000001 0.000000  -0.000000 -0.000000 0.000000
29  -0.000003 -0.000001 0.000000  -0.000000 -0.000000 -0.000000
30  -0.000003 -0.000001 0.000000  0.000000 0.000000 -0.000000
31  -0.000010 -0.000001 -0.000002  -0.007324 -0.000000 0.000000
32  -0.000002 0.000001 0.000000  -0.002312 -0.002265 -0.006040
33  -0.000001 -0.000003 -0.000001  0.000000 -0.000000 0.002259
34  -0.000006 -0.000001 -0.000002  -0.000732 -0.000000 0.000000
35  -0.000006 -0.000000 -0.000001  -0.001526 0.000000 -0.000000
36  -0.000006 0.000002 -0.000001  -0.002258 -0.000000 -0.000000
37  -0.000006 0.000001 0.000000  -0.003052 -0.000000 -0.000000
38  -0.000006 0.000002 -0.000001  -0.003845 -0.000000 -0.000000
39  -0.000006 0.000005 0.000001  -0.004578 -0.000000 -0.000000
40  -0.000006 0.000006 -0.000000  -0.005371 -0.000000 -0.000000
41  -0.000014 0.000004 -0.000001  -0.003780 -0.003240 -0.002802
42  1.410071 0.800536 2.089140  -2.043617 -0.463615 0.665928
43  3.954712 0.000004 -0.000008  0.000001 0.000000 0.689326
44  3.101568 -0.000006 -0.000002  0.000000 -0.000000 0.638253
45  -0.000002 0.000000 -0.000001  0.000000 0.000000 -0.000000
46  0.000001 0.000001 0.000000  -0.000000 -0.000000 -0.000000
47  0.000001 0.000000 -0.000000  0.000000 0.000000 -0.000000
48  7.145102 -0.676337 1.382428  0.062090 0.270328 0.703671
49  3.672218 0.000002 0.000002  0.000000 -0.000001 1.498259
50  2.676528 0.000001 0.000000  0.000000 -0.000001 1.006829
51  6.831186 -0.870862 -0.599918  0.231922 0.205741 0.934461
52  3.657088 0.000008 -0.000001  -0.000001 -0.000000 1.453593
53  2.496789 -0.000003 0.000002  0.000001 -0.000001 0.750510
54  6.164474 -0.898147 -2.575016  0.332711 0.188105 0.821957
55  2.805845 -0.000001 -0.000001  -0.000002 0.000001 0.963491
56  2.307449 0.000004 -0.000001  0.000001 -0.000001 0.990594
57  0.000000 0.000000 -0.000000  -0.000061 -0.000000 -0.000061
58  0.000000 0.000000 0.000000  0.000000 -0.000000 -0.000000
59  0.006776 0.005564 -0.005987  -0.001404 0.000609 -0.001648
60  -0.025366 -0.006447 0.021003  -0.001404 0.000609 -0.001648
61  -0.011054 0.015339 0.005716  -0.001404 0.000609 -0.001648
62  0.660711 -9.405923 5.052881  -0.000000 0.000000 -0.000000
63  0.001271 4.285938 -0.189680  -0.000001 -0.000000 0.000000
64  0.060211 10.324396 74.469048  0.000008 -0.000000 0.000000
65  -0.002042 -3.169755 2.277848  1.570797 0.000000 -1.570796
66  8.769395 -2.675095 -2.292492  0.000000 0.000000 0.000000
67  -1.584224 -9.364035 -0.000004  0.000000 -0.000000 0.000000
68  10.555299 -5.113577 -0.000004  -1.570797 1.570795 0.000000
69  6.464088 -5.113576 -0.000005  -1.570795 1.570796 0.000000
70  7.053375 -1.968536 2.001230  -1.570796 1.570796 0.000000
71  26.793743 -5.113575 -0.000001  0.000000 -0.000000 -0.000000
72  -2.662413 1.445765 40.667957  0.000000 3.141592 1.570797
73  8.352066 2.772895 0.000537  -3.141589 0.000002 -0.000000
74  0.001265 21.193817 -3.302072  0.000000 -0.000000 0.000000
75  0.059869 -33.068932 1.081967  1.570797 -0.000000 -1.570796
76  0.064640 27.351305 72.195198  -0.000000 -0.000000 -0.000001
77  -0.000000 -0.000002 -0.000000  -0.000000 -0.000000 0.000000
78  -0.000000 0.000000 -0.000000  -0.000000 -0.000000 0.000000
79  1.907178 17.681803 0.736565  0.000001 -0.000000 0.000000
80  0.059885 2.255348 54.398014  -0.000000 -0.000000 0.000000
81  0.003501 -22.270643 0.000156  1.570797 0.000000 -1.570796
82  0.000021 1.724012 -0.208863  0.000001 -0.000000 0.000000
83  -0.007512 0.002856 -0.003934  0.000000 -0.000000 -0.000000
84  -2.307079 11.683284 -6.602219  -0.008091 -0.065405 -1.488515
85  -2.662413 1.445768 33.628738  0.000000 3.141592 1.570797
86  8.352066 2.772895 0.000546  -3.141589 0.000002 -0.000000
87  0.006414 -45.818310 0.735915  1.570797 -0.000000 -1.570796
88  -0.108381 16.549217 -6.332980  -0.000001 -0.000000 0.000001
89  -0.152044 -0.178989 6.405252  -0.000000 -0.000001 0.000000
90  0.326862 -0.178988 5.798760  -0.000000 -0.000001 0.000000
91  0.000000 -0.000004 3.169724  0.000000 -0.000000 -1.570797
92  -0.000000 0.000000 0.000000  -0.000000 -0.000000 0.000000
93  0.000002 -0.000002 0.000001  -0.000000 -0.000000 0.000000
94  22.846476 98.319489 -39.725765  -0.000000 -0.000000 0.000000
95  0.000004 -10.070925 -2.318773  0.000000 -0.000000 0.000000
96  0.000000 0.000000 -1.529051  -0.000000 -0.000000 0.000000
97  -0.078942 0.000000 -0.000000  -0.000000 0.000001 1.570796
98  0.097092 0.000000 -0.000001  0.000000 -3.141592 1.570796
99  0.000005 -13.006136 -2.049217  0.000000 -0.000000 0.000000
100  -0.000000 0.000000 -0.000000  -0.000000 -0.000000 0.000000
101  1.754236 4.036759 -1.682666  0.392575 -0.010118 -1.546365
102  -1.755140 4.036759 -1.682666  -0.404674 0.245240 -1.741923
103  -0.000000 0.000000 -0.000000  -0.000000 -0.000000 0.000000
104  -11.350050 -0.729412 0.864871  0.000197 -0.025368 0.026438
105  -0.000000 -0.000004 0.000001  -0.000000 -0.000000 0.000000
106  -11.344171 1.135889 0.869270  -0.000000 -0.025020 -0.026323
107  0.000002 -3.002981 4.619920  1.570796 -0.000000 1.570797
time 68
0  0 0 0  0 0 0
1  0.000000 0.000000 0.000000  0.000000 -0.000000 -0.000000
2  -0.000005 0.000023 -61.375507  0.000000 0.000000 -1.570795
3  -0.012814 0.000000 8.236240  -1.570819 -1.475889 0.000019
4  16.160965 -0.011392 0.005502  -0.444189 0.000339 -0.187736
5  0.000002 -0.000002 0.000003  0.001099 0.000000 0.000000
6  -0.000002 0.000001 -0.000001  0.001525 0.000796 -0.003173
7  -0.000006 -0.000002 -0.000004  -0.000000 -0.000000 0.003906
8  -0.000002 0.000000 0.000000  -0.000122 0.000000 -0.000000
9  -0.000002 0.000001 -0.000000  -0.000305 -0.000000 -0.000000
10  -0.000002 -0.000002 -0.000001  -0.000488 -0.000000 0.000000
11  -0.000002 -0.000000 -0.000001  -0.000610 -0.000000 0.000000
12  0.000002 -0.000003 0.000001  -0.000793 -0.000000 0.000000
13  0.000002 -0.000001 0.000001  -0.000977 0.000000 0.000000
14  -0.000006 -0.000001 0.000001  -0.001159 0.000000 0.000000
15  -0.000006 0.000006 -0.000001  -0.001519 -0.004275 -0.003476
16  -0.000001 -0.000000 0.000000  0.000000 0.000000 -0.000000
17  -0.000001 -0.000001 -0.000000  -0.000000 0.000000 -0.000000
18  0.000003 -0.000000 -0.000000  -0.000000 0.000000 -0.000000
19  -0.000005 0.000000 0.000001  0.000000 0.000000 -0.000000
20  -0.000001 -0.000000 0.000001  -0.000000 0.000000 -0.000000
21  0.000006 0.000000 -0.000000  -0.000000 -0.000000 0.000000
22  -0.000005 -0.000000 0.000001  0.000000 -0.000000 0.000000
23  0.000003 -0.000001 0.000001  -0.000000 0.000000 0.000000
24  0.000003 -0.000000 0.000001  -0.000000 0.000000 -0.000000
25  -0.000001 -0.000000 -0.000000  0.000000 0.000000 -0.000000
26  -0.000001 -0.000001 0.000003  -0.000000 0.000000 -0.000000
27  -0.000002 0.000001 -0.000000  -0.000000 -0.000000 0.000000
28  -0.000005 0.000001 0.000001  -0.000000 -0.000000 0.000000
29  -0.000001 -0.000000 0.000001  -0.000000 -0.000000 -0.000000
30  0.000003 -0.000001 0.000001  0.000000 0.000000 -0.000000
31  -0.000010 -0.000001 -0.000002  -0.002014 0.000000 -0.000000
32  0.000001 0.000000 0.000001  -0.000854 -0.000977 -0.000732
33  -0.000003 -0.000003 -0.000002  0.000000 -0.000000 0.000672
34  0.000000 -0.000001 -0.000001  -0.000733 -0.000000 0.000000
35  0.000000 -0.000000 -0.000001  -0.001526 0.000000 -0.000000
36  -0.000004 0.000002 -0.000000  -0.002320 -0.000000 -0.000000
37  -0.000004 0.000001 0.000000  -0.003113 -0.000000 -0.000000
38  -0.000004 0.000001 -0.000001  -0.003906 -0.000000 -0.000000
39  -0.000000 0.000005 0.000002  -0.004700 -0.000000 -0.000000
40  -0.000004 0.000005 -0.000000  -0.005493 -0.000000 -0.000000
41  -0.000004 0.000004 -0.000001  -0.004209 -0.004702 -0.001150
42  1.410076 0.800536 2.089140  -2.043617 -0.463615 0.665928
43  3.954712 0.000005 -0.000007  0.000001 0.000000 0.689326
44  3.101570 -0.000007 0.000000  0.000000 -0.000000 0.638253
45  0.000004 0.000000 -0.000002  0.000000 0.000000 -0.000000
46  -0.000004 0.000001 -0.000000  -0.000000 -0.000000 -0.000000
47  0.000000 0.000000 -0.000000  0.000000 0.000000 -0.000000
48  7.145107 -0.676337 1.382427  0.062090 0.270328 0.703671
49  3.672216 0.000003 0.000001  0.000000 -0.000001 1.498259
50  2.676530 0.000002 -0.000000  0.000000 -0.000001 1.006829
51  6.831190 -0.870862 -0.599919  0.231922 0.205741 0.934461
52  3.657088 0.000008 -0.000001  -0.000001 -0.000000 1.453593
53  2.496793 -0.000003 0.000002  0.000001 -0.000001 0.750510
54  6.164483 -0.898146 -2.575016  0.332711 0.188105 0.821957
55  2.805846 0.000001 -0.000002  -0.000002 0.000001 0.963491
56  2.307450 0.000003 -0.000001  0.000001 -0.000001 0.990594
57  0.000000 0.000000 -0.000000  -0.000000 0.000305 -0.000061
58  0.000000 0.000000 0.000000  0.000000 -0.000000 -0.000000
59  -0.032208 0.005560 0.005989  -0.000369 0.004883 -0.000978
60  -0.070625 0.024860 -0.019466  -0.000369 0.004883 -0.000977
61  -0.011054 0.006664 -0.006685  -0.000369 0.004883 -0.000977
62  0.660711 -9.405926 5.052881  0.000000 0.000000 -0.000000
63  0.001271 4.285938 -0.189680  -0.000001 -0.000000 0.000000
64  0.060211 10.324396 74.469055  0.000008 -0.000000 0.000000
65  -0.002042 -3.169755 2.277848  1.570797 0.000000 -1.570796
66  8.769395 -2.675095 -2.292492  -0.000000 0.000000 -0.000000
67  -1.584224 -9.364035 -0.000004  -0.000000 -0.000000 0.000000
68  10.555298 -5.113577 -0.000004  -1.570797 1.570795 0.000000
69  6.464090 -5.113576 -0.000005  -1.570795 1.570796 0.000000
70  7.053375 -1.968536 2.001230  -1.570796 1.570796 0.000000
71  26.793743 -5.113576 -0.000001  0.000000 -0.000000 -0.000000
72  -2.662412 1.445765 40.667953  0.000000 3.141592 1.570797
73  8.352066 2.772895 0.000539  -3.141589 0.000002 0.000000
74  0.001265 21.193819 -3.302072  0.000000 -0.000000 0.000000
75  0.059869 -33.068928 1.081967  1.570797 0.000000 -1.570796
76  0.064640 27.351305 72.195206  0.000000 -0.000000 -0.000001
77  -0.000000 -0.000002 -0.000000  0.000000 -0.000000 -0.000000
78  -0.000000 0.000002 -0.000000  0.000000 -0.000000 -0.000000
79  1.907178 17.681805 0.736565  0.000001 -0.000000 0.000000
80  0.059885 2.255348 54.398006  -0.000000 -0.000000 0.000000
81  0.003500 -22.270643 0.000158  1.570797 -0.000000 -1.570796
82  0.000021 1.724012 -0.208863  0.000001 -0.000000 0.000000
83  -0.007512 0.002855 -0.003933  0.000000 -0.000000 -0.000000
84  -2.307079 11.683282 -6.602219  -0.008091 -0.065405 -1.488515
85  -2.662412 1.445768 33.628738  0.000000 3.141592 1.570797
86  8.352066 2.772895 0.000544  -3.141589 0.000002 0.000000
87  0.006414 -45.818321 0.735915  1.570797 0.000000 -1.570796
88  -0.108381 16.549217 -6.332980  -0.000001 0.000000 0.000001
89  -0.152044 -0.178990 6.405252  -0.000000 -0.000001 0.000000
90  0.326862 -0.178989 5.798759  -0.000000 -0.000001 0.000000
91  0.000000 -0.000003 3.169725  -0.000000 -0.000000 -1.570797
92  -0.000000 -0.000000 -0.000000  0.000000 -0.000000 -0.000000
93  0.000002 -0.000002 0.000001  0.000000 -0.000000 0.000000
94  22.846474 98.319496 -39.725765  0.000000 -0.000000 -0.000000
95  0.000004 -10.070926 -2.318773  0.000000 -0.000000 0.000000
96  -0.000000 -0.000000 -1.529051  -0.000000 0.000000 -0.000000
97  -0.078942 0.000000 -0.000000  -0.000000 0.000001 1.570796
98  0.097092 0.000001 -0.000001  0.000000 -3.141592 1.570796
99  0.000005 -13.006138 -2.049217  0.000000 -0.000000 0.000000
100  -0.000000 0.000000 -0.000000  -0.000000 0.000000 -0.000000
101  1.754236 4.036758 -1.682666  0.392575 -0.010118 -1.546365
102  -1.755140 4.036758 -1.682666  -0.404674 0.245240 -1.741923
103  -0.000000 -0.000001 -0.000000  -0.000000 -0.000000 -0.000000
104  -11.350049 -0.729412 0.864871  0.000197 -0.025368 0.026438
105  -0.000000 -0.000004 0.000001  -0.000000 -0.000000 -0.000000
106  -11.344170 1.135887 0.869270  0.000000 -0.025020 -0.026323
107  0.000002 -3.002981 4.619920  1.570796 -0.000000 1.570797
time 69
0  0 0 0  0 0 0
1  0.000000 0.000000 0.000000  0.000000 -0.000000 -0.000000
2  -0.000005 0.000023 -61.375507  0.000000 0.000000 -1.570795
3  -0.012814 0.000000 8.236240  -1.570819 -1.475889 0.000019
4  16.160965 -0.011392 0.005502  -0.444189 0.000339 -0.187736
5  0.000002 -0.000002 0.000003  0.000000 0.000000 0.000000
6  0.000002 0.000000 -0.000001  0.000305 0.000000 -0.000855
7  0.000002 -0.000001 -0.000004  -0.000000 -0.000000 0.001160
8  -0.000001 0.000001 0.000000  -0.000122 0.000000 -0.000000
9  -0.000001 0.000001 -0.000000  -0.000305 -0.000000 -0.000000
10  -0.000001 -0.000001 -0.000001  -0.000427 -0.000000 0.000000
11  -0.000001 0.000000 -0.000001  -0.000610 -0.000000 -0.000000
12  0.000003 -0.000003 0.000001  -0.000793 -0.000000 0.000000
13  0.000003 -0.000000 0.000002  -0.000916 0.000000 0.000000
14  -0.000005 -0.000001 0.000002  -0.001099 0.000000 0.000000
15  -0.000005 0.000006 -0.000001  -0.001037 -0.002442 -0.000976
16  -0.000001 -0.000000 0.000000  0.000000 -0.000000 -0.000000
17  0.000006 -0.000001 -0.000000  -0.000000 0.000000 -0.000000
18  0.000002 -0.000000 0.000000  -0.000000 0.000000 -0.000000
19  0.000002 0.000001 0.000001  0.000000 0.000000 -0.000000
20  0.000002 -0.000000 0.000001  -0.000000 0.000001 -0.000000
21  0.000002 0.000000 -0.000000  -0.000000 -0.000000 0.000000
22  -0.000002 0.000000 0.000001  -0.000000 -0.000000 0.000000
23  0.000003 -0.000001 0.000001  -0.000000 0.000000 -0.000000
24  0.000003 -0.000000 0.000000  -0.000000 0.000000 -0.000000
25  -0.000001 -0.000001 -0.000000  0.000000 0.000000 0.000000
26  0.000006 -0.000000 0.000003  -0.000000 0.000000 -0.000000
27  0.000005 0.000001 -0.000000  -0.000000 -0.000000 0.000000
28  -0.000005 0.000000 0.000001  -0.000000 -0.000000 0.000000
29  -0.000005 -0.000000 0.000001  -0.000000 -0.000000 -0.000000
30  0.000003 -0.000000 0.000000  0.000000 0.000000 -0.000000
31  -0.000010 -0.000001 -0.000002  0.000000 -0.000000 0.000000
32  0.000002 0.000001 0.000001  -0.000244 -0.000244 0.000366
33  -0.000004 -0.000003 -0.000002  0.000000 -0.000000 -0.000000
34  0.000000 -0.000001 -0.000002  -0.000305 -0.000000 0.000000
35  0.000000 -0.000001 -0.000001  -0.000611 0.000000 -0.000000
36  -0.000000 0.000002 -0.000001  -0.000916 -0.000000 -0.000000
37  -0.000004 0.000000 -0.000000  -0.001221 -0.000000 -0.000000
38  -0.000004 0.000001 -0.000001  -0.001587 -0.000000 -0.000000
39  -0.000004 0.000004 0.000001  -0.001892 -0.000000 -0.000000
40  -0.000004 0.000005 -0.000001  -0.002198 -0.000000 -0.000000
41  -0.000004 0.000004 -0.000001  -0.001770 -0.002014 -0.000181
42  1.410071 0.800536 2.089140  -2.043617 -0.463615 0.665928
43  3.954715 0.000005 -0.000006  0.000001 0.000000 0.689326
44  3.101573 -0.000006 -0.000001  0.000000 -0.000000 0.638253
45  -0.000000 0.000001 -0.000002  0.000000 0.000000 -0.000000
46  0.000003 0.000001 0.000000  -0.000000 -0.000000 -0.000000
47  -0.000001 -0.000000 0.000000  0.000000 0.000000 -0.000000
48  7.145102 -0.676337 1.382428  0.062091 0.270328 0.703671
49  3.672219 0.000004 0.000000  0.000000 -0.000001 1.498259
50  2.676528 0.000000 0.000002  0.000000 -0.000001 1.006829
51  6.831184 -0.870862 -0.599919  0.231922 0.205741 0.934461
52  3.657087 0.000007 -0.000002  -0.000001 -0.000000 1.453593
53  2.496792 -0.000000 0.000003  0.000001 -0.000001 0.750510
54  6.164478 -0.898146 -2.575016  0.332711 0.188105 0.821957
55  2.805845 -0.000001 -0.000001  -0.000002 0.000001 0.963491
56  2.307450 0.000005 -0.000000  0.000001 -0.000001 0.990594
57  0.000000 0.000000 -0.000000  0.000000 0.000122 0.000000
58  0.000000 0.000000 0.000000  0.000000 -0.000000 -0.000000
59  -0.017589 0.005562 -0.005987  -0.000000 0.002441 -0.000305
60  -0.047995 0.024857 -0.019470  -0.000000 0.002442 -0.000305
61  -0.011054 0.006664 -0.006685  -0.000000 0.002441 -0.000305
62  0.660711 -9.405925 5.052881  0.000000 0.000000 0.000000
63  0.001271 4.285938 -0.189680  -0.000001 0.000000 0.000000
64  0.060211 10.324395 74.469048  0.000008 0.000000 0.000000
65  -0.002042 -3.169755 2.277849  1.570797 0.000000 -1.570796
66  8.769394 -2.675095 -2.292492  -0.000000 0.000000 0.000000
67  -1.584224 -9.364035 -0.000004  0.000000 -0.000000 0.000000
68  10.555298 -5.113576 -0.000004  -1.570797 1.570795 0.000000
69  6.464088 -5.113576 -0.000005  -1.570795 1.570796 0.000000
70  7.053374 -1.968536 2.001230  -1.570796 1.570796 0.000000
71  26.793743 -5.113575 -0.000001  0.000000 -0.000000 -0.000000
72  -2.662412 1.445765 40.667953  -0.000000 3.141592 1.570797
73  8.352066 2.772896 0.000545  -3.141589 0.000002 -0.000000
74  0.001265 21.193819 -3.302073  0.000000 0.000000 0.000000
75  0.059869 -33.068928 1.081967  1.570797 -0.000000 -1.570796
76  0.064640 27.351305 72.195206  -0.000000 -0.000000 -0.000001
77  -0.000000 -0.000002 -0.000000  -0.000000 0.000000 0.000000
78  -0.000000 0.000002 -0.000000  -0.000000 0.000000 0.000000
79  1.907178 17.681801 0.736565  0.000001 0.000000 0.000000
80  0.059885 2.255348 54.398014  -0.000000 0.000000 0.000000
81  0.003500 -22.270643 0.000162  1.570797 -0.000000 -1.570796
82  0.000021 1.724012 -0.208863  0.000001 0.000000 0.000000
83  -0.007512 0.002856 -0.003933  0.000000 -0.000000 -0.000000
84  -2.307079 11.683282 -6.602220  -0.008091 -0.065405 -1.488515
85  -2.662412 1.445768 33.628742  -0.000000 3.141592 1.570797
86  8.352066 2.772896 0.000541  -3.141589 0.000002 -0.000000
87  0.006414 -45.818314 0.735915  1.570797 -0.000000 -1.570796
88  -0.108381 16.549213 -6.332979  -0.000001 0.000000 0.000001
89  -0.152044 -0.178992 6.405252  -0.000000 -0.000001 0.000000
90  0.326862 -0.178993 5.798759  -0.000000 -0.000001 0.000000
91  0.000000 -0.000007 3.169724  -0.000000 -0.000000 -1.570797
92  -0.000000 -0.000000 -0.000000  -0.000000 0.000000 0.000000
93  0.000002 0.000000 0.000001  -0.000000 0.000000 0.000000
94  22.846478 98.319489 -39.725765  -0.000000 0.000000 0.000000
95  0.000004 -10.070925 -2.318773  0.000000 0.000000 0.000000
96  -0.000000 0.000001 -1.529051  -0.000000 0.000000 0.000000
97  -0.078942 0.000001 -0.000000  0.000000 0.000001 1.570796
98  0.097092 0.000002 -0.000001  -0.000000 -3.141592 1.570796
99  0.000005 -13.006136 -2.049217  0.000000 0.000000 0.000000
100  0.000000 0.000000 -0.000000  -0.000000 0.000000 0.000000
101  1.754236 4.036758 -1.682666  0.392575 -0.010118 -1.546365
102  -1.755140 4.036758 -1.682666  -0.404674 0.245240 -1.741923
103  -0.000000 0.000001 -0.000000  -0.000000 0.000000 0.000000
104  -11.350049 -0.729412 0.864871  0.000197 -0.025368 0.026438
105  0.000000 -0.000003 0.000001  -0.000000 0.000000 0.000000
106  -11.344171 1.135887 0.869270  0.000000 -0.025020 -0.026323
107  0.000002 -3.002981 4.619920  1.570796 -0.000000 1.570797
time 70
0  0 0 0  0 0 0
1  0.000000 0.000000 0.000000  0.000000 -0.000000 -0.000000
2  -0.000005 0.000023 -61.375507  0.000000 0.000000 -1.570795
3  -0.012814 0.000000 8.236240  -1.570819 -1.475889 0.000019
4  16.160965 -0.011392 0.005502  -0.444189 0.000339 -0.187736
5  0.000002 -0.000002 0.000003  0.000000 0.000000 0.000000
6  0.000002 0.000000 -0.000001  0.000000 -0.000000 0.000000
7  -0.000002 -0.000001 -0.000003  -0.000000 -0.000000 0.000000
8  -0.000002 0.000000 0.000000  0.000000 0.000000 -0.000000
9  -0.000002 0.000001 0.000000  0.000000 -0.000000 -0.000000
10  -0.000001 -0.000001 -0.000001  -0.000000 -0.000000 0.000000
11  -0.000002 0.000000 -0.000001  -0.000000 -0.000000 -0.000000
12  -0.000001 -0.000003 0.000001  -0.000000 -0.000000 0.000000
13  0.000002 -0.000000 0.000002  -0.000000 0.000000 0.000000
14  -0.000002 -0.000001 0.000002  0.000000 0.000000 0.000000
15  -0.000002 0.000007 -0.000001  -0.000000 -0.000000 -0.000000
16  0.000002 -0.000001 0.000000  0.000000 -0.000000 -0.000000
17  -0.000002 -0.000001 -0.000000  -0.000000 0.000000 -0.000000
18  -0.000002 -0.000000 -0.000000  -0.000000 0.000000 -0.000000
19  -0.000002 0.000000 0.000001  0.000000 0.000000 -0.000000
20  0.000002 -0.000000 0.000001  -0.000000 0.000001 -0.000000
21  0.000001 -0.000000 -0.000000  -0.000000 -0.000000 0.000000
22  -0.000006 -0.000001 0.000001  0.000000 -0.000000 0.000000
23  -0.000002 -0.000001 0.000001  -0.000000 0.000000 -0.000000
24  -0.000005 -0.000000 0.000001  -0.000000 0.000000 -0.000000
25  -0.000002 -0.000001 -0.000000  0.000000 0.000000 -0.000000
26  -0.000002 -0.000000 0.000003  -0.000000 0.000000 -0.000000
27  0.000001 0.000001 -0.000001  -0.000000 -0.000000 0.000000
28  -0.000002 0.000001 -0.000000  -0.000000 -0.000000 0.000000
29  -0.000002 0.000000 0.000001  -0.000000 -0.000000 -0.000000
30  0.000002 -0.000000 0.000001  0.000000 0.000000 -0.000000
31  -0.000010 -0.000001 -0.000002  0.000000 -0.000000 0.000000
32  0.000002 0.000001 0.000001  -0.000244 -0.000061 0.000000
33  -0.000008 -0.000003 -0.000002  0.000000 -0.000000 -0.000000
34  -0.000000 -0.000001 -0.000001  -0.000000 -0.000000 0.000000
35  -0.000000 -0.000000 -0.000001  -0.000061 0.000000 -0.000000
36  -0.000001 0.000002 -0.000000  -0.000061 -0.000000 -0.000000
37  -0.000004 0.000001 0.000000  -0.000122 -0.000000 -0.000000
38  -0.000004 0.000002 -0.000001  -0.000122 -0.000000 -0.000000
39  -0.000001 0.000005 0.000002  -0.000183 -0.000000 -0.000000
40  -0.000005 0.000006 -0.000000  -0.000183 -0.000000 -0.000000
41  -0.000005 0.000005 -0.000001  -0.000183 -0.000183 -0.000000
42  1.410071 0.800536 2.089140  -2.043617 -0.463615 0.665928
43  3.954712 0.000005 -0.000005  0.000001 0.000000 0.689326
44  3.101570 -0.000006 0.000000  0.000000 -0.000000 0.638253
45  0.000003 0.000001 -0.000001  0.000000 0.000000 -0.000000
46  -0.000005 0.000000 -0.000000  -0.000000 -0.000000 -0.000000
47  0.000003 0.000000 -0.000000  0.000000 0.000000 -0.000000
48  7.145105 -0.676337 1.382428  0.062090 0.270328 0.703671
49  3.672218 0.000001 0.000001  0.000000 -0.000001 1.498259
50  2.676527 0.000002 0.000001  0.000000 -0.000001 1.006829
51  6.831190 -0.870862 -0.599919  0.231922 0.205741 0.934461
52  3.657089 0.000008 -0.000002  -0.000001 -0.000000 1.453593
53  2.496791 -0.000003 0.000001  0.000001 -0.000001 0.750510
54  6.164480 -0.898146 -2.575016  0.332711 0.188105 0.821957
55  2.805846 0.000003 -0.000002  -0.000002 0.000001 0.963491
56  2.307450 0.000003 -0.000001  0.000001 -0.000001 0.990594
57  0.000000 0.000000 -0.000000  0.000000 -0.000000 0.000000
58  0.000000 0.000000 0.000000  0.000000 -0.000000 -0.000000
59  -0.002971 0.005564 -0.005987  0.000000 0.000000 -0.000000
60  -0.002736 0.024864 -0.005978  -0.000000 0.000000 0.000000
61  -0.000946 0.006664 -0.006685  0.000000 -0.000000 0.000000
62  0.660711 -9.405926 5.052881  0.000000 0.000000 0.000000
63  0.001271 4.285938 -0.189680  -0.000001 -0.000000 0.000000
64  0.060211 10.324396 74.469048  0.000008 0.000000 0.000000
65  -0.002042 -3.169755 2.277848  1.570797 0.000000 -1.570796
66  8.769396 -2.675095 -2.292492  -0.000000 0.000000 0.000000
67  -1.584224 -9.364035 -0.000004  -0.000000 -0.000000 0.000000
68  10.555299 -5.113577 -0.000004  -1.570797 1.570795 0.000000
69  6.464089 -5.113576 -0.000005  -1.570795 1.570796 0.000000
70  7.053375 -1.968536 2.001230  -1.570796 1.570796 0.000000
71  26.793745 -5.113575 -0.000001  0.000000 -0.000000 -0.000000
72  -2.662412 1.445765 40.667953  -0.000000 3.141592 1.570797
73  8.352066 2.772896 0.000542  -3.141589 0.000002 0.000000
74  0.001265 21.193819 -3.302072  0.000000 -0.000000 0.000000
75  0.059869 -33.068932 1.081967  1.570797 -0.000000 -1.570796
76  0.064640 27.351305 72.195198  0.000000 -0.000000 -0.000001
77  -0.000000 -0.000002 -0.000000  -0.000000 -0.000000 -0.000000
78  -0.000000 -0.000000 -0.000000  -0.000000 -0.000000 0.000000
79  1.907178 17.681803 0.736565  0.000001 0.000000 0.000000
80  0.059885 2.255348 54.398010  0.000000 0.000000 0.000000
81  0.003500 -22.270643 0.000156  1.570797 0.000000 -1.570796
82  0.000021 1.724012 -0.208863  0.000001 0.000000 0.000000
83  -0.007512 0.002856 -0.003933  0.000000 -0.000000 -0.000000
84  -2.307079 11.683283 -6.602219  -0.008091 -0.065405 -1.488515
85  -2.662412 1.445768 33.628738  -0.000000 3.141592 1.570797
86  8.352066 2.772896 0.000542  -3.141589 0.000002 0.000000
87  0.006414 -45.818314 0.735915  1.570797 -0.000000 -1.570796
88  -0.108381 16.549217 -6.332980  -0.000001 0.000000 0.000001
89  -0.152044 -0.178991 6.405252  -0.000000 -0.000001 0.000000
90  0.326862 -0.178991 5.798759  -0.000000 -0.000001 0.000000
91  0.000000 -0.000003 3.169724  -0.000000 -0.000000 -1.570797
92  -0.000000 -0.000000 -0.000000  -0.000000 -0.000000 -0.000000
93  0.000002 -0.000000 0.000001  -0.000000 -0.000000 0.000000
94  22.846476 98.319489 -39.725761  0.000000 0.000000 0.000000
95  0.000004 -10.070926 -2.318773  0.000000 -0.000000 0.000000
96  0.000000 0.000000 -1.529051  -0.000000 -0.000000 0.000000
97  -0.078942 -0.000000 0.000000  -0.000000 0.000001 1.570796
98  0.097092 -0.000000 -0.000001  0.000000 -3.141592 1.570796
99  0.000005 -13.006137 -2.049217  0.000000 -0.000000 0.000000
100  0.000000 -0.000000 -0.000000  -0.000000 -0.000000 0.000000
101  1.754236 4.036758 -1.682666  0.392575 -0.010118 -1.546365
102  -1.755140 4.036759 -1.682666  -0.404674 0.245240 -1.741923
103  -0.000000 0.000000 0.000000  -0.000000 -0.000000 0.000000
104  -11.350050 -0.729412 0.864871  0.000197 -0.025368 0.026438
105  0.000000 -0.000004 0.000001  -0.000000 -0.000000 0.000000
106  -11.344169 1.135888 0.869270  0.000000 -0.025020 -0.026323
107  0.000002 -3.002981 4.619920  1.570796 -0.000000 1.570797
end
