version 1
nodes
0 "blender_implicit" -1
1 "b_root" -1
2 "b_ch_middle" 1
3 "b_ch_spine1" 2
4 "b_ch_spine2" 3
5 "b_ch_l_clavical" 4
6 "b_ch_l_upperarm" 5
7 "b_ch_l_forearm" 6
8 "b_ch_l_forearm_twist1" 7
9 "b_ch_l_forearm_twist2" 7
10 "b_ch_l_forearm_twist3" 7
11 "b_ch_l_forearm_twist4" 7
12 "b_ch_l_forearm_twist5" 7
13 "b_ch_l_forearm_twist6" 7
14 "b_ch_l_forearm_twist7" 7
15 "b_ch_l_hand" 7
16 "b_ch_l_finger_00" 15
17 "b_ch_l_finger_01" 16
18 "b_ch_l_finger_02" 17
19 "b_ch_l_finger_40" 15
20 "b_ch_l_finger_41" 19
21 "b_ch_l_finger_42" 20
22 "b_ch_l_finger_20" 15
23 "b_ch_l_finger_21" 22
24 "b_ch_l_finger_22" 23
25 "b_ch_l_finger_30" 15
26 "b_ch_l_finger_31" 25
27 "b_ch_l_finger_32" 26
28 "b_ch_l_finger_10" 15
29 "b_ch_l_finger_11" 28
30 "b_ch_l_finger_12" 29
31 "b_ch_r_clavical" 4
32 "b_ch_r_upperarm" 31
33 "b_ch_r_forearm" 32
34 "b_ch_r_forearm_twist1" 33
35 "b_ch_r_forearm_twist2" 33
36 "b_ch_r_forearm_twist3" 33
37 "b_ch_r_forearm_twist4" 33
38 "b_ch_r_forearm_twist5" 33
39 "b_ch_r_forearm_twist6" 33
40 "b_ch_r_forearm_twist7" 33
41 "b_ch_r_hand" 33
42 "b_ch_r_finger_00" 41
43 "b_ch_r_finger_01" 42
44 "b_ch_r_finger_02" 43
45 "b_ch_r_finger_10" 41
46 "b_ch_r_finger_11" 45
47 "b_ch_r_finger_12" 46
48 "b_ch_r_finger_20" 41
49 "b_ch_r_finger_21" 48
50 "b_ch_r_finger_22" 49
51 "b_ch_r_finger_30" 41
52 "b_ch_r_finger_31" 51
53 "b_ch_r_finger_32" 52
54 "b_ch_r_finger_40" 41
55 "b_ch_r_finger_41" 54
56 "b_ch_r_finger_42" 55
57 "b_camera" 1
58 "b_wpn" 1
59 "b_wpn_bipod" 58
60 "b_wpn_bipod_l" 59
61 "b_wpn_bipod_r" 59
62 "b_wpn_bipod_base" 59
63 "b_wpn_bipod_base_r" 62
64 "b_wpn_bipod_spring_base_r" 63
65 "b_wpn_bipod_base_l" 62
66 "b_wpn_bipod_spring_base_l" 65
67 "b_wpn_bipod_spring_l" 62
68 "b_wpn_bipod_spring_r" 62
69 "b_wpn_bolt" 58
70 "b_wpn_chargehandle" 58
71 "b_wpn_eject" 58
72 "b_wpn_fireselect" 58
73 "b_wpn_foregrip" 58
74 "b_wpn_gl" 58
75 "b_wpn_gl_slide" 74
76 "b_wpn_gl_trigger" 74
77 "b_wpn_gl_round" 74
78 "b_wpn_gl_casing" 74
79 "b_wpn_gl_slidelock" 74
80 "b_wpn_gl_muzzle" 74
81 "b_wpn_gl_sight_back" 74
82 "b_wpn_gl_sight_front" 74
83 "b_wpn_hammer" 58
84 "b_wpn_laserflash" 58
85 "b_wpn_laserflash_beam" 84
86 "b_wpn_lid" 58
87 "b_wpn_mag" 58
88 "b_wpn_mag_b1" 87
89 "b_wpn_mag_casing_1" 88
90 "b_wpn_mag_bullet_1" 88
91 "b_wpn_mag_b2" 87
92 "b_wpn_mag_casing_2" 91
93 "b_wpn_mag_bullet_2" 91
94 "b_wpn_mag_b3" 87
95 "b_wpn_mag_casing_3" 94
96 "b_wpn_mag_bullet_3" 94
97 "b_wpn_mag_b4" 87
98 "b_wpn_mag_casing_4" 97
99 "b_wpn_mag_bullet_4" 97
100 "b_wpn_mag_b5" 87
101 "b_wpn_mag_casing_5" 100
102 "b_wpn_mag_bullet_5" 100
103 "b_wpn_mag_b6" 87
104 "b_wpn_mag_casing_6" 103
105 "b_wpn_mag_bullet_6" 103
106 "b_wpn_mag_b7" 87
107 "b_wpn_mag_b8" 87
108 "b_wpn_mag_b9" 87
109 "b_wpn_mag_follow" 87
110 "b_wpn_mag_b13" 87
111 "b_wpn_mag_b10" 87
112 "b_wpn_mag_b11" 87
113 "b_wpn_mag_b12" 87
114 "b_wpn_mag_b14" 87
115 "b_wpn_mag_b15" 87
116 "b_wpn_mag_tab" 87
117 "b_wpn_mag_b_link1" 87
118 "b_wpn_mag_b_link2" 87
119 "b_wpn_mag_b_link3" 87
120 "b_wpn_mag_b_link4" 87
121 "b_wpn_mag_b_link5" 87
122 "b_wpn_mag_b_link6" 87
123 "b_wpn_mag_b_link7" 87
124 "b_wpn_mag_b_link8" 87
125 "b_wpn_mag_b_link9" 87
126 "b_wpn_mag_b_link10" 87
127 "b_wpn_mag_b_link11" 87
128 "b_wpn_mag_b_link12" 87
129 "b_wpn_mag_b_link13" 87
130 "b_wpn_mag_b16" 87
131 "b_wpn_mag_b17" 87
132 "b_wpn_mag_b18" 87
133 "b_wpn_mag_b19" 87
134 "b_wpn_mag_b20" 87
135 "b_wpn_mag_b21" 87
136 "b_wpn_mag_b22" 87
137 "b_wpn_mag_b23" 87
138 "b_wpn_mag_b24" 87
139 "b_wpn_mag_b25" 87
140 "b_wpn_mag_b26" 87
141 "b_wpn_mag_b27" 87
142 "b_wpn_mag_b28" 87
143 "b_wpn_mag_b29" 87
144 "b_wpn_mag_b30" 87
145 "b_wpn_mag_spring_bottom" 87
146 "b_wpn_mag_b31" 87
147 "b_wpn_mag_b32" 87
148 "b_wpn_mag_b35" 87
149 "b_wpn_mag_b33" 87
150 "b_wpn_mag_b34" 87
151 "b_wpn_mag_b36" 87
152 "b_wpn_mag_b37" 87
153 "b_wpn_mag_b38" 87
154 "b_wpn_mag_b39" 87
155 "b_wpn_mag_b40" 87
156 "b_wpn_mag_b41" 87
157 "b_wpn_mag_b42" 87
158 "b_wpn_mag_b50" 87
159 "b_wpn_mag_b49" 87
160 "b_wpn_mag_b48" 87
161 "b_wpn_mag_b47" 87
162 "b_wpn_mag_b45" 87
163 "b_wpn_mag_b44" 87
164 "b_wpn_mag_b43" 87
165 "b_wpn_mag_b46" 87
166 "b_wpn_magrelease" 58
167 "b_wpn_muzzle" 58
168 "b_wpn_optic" 58
169 "b_wpn_pin" 58
170 "b_wpn_ring" 58
171 "b_wpn_slide" 58
172 "b_wpn_sliderelease" 58
173 "b_wpn_spec_1" 58
174 "b_wpn_spec_2" 58
175 "b_wpn_spoon" 58
176 "b_wpn_suppressor" 58
177 "b_wpn_suppressor_muzzle" 176
178 "b_wpn_trigger" 58
179 "ik_hand_wpn_l" 58
180 "ik_hand_wpn_r" 58
181 "b_wpn_laser" 58
182 "b_wpn_laser_beam" 181
183 "b_wpn_flash" 58
184 "b_wpn_flash_beam" 183
185 "b_wpn_stock" 58
186 "b_wpn_barrel" 58
187 "b_wpn_chain_01" 58
188 "b_wpn_chain_02" 187
189 "b_wpn_chain_03" 188
190 "b_wpn_chain_04" 189
191 "b_wpn_chain_05" 190
192 "b_wpn_chain_06" 191
193 "b_wpn_bayonet" 58
194 "b_wpn_mag_2" 58
195 "b_wpn_gripod" 58
196 "b_wpn_gripod_base" 195
197 "b_wpn_gripod_base_r" 196
198 "b_wpn_gripod_base_l" 196
199 "ik_hand_root" 1
200 "ik_hand_r" 199
201 "ik_hand_l" 199
end
skeleton
time 0
0  0 0 0  0 0 0
1  0.000000 0.000000 0.000000  0.000000 -0.000000 -0.000000
2  -0.000005 0.000023 -61.375507  0.000000 0.000000 -1.570795
3  -0.012872 0.000000 8.235020  -1.570799 -1.570796 0.000000
4  16.163128 -0.012870 -0.000002  -0.000000 -0.000000 0.000000
5  16.163143 -0.000009 3.830524  -3.089336 -1.570794 0.000000
6  -0.000031 -0.000001 -0.000000  -0.074138 -0.099560 0.001066
7  0.000003 -0.000007 0.000001  0.000000 0.000000 0.000000
8  0.000000 0.000001 -0.000001  -0.009949 -0.000000 -0.000000
9  0.000002 0.000001 -0.000001  -0.019960 -0.000000 -0.000000
10  -0.000002 0.000000 -0.000000  -0.029909 -0.000000 -0.000000
11  -0.000002 0.000000 0.000001  -0.039921 0.000000 -0.000000
12  -0.000004 -0.000000 -0.000000  -0.049872 -0.000000 -0.000000
13  -0.000003 -0.000001 -0.000002  -0.059886 -0.000000 -0.000000
14  -0.000003 -0.000001 -0.000000  -0.069841 -0.000000 -0.000000
15  0.000004 0.000002 0.000001  -0.078237 -0.096402 0.003776
16  -0.000005 -0.000001 -0.000000  -0.000000 -0.000001 -0.000000
17  -0.000002 -0.000000 0.000004  0.000000 0.000000 -0.000000
18  -0.000002 0.000000 0.000005  -0.000000 0.000000 -0.000000
19  0.000001 0.000002 -0.000003  -0.000000 -0.000000 -0.000000
20  0.000000 0.000001 0.000001  0.000000 -0.000000 -0.000000
21  0.000000 -0.000000 0.000000  -0.000000 0.000000 0.000000
22  -0.000004 0.000001 -0.000002  -0.000000 -0.000000 -0.000000
23  -0.000002 -0.000000 -0.000000  -0.000000 0.000000 0.000000
24  0.000000 -0.000001 0.000003  -0.000000 0.000000 0.000000
25  0.000002 0.000001 -0.000003  -0.000000 -0.000000 -0.000000
26  -0.000001 0.000001 0.000000  -0.000000 0.000000 -0.000000
27  -0.000000 -0.000000 -0.000000  -0.000000 -0.000000 0.000000
28  -0.000000 0.000001 0.000001  -0.000000 0.000000 -0.000000
29  0.000000 0.000001 0.000002  -0.000000 0.000000 -0.000000
30  0.000000 0.000000 -0.000002  0.000000 -0.000000 0.000000
31  16.163136 0.000012 -3.830531  -3.098550 1.570794 0.000000
32  -0.000018 -0.000001 0.000001  -0.001648 -0.001465 0.000367
33  -0.000000 0.000001 0.000002  0.000000 -0.000000 0.000000
34  0.000000 0.000000 0.000004  -0.000122 0.000000 -0.000000
35  -0.000002 -0.000002 0.000004  -0.000305 0.000000 0.000000
36  -0.000003 -0.000001 0.000002  -0.000488 0.000000 0.000000
37  -0.000001 -0.000000 0.000002  -0.000611 -0.000000 0.000000
38  -0.000005 0.000000 0.000002  -0.000794 -0.000000 -0.000000
39  -0.000002 -0.000000 0.000002  -0.000977 -0.000000 -0.000000
40  -0.000004 -0.000001 0.000004  -0.001160 0.000000 0.000000
41  -0.000010 -0.000004 0.000002  -0.001405 -0.001770 0.000001
42  1.410069 0.800525 2.089140  -2.009768 -0.630254 0.591907
43  3.954721 0.000009 0.000005  -0.000000 -0.000002 0.166319
44  3.101559 -0.000013 0.000003  -0.000001 -0.000000 0.240238
45  7.183348 -0.532110 3.267605  -0.123210 -0.020355 -0.052486
46  3.511602 -0.000001 -0.000001  0.000003 0.000001 0.099571
47  2.199405 0.000004 -0.000002  -0.000001 -0.000001 0.029267
48  7.145095 -0.676362 1.382422  -0.086920 0.009133 -0.085505
49  3.672219 -0.000002 0.000000  0.000001 -0.000000 0.142941
50  2.676518 -0.000004 0.000005  -0.000001 -0.000001 -0.026075
51  6.831176 -0.870879 -0.599926  -0.130311 0.006346 -0.065012
52  3.657080 -0.000002 -0.000003  -0.000000 0.000001 0.057734
53  2.496794 0.000001 0.000003  0.000000 -0.000001 -0.091108
54  6.164468 -0.898158 -2.575022  -0.090704 0.013515 -0.151468
55  2.805847 -0.000004 0.000004  -0.000002 -0.000001 0.079091
56  2.307435 -0.000000 -0.000005  0.000002 0.000001 -0.056419
57  0.000000 0.000000 -0.000000  0.000000 -0.000000 0.000000
58  0.000007 0.000000 -0.001622  -0.000000 -0.000000 -0.000000
59  0.071249 114.357033 62.238792  0.000000 -0.000000 -0.000000
60  1.986525 0.000015 -3.123737  -2.705260 -0.000000 -1.570797
61  -1.986692 0.000015 -3.123745  0.436333 0.000001 1.570797
62  0.000000 0.000000 -0.000004  0.000000 -0.000000 0.000000
63  -1.986692 0.000015 -3.123736  0.436333 0.000001 1.570797
64  -11.344170 1.135888 0.869277  0.000002 -0.025019 -0.026324
65  1.986525 0.000015 -3.123732  -2.705260 -0.000000 -1.570797
66  -11.350053 -0.729422 0.864890  0.000197 -0.025367 0.026442
67  1.754236 4.036759 -1.682667  0.392575 -0.010120 -1.546362
68  -1.755139 4.036759 -1.682667  -0.392577 -0.010391 -1.594986
69  -0.164556 7.327704 3.928703  0.000000 0.000001 -1.570796
70  0.079082 36.742691 -0.508023  0.000001 0.000000 -0.000000
71  -1.260174 8.777410 6.736405  -0.000002 -0.424416 -3.141592
72  1.525193 18.283598 2.968622  0.000000 -0.000000 -0.000000
73  0.060217 10.324389 74.469055  0.000008 -0.000000 0.000000
74  0.062808 75.917999 83.075439  1.570797 -0.000000 -1.570796
75  4.804184 -3.971741 0.000001  -0.000000 0.000000 -0.000000
76  -7.041565 -5.025993 0.000001  -0.000000 -0.000000 -0.000000
77  8.407181 -3.978432 0.003055  -1.570796 1.570795 0.000000
78  10.376190 -3.978447 0.003056  -1.570796 1.570796 0.000000
79  10.194016 -0.314065 -1.749548  -1.570796 1.570796 0.000000
80  20.857887 -4.015564 0.000003  0.000000 -0.000000 -0.000000
81  3.258438 5.856955 -3.403523  -0.000000 -0.000000 -0.000000
82  15.153049 5.860579 -3.403521  0.000000 -0.000000 -0.000000
83  6.064256 77.294952 36.365795  1.570796 -0.000000 1.570796
84  -2.662412 1.445755 40.667957  -0.000000 3.141591 1.570796
85  8.352065 2.772897 0.000540  -3.141589 0.000002 0.000000
86  6.064256 72.973694 32.593250  1.570796 -0.000000 1.570796
87  0.004365 73.768417 -3.792008  0.000000 -0.000000 0.000000
88  -0.442609 1.284883 8.535290  0.000000 -0.000001 0.000000
89  0.000001 1.310212 -0.000000  0.000000 -0.000000 0.000000
90  0.000001 0.582261 -0.000000  0.000000 -0.000000 0.000000
91  0.036297 1.284883 7.928798  0.000000 -0.000001 0.000000
92  0.000001 1.310212 -0.000000  0.000000 -0.000000 0.000000
93  0.000000 0.582261 0.000000  0.000000 -0.000000 0.000000
94  5.969323 3.427456 -6.170650  -0.000000 -0.000001 -1.570797
95  -1.310215 0.000001 0.000002  0.000000 0.000000 -0.000000
96  -0.582264 0.000000 0.000001  0.000000 0.000000 -0.000000
97  5.969323 9.397397 -6.170659  -0.000000 -0.000001 -1.570796
98  -1.310213 -0.000000 0.000002  0.000000 0.000000 -0.000000
99  -0.582262 -0.000001 0.000001  0.000000 0.000000 -0.000000
100  5.969322 15.223767 -6.170670  0.000000 -0.000001 -1.570796
101  -1.310213 0.000002 0.000002  -0.000000 0.000000 -0.000000
102  -0.582262 0.000001 0.000002  -0.000000 0.000000 -0.000000
103  5.969323 20.835567 -6.170671  0.000000 -0.000001 -1.570796
104  -1.310213 0.000001 0.000002  -0.000000 0.000000 -0.000000
105  -0.582262 -0.000000 0.000003  -0.000000 0.000000 -0.000000
106  5.969324 26.771206 -6.170672  0.000000 -0.000001 -1.570796
107  5.969323 32.597591 -6.170675  0.000000 -0.000001 -1.570796
108  5.969324 38.209393 -6.170685  0.000000 -0.000001 -1.570800
109  5.969322 49.488461 -6.170684  0.000000 -0.000001 -1.570800
110  -0.539090 -0.556809 -0.017363  -0.042462 2.681156 1.551919
111  -6.799123 -0.556808 0.818549  -0.272420 2.701993 1.452460
112  -4.615283 -0.556824 0.270328  -0.117230 2.684609 1.518878
113  -2.650969 -0.556809 0.063010  -0.042463 2.681158 1.551919
114  27.110336 1.284856 12.007548  0.000000 -0.000000 0.000000
115  28.133425 1.284856 12.007547  0.000001 -0.000000 -0.000000
116  12.812886 2.241791 12.007550  -0.000000 -0.000001 -0.000001
117  -9.955967 -0.319624 4.380214  -0.000001 -0.000000 -0.000001
118  -11.316473 -0.319624 4.380215  -0.000003 -0.000000 0.000000
119  -12.667810 -0.319624 4.380215  -0.000003 -0.000000 0.000001
120  -14.022141 -0.319624 4.380215  0.000010 -0.000000 -0.000011
121  -15.373240 -0.319623 4.380214  0.000015 -0.000000 -0.000015
122  -16.724142 -0.319623 4.380214  -0.000009 -0.000000 0.000006
123  -18.074572 -0.319623 4.380214  -0.000006 0.000000 0.000004
124  -19.423716 -0.319623 4.380214  0.000002 0.000000 -0.000004
125  -20.775270 -0.319623 4.380214  0.000003 0.000000 -0.000004
126  -22.126671 -0.319622 4.380215  0.000003 -0.000000 -0.000004
127  -23.478123 -0.319622 4.380215  0.000005 -0.000000 -0.000006
128  -24.830620 -0.319622 4.380215  0.000036 -0.000000 -0.000038
129  -26.182028 -0.319622 4.380215  -0.000011 0.000000 0.000011
130  0.529180 -0.167130 0.629484  -0.101270 -0.000000 0.000000
131  -0.211444 -0.241685 0.155361  -0.145847 -0.000000 0.000000
132  0.529190 -0.280702 -0.110293  -0.145847 -0.000000 0.000000
133  -0.173927 -0.337327 -0.638496  -0.181751 -0.000000 0.000000
134  0.529189 -0.399247 -0.975393  -0.181751 -0.000000 0.000000
135  -0.211444 -0.464479 -1.431042  -0.192399 -0.000000 0.000000
136  0.529189 -0.515809 -1.694583  -0.192399 -0.000000 0.000000
137  -0.173928 -0.612154 -2.231911  -0.216703 -0.000000 0.000000
138  0.529188 -0.685808 -2.566440  -0.216703 -0.000000 0.000000
139  -0.211445 -0.769563 -3.027870  -0.237349 -0.000000 0.000000
140  0.529188 -0.832689 -3.288847  -0.237349 -0.000000 0.000000
141  -0.173937 -0.945284 -3.779564  -0.233859 0.000000 0.000000
142  0.529179 -1.024660 -4.112781  -0.233859 0.000000 0.000000
143  -0.211443 -1.132189 -4.577548  -0.262919 -0.000000 0.000000
144  0.529190 -1.201967 -4.836825  -0.262919 0.000000 0.000000
145  -0.000004 -2.810947 -10.636630  0.258454 0.000000 3.141592
146  -0.192455 -1.345782 -5.370045  -0.280373 0.000000 0.000000
147  0.533984 -1.413515 -5.605105  -0.276883 0.000000 0.000000
148  -0.206618 -1.795764 -6.909779  -0.287354 0.000000 0.000000
149  -0.205805 -1.564822 -6.138257  -0.290843 0.000000 0.000000
150  0.530460 -1.643679 -6.395215  -0.290844 0.000000 0.000000
151  0.535311 -1.790713 -7.204132  -0.287354 -0.000000 0.000000
152  -0.202703 -2.030490 -7.702830  -0.286180 -0.000000 0.000000
153  0.509548 -2.118899 -8.011624  -0.298398 -0.000000 0.000000
154  -0.202703 -2.255282 -8.465172  -0.283134 -0.000000 0.000000
155  0.509548 -2.352985 -8.771159  -0.295352 -0.000000 0.000000
156  -0.202704 -2.481601 -9.235471  -0.285437 -0.000000 0.000000
157  0.509547 -2.588687 -9.538638  -0.297654 -0.000000 0.000000
158  0.170123 -21.222094 -1.001140  -0.000001 -0.000001 0.000000
159  0.170123 -20.843866 -0.397182  -0.000001 -0.000001 0.000000
160  0.170123 -20.489748 -1.001141  -0.000001 -0.000001 0.000000
161  0.170124 -20.111071 -0.397183  -0.000001 -0.000001 0.000000
162  0.170123 -19.380091 -0.397187  -0.000001 -0.000001 0.000000
163  0.170123 -19.025110 -1.001146  -0.000001 -0.000001 0.000000
164  0.170123 -18.646662 -0.396447  -0.000001 -0.000001 0.000000
165  0.170124 -19.755762 -1.001142  -0.000001 -0.000001 0.000000
166  -0.015973 10.612517 2.686017  0.000001 0.000000 -0.000000
167  0.059851 -50.160702 6.449380  1.570797 0.000000 -1.570797
168  0.064653 27.351290 72.195206  0.000000 -0.000000 -0.000001
169  6.064260 95.114014 31.645500  0.000000 -0.000001 1.570796
170  0.054185 102.845642 29.795361  0.000000 0.000001 -1.570796
171  6.064257 69.096558 37.164318  1.570796 -0.000000 1.570796
172  1.974303 11.989233 4.589250  0.000000 -0.000000 -0.000000
173  -0.011481 23.944746 5.090361  0.000001 -0.000000 0.000000
174  -1.691251 8.833342 5.763507  0.000001 -0.000000 -0.000000
175  6.064260 89.329803 31.613914  0.000000 -0.000001 1.570796
176  0.059886 2.255335 54.398010  0.000000 0.000000 0.000000
177  0.003497 -22.270645 0.000149  1.570797 0.000000 -1.570797
178  0.104010 15.380370 2.266153  0.000001 -0.000000 -0.000000
179  0.000001 0.001438 0.000007  0.000000 0.000000 0.000000
180  -3.255359 24.458078 -23.114338  0.181523 0.048807 -1.277059
181  -2.662412 1.445758 33.628742  -0.000000 3.141591 1.570796
182  8.352065 2.772897 0.000540  -3.141589 0.000002 0.000000
183  -2.662412 1.445755 40.667957  -0.000000 3.141591 1.570796
184  8.352065 2.772897 0.000540  -3.141589 0.000002 0.000000
185  -1.431356 16.384779 4.137811  0.000001 -0.000000 0.000000
186  -0.001845 0.521683 -0.140289  0.000000 -0.000000 -0.000000
187  7.323109 -5.136191 -5.166237  0.000000 0.000000 -0.610865
188  2.698279 -0.000001 -0.000000  -0.000012 0.000000 0.000001
189  2.834160 -0.000002 0.000000  0.000013 0.000000 0.000000
190  2.648917 0.000000 0.000001  -0.000001 -0.000001 0.000000
191  2.667498 -0.000001 -0.000000  0.000000 0.000000 -0.000000
192  2.426702 -0.000001 0.000000  -0.000000 0.000000 -0.000000
193  -0.494744 -44.353447 -1.302299  1.570797 0.000000 -1.570797
194  11.545938 73.768417 -3.792010  0.000000 -0.000000 -0.000000
195  -0.011102 -16.902813 1.952047  0.000001 -0.000000 -0.000000
196  0.000000 0.000000 -1.529052  -0.000000 0.000000 0.000000
197  -0.078942 0.000000 -0.000000  0.000000 0.000001 1.570796
198  0.097092 0.000000 -0.000000  -0.000000 -3.141592 1.570796
199  0.000000 0.000000 0.000000  0.000000 -0.000000 -0.000000
200  -0.002449 0.001049 -0.002754  -0.000000 -0.000000 -0.000000
201  0.000050 0.000046 -0.002291  -0.000000 0.000000 -0.000000
time 1
0  0 0 0  0 0 0
1  0.000000 0.000000 0.000000  0.000000 -0.000000 -0.000000
2  -0.000005 0.000023 -61.375507  0.000000 0.000000 -1.570795
3  -0.012872 0.000000 8.235020  -1.570799 -1.570796 0.000000
4  16.163128 -0.012870 -0.000002  -0.000000 -0.000000 0.000000
5  16.163143 -0.000009 3.830524  -3.089336 -1.570794 0.000000
6  -0.000031 -0.000001 -0.000000  -0.068550 -0.103837 0.002769
7  0.000002 -0.000006 0.000003  0.000000 0.000000 -0.003296
8  -0.000000 0.000001 -0.000001  -0.009217 -0.000000 -0.000000
9  0.000001 0.000001 -0.000001  -0.018495 -0.000000 -0.000000
10  -0.000001 0.000000 0.000001  -0.027773 -0.000000 -0.000000
11  -0.000003 0.000000 0.000002  -0.037052 0.000000 -0.000000
12  -0.000003 0.000000 -0.000000  -0.046270 -0.000000 -0.000000
13  -0.000003 -0.000001 -0.000000  -0.055551 -0.000000 -0.000000
14  -0.000002 -0.000001 0.000001  -0.064833 -0.000000 -0.000000
15  -0.000004 0.000002 0.000002  -0.072454 -0.099767 0.000377
16  -0.000005 -0.000001 0.000003  0.001649 -0.002564 -0.000796
17  -0.000003 0.000000 0.000002  -0.000183 0.000001 0.003113
18  -0.000002 0.000000 0.000002  -0.000183 0.000061 0.003113
19  0.000001 0.000002 -0.000000  -0.000855 0.000001 0.003906
20  -0.000001 0.000001 0.000001  0.000000 -0.000000 0.003967
21  -0.000000 0.000000 0.000001  -0.000000 0.000000 0.003968
22  -0.000004 0.000001 0.000001  -0.000366 -0.000060 0.003967
23  -0.000001 -0.000000 -0.000001  -0.000000 0.000000 0.003967
24  0.000000 -0.000001 0.000002  0.000000 0.000000 0.003967
25  0.000002 0.000001 -0.000001  -0.000733 -0.000060 0.003906
26  -0.000002 0.000000 -0.000001  -0.000000 0.000000 0.003967
27  -0.000000 -0.000000 -0.000001  -0.000000 -0.000000 0.003968
28  0.000000 0.000000 0.000004  0.000183 -0.000183 0.003967
29  -0.000000 0.000001 0.000001  -0.000000 -0.000000 0.003967
30  -0.000001 -0.000000 0.000001  0.000000 -0.000000 0.003967
31  16.163136 0.000012 -3.830531  -3.098550 1.570794 0.000000
32  -0.000018 -0.000001 0.000001  -0.006031 0.004654 0.004991
33  -0.000002 0.000001 0.000000  0.000000 -0.000000 -0.012146
34  0.000000 0.000000 0.000002  -0.000122 0.000000 -0.000000
35  -0.000002 -0.000002 0.000002  -0.000244 0.000000 0.000000
36  -0.000003 -0.000001 0.000002  -0.000366 0.000000 0.000000
37  -0.000000 -0.000000 0.000002  -0.000549 -0.000000 0.000000
38  -0.000007 0.000000 0.000002  -0.000672 -0.000000 -0.000000
39  -0.000005 0.000000 0.000002  -0.000793 -0.000000 -0.000000
40  -0.000006 -0.000002 0.000002  -0.000977 0.000000 0.000000
41  -0.000008 -0.000004 -0.000000  0.000821 0.003962 0.014101
42  1.410069 0.800524 2.089138  -2.009768 -0.630254 0.591907
43  3.954717 0.000011 0.000004  -0.000000 -0.000002 0.166319
44  3.101559 -0.000007 0.000004  -0.000001 -0.000000 0.240238
45  7.183347 -0.532110 3.267606  -0.123210 -0.020355 -0.052486
46  3.511603 -0.000001 0.000001  0.000003 0.000001 0.099571
47  2.199402 0.000004 -0.000004  -0.000001 -0.000001 0.029267
48  7.145096 -0.676362 1.382421  -0.086920 0.009133 -0.085505
49  3.672218 -0.000002 0.000001  0.000001 -0.000000 0.142941
50  2.676520 -0.000004 0.000003  -0.000001 -0.000001 -0.026075
51  6.831175 -0.870879 -0.599924  -0.130311 0.006346 -0.065012
52  3.657080 -0.000002 -0.000002  -0.000000 0.000001 0.057734
53  2.496796 0.000001 0.000007  0.000000 -0.000001 -0.091108
54  6.164467 -0.898158 -2.575025  -0.090704 0.013515 -0.151468
55  2.805849 -0.000003 0.000000  -0.000002 -0.000001 0.079091
56  2.307434 0.000000 -0.000004  0.000002 0.000001 -0.056419
57  0.000000 0.000000 -0.000000  0.000183 0.000732 0.000244
58  -0.004354 0.061996 -0.238418  0.009892 -0.005914 -0.001433
59  0.071249 114.357033 62.238796  -0.000000 -0.000000 -0.000000
60  1.986525 0.000021 -3.123737  -2.705260 -0.000000 -1.570797
61  -1.986692 0.000019 -3.123745  0.436333 0.000001 1.570797
62  0.000000 0.000001 -0.000003  0.000000 -0.000000 0.000000
63  -1.986692 0.000012 -3.123739  0.436333 0.000001 1.570797
64  -11.344168 1.135888 0.869280  0.000002 -0.025019 -0.026324
65  1.986525 0.000014 -3.123735  -2.705260 -0.000000 -1.570797
66  -11.350052 -0.729423 0.864894  0.000197 -0.025367 0.026442
67  1.754236 4.036749 -1.682665  0.392575 -0.010120 -1.546362
68  -1.755139 4.036748 -1.682670  -0.392577 -0.010391 -1.594986
69  -0.164556 7.327704 3.928703  0.000000 0.000001 -1.570796
70  0.079082 36.742687 -0.508023  0.000001 -0.000000 -0.000000
71  -1.260174 8.777411 6.736405  -0.000002 -0.424416 -3.141592
72  1.525193 18.283600 2.968622  0.000000 -0.000000 0.000000
73  0.060217 10.324389 74.469055  0.000008 -0.000000 0.000000
74  0.062808 75.917999 83.075439  1.570797 0.000000 -1.570796
75  4.804175 -3.971747 0.000001  -0.000000 0.000000 -0.000000
76  -7.041568 -5.025993 0.000001  -0.000000 -0.000000 -0.000000
77  8.407174 -3.978435 0.003055  -1.570796 1.570795 0.000000
78  10.376182 -3.978444 0.003056  -1.570796 1.570796 0.000000
79  10.194012 -0.314068 -1.749547  -1.570796 1.570796 0.000000
80  20.857880 -4.015574 0.000003  0.000000 -0.000000 0.000000
81  3.258440 5.856950 -3.403523  -0.000000 -0.000000 -0.000000
82  15.153042 5.860575 -3.403520  -0.000000 -0.000000 0.000000
83  6.064256 77.294960 36.365791  1.570796 0.000000 1.570796
84  -2.662412 1.445755 40.667957  0.000000 3.141591 1.570796
85  8.352066 2.772897 0.000543  -3.141589 0.000002 0.000000
86  6.064257 72.973694 32.593254  1.570796 0.000000 1.570796
87  0.004365 73.768417 -3.792008  0.000000 -0.000000 0.000000
88  -0.442609 1.284879 8.535290  -0.000000 -0.000001 0.000000
89  0.000001 1.310194 -0.000001  0.000000 -0.000000 0.000000
90  0.000001 0.582247 -0.000000  0.000000 -0.000000 0.000000
91  0.036297 1.284881 7.928798  -0.000000 -0.000001 0.000000
92  0.000001 1.310196 -0.000000  0.000000 -0.000000 0.000000
93  -0.000000 0.582249 0.000000  0.000000 -0.000000 0.000000
94  5.969323 3.427454 -6.170651  -0.000000 -0.000001 -1.570797
95  -1.310213 0.000001 0.000000  0.000000 -0.000000 -0.000000
96  -0.582258 0.000000 -0.000001  0.000000 -0.000000 -0.000000
97  5.969323 9.397394 -6.170660  -0.000000 -0.000001 -1.570796
98  -1.310204 -0.000000 0.000000  0.000000 0.000000 -0.000000
99  -0.582249 -0.000001 -0.000001  0.000000 0.000000 -0.000000
100  5.969322 15.223765 -6.170671  0.000000 -0.000001 -1.570796
101  -1.310213 0.000002 0.000001  -0.000000 0.000000 -0.000000
102  -0.582258 0.000002 0.000001  -0.000000 0.000000 -0.000000
103  5.969323 20.835562 -6.170671  0.000000 -0.000001 -1.570796
104  -1.310216 0.000002 0.000002  -0.000000 0.000000 -0.000000
105  -0.582268 0.000001 0.000004  -0.000000 0.000000 -0.000000
106  5.969323 26.771196 -6.170672  0.000000 -0.000001 -1.570796
107  5.969323 32.597591 -6.170677  0.000000 -0.000001 -1.570796
108  5.969323 38.209396 -6.170686  0.000000 -0.000001 -1.570800
109  5.969322 49.488461 -6.170684  0.000000 -0.000001 -1.570800
110  -0.539090 -0.556816 -0.017363  -0.042462 2.681156 1.551919
111  -6.799124 -0.556807 0.818549  -0.272420 2.701993 1.452460
112  -4.615283 -0.556823 0.270327  -0.117230 2.684609 1.518878
113  -2.650969 -0.556813 0.063010  -0.042463 2.681158 1.551919
114  27.110338 1.284847 12.007549  -0.000000 -0.000000 0.000000
115  28.133427 1.284848 12.007547  0.000001 -0.000000 0.000000
116  12.812887 2.241781 12.007549  -0.000000 -0.000001 -0.000001
117  -9.955967 -0.319631 4.380214  -0.000001 -0.000000 -0.000001
118  -11.316473 -0.319628 4.380214  -0.000003 -0.000000 0.000000
119  -12.667810 -0.319626 4.380214  -0.000003 -0.000000 0.000001
120  -14.022140 -0.319629 4.380214  0.000010 -0.000000 -0.000011
121  -15.373240 -0.319627 4.380213  0.000015 -0.000000 -0.000015
122  -16.724142 -0.319625 4.380214  -0.000009 -0.000000 0.000006
123  -18.074572 -0.319629 4.380214  -0.000006 -0.000000 0.000004
124  -19.423716 -0.319625 4.380214  0.000002 0.000000 -0.000004
125  -20.775270 -0.319623 4.380214  0.000003 0.000000 -0.000004
126  -22.126673 -0.319622 4.380214  0.000003 -0.000000 -0.000004
127  -23.478125 -0.319620 4.380214  0.000005 0.000000 -0.000006
128  -24.830620 -0.319621 4.380214  0.000036 -0.000000 -0.000038
129  -26.182028 -0.319619 4.380214  -0.000011 -0.000000 0.000011
130  0.529180 -0.167124 0.629483  -0.101270 -0.000000 0.000000
131  -0.211444 -0.241689 0.155361  -0.145847 -0.000000 0.000000
132  0.529190 -0.280710 -0.110293  -0.145847 -0.000000 0.000000
133  -0.173927 -0.337328 -0.638496  -0.181751 -0.000000 0.000000
134  0.529189 -0.399249 -0.975394  -0.181751 -0.000000 0.000000
135  -0.211444 -0.464475 -1.431042  -0.192399 -0.000000 0.000000
136  0.529189 -0.515813 -1.694584  -0.192399 -0.000000 0.000000
137  -0.173928 -0.612160 -2.231912  -0.216703 -0.000000 0.000000
138  0.529188 -0.685808 -2.566441  -0.216703 -0.000000 0.000000
139  -0.211445 -0.769563 -3.027871  -0.237349 -0.000000 0.000000
140  0.529188 -0.832687 -3.288848  -0.237349 -0.000000 0.000000
141  -0.173937 -0.945284 -3.779565  -0.233859 0.000000 0.000000
142  0.529179 -1.024665 -4.112781  -0.233859 0.000000 0.000000
143  -0.211443 -1.132190 -4.577548  -0.262919 -0.000000 0.000000
144  0.529190 -1.201966 -4.836825  -0.262919 0.000000 0.000000
145  -0.000005 -2.810943 -10.636631  0.258454 0.000000 3.141592
146  -0.192455 -1.345782 -5.370046  -0.280373 0.000000 0.000000
147  0.533984 -1.413523 -5.605105  -0.276883 0.000000 0.000000
148  -0.206618 -1.795757 -6.909780  -0.287354 0.000000 0.000000
149  -0.205805 -1.564826 -6.138258  -0.290843 0.000000 0.000000
150  0.530460 -1.643680 -6.395215  -0.290844 0.000000 0.000000
151  0.535311 -1.790713 -7.204134  -0.287354 -0.000000 0.000000
152  -0.202703 -2.030488 -7.702830  -0.286180 -0.000000 0.000000
153  0.509548 -2.118901 -8.011624  -0.298398 -0.000000 0.000000
154  -0.202703 -2.255277 -8.465173  -0.283134 -0.000000 0.000000
155  0.509548 -2.352986 -8.771159  -0.295352 -0.000000 0.000000
156  -0.202704 -2.481602 -9.235472  -0.285437 -0.000000 0.000000
157  0.509547 -2.588691 -9.538639  -0.297654 -0.000000 0.000000
158  0.170122 -21.222095 -1.001141  -0.000001 -0.000001 0.000000
159  0.170123 -20.843868 -0.397183  -0.000001 -0.000001 0.000000
160  0.170123 -20.489748 -1.001141  -0.000001 -0.000001 0.000000
161  0.170124 -20.111069 -0.397183  -0.000001 -0.000001 0.000000
162  0.170123 -19.380089 -0.397187  -0.000001 -0.000001 0.000000
163  0.170123 -19.025110 -1.001146  -0.000001 -0.000001 0.000000
164  0.170123 -18.646660 -0.396448  -0.000001 -0.000001 0.000000
165  0.170124 -19.755766 -1.001142  -0.000001 -0.000001 0.000000
166  -0.015973 10.612518 2.686017  0.000001 -0.000000 -0.000000
167  0.059851 -50.160702 6.449380  1.570797 -0.000000 -1.570797
168  0.064653 27.351292 72.195206  -0.000000 -0.000000 -0.000001
169  6.064260 95.114021 31.645496  -0.000000 -0.000001 1.570796
170  0.054185 102.845642 29.795362  0.000000 0.000001 -1.570796
171  6.064257 69.096565 37.164318  1.570796 0.000000 1.570796
172  1.974302 11.989233 4.589250  0.000000 -0.000000 0.000000
173  -0.011481 23.944748 5.090361  0.000001 -0.000000 0.000000
174  -1.691251 8.833342 5.763507  0.000001 -0.000000 0.000000
175  6.064260 89.329803 31.613914  -0.000000 -0.000001 1.570796
176  0.059886 2.255335 54.398010  -0.000000 -0.000000 0.000000
177  0.003497 -22.270647 0.000148  1.570797 -0.000000 -1.570797
178  0.104010 15.380370 2.266153  0.000001 -0.000000 -0.000000
179  0.048383 -0.120403 -0.003434  -0.010756 -0.004055 0.006431
180  -3.255359 24.458078 -23.114336  0.181523 0.048807 -1.277059
181  -2.662412 1.445758 33.628746  0.000000 3.141591 1.570796
182  8.352066 2.772897 0.000543  -3.141589 0.000002 0.000000
183  -2.662412 1.445755 40.667957  0.000000 3.141591 1.570796
184  8.352066 2.772897 0.000543  -3.141589 0.000002 0.000000
185  -1.431356 16.384777 4.137812  0.000001 -0.000000 0.000000
186  -0.001845 0.521683 -0.140290  0.000000 -0.000000 -0.000000
187  7.323109 -5.136191 -5.166237  -0.000000 0.000000 -0.610865
188  2.698277 -0.000000 0.000000  -0.000012 0.000000 0.000001
189  2.834159 -0.000002 0.000001  0.000013 0.000000 0.000000
190  2.648919 -0.000001 0.000001  -0.000001 -0.000001 0.000000
191  2.667500 -0.000001 -0.000000  -0.000000 0.000000 -0.000000
192  2.426700 -0.000002 -0.000000  -0.000000 0.000000 -0.000000
193  -0.494744 -44.353451 -1.302299  1.570797 -0.000000 -1.570797
194  11.545938 73.768417 -3.792009  0.000000 -0.000000 0.000000
195  -0.011103 -16.902815 1.952047  0.000001 -0.000000 -0.000000
196  -0.000000 -0.000000 -1.529052  -0.000000 -0.000000 0.000000
197  -0.078942 -0.000001 -0.000000  0.000000 0.000001 1.570796
198  0.097092 -0.000000 -0.000000  -0.000000 -3.141592 1.570796
199  0.000000 0.000000 0.000000  0.000000 -0.000000 -0.000000
200  0.049192 0.149612 -0.223459  0.009892 -0.005914 -0.001433
201  -0.003418 0.026985 -0.231617  -0.001953 -0.000184 -0.000549
time 2
0  0 0 0  0 0 0
1  0.000000 0.000000 0.000000  0.000000 -0.000000 -0.000000
2  -0.000005 0.000023 -61.375507  0.000000 0.000000 -1.570795
3  -0.012872 0.000000 8.235020  -1.570799 -1.570796 0.000000
4  16.163128 -0.012870 -0.000002  -0.000000 -0.000000 0.000000
5  16.163143 -0.000009 3.830524  -3.089336 -1.570794 0.000000
6  -0.000031 -0.000001 -0.000000  -0.056124 -0.113334 0.006365
7  -0.000003 -0.000007 0.000003  0.000000 0.000000 -0.011109
8  -0.000000 0.000000 0.000001  -0.007569 -0.000000 -0.000000
9  0.000001 0.000001 -0.000001  -0.015137 -0.000000 -0.000000
10  -0.000001 0.000000 0.000003  -0.022706 -0.000000 -0.000000
11  -0.000001 0.000001 0.000003  -0.030276 0.000000 -0.000000
12  -0.000001 0.000000 0.000001  -0.037845 -0.000000 -0.000000
13  -0.000002 -0.000001 -0.000000  -0.045416 -0.000000 -0.000000
14  -0.000002 -0.000001 0.000001  -0.052986 -0.000000 -0.000000
15  -0.000002 0.000002 0.000005  -0.058837 -0.107622 -0.007471
16  -0.000005 -0.000001 0.000003  0.003606 -0.005613 -0.001841
17  -0.000002 0.000000 0.000003  -0.000427 0.000002 0.006897
18  -0.000002 0.000000 0.000002  -0.000427 0.000124 0.006897
19  0.000001 0.000002 0.000000  -0.002136 0.000010 0.009583
20  -0.000000 0.000001 -0.000000  0.000000 -0.000000 0.009827
21  0.000001 -0.000000 0.000002  0.000000 -0.000000 0.009827
22  -0.000005 0.000001 0.000002  -0.001039 -0.000178 0.009766
23  -0.000002 -0.000000 0.000001  -0.000000 0.000000 0.009827
24  -0.000000 -0.000001 0.000000  -0.000000 0.000000 0.009827
25  0.000002 0.000001 0.000002  -0.001832 -0.000174 0.009644
26  -0.000001 0.000000 0.000001  -0.000000 0.000000 0.009827
27  -0.000001 -0.000000 -0.000001  -0.000000 -0.000000 0.009827
28  0.000001 0.000001 0.000004  0.000547 -0.000552 0.009827
29  0.000000 0.000001 0.000002  -0.000000 -0.000000 0.009827
30  0.000000 -0.000000 -0.000001  0.000000 0.000000 0.009827
31  16.163136 0.000012 -3.830531  -3.098550 1.570794 0.000000
32  -0.000018 -0.000001 0.000001  -0.015486 0.018371 0.015363
33  0.000000 0.000001 0.000001  0.000000 -0.000000 -0.040348
34  0.000000 0.000000 -0.000001  -0.000000 0.000000 -0.000000
35  -0.000003 -0.000002 -0.000001  0.000000 0.000000 0.000000
36  -0.000004 -0.000001 0.000002  -0.000061 0.000000 0.000000
37  -0.000001 -0.000000 0.000002  -0.000061 -0.000000 0.000000
38  -0.000006 0.000000 0.000000  -0.000122 -0.000000 -0.000000
39  -0.000004 -0.000000 0.000000  -0.000122 -0.000000 -0.000000
40  -0.000006 -0.000002 0.000002  -0.000122 0.000000 0.000000
41  -0.000008 -0.000004 0.000000  0.007007 0.017356 0.047676
42  1.410070 0.800525 2.089139  -2.009768 -0.630254 0.591907
43  3.954719 0.000015 0.000005  -0.000000 -0.000002 0.166320
44  3.101559 -0.000008 0.000004  -0.000001 -0.000000 0.240238
45  7.183348 -0.532110 3.267604  -0.123210 -0.020355 -0.052486
46  3.511603 -0.000001 -0.000001  0.000003 0.000001 0.099571
47  2.199404 0.000004 -0.000003  -0.000001 -0.000001 0.029267
48  7.145096 -0.676362 1.382422  -0.086920 0.009133 -0.085505
49  3.672220 -0.000002 0.000000  0.000001 -0.000000 0.142941
50  2.676519 -0.000004 -0.000002  -0.000001 -0.000001 -0.026075
51  6.831176 -0.870879 -0.599926  -0.130311 0.006346 -0.065012
52  3.657080 -0.000002 -0.000002  -0.000000 0.000001 0.057734
53  2.496794 0.000001 0.000001  0.000000 -0.000001 -0.091108
54  6.164467 -0.898158 -2.575024  -0.090704 0.013515 -0.151468
55  2.805847 -0.000004 0.000005  -0.000002 -0.000001 0.079091
56  2.307436 0.000000 -0.000002  0.000002 0.000001 -0.056419
57  0.000000 0.000000 -0.000000  0.000795 0.002685 0.000856
58  -0.026156 0.219933 -0.752082  0.033013 -0.020063 -0.004971
59  0.071249 114.357040 62.238796  -0.000000 -0.000000 -0.000000
60  1.986525 0.000012 -3.123740  -2.705260 -0.000000 -1.570797
61  -1.986692 0.000014 -3.123748  0.436333 0.000001 1.570797
62  -0.000000 0.000000 -0.000011  0.000000 -0.000000 0.000000
63  -1.986692 0.000015 -3.123738  0.436333 0.000001 1.570797
64  -11.344160 1.135885 0.869283  0.000002 -0.025019 -0.026324
65  1.986525 0.000013 -3.123734  -2.705260 -0.000000 -1.570797
66  -11.350063 -0.729421 0.864890  0.000197 -0.025367 0.026442
67  1.754237 4.036764 -1.682670  0.392575 -0.010120 -1.546362
68  -1.755140 4.036758 -1.682672  -0.392577 -0.010391 -1.594986
69  -0.164556 7.327704 3.928703  0.000000 0.000001 -1.570796
70  0.079082 36.742687 -0.508023  0.000001 -0.000000 -0.000000
71  -1.260174 8.777410 6.736405  -0.000002 -0.424416 -3.141592
72  1.525193 18.283598 2.968621  0.000000 -0.000000 0.000000
73  0.060217 10.324389 74.469048  0.000008 0.000000 0.000000
74  0.062809 75.918007 83.075447  1.570797 -0.000000 -1.570796
75  4.804183 -3.971732 0.000001  -0.000000 0.000000 -0.000000
76  -7.041566 -5.025976 0.000001  -0.000000 -0.000000 -0.000000
77  8.407187 -3.978426 0.003055  -1.570796 1.570795 0.000000
78  10.376191 -3.978437 0.003056  -1.570796 1.570796 0.000000
79  10.194017 -0.314056 -1.749548  -1.570796 1.570796 0.000000
80  20.857885 -4.015555 0.000003  0.000000 -0.000000 0.000000
81  3.258446 5.856966 -3.403523  -0.000000 -0.000000 -0.000000
82  15.153051 5.860589 -3.403521  0.000000 -0.000000 0.000000
83  6.064256 77.294952 36.365791  1.570796 0.000000 1.570796
84  -2.662412 1.445755 40.667953  0.000000 3.141591 1.570796
85  8.352066 2.772896 0.000544  -3.141589 0.000002 -0.000000
86  6.064256 72.973694 32.593250  1.570796 0.000000 1.570796
87  0.004365 73.768417 -3.792008  0.000000 -0.000000 0.000000
88  -0.442609 1.284882 8.535290  -0.000000 -0.000001 0.000000
89  0.000001 1.310213 -0.000000  0.000000 0.000000 0.000000
90  0.000001 0.582264 -0.000000  0.000000 0.000000 0.000000
91  0.036297 1.284884 7.928798  -0.000000 -0.000001 0.000000
92  0.000001 1.310207 -0.000001  0.000000 -0.000000 0.000000
93  -0.000000 0.582259 -0.000000  0.000000 -0.000000 0.000000
94  5.969323 3.427464 -6.170649  -0.000000 -0.000001 -1.570797
95  -1.310223 0.000001 0.000001  0.000000 -0.000000 -0.000000
96  -0.582275 0.000000 -0.000000  0.000000 -0.000000 -0.000000
97  5.969322 9.397402 -6.170659  -0.000000 -0.000001 -1.570796
98  -1.310219 -0.000000 0.000001  0.000000 0.000000 -0.000000
99  -0.582270 -0.000001 0.000000  0.000000 0.000000 -0.000000
100  5.969322 15.223770 -6.170670  -0.000000 -0.000001 -1.570796
101  -1.310225 0.000002 0.000000  -0.000000 0.000000 -0.000000
102  -0.582276 0.000001 -0.000001  -0.000000 0.000000 -0.000000
103  5.969323 20.835577 -6.170671  -0.000000 -0.000001 -1.570796
104  -1.310222 0.000001 0.000000  -0.000000 0.000000 -0.000000
105  -0.582274 -0.000000 0.000002  -0.000000 0.000000 -0.000000
106  5.969324 26.771212 -6.170672  -0.000000 -0.000001 -1.570796
107  5.969323 32.597595 -6.170675  -0.000000 -0.000001 -1.570796
108  5.969323 38.209404 -6.170685  -0.000000 -0.000001 -1.570800
109  5.969322 49.488476 -6.170684  -0.000000 -0.000001 -1.570800
110  -0.539090 -0.556803 -0.017363  -0.042462 2.681156 1.551919
111  -6.799123 -0.556803 0.818550  -0.272420 2.701993 1.452460
112  -4.615283 -0.556814 0.270328  -0.117230 2.684609 1.518878
113  -2.650969 -0.556806 0.063011  -0.042463 2.681158 1.551919
114  27.110336 1.284860 12.007547  -0.000000 -0.000000 0.000000
115  28.133425 1.284860 12.007548  0.000001 -0.000000 0.000000
116  12.812886 2.241791 12.007550  -0.000000 -0.000001 -0.000001
117  -9.955967 -0.319620 4.380214  -0.000001 -0.000000 -0.000001
118  -11.316472 -0.319618 4.380215  -0.000003 -0.000000 0.000000
119  -12.667809 -0.319624 4.380215  -0.000003 -0.000000 0.000001
120  -14.022140 -0.319614 4.380215  0.000010 -0.000000 -0.000011
121  -15.373239 -0.319619 4.380214  0.000015 -0.000000 -0.000015
122  -16.724142 -0.319615 4.380214  -0.000009 -0.000000 0.000006
123  -18.074574 -0.319624 4.380215  -0.000006 -0.000000 0.000004
124  -19.423717 -0.319619 4.380215  0.000002 0.000000 -0.000004
125  -20.775270 -0.319618 4.380214  0.000003 0.000000 -0.000004
126  -22.126671 -0.319616 4.380215  0.000003 0.000000 -0.000004
127  -23.478123 -0.319615 4.380215  0.000005 0.000000 -0.000006
128  -24.830620 -0.319611 4.380215  0.000036 -0.000000 -0.000038
129  -26.182030 -0.319618 4.380215  -0.000011 -0.000000 0.000011
130  0.529180 -0.167127 0.629484  -0.101270 -0.000000 0.000000
131  -0.211444 -0.241681 0.155361  -0.145847 -0.000000 0.000000
132  0.529190 -0.280687 -0.110293  -0.145847 -0.000000 0.000000
133  -0.173927 -0.337320 -0.638495  -0.181751 -0.000000 0.000000
134  0.529189 -0.399245 -0.975393  -0.181751 -0.000000 0.000000
135  -0.211444 -0.464475 -1.431042  -0.192399 -0.000000 0.000000
136  0.529189 -0.515801 -1.694582  -0.192399 -0.000000 0.000000
137  -0.173928 -0.612145 -2.231911  -0.216703 -0.000000 0.000000
138  0.529188 -0.685800 -2.566439  -0.216703 -0.000000 0.000000
139  -0.211445 -0.769551 -3.027870  -0.237349 -0.000000 0.000000
140  0.529188 -0.832677 -3.288847  -0.237349 -0.000000 0.000000
141  -0.173937 -0.945275 -3.779564  -0.233859 0.000000 0.000000
142  0.529179 -1.024653 -4.112780  -0.233859 0.000000 0.000000
143  -0.211443 -1.132184 -4.577547  -0.262919 -0.000000 0.000000
144  0.529190 -1.201960 -4.836824  -0.262919 0.000000 0.000000
145  -0.000004 -2.810939 -10.636629  0.258454 0.000000 3.141592
146  -0.192455 -1.345776 -5.370045  -0.280373 0.000000 0.000000
147  0.533984 -1.413504 -5.605104  -0.276883 0.000000 0.000000
148  -0.206618 -1.795759 -6.909780  -0.287354 0.000000 0.000000
149  -0.205805 -1.564810 -6.138256  -0.290843 0.000000 0.000000
150  0.530460 -1.643673 -6.395214  -0.290844 0.000000 0.000000
151  0.535311 -1.790709 -7.204131  -0.287354 -0.000000 0.000000
152  -0.202703 -2.030479 -7.702830  -0.286180 -0.000000 0.000000
153  0.509548 -2.118891 -8.011625  -0.298398 -0.000000 0.000000
154  -0.202703 -2.255271 -8.465172  -0.283134 -0.000000 0.000000
155  0.509548 -2.352977 -8.771159  -0.295352 -0.000000 0.000000
156  -0.202704 -2.481593 -9.235471  -0.285437 -0.000000 0.000000
157  0.509547 -2.588685 -9.538636  -0.297654 -0.000000 0.000000
158  0.170123 -21.222088 -1.001140  -0.000001 -0.000001 0.000000
159  0.170122 -20.843857 -0.397183  -0.000001 -0.000001 0.000000
160  0.170123 -20.489744 -1.001141  -0.000001 -0.000001 0.000000
161  0.170124 -20.111065 -0.397182  -0.000001 -0.000001 0.000000
162  0.170123 -19.380085 -0.397186  -0.000001 -0.000001 0.000000
163  0.170123 -19.025101 -1.001145  -0.000001 -0.000001 0.000000
164  0.170123 -18.646654 -0.396447  -0.000001 -0.000001 0.000000
165  0.170124 -19.755753 -1.001141  -0.000001 -0.000001 0.000000
166  -0.015973 10.612517 2.686017  0.000001 -0.000000 -0.000000
167  0.059851 -50.160706 6.449380  1.570797 -0.000000 -1.570797
168  0.064653 27.351292 72.195206  -0.000000 -0.000000 -0.000001
169  6.064260 95.114014 31.645500  -0.000000 -0.000001 1.570796
170  0.054185 102.845642 29.795362  0.000000 0.000001 -1.570796
171  6.064257 69.096558 37.164314  1.570796 0.000000 1.570796
172  1.974302 11.989232 4.589250  0.000000 -0.000000 0.000000
173  -0.011481 23.944748 5.090361  0.000001 -0.000000 0.000000
174  -1.691251 8.833343 5.763507  0.000001 -0.000000 0.000000
175  6.064260 89.329811 31.613914  -0.000000 -0.000001 1.570796
176  0.059886 2.255335 54.398010  -0.000000 0.000000 0.000000
177  0.003497 -22.270647 0.000146  1.570797 -0.000000 -1.570797
178  0.104010 15.380370 2.266153  0.000001 -0.000000 -0.000000
179  0.170307 -0.398088 -0.012774  -0.037137 -0.013210 0.021796
180  -3.255359 24.458076 -23.114334  0.181523 0.048807 -1.277059
181  -2.662412 1.445758 33.628738  0.000000 3.141591 1.570796
182  8.352066 2.772897 0.000545  -3.141589 0.000002 -0.000000
183  -2.662412 1.445755 40.667953  0.000000 3.141591 1.570796
184  8.352066 2.772896 0.000544  -3.141589 0.000002 -0.000000
185  -1.431356 16.384779 4.137811  0.000001 0.000000 0.000000
186  -0.001845 0.521683 -0.140290  0.000000 -0.000000 -0.000000
187  7.323109 -5.136192 -5.166236  0.000000 0.000000 -0.610865
188  2.698278 -0.000002 -0.000001  -0.000012 0.000000 0.000000
189  2.834159 -0.000002 -0.000000  0.000013 0.000000 0.000000
190  2.648918 0.000000 -0.000000  -0.000001 -0.000001 0.000000
191  2.667499 -0.000003 -0.000000  0.000000 0.000000 -0.000000
192  2.426703 -0.000003 0.000001  -0.000000 0.000000 -0.000000
193  -0.494744 -44.353447 -1.302299  1.570797 -0.000000 -1.570797
194  11.545938 73.768417 -3.792010  0.000000 -0.000000 0.000000
195  -0.011102 -16.902813 1.952047  0.000001 -0.000000 -0.000000
196  -0.000000 -0.000000 -1.529052  -0.000000 0.000000 0.000000
197  -0.078942 0.000001 0.000000  0.000000 0.000001 1.570796
198  0.097092 -0.000000 0.000000  -0.000000 -3.141592 1.570796
199  0.000000 0.000000 0.000000  0.000000 -0.000000 -0.000000
200  0.157169 0.513599 -0.701645  0.033013 -0.020063 -0.004971
201  -0.012957 0.105465 -0.736136  -0.007141 -0.000068 -0.002014
time 3
0  0 0 0  0 0 0
1  0.000000 0.000000 0.000000  0.000000 -0.000000 -0.000000
2  -0.000005 0.000023 -61.375507  0.000000 0.000000 -1.570795
3  -0.012872 0.000000 8.235020  -1.570799 -1.570796 0.000000
4  16.163128 -0.012870 -0.000002  -0.000000 -0.000000 0.000000
5  16.163143 -0.000009 3.830524  -3.089336 -1.570794 0.000000
6  -0.000031 -0.000001 -0.000000  -0.043337 -0.123136 0.009523
7  -0.000001 -0.000007 -0.000001  0.000000 0.000000 -0.020692
8  -0.000000 0.000000 0.000001  -0.005615 -0.000000 -0.000000
9  0.000001 0.000001 0.000003  -0.011292 -0.000000 -0.000000
10  -0.000003 0.000001 0.000002  -0.016968 -0.000000 -0.000000
11  -0.000000 0.000001 0.000003  -0.022584 0.000000 -0.000000
12  -0.000002 -0.000000 0.000003  -0.028261 -0.000000 -0.000000
13  -0.000002 -0.000001 0.000002  -0.033938 -0.000000 -0.000000
14  -0.000004 -0.000002 0.000002  -0.039555 -0.000000 -0.000000
15  -0.000002 0.000001 0.000003  -0.043232 -0.116772 -0.015697
16  -0.000005 -0.000001 -0.000001  0.005751 -0.008965 -0.002956
17  -0.000003 0.000000 0.000005  -0.000732 0.000004 0.010987
18  -0.000002 0.000000 0.000005  -0.000731 0.000248 0.010987
19  0.000001 0.000002 -0.000005  -0.003662 0.000029 0.016053
20  -0.000001 0.000001 0.000001  0.000000 -0.000000 0.016480
21  0.000000 -0.000000 0.000003  -0.000000 0.000000 0.016480
22  -0.000004 0.000001 -0.000003  -0.001712 -0.000291 0.016358
23  -0.000001 -0.000000 0.000000  -0.000000 0.000000 0.016480
24  -0.000000 -0.000001 0.000001  -0.000000 0.000000 0.016480
25  0.000002 0.000002 -0.000005  -0.003115 -0.000280 0.016175
26  -0.000001 0.000001 0.000002  0.000000 0.000000 0.016480
27  -0.000001 -0.000000 -0.000002  -0.000000 -0.000000 0.016480
28  0.000001 0.000000 -0.000001  0.000969 -0.000923 0.016419
29  0.000001 0.000001 0.000002  -0.000000 0.000000 0.016480
30  0.000000 -0.000000 0.000002  0.000000 0.000000 0.016480
31  16.163136 0.000012 -3.830531  -3.098550 1.570794 0.000000
32  -0.000018 -0.000001 0.000001  -0.024731 0.032374 0.026096
33  -0.000000 0.000001 0.000001  0.000000 -0.000000 -0.072467
34  -0.000000 0.000000 0.000003  0.000183 0.000000 -0.000000
35  -0.000002 -0.000002 0.000003  0.000427 0.000000 0.000000
36  -0.000003 -0.000001 0.000003  0.000610 0.000000 0.000000
37  -0.000001 -0.000000 0.000003  0.000854 -0.000000 0.000000
38  -0.000005 0.000001 0.000004  0.001098 -0.000000 -0.000000
39  -0.000004 -0.000000 0.000004  0.001282 -0.000000 -0.000000
40  -0.000004 -0.000002 0.000003  0.001526 0.000000 0.000000
41  -0.000009 -0.000004 0.000002  0.015904 0.032356 0.087888
42  1.410069 0.800525 2.089138  -2.009768 -0.630254 0.591907
43  3.954719 0.000012 0.000003  -0.000000 -0.000002 0.166320
44  3.101560 -0.000006 0.000003  -0.000001 -0.000000 0.240238
45  7.183347 -0.532109 3.267605  -0.123210 -0.020355 -0.052486
46  3.511601 -0.000001 0.000000  0.000003 0.000001 0.099571
47  2.199405 0.000004 -0.000004  -0.000001 -0.000001 0.029267
48  7.145094 -0.676362 1.382421  -0.086920 0.009133 -0.085505
49  3.672220 -0.000002 -0.000001  0.000001 -0.000000 0.142941
50  2.676519 -0.000004 0.000002  -0.000001 -0.000001 -0.026075
51  6.831175 -0.870879 -0.599926  -0.130311 0.006346 -0.065012
52  3.657080 -0.000002 -0.000002  -0.000000 0.000001 0.057734
53  2.496794 0.000001 0.000005  0.000000 -0.000001 -0.091108
54  6.164466 -0.898158 -2.575025  -0.090704 0.013515 -0.151468
55  2.805848 -0.000003 0.000002  -0.000002 -0.000001 0.079091
56  2.307435 0.000000 -0.000002  0.000002 0.000001 -0.056419
57  0.000000 0.000000 -0.000000  0.001653 0.005675 0.001775
58  -0.074121 0.438385 -1.269390  0.059524 -0.036968 -0.009529
59  0.071249 114.357033 62.238796  -0.000000 0.000000 -0.000000
60  1.986525 0.000036 -3.123739  -2.705260 -0.000000 -1.570797
61  -1.986692 0.000034 -3.123750  0.436333 0.000001 1.570797
62  -0.000000 0.000014 -0.000010  0.000000 0.000000 0.000000
63  -1.986693 0.000029 -3.123743  0.436333 0.000001 1.570797
64  -11.344151 1.135885 0.869275  0.000002 -0.025019 -0.026324
65  1.986524 0.000030 -3.123739  -2.705260 -0.000000 -1.570797
66  -11.350054 -0.729420 0.864883  0.000197 -0.025367 0.026442
67  1.754236 4.036767 -1.682669  0.392575 -0.010120 -1.546362
68  -1.755139 4.036766 -1.682669  -0.392577 -0.010391 -1.594986
69  -0.164556 7.327703 3.928703  -0.000000 0.000001 -1.570796
70  0.079082 36.742691 -0.508023  0.000001 0.000000 -0.000000
71  -1.260174 8.777410 6.736405  -0.000002 -0.424415 -3.141592
72  1.525193 18.283598 2.968622  0.000000 0.000000 0.000000
73  0.060216 10.324389 74.469048  0.000008 0.000000 0.000000
74  0.062809 75.917999 83.075432  1.570797 -0.000000 -1.570796
75  4.804192 -3.971738 0.000001  -0.000000 0.000000 -0.000000
76  -7.041561 -5.025984 0.000001  -0.000000 -0.000000 -0.000000
77  8.407184 -3.978436 0.003055  -1.570796 1.570795 0.000000
78  10.376193 -3.978438 0.003056  -1.570796 1.570796 0.000000
79  10.194023 -0.314055 -1.749548  -1.570796 1.570796 0.000000
80  20.857891 -4.015563 0.000003  0.000000 -0.000000 0.000000
81  3.258445 5.856953 -3.403524  -0.000000 -0.000000 -0.000000
82  15.153057 5.860587 -3.403521  -0.000000 -0.000000 0.000000
83  6.064257 77.294945 36.365795  1.570796 0.000000 1.570796
84  -2.662412 1.445755 40.667953  -0.000000 3.141591 1.570796
85  8.352067 2.772897 0.000546  -3.141589 0.000002 0.000000
86  6.064256 72.973694 32.593250  1.570796 0.000000 1.570796
87  0.004365 73.768417 -3.792008  0.000000 0.000000 0.000000
88  -0.442609 1.284879 8.535290  0.000000 -0.000001 0.000000
89  0.000001 1.310209 -0.000001  0.000000 0.000000 0.000000
90  0.000001 0.582256 -0.000000  0.000000 0.000000 0.000000
91  0.036297 1.284881 7.928798  0.000000 -0.000001 0.000000
92  0.000001 1.310219 -0.000001  0.000000 0.000000 0.000000
93  -0.000000 0.582265 0.000000  0.000000 0.000000 0.000000
94  5.969324 3.427453 -6.170650  -0.000000 -0.000001 -1.570797
95  -1.310210 0.000001 0.000000  0.000000 -0.000000 -0.000000
96  -0.582257 0.000001 -0.000000  0.000000 0.000000 -0.000000
97  5.969323 9.397394 -6.170659  -0.000000 -0.000001 -1.570796
98  -1.310210 0.000000 0.000001  0.000000 0.000000 -0.000000
99  -0.582257 -0.000001 0.000001  0.000000 0.000000 -0.000000
100  5.969322 15.223769 -6.170670  -0.000000 -0.000001 -1.570796
101  -1.310215 0.000002 0.000001  -0.000000 0.000000 -0.000000
102  -0.582261 0.000001 0.000001  -0.000000 0.000000 -0.000000
103  5.969324 20.835562 -6.170671  -0.000000 -0.000001 -1.570796
104  -1.310213 0.000001 0.000002  -0.000000 0.000000 -0.000000
105  -0.582260 0.000000 0.000003  -0.000000 0.000000 -0.000000
106  5.969324 26.771208 -6.170672  -0.000000 -0.000001 -1.570796
107  5.969323 32.597584 -6.170674  -0.000000 -0.000001 -1.570796
108  5.969324 38.209393 -6.170685  -0.000000 -0.000001 -1.570800
109  5.969323 49.488464 -6.170684  -0.000000 -0.000001 -1.570800
110  -0.539090 -0.556810 -0.017363  -0.042462 2.681156 1.551919
111  -6.799123 -0.556807 0.818549  -0.272420 2.701993 1.452460
112  -4.615283 -0.556821 0.270327  -0.117230 2.684609 1.518878
113  -2.650969 -0.556804 0.063010  -0.042463 2.681158 1.551919
114  27.110336 1.284853 12.007548  0.000000 -0.000000 -0.000000
115  28.133423 1.284850 12.007546  0.000001 -0.000000 -0.000000
116  12.812886 2.241781 12.007549  -0.000000 -0.000001 -0.000001
117  -9.955967 -0.319632 4.380215  -0.000001 -0.000000 -0.000001
118  -11.316473 -0.319624 4.380215  -0.000003 -0.000000 -0.000000
119  -12.667810 -0.319628 4.380215  -0.000003 -0.000000 0.000001
120  -14.022141 -0.319623 4.380215  0.000010 -0.000000 -0.000011
121  -15.373240 -0.319625 4.380214  0.000015 -0.000000 -0.000015
122  -16.724140 -0.319625 4.380215  -0.000009 -0.000000 0.000006
123  -18.074574 -0.319621 4.380215  -0.000006 0.000000 0.000004
124  -19.423716 -0.319627 4.380215  0.000002 0.000000 -0.000004
125  -20.775270 -0.319626 4.380215  0.000003 0.000000 -0.000004
126  -22.126673 -0.319631 4.380215  0.000003 0.000000 -0.000004
127  -23.478121 -0.319628 4.380215  0.000005 -0.000000 -0.000006
128  -24.830620 -0.319628 4.380215  0.000036 0.000000 -0.000038
129  -26.182026 -0.319626 4.380215  -0.000011 -0.000000 0.000011
130  0.529180 -0.167132 0.629484  -0.101270 -0.000000 0.000000
131  -0.211444 -0.241687 0.155361  -0.145847 -0.000000 0.000000
132  0.529190 -0.280696 -0.110293  -0.145847 -0.000000 0.000000
133  -0.173927 -0.337331 -0.638495  -0.181751 -0.000000 0.000000
134  0.529189 -0.399257 -0.975393  -0.181751 -0.000000 0.000000
135  -0.211444 -0.464478 -1.431042  -0.192399 -0.000000 0.000000
136  0.529189 -0.515805 -1.694584  -0.192399 -0.000000 0.000000
137  -0.173928 -0.612161 -2.231910  -0.216703 -0.000000 0.000000
138  0.529188 -0.685806 -2.566440  -0.216703 -0.000000 0.000000
139  -0.211445 -0.769563 -3.027870  -0.237349 -0.000000 0.000000
140  0.529188 -0.832690 -3.288847  -0.237349 -0.000000 0.000000
141  -0.173937 -0.945281 -3.779564  -0.233859 0.000000 0.000000
142  0.529179 -1.024653 -4.112780  -0.233859 0.000000 0.000000
143  -0.211443 -1.132191 -4.577547  -0.262919 -0.000000 0.000000
144  0.529190 -1.201970 -4.836825  -0.262919 0.000000 0.000000
145  -0.000005 -2.810947 -10.636631  0.258454 0.000000 3.141592
146  -0.192455 -1.345778 -5.370045  -0.280373 0.000000 0.000000
147  0.533984 -1.413515 -5.605104  -0.276883 0.000000 0.000000
148  -0.206618 -1.795761 -6.909780  -0.287354 0.000000 0.000000
149  -0.205805 -1.564820 -6.138257  -0.290843 0.000000 0.000000
150  0.530460 -1.643676 -6.395215  -0.290844 0.000000 0.000000
151  0.535311 -1.790715 -7.204132  -0.287354 -0.000000 0.000000
152  -0.202703 -2.030489 -7.702830  -0.286180 -0.000000 0.000000
153  0.509548 -2.118901 -8.011624  -0.298398 -0.000000 0.000000
154  -0.202703 -2.255273 -8.465173  -0.283134 -0.000000 0.000000
155  0.509548 -2.352983 -8.771159  -0.295352 -0.000000 0.000000
156  -0.202704 -2.481601 -9.235471  -0.285437 -0.000000 0.000000
157  0.509547 -2.588684 -9.538637  -0.297654 -0.000000 0.000000
158  0.170123 -21.222092 -1.001140  -0.000001 -0.000001 0.000000
159  0.170123 -20.843863 -0.397183  -0.000001 -0.000001 0.000000
160  0.170123 -20.489746 -1.001141  -0.000001 -0.000001 0.000000
161  0.170124 -20.111067 -0.397183  -0.000001 -0.000001 0.000000
162  0.170123 -19.380089 -0.397186  -0.000001 -0.000001 0.000000
163  0.170123 -19.025108 -1.001145  -0.000001 -0.000001 0.000000
164  0.170123 -18.646660 -0.396447  -0.000001 -0.000001 0.000000
165  0.170124 -19.755760 -1.001142  -0.000001 -0.000001 0.000000
166  -0.015973 10.612518 2.686017  0.000001 0.000000 -0.000000
167  0.059851 -50.160698 6.449380  1.570797 0.000000 -1.570797
168  0.064652 27.351288 72.195206  0.000000 -0.000000 -0.000001
169  6.064260 95.114014 31.645500  0.000000 -0.000001 1.570796
170  0.054185 102.845642 29.795361  -0.000000 0.000001 -1.570796
171  6.064257 69.096558 37.164318  1.570796 0.000000 1.570796
172  1.974303 11.989233 4.589250  0.000000 0.000000 0.000000
173  -0.011481 23.944744 5.090361  0.000001 0.000000 0.000000
174  -1.691251 8.833342 5.763507  0.000001 0.000000 0.000000
175  6.064260 89.329796 31.613914  0.000000 -0.000001 1.570796
176  0.059886 2.255334 54.398010  -0.000000 0.000000 0.000000
177  0.003497 -22.270643 0.000148  1.570797 -0.000000 -1.570797
178  0.104010 15.380370 2.266153  0.000001 0.000000 -0.000000
179  0.315455 -0.709775 -0.025550  -0.069953 -0.022906 0.040200
180  -3.255359 24.458076 -23.114336  0.181523 0.048807 -1.277059
181  -2.662412 1.445757 33.628738  -0.000000 3.141591 1.570796
182  8.352066 2.772897 0.000541  -3.141589 0.000002 0.000000
183  -2.662412 1.445755 40.667953  -0.000000 3.141591 1.570796
184  8.352067 2.772897 0.000546  -3.141589 0.000002 0.000000
185  -1.431356 16.384781 4.137811  0.000001 0.000000 0.000000
186  -0.001845 0.521683 -0.140289  0.000000 0.000000 -0.000000
187  7.323109 -5.136191 -5.166237  0.000000 0.000000 -0.610865
188  2.698278 -0.000000 -0.000001  -0.000012 0.000000 0.000000
189  2.834159 -0.000003 -0.000000  0.000013 0.000000 0.000000
190  2.648918 -0.000000 0.000001  -0.000001 -0.000001 0.000000
191  2.667496 -0.000004 -0.000000  -0.000000 0.000000 -0.000000
192  2.426702 -0.000002 -0.000001  0.000000 0.000000 -0.000000
193  -0.494744 -44.353447 -1.302299  1.570797 0.000000 -1.570797
194  11.545938 73.768410 -3.792009  0.000000 0.000000 0.000000
195  -0.011102 -16.902813 1.952047  0.000001 0.000000 -0.000000
196  0.000000 -0.000001 -1.529052  -0.000000 0.000000 0.000000
197  -0.078942 0.000001 0.000000  0.000000 0.000001 1.570796
198  0.097092 0.000000 0.000000  -0.000000 -3.141592 1.570796
199  0.000000 0.000000 0.000000  0.000000 -0.000000 -0.000000
200  0.269844 0.964241 -1.168799  0.059524 -0.036968 -0.009529
201  -0.030296 0.233154 -1.240650  -0.014530 0.001313 -0.004099
time 4
0  0 0 0  0 0 0
1  0.000000 0.000000 0.000000  0.000000 -0.000000 -0.000000
2  -0.000005 0.000023 -61.375507  0.000000 0.000000 -1.570795
3  -0.012872 0.000000 8.235020  -1.570799 -1.570796 0.000000
4  16.163128 -0.012870 -0.000002  -0.000000 -0.000000 0.000000
5  16.163143 -0.000009 3.830524  -3.089336 -1.570794 0.000000
6  -0.000031 -0.000001 -0.000000  -0.036637 -0.128465 0.010432
7  -0.000001 -0.000007 0.000002  0.000000 0.000000 -0.031252
8  -0.000000 0.000001 0.000001  -0.004212 -0.000000 -0.000000
9  0.000002 0.000001 0.000001  -0.008484 -0.000000 -0.000000
10  -0.000000 0.000000 0.000003  -0.012757 -0.000000 -0.000000
11  -0.000001 0.000000 0.000001  -0.016969 0.000000 -0.000000
12  -0.000004 0.000000 0.000001  -0.021241 -0.000000 -0.000000
13  -0.000003 -0.000001 0.000001  -0.025514 -0.000000 -0.000000
14  -0.000002 -0.000001 0.000001  -0.029726 -0.000000 -0.000000
15  -0.000001 0.000002 0.000005  -0.031813 -0.124422 -0.018508
16  -0.000006 -0.000001 -0.000002  0.007898 -0.012253 -0.004016
17  -0.000002 0.000000 0.000002  -0.001037 0.000008 0.015076
18  -0.000002 0.000000 0.000004  -0.000975 0.000313 0.015076
19  0.000001 0.000002 -0.000004  -0.005066 0.000056 0.022279
20  -0.000000 0.000001 0.000001  0.000000 -0.000000 0.022828
21  0.000001 0.000000 0.000002  -0.000000 0.000000 0.022828
22  -0.000004 0.000001 -0.000002  -0.002385 -0.000400 0.022707
23  -0.000000 -0.000000 -0.000000  -0.000000 0.000000 0.022828
24  -0.000000 -0.000001 0.000003  -0.000000 -0.000000 0.022828
25  0.000002 0.000001 -0.000004  -0.004339 -0.000440 0.022402
26  -0.000000 0.000001 0.000001  0.000000 0.000000 0.022828
27  -0.000000 -0.000000 0.000003  -0.000000 -0.000000 0.022829
28  0.000002 0.000000 0.000002  0.001327 -0.001358 0.022766
29  -0.000000 0.000001 0.000004  -0.000000 0.000000 0.022828
30  -0.000001 0.000000 0.000004  0.000000 0.000000 0.022828
31  16.163136 0.000012 -3.830531  -3.098550 1.570794 0.000000
32  -0.000018 -0.000001 0.000001  -0.028780 0.039429 0.033015
33  -0.000004 0.000001 -0.000000  0.000000 -0.000000 -0.099165
34  0.000001 0.000000 0.000001  0.000610 0.000000 -0.000000
35  -0.000002 -0.000002 0.000001  0.001221 0.000000 0.000000
36  -0.000003 -0.000001 0.000003  0.001831 0.000000 0.000000
37  -0.000002 -0.000000 0.000003  0.002441 -0.000000 0.000000
38  -0.000006 0.000001 0.000005  0.003052 -0.000000 -0.000000
39  -0.000004 -0.000000 0.000003  0.003662 -0.000000 0.000000
40  -0.000003 -0.000002 0.000003  0.004272 0.000000 0.000000
41  -0.000009 -0.000004 0.000003  0.025556 0.042998 0.124390
42  1.410069 0.800524 2.089136  -2.009768 -0.630254 0.591907
43  3.954720 0.000011 0.000005  -0.000000 -0.000002 0.166319
44  3.101560 -0.000007 0.000004  -0.000001 -0.000000 0.240238
45  7.183347 -0.532110 3.267602  -0.123210 -0.020355 -0.052486
46  3.511601 -0.000000 -0.000003  0.000003 0.000001 0.099571
47  2.199404 0.000004 -0.000001  -0.000001 -0.000001 0.029267
48  7.145095 -0.676362 1.382420  -0.086920 0.009133 -0.085505
49  3.672218 -0.000002 -0.000001  0.000001 -0.000000 0.142941
50  2.676517 -0.000003 0.000004  -0.000001 -0.000001 -0.026075
51  6.831176 -0.870879 -0.599926  -0.130311 0.006346 -0.065012
52  3.657079 -0.000002 -0.000003  -0.000000 0.000001 0.057734
53  2.496795 0.000001 0.000001  0.000000 -0.000001 -0.091108
54  6.164467 -0.898158 -2.575025  -0.090704 0.013515 -0.151468
55  2.805847 -0.000004 0.000002  -0.000002 -0.000001 0.079091
56  2.307433 0.000000 -0.000003  0.000002 0.000001 -0.056419
57  0.000000 0.000000 -0.000000  0.002637 0.009213 0.002698
58  -0.152610 0.704079 -1.506186  0.079385 -0.051134 -0.013886
59  0.071249 114.357048 62.238800  0.000000 0.000000 -0.000000
60  1.986524 0.000014 -3.123739  -2.705260 -0.000000 -1.570797
61  -1.986692 0.000017 -3.123747  0.436333 0.000001 1.570797
62  -0.000000 0.000002 -0.000007  0.000000 0.000000 0.000000
63  -1.986692 0.000005 -3.123744  0.436333 0.000001 1.570797
64  -11.344152 1.135887 0.869277  0.000002 -0.025019 -0.026324
65  1.986524 0.000002 -3.123737  -2.705260 -0.000000 -1.570797
66  -11.350055 -0.729421 0.864885  0.000197 -0.025367 0.026442
67  1.754236 4.036746 -1.682670  0.392575 -0.010120 -1.546362
68  -1.755140 4.036745 -1.682680  -0.392577 -0.010391 -1.594986
69  -0.164556 7.327704 3.928703  -0.000000 0.000001 -1.570796
70  0.079082 36.742695 -0.508023  0.000001 0.000000 -0.000000
71  -1.260174 8.777410 6.736405  -0.000002 -0.424416 -3.141592
72  1.525193 18.283600 2.968622  0.000000 0.000000 -0.000000
73  0.060217 10.324389 74.469055  0.000008 0.000000 0.000000
74  0.062809 75.918007 83.075447  1.570797 -0.000000 -1.570796
75  4.804179 -3.971738 0.000001  -0.000000 0.000000 -0.000000
76  -7.041561 -5.025983 0.000001  -0.000000 -0.000000 -0.000000
77  8.407177 -3.978431 0.003055  -1.570796 1.570795 0.000000
78  10.376184 -3.978442 0.003056  -1.570796 1.570796 0.000000
79  10.194016 -0.314053 -1.749547  -1.570796 1.570796 0.000000
80  20.857885 -4.015565 0.000003  0.000000 -0.000000 0.000000
81  3.258444 5.856951 -3.403523  -0.000000 -0.000000 -0.000000
82  15.153049 5.860579 -3.403521  -0.000000 -0.000000 0.000000
83  6.064256 77.294960 36.365791  1.570796 -0.000000 1.570796
84  -2.662412 1.445755 40.667957  -0.000000 3.141591 1.570796
85  8.352066 2.772897 0.000541  -3.141589 0.000002 -0.000000
86  6.064256 72.973701 32.593254  1.570796 -0.000000 1.570796
87  0.004365 73.768425 -3.792008  0.000000 0.000000 0.000000
88  -0.442609 1.284882 8.535289  -0.000000 -0.000001 0.000000
89  0.000001 1.310209 -0.000001  0.000000 0.000000 0.000000
90  0.000001 0.582269 -0.000001  0.000000 0.000000 0.000000
91  0.036297 1.284885 7.928797  -0.000000 -0.000001 0.000000
92  0.000001 1.310204 -0.000001  0.000000 0.000000 0.000000
93  -0.000000 0.582256 -0.000001  0.000000 0.000000 0.000000
94  5.969323 3.427459 -6.170651  -0.000000 -0.000001 -1.570797
95  -1.310212 0.000001 0.000001  0.000000 -0.000000 -0.000000
96  -0.582264 -0.000000 0.000000  0.000000 -0.000000 -0.000000
97  5.969323 9.397399 -6.170660  -0.000000 -0.000001 -1.570796
98  -1.310203 -0.000000 0.000001  0.000000 0.000000 -0.000000
99  -0.582255 -0.000001 0.000000  0.000000 0.000000 -0.000000
100  5.969321 15.223763 -6.170671  -0.000000 -0.000001 -1.570796
101  -1.310204 0.000002 0.000001  -0.000000 0.000000 -0.000000
102  -0.582263 0.000001 0.000001  -0.000000 0.000000 -0.000000
103  5.969323 20.835573 -6.170671  -0.000000 -0.000001 -1.570796
104  -1.310204 0.000002 0.000001  -0.000000 0.000000 -0.000000
105  -0.582256 0.000000 0.000001  -0.000000 0.000000 -0.000000
106  5.969324 26.771215 -6.170673  -0.000000 -0.000001 -1.570796
107  5.969323 32.597595 -6.170675  -0.000000 -0.000001 -1.570796
108  5.969323 38.209412 -6.170687  0.000000 -0.000001 -1.570800
109  5.969322 49.488468 -6.170684  0.000000 -0.000001 -1.570800
110  -0.539090 -0.556802 -0.017364  -0.042462 2.681156 1.551919
111  -6.799123 -0.556808 0.818549  -0.272420 2.701993 1.452460
112  -4.615283 -0.556826 0.270328  -0.117230 2.684609 1.518878
113  -2.650969 -0.556810 0.063010  -0.042463 2.681158 1.551919
114  27.110340 1.284855 12.007547  -0.000000 -0.000000 0.000000
115  28.133427 1.284860 12.007547  0.000001 -0.000000 0.000000
116  12.812886 2.241781 12.007549  -0.000000 -0.000001 -0.000001
117  -9.955968 -0.319628 4.380215  -0.000001 -0.000000 -0.000001
118  -11.316474 -0.319627 4.380215  -0.000003 -0.000000 0.000000
119  -12.667811 -0.319629 4.380215  -0.000003 -0.000000 0.000001
120  -14.022141 -0.319619 4.380214  0.000010 -0.000000 -0.000011
121  -15.373240 -0.319618 4.380214  0.000015 -0.000000 -0.000015
122  -16.724140 -0.319622 4.380214  -0.000009 -0.000000 0.000006
123  -18.074572 -0.319620 4.380214  -0.000006 0.000000 0.000004
124  -19.423714 -0.319622 4.380214  0.000002 0.000000 -0.000004
125  -20.775270 -0.319620 4.380214  0.000003 0.000000 -0.000004
126  -22.126669 -0.319615 4.380214  0.000003 -0.000000 -0.000004
127  -23.478121 -0.319619 4.380215  0.000005 0.000000 -0.000006
128  -24.830620 -0.319614 4.380214  0.000036 0.000000 -0.000038
129  -26.182028 -0.319618 4.380215  -0.000011 0.000000 0.000011
130  0.529180 -0.167128 0.629484  -0.101270 -0.000000 0.000000
131  -0.211444 -0.241684 0.155361  -0.145847 -0.000000 0.000000
132  0.529190 -0.280704 -0.110293  -0.145847 -0.000000 0.000000
133  -0.173927 -0.337326 -0.638496  -0.181751 -0.000000 0.000000
134  0.529189 -0.399246 -0.975394  -0.181751 -0.000000 0.000000
135  -0.211444 -0.464468 -1.431043  -0.192399 -0.000000 0.000000
136  0.529189 -0.515806 -1.694584  -0.192399 -0.000000 0.000000
137  -0.173928 -0.612153 -2.231912  -0.216703 -0.000000 0.000000
138  0.529188 -0.685803 -2.566441  -0.216703 -0.000000 0.000000
139  -0.211445 -0.769556 -3.027871  -0.237349 -0.000000 0.000000
140  0.529188 -0.832685 -3.288848  -0.237349 -0.000000 0.000000
141  -0.173937 -0.945283 -3.779564  -0.233859 0.000000 0.000000
142  0.529179 -1.024649 -4.112780  -0.233859 0.000000 0.000000
143  -0.211443 -1.132183 -4.577548  -0.262919 -0.000000 0.000000
144  0.529190 -1.201958 -4.836825  -0.262919 0.000000 0.000000
145  -0.000005 -2.810941 -10.636630  0.258454 0.000000 3.141592
146  -0.192455 -1.345776 -5.370046  -0.280373 0.000000 0.000000
147  0.533984 -1.413509 -5.605105  -0.276883 0.000000 0.000000
148  -0.206618 -1.795756 -6.909780  -0.287354 0.000000 0.000000
149  -0.205805 -1.564814 -6.138258  -0.290843 0.000000 0.000000
150  0.530460 -1.643674 -6.395215  -0.290844 0.000000 0.000000
151  0.535311 -1.790705 -7.204133  -0.287354 -0.000000 0.000000
152  -0.202703 -2.030479 -7.702830  -0.286180 -0.000000 0.000000
153  0.509548 -2.118896 -8.011624  -0.298398 -0.000000 0.000000
154  -0.202703 -2.255281 -8.465173  -0.283134 -0.000000 0.000000
155  0.509548 -2.352974 -8.771159  -0.295352 -0.000000 0.000000
156  -0.202704 -2.481592 -9.235472  -0.285437 -0.000000 0.000000
157  0.509547 -2.588685 -9.538637  -0.297654 -0.000000 0.000000
158  0.170122 -21.222092 -1.001140  -0.000001 -0.000001 0.000000
159  0.170122 -20.843863 -0.397183  -0.000001 -0.000001 0.000000
160  0.170123 -20.489744 -1.001141  -0.000001 -0.000001 0.000000
161  0.170124 -20.111069 -0.397183  -0.000001 -0.000001 0.000000
162  0.170123 -19.380089 -0.397187  -0.000001 -0.000001 0.000000
163  0.170123 -19.025110 -1.001145  -0.000001 -0.000001 0.000000
164  0.170123 -18.646656 -0.396447  -0.000001 -0.000001 0.000000
165  0.170124 -19.755762 -1.001142  -0.000001 -0.000001 0.000000
166  -0.015973 10.612518 2.686017  0.000001 0.000000 -0.000000
167  0.059851 -50.160706 6.449381  1.570797 0.000000 -1.570797
168  0.064652 27.351292 72.195206  0.000000 -0.000000 -0.000001
169  6.064260 95.114021 31.645504  0.000000 -0.000001 1.570796
170  0.054185 102.845650 29.795362  -0.000000 0.000001 -1.570796
171  6.064257 69.096565 37.164318  1.570796 -0.000000 1.570796
172  1.974303 11.989234 4.589251  0.000000 0.000000 -0.000000
173  -0.011481 23.944746 5.090362  0.000001 0.000000 0.000000
174  -1.691251 8.833342 5.763507  0.000001 0.000000 -0.000000
175  6.064260 89.329819 31.613916  0.000000 -0.000001 1.570796
176  0.059886 2.255335 54.398010  0.000000 0.000000 0.000000
177  0.003497 -22.270645 0.000147  1.570797 0.000000 -1.570797
178  0.104010 15.380371 2.266153  0.000001 0.000000 -0.000000
179  0.425766 -0.936457 -0.048161  -0.099655 -0.029082 0.055548
180  -3.255359 24.458080 -23.114338  0.181523 0.048807 -1.277059
181  -2.662412 1.445758 33.628746  -0.000000 3.141591 1.570796
182  8.352066 2.772897 0.000543  -3.141589 0.000002 -0.000000
183  -2.662412 1.445755 40.667957  -0.000000 3.141591 1.570796
184  8.352066 2.772897 0.000541  -3.141589 0.000002 -0.000000
185  -1.431356 16.384779 4.137812  0.000001 0.000000 0.000000
186  -0.001845 0.521683 -0.140289  0.000000 0.000000 -0.000000
187  7.323109 -5.136192 -5.166237  0.000000 0.000000 -0.610865
188  2.698278 -0.000001 0.000000  -0.000012 0.000000 0.000000
189  2.834159 -0.000002 -0.000000  0.000013 0.000000 -0.000000
190  2.648919 -0.000000 -0.000000  -0.000001 -0.000001 0.000000
191  2.667497 -0.000003 -0.000001  -0.000000 0.000000 0.000000
192  2.426700 -0.000001 0.000001  -0.000000 0.000000 -0.000000
193  -0.494744 -44.353451 -1.302299  1.570797 0.000000 -1.570797
194  11.545937 73.768425 -3.792010  0.000000 0.000000 -0.000000
195  -0.011102 -16.902815 1.952047  0.000001 0.000000 -0.000000
196  -0.000000 0.000001 -1.529052  -0.000000 0.000000 0.000000
197  -0.078942 0.000000 0.000000  0.000000 0.000001 1.570796
198  0.097092 -0.000000 0.000000  -0.000000 -3.141592 1.570796
199  0.000000 0.000000 0.000000  0.000000 -0.000000 -0.000000
200  0.326181 1.402504 -1.363749  0.079385 -0.051134 -0.013886
201  -0.058047 0.428771 -1.469977  -0.023150 0.005053 -0.006407
time 5
0  0 0 0  0 0 0
1  0.000000 0.000000 0.000000  0.000000 -0.000000 -0.000000
2  -0.000005 0.000023 -61.375507  0.000000 0.000000 -1.570795
3  -0.012872 0.000000 8.235020  -1.570799 -1.570796 0.000000
4  16.163128 -0.012870 -0.000002  -0.000000 -0.000000 0.000000
5  16.163143 -0.000009 3.830524  -3.089336 -1.570794 0.000000
6  -0.000031 -0.000001 -0.000000  -0.038471 -0.127207 0.008629
7  0.000001 -0.000007 0.000002  0.000000 0.000000 -0.041630
8  -0.000000 0.000001 0.000001  -0.003662 -0.000000 -0.000000
9  0.000001 0.000001 0.000001  -0.007386 -0.000000 -0.000000
10  -0.000002 0.000000 0.000001  -0.011109 -0.000000 -0.000000
11  -0.000001 0.000001 0.000003  -0.014832 0.000000 -0.000000
12  -0.000002 0.000000 0.000001  -0.018555 -0.000000 -0.000000
13  -0.000003 -0.000001 -0.000001  -0.022279 -0.000000 -0.000000
14  -0.000004 -0.000001 0.000001  -0.026003 -0.000000 -0.000000
15  -0.000002 0.000001 0.000005  -0.027660 -0.130064 -0.013920
16  -0.000005 -0.000001 0.000003  0.009865 -0.015235 -0.005019
17  -0.000003 0.000000 0.000005  -0.001282 0.000012 0.018800
18  -0.000002 0.000000 0.000003  -0.001218 0.000378 0.018799
19  0.000001 0.000002 -0.000000  -0.006164 0.000084 0.027223
20  -0.000001 0.000001 0.000000  0.000000 -0.000000 0.027895
21  -0.000000 0.000000 0.000000  -0.000000 0.000000 0.027895
22  -0.000004 0.000001 0.000001  -0.002936 -0.000448 0.027712
23  -0.000001 -0.000000 -0.000002  -0.000000 0.000000 0.027895
24  -0.000000 -0.000001 0.000002  -0.000000 0.000000 0.027895
25  0.000001 0.000001 -0.000000  -0.005317 -0.000477 0.027408
26  -0.000000 0.000001 0.000001  0.000000 0.000000 0.027895
27  -0.000000 -0.000000 -0.000005  -0.000000 -0.000000 0.027895
28  0.000001 0.000001 0.000004  0.001625 -0.001671 0.027832
29  0.000001 0.000001 0.000003  -0.000000 0.000000 0.027895
30  -0.000000 -0.000000 0.000001  0.000000 0.000000 0.027895
31  16.163136 0.000012 -3.830531  -3.098550 1.570794 0.000000
32  -0.000018 -0.000001 0.000001  -0.025474 0.036663 0.035922
33  0.000000 0.000001 -0.000000  0.000000 -0.000000 -0.116586
34  0.000001 0.000000 -0.000002  0.001221 0.000000 -0.000000
35  -0.000002 -0.000002 -0.000002  0.002441 0.000000 0.000000
36  -0.000003 -0.000001 -0.000001  0.003723 0.000000 0.000000
37  0.000001 -0.000000 -0.000002  0.004944 -0.000000 0.000000
38  -0.000004 0.000000 -0.000001  0.006226 -0.000000 -0.000000
39  -0.000006 -0.000000 -0.000003  0.007447 -0.000000 -0.000000
40  -0.000005 -0.000002 -0.000003  0.008667 0.000000 0.000000
41  -0.000005 -0.000004 -0.000005  0.034317 0.043131 0.151519
42  1.410068 0.800525 2.089140  -2.009768 -0.630254 0.591907
43  3.954718 0.000013 0.000004  -0.000000 -0.000002 0.166320
44  3.101561 -0.000007 0.000002  -0.000001 -0.000000 0.240238
45  7.183346 -0.532110 3.267605  -0.123210 -0.020355 -0.052486
46  3.511602 -0.000001 0.000000  0.000003 0.000001 0.099571
47  2.199402 0.000005 -0.000001  -0.000001 -0.000001 0.029267
48  7.145095 -0.676362 1.382422  -0.086920 0.009133 -0.085505
49  3.672218 -0.000002 0.000001  0.000001 -0.000000 0.142941
50  2.676519 -0.000003 0.000003  -0.000001 -0.000001 -0.026075
51  6.831176 -0.870879 -0.599926  -0.130311 0.006346 -0.065012
52  3.657079 -0.000002 -0.000004  -0.000000 0.000001 0.057734
53  2.496793 0.000001 0.000003  0.000000 -0.000001 -0.091108
54  6.164466 -0.898158 -2.575024  -0.090704 0.013515 -0.151468
55  2.805847 -0.000004 0.000002  -0.000002 -0.000001 0.079091
56  2.307435 0.000000 -0.000000  0.000002 0.000001 -0.056419
57  0.000000 0.000000 -0.000000  0.003625 0.013117 0.003625
58  -0.268162 0.990425 -1.378680  0.088874 -0.057051 -0.017024
59  0.071249 114.357040 62.238796  0.000000 -0.000000 -0.000000
60  1.986524 0.000013 -3.123735  -2.705260 -0.000000 -1.570797
61  -1.986693 0.000019 -3.123747  0.436333 0.000001 1.570797
62  -0.000001 0.000003 -0.000005  0.000000 -0.000000 0.000000
63  -1.986692 0.000014 -3.123739  0.436333 0.000001 1.570797
64  -11.344157 1.135889 0.869281  0.000002 -0.025019 -0.026324
65  1.986524 0.000009 -3.123736  -2.705260 -0.000000 -1.570797
66  -11.350057 -0.729421 0.864889  0.000197 -0.025367 0.026442
67  1.754237 4.036749 -1.682664  0.392575 -0.010120 -1.546362
68  -1.755139 4.036756 -1.682671  -0.392577 -0.010391 -1.594986
69  -0.164556 7.327704 3.928703  0.000000 0.000001 -1.570796
70  0.079082 36.742695 -0.508023  0.000001 -0.000000 -0.000000
71  -1.260174 8.777409 6.736405  -0.000002 -0.424416 -3.141592
72  1.525193 18.283598 2.968622  0.000000 -0.000000 0.000000
73  0.060217 10.324389 74.469063  0.000008 -0.000000 0.000000
74  0.062809 75.917999 83.075447  1.570797 -0.000000 -1.570796
75  4.804182 -3.971745 0.000001  -0.000000 0.000000 -0.000000
76  -7.041565 -5.025996 0.000001  -0.000000 -0.000000 -0.000000
77  8.407179 -3.978439 0.003055  -1.570796 1.570795 0.000000
78  10.376185 -3.978447 0.003056  -1.570796 1.570796 0.000000
79  10.194012 -0.314070 -1.749547  -1.570796 1.570796 0.000000
80  20.857885 -4.015572 0.000003  0.000000 -0.000000 -0.000000
81  3.258444 5.856947 -3.403523  -0.000000 -0.000000 -0.000000
82  15.153049 5.860572 -3.403521  -0.000000 -0.000000 0.000000
83  6.064256 77.294952 36.365795  1.570796 -0.000000 1.570796
84  -2.662412 1.445755 40.667953  0.000000 3.141591 1.570796
85  8.352067 2.772897 0.000541  -3.141589 0.000002 -0.000000
86  6.064256 72.973694 32.593254  1.570796 -0.000000 1.570796
87  0.004365 73.768417 -3.792008  0.000000 -0.000000 0.000000
88  -0.442609 1.284884 8.535291  0.000000 -0.000001 0.000000
89  0.000001 1.310212 0.000001  0.000000 -0.000000 0.000000
90  0.000001 0.582255 0.000000  0.000000 -0.000000 0.000000
91  0.036298 1.284881 7.928798  0.000000 -0.000001 0.000000
92  0.000001 1.310201 0.000000  0.000000 -0.000000 0.000000
93  -0.000000 0.582252 -0.000001  0.000000 -0.000000 0.000000
94  5.969323 3.427464 -6.170650  -0.000000 -0.000001 -1.570797
95  -1.310202 0.000002 0.000001  0.000000 0.000000 -0.000000
96  -0.582254 0.000001 0.000001  0.000000 -0.000000 -0.000000
97  5.969323 9.397404 -6.170659  -0.000000 -0.000001 -1.570796
98  -1.310208 -0.000000 0.000001  0.000000 0.000000 -0.000000
99  -0.582259 -0.000001 0.000001  0.000000 0.000000 -0.000000
100  5.969321 15.223763 -6.170669  0.000000 -0.000001 -1.570796
101  -1.310204 0.000002 0.000002  -0.000000 0.000000 -0.000000
102  -0.582255 0.000001 0.000001  -0.000000 0.000000 -0.000000
103  5.969323 20.835562 -6.170670  0.000000 -0.000001 -1.570796
104  -1.310210 0.000002 0.000001  -0.000000 0.000000 -0.000000
105  -0.582254 0.000001 0.000002  -0.000000 0.000000 -0.000000
106  5.969324 26.771210 -6.170671  0.000000 -0.000001 -1.570796
107  5.969323 32.597591 -6.170673  0.000000 -0.000001 -1.570796
108  5.969324 38.209393 -6.170684  0.000000 -0.000001 -1.570800
109  5.969322 49.488457 -6.170682  0.000000 -0.000001 -1.570800
110  -0.539090 -0.556804 -0.017362  -0.042462 2.681156 1.551919
111  -6.799123 -0.556811 0.818551  -0.272420 2.701993 1.452460
112  -4.615282 -0.556819 0.270328  -0.117230 2.684609 1.518878
113  -2.650969 -0.556808 0.063011  -0.042463 2.681158 1.551919
114  27.110336 1.284855 12.007548  0.000000 -0.000000 0.000000
115  28.133425 1.284861 12.007548  0.000001 -0.000000 0.000000
116  12.812886 2.241792 12.007550  0.000000 -0.000001 -0.000001
117  -9.955967 -0.319620 4.380214  -0.000001 -0.000000 -0.000001
118  -11.316473 -0.319623 4.380216  -0.000003 -0.000000 0.000000
119  -12.667809 -0.319616 4.380215  -0.000003 -0.000000 0.000001
120  -14.022141 -0.319622 4.380215  0.000010 -0.000000 -0.000011
121  -15.373239 -0.319619 4.380214  0.000015 -0.000000 -0.000015
122  -16.724142 -0.319621 4.380215  -0.000009 -0.000000 0.000006
123  -18.074572 -0.319614 4.380214  -0.000006 -0.000000 0.000004
124  -19.423714 -0.319616 4.380214  0.000002 0.000000 -0.000004
125  -20.775269 -0.319613 4.380214  0.000003 0.000000 -0.000004
126  -22.126669 -0.319615 4.380215  0.000003 -0.000000 -0.000004
127  -23.478119 -0.319610 4.380214  0.000005 -0.000000 -0.000006
128  -24.830616 -0.319616 4.380215  0.000036 -0.000000 -0.000038
129  -26.182026 -0.319618 4.380214  -0.000011 -0.000000 0.000011
130  0.529180 -0.167128 0.629484  -0.101270 -0.000000 0.000000
131  -0.211444 -0.241677 0.155361  -0.145847 -0.000000 0.000000
132  0.529190 -0.280700 -0.110293  -0.145847 -0.000000 0.000000
133  -0.173927 -0.337326 -0.638495  -0.181751 -0.000000 0.000000
134  0.529189 -0.399242 -0.975393  -0.181751 -0.000000 0.000000
135  -0.211444 -0.464480 -1.431041  -0.192399 -0.000000 0.000000
136  0.529189 -0.515807 -1.694583  -0.192400 -0.000000 0.000000
137  -0.173928 -0.612145 -2.231910  -0.216703 -0.000000 0.000000
138  0.529188 -0.685812 -2.566439  -0.216703 -0.000000 0.000000
139  -0.211445 -0.769564 -3.027870  -0.237349 -0.000000 0.000000
140  0.529188 -0.832686 -3.288846  -0.237349 -0.000000 0.000000
141  -0.173937 -0.945274 -3.779564  -0.233859 0.000000 0.000000
142  0.529179 -1.024662 -4.112779  -0.233859 0.000000 0.000000
143  -0.211443 -1.132188 -4.577547  -0.262919 -0.000000 0.000000
144  0.529190 -1.201967 -4.836824  -0.262919 0.000000 0.000000
145  -0.000004 -2.810935 -10.636629  0.258454 0.000000 3.141592
146  -0.192455 -1.345773 -5.370045  -0.280373 0.000000 0.000000
147  0.533984 -1.413506 -5.605104  -0.276883 0.000000 0.000000
148  -0.206618 -1.795754 -6.909779  -0.287354 0.000000 0.000000
149  -0.205805 -1.564814 -6.138256  -0.290843 0.000000 0.000000
150  0.530460 -1.643677 -6.395213  -0.290844 0.000000 0.000000
151  0.535311 -1.790709 -7.204132  -0.287354 -0.000000 0.000000
152  -0.202703 -2.030480 -7.702830  -0.286180 -0.000000 0.000000
153  0.509548 -2.118904 -8.011622  -0.298398 -0.000000 0.000000
154  -0.202703 -2.255275 -8.465171  -0.283134 -0.000000 0.000000
155  0.509548 -2.352981 -8.771158  -0.295352 -0.000000 0.000000
156  -0.202704 -2.481601 -9.235469  -0.285437 -0.000000 0.000000
157  0.509547 -2.588680 -9.538637  -0.297654 -0.000000 0.000000
158  0.170123 -21.222092 -1.001139  -0.000001 -0.000001 0.000000
159  0.170123 -20.843859 -0.397183  -0.000001 -0.000001 0.000000
160  0.170123 -20.489744 -1.001140  -0.000001 -0.000001 0.000000
161  0.170124 -20.111065 -0.397183  -0.000001 -0.000001 0.000000
162  0.170123 -19.380087 -0.397186  -0.000001 -0.000001 0.000000
163  0.170123 -19.025110 -1.001145  -0.000001 -0.000001 0.000000
164  0.170123 -18.646662 -0.396447  -0.000001 -0.000001 0.000000
165  0.170124 -19.755762 -1.001141  -0.000001 -0.000001 0.000000
166  -0.015973 10.612517 2.686017  0.000001 -0.000000 -0.000000
167  0.059851 -50.160706 6.449381  1.570797 0.000000 -1.570797
168  0.064653 27.351292 72.195206  0.000000 -0.000000 -0.000001
169  6.064260 95.114014 31.645502  -0.000000 -0.000001 1.570796
170  0.054185 102.845642 29.795364  0.000000 0.000001 -1.570796
171  6.064257 69.096558 37.164322  1.570796 -0.000000 1.570796
172  1.974303 11.989234 4.589250  0.000000 -0.000000 0.000000
173  -0.011481 23.944746 5.090361  0.000001 -0.000000 0.000000
174  -1.691251 8.833342 5.763507  0.000001 -0.000000 0.000000
175  6.064261 89.329803 31.613922  -0.000000 -0.000001 1.570796
176  0.059886 2.255335 54.398010  0.000000 -0.000000 0.000000
177  0.003497 -22.270643 0.000146  1.570797 0.000000 -1.570797
178  0.104010 15.380370 2.266153  0.000001 -0.000000 -0.000000
179  0.510920 -0.990293 -0.076172  -0.120033 -0.032126 0.065053
180  -3.255359 24.458078 -23.114338  0.181523 0.048807 -1.277059
181  -2.662412 1.445758 33.628742  0.000000 3.141591 1.570796
182  8.352067 2.772896 0.000543  -3.141589 0.000002 -0.000000
183  -2.662412 1.445755 40.667953  0.000000 3.141591 1.570796
184  8.352067 2.772897 0.000541  -3.141589 0.000002 -0.000000
185  -1.431356 16.384779 4.137812  0.000001 -0.000000 0.000000
186  -0.001844 0.521683 -0.140290  0.000000 -0.000000 -0.000000
187  7.323108 -5.136191 -5.166237  0.000000 0.000000 -0.610865
188  2.698277 -0.000002 -0.000001  -0.000012 0.000000 0.000000
189  2.834159 -0.000001 -0.000000  0.000013 0.000000 0.000000
190  2.648918 -0.000000 0.000000  -0.000001 -0.000001 0.000000
191  2.667498 -0.000004 -0.000000  -0.000000 0.000000 0.000000
192  2.426703 -0.000002 0.000000  -0.000000 0.000000 -0.000000
193  -0.494744 -44.353447 -1.302299  1.570797 0.000000 -1.570797
194  11.545938 73.768417 -3.792010  0.000000 -0.000000 0.000000
195  -0.011102 -16.902813 1.952047  0.000001 -0.000000 -0.000000
196  0.000000 0.000002 -1.529052  -0.000000 -0.000000 0.000000
197  -0.078942 0.000002 -0.000000  0.000000 0.000001 1.570796
198  0.097092 0.000002 0.000000  -0.000000 -3.141592 1.570796
199  0.000000 0.000000 0.000000  0.000000 -0.000000 -0.000000
200  0.269844 1.771434 -1.216616  0.088874 -0.057051 -0.017024
201  -0.096195 0.680629 -1.329108  -0.031977 0.012008 -0.008739
time 6
0  0 0 0  0 0 0
1  0.000000 0.000000 0.000000  0.000000 -0.000000 -0.000000
2  -0.000005 0.000023 -61.375507  0.000000 0.000000 -1.570795
3  -0.012872 0.000000 8.235020  -1.570799 -1.570796 0.000000
4  16.163128 -0.012870 -0.000002  -0.000000 -0.000000 0.000000
5  16.163143 -0.000009 3.830524  -3.089336 -1.570794 0.000000
6  -0.000031 -0.000001 -0.000000  -0.043884 -0.123098 0.005519
7  -0.000001 -0.000007 0.000002  0.000000 0.000000 -0.050605
8  -0.000000 0.000001 -0.000003  -0.003601 -0.000000 -0.000000
9  0.000002 0.000001 -0.000004  -0.007202 -0.000000 -0.000000
10  -0.000002 0.000000 -0.000001  -0.010865 -0.000000 -0.000000
11  -0.000002 0.000001 -0.000003  -0.014466 0.000000 -0.000000
12  -0.000002 0.000000 -0.000003  -0.018067 -0.000000 -0.000000
13  -0.000004 -0.000001 -0.000003  -0.021730 -0.000000 -0.000000
14  -0.000004 -0.000001 -0.000003  -0.025331 -0.000000 -0.000000
15  -0.000002 0.000002 -0.000001  -0.027050 -0.136951 -0.007935
16  -0.000006 -0.000001 0.000000  0.011467 -0.017729 -0.005901
17  -0.000002 0.000000 0.000003  -0.001526 0.000017 0.021852
18  -0.000002 0.000000 0.000002  -0.001399 0.000504 0.021851
19  0.000000 0.000002 -0.000003  -0.006774 0.000101 0.029848
20  -0.000001 0.000001 -0.000002  -0.000000 0.000000 0.030581
21  -0.000000 -0.000000 -0.000003  -0.000000 0.000000 0.030581
22  -0.000004 0.000001 -0.000002  -0.003243 -0.000500 0.030398
23  -0.000001 -0.000000 0.000001  -0.000000 0.000000 0.030581
24  -0.000001 -0.000001 -0.000000  -0.000000 0.000000 0.030581
25  0.000000 0.000001 -0.000001  -0.005807 -0.000523 0.030033
26  -0.000001 0.000001 0.000003  0.000000 0.000000 0.030581
27  -0.000001 -0.000000 0.000001  -0.000000 -0.000000 0.030581
28  0.000000 0.000000 0.000001  0.001804 -0.001798 0.030518
29  0.000001 0.000001 0.000000  -0.000000 0.000000 0.030581
30  -0.000001 -0.000000 0.000000  0.000000 -0.000000 0.030581
31  16.163136 0.000012 -3.830531  -3.098550 1.570794 0.000000
32  -0.000018 -0.000001 0.000001  -0.017112 0.027500 0.038775
33  -0.000002 0.000001 -0.000001  0.000000 -0.000000 -0.127409
34  0.000000 0.000000 -0.000003  0.002136 0.000000 -0.000000
35  -0.000002 -0.000002 -0.000001  0.004273 0.000000 0.000000
36  -0.000003 -0.000001 0.000001  0.006470 0.000000 0.000000
37  -0.000001 -0.000000 -0.000001  0.008606 -0.000000 0.000000
38  -0.000004 0.000001 -0.000001  0.010742 -0.000000 -0.000000
39  -0.000003 0.000000 -0.000001  0.012940 -0.000000 -0.000000
40  -0.000002 -0.000001 0.000001  0.015076 0.000000 0.000000
41  -0.000007 -0.000004 -0.000001  0.041163 0.028730 0.169613
42  1.410069 0.800525 2.089137  -2.009768 -0.630254 0.591907
43  3.954720 0.000011 0.000004  -0.000000 -0.000002 0.166319
44  3.101560 -0.000008 0.000002  -0.000001 -0.000000 0.240238
45  7.183347 -0.532109 3.267604  -0.123210 -0.020355 -0.052486
46  3.511602 -0.000001 -0.000005  0.000003 0.000001 0.099571
47  2.199405 0.000005 -0.000001  -0.000001 -0.000001 0.029267
48  7.145094 -0.676362 1.382422  -0.086920 0.009133 -0.085505
49  3.672218 -0.000002 -0.000001  0.000001 -0.000000 0.142941
50  2.676517 -0.000003 0.000001  -0.000001 -0.000001 -0.026075
51  6.831176 -0.870879 -0.599926  -0.130311 0.006346 -0.065012
52  3.657079 -0.000002 -0.000002  -0.000000 0.000001 0.057734
53  2.496793 0.000001 0.000003  0.000000 -0.000001 -0.091108
54  6.164467 -0.898158 -2.575025  -0.090704 0.013515 -0.151468
55  2.805849 -0.000003 0.000002  -0.000002 -0.000001 0.079091
56  2.307435 0.000000 -0.000003  0.000002 0.000001 -0.056419
57  0.000000 0.000000 -0.000000  0.004493 0.017020 0.004311
58  -0.422959 1.256119 -1.061738  0.092529 -0.050889 -0.018860
59  0.071248 114.357025 62.238792  0.000000 -0.000000 -0.000000
60  1.986525 0.000012 -3.123725  -2.705260 -0.000000 -1.570797
61  -1.986692 0.000015 -3.123735  0.436333 0.000001 1.570797
62  -0.000000 -0.000006 -0.000000  0.000000 -0.000000 0.000000
63  -1.986692 0.000011 -3.123728  0.436333 0.000001 1.570797
64  -11.344163 1.135889 0.869273  0.000002 -0.025019 -0.026324
65  1.986524 0.000015 -3.123726  -2.705260 -0.000000 -1.570797
66  -11.350045 -0.729429 0.864889  0.000197 -0.025367 0.026442
67  1.754237 4.036757 -1.682661  0.392575 -0.010120 -1.546362
68  -1.755139 4.036761 -1.682665  -0.392577 -0.010391 -1.594986
69  -0.164556 7.327703 3.928703  0.000000 0.000001 -1.570796
70  0.079082 36.742691 -0.508023  0.000001 -0.000000 -0.000000
71  -1.260174 8.777408 6.736405  -0.000002 -0.424416 -3.141592
72  1.525193 18.283596 2.968622  0.000000 -0.000000 0.000000
73  0.060216 10.324389 74.469063  0.000008 -0.000000 0.000000
74  0.062809 75.917999 83.075432  1.570797 0.000000 -1.570796
75  4.804185 -3.971741 0.000001  -0.000000 0.000000 -0.000000
76  -7.041575 -5.025994 0.000001  -0.000000 -0.000000 -0.000000
77  8.407176 -3.978423 0.003055  -1.570796 1.570795 0.000000
78  10.376184 -3.978442 0.003056  -1.570796 1.570796 0.000000
79  10.194014 -0.314056 -1.749548  -1.570796 1.570796 0.000000
80  20.857883 -4.015557 0.000002  0.000000 -0.000000 0.000000
81  3.258440 5.856952 -3.403524  -0.000000 -0.000000 -0.000000
82  15.153049 5.860583 -3.403521  -0.000000 -0.000000 -0.000000
83  6.064256 77.294960 36.365799  1.570796 -0.000000 1.570796
84  -2.662412 1.445755 40.667957  0.000000 3.141591 1.570796
85  8.352066 2.772897 0.000540  -3.141589 0.000002 -0.000000
86  6.064257 72.973694 32.593254  1.570796 -0.000000 1.570796
87  0.004365 73.768410 -3.792007  0.000000 -0.000000 0.000000
88  -0.442609 1.284873 8.535291  0.000000 -0.000001 0.000000
89  0.000001 1.310213 -0.000001  0.000000 -0.000000 0.000000
90  0.000001 0.582266 -0.000000  0.000000 -0.000000 0.000000
91  0.036297 1.284873 7.928799  0.000000 -0.000001 0.000000
92  0.000001 1.310205 -0.000000  0.000000 -0.000000 0.000000
93  -0.000000 0.582259 0.000000  0.000000 -0.000000 0.000000
94  5.969323 3.427445 -6.170650  -0.000000 -0.000001 -1.570797
95  -1.310203 0.000002 0.000001  0.000000 0.000000 -0.000000
96  -0.582257 0.000001 -0.000000  0.000000 0.000000 -0.000000
97  5.969323 9.397393 -6.170659  -0.000000 -0.000001 -1.570796
98  -1.310202 -0.000000 0.000001  0.000000 0.000000 -0.000000
99  -0.582255 -0.000001 -0.000000  0.000000 0.000000 -0.000000
100  5.969322 15.223764 -6.170671  0.000000 -0.000001 -1.570796
101  -1.310210 0.000002 0.000001  -0.000000 0.000000 -0.000000
102  -0.582263 0.000002 0.000000  -0.000000 0.000000 -0.000000
103  5.969323 20.835558 -6.170671  0.000000 -0.000001 -1.570796
104  -1.310210 0.000002 0.000001  -0.000000 0.000000 -0.000000
105  -0.582264 0.000000 0.000002  -0.000000 0.000000 -0.000000
106  5.969323 26.771196 -6.170672  0.000000 -0.000001 -1.570796
107  5.969322 32.597584 -6.170675  0.000000 -0.000001 -1.570796
108  5.969323 38.209385 -6.170685  0.000000 -0.000001 -1.570800
109  5.969322 49.488464 -6.170685  0.000000 -0.000001 -1.570800
110  -0.539090 -0.556822 -0.017362  -0.042462 2.681156 1.551919
111  -6.799124 -0.556820 0.818550  -0.272420 2.701993 1.452460
112  -4.615283 -0.556831 0.270328  -0.117230 2.684609 1.518878
113  -2.650969 -0.556812 0.063010  -0.042463 2.681158 1.551919
114  27.110336 1.284844 12.007548  0.000000 -0.000000 -0.000000
115  28.133425 1.284848 12.007547  0.000001 -0.000000 -0.000000
116  12.812885 2.241777 12.007550  0.000000 -0.000001 -0.000001
117  -9.955967 -0.319628 4.380214  -0.000001 -0.000000 -0.000001
118  -11.316473 -0.319635 4.380216  -0.000003 -0.000000 0.000000
119  -12.667810 -0.319638 4.380215  -0.000003 -0.000000 0.000001
120  -14.022140 -0.319628 4.380215  0.000010 -0.000000 -0.000011
121  -15.373240 -0.319634 4.380215  0.000015 -0.000000 -0.000015
122  -16.724142 -0.319628 4.380215  -0.000009 -0.000000 0.000006
123  -18.074572 -0.319629 4.380215  -0.000006 0.000000 0.000004
124  -19.423717 -0.319629 4.380215  0.000002 0.000000 -0.000004
125  -20.775270 -0.319628 4.380215  0.000003 0.000000 -0.000004
126  -22.126673 -0.319632 4.380216  0.000003 -0.000000 -0.000004
127  -23.478125 -0.319630 4.380216  0.000005 -0.000000 -0.000006
128  -24.830622 -0.319631 4.380215  0.000036 0.000000 -0.000038
129  -26.182028 -0.319628 4.380216  -0.000011 0.000000 0.000011
130  0.529180 -0.167133 0.629484  -0.101270 -0.000000 0.000000
131  -0.211444 -0.241697 0.155362  -0.145847 -0.000000 0.000000
132  0.529190 -0.280704 -0.110293  -0.145847 -0.000000 0.000000
133  -0.173927 -0.337336 -0.638495  -0.181751 -0.000000 0.000000
134  0.529189 -0.399257 -0.975393  -0.181751 -0.000000 0.000000
135  -0.211444 -0.464483 -1.431042  -0.192399 -0.000000 0.000000
136  0.529189 -0.515810 -1.694583  -0.192399 -0.000000 0.000000
137  -0.173928 -0.612154 -2.231912  -0.216703 -0.000000 0.000000
138  0.529188 -0.685811 -2.566440  -0.216703 -0.000000 0.000000
139  -0.211445 -0.769576 -3.027870  -0.237349 -0.000000 0.000000
140  0.529188 -0.832698 -3.288847  -0.237349 -0.000000 0.000000
141  -0.173937 -0.945289 -3.779564  -0.233859 0.000000 0.000000
142  0.529179 -1.024666 -4.112781  -0.233859 0.000000 0.000000
143  -0.211443 -1.132197 -4.577548  -0.262919 -0.000000 0.000000
144  0.529190 -1.201974 -4.836825  -0.262919 0.000000 0.000000
145  -0.000005 -2.810944 -10.636632  0.258454 0.000000 3.141592
146  -0.192455 -1.345794 -5.370045  -0.280373 0.000000 0.000000
147  0.533984 -1.413516 -5.605105  -0.276883 0.000000 0.000000
148  -0.206618 -1.795771 -6.909780  -0.287354 0.000000 0.000000
149  -0.205805 -1.564823 -6.138258  -0.290843 0.000000 0.000000
150  0.530460 -1.643690 -6.395215  -0.290844 0.000000 0.000000
151  0.535311 -1.790717 -7.204133  -0.287354 -0.000000 0.000000
152  -0.202703 -2.030492 -7.702831  -0.286180 -0.000000 0.000000
153  0.509548 -2.118906 -8.011625  -0.298398 -0.000000 0.000000
154  -0.202703 -2.255286 -8.465172  -0.283134 -0.000000 0.000000
155  0.509548 -2.352987 -8.771160  -0.295352 -0.000000 0.000000
156  -0.202704 -2.481605 -9.235472  -0.285437 -0.000000 0.000000
157  0.509547 -2.588689 -9.538638  -0.297654 -0.000000 0.000000
158  0.170123 -21.222099 -1.001140  -0.000001 -0.000001 0.000000
159  0.170122 -20.843866 -0.397184  -0.000001 -0.000001 0.000000
160  0.170123 -20.489756 -1.001141  -0.000001 -0.000001 0.000000
161  0.170124 -20.111074 -0.397183  -0.000001 -0.000001 0.000000
162  0.170123 -19.380093 -0.397187  -0.000001 -0.000001 0.000000
163  0.170123 -19.025116 -1.001146  -0.000001 -0.000001 0.000000
164  0.170123 -18.646667 -0.396447  -0.000001 -0.000001 0.000000
165  0.170124 -19.755768 -1.001142  -0.000001 -0.000001 0.000000
166  -0.015973 10.612517 2.686017  0.000001 -0.000000 -0.000000
167  0.059851 -50.160702 6.449381  1.570797 0.000000 -1.570797
168  0.064653 27.351290 72.195206  0.000000 -0.000000 -0.000001
169  6.064260 95.113998 31.645500  -0.000000 -0.000001 1.570796
170  0.054185 102.845634 29.795364  0.000000 0.000001 -1.570796
171  6.064257 69.096565 37.164318  1.570796 -0.000000 1.570796
172  1.974302 11.989232 4.589250  0.000000 -0.000000 0.000000
173  -0.011481 23.944744 5.090361  0.000001 -0.000000 0.000000
174  -1.691251 8.833342 5.763507  0.000001 -0.000000 0.000000
175  6.064260 89.329811 31.613914  -0.000000 -0.000001 1.570796
176  0.059886 2.255335 54.398010  0.000000 -0.000000 0.000000
177  0.003497 -22.270643 0.000149  1.570797 0.000000 -1.570797
178  0.104010 15.380368 2.266152  0.000001 -0.000000 -0.000000
179  0.636714 -0.879787 -0.134660  -0.130793 -0.037283 0.070914
180  -3.255359 24.458076 -23.114336  0.181523 0.048807 -1.277059
181  -2.662412 1.445758 33.628742  0.000000 3.141591 1.570796
182  8.352066 2.772897 0.000545  -3.141589 0.000002 -0.000000
183  -2.662412 1.445755 40.667957  0.000000 3.141591 1.570796
184  8.352066 2.772897 0.000540  -3.141589 0.000002 -0.000000
185  -1.431356 16.384779 4.137812  0.000001 -0.000000 0.000000
186  -0.001845 0.521683 -0.140290  0.000000 -0.000000 -0.000000
187  7.323109 -5.136191 -5.166237  0.000000 0.000000 -0.610865
188  2.698278 -0.000001 0.000001  -0.000012 0.000000 0.000000
189  2.834159 -0.000001 -0.000000  0.000013 0.000000 -0.000000
190  2.648918 -0.000001 0.000001  -0.000001 -0.000001 0.000000
191  2.667496 -0.000002 -0.000001  -0.000000 0.000000 0.000000
192  2.426701 -0.000000 0.000000  0.000000 0.000000 -0.000000
193  -0.494744 -44.353443 -1.302299  1.570797 0.000000 -1.570797
194  11.545938 73.768410 -3.792009  0.000000 -0.000000 0.000000
195  -0.011103 -16.902811 1.952047  0.000001 -0.000000 -0.000000
196  -0.000000 -0.000001 -1.529052  -0.000000 -0.000000 0.000000
197  -0.078942 0.000000 0.000000  0.000000 0.000001 1.570796
198  0.097092 0.000001 0.000000  -0.000000 -3.141592 1.570796
199  0.000000 0.000000 0.000000  0.000000 -0.000000 -0.000000
200  0.067970 2.071045 -0.874530  0.092529 -0.050889 -0.018860
201  -0.141281 0.931308 -1.037533  -0.040603 0.022663 -0.011389
time 7
0  0 0 0  0 0 0
1  0.000000 0.000000 0.000000  0.000000 -0.000000 -0.000000
2  -0.000005 0.000023 -61.375507  0.000000 0.000000 -1.570795
3  -0.012872 0.000000 8.235020  -1.570799 -1.570796 0.000000
4  16.163128 -0.012870 -0.000002  -0.000000 -0.000000 0.000000
5  16.163143 -0.000009 3.830524  -3.089336 -1.570794 0.000000
6  -0.000031 -0.000001 -0.000000  -0.050070 -0.118166 0.001862
7  -0.000001 -0.000007 0.000002  0.000000 0.000000 -0.056161
8  -0.000001 0.000001 0.000001  -0.003540 -0.000000 -0.000000
9  0.000001 0.000001 0.000002  -0.007141 -0.000000 -0.000000
10  -0.000002 0.000000 0.000003  -0.010743 -0.000000 -0.000000
11  -0.000002 0.000000 0.000003  -0.014283 0.000000 -0.000000
12  -0.000003 0.000000 0.000001  -0.017884 -0.000000 -0.000000
13  -0.000004 -0.000001 -0.000001  -0.021486 -0.000000 -0.000000
14  -0.000003 -0.000001 -0.000001  -0.025026 -0.000000 -0.000000
15  -0.000004 0.000002 0.000005  -0.026909 -0.146900 -0.006100
16  -0.000006 -0.000001 0.000001  0.012576 -0.019432 -0.006470
17  -0.000004 -0.000000 0.000001  -0.001648 0.000020 0.023927
18  -0.000002 0.000000 0.000004  -0.001581 0.000507 0.023927
19  -0.000000 0.000001 -0.000002  -0.006591 0.000096 0.029177
20  -0.000001 0.000001 -0.000002  -0.000000 -0.000000 0.029909
21  -0.000000 0.000000 -0.000002  -0.000000 0.000000 0.029909
22  -0.000005 0.000001 -0.000003  -0.003182 -0.000502 0.029727
23  -0.000002 -0.000000 -0.000001  0.000000 0.000000 0.029909
24  0.000000 -0.000001 0.000001  -0.000000 -0.000000 0.029909
25  0.000002 0.000001 -0.000001  -0.005685 -0.000527 0.029361
26  -0.000001 0.000001 0.000002  0.000000 0.000000 0.029909
27  -0.000001 -0.000000 0.000001  -0.000000 -0.000001 0.029909
28  0.000001 0.000000 0.000001  0.001744 -0.001735 0.029786
29  0.000001 0.000001 0.000001  -0.000000 -0.000000 0.029909
30  0.000000 0.000000 -0.000002  0.000000 0.000000 0.029909
31  16.163136 0.000012 -3.830531  -3.098550 1.570794 0.000000
32  -0.000018 -0.000001 0.000001  -0.005799 0.014591 0.041955
33  -0.000002 0.000001 -0.000002  0.000000 -0.000000 -0.131752
34  0.000001 0.000000 -0.000002  0.003174 0.000000 -0.000000
35  -0.000002 -0.000002 -0.000002  0.006409 0.000000 0.000000
36  -0.000003 -0.000001 -0.000002  0.009644 0.000000 0.000000
37  -0.000001 -0.000000 -0.000002  0.012879 -0.000000 0.000000
38  -0.000007 0.000000 -0.000002  0.016114 -0.000000 -0.000000
39  -0.000004 0.000000 -0.000002  0.019349 -0.000000 -0.000000
40  -0.000006 -0.000002 -0.000002  0.022584 0.000000 0.000000
41  -0.000007 -0.000004 -0.000004  0.045524 0.002591 0.179183
42  1.410069 0.800524 2.089136  -2.009768 -0.630254 0.591907
43  3.954722 0.000012 0.000005  -0.000000 -0.000002 0.166320
44  3.101559 -0.000008 0.000003  -0.000001 -0.000000 0.240238
45  7.183347 -0.532110 3.267603  -0.123210 -0.020355 -0.052486
46  3.511603 -0.000001 -0.000000  0.000003 0.000001 0.099571
47  2.199404 0.000004 -0.000001  -0.000001 -0.000001 0.029267
48  7.145096 -0.676362 1.382420  -0.086920 0.009133 -0.085505
49  3.672218 -0.000002 0.000000  0.000001 -0.000000 0.142941
50  2.676521 -0.000004 0.000004  -0.000001 -0.000001 -0.026075
51  6.831176 -0.870879 -0.599927  -0.130311 0.006346 -0.065012
52  3.657080 -0.000002 -0.000001  -0.000000 0.000001 0.057734
53  2.496794 0.000001 0.000004  0.000000 -0.000001 -0.091108
54  6.164467 -0.898158 -2.575025  -0.090704 0.013515 -0.151468
55  2.805847 -0.000003 -0.000001  -0.000002 -0.000001 0.079091
56  2.307436 0.000000 -0.000002  0.000002 0.000001 -0.056419
57  0.000000 0.000000 -0.000000  0.005113 0.020558 0.004570
58  -0.599558 1.452431 -0.653721  0.093113 -0.034448 -0.020061
59  0.071249 114.357040 62.238792  -0.000000 -0.000000 -0.000000
60  1.986524 0.000026 -3.123736  -2.705260 -0.000000 -1.570797
61  -1.986692 0.000026 -3.123738  0.436333 0.000001 1.570797
62  -0.000000 0.000007 -0.000006  0.000000 0.000000 0.000000
63  -1.986692 0.000022 -3.123739  0.436333 0.000001 1.570797
64  -11.344154 1.135887 0.869278  0.000002 -0.025019 -0.026324
65  1.986524 0.000021 -3.123737  -2.705260 -0.000000 -1.570797
66  -11.350058 -0.729426 0.864884  0.000197 -0.025367 0.026442
67  1.754236 4.036769 -1.682671  0.392575 -0.010120 -1.546362
68  -1.755139 4.036766 -1.682670  -0.392577 -0.010391 -1.594986
69  -0.164556 7.327704 3.928703  -0.000000 0.000001 -1.570796
70  0.079082 36.742691 -0.508022  0.000001 -0.000000 -0.000000
71  -1.260174 8.777410 6.736405  -0.000002 -0.424416 -3.141592
72  1.525193 18.283600 2.968621  0.000000 0.000000 -0.000000
73  0.060217 10.324389 74.469063  0.000008 0.000000 0.000000
74  0.062808 75.918007 83.075439  1.570797 0.000000 -1.570796
75  4.804179 -3.971745 0.000001  -0.000000 0.000000 -0.000000
76  -7.041570 -5.025991 0.000001  -0.000000 -0.000000 -0.000000
77  8.407173 -3.978442 0.003055  -1.570796 1.570795 0.000000
78  10.376183 -3.978437 0.003055  -1.570796 1.570796 0.000000
79  10.194009 -0.314060 -1.749548  -1.570796 1.570796 0.000000
80  20.857885 -4.015563 0.000003  0.000000 -0.000000 -0.000000
81  3.258439 5.856962 -3.403524  -0.000000 -0.000000 -0.000000
82  15.153049 5.860586 -3.403521  0.000000 -0.000000 0.000000
83  6.064257 77.294960 36.365795  1.570796 0.000000 1.570796
84  -2.662412 1.445755 40.667961  0.000000 3.141591 1.570796
85  8.352067 2.772897 0.000537  -3.141589 0.000002 0.000000
86  6.064257 72.973701 32.593246  1.570796 0.000000 1.570796
87  0.004365 73.768425 -3.792008  0.000000 -0.000000 0.000000
88  -0.442609 1.284877 8.535290  -0.000000 -0.000001 0.000000
89  0.000001 1.310215 -0.000000  0.000000 0.000000 0.000000
90  0.000001 0.582259 0.000000  0.000000 0.000000 0.000000
91  0.036297 1.284881 7.928798  -0.000000 -0.000001 0.000000
92  0.000000 1.310219 -0.000000  0.000000 0.000000 0.000000
93  -0.000000 0.582263 0.000000  0.000000 0.000000 0.000000
94  5.969323 3.427462 -6.170650  -0.000000 -0.000001 -1.570797
95  -1.310210 0.000001 0.000001  0.000000 -0.000000 -0.000000
96  -0.582261 0.000000 0.000001  0.000000 -0.000000 -0.000000
97  5.969322 9.397399 -6.170660  -0.000000 -0.000001 -1.570796
98  -1.310212 -0.000001 0.000000  0.000000 0.000000 -0.000000
99  -0.582256 -0.000001 -0.000000  0.000000 0.000000 -0.000000
100  5.969321 15.223775 -6.170671  -0.000000 -0.000001 -1.570796
101  -1.310211 0.000001 -0.000000  -0.000000 0.000000 -0.000000
102  -0.582262 0.000001 0.000000  -0.000000 0.000000 -0.000000
103  5.969323 20.835577 -6.170672  -0.000000 -0.000001 -1.570796
104  -1.310211 0.000001 0.000002  -0.000000 0.000000 -0.000000
105  -0.582263 0.000001 0.000003  -0.000000 0.000000 -0.000000
106  5.969323 26.771212 -6.170673  -0.000000 -0.000001 -1.570796
107  5.969323 32.597595 -6.170676  -0.000000 -0.000001 -1.570796
108  5.969323 38.209396 -6.170686  0.000000 -0.000001 -1.570800
109  5.969322 49.488468 -6.170685  0.000000 -0.000001 -1.570800
110  -0.539090 -0.556800 -0.017364  -0.042462 2.681156 1.551919
111  -6.799123 -0.556812 0.818550  -0.272420 2.701993 1.452460
112  -4.615283 -0.556818 0.270327  -0.117230 2.684609 1.518878
113  -2.650969 -0.556807 0.063010  -0.042463 2.681158 1.551919
114  27.110336 1.284857 12.007548  -0.000000 -0.000000 -0.000000
115  28.133423 1.284859 12.007546  0.000001 -0.000000 -0.000000
116  12.812886 2.241793 12.007549  -0.000000 -0.000001 -0.000001
117  -9.955966 -0.319613 4.380213  -0.000001 -0.000000 -0.000001
118  -11.316473 -0.319613 4.380214  -0.000003 -0.000000 0.000000
119  -12.667810 -0.319614 4.380214  -0.000003 -0.000000 0.000001
120  -14.022140 -0.319613 4.380213  0.000010 -0.000000 -0.000011
121  -15.373239 -0.319616 4.380213  0.000015 -0.000000 -0.000015
122  -16.724140 -0.319616 4.380213  -0.000009 -0.000000 0.000006
123  -18.074570 -0.319613 4.380213  -0.000006 -0.000000 0.000004
124  -19.423716 -0.319616 4.380213  0.000002 0.000000 -0.000004
125  -20.775269 -0.319621 4.380214  0.000003 0.000000 -0.000004
126  -22.126669 -0.319607 4.380214  0.000003 -0.000000 -0.000004
127  -23.478119 -0.319610 4.380214  0.000005 0.000000 -0.000006
128  -24.830620 -0.319611 4.380214  0.000036 0.000000 -0.000038
129  -26.182026 -0.319612 4.380214  -0.000011 -0.000000 0.000011
130  0.529180 -0.167128 0.629483  -0.101270 -0.000000 0.000000
131  -0.211444 -0.241683 0.155361  -0.145847 -0.000000 0.000000
132  0.529190 -0.280697 -0.110294  -0.145847 -0.000000 0.000000
133  -0.173927 -0.337324 -0.638496  -0.181751 -0.000000 0.000000
134  0.529189 -0.399239 -0.975394  -0.181751 -0.000000 0.000000
135  -0.211444 -0.464477 -1.431043  -0.192399 -0.000000 0.000000
136  0.529189 -0.515797 -1.694584  -0.192400 -0.000000 0.000000
137  -0.173928 -0.612144 -2.231912  -0.216703 -0.000000 0.000000
138  0.529188 -0.685802 -2.566440  -0.216703 -0.000000 0.000000
139  -0.211445 -0.769558 -3.027871  -0.237349 -0.000000 0.000000
140  0.529188 -0.832688 -3.288848  -0.237349 -0.000000 0.000000
141  -0.173937 -0.945277 -3.779565  -0.233859 0.000000 0.000000
142  0.529179 -1.024649 -4.112781  -0.233859 0.000000 0.000000
143  -0.211443 -1.132177 -4.577548  -0.262919 -0.000000 0.000000
144  0.529190 -1.201962 -4.836825  -0.262919 0.000000 0.000000
145  -0.000004 -2.810944 -10.636630  0.258454 0.000000 3.141592
146  -0.192455 -1.345768 -5.370046  -0.280373 0.000000 0.000000
147  0.533984 -1.413509 -5.605105  -0.276883 0.000000 0.000000
148  -0.206618 -1.795755 -6.909780  -0.287354 0.000000 0.000000
149  -0.205805 -1.564811 -6.138257  -0.290843 0.000000 0.000000
150  0.530460 -1.643675 -6.395216  -0.290844 0.000000 0.000000
151  0.535311 -1.790714 -7.204133  -0.287354 -0.000000 0.000000
152  -0.202703 -2.030477 -7.702831  -0.286180 -0.000000 0.000000
153  0.509548 -2.118895 -8.011624  -0.298398 -0.000000 0.000000
154  -0.202703 -2.255273 -8.465173  -0.283134 -0.000000 0.000000
155  0.509548 -2.352983 -8.771159  -0.295352 -0.000000 0.000000
156  -0.202704 -2.481592 -9.235471  -0.285437 -0.000000 0.000000
157  0.509547 -2.588679 -9.538639  -0.297654 -0.000000 0.000000
158  0.170123 -21.222090 -1.001140  -0.000001 -0.000001 0.000000
159  0.170122 -20.843857 -0.397184  -0.000001 -0.000001 0.000000
160  0.170123 -20.489746 -1.001141  -0.000001 -0.000001 0.000000
161  0.170124 -20.111061 -0.397183  -0.000001 -0.000001 0.000000
162  0.170123 -19.380079 -0.397187  -0.000001 -0.000001 0.000000
163  0.170123 -19.025106 -1.001146  -0.000001 -0.000001 0.000000
164  0.170123 -18.646654 -0.396448  -0.000001 -0.000001 0.000000
165  0.170124 -19.755758 -1.001142  -0.000001 -0.000001 0.000000
166  -0.015973 10.612517 2.686017  0.000001 0.000000 -0.000000
167  0.059851 -50.160702 6.449381  1.570797 -0.000000 -1.570797
168  0.064652 27.351290 72.195198  -0.000000 -0.000000 -0.000001
169  6.064261 95.114021 31.645504  0.000000 -0.000001 1.570796
170  0.054185 102.845650 29.795362  -0.000000 0.000001 -1.570796
171  6.064257 69.096558 37.164322  1.570796 0.000000 1.570796
172  1.974303 11.989232 4.589251  0.000000 0.000000 -0.000000
173  -0.011481 23.944748 5.090362  0.000001 -0.000000 0.000000
174  -1.691251 8.833342 5.763507  0.000001 0.000000 -0.000000
175  6.064261 89.329811 31.613916  0.000000 -0.000001 1.570796
176  0.059886 2.255334 54.398010  -0.000000 0.000000 0.000000
177  0.003496 -22.270647 0.000143  1.570797 -0.000000 -1.570797
178  0.104010 15.380371 2.266153  0.000001 -0.000000 -0.000000
179  0.799278 -0.664438 -0.231975  -0.135872 -0.045882 0.075225
180  -3.255359 24.458080 -23.114336  0.181523 0.048807 -1.277059
181  -2.662413 1.445757 33.628742  0.000000 3.141591 1.570796
182  8.352067 2.772897 0.000538  -3.141589 0.000002 0.000000
183  -2.662412 1.445755 40.667961  0.000000 3.141591 1.570796
184  8.352067 2.772897 0.000537  -3.141589 0.000002 0.000000
185  -1.431356 16.384781 4.137812  0.000001 0.000000 0.000000
186  -0.001844 0.521683 -0.140290  0.000000 0.000000 -0.000000
187  7.323109 -5.136191 -5.166237  0.000000 0.000000 -0.610865
188  2.698278 -0.000001 0.000001  -0.000012 0.000000 0.000000
189  2.834159 -0.000001 0.000001  0.000013 0.000000 -0.000000
190  2.648920 -0.000001 0.000001  -0.000001 -0.000001 0.000000
191  2.667499 -0.000003 -0.000001  -0.000000 0.000000 -0.000000
192  2.426703 -0.000002 0.000000  -0.000000 0.000000 -0.000000
193  -0.494744 -44.353447 -1.302299  1.570797 -0.000000 -1.570797
194  11.545938 73.768410 -3.792009  0.000000 0.000000 -0.000000
195  -0.011102 -16.902813 1.952047  0.000001 0.000000 -0.000000
196  0.000000 -0.000001 -1.529052  -0.000000 -0.000000 -0.000000
197  -0.078942 0.000001 0.000000  0.000000 0.000001 1.570796
198  0.097092 -0.000000 0.000000  -0.000000 -3.141592 1.570796
199  0.000000 0.000000 0.000000  0.000000 -0.000000 -0.000000
200  -0.241879 2.276554 -0.444161  0.093112 -0.034448 -0.020061
201  -0.190703 1.122249 -0.726305  -0.050341 0.037180 -0.014799
time 8
0  0 0 0  0 0 0
1  0.000000 0.000000 0.000000  0.000000 -0.000000 -0.000000
2  -0.000005 0.000023 -61.375507  0.000000 0.000000 -1.570795
3  -0.012872 0.000000 8.235020  -1.570799 -1.570796 0.000000
4  16.163128 -0.012870 -0.000002  -0.000000 -0.000000 0.000000
5  16.163143 -0.000009 3.830524  -3.089336 -1.570794 0.000000
6  -0.000031 -0.000001 -0.000000  -0.057410 -0.112355 -0.002213
7  0.000002 -0.000006 0.000003  0.000000 0.000000 -0.055673
8  0.000000 0.000001 -0.000001  -0.003540 -0.000000 -0.000000
9  0.000002 0.000001 -0.000001  -0.007141 -0.000000 -0.000000
10  -0.000002 0.000000 0.000001  -0.010743 -0.000000 -0.000000
11  -0.000003 0.000000 -0.000000  -0.014344 0.000000 -0.000000
12  -0.000001 0.000000 -0.000001  -0.017945 -0.000000 -0.000000
13  -0.000003 -0.000001 -0.000000  -0.021547 -0.000000 -0.000000
14  -0.000002 -0.000001 -0.000000  -0.025148 -0.000000 -0.000000
15  -0.000001 0.000002 0.000003  -0.026910 -0.159459 -0.011139
16  -0.000005 -0.000001 -0.000003  0.012946 -0.020040 -0.006661
17  -0.000003 0.000000 0.000004  -0.001709 0.000021 0.024659
18  -0.000002 0.000000 0.000005  -0.001641 0.000570 0.024659
19  0.000001 0.000002 -0.000003  -0.005493 0.000066 0.024110
20  0.000000 0.000001 0.000002  -0.000000 -0.000000 0.024721
21  0.000001 0.000000 -0.000001  -0.000000 0.000000 0.024721
22  -0.000005 0.000001 -0.000005  -0.002630 -0.000395 0.024599
23  -0.000000 -0.000000 0.000002  -0.000000 0.000000 0.024721
24  0.000000 -0.000001 -0.000000  -0.000000 -0.000000 0.024721
25  0.000002 0.000001 -0.000003  -0.004706 -0.000431 0.024294
26  -0.000000 0.000000 0.000000  0.000000 0.000000 0.024721
27  0.000000 -0.000001 0.000002  -0.000000 -0.000000 0.024721
28  0.000001 0.000000 -0.000001  0.001447 -0.001422 0.024659
29  -0.000000 0.000001 0.000002  -0.000000 -0.000000 0.024721
30  0.000000 -0.000000 -0.000002  0.000000 -0.000000 0.024721
31  16.163136 0.000012 -3.830531  -3.098550 1.570794 0.000000
32  -0.000018 -0.000001 0.000001  0.006710 -0.000269 0.043888
33  0.000000 0.000001 -0.000002  0.000000 -0.000000 -0.124657
34  0.000000 0.000000 -0.000000  0.003967 0.000000 -0.000000
35  -0.000002 -0.000002 -0.000000  0.007935 0.000000 0.000000
36  -0.000003 -0.000001 -0.000000  0.011902 0.000000 0.000000
37  -0.000000 -0.000000 -0.000000  0.015931 -0.000000 0.000000
38  -0.000006 0.000000 -0.000000  0.019898 -0.000000 -0.000000
39  -0.000004 -0.000000 -0.000002  0.023866 -0.000000 0.000000
40  -0.000004 -0.000002 -0.000000  0.027834 0.000000 0.000000
41  -0.000006 -0.000003 -0.000000  0.044872 -0.028930 0.171873
42  1.410069 0.800524 2.089138  -2.009768 -0.630254 0.591907
43  3.954716 0.000013 0.000004  -0.000000 -0.000002 0.166319
44  3.101558 -0.000009 0.000004  -0.000001 -0.000000 0.240238
45  7.183347 -0.532110 3.267603  -0.123210 -0.020355 -0.052486
46  3.511601 -0.000001 0.000001  0.000003 0.000001 0.099571
47  2.199403 0.000004 -0.000002  -0.000001 -0.000001 0.029267
48  7.145094 -0.676362 1.382421  -0.086920 0.009133 -0.085505
49  3.672219 -0.000002 0.000001  0.000001 -0.000000 0.142941
50  2.676519 -0.000004 0.000002  -0.000001 -0.000001 -0.026075
51  6.831176 -0.870879 -0.599928  -0.130311 0.006346 -0.065012
52  3.657079 -0.000002 -0.000001  -0.000000 0.000001 0.057734
53  2.496794 0.000001 0.000005  0.000000 -0.000001 -0.091108
54  6.164466 -0.898158 -2.575027  -0.090704 0.013515 -0.151468
55  2.805848 -0.000004 0.000000  -0.000002 -0.000001 0.079091
56  2.307434 0.000000 -0.000001  0.000002 0.000001 -0.056419
57  0.000000 0.000000 -0.000000  0.005301 0.023549 0.004396
58  -0.776157 1.509995 -0.201987  0.086267 -0.010710 -0.020807
59  0.071249 114.357025 62.238789  -0.000000 -0.000000 -0.000000
60  1.986525 0.000002 -3.123737  -2.705260 -0.000000 -1.570797
61  -1.986692 0.000017 -3.123749  0.436333 0.000001 1.570797
62  0.000000 -0.000006 -0.000008  0.000000 -0.000000 0.000000
63  -1.986692 0.000013 -3.123739  0.436333 0.000001 1.570797
64  -11.344165 1.135888 0.869282  0.000002 -0.025019 -0.026324
65  1.986524 0.000007 -3.123728  -2.705260 -0.000000 -1.570797
66  -11.350054 -0.729423 0.864877  0.000197 -0.025367 0.026442
67  1.754236 4.036753 -1.682670  0.392575 -0.010120 -1.546362
68  -1.755139 4.036751 -1.682663  -0.392577 -0.010391 -1.594986
69  -0.164556 7.327703 3.928703  0.000000 0.000001 -1.570796
70  0.079082 36.742687 -0.508023  0.000001 -0.000000 -0.000000
71  -1.260174 8.777409 6.736405  -0.000002 -0.424416 -3.141592
72  1.525193 18.283598 2.968622  0.000000 -0.000000 0.000000
73  0.060217 10.324388 74.469055  0.000008 -0.000000 0.000000
74  0.062809 75.917992 83.075439  1.570797 0.000000 -1.570796
75  4.804182 -3.971740 0.000001  -0.000000 0.000000 -0.000000
76  -7.041573 -5.025986 0.000002  -0.000000 -0.000000 -0.000000
77  8.407179 -3.978430 0.003055  -1.570796 1.570795 0.000000
78  10.376188 -3.978437 0.003056  -1.570796 1.570796 0.000000
79  10.194015 -0.314064 -1.749547  -1.570796 1.570796 0.000000
80  20.857880 -4.015560 0.000003  0.000000 -0.000000 -0.000000
81  3.258436 5.856956 -3.403523  -0.000000 -0.000000 -0.000000
82  15.153046 5.860586 -3.403521  0.000000 -0.000000 -0.000000
83  6.064257 77.294945 36.365795  1.570796 -0.000000 1.570796
84  -2.662412 1.445754 40.667953  0.000000 3.141591 1.570796
85  8.352067 2.772897 0.000540  -3.141589 0.000002 0.000000
86  6.064257 72.973686 32.593250  1.570796 -0.000000 1.570796
87  0.004365 73.768410 -3.792007  0.000000 -0.000000 0.000000
88  -0.442609 1.284869 8.535290  0.000000 -0.000001 0.000000
89  0.000001 1.310207 -0.000001  0.000000 -0.000000 0.000000
90  0.000001 0.582259 0.000001  0.000000 -0.000000 0.000000
91  0.036297 1.284880 7.928798  0.000000 -0.000001 0.000000
92  0.000000 1.310210 -0.000001  0.000000 -0.000000 0.000000
93  -0.000000 0.582254 0.000001  0.000000 -0.000000 0.000000
94  5.969323 3.427451 -6.170651  -0.000000 -0.000001 -1.570797
95  -1.310214 0.000001 -0.000000  0.000000 -0.000000 -0.000000
96  -0.582258 0.000000 -0.000000  0.000000 0.000000 -0.000000
97  5.969323 9.397392 -6.170660  -0.000000 -0.000001 -1.570796
98  -1.310213 0.000000 -0.000000  0.000000 0.000000 -0.000000
99  -0.582257 -0.000001 -0.000000  0.000000 0.000000 -0.000000
100  5.969322 15.223763 -6.170671  0.000000 -0.000001 -1.570796
101  -1.310205 0.000003 -0.000000  -0.000000 0.000000 -0.000000
102  -0.582249 0.000002 -0.000000  -0.000000 0.000000 -0.000000
103  5.969323 20.835566 -6.170672  0.000000 -0.000001 -1.570796
104  -1.310215 0.000001 0.000001  -0.000000 0.000000 -0.000000
105  -0.582260 0.000000 0.000002  -0.000000 0.000000 -0.000000
106  5.969323 26.771206 -6.170672  0.000000 -0.000001 -1.570796
107  5.969322 32.597584 -6.170676  0.000000 -0.000001 -1.570796
108  5.969324 38.209389 -6.170686  -0.000000 -0.000001 -1.570800
109  5.969322 49.488453 -6.170684  -0.000000 -0.000001 -1.570800
110  -0.539090 -0.556811 -0.017364  -0.042462 2.681156 1.551919
111  -6.799123 -0.556815 0.818549  -0.272420 2.701993 1.452460
112  -4.615283 -0.556823 0.270327  -0.117230 2.684609 1.518878
113  -2.650969 -0.556816 0.063010  -0.042463 2.681158 1.551919
114  27.110338 1.284849 12.007548  0.000000 -0.000000 0.000000
115  28.133425 1.284848 12.007548  0.000001 -0.000000 0.000000
116  12.812887 2.241786 12.007549  -0.000000 -0.000001 -0.000001
117  -9.955967 -0.319627 4.380214  -0.000001 -0.000000 -0.000001
118  -11.316473 -0.319630 4.380214  -0.000003 -0.000000 0.000000
119  -12.667810 -0.319626 4.380214  -0.000003 -0.000000 0.000001
120  -14.022141 -0.319631 4.380214  0.000010 -0.000000 -0.000011
121  -15.373240 -0.319630 4.380214  0.000015 -0.000000 -0.000015
122  -16.724142 -0.319632 4.380214  -0.000009 -0.000000 0.000006
123  -18.074572 -0.319624 4.380214  -0.000006 -0.000000 0.000004
124  -19.423716 -0.319628 4.380214  0.000002 0.000000 -0.000004
125  -20.775270 -0.319629 4.380214  0.000003 0.000000 -0.000004
126  -22.126671 -0.319626 4.380214  0.000003 0.000000 -0.000004
127  -23.478123 -0.319632 4.380214  0.000005 0.000000 -0.000006
128  -24.830620 -0.319622 4.380214  0.000036 0.000000 -0.000038
129  -26.182028 -0.319627 4.380214  -0.000011 0.000000 0.000011
130  0.529179 -0.167133 0.629483  -0.101270 -0.000000 0.000000
131  -0.211444 -0.241692 0.155361  -0.145847 -0.000000 0.000000
132  0.529190 -0.280703 -0.110293  -0.145847 -0.000000 0.000000
133  -0.173927 -0.337328 -0.638496  -0.181751 -0.000000 0.000000
134  0.529189 -0.399247 -0.975394  -0.181751 -0.000000 0.000000
135  -0.211444 -0.464484 -1.431042  -0.192399 -0.000000 0.000000
136  0.529189 -0.515809 -1.694584  -0.192400 -0.000000 0.000000
137  -0.173928 -0.612160 -2.231911  -0.216703 -0.000000 0.000000
138  0.529188 -0.685816 -2.566440  -0.216703 -0.000000 0.000000
139  -0.211445 -0.769562 -3.027872  -0.237349 -0.000000 0.000000
140  0.529188 -0.832691 -3.288847  -0.237349 -0.000000 0.000000
141  -0.173937 -0.945292 -3.779564  -0.233859 0.000000 0.000000
142  0.529179 -1.024663 -4.112781  -0.233859 0.000000 0.000000
143  -0.211443 -1.132187 -4.577549  -0.262919 -0.000000 0.000000
144  0.529190 -1.201968 -4.836826  -0.262919 0.000000 0.000000
145  -0.000005 -2.810949 -10.636630  0.258454 0.000000 3.141592
146  -0.192455 -1.345781 -5.370046  -0.280373 0.000000 0.000000
147  0.533984 -1.413523 -5.605106  -0.276883 0.000000 0.000000
148  -0.206618 -1.795766 -6.909780  -0.287354 0.000000 0.000000
149  -0.205805 -1.564829 -6.138257  -0.290843 0.000000 0.000000
150  0.530460 -1.643682 -6.395215  -0.290844 0.000000 0.000000
151  0.535312 -1.790712 -7.204134  -0.287354 -0.000000 0.000000
152  -0.202703 -2.030492 -7.702831  -0.286180 -0.000000 0.000000
153  0.509548 -2.118900 -8.011625  -0.298398 -0.000000 0.000000
154  -0.202703 -2.255284 -8.465172  -0.283134 -0.000000 0.000000
155  0.509548 -2.352985 -8.771160  -0.295352 -0.000000 0.000000
156  -0.202704 -2.481607 -9.235471  -0.285437 -0.000000 0.000000
157  0.509547 -2.588693 -9.538638  -0.297654 -0.000000 0.000000
158  0.170122 -21.222094 -1.001141  -0.000001 -0.000001 0.000000
159  0.170122 -20.843870 -0.397183  -0.000001 -0.000001 0.000000
160  0.170123 -20.489746 -1.001142  -0.000001 -0.000001 0.000000
161  0.170124 -20.111074 -0.397184  -0.000001 -0.000001 0.000000
162  0.170123 -19.380096 -0.397187  -0.000001 -0.000001 0.000000
163  0.170123 -19.025110 -1.001146  -0.000001 -0.000001 0.000000
164  0.170123 -18.646664 -0.396448  -0.000001 -0.000001 0.000000
165  0.170124 -19.755762 -1.001143  -0.000001 -0.000001 0.000000
166  -0.015973 10.612516 2.686017  0.000001 -0.000000 -0.000000
167  0.059851 -50.160698 6.449380  1.570797 -0.000000 -1.570797
168  0.064653 27.351286 72.195206  -0.000000 -0.000000 -0.000001
169  6.064260 95.113998 31.645498  -0.000000 -0.000001 1.570796
170  0.054186 102.845642 29.795362  0.000000 0.000001 -1.570796
171  6.064257 69.096550 37.164318  1.570796 -0.000000 1.570796
172  1.974302 11.989233 4.589250  0.000000 -0.000000 0.000000
173  -0.011481 23.944746 5.090361  0.000001 -0.000000 0.000000
174  -1.691251 8.833342 5.763507  0.000001 -0.000000 0.000000
175  6.064260 89.329796 31.613920  -0.000000 -0.000001 1.570796
176  0.059886 2.255334 54.398010  -0.000000 -0.000000 0.000000
177  0.003497 -22.270645 0.000145  1.570797 -0.000000 -1.570797
178  0.104010 15.380370 2.266152  0.000001 -0.000000 -0.000000
179  0.936683 -0.327250 -0.335676  -0.134845 -0.053598 0.075788
180  -3.255359 24.458076 -23.114334  0.181523 0.048807 -1.277059
181  -2.662412 1.445757 33.628742  0.000000 3.141591 1.570796
182  8.352066 2.772897 0.000540  -3.141589 0.000002 0.000000
183  -2.662412 1.445754 40.667953  0.000000 3.141591 1.570796
184  8.352067 2.772897 0.000540  -3.141589 0.000002 0.000000
185  -1.431356 16.384779 4.137811  0.000001 -0.000000 0.000000
186  -0.001844 0.521683 -0.140289  0.000000 -0.000000 -0.000000
187  7.323108 -5.136191 -5.166237  0.000000 0.000000 -0.610865
188  2.698277 -0.000002 -0.000000  -0.000012 0.000000 0.000001
189  2.834158 -0.000002 -0.000000  0.000013 0.000000 0.000000
190  2.648919 -0.000001 0.000001  -0.000001 -0.000001 0.000000
191  2.667497 -0.000003 -0.000001  -0.000000 0.000000 -0.000000
192  2.426701 -0.000002 -0.000001  0.000000 0.000000 -0.000000
193  -0.494744 -44.353447 -1.302299  1.570797 0.000000 -1.570797
194  11.545938 73.768417 -3.792010  0.000000 -0.000000 0.000000
195  -0.011102 -16.902813 1.952047  0.000001 -0.000000 -0.000000
196  -0.000000 0.000001 -1.529052  -0.000000 -0.000000 0.000000
197  -0.078942 0.000001 -0.000000  0.000000 0.000001 1.570796
198  0.097092 0.000001 0.000000  -0.000000 -3.141592 1.570796
199  0.000000 0.000000 0.000000  0.000000 -0.000000 -0.000000
200  -0.617453 2.281506 0.022992  0.086267 -0.010710 -0.020807
201  -0.240994 1.198387 -0.392146  -0.061656 0.055179 -0.018930
time 9
0  0 0 0  0 0 0
1  0.000000 0.000000 0.000000  0.000000 -0.000000 -0.000000
2  -0.000005 0.000023 -61.375507  0.000000 0.000000 -1.570795
3  -0.012872 0.000000 8.235020  -1.570799 -1.570796 0.000000
4  16.163128 -0.012870 -0.000002  -0.000000 -0.000000 0.000000
5  16.163143 -0.000009 3.830524  -3.089336 -1.570794 0.000000
6  -0.000031 -0.000001 -0.000000  -0.065855 -0.105615 -0.006669
7  -0.000001 -0.000007 0.000001  0.000000 0.000000 -0.047491
8  0.000000 0.000001 0.000001  -0.003723 -0.000000 -0.000000
9  0.000002 0.000001 -0.000001  -0.007447 -0.000000 -0.000000
10  -0.000002 0.000000 0.000002  -0.011170 -0.000000 -0.000000
11  -0.000003 0.000001 0.000002  -0.014954 0.000000 -0.000000
12  -0.000002 0.000000 -0.000000  -0.018678 -0.000000 -0.000000
13  -0.000006 -0.000001 -0.000002  -0.022401 -0.000000 -0.000000
14  -0.000002 -0.000001 -0.000002  -0.026186 -0.000000 -0.000000
15  -0.000004 0.000001 0.000002  -0.027384 -0.173431 -0.024029
16  -0.000005 -0.000001 -0.000000  0.012514 -0.019310 -0.006408
17  -0.000002 0.000000 0.000007  -0.001587 0.000019 0.023439
18  -0.000002 0.000000 0.000001  -0.001520 0.000506 0.023438
19  0.000001 0.000002 -0.000002  -0.002930 0.000019 0.013001
20  -0.000000 0.000001 -0.000003  -0.000000 -0.000000 0.013367
21  0.000001 0.000000 0.000001  -0.000000 -0.000000 0.013367
22  -0.000005 0.000001 -0.000005  -0.001405 -0.000235 0.013306
23  -0.000002 -0.000000 -0.000002  -0.000000 0.000000 0.013367
24  -0.000000 -0.000001 0.000001  0.000000 -0.000000 0.013367
25  0.000002 0.000001 -0.000002  -0.002504 -0.000228 0.013123
26  -0.000001 0.000001 -0.000002  -0.000000 0.000000 0.013367
27  -0.000000 -0.000000 0.000000  -0.000000 -0.000000 0.013367
28  0.000002 0.000000 0.000002  0.000789 -0.000738 0.013306
29  0.000000 0.000001 -0.000001  -0.000000 -0.000000 0.013367
30  0.000000 0.000000 0.000002  0.000000 0.000000 0.013367
31  16.163136 0.000012 -3.830531  -3.098550 1.570794 0.000000
32  -0.000018 -0.000001 0.000001  0.019202 -0.015614 0.042888
33  -0.000002 0.000001 -0.000000  0.000000 -0.000000 -0.102404
34  -0.000000 0.000000 0.000001  0.003967 0.000000 -0.000000
35  -0.000003 -0.000002 0.000001  0.007935 0.000000 0.000000
36  -0.000003 -0.000001 0.000001  0.011902 0.000000 0.000000
37  -0.000001 -0.000000 -0.000001  0.015870 -0.000000 0.000000
38  -0.000006 0.000001 0.000003  0.019837 -0.000000 -0.000000
39  -0.000003 0.000000 0.000001  0.023805 -0.000000 -0.000000
40  -0.000004 -0.000002 0.000001  0.027773 0.000000 0.000000
41  -0.000010 -0.000004 -0.000001  0.037961 -0.060236 0.141895
42  1.410069 0.800524 2.089139  -2.009768 -0.630254 0.591907
43  3.954717 0.000013 0.000004  -0.000000 -0.000002 0.166320
44  3.101559 -0.000007 0.000005  -0.000001 -0.000000 0.240238
45  7.183346 -0.532110 3.267604  -0.123210 -0.020355 -0.052486
46  3.511602 -0.000001 -0.000001  0.000003 0.000001 0.099571
47  2.199404 0.000004 -0.000004  -0.000001 -0.000001 0.029267
48  7.145095 -0.676362 1.382423  -0.086920 0.009133 -0.085505
49  3.672218 -0.000002 -0.000002  0.000001 -0.000000 0.142941
50  2.676519 -0.000004 0.000002  -0.000001 -0.000001 -0.026075
51  6.831175 -0.870879 -0.599926  -0.130311 0.006346 -0.065012
52  3.657079 -0.000002 -0.000005  -0.000000 0.000001 0.057734
53  2.496793 0.000001 0.000003  0.000000 -0.000001 -0.091108
54  6.164465 -0.898158 -2.575023  -0.090704 0.013515 -0.151468
55  2.805849 -0.000003 0.000001  -0.000002 -0.000001 0.079091
56  2.307435 0.000000 -0.000001  0.000002 0.000001 -0.056419
57  0.000000 0.000000 -0.000000  0.004688 0.025505 0.003844
58  -0.933134 1.381577 0.267962  0.068505 0.017155 -0.021155
59  0.071249 114.357033 62.238789  -0.000000 -0.000000 -0.000000
60  1.986524 0.000011 -3.123740  -2.705260 -0.000000 -1.570797
61  -1.986692 0.000016 -3.123748  0.436333 0.000001 1.570797
62  -0.000000 -0.000002 -0.000013  0.000000 -0.000000 0.000000
63  -1.986692 0.000026 -3.123742  0.436333 0.000001 1.570797
64  -11.344161 1.135888 0.869277  0.000002 -0.025019 -0.026324
65  1.986524 0.000020 -3.123733  -2.705260 -0.000000 -1.570797
66  -11.350046 -0.729421 0.864880  0.000197 -0.025367 0.026442
67  1.754236 4.036763 -1.682672  0.392575 -0.010120 -1.546362
68  -1.755139 4.036766 -1.682670  -0.392577 -0.010391 -1.594986
69  -0.164556 7.327704 3.928703  0.000000 0.000001 -1.570796
70  0.079082 36.742695 -0.508023  0.000001 -0.000000 -0.000000
71  -1.260174 8.777411 6.736406  -0.000002 -0.424416 -3.141592
72  1.525193 18.283600 2.968621  0.000000 -0.000000 -0.000000
73  0.060217 10.324390 74.469055  0.000008 -0.000000 0.000000
74  0.062808 75.918007 83.075439  1.570797 -0.000000 -1.570796
75  4.804182 -3.971751 0.000001  -0.000000 0.000000 -0.000000
76  -7.041564 -5.025998 0.000001  -0.000000 -0.000000 -0.000000
77  8.407183 -3.978435 0.003055  -1.570796 1.570795 0.000000
78  10.376193 -3.978446 0.003056  -1.570796 1.570796 0.000000
79  10.194014 -0.314067 -1.749547  -1.570796 1.570796 0.000000
80  20.857885 -4.015564 0.000003  0.000000 -0.000000 0.000000
81  3.258442 5.856953 -3.403523  -0.000000 -0.000000 -0.000000
82  15.153048 5.860577 -3.403520  0.000000 -0.000000 0.000000
83  6.064257 77.294952 36.365795  1.570796 0.000000 1.570796
84  -2.662412 1.445755 40.667957  0.000000 3.141591 1.570796
85  8.352066 2.772896 0.000547  -3.141589 0.000002 -0.000000
86  6.064257 72.973686 32.593246  1.570796 0.000000 1.570796
87  0.004365 73.768410 -3.792007  0.000000 -0.000000 0.000000
88  -0.442609 1.284883 8.535290  -0.000000 -0.000001 0.000000
89  0.000001 1.310226 -0.000001  0.000000 0.000000 0.000000
90  0.000000 0.582265 0.000000  0.000000 0.000000 0.000000
91  0.036297 1.284886 7.928798  -0.000000 -0.000001 0.000000
92  0.000001 1.310220 -0.000001  0.000000 0.000000 0.000000
93  0.000000 0.582267 0.000000  0.000000 0.000000 0.000000
94  5.969323 3.427458 -6.170651  -0.000000 -0.000001 -1.570797
95  -1.310211 -0.000000 0.000000  0.000000 0.000000 -0.000000
96  -0.582258 -0.000001 0.000000  0.000000 0.000000 -0.000000
97  5.969323 9.397404 -6.170659  -0.000000 -0.000001 -1.570796
98  -1.310222 -0.000001 0.000002  0.000000 0.000000 -0.000000
99  -0.582269 -0.000001 0.000001  0.000000 0.000000 -0.000000
100  5.969322 15.223767 -6.170671  0.000000 -0.000001 -1.570796
101  -1.310223 0.000001 0.000001  -0.000000 0.000000 -0.000000
102  -0.582262 0.000000 0.000001  -0.000000 0.000000 -0.000000
103  5.969324 20.835573 -6.170671  0.000000 -0.000001 -1.570796
104  -1.310205 0.000001 0.000002  -0.000000 0.000000 -0.000000
105  -0.582251 -0.000000 0.000004  -0.000000 0.000000 -0.000000
106  5.969324 26.771208 -6.170672  0.000000 -0.000001 -1.570796
107  5.969323 32.597595 -6.170675  0.000000 -0.000001 -1.570796
108  5.969323 38.209400 -6.170685  0.000000 -0.000001 -1.570800
109  5.969322 49.488464 -6.170684  0.000000 -0.000001 -1.570800
110  -0.539090 -0.556801 -0.017364  -0.042462 2.681156 1.551919
111  -6.799123 -0.556801 0.818549  -0.272420 2.701993 1.452460
112  -4.615283 -0.556826 0.270328  -0.117230 2.684609 1.518878
113  -2.650969 -0.556798 0.063010  -0.042463 2.681158 1.551919
114  27.110336 1.284862 12.007549  -0.000000 -0.000000 -0.000000
115  28.133425 1.284853 12.007547  0.000001 -0.000000 -0.000000
116  12.812886 2.241784 12.007550  -0.000000 -0.000001 -0.000001
117  -9.955967 -0.319622 4.380214  -0.000001 -0.000000 -0.000001
118  -11.316472 -0.319621 4.380215  -0.000003 -0.000000 0.000000
119  -12.667809 -0.319625 4.380215  -0.000003 -0.000000 0.000001
120  -14.022141 -0.319624 4.380214  0.000010 -0.000000 -0.000011
121  -15.373240 -0.319623 4.380214  0.000015 -0.000000 -0.000015
122  -16.724142 -0.319625 4.380215  -0.000009 -0.000000 0.000006
123  -18.074572 -0.319625 4.380214  -0.000006 0.000000 0.000004
124  -19.423714 -0.319621 4.380214  0.000002 0.000000 -0.000004
125  -20.775270 -0.319622 4.380215  0.000003 0.000000 -0.000004
126  -22.126671 -0.319619 4.380215  0.000003 -0.000000 -0.000004
127  -23.478123 -0.319618 4.380215  0.000005 -0.000000 -0.000006
128  -24.830620 -0.319615 4.380215  0.000036 -0.000000 -0.000038
129  -26.182026 -0.319621 4.380215  -0.000011 -0.000000 0.000011
130  0.529179 -0.167120 0.629483  -0.101270 -0.000000 0.000000
131  -0.211444 -0.241681 0.155361  -0.145847 -0.000000 0.000000
132  0.529190 -0.280697 -0.110293  -0.145847 -0.000000 0.000000
133  -0.173927 -0.337317 -0.638496  -0.181751 -0.000000 0.000000
134  0.529189 -0.399238 -0.975394  -0.181751 -0.000000 0.000000
135  -0.211444 -0.464479 -1.431042  -0.192399 -0.000000 0.000000
136  0.529189 -0.515804 -1.694583  -0.192399 -0.000000 0.000000
137  -0.173928 -0.612151 -2.231911  -0.216703 -0.000000 0.000000
138  0.529188 -0.685803 -2.566440  -0.216703 -0.000000 0.000000
139  -0.211445 -0.769558 -3.027871  -0.237349 -0.000000 0.000000
140  0.529188 -0.832686 -3.288847  -0.237349 -0.000000 0.000000
141  -0.173937 -0.945282 -3.779564  -0.233859 0.000000 0.000000
142  0.529179 -1.024656 -4.112780  -0.233859 0.000000 0.000000
143  -0.211443 -1.132185 -4.577548  -0.262919 -0.000000 0.000000
144  0.529190 -1.201960 -4.836825  -0.262919 0.000000 0.000000
145  -0.000004 -2.810939 -10.636631  0.258454 0.000000 3.141592
146  -0.192455 -1.345773 -5.370046  -0.280373 0.000000 0.000000
147  0.533984 -1.413511 -5.605105  -0.276883 0.000000 0.000000
148  -0.206618 -1.795765 -6.909779  -0.287354 0.000000 0.000000
149  -0.205805 -1.564813 -6.138258  -0.290843 0.000000 0.000000
150  0.530460 -1.643677 -6.395215  -0.290844 0.000000 0.000000
151  0.535311 -1.790703 -7.204133  -0.287354 -0.000000 0.000000
152  -0.202703 -2.030486 -7.702831  -0.286180 -0.000000 0.000000
153  0.509548 -2.118895 -8.011625  -0.298398 -0.000000 0.000000
154  -0.202703 -2.255273 -8.465173  -0.283134 -0.000000 0.000000
155  0.509548 -2.352983 -8.771159  -0.295352 -0.000000 0.000000
156  -0.202704 -2.481598 -9.235472  -0.285437 -0.000000 0.000000
157  0.509547 -2.588677 -9.538639  -0.297654 -0.000000 0.000000
158  0.170122 -21.222088 -1.001140  -0.000001 -0.000001 0.000000
159  0.170122 -20.843859 -0.397183  -0.000001 -0.000001 0.000000
160  0.170123 -20.489744 -1.001141  -0.000001 -0.000001 0.000000
161  0.170124 -20.111065 -0.397183  -0.000001 -0.000001 0.000000
162  0.170123 -19.380083 -0.397187  -0.000001 -0.000001 0.000000
163  0.170123 -19.025106 -1.001146  -0.000001 -0.000001 0.000000
164  0.170123 -18.646656 -0.396448  -0.000001 -0.000001 0.000000
165  0.170124 -19.755756 -1.001142  -0.000001 -0.000001 0.000000
166  -0.015973 10.612517 2.686017  0.000001 -0.000000 -0.000000
167  0.059851 -50.160702 6.449381  1.570797 -0.000000 -1.570797
168  0.064653 27.351292 72.195198  -0.000000 -0.000000 -0.000001
169  6.064261 95.114014 31.645502  -0.000000 -0.000001 1.570796
170  0.054185 102.845642 29.795364  0.000000 0.000001 -1.570796
171  6.064257 69.096558 37.164322  1.570796 0.000000 1.570796
172  1.974303 11.989234 4.589251  0.000000 -0.000000 -0.000000
173  -0.011481 23.944746 5.090361  0.000001 -0.000000 0.000000
174  -1.691251 8.833343 5.763507  0.000001 -0.000000 -0.000000
175  6.064260 89.329803 31.613918  -0.000000 -0.000001 1.570796
176  0.059886 2.255335 54.398018  -0.000000 -0.000000 0.000000
177  0.003496 -22.270647 0.000145  1.570797 -0.000000 -1.570797
178  0.104010 15.380371 2.266152  0.000001 -0.000000 -0.000000
179  0.988937 0.114779 -0.431024  -0.126719 -0.056745 0.070305
180  -3.255359 24.458082 -23.114334  0.181523 0.048807 -1.277059
181  -2.662412 1.445758 33.628742  0.000000 3.141591 1.570796
182  8.352066 2.772897 0.000547  -3.141589 0.000002 -0.000000
183  -2.662412 1.445755 40.667957  0.000000 3.141591 1.570796
184  8.352066 2.772896 0.000547  -3.141589 0.000002 -0.000000
185  -1.431356 16.384779 4.137811  0.000001 -0.000000 0.000000
186  -0.001844 0.521683 -0.140290  0.000000 -0.000000 -0.000000
187  7.323109 -5.136192 -5.166237  0.000000 0.000000 -0.610865
188  2.698277 -0.000001 -0.000000  -0.000012 0.000000 0.000000
189  2.834158 -0.000002 0.000000  0.000013 0.000000 0.000000
190  2.648919 -0.000001 0.000001  -0.000001 -0.000001 0.000000
191  2.667498 -0.000002 -0.000001  -0.000000 0.000000 0.000000
192  2.426702 -0.000001 -0.000001  0.000000 0.000000 -0.000000
193  -0.494744 -44.353451 -1.302299  1.570797 -0.000000 -1.570797
194  11.545938 73.768417 -3.792010  0.000000 -0.000000 -0.000000
195  -0.011102 -16.902813 1.952047  0.000001 -0.000000 -0.000000
196  -0.000000 -0.000001 -1.529052  -0.000000 -0.000000 -0.000000
197  -0.078942 0.000001 0.000000  0.000000 0.000001 1.570796
198  0.097092 0.000001 -0.000000  -0.000000 -3.141592 1.570796
199  0.000000 0.000000 0.000000  0.000000 -0.000000 -0.000000
200  -1.016504 2.009140 0.486467  0.068505 0.017155 -0.021155
201  -0.288683 1.122250 -0.048159  -0.074089 0.075372 -0.023699
time 10
0  0 0 0  0 0 0
1  0.000000 0.000000 0.000000  0.000000 -0.000000 -0.000000
2  -0.000005 0.000023 -61.375507  0.000000 0.000000 -1.570795
3  -0.012872 0.000000 8.235020  -1.570799 -1.570796 0.000000
4  16.163128 -0.012870 -0.000002  -0.000000 -0.000000 0.000000
5  16.163143 -0.000009 3.830524  -3.089336 -1.570794 0.000000
6  -0.000031 -0.000001 -0.000000  -0.075125 -0.098371 -0.011161
7  -0.000001 -0.000007 0.000001  0.000000 0.000000 -0.033633
8  0.000000 0.000001 0.000003  -0.003967 -0.000000 -0.000000
9  0.000001 0.000001 0.000003  -0.007996 -0.000000 -0.000000
10  -0.000002 0.000000 0.000004  -0.012024 -0.000000 -0.000000
11  0.000000 0.000000 0.000005  -0.016053 0.000000 -0.000000
12  -0.000004 0.000000 0.000004  -0.020020 -0.000000 -0.000000
13  -0.000005 -0.000001 0.000004  -0.024049 -0.000000 -0.000000
14  -0.000002 -0.000001 0.000002  -0.028078 -0.000000 -0.000000
15  -0.000000 0.000002 0.000007  -0.028133 -0.187766 -0.042481
16  -0.000004 -0.000001 0.000001  0.011343 -0.017547 -0.005837
17  -0.000002 0.000000 0.000002  -0.001404 0.000014 0.020203
18  -0.000002 0.000000 0.000000  -0.001339 0.000441 0.020203
19  0.000001 0.000002 -0.000003  0.000854 0.000001 -0.003784
20  -0.000000 0.000001 -0.000000  -0.000000 0.000000 -0.003906
21  0.000000 0.000000 -0.000002  -0.000000 0.000000 -0.003906
22  -0.000005 0.000001 -0.000003  0.000366 0.000062 -0.003906
23  -0.000001 -0.000000 0.000002  -0.000000 0.000000 -0.003906
24  -0.000000 -0.000001 0.000001  -0.000000 0.000000 -0.003906
25  0.000003 0.000001 -0.000001  0.000732 0.000062 -0.003845
26  -0.000001 0.000001 -0.000000  -0.000000 0.000000 -0.003906
27  0.000001 -0.000000 -0.000002  -0.000000 -0.000001 -0.003906
28  0.000000 0.000000 0.000002  -0.000183 0.000183 -0.003906
29  -0.000000 0.000001 -0.000002  -0.000000 -0.000000 -0.003906
30  0.000001 -0.000000 0.000002  0.000000 0.000000 -0.003906
31  16.163136 0.000012 -3.830531  -3.098550 1.570794 0.000000
32  -0.000018 -0.000001 0.000001  0.031103 -0.030456 0.038480
33  -0.000000 0.000001 -0.000003  0.000000 -0.000000 -0.069535
34  0.000000 0.000000 -0.000001  0.003296 0.000000 -0.000000
35  -0.000002 -0.000002 -0.000003  0.006653 0.000000 0.000000
36  -0.000003 -0.000001 -0.000001  0.009949 0.000000 0.000000
37  0.000000 -0.000000 -0.000001  0.013306 -0.000000 0.000000
38  -0.000006 0.000001 -0.000001  0.016602 -0.000000 -0.000000
39  -0.000004 -0.000000 -0.000001  0.019959 -0.000000 -0.000000
40  -0.000002 -0.000001 0.000001  0.023317 0.000000 0.000000
41  -0.000009 -0.000004 -0.000000  0.027747 -0.089270 0.097728
42  1.410068 0.800525 2.089138  -2.009768 -0.630254 0.591907
43  3.954720 0.000008 0.000004  -0.000000 -0.000002 0.166319
44  3.101556 -0.000007 0.000004  -0.000001 -0.000000 0.240238
45  7.183348 -0.532109 3.267604  -0.123210 -0.020355 -0.052486
46  3.511601 -0.000001 0.000001  0.000003 0.000001 0.099571
47  2.199401 0.000004 -0.000002  -0.000001 -0.000001 0.029267
48  7.145096 -0.676362 1.382421  -0.086920 0.009133 -0.085505
49  3.672220 -0.000002 0.000002  0.000001 -0.000000 0.142941
50  2.676517 -0.000003 0.000002  -0.000001 -0.000001 -0.026075
51  6.831175 -0.870879 -0.599927  -0.130311 0.006346 -0.065012
52  3.657079 -0.000002 -0.000001  -0.000000 0.000001 0.057734
53  2.496794 0.000001 0.000006  0.000000 -0.000001 -0.091108
54  6.164466 -0.898158 -2.575028  -0.090704 0.013515 -0.151468
55  2.805847 -0.000003 -0.000002  -0.000002 -0.000001 0.079091
56  2.307433 0.000000 -0.000001  0.000002 0.000001 -0.056419
57  0.000000 0.000000 -0.000000  0.002970 0.026242 0.003030
58  -1.050867 1.118843 0.734267  0.044329 0.046205 -0.021205
59  0.071249 114.357025 62.238792  -0.000000 -0.000000 -0.000000
60  1.986524 0.000009 -3.123740  -2.705260 -0.000000 -1.570797
61  -1.986691 0.000012 -3.123751  0.436333 0.000001 1.570797
62  0.000000 -0.000012 -0.000005  0.000000 -0.000000 0.000000
63  -1.986691 0.000006 -3.123745  0.436333 0.000001 1.570797
64  -11.344161 1.135887 0.869270  0.000002 -0.025019 -0.026324
65  1.986524 0.000012 -3.123734  -2.705260 -0.000000 -1.570797
66  -11.350056 -0.729425 0.864882  0.000197 -0.025367 0.026442
67  1.754237 4.036746 -1.682676  0.392575 -0.010120 -1.546362
68  -1.755139 4.036750 -1.682670  -0.392577 -0.010391 -1.594986
69  -0.164556 7.327703 3.928702  0.000000 0.000001 -1.570796
70  0.079082 36.742687 -0.508023  0.000001 -0.000000 -0.000000
71  -1.260174 8.777410 6.736405  -0.000002 -0.424416 -3.141592
72  1.525193 18.283596 2.968621  0.000000 -0.000000 0.000000
73  0.060216 10.324388 74.469055  0.000008 -0.000000 0.000000
74  0.062809 75.917999 83.075432  1.570797 -0.000000 -1.570796
75  4.804168 -3.971738 0.000000  -0.000000 0.000000 -0.000000
76  -7.041580 -5.025988 0.000001  -0.000000 -0.000000 -0.000000
77  8.407168 -3.978440 0.003054  -1.570796 1.570795 0.000000
78  10.376182 -3.978437 0.003055  -1.570796 1.570796 0.000000
79  10.194000 -0.314067 -1.749549  -1.570796 1.570796 0.000000
80  20.857872 -4.015560 0.000003  0.000000 -0.000000 -0.000000
81  3.258435 5.856958 -3.403525  -0.000000 -0.000000 -0.000000
82  15.153034 5.860581 -3.403522  -0.000000 -0.000000 -0.000000
83  6.064256 77.294937 36.365791  1.570796 0.000000 1.570796
84  -2.662411 1.445755 40.667957  0.000000 3.141591 1.570796
85  8.352066 2.772897 0.000542  -3.141589 0.000002 -0.000000
86  6.064257 72.973679 32.593250  1.570796 0.000000 1.570796
87  0.004365 73.768410 -3.792008  0.000000 -0.000000 0.000000
88  -0.442609 1.284893 8.535289  -0.000000 -0.000001 0.000000
89  0.000002 1.310202 0.000001  0.000000 -0.000000 0.000000
90  0.000001 0.582255 -0.000001  0.000000 -0.000000 0.000000
91  0.036297 1.284890 7.928799  -0.000000 -0.000001 0.000000
92  0.000001 1.310214 0.000001  0.000000 -0.000000 0.000000
93  0.000000 0.582267 -0.000000  0.000000 -0.000000 0.000000
94  5.969323 3.427461 -6.170650  -0.000000 -0.000001 -1.570797
95  -1.310204 0.000001 0.000001  0.000000 -0.000000 -0.000000
96  -0.582257 0.000000 -0.000000  0.000000 -0.000000 -0.000000
97  5.969323 9.397406 -6.170658  -0.000000 -0.000001 -1.570796
98  -1.310214 -0.000000 0.000001  0.000000 0.000000 -0.000000
99  -0.582267 -0.000001 0.000000  0.000000 0.000000 -0.000000
100  5.969322 15.223772 -6.170670  0.000000 -0.000001 -1.570796
101  -1.310210 0.000002 0.000000  -0.000000 0.000000 -0.000000
102  -0.582263 0.000002 -0.000001  -0.000000 0.000000 -0.000000
103  5.969324 20.835567 -6.170671  0.000000 -0.000001 -1.570796
104  -1.310205 0.000001 0.000001  -0.000000 0.000000 -0.000000
105  -0.582265 0.000000 0.000002  -0.000000 0.000000 -0.000000
106  5.969323 26.771217 -6.170672  0.000000 -0.000001 -1.570796
107  5.969323 32.597591 -6.170674  0.000000 -0.000001 -1.570796
108  5.969323 38.209400 -6.170685  0.000000 -0.000001 -1.570800
109  5.969322 49.488476 -6.170684  0.000000 -0.000001 -1.570800
110  -0.539090 -0.556803 -0.017363  -0.042462 2.681156 1.551919
111  -6.799123 -0.556794 0.818549  -0.272420 2.701993 1.452460
112  -4.615283 -0.556823 0.270328  -0.117230 2.684609 1.518878
113  -2.650969 -0.556804 0.063010  -0.042463 2.681158 1.551919
114  27.110338 1.284859 12.007547  -0.000000 -0.000000 0.000000
115  28.133427 1.284864 12.007546  0.000001 -0.000000 0.000000
116  12.812886 2.241791 12.007548  -0.000000 -0.000001 -0.000001
117  -9.955967 -0.319618 4.380214  -0.000001 -0.000000 -0.000001
118  -11.316473 -0.319612 4.380215  -0.000003 -0.000000 0.000000
119  -12.667811 -0.319611 4.380214  -0.000003 -0.000000 0.000001
120  -14.022141 -0.319612 4.380214  0.000010 -0.000000 -0.000011
121  -15.373240 -0.319606 4.380213  0.000015 -0.000000 -0.000015
122  -16.724142 -0.319611 4.380214  -0.000009 -0.000000 0.000006
123  -18.074572 -0.319613 4.380215  -0.000006 0.000000 0.000004
124  -19.423716 -0.319612 4.380214  0.000002 0.000000 -0.000004
125  -20.775269 -0.319607 4.380214  0.000003 0.000000 -0.000004
126  -22.126669 -0.319608 4.380215  0.000003 -0.000000 -0.000004
127  -23.478123 -0.319616 4.380215  0.000005 -0.000000 -0.000006
128  -24.830618 -0.319609 4.380214  0.000036 -0.000000 -0.000038
129  -26.182026 -0.319610 4.380215  -0.000011 0.000000 0.000011
130  0.529179 -0.167123 0.629484  -0.101270 -0.000000 0.000000
131  -0.211444 -0.241674 0.155361  -0.145847 -0.000000 0.000000
132  0.529190 -0.280690 -0.110293  -0.145847 -0.000000 0.000000
133  -0.173927 -0.337318 -0.638496  -0.181751 -0.000000 0.000000
134  0.529189 -0.399245 -0.975393  -0.181751 -0.000000 0.000000
135  -0.211444 -0.464468 -1.431042  -0.192399 -0.000000 0.000000
136  0.529189 -0.515803 -1.694583  -0.192399 -0.000000 0.000000
137  -0.173928 -0.612150 -2.231910  -0.216703 -0.000000 0.000000
138  0.529188 -0.685802 -2.566440  -0.216703 -0.000000 0.000000
139  -0.211445 -0.769552 -3.027870  -0.237349 -0.000000 0.000000
140  0.529188 -0.832679 -3.288847  -0.237349 -0.000000 0.000000
141  -0.173937 -0.945277 -3.779564  -0.233859 0.000000 0.000000
142  0.529179 -1.024651 -4.112780  -0.233859 0.000000 0.000000
143  -0.211443 -1.132171 -4.577548  -0.262919 -0.000000 0.000000
144  0.529190 -1.201952 -4.836824  -0.262919 0.000000 0.000000
145  -0.000005 -2.810934 -10.636630  0.258454 0.000000 3.141592
146  -0.192455 -1.345773 -5.370045  -0.280373 0.000000 0.000000
147  0.533984 -1.413503 -5.605105  -0.276883 0.000000 0.000000
148  -0.206618 -1.795756 -6.909778  -0.287354 0.000000 0.000000
149  -0.205805 -1.564811 -6.138257  -0.290843 0.000000 0.000000
150  0.530460 -1.643666 -6.395215  -0.290844 0.000000 0.000000
151  0.535311 -1.790707 -7.204132  -0.287354 -0.000000 0.000000
152  -0.202703 -2.030476 -7.702830  -0.286180 -0.000000 0.000000
153  0.509548 -2.118891 -8.011624  -0.298398 -0.000000 0.000000
154  -0.202703 -2.255267 -8.465172  -0.283134 -0.000000 0.000000
155  0.509548 -2.352977 -8.771157  -0.295352 -0.000000 0.000000
156  -0.202704 -2.481589 -9.235470  -0.285437 -0.000000 0.000000
157  0.509547 -2.588671 -9.538638  -0.297654 -0.000000 0.000000
158  0.170122 -21.222084 -1.001140  -0.000001 -0.000001 0.000000
159  0.170122 -20.843861 -0.397183  -0.000001 -0.000001 0.000000
160  0.170123 -20.489737 -1.001141  -0.000001 -0.000001 0.000000
161  0.170124 -20.111061 -0.397183  -0.000001 -0.000001 0.000000
162  0.170123 -19.380085 -0.397186  -0.000001 -0.000001 0.000000
163  0.170123 -19.025101 -1.001146  -0.000001 -0.000001 0.000000
164  0.170123 -18.646650 -0.396447  -0.000001 -0.000001 0.000000
165  0.170124 -19.755754 -1.001142  -0.000001 -0.000001 0.000000
166  -0.015973 10.612516 2.686016  0.000001 -0.000000 -0.000000
167  0.059851 -50.160698 6.449380  1.570797 -0.000000 -1.570797
168  0.064653 27.351290 72.195198  -0.000000 -0.000000 -0.000001
169  6.064260 95.114006 31.645496  -0.000000 -0.000001 1.570796
170  0.054185 102.845642 29.795361  0.000000 0.000001 -1.570796
171  6.064256 69.096550 37.164318  1.570796 0.000000 1.570796
172  1.974302 11.989233 4.589250  0.000000 -0.000000 0.000000
173  -0.011481 23.944744 5.090361  0.000001 -0.000000 0.000000
174  -1.691251 8.833341 5.763507  0.000001 -0.000000 0.000000
175  6.064259 89.329803 31.613918  -0.000000 -0.000001 1.570796
176  0.059886 2.255335 54.398010  -0.000000 -0.000000 0.000000
177  0.003497 -22.270643 0.000147  1.570797 0.000000 -1.570797
178  0.104010 15.380370 2.266152  0.000001 -0.000000 -0.000000
179  0.973454 0.599311 -0.492460  -0.114918 -0.056513 0.060814
180  -3.255359 24.458076 -23.114338  0.181523 0.048807 -1.277059
181  -2.662412 1.445758 33.628742  0.000000 3.141591 1.570796
182  8.352066 2.772897 0.000538  -3.141589 0.000002 -0.000000
183  -2.662411 1.445755 40.667957  0.000000 3.141591 1.570796
184  8.352066 2.772897 0.000542  -3.141589 0.000002 -0.000000
185  -1.431356 16.384777 4.137811  0.000001 -0.000000 0.000000
186  -0.001844 0.521683 -0.140290  0.000000 -0.000000 -0.000000
187  7.323108 -5.136191 -5.166237  0.000000 0.000000 -0.610865
188  2.698278 -0.000001 -0.000000  -0.000012 0.000000 0.000001
189  2.834160 -0.000002 0.000000  0.000013 0.000000 0.000000
190  2.648917 0.000000 0.000001  -0.000001 -0.000001 0.000000
191  2.667498 -0.000002 -0.000001  0.000000 0.000000 0.000000
192  2.426701 -0.000002 0.000000  -0.000000 0.000000 -0.000000
193  -0.494744 -44.353447 -1.302299  1.570797 -0.000000 -1.570797
194  11.545937 73.768410 -3.792009  0.000000 -0.000000 0.000000
195  -0.011102 -16.902811 1.952047  0.000001 -0.000000 -0.000000
196  -0.000000 -0.000000 -1.529052  -0.000000 -0.000000 0.000000
197  -0.078942 0.000000 -0.000000  0.000000 0.000001 1.570796
198  0.097092 0.000001 -0.000000  -0.000000 -3.141592 1.570796
199  0.000000 0.000000 0.000000  0.000000 -0.000000 -0.000000
200  -1.382690 1.546116 0.942585  0.044329 0.046205 -0.021205
201  -0.332035 0.933651 0.302383  -0.087102 0.096296 -0.028911
time 11
0  0 0 0  0 0 0
1  0.000000 0.000000 0.000000  0.000000 -0.000000 -0.000000
2  -0.000005 0.000023 -61.375507  0.000000 0.000000 -1.570795
3  -0.012872 0.000000 8.235020  -1.570799 -1.570796 0.000000
4  16.163128 -0.012870 -0.000002  -0.000000 -0.000000 0.000000
5  16.163143 -0.000009 3.830524  -3.089336 -1.570794 0.000000
6  -0.000031 -0.000001 -0.000000  -0.084608 -0.091114 -0.015710
7  -0.000003 -0.000007 0.000002  0.000000 0.000000 -0.017213
8  0.000000 0.000001 0.000000  -0.004303 -0.000000 -0.000000
9  0.000001 0.000001 0.000000  -0.008667 -0.000000 -0.000000
10  -0.000001 0.000000 0.000001  -0.013001 -0.000000 -0.000000
11  -0.000001 0.000001 0.000002  -0.017365 0.000000 -0.000000
12  -0.000003 0.000000 0.000001  -0.021669 -0.000000 -0.000000
13  -0.000004 -0.000001 -0.000001  -0.026064 -0.000000 -0.000000
14  -0.000002 -0.000001 0.000001  -0.030398 -0.000000 -0.000000
15  0.000000 0.000002 0.000004  -0.028571 -0.201738 -0.062770
16  -0.000005 -0.000001 0.000003  0.009620 -0.014931 -0.004955
17  -0.000004 -0.000000 0.000003  -0.001099 0.000009 0.015748
18  -0.000002 0.000000 0.000008  -0.001035 0.000313 0.015748
19  0.000001 0.000002 -0.000000  0.005615 0.000069 -0.024660
20  -0.000000 0.000001 0.000002  0.000000 -0.000000 -0.025270
21  0.000000 0.000000 0.000001  -0.000000 0.000000 -0.025270
22  -0.000004 0.000001 0.000001  0.002680 0.000461 -0.025147
23  -0.000000 -0.000000 -0.000000  -0.000000 0.000000 -0.025270
24  -0.000000 -0.000001 0.000001  -0.000000 -0.000000 -0.025270
25  0.000002 0.000001 0.000001  0.004815 0.000609 -0.024841
26  -0.000001 0.000001 -0.000001  -0.000000 0.000000 -0.025270
27  0.000000 -0.000000 -0.000001  0.000000 -0.000001 -0.025270
28  0.000001 0.000000 0.000006  -0.001544 0.001446 -0.025210
29  -0.000000 0.000001 0.000001  -0.000000 -0.000000 -0.025270
30  -0.000000 -0.000000 -0.000001  0.000000 0.000000 -0.025270
31  16.163136 0.000012 -3.830531  -3.098550 1.570794 0.000000
32  -0.000018 -0.000001 0.000001  0.041702 -0.044054 0.030654
33  -0.000002 0.000001 0.000003  0.000000 -0.000000 -0.031741
34  -0.000000 0.000000 -0.000002  0.002289 0.000000 -0.000000
35  -0.000003 -0.000002 -0.000001  0.004639 0.000000 0.000000
36  -0.000004 -0.000001 -0.000001  0.006958 0.000000 0.000000
37  -0.000001 -0.000000 -0.000002  0.009278 -0.000000 0.000000
38  -0.000007 0.000000 -0.000001  0.011658 0.000000 -0.000000
39  -0.000006 -0.000000 -0.000001  0.013978 -0.000000 -0.000000
40  -0.000004 -0.000002 -0.000001  0.016297 0.000000 0.000000
41  -0.000008 -0.000004 -0.000003  0.017049 -0.114162 0.048370
42  1.410069 0.800525 2.089137  -2.009768 -0.630254 0.591907
43  3.954719 0.000010 0.000005  -0.000000 -0.000002 0.166320
44  3.101555 -0.000008 0.000003  -0.000001 -0.000000 0.240238
45  7.183348 -0.532110 3.267601  -0.123210 -0.020355 -0.052486
46  3.511601 -0.000001 -0.000000  0.000003 0.000001 0.099571
47  2.199403 0.000004 0.000002  -0.000001 -0.000001 0.029267
48  7.145096 -0.676362 1.382419  -0.086920 0.009133 -0.085505
49  3.672218 -0.000002 0.000001  0.000001 -0.000000 0.142941
50  2.676516 -0.000003 -0.000002  -0.000001 -0.000001 -0.026075
51  6.831176 -0.870879 -0.599930  -0.130311 0.006346 -0.065012
52  3.657080 -0.000002 -0.000001  -0.000000 0.000001 0.057734
53  2.496795 0.000001 0.000001  0.000000 -0.000001 -0.091108
54  6.164468 -0.898158 -2.575027  -0.090704 0.013515 -0.151468
55  2.805849 -0.000003 -0.000000  -0.000002 -0.000001 0.079091
56  2.307433 0.000000 -0.000002  0.000002 0.000001 -0.056419
57  0.000000 0.000000 -0.000000  0.000453 0.025880 0.002020
58  -1.105373 0.794113 1.178715  0.017992 0.073393 -0.020718
59  0.071248 114.357033 62.238792  -0.000000 0.000000 -0.000000
60  1.986525 0.000003 -3.123734  -2.705260 -0.000000 -1.570797
61  -1.986691 0.000001 -3.123743  0.436333 0.000001 1.570797
62  0.000000 -0.000007 -0.000012  0.000000 0.000000 0.000000
63  -1.986692 0.000002 -3.123737  0.436333 0.000001 1.570797
64  -11.344159 1.135885 0.869283  0.000002 -0.025019 -0.026324
65  1.986524 0.000005 -3.123733  -2.705260 -0.000000 -1.570797
66  -11.350054 -0.729422 0.864885  0.000197 -0.025367 0.026442
67  1.754236 4.036750 -1.682667  0.392575 -0.010120 -1.546362
68  -1.755139 4.036752 -1.682670  -0.392577 -0.010391 -1.594986
69  -0.164556 7.327704 3.928703  -0.000000 0.000001 -1.570796
70  0.079082 36.742695 -0.508023  0.000001 0.000000 -0.000000
71  -1.260174 8.777410 6.736405  -0.000002 -0.424416 -3.141592
72  1.525193 18.283598 2.968622  0.000000 0.000000 0.000000
73  0.060217 10.324388 74.469048  0.000008 0.000000 0.000000
74  0.062809 75.917999 83.075439  1.570797 -0.000000 -1.570796
75  4.804182 -3.971745 0.000001  -0.000000 0.000000 -0.000000
76  -7.041562 -5.025989 0.000001  -0.000000 -0.000000 -0.000000
77  8.407191 -3.978437 0.003055  -1.570796 1.570795 0.000000
78  10.376196 -3.978450 0.003056  -1.570796 1.570796 0.000000
79  10.194012 -0.314066 -1.749547  -1.570796 1.570796 0.000000
80  20.857891 -4.015565 0.000003  0.000000 -0.000000 0.000000
81  3.258443 5.856951 -3.403524  -0.000000 -0.000000 -0.000000
82  15.153053 5.860580 -3.403521  0.000000 -0.000000 0.000000
83  6.064256 77.294952 36.365799  1.570796 0.000000 1.570796
84  -2.662412 1.445755 40.667961  -0.000000 3.141591 1.570796
85  8.352066 2.772897 0.000537  -3.141589 0.000002 -0.000000
86  6.064256 72.973694 32.593254  1.570796 0.000000 1.570796
87  0.004366 73.768417 -3.792008  0.000000 0.000000 0.000000
88  -0.442609 1.284873 8.535290  0.000000 -0.000001 0.000000
89  0.000001 1.310216 -0.000000  0.000000 0.000000 0.000000
90  0.000001 0.582257 0.000000  0.000000 0.000000 0.000000
91  0.036297 1.284884 7.928798  -0.000000 -0.000001 0.000000
92  0.000001 1.310211 -0.000000  0.000000 0.000000 0.000000
93  0.000000 0.582252 0.000000  0.000000 0.000000 0.000000
94  5.969323 3.427454 -6.170650  -0.000000 -0.000001 -1.570797
95  -1.310216 0.000001 -0.000001  0.000000 -0.000000 -0.000000
96  -0.582257 -0.000001 -0.000001  0.000000 -0.000000 -0.000000
97  5.969323 9.397392 -6.170659  -0.000000 -0.000001 -1.570796
98  -1.310212 -0.000001 0.000000  0.000000 0.000000 -0.000000
99  -0.582261 -0.000001 -0.000000  0.000000 0.000000 -0.000000
100  5.969322 15.223759 -6.170671  -0.000000 -0.000001 -1.570796
101  -1.310209 0.000001 0.000001  -0.000000 0.000000 -0.000000
102  -0.582257 0.000000 -0.000000  -0.000000 0.000000 -0.000000
103  5.969324 20.835566 -6.170671  -0.000000 -0.000001 -1.570796
104  -1.310215 0.000000 0.000001  -0.000000 0.000000 -0.000000
105  -0.582264 -0.000001 0.000002  -0.000000 0.000000 -0.000000
106  5.969324 26.771206 -6.170672  -0.000000 -0.000001 -1.570796
107  5.969323 32.597588 -6.170676  -0.000000 -0.000001 -1.570796
108  5.969323 38.209396 -6.170686  -0.000000 -0.000001 -1.570800
109  5.969323 49.488461 -6.170684  -0.000000 -0.000001 -1.570800
110  -0.539090 -0.556813 -0.017363  -0.042462 2.681156 1.551919
111  -6.799123 -0.556808 0.818549  -0.272420 2.701993 1.452460
112  -4.615283 -0.556827 0.270327  -0.117230 2.684609 1.518878
113  -2.650969 -0.556816 0.063010  -0.042463 2.681158 1.551919
114  27.110336 1.284859 12.007549  0.000000 -0.000000 0.000000
115  28.133425 1.284854 12.007547  0.000001 -0.000000 0.000000
116  12.812887 2.241782 12.007549  -0.000000 -0.000001 -0.000001
117  -9.955968 -0.319632 4.380214  -0.000001 -0.000000 -0.000001
118  -11.316474 -0.319623 4.380214  -0.000003 -0.000000 0.000000
119  -12.667810 -0.319631 4.380215  -0.000003 -0.000000 0.000001
120  -14.022141 -0.319624 4.380215  0.000010 -0.000000 -0.000011
121  -15.373240 -0.319627 4.380214  0.000015 -0.000000 -0.000015
122  -16.724142 -0.319625 4.380214  -0.000009 -0.000000 0.000006
123  -18.074572 -0.319629 4.380214  -0.000006 0.000000 0.000004
124  -19.423716 -0.319622 4.380214  0.000002 0.000000 -0.000004
125  -20.775270 -0.319626 4.380214  0.000003 0.000000 -0.000004
126  -22.126671 -0.319620 4.380215  0.000003 0.000000 -0.000004
127  -23.478123 -0.319630 4.380215  0.000005 0.000000 -0.000006
128  -24.830620 -0.319623 4.380215  0.000036 0.000000 -0.000038
129  -26.182028 -0.319625 4.380215  -0.000011 0.000000 0.000011
130  0.529180 -0.167126 0.629484  -0.101270 -0.000000 0.000000
131  -0.211444 -0.241691 0.155361  -0.145847 -0.000000 0.000000
132  0.529190 -0.280702 -0.110293  -0.145847 -0.000000 0.000000
133  -0.173927 -0.337329 -0.638496  -0.181751 -0.000000 0.000000
134  0.529189 -0.399251 -0.975394  -0.181751 -0.000000 0.000000
135  -0.211444 -0.464476 -1.431042  -0.192399 -0.000000 0.000000
136  0.529189 -0.515815 -1.694583  -0.192400 -0.000000 0.000000
137  -0.173928 -0.612157 -2.231911  -0.216703 -0.000000 0.000000
138  0.529188 -0.685807 -2.566440  -0.216703 -0.000000 0.000000
139  -0.211445 -0.769570 -3.027871  -0.237349 -0.000000 0.000000
140  0.529188 -0.832686 -3.288848  -0.237349 -0.000000 0.000000
141  -0.173937 -0.945283 -3.779565  -0.233859 0.000000 0.000000
142  0.529179 -1.024665 -4.112781  -0.233859 0.000000 0.000000
143  -0.211443 -1.132185 -4.577548  -0.262919 -0.000000 0.000000
144  0.529190 -1.201965 -4.836825  -0.262919 0.000000 0.000000
145  -0.000004 -2.810951 -10.636631  0.258454 0.000000 3.141592
146  -0.192455 -1.345790 -5.370046  -0.280373 0.000000 0.000000
147  0.533984 -1.413519 -5.605105  -0.276883 0.000000 0.000000
148  -0.206618 -1.795763 -6.909780  -0.287354 0.000000 0.000000
149  -0.205805 -1.564819 -6.138258  -0.290843 0.000000 0.000000
150  0.530460 -1.643676 -6.395215  -0.290844 0.000000 0.000000
151  0.535312 -1.790708 -7.204134  -0.287354 -0.000000 0.000000
152  -0.202703 -2.030482 -7.702830  -0.286180 -0.000000 0.000000
153  0.509548 -2.118903 -8.011625  -0.298398 -0.000000 0.000000
154  -0.202703 -2.255282 -8.465173  -0.283134 -0.000000 0.000000
155  0.509548 -2.352979 -8.771159  -0.295352 -0.000000 0.000000
156  -0.202704 -2.481605 -9.235471  -0.285437 -0.000000 0.000000
157  0.509547 -2.588692 -9.538638  -0.297654 -0.000000 0.000000
158  0.170123 -21.222094 -1.001140  -0.000001 -0.000001 0.000000
159  0.170123 -20.843874 -0.397183  -0.000001 -0.000001 0.000000
160  0.170123 -20.489748 -1.001141  -0.000001 -0.000001 0.000000
161  0.170124 -20.111074 -0.397183  -0.000001 -0.000001 0.000000
162  0.170123 -19.380096 -0.397187  -0.000001 -0.000001 0.000000
163  0.170123 -19.025106 -1.001146  -0.000001 -0.000001 0.000000
164  0.170123 -18.646660 -0.396448  -0.000001 -0.000001 0.000000
165  0.170124 -19.755758 -1.001142  -0.000001 -0.000001 0.000000
166  -0.015973 10.612517 2.686017  0.000001 0.000000 0.000000
167  0.059851 -50.160706 6.449381  1.570797 -0.000000 -1.570797
168  0.064654 27.351290 72.195198  -0.000000 -0.000000 -0.000001
169  6.064261 95.114014 31.645506  0.000000 -0.000001 1.570796
170  0.054186 102.845634 29.795361  -0.000000 0.000001 -1.570796
171  6.064257 69.096558 37.164318  1.570796 0.000000 1.570796
172  1.974303 11.989232 4.589250  0.000000 0.000000 0.000000
173  -0.011481 23.944744 5.090362  0.000001 0.000000 0.000000
174  -1.691251 8.833341 5.763507  0.000001 0.000000 0.000000
175  6.064260 89.329803 31.613918  0.000000 -0.000001 1.570796
176  0.059886 2.255334 54.398010  -0.000000 0.000000 0.000000
177  0.003496 -22.270647 0.000151  1.570797 0.000000 -1.570797
178  0.104010 15.380369 2.266153  0.000001 0.000000 -0.000000
179  0.913460 1.044173 -0.502781  -0.103195 -0.053816 0.049557
180  -3.255359 24.458078 -23.114336  0.181523 0.048807 -1.277059
181  -2.662412 1.445758 33.628746  -0.000000 3.141591 1.570796
182  8.352066 2.772897 0.000541  -3.141589 0.000002 -0.000000
183  -2.662412 1.445755 40.667961  -0.000000 3.141591 1.570796
184  8.352066 2.772897 0.000537  -3.141589 0.000002 -0.000000
185  -1.431356 16.384779 4.137811  0.000001 0.000000 0.000000
186  -0.001844 0.521683 -0.140290  0.000000 0.000000 0.000000
187  7.323109 -5.136191 -5.166238  0.000000 0.000000 -0.610865
188  2.698278 -0.000001 -0.000000  -0.000012 0.000000 0.000000
189  2.834160 -0.000002 -0.000000  0.000013 0.000000 -0.000000
190  2.648917 -0.000001 0.000001  -0.000001 -0.000001 0.000000
191  2.667499 -0.000003 -0.000000  0.000000 0.000000 0.000000
192  2.426703 -0.000002 0.000000  0.000000 0.000000 -0.000000
193  -0.494744 -44.353443 -1.302299  1.570797 -0.000000 -1.570797
194  11.545938 73.768417 -3.792010  0.000000 0.000000 0.000000
195  -0.011102 -16.902813 1.952047  0.000001 0.000000 0.000000
196  0.000000 0.000001 -1.529052  -0.000000 0.000000 0.000000
197  -0.078942 0.000001 -0.000000  0.000000 0.000001 1.570796
198  0.097092 0.000001 0.000000  -0.000000 -3.141592 1.570796
199  0.000000 0.000000 0.000000  0.000000 -0.000000 -0.000000
200  -1.678453 0.998902 1.376631  0.017992 0.073393 -0.020718
201  -0.367584 0.692345 0.652925  -0.100098 0.116771 -0.033772
time 12
0  0 0 0  0 0 0
1  0.000000 0.000000 0.000000  0.000000 -0.000000 -0.000000
2  -0.000005 0.000023 -61.375507  0.000000 0.000000 -1.570795
3  -0.012872 0.000000 8.235020  -1.570799 -1.570796 0.000000
4  16.163128 -0.012870 -0.000002  -0.000000 -0.000000 0.000000
5  16.163143 -0.000009 3.830524  -3.089336 -1.570794 0.000000
6  -0.000031 -0.000001 -0.000000  -0.093763 -0.084133 -0.020086
7  -0.000003 -0.000006 0.000001  0.000000 0.000000 -0.001282
8  -0.000000 0.000001 -0.000000  -0.004639 -0.000000 -0.000000
9  0.000001 0.000000 0.000003  -0.009339 -0.000000 -0.000000
10  -0.000001 0.000000 0.000004  -0.013978 -0.000000 -0.000000
11  -0.000002 0.000000 0.000004  -0.018678 0.000000 -0.000000
12  -0.000002 0.000000 0.000002  -0.023317 -0.000000 -0.000000
13  -0.000004 -0.000001 0.000002  -0.028017 -0.000000 -0.000000
14  -0.000002 -0.000001 0.000002  -0.032717 -0.000000 -0.000000
15  -0.000004 0.000001 0.000006  -0.028698 -0.214305 -0.081603
16  -0.000004 -0.000001 0.000002  0.007653 -0.011827 -0.003891
17  -0.000004 0.000000 0.000002  -0.000732 0.000004 0.010620
18  -0.000002 0.000000 -0.000000  -0.000671 0.000187 0.010620
19  0.000001 0.000002 -0.000002  0.010801 0.000257 -0.047613
20  -0.000000 0.000001 0.000001  -0.000000 -0.000000 -0.048835
21  0.000001 0.000000 0.000000  -0.000000 0.000000 -0.048834
22  -0.000004 0.000000 -0.000000  0.005164 0.001041 -0.048527
23  -0.000001 -0.000000 -0.000000  -0.000000 0.000000 -0.048835
24  0.000001 -0.000001 0.000003  -0.000000 0.000000 -0.048834
25  0.000002 0.000001 -0.000002  0.009250 0.001259 -0.047913
26  -0.000002 0.000000 -0.000001  -0.000000 0.000000 -0.048834
27  -0.000001 -0.000000 0.000002  -0.000000 -0.000000 -0.048834
28  0.000001 0.000000 0.000003  -0.002999 0.002797 -0.048656
29  -0.000000 0.000001 0.000002  -0.000000 -0.000000 -0.048835
30  0.000000 -0.000000 0.000000  0.000000 -0.000000 -0.048834
31  16.163136 0.000012 -3.830531  -3.098550 1.570794 0.000000
32  -0.000018 -0.000001 0.000001  0.050712 -0.055678 0.021066
33  -0.000003 0.000001 0.000001  0.000000 -0.000000 0.004456
34  0.000000 0.000000 0.000003  0.001282 0.000000 -0.000000
35  -0.000002 -0.000002 0.000001  0.002625 0.000000 0.000000
36  -0.000002 -0.000001 0.000003  0.003906 0.000000 0.000000
37  -0.000002 -0.000000 0.000001  0.005249 -0.000000 0.000000
38  -0.000006 0.000000 -0.000001  0.006592 -0.000000 -0.000000
39  -0.000004 -0.000000 0.000001  0.007874 -0.000000 -0.000000
40  -0.000002 -0.000002 0.000001  0.009217 0.000000 0.000000
41  -0.000006 -0.000004 -0.000000  0.008069 -0.133417 0.002826
42  1.410069 0.800524 2.089136  -2.009768 -0.630254 0.591907
43  3.954717 0.000013 0.000004  -0.000000 -0.000002 0.166320
44  3.101561 -0.000008 0.000003  -0.000001 -0.000000 0.240238
45  7.183348 -0.532110 3.267601  -0.123210 -0.020355 -0.052486
46  3.511602 -0.000001 -0.000002  0.000003 0.000001 0.099571
47  2.199404 0.000004 -0.000005  -0.000001 -0.000001 0.029267
48  7.145095 -0.676363 1.382419  -0.086920 0.009133 -0.085505
49  3.672219 -0.000002 0.000002  0.000001 -0.000000 0.142941
50  2.676520 -0.000003 0.000003  -0.000001 -0.000001 -0.026075
51  6.831176 -0.870880 -0.599929  -0.130311 0.006346 -0.065012
52  3.657079 -0.000002 -0.000001  -0.000000 0.000001 0.057734
53  2.496795 0.000001 -0.000001  0.000000 -0.000001 -0.091108
54  6.164467 -0.898158 -2.575029  -0.090704 0.013515 -0.151468
55  2.805847 -0.000004 -0.000001  -0.000002 -0.000001 0.079091
56  2.307435 0.000000 -0.000003  0.000002 0.000001 -0.056419
57  0.000000 0.000000 -0.000000  -0.002553 0.024783 0.000884
58  -1.114094 0.484146 1.575803  -0.005954 0.095567 -0.019717
59  0.071248 114.357040 62.238796  0.000000 0.000000 -0.000000
60  1.986524 0.000019 -3.123738  -2.705260 -0.000000 -1.570797
61  -1.986692 0.000022 -3.123747  0.436333 0.000001 1.570797
62  -0.000001 -0.000002 -0.000004  0.000000 0.000000 0.000000
63  -1.986692 0.000023 -3.123738  0.436333 0.000001 1.570797
64  -11.344160 1.135888 0.869280  0.000002 -0.025019 -0.026324
65  1.986523 0.000020 -3.123733  -2.705260 -0.000000 -1.570797
66  -11.350047 -0.729419 0.864887  0.000197 -0.025367 0.026442
67  1.754236 4.036758 -1.682668  0.392575 -0.010120 -1.546362
68  -1.755141 4.036760 -1.682664  -0.392577 -0.010391 -1.594986
69  -0.164556 7.327704 3.928703  -0.000000 0.000001 -1.570796
70  0.079082 36.742691 -0.508023  0.000001 0.000000 -0.000000
71  -1.260174 8.777410 6.736406  -0.000002 -0.424416 -3.141592
72  1.525193 18.283600 2.968623  0.000000 0.000000 0.000000
73  0.060216 10.324389 74.469063  0.000008 0.000000 0.000000
74  0.062808 75.917999 83.075447  1.570797 0.000000 -1.570796
75  4.804178 -3.971760 0.000000  -0.000000 0.000000 -0.000000
76  -7.041573 -5.025999 0.000002  -0.000000 -0.000000 -0.000000
77  8.407174 -3.978452 0.003055  -1.570796 1.570795 0.000000
78  10.376182 -3.978456 0.003055  -1.570796 1.570796 0.000000
79  10.194015 -0.314079 -1.749548  -1.570796 1.570796 0.000000
80  20.857882 -4.015578 0.000003  0.000000 -0.000000 0.000000
81  3.258434 5.856939 -3.403523  -0.000000 -0.000000 -0.000000
82  15.153044 5.860568 -3.403520  -0.000000 -0.000000 -0.000000
83  6.064256 77.294960 36.365795  1.570796 -0.000000 1.570796
84  -2.662412 1.445755 40.667957  -0.000000 3.141591 1.570796
85  8.352066 2.772896 0.000539  -3.141589 0.000002 -0.000000
86  6.064256 72.973694 32.593250  1.570796 -0.000000 1.570796
87  0.004365 73.768425 -3.792008  0.000000 0.000000 0.000000
88  -0.442609 1.284892 8.535290  -0.000000 -0.000001 0.000000
89  0.000001 1.310206 -0.000000  0.000000 -0.000000 0.000000
90  0.000001 0.582268 -0.000000  0.000000 -0.000000 0.000000
91  0.036298 1.284886 7.928799  0.000000 -0.000001 0.000000
92  0.000001 1.310216 -0.000001  0.000000 -0.000000 0.000000
93  -0.000000 0.582270 -0.000000  0.000000 -0.000000 0.000000
94  5.969324 3.427456 -6.170650  -0.000000 -0.000001 -1.570797
95  -1.310222 0.000000 0.000000  0.000000 -0.000000 -0.000000
96  -0.582268 -0.000000 -0.000000  0.000000 -0.000000 -0.000000
97  5.969322 9.397399 -6.170660  -0.000000 -0.000001 -1.570796
98  -1.310215 -0.000001 0.000002  0.000000 0.000000 -0.000000
99  -0.582269 -0.000001 0.000000  0.000000 0.000000 -0.000000
100  5.969322 15.223776 -6.170670  -0.000000 -0.000001 -1.570796
101  -1.310222 0.000001 0.000001  -0.000000 0.000000 -0.000000
102  -0.582268 0.000000 0.000002  -0.000000 0.000000 -0.000000
103  5.969324 20.835573 -6.170671  -0.000000 -0.000001 -1.570796
104  -1.310210 0.000000 0.000002  -0.000000 0.000000 -0.000000
105  -0.582257 -0.000001 0.000003  -0.000000 0.000000 -0.000000
106  5.969323 26.771215 -6.170671  -0.000000 -0.000001 -1.570796
107  5.969323 32.597599 -6.170675  -0.000000 -0.000001 -1.570796
108  5.969323 38.209396 -6.170685  -0.000000 -0.000001 -1.570800
109  5.969322 49.488472 -6.170683  -0.000000 -0.000001 -1.570800
110  -0.539090 -0.556807 -0.017363  -0.042462 2.681156 1.551919
111  -6.799123 -0.556799 0.818550  -0.272420 2.701993 1.452460
112  -4.615283 -0.556821 0.270328  -0.117230 2.684609 1.518878
113  -2.650969 -0.556802 0.063010  -0.042463 2.681158 1.551919
114  27.110336 1.284860 12.007548  -0.000000 -0.000000 -0.000000
115  28.133425 1.284854 12.007547  0.000001 -0.000000 -0.000000
116  12.812887 2.241787 12.007549  0.000000 -0.000001 -0.000001
117  -9.955967 -0.319621 4.380215  -0.000001 -0.000000 -0.000001
118  -11.316472 -0.319621 4.380215  -0.000003 -0.000000 -0.000000
119  -12.667810 -0.319625 4.380215  -0.000003 -0.000000 0.000001
120  -14.022141 -0.319618 4.380215  0.000010 -0.000000 -0.000011
121  -15.373240 -0.319617 4.380214  0.000015 -0.000000 -0.000015
122  -16.724144 -0.319620 4.380214  -0.000009 -0.000000 0.000006
123  -18.074574 -0.319620 4.380214  -0.000006 0.000000 0.000004
124  -19.423719 -0.319619 4.380214  0.000002 0.000000 -0.000004
125  -20.775272 -0.319619 4.380214  0.000003 0.000000 -0.000004
126  -22.126673 -0.319624 4.380215  0.000003 0.000000 -0.000004
127  -23.478125 -0.319614 4.380215  0.000005 0.000000 -0.000006
128  -24.830622 -0.319617 4.380215  0.000036 0.000000 -0.000038
129  -26.182030 -0.319622 4.380215  -0.000011 0.000000 0.000011
130  0.529180 -0.167129 0.629484  -0.101270 -0.000000 0.000000
131  -0.211444 -0.241682 0.155361  -0.145847 -0.000000 0.000000
132  0.529190 -0.280695 -0.110293  -0.145847 -0.000000 0.000000
133  -0.173927 -0.337324 -0.638496  -0.181751 -0.000000 0.000000
134  0.529189 -0.399238 -0.975394  -0.181751 -0.000000 0.000000
135  -0.211444 -0.464478 -1.431042  -0.192399 -0.000000 0.000000
136  0.529189 -0.515803 -1.694584  -0.192400 -0.000000 0.000000
137  -0.173928 -0.612145 -2.231911  -0.216703 -0.000000 0.000000
138  0.529188 -0.685808 -2.566440  -0.216703 -0.000000 0.000000
139  -0.211445 -0.769563 -3.027871  -0.237349 -0.000000 0.000000
140  0.529188 -0.832684 -3.288847  -0.237349 -0.000000 0.000000
141  -0.173937 -0.945282 -3.779564  -0.233859 0.000000 0.000000
142  0.529179 -1.024651 -4.112781  -0.233859 0.000000 0.000000
143  -0.211443 -1.132183 -4.577548  -0.262919 -0.000000 0.000000
144  0.529190 -1.201966 -4.836825  -0.262919 0.000000 0.000000
145  -0.000004 -2.810940 -10.636630  0.258454 0.000000 3.141592
146  -0.192455 -1.345773 -5.370046  -0.280373 0.000000 0.000000
147  0.533984 -1.413506 -5.605106  -0.276883 0.000000 0.000000
148  -0.206618 -1.795752 -6.909779  -0.287354 0.000000 0.000000
149  -0.205805 -1.564805 -6.138257  -0.290843 0.000000 0.000000
150  0.530460 -1.643674 -6.395215  -0.290844 0.000000 0.000000
151  0.535311 -1.790706 -7.204133  -0.287354 -0.000000 0.000000
152  -0.202703 -2.030479 -7.702830  -0.286180 -0.000000 0.000000
153  0.509548 -2.118890 -8.011624  -0.298398 -0.000000 0.000000
154  -0.202703 -2.255273 -8.465172  -0.283134 -0.000000 0.000000
155  0.509548 -2.352975 -8.771158  -0.295352 -0.000000 0.000000
156  -0.202704 -2.481591 -9.235471  -0.285437 -0.000000 0.000000
157  0.509547 -2.588678 -9.538639  -0.297654 -0.000000 0.000000
158  0.170123 -21.222090 -1.001140  -0.000001 -0.000001 0.000000
159  0.170123 -20.843864 -0.397183  -0.000001 -0.000001 0.000000
160  0.170123 -20.489738 -1.001141  -0.000001 -0.000001 0.000000
161  0.170124 -20.111063 -0.397183  -0.000001 -0.000001 0.000000
162  0.170123 -19.380083 -0.397187  -0.000001 -0.000001 0.000000
163  0.170123 -19.025101 -1.001146  -0.000001 -0.000001 0.000000
164  0.170123 -18.646658 -0.396448  -0.000001 -0.000001 0.000000
165  0.170124 -19.755753 -1.001142  -0.000001 -0.000001 0.000000
166  -0.015973 10.612518 2.686017  0.000001 0.000000 -0.000000
167  0.059851 -50.160706 6.449381  1.570797 0.000000 -1.570797
168  0.064652 27.351292 72.195206  0.000000 -0.000000 -0.000001
169  6.064260 95.114021 31.645502  0.000000 -0.000001 1.570796
170  0.054185 102.845650 29.795364  -0.000000 0.000001 -1.570796
171  6.064257 69.096565 37.164318  1.570796 -0.000000 1.570796
172  1.974303 11.989234 4.589251  0.000000 0.000000 0.000000
173  -0.011481 23.944748 5.090362  0.000001 0.000000 0.000000
174  -1.691251 8.833343 5.763507  0.000001 0.000000 0.000000
175  6.064260 89.329811 31.613918  0.000000 -0.000001 1.570796
176  0.059886 2.255335 54.398014  0.000000 0.000000 0.000000
177  0.003497 -22.270647 0.000146  1.570797 0.000000 -1.570797
178  0.104010 15.380372 2.266153  0.000001 0.000000 -0.000000
179  0.834114 1.406864 -0.467396  -0.094806 -0.049797 0.039040
180  -3.255359 24.458078 -23.114338  0.181523 0.048807 -1.277059
181  -2.662412 1.445758 33.628746  -0.000000 3.141591 1.570796
182  8.352066 2.772896 0.000538  -3.141589 0.000002 -0.000000
183  -2.662412 1.445755 40.667957  -0.000000 3.141591 1.570796
184  8.352066 2.772896 0.000539  -3.141589 0.000002 -0.000000
185  -1.431356 16.384779 4.137812  0.000001 0.000000 0.000000
186  -0.001844 0.521683 -0.140289  0.000000 0.000000 -0.000000
187  7.323109 -5.136191 -5.166237  -0.000000 0.000000 -0.610865
188  2.698277 -0.000002 0.000000  -0.000012 0.000000 0.000000
189  2.834158 -0.000002 -0.000001  0.000013 0.000000 0.000000
190  2.648920 0.000000 0.000001  -0.000001 -0.000001 0.000000
191  2.667499 -0.000001 -0.000000  0.000000 0.000000 -0.000000
192  2.426704 -0.000002 0.000001  0.000000 0.000000 -0.000000
193  -0.494744 -44.353455 -1.302299  1.570797 0.000000 -1.570797
194  11.545938 73.768417 -3.792010  0.000000 0.000000 0.000000
195  -0.011102 -16.902815 1.952047  0.000001 0.000000 -0.000000
196  0.000000 -0.000000 -1.529052  -0.000000 0.000000 -0.000000
197  -0.078942 -0.000003 0.000000  0.000000 0.000001 1.570796
198  0.097092 -0.000001 -0.000000  -0.000000 -3.141592 1.570796
199  0.000000 0.000000 0.000000  0.000000 -0.000000 -0.000000
200  -1.889717 0.483883 1.770214  -0.005954 0.095567 -0.019717
201  -0.394464 0.459229 0.993637  -0.112466 0.135360 -0.038024
time 13
0  0 0 0  0 0 0
1  0.000000 0.000000 0.000000  0.000000 -0.000000 -0.000000
2  -0.000005 0.000023 -61.375507  0.000000 0.000000 -1.570795
3  -0.012872 0.000000 8.235020  -1.570799 -1.570796 0.000000
4  16.163128 -0.012870 -0.000002  -0.000000 -0.000000 0.000000
5  16.163143 -0.000009 3.830524  -3.089336 -1.570794 0.000000
6  -0.000031 -0.000001 -0.000000  -0.102101 -0.077774 -0.024099
7  -0.000003 -0.000007 0.000002  0.000000 0.000000 0.011048
8  -0.000000 0.000001 0.000002  -0.004944 -0.000000 -0.000000
9  0.000001 0.000001 -0.000000  -0.009949 -0.000000 -0.000000
10  -0.000002 0.000001 0.000000  -0.014893 -0.000000 -0.000000
11  -0.000000 0.000001 0.000002  -0.019898 0.000000 -0.000000
12  -0.000002 0.000000 0.000000  -0.024843 -0.000000 -0.000000
13  -0.000004 -0.000001 0.000000  -0.029848 -0.000000 -0.000000
14  -0.000004 -0.000001 0.000000  -0.034793 -0.000000 -0.000000
15  -0.000000 0.000002 0.000002  -0.028830 -0.224486 -0.096062
16  -0.000005 -0.000001 -0.000001  0.005505 -0.008599 -0.002831
17  -0.000003 -0.000000 0.000002  -0.000366 0.000001 0.005554
18  -0.000003 0.000000 0.000003  -0.000366 0.000123 0.005554
19  0.000001 0.000001 -0.000005  0.016104 0.000570 -0.070754
20  -0.000001 0.000001 -0.000002  -0.000000 -0.000000 -0.072589
21  -0.000000 0.000000 0.000001  0.000000 -0.000000 -0.072589
22  -0.000004 0.000001 -0.000005  0.007637 0.001619 -0.072156
23  -0.000001 -0.000001 0.000002  -0.000000 0.000000 -0.072589
24  -0.000001 -0.000001 0.000003  -0.000000 -0.000000 -0.072589
25  0.000001 0.000001 -0.000005  0.013731 0.002016 -0.071172
26  -0.000002 0.000001 0.000003  -0.000000 0.000000 -0.072589
27  -0.000000 -0.000000 -0.000001  0.000000 -0.000001 -0.072589
28  0.000002 0.000000 0.000001  -0.004485 0.004113 -0.072293
29  0.000001 0.000001 0.000003  -0.000000 0.000000 -0.072589
30  -0.000000 -0.000000 0.000003  0.000000 -0.000000 -0.072589
31  16.163136 0.000012 -3.830531  -3.098550 1.570794 0.000000
32  -0.000018 -0.000001 0.000001  0.057504 -0.064603 0.012316
33  -0.000000 0.000001 -0.000001  0.000000 -0.000000 0.031863
34  0.000001 -0.000000 -0.000000  0.000549 0.000000 -0.000000
35  -0.000002 -0.000003 0.000000  0.001160 0.000000 0.000000
36  -0.000003 -0.000001 0.000000  0.001770 0.000000 0.000000
37  0.000000 -0.000000 0.000000  0.002380 0.000000 0.000000
38  -0.000005 0.000000 0.000000  0.002991 0.000000 -0.000000
39  -0.000005 -0.000000 0.000000  0.003601 -0.000000 -0.000000
40  -0.000004 -0.000002 0.000000  0.004150 0.000000 0.000000
41  -0.000006 -0.000005 -0.000001  0.002372 -0.145561 -0.029182
42  1.410069 0.800525 2.089137  -2.009768 -0.630254 0.591907
43  3.954716 0.000011 0.000005  -0.000000 -0.000002 0.166319
44  3.101557 -0.000008 0.000003  -0.000001 -0.000000 0.240238
45  7.183348 -0.532110 3.267603  -0.123210 -0.020355 -0.052486
46  3.511602 -0.000001 0.000002  0.000003 0.000001 0.099571
47  2.199404 0.000004 0.000000  -0.000001 -0.000001 0.029267
48  7.145096 -0.676362 1.382419  -0.086920 0.009133 -0.085505
49  3.672219 -0.000002 -0.000001  0.000001 -0.000000 0.142941
50  2.676518 -0.000003 -0.000000  -0.000001 -0.000001 -0.026075
51  6.831176 -0.870879 -0.599927  -0.130311 0.006346 -0.065012
52  3.657078 -0.000002 -0.000004  -0.000000 0.000001 0.057734
53  2.496792 0.000001 0.000004  0.000000 -0.000001 -0.091108
54  6.164467 -0.898158 -2.575027  -0.090704 0.013515 -0.151468
55  2.805848 -0.000003 0.000001  -0.000002 -0.000001 0.079091
56  2.307435 0.000000 -0.000004  0.000002 0.000001 -0.056419
57  0.000000 0.000000 -0.000000  -0.005802 0.023072 -0.000250
58  -1.111914 0.265694 1.900031  -0.023368 0.109771 -0.019196
59  0.071249 114.357040 62.238792  0.000000 -0.000000 -0.000000
60  1.986524 0.000023 -3.123740  -2.705260 -0.000000 -1.570797
61  -1.986692 0.000022 -3.123747  0.436333 0.000001 1.570797
62  0.000000 0.000002 -0.000007  0.000000 -0.000000 0.000000
63  -1.986692 0.000014 -3.123743  0.436333 0.000001 1.570797
64  -11.344162 1.135889 0.869282  0.000002 -0.025019 -0.026324
65  1.986524 0.000015 -3.123739  -2.705260 -0.000000 -1.570797
66  -11.350068 -0.729423 0.864881  0.000197 -0.025367 0.026442
67  1.754237 4.036752 -1.682673  0.392575 -0.010120 -1.546362
68  -1.755139 4.036755 -1.682672  -0.392577 -0.010391 -1.594986
69  -0.164556 7.327704 3.928703  0.000000 0.000001 -1.570796
70  0.079082 36.742691 -0.508023  0.000001 -0.000000 -0.000000
71  -1.260173 8.777410 6.736405  -0.000002 -0.424415 -3.141592
72  1.525193 18.283598 2.968621  0.000000 -0.000000 -0.000000
73  0.060215 10.324389 74.469063  0.000008 -0.000000 0.000000
74  0.062809 75.918015 83.075439  1.570797 0.000000 -1.570796
75  4.804186 -3.971738 -0.000000  -0.000000 0.000000 -0.000000
76  -7.041566 -5.025989 0.000002  -0.000000 -0.000000 -0.000000
77  8.407179 -3.978428 0.003056  -1.570796 1.570795 0.000000
78  10.376192 -3.978439 0.003055  -1.570796 1.570796 0.000000
79  10.194019 -0.314058 -1.749549  -1.570796 1.570796 0.000000
80  20.857889 -4.015558 0.000003  0.000000 -0.000000 -0.000000
81  3.258437 5.856956 -3.403524  -0.000000 -0.000000 -0.000000
82  15.153048 5.860580 -3.403520  -0.000000 -0.000000 -0.000000
83  6.064257 77.294960 36.365795  1.570796 -0.000000 1.570796
84  -2.662411 1.445755 40.667957  0.000000 3.141591 1.570796
85  8.352065 2.772896 0.000542  -3.141589 0.000002 -0.000000
86  6.064256 72.973701 32.593254  1.570796 -0.000000 1.570796
87  0.004365 73.768417 -3.792008  0.000000 -0.000000 0.000000
88  -0.442609 1.284883 8.535290  0.000000 -0.000001 0.000000
89  0.000001 1.310206 -0.000001  0.000000 -0.000000 0.000000
90  0.000001 0.582256 -0.000000  0.000000 -0.000000 0.000000
91  0.036298 1.284886 7.928798  0.000000 -0.000001 0.000000
92  0.000001 1.310209 -0.000001  0.000000 -0.000000 0.000000
93  0.000000 0.582259 -0.000000  0.000000 -0.000000 0.000000
94  5.969323 3.427460 -6.170650  -0.000000 -0.000001 -1.570797
95  -1.310212 0.000000 0.000002  0.000000 0.000000 -0.000000
96  -0.582262 -0.000001 0.000002  0.000000 0.000000 -0.000000
97  5.969323 9.397396 -6.170658  -0.000000 -0.000001 -1.570796
98  -1.310214 -0.000001 0.000001  0.000000 0.000000 -0.000000
99  -0.582264 -0.000002 -0.000000  0.000000 0.000000 -0.000000
100  5.969322 15.223767 -6.170669  0.000000 -0.000001 -1.570796
101  -1.310215 0.000002 0.000001  -0.000000 0.000000 -0.000000
102  -0.582265 0.000001 0.000000  -0.000000 0.000000 -0.000000
103  5.969324 20.835564 -6.170671  0.000000 -0.000001 -1.570796
104  -1.310210 0.000001 0.000002  -0.000000 0.000000 -0.000000
105  -0.582259 0.000000 0.000004  -0.000000 0.000000 -0.000000
106  5.969324 26.771208 -6.170671  0.000000 -0.000001 -1.570796
107  5.969323 32.597603 -6.170674  0.000000 -0.000001 -1.570796
108  5.969324 38.209404 -6.170685  0.000000 -0.000001 -1.570800
109  5.969322 49.488468 -6.170683  0.000000 -0.000001 -1.570800
110  -0.539090 -0.556806 -0.017363  -0.042462 2.681156 1.551919
111  -6.799123 -0.556805 0.818550  -0.272420 2.701993 1.452460
112  -4.615282 -0.556820 0.270328  -0.117230 2.684609 1.518878
113  -2.650969 -0.556806 0.063010  -0.042463 2.681158 1.551919
114  27.110338 1.284859 12.007547  0.000000 -0.000000 0.000000
115  28.133429 1.284863 12.007547  0.000001 -0.000000 0.000000
116  12.812887 2.241786 12.007549  0.000000 -0.000001 -0.000001
117  -9.955968 -0.319626 4.380214  -0.000001 -0.000000 -0.000001
118  -11.316473 -0.319625 4.380214  -0.000003 -0.000000 0.000000
119  -12.667810 -0.319625 4.380214  -0.000003 -0.000000 0.000001
120  -14.022141 -0.319622 4.380215  0.000010 -0.000000 -0.000011
121  -15.373240 -0.319617 4.380213  0.000015 -0.000000 -0.000015
122  -16.724142 -0.319624 4.380214  -0.000009 -0.000000 0.000006
123  -18.074572 -0.319622 4.380214  -0.000006 -0.000000 0.000004
124  -19.423716 -0.319618 4.380214  0.000002 0.000000 -0.000004
125  -20.775272 -0.319622 4.380214  0.000003 0.000000 -0.000004
126  -22.126671 -0.319616 4.380214  0.000003 -0.000000 -0.000004
127  -23.478125 -0.319626 4.380214  0.000005 -0.000000 -0.000006
128  -24.830620 -0.319618 4.380214  0.000036 -0.000000 -0.000038
129  -26.182028 -0.319619 4.380214  -0.000011 0.000000 0.000011
130  0.529180 -0.167124 0.629484  -0.101270 -0.000000 0.000000
131  -0.211444 -0.241677 0.155361  -0.145847 -0.000000 0.000000
132  0.529190 -0.280692 -0.110292  -0.145847 -0.000000 0.000000
133  -0.173927 -0.337321 -0.638496  -0.181751 -0.000000 0.000000
134  0.529189 -0.399246 -0.975393  -0.181751 -0.000000 0.000000
135  -0.211444 -0.464471 -1.431042  -0.192399 -0.000000 0.000000
136  0.529189 -0.515810 -1.694583  -0.192399 -0.000000 0.000000
137  -0.173928 -0.612148 -2.231910  -0.216703 -0.000000 0.000000
138  0.529188 -0.685806 -2.566440  -0.216703 -0.000000 0.000000
139  -0.211445 -0.769555 -3.027871  -0.237349 -0.000000 0.000000
140  0.529188 -0.832684 -3.288847  -0.237349 -0.000000 0.000000
141  -0.173937 -0.945277 -3.779564  -0.233859 0.000000 0.000000
142  0.529179 -1.024651 -4.112779  -0.233859 0.000000 0.000000
143  -0.211443 -1.132182 -4.577548  -0.262919 -0.000000 0.000000
144  0.529190 -1.201960 -4.836824  -0.262919 0.000000 0.000000
145  -0.000005 -2.810933 -10.636629  0.258454 0.000000 3.141592
146  -0.192455 -1.345782 -5.370045  -0.280373 0.000000 0.000000
147  0.533984 -1.413513 -5.605104  -0.276883 0.000000 0.000000
148  -0.206618 -1.795755 -6.909779  -0.287354 0.000000 0.000000
149  -0.205804 -1.564815 -6.138257  -0.290843 0.000000 0.000000
150  0.530460 -1.643674 -6.395215  -0.290844 0.000000 0.000000
151  0.535312 -1.790704 -7.204134  -0.287354 -0.000000 0.000000
152  -0.202703 -2.030484 -7.702830  -0.286180 -0.000000 0.000000
153  0.509548 -2.118892 -8.011624  -0.298398 -0.000000 0.000000
154  -0.202703 -2.255274 -8.465172  -0.283134 -0.000000 0.000000
155  0.509548 -2.352973 -8.771159  -0.295352 -0.000000 0.000000
156  -0.202704 -2.481597 -9.235471  -0.285437 -0.000000 0.000000
157  0.509547 -2.588680 -9.538637  -0.297654 -0.000000 0.000000
158  0.170123 -21.222094 -1.001140  -0.000001 -0.000001 0.000000
159  0.170123 -20.843870 -0.397183  -0.000001 -0.000001 0.000000
160  0.170123 -20.489746 -1.001141  -0.000001 -0.000001 0.000000
161  0.170124 -20.111071 -0.397183  -0.000001 -0.000001 0.000000
162  0.170123 -19.380089 -0.397186  -0.000001 -0.000001 0.000000
163  0.170123 -19.025112 -1.001145  -0.000001 -0.000001 0.000000
164  0.170123 -18.646658 -0.396447  -0.000001 -0.000001 0.000000
165  0.170124 -19.755760 -1.001142  -0.000001 -0.000001 0.000000
166  -0.015973 10.612519 2.686017  0.000001 -0.000000 -0.000000
167  0.059851 -50.160702 6.449380  1.570797 0.000000 -1.570797
168  0.064654 27.351292 72.195198  0.000000 -0.000000 -0.000001
169  6.064261 95.114021 31.645500  -0.000000 -0.000001 1.570796
170  0.054186 102.845642 29.795362  0.000000 0.000001 -1.570796
171  6.064256 69.096565 37.164318  1.570796 -0.000000 1.570796
172  1.974303 11.989234 4.589250  0.000000 -0.000000 -0.000000
173  -0.011481 23.944746 5.090361  0.000001 -0.000000 0.000000
174  -1.691251 8.833343 5.763507  0.000001 -0.000000 -0.000000
175  6.064261 89.329803 31.613914  -0.000000 -0.000001 1.570796
176  0.059886 2.255335 54.398014  0.000000 -0.000000 0.000000
177  0.003496 -22.270647 0.000143  1.570797 0.000000 -1.570797
178  0.104010 15.380371 2.266152  0.000001 -0.000000 -0.000000
179  0.770248 1.653379 -0.401536  -0.093146 -0.045570 0.031952
180  -3.255359 24.458080 -23.114336  0.181523 0.048807 -1.277059
181  -2.662412 1.445758 33.628742  0.000000 3.141591 1.570796
182  8.352065 2.772897 0.000537  -3.141589 0.000002 -0.000000
183  -2.662411 1.445755 40.667957  0.000000 3.141591 1.570796
184  8.352065 2.772896 0.000542  -3.141589 0.000002 -0.000000
185  -1.431356 16.384781 4.137811  0.000001 -0.000000 0.000000
186  -0.001844 0.521683 -0.140289  0.000000 -0.000000 -0.000000
187  7.323110 -5.136192 -5.166237  -0.000000 0.000000 -0.610865
188  2.698278 -0.000001 0.000000  -0.000012 0.000000 0.000001
189  2.834158 -0.000002 0.000000  0.000013 0.000000 0.000000
190  2.648919 -0.000001 0.000001  -0.000001 -0.000001 0.000000
191  2.667497 -0.000001 -0.000001  0.000000 0.000000 0.000000
192  2.426699 -0.000001 0.000000  0.000000 0.000000 -0.000000
193  -0.494744 -44.353455 -1.302299  1.570797 0.000000 -1.570797
194  11.545938 73.768417 -3.792009  0.000000 -0.000000 -0.000000
195  -0.011102 -16.902813 1.952047  0.000001 -0.000000 -0.000000
196  0.000000 -0.000001 -1.529052  -0.000000 -0.000000 -0.000000
197  -0.078942 0.000001 -0.000000  0.000000 0.000001 1.570796
198  0.097092 -0.000000 -0.000000  -0.000000 -3.141592 1.570796
199  0.000000 0.000000 0.000000  0.000000 -0.000000 -0.000000
200  -2.011776 0.114953 2.090231  -0.023368 0.109771 -0.019196
201  -0.416140 0.296414 1.314691  -0.123488 0.150966 -0.041917
time 14
0  0 0 0  0 0 0
1  0.000000 0.000000 0.000000  0.000000 -0.000000 -0.000000
2  -0.000005 0.000023 -61.375507  0.000000 0.000000 -1.570795
3  -0.012872 0.000000 8.235020  -1.570799 -1.570796 0.000000
4  16.163128 -0.012870 -0.000002  -0.000000 -0.000000 0.000000
5  16.163143 -0.000009 3.830524  -3.089336 -1.570794 0.000000
6  -0.000031 -0.000001 -0.000000  -0.109554 -0.072085 -0.027732
7  -0.000001 -0.000006 0.000002  0.000000 0.000000 0.019899
8  0.000000 0.000000 0.000002  -0.005188 -0.000000 -0.000000
9  0.000002 0.000001 0.000002  -0.010376 -0.000000 -0.000000
10  -0.000002 0.000001 0.000001  -0.015565 -0.000000 -0.000000
11  -0.000001 0.000000 0.000004  -0.020753 0.000000 -0.000000
12  -0.000002 0.000000 0.000001  -0.025941 -0.000000 -0.000000
13  -0.000002 -0.000001 0.000001  -0.031130 -0.000000 -0.000000
14  -0.000002 -0.000001 0.000001  -0.036319 -0.000000 -0.000000
15  -0.000002 0.000001 0.000003  -0.028696 -0.232263 -0.106839
16  -0.000005 -0.000001 -0.000002  0.003484 -0.005430 -0.001780
17  -0.000002 0.000000 0.000005  -0.000061 0.000000 0.001282
18  -0.000003 0.000000 0.000004  -0.000061 0.000000 0.001282
19  0.000002 0.000002 -0.000004  0.020975 0.000968 -0.092255
20  0.000000 0.000001 0.000001  0.000000 -0.000000 -0.094643
21  -0.000000 -0.000000 0.000000  -0.000000 0.000000 -0.094642
22  -0.000005 0.000001 -0.000006  0.009916 0.002239 -0.094083
23  -0.000001 -0.000000 0.000000  -0.000000 0.000000 -0.094643
24  0.000000 -0.000001 0.000001  -0.000000 0.000000 -0.094643
25  0.000002 0.000002 -0.000006  0.017893 0.002848 -0.092849
26  -0.000000 0.000001 -0.000002  -0.000000 0.000001 -0.094643
27  -0.000000 -0.000000 -0.000002  0.000000 -0.000000 -0.094643
28  0.000000 0.000001 -0.000004  -0.005932 0.005281 -0.094293
29  0.000001 0.000001 0.000002  -0.000000 -0.000000 -0.094643
30  -0.000000 -0.000000 0.000000  0.000000 -0.000000 -0.094643
31  16.163136 0.000012 -3.830531  -3.098550 1.570794 0.000000
32  -0.000018 -0.000001 0.000001  0.061663 -0.070124 0.006147
33  -0.000003 0.000001 -0.000001  0.000000 -0.000000 0.048590
34  0.000000 0.000000 0.000000  0.000122 0.000000 -0.000000
35  -0.000002 -0.000002 0.000001  0.000244 0.000000 0.000000
36  -0.000002 -0.000001 0.000000  0.000427 0.000000 0.000000
37  -0.000000 -0.000000 0.000000  0.000549 -0.000000 0.000000
38  -0.000005 0.000000 -0.000001  0.000671 -0.000000 -0.000000
39  -0.000005 0.000000 0.000000  0.000855 -0.000000 -0.000000
40  -0.000002 -0.000002 0.000000  0.000976 0.000000 0.000000
41  -0.000008 -0.000004 -0.000003  -0.001092 -0.150666 -0.047176
42  1.410069 0.800524 2.089138  -2.009768 -0.630254 0.591907
43  3.954719 0.000012 0.000004  -0.000000 -0.000002 0.166319
44  3.101559 -0.000009 0.000003  -0.000001 -0.000000 0.240238
45  7.183347 -0.532110 3.267604  -0.123210 -0.020355 -0.052486
46  3.511602 -0.000001 0.000001  0.000003 0.000001 0.099571
47  2.199403 0.000004 -0.000002  -0.000001 -0.000001 0.029267
48  7.145095 -0.676363 1.382421  -0.086920 0.009133 -0.085505
49  3.672221 -0.000002 -0.000003  0.000001 -0.000000 0.142941
50  2.676517 -0.000003 0.000000  -0.000001 -0.000001 -0.026075
51  6.831177 -0.870879 -0.599925  -0.130311 0.006346 -0.065012
52  3.657079 -0.000002 -0.000003  -0.000000 0.000001 0.057734
53  2.496792 0.000001 0.000005  0.000000 -0.000001 -0.091108
54  6.164467 -0.898158 -2.575026  -0.090704 0.013515 -0.151468
55  2.805848 -0.000004 0.000001  -0.000002 -0.000001 0.079091
56  2.307435 -0.000000 -0.000001  0.000002 0.000001 -0.056419
57  0.000000 0.000000 -0.000000  -0.008987 0.020808 -0.001375
58  -1.105373 0.137276 2.111325  -0.033730 0.116278 -0.019575
59  0.071249 114.357018 62.238785  0.000000 0.000000 -0.000000
60  1.986525 0.000021 -3.123741  -2.705260 -0.000000 -1.570797
61  -1.986692 0.000024 -3.123747  0.436333 0.000001 1.570797
62  -0.000000 0.000001 -0.000006  0.000000 0.000000 0.000000
63  -1.986692 0.000015 -3.123735  0.436333 0.000001 1.570797
64  -11.344168 1.135887 0.869279  0.000002 -0.025019 -0.026324
65  1.986525 0.000012 -3.123732  -2.705260 -0.000000 -1.570797
66  -11.350064 -0.729424 0.864889  0.000197 -0.025367 0.026442
67  1.754236 4.036755 -1.682663  0.392575 -0.010120 -1.546362
68  -1.755139 4.036759 -1.682664  -0.392577 -0.010391 -1.594986
69  -0.164556 7.327703 3.928702  -0.000000 0.000001 -1.570796
70  0.079082 36.742687 -0.508023  0.000001 0.000000 -0.000000
71  -1.260174 8.777409 6.736406  -0.000002 -0.424416 -3.141592
72  1.525193 18.283594 2.968621  0.000000 0.000000 -0.000000
73  0.060217 10.324388 74.469055  0.000008 0.000000 0.000000
74  0.062808 75.917999 83.075439  1.570797 -0.000000 -1.570796
75  4.804187 -3.971743 0.000001  -0.000000 0.000000 -0.000000
76  -7.041568 -5.025988 0.000002  -0.000000 -0.000000 -0.000000
77  8.407174 -3.978439 0.003055  -1.570796 1.570795 0.000000
78  10.376189 -3.978443 0.003056  -1.570796 1.570796 0.000000
79  10.194011 -0.314059 -1.749548  -1.570796 1.570796 0.000000
80  20.857885 -4.015559 0.000004  0.000000 -0.000000 -0.000000
81  3.258439 5.856956 -3.403523  -0.000000 -0.000000 -0.000000
82  15.153050 5.860588 -3.403521  -0.000000 -0.000000 -0.000000
83  6.064256 77.294945 36.365795  1.570796 0.000000 1.570796
84  -2.662411 1.445755 40.667957  -0.000000 3.141591 1.570796
85  8.352065 2.772896 0.000543  -3.141589 0.000002 -0.000000
86  6.064256 72.973686 32.593246  1.570796 0.000000 1.570796
87  0.004365 73.768417 -3.792007  0.000000 0.000000 0.000000
88  -0.442609 1.284889 8.535290  -0.000000 -0.000001 0.000000
89  0.000001 1.310209 -0.000000  0.000000 0.000000 0.000000
90  0.000001 0.582255 0.000001  0.000000 0.000000 0.000000
91  0.036297 1.284887 7.928799  -0.000000 -0.000001 0.000000
92  0.000001 1.310207 -0.000000  0.000000 0.000000 0.000000
93  0.000000 0.582252 0.000000  0.000000 0.000000 0.000000
94  5.969323 3.427462 -6.170651  -0.000000 -0.000001 -1.570797
95  -1.310203 0.000000 0.000001  0.000000 -0.000000 -0.000000
96  -0.582256 -0.000000 -0.000001  0.000000 -0.000000 -0.000000
97  5.969322 9.397399 -6.170660  -0.000000 -0.000001 -1.570796
98  -1.310214 -0.000001 0.000000  0.000000 0.000000 -0.000000
99  -0.582260 -0.000001 -0.000001  0.000000 0.000000 -0.000000
100  5.969321 15.223768 -6.170672  -0.000000 -0.000001 -1.570796
101  -1.310214 0.000002 0.000002  -0.000000 0.000000 -0.000000
102  -0.582259 0.000001 0.000001  -0.000000 0.000000 -0.000000
103  5.969322 20.835573 -6.170671  -0.000000 -0.000001 -1.570796
104  -1.310217 0.000001 0.000001  -0.000000 0.000000 -0.000000
105  -0.582270 0.000001 0.000003  -0.000000 0.000000 -0.000000
106  5.969323 26.771208 -6.170673  -0.000000 -0.000001 -1.570796
107  5.969322 32.597591 -6.170675  -0.000000 -0.000001 -1.570796
108  5.969323 38.209396 -6.170687  -0.000000 -0.000001 -1.570800
109  5.969322 49.488472 -6.170684  -0.000000 -0.000001 -1.570800
110  -0.539090 -0.556806 -0.017363  -0.042462 2.681156 1.551919
111  -6.799123 -0.556805 0.818549  -0.272420 2.701993 1.452460
112  -4.615283 -0.556819 0.270328  -0.117230 2.684609 1.518878
113  -2.650969 -0.556804 0.063010  -0.042463 2.681158 1.551919
114  27.110338 1.284859 12.007549  -0.000000 -0.000000 -0.000000
115  28.133427 1.284861 12.007547  0.000001 -0.000000 -0.000000
116  12.812887 2.241791 12.007549  -0.000000 -0.000001 -0.000001
117  -9.955967 -0.319622 4.380214  -0.000001 -0.000000 -0.000001
118  -11.316473 -0.319618 4.380215  -0.000003 -0.000000 -0.000000
119  -12.667810 -0.319618 4.380215  -0.000003 -0.000000 0.000001
120  -14.022141 -0.319616 4.380215  0.000010 -0.000000 -0.000011
121  -15.373240 -0.319620 4.380214  0.000015 -0.000000 -0.000015
122  -16.724142 -0.319619 4.380215  -0.000009 -0.000000 0.000006
123  -18.074572 -0.319618 4.380214  -0.000006 0.000000 0.000004
124  -19.423716 -0.319622 4.380215  0.000002 0.000000 -0.000004
125  -20.775270 -0.319619 4.380215  0.000003 0.000000 -0.000004
126  -22.126671 -0.319613 4.380215  0.000003 0.000000 -0.000004
127  -23.478123 -0.319616 4.380216  0.000005 0.000000 -0.000006
128  -24.830620 -0.319616 4.380216  0.000036 0.000000 -0.000038
129  -26.182028 -0.319611 4.380215  -0.000011 0.000000 0.000011
130  0.529179 -0.167122 0.629484  -0.101270 -0.000000 0.000000
131  -0.211444 -0.241686 0.155361  -0.145847 -0.000000 0.000000
132  0.529190 -0.280701 -0.110293  -0.145847 -0.000000 0.000000
133  -0.173927 -0.337326 -0.638496  -0.181751 -0.000000 0.000000
134  0.529189 -0.399246 -0.975394  -0.181751 -0.000000 0.000000
135  -0.211444 -0.464483 -1.431043  -0.192399 -0.000000 0.000000
136  0.529189 -0.515804 -1.694583  -0.192400 -0.000000 0.000000
137  -0.173928 -0.612151 -2.231912  -0.216703 -0.000000 0.000000
138  0.529188 -0.685803 -2.566441  -0.216703 -0.000000 0.000000
139  -0.211445 -0.769561 -3.027870  -0.237349 -0.000000 0.000000
140  0.529188 -0.832682 -3.288848  -0.237349 -0.000000 0.000000
141  -0.173937 -0.945279 -3.779565  -0.233859 0.000000 0.000000
142  0.529179 -1.024657 -4.112780  -0.233859 0.000000 0.000000
143  -0.211443 -1.132184 -4.577548  -0.262919 -0.000000 0.000000
144  0.529190 -1.201967 -4.836825  -0.262919 0.000000 0.000000
145  -0.000005 -2.810938 -10.636630  0.258454 0.000000 3.141592
146  -0.192455 -1.345781 -5.370046  -0.280373 0.000000 0.000000
147  0.533984 -1.413515 -5.605105  -0.276883 0.000000 0.000000
148  -0.206618 -1.795751 -6.909779  -0.287354 0.000000 0.000000
149  -0.205805 -1.564813 -6.138258  -0.290843 0.000000 0.000000
150  0.530459 -1.643669 -6.395215  -0.290844 0.000000 0.000000
151  0.535311 -1.790703 -7.204134  -0.287354 -0.000000 0.000000
152  -0.202703 -2.030480 -7.702830  -0.286180 -0.000000 0.000000
153  0.509548 -2.118891 -8.011625  -0.298398 -0.000000 0.000000
154  -0.202703 -2.255281 -8.465173  -0.283134 -0.000000 0.000000
155  0.509548 -2.352979 -8.771159  -0.295352 -0.000000 0.000000
156  -0.202704 -2.481597 -9.235473  -0.285437 -0.000000 0.000000
157  0.509546 -2.588673 -9.538638  -0.297654 -0.000000 0.000000
158  0.170123 -21.222094 -1.001141  -0.000001 -0.000001 0.000000
159  0.170122 -20.843863 -0.397183  -0.000001 -0.000001 0.000000
160  0.170123 -20.489748 -1.001141  -0.000001 -0.000001 0.000000
161  0.170123 -20.111061 -0.397183  -0.000001 -0.000001 0.000000
162  0.170123 -19.380085 -0.397187  -0.000001 -0.000001 0.000000
163  0.170123 -19.025110 -1.001145  -0.000001 -0.000001 0.000000
164  0.170123 -18.646654 -0.396447  -0.000001 -0.000001 0.000000
165  0.170124 -19.755758 -1.001142  -0.000001 -0.000001 0.000000
166  -0.015973 10.612515 2.686017  0.000001 0.000000 -0.000000
167  0.059851 -50.160694 6.449381  1.570797 -0.000000 -1.570797
168  0.064652 27.351286 72.195206  -0.000000 -0.000000 -0.000001
169  6.064260 95.114006 31.645500  0.000000 -0.000001 1.570796
170  0.054186 102.845627 29.795359  -0.000000 0.000001 -1.570796
171  6.064257 69.096542 37.164310  1.570796 0.000000 1.570796
172  1.974302 11.989231 4.589250  0.000000 0.000000 -0.000000
173  -0.011481 23.944742 5.090361  0.000001 0.000000 0.000000
174  -1.691251 8.833341 5.763507  0.000001 0.000000 -0.000000
175  6.064260 89.329788 31.613916  0.000000 -0.000001 1.570796
176  0.059886 2.255334 54.398006  -0.000000 0.000000 0.000000
177  0.003497 -22.270643 0.000148  1.570797 -0.000000 -1.570797
178  0.104010 15.380368 2.266153  0.000001 0.000000 -0.000000
179  0.729607 1.803555 -0.288495  -0.098340 -0.041840 0.029138
180  -3.255359 24.458075 -23.114336  0.181523 0.048807 -1.277059
181  -2.662412 1.445758 33.628742  -0.000000 3.141591 1.570796
182  8.352066 2.772897 0.000537  -3.141589 0.000002 -0.000000
183  -2.662411 1.445755 40.667957  -0.000000 3.141591 1.570796
184  8.352065 2.772896 0.000543  -3.141589 0.000002 -0.000000
185  -1.431356 16.384777 4.137811  0.000001 0.000000 0.000000
186  -0.001844 0.521683 -0.140289  0.000000 0.000000 -0.000000
187  7.323108 -5.136191 -5.166237  -0.000000 0.000000 -0.610865
188  2.698277 -0.000001 0.000000  -0.000012 0.000000 0.000001
189  2.834161 -0.000001 -0.000000  0.000013 0.000000 0.000000
190  2.648918 -0.000001 0.000000  -0.000001 -0.000001 0.000000
191  2.667498 -0.000002 -0.000000  -0.000000 0.000000 -0.000000
192  2.426700 -0.000002 -0.000000  -0.000000 0.000000 -0.000000
193  -0.494744 -44.353443 -1.302299  1.570797 -0.000000 -1.570797
194  11.545937 73.768417 -3.792009  0.000000 0.000000 -0.000000
195  -0.011103 -16.902809 1.952047  0.000001 0.000000 -0.000000
196  0.000000 0.000000 -1.529052  -0.000000 0.000000 -0.000000
197  -0.078942 0.000000 0.000001  0.000000 0.000001 1.570796
198  0.097092 0.000000 0.000000  -0.000000 -3.141592 1.570796
199  0.000000 0.000000 0.000000  0.000000 -0.000000 -0.000000
200  -2.068113 -0.102950 2.296223  -0.033730 0.116278 -0.019574
201  -0.432617 0.199177 1.612816  -0.133522 0.163632 -0.045707
time 15
0  0 0 0  0 0 0
1  0.000000 0.000000 0.000000  0.000000 -0.000000 -0.000000
2  -0.000005 0.000023 -61.375507  0.000000 0.000000 -1.570795
3  -0.012872 0.000000 8.235020  -1.570799 -1.570796 0.000000
4  16.163128 -0.012870 -0.000002  -0.000000 -0.000000 0.000000
5  16.163143 -0.000009 3.830524  -3.089336 -1.570794 0.000000
6  -0.000031 -0.000001 -0.000000  -0.116119 -0.067110 -0.030846
7  0.000001 -0.000007 0.000002  0.000000 0.000000 0.027223
8  -0.000000 0.000001 0.000000  -0.005310 -0.000000 -0.000000
9  0.000002 0.000001 0.000002  -0.010621 -0.000000 -0.000000
10  -0.000001 0.000000 0.000000  -0.015992 -0.000000 -0.000000
11  -0.000002 0.000000 0.000002  -0.021302 0.000000 -0.000000
12  -0.000002 -0.000000 0.000000  -0.026674 -0.000000 -0.000000
13  -0.000002 -0.000001 -0.000002  -0.031985 -0.000000 -0.000000
14  -0.000004 -0.000001 0.000000  -0.037357 -0.000000 -0.000000
15  -0.000004 0.000002 0.000003  -0.028118 -0.238520 -0.116219
16  -0.000005 -0.000002 0.000000  0.001710 -0.002685 -0.000857
17  -0.000002 0.000000 0.000004  0.000061 0.000000 -0.001526
18  -0.000002 0.000000 0.000001  0.000061 0.000000 -0.001526
19  0.000000 0.000002 -0.000002  0.025049 0.001383 -0.110280
20  0.000000 0.000001 -0.000002  0.000000 -0.000000 -0.113101
21  0.000001 0.000000 -0.000002  0.000000 0.000000 -0.113101
22  -0.000004 0.000000 -0.000000  0.011885 0.002808 -0.112414
23  -0.000002 -0.000000 0.000001  -0.000000 0.000000 -0.113101
24  0.000000 -0.000001 0.000001  -0.000000 -0.000000 -0.113101
25  0.000002 0.000001 -0.000002  0.021378 0.003633 -0.110990
26  -0.000001 0.000001 0.000003  -0.000000 0.000000 -0.113101
27  -0.000001 -0.000001 -0.000001  0.000000 -0.000001 -0.113101
28  0.000001 0.000000 0.000000  -0.007139 0.006261 -0.112758
29  0.000001 0.000001 0.000002  0.000000 -0.000000 -0.113101
30  0.000000 -0.000000 0.000002  0.000000 0.000000 -0.113101
31  16.163136 0.000012 -3.830531  -3.098550 1.570794 0.000000
32  -0.000018 -0.000001 0.000001  0.063455 -0.072692 0.002092
33  -0.000002 0.000001 0.000000  0.000000 -0.000000 0.059093
34  0.000001 0.000000 0.000002  -0.000244 0.000000 -0.000000
35  -0.000001 -0.000002 0.000002  -0.000488 0.000000 0.000000
36  -0.000003 -0.000001 0.000002  -0.000732 0.000000 0.000000
37  0.000001 -0.000001 0.000002  -0.000977 -0.000000 0.000000
38  -0.000005 0.000000 0.000002  -0.001221 0.000000 -0.000000
39  -0.000003 -0.000000 0.000002  -0.001465 -0.000000 -0.000000
40  -0.000002 -0.000002 0.000002  -0.001770 0.000000 0.000000
41  -0.000008 -0.000004 0.000001  -0.004291 -0.151522 -0.058018
42  1.410069 0.800524 2.089135  -2.009768 -0.630254 0.591907
43  3.954720 0.000011 0.000004  -0.000000 -0.000002 0.166319
44  3.101561 -0.000006 0.000003  -0.000001 -0.000000 0.240238
45  7.183347 -0.532110 3.267601  -0.123210 -0.020355 -0.052486
46  3.511603 -0.000001 -0.000000  0.000003 0.000001 0.099571
47  2.199404 0.000005 -0.000002  -0.000001 -0.000001 0.029267
48  7.145096 -0.676362 1.382420  -0.086920 0.009133 -0.085505
49  3.672218 -0.000002 -0.000000  0.000001 -0.000000 0.142941
50  2.676519 -0.000003 0.000004  -0.000001 -0.000001 -0.026075
51  6.831176 -0.870879 -0.599927  -0.130311 0.006346 -0.065012
52  3.657079 -0.000002 -0.000004  -0.000000 0.000001 0.057734
53  2.496796 0.000001 0.000004  0.000000 -0.000001 -0.091108
54  6.164467 -0.898158 -2.575027  -0.090704 0.013515 -0.151468
55  2.805849 -0.000003 0.000002  -0.000002 -0.000001 0.079091
56  2.307434 -0.000000 0.000002  0.000002 0.000001 -0.056419
57  0.000000 0.000000 -0.000000  -0.011863 0.018176 -0.002366
58  -1.094472 0.042809 2.220616  -0.040236 0.118648 -0.020554
59  0.071249 114.357048 62.238792  0.000000 -0.000000 -0.000000
60  1.986525 0.000016 -3.123745  -2.705260 -0.000000 -1.570797
61  -1.986691 0.000014 -3.123749  0.436333 0.000001 1.570797
62  0.000000 0.000006 -0.000008  0.000000 -0.000000 0.000000
63  -1.986692 0.000021 -3.123744  0.436333 0.000001 1.570797
64  -11.344155 1.135888 0.869279  0.000002 -0.025019 -0.026324
65  1.986525 0.000022 -3.123740  -2.705260 -0.000000 -1.570797
66  -11.350064 -0.729423 0.864889  0.000197 -0.025367 0.026442
67  1.754238 4.036755 -1.682671  0.392575 -0.010120 -1.546362
68  -1.755140 4.036765 -1.682671  -0.392577 -0.010391 -1.594986
69  -0.164556 7.327704 3.928703  0.000000 0.000001 -1.570796
70  0.079082 36.742695 -0.508023  0.000001 -0.000000 -0.000000
71  -1.260174 8.777410 6.736405  -0.000002 -0.424415 -3.141592
72  1.525193 18.283600 2.968621  0.000000 -0.000000 -0.000000
73  0.060216 10.324389 74.469055  0.000008 -0.000000 0.000000
74  0.062807 75.918007 83.075447  1.570797 0.000000 -1.570796
75  4.804177 -3.971749 0.000002  -0.000000 0.000000 -0.000000
76  -7.041571 -5.025992 0.000003  -0.000000 -0.000000 -0.000000
77  8.407181 -3.978437 0.003056  -1.570796 1.570795 0.000000
78  10.376190 -3.978449 0.003055  -1.570796 1.570796 0.000000
79  10.194014 -0.314062 -1.749547  -1.570796 1.570796 0.000000
80  20.857882 -4.015563 0.000004  0.000000 -0.000000 -0.000000
81  3.258434 5.856951 -3.403523  -0.000000 -0.000000 -0.000000
82  15.153048 5.860588 -3.403519  0.000000 -0.000000 -0.000000
83  6.064256 77.294960 36.365795  1.570796 -0.000000 1.570796
84  -2.662411 1.445755 40.667957  0.000000 3.141591 1.570796
85  8.352066 2.772897 0.000545  -3.141589 0.000002 -0.000000
86  6.064256 72.973701 32.593250  1.570796 -0.000000 1.570796
87  0.004365 73.768425 -3.792008  0.000000 -0.000000 0.000000
88  -0.442609 1.284880 8.535291  0.000000 -0.000001 0.000000
89  0.000001 1.310207 -0.000000  0.000000 0.000000 0.000000
90  0.000000 0.582256 0.000000  0.000000 0.000000 0.000000
91  0.036298 1.284878 7.928799  0.000000 -0.000001 0.000000
92  0.000001 1.310213 0.000000  0.000000 0.000000 0.000000
93  -0.000000 0.582262 0.000001  0.000000 0.000000 0.000000
94  5.969323 3.427454 -6.170650  -0.000000 -0.000001 -1.570797
95  -1.310211 0.000001 0.000001  0.000000 0.000000 -0.000000
96  -0.582260 -0.000000 0.000000  0.000000 0.000000 -0.000000
97  5.969323 9.397395 -6.170660  -0.000000 -0.000001 -1.570796
98  -1.310218 -0.000001 0.000001  0.000000 0.000000 -0.000000
99  -0.582267 -0.000001 0.000001  0.000000 0.000000 -0.000000
100  5.969322 15.223768 -6.170670  0.000000 -0.000001 -1.570796
101  -1.310221 0.000002 0.000002  -0.000000 0.000000 -0.000000
102  -0.582270 0.000001 0.000002  -0.000000 0.000000 -0.000000
103  5.969323 20.835566 -6.170671  0.000000 -0.000001 -1.570796
104  -1.310217 0.000001 0.000002  -0.000000 0.000000 -0.000000
105  -0.582266 -0.000001 0.000003  -0.000000 0.000000 -0.000000
106  5.969324 26.771202 -6.170671  0.000000 -0.000001 -1.570796
107  5.969323 32.597584 -6.170675  0.000000 -0.000001 -1.570796
108  5.969324 38.209396 -6.170685  0.000000 -0.000001 -1.570800
109  5.969323 49.488461 -6.170683  0.000000 -0.000001 -1.570800
110  -0.539090 -0.556814 -0.017362  -0.042462 2.681156 1.551919
111  -6.799123 -0.556803 0.818551  -0.272420 2.701993 1.452460
112  -4.615283 -0.556820 0.270329  -0.117230 2.684609 1.518878
113  -2.650969 -0.556810 0.063011  -0.042463 2.681158 1.551919
114  27.110336 1.284853 12.007549  0.000000 -0.000000 0.000000
115  28.133425 1.284846 12.007549  0.000001 -0.000000 0.000000
116  12.812886 2.241780 12.007550  0.000000 -0.000001 -0.000001
117  -9.955967 -0.319630 4.380215  -0.000001 -0.000000 -0.000001
118  -11.316473 -0.319629 4.380215  -0.000003 -0.000000 0.000000
119  -12.667810 -0.319631 4.380216  -0.000003 -0.000000 0.000001
120  -14.022141 -0.319626 4.380215  0.000010 -0.000000 -0.000011
121  -15.373239 -0.319624 4.380215  0.000015 -0.000000 -0.000015
122  -16.724142 -0.319626 4.380215  -0.000009 -0.000000 0.000006
123  -18.074574 -0.319625 4.380215  -0.000006 -0.000000 0.000004
124  -19.423717 -0.319621 4.380215  0.000002 0.000000 -0.000004
125  -20.775270 -0.319628 4.380215  0.000003 0.000000 -0.000004
126  -22.126673 -0.319625 4.380215  0.000003 -0.000000 -0.000004
127  -23.478125 -0.319622 4.380215  0.000005 -0.000000 -0.000006
128  -24.830622 -0.319625 4.380215  0.000036 -0.000000 -0.000038
129  -26.182030 -0.319622 4.380215  -0.000011 -0.000000 0.000011
130  0.529180 -0.167123 0.629485  -0.101270 -0.000000 0.000000
131  -0.211444 -0.241688 0.155361  -0.145847 -0.000000 0.000000
132  0.529190 -0.280702 -0.110292  -0.145847 -0.000000 0.000000
133  -0.173927 -0.337329 -0.638495  -0.181751 -0.000000 0.000000
134  0.529189 -0.399249 -0.975393  -0.181751 -0.000000 0.000000
135  -0.211444 -0.464476 -1.431041  -0.192399 -0.000000 0.000000
136  0.529189 -0.515815 -1.694582  -0.192399 -0.000000 0.000000
137  -0.173928 -0.612156 -2.231910  -0.216703 -0.000000 0.000000
138  0.529188 -0.685807 -2.566439  -0.216703 -0.000000 0.000000
139  -0.211445 -0.769565 -3.027869  -0.237349 -0.000000 0.000000
140  0.529188 -0.832688 -3.288847  -0.237349 -0.000000 0.000000
141  -0.173937 -0.945284 -3.779563  -0.233859 0.000000 0.000000
142  0.529179 -1.024664 -4.112780  -0.233859 0.000000 0.000000
143  -0.211443 -1.132189 -4.577548  -0.262919 -0.000000 0.000000
144  0.529190 -1.201973 -4.836824  -0.262919 0.000000 0.000000
145  -0.000004 -2.810948 -10.636630  0.258454 0.000000 3.141592
146  -0.192455 -1.345779 -5.370046  -0.280373 0.000000 0.000000
147  0.533984 -1.413512 -5.605103  -0.276883 0.000000 0.000000
148  -0.206618 -1.795760 -6.909780  -0.287354 0.000000 0.000000
149  -0.205805 -1.564822 -6.138256  -0.290843 0.000000 0.000000
150  0.530460 -1.643680 -6.395213  -0.290844 0.000000 0.000000
151  0.535312 -1.790714 -7.204134  -0.287354 -0.000000 0.000000
152  -0.202703 -2.030488 -7.702829  -0.286180 -0.000000 0.000000
153  0.509548 -2.118898 -8.011623  -0.298398 -0.000000 0.000000
154  -0.202703 -2.255283 -8.465172  -0.283134 -0.000000 0.000000
155  0.509548 -2.352986 -8.771159  -0.295352 -0.000000 0.000000
156  -0.202704 -2.481603 -9.235470  -0.285437 -0.000000 0.000000
157  0.509547 -2.588692 -9.538638  -0.297654 -0.000000 0.000000
158  0.170123 -21.222099 -1.001139  -0.000001 -0.000001 0.000000
159  0.170123 -20.843866 -0.397183  -0.000001 -0.000001 0.000000
160  0.170123 -20.489744 -1.001140  -0.000001 -0.000001 0.000000
161  0.170124 -20.111071 -0.397182  -0.000001 -0.000001 0.000000
162  0.170123 -19.380093 -0.397186  -0.000001 -0.000001 0.000000
163  0.170123 -19.025110 -1.001145  -0.000001 -0.000001 0.000000
164  0.170123 -18.646658 -0.396447  -0.000001 -0.000001 0.000000
165  0.170124 -19.755764 -1.001141  -0.000001 -0.000001 0.000000
166  -0.015973 10.612518 2.686017  0.000001 -0.000000 -0.000000
167  0.059851 -50.160706 6.449381  1.570797 0.000000 -1.570797
168  0.064652 27.351292 72.195213  0.000000 -0.000000 -0.000001
169  6.064260 95.114029 31.645500  -0.000000 -0.000001 1.570796
170  0.054185 102.845657 29.795361  0.000000 0.000001 -1.570796
171  6.064258 69.096565 37.164318  1.570796 -0.000000 1.570796
172  1.974303 11.989234 4.589250  0.000000 -0.000000 -0.000000
173  -0.011481 23.944748 5.090361  0.000001 -0.000000 0.000000
174  -1.691251 8.833343 5.763506  0.000001 -0.000000 -0.000000
175  6.064260 89.329811 31.613918  -0.000000 -0.000001 1.570796
176  0.059886 2.255335 54.398010  0.000000 -0.000000 0.000000
177  0.003497 -22.270645 0.000141  1.570797 0.000000 -1.570797
178  0.104010 15.380371 2.266153  0.000001 -0.000000 -0.000000
179  0.710254 1.908396 -0.124337  -0.106659 -0.038625 0.028840
180  -3.255359 24.458080 -23.114334  0.181523 0.048807 -1.277059
181  -2.662412 1.445758 33.628742  0.000000 3.141591 1.570796
182  8.352066 2.772897 0.000545  -3.141589 0.000002 -0.000000
183  -2.662411 1.445755 40.667957  0.000000 3.141591 1.570796
184  8.352066 2.772897 0.000545  -3.141589 0.000002 -0.000000
185  -1.431356 16.384781 4.137811  0.000001 -0.000000 0.000000
186  -0.001845 0.521683 -0.140290  0.000000 -0.000000 -0.000000
187  7.323109 -5.136192 -5.166237  0.000000 0.000000 -0.610865
188  2.698279 -0.000001 -0.000000  -0.000012 0.000000 0.000001
189  2.834158 -0.000000 0.000000  0.000013 0.000000 0.000000
190  2.648918 0.000001 0.000001  -0.000001 -0.000001 0.000000
191  2.667498 -0.000002 -0.000001  0.000000 0.000000 -0.000000
192  2.426702 -0.000002 0.000000  0.000000 0.000000 -0.000000
193  -0.494744 -44.353451 -1.302299  1.570797 0.000000 -1.570797
194  11.545938 73.768433 -3.792009  0.000000 -0.000000 -0.000000
195  -0.011102 -16.902813 1.952047  0.000001 -0.000000 -0.000000
196  0.000000 -0.000000 -1.529052  -0.000000 -0.000000 -0.000000
197  -0.078942 0.000002 -0.000000  0.000000 0.000001 1.570796
198  0.097092 0.000002 -0.000000  -0.000000 -3.141592 1.570796
199  0.000000 0.000000 0.000000  0.000000 -0.000000 -0.000000
200  -2.072809 -0.251514 2.399216  -0.040236 0.118648 -0.020554
201  -0.443022 0.124211 1.881454  -0.142918 0.174100 -0.049228
end
