version 1
nodes
0 "blender_implicit" -1
1 "b_root" -1
2 "b_ch_middle" 1
3 "b_ch_spine1" 2
4 "b_ch_spine2" 3
5 "b_ch_l_clavical" 4
6 "b_ch_l_upperarm" 5
7 "b_ch_l_forearm" 6
8 "b_ch_l_forearm_twist1" 7
9 "b_ch_l_forearm_twist2" 7
10 "b_ch_l_forearm_twist3" 7
11 "b_ch_l_forearm_twist4" 7
12 "b_ch_l_forearm_twist5" 7
13 "b_ch_l_forearm_twist6" 7
14 "b_ch_l_forearm_twist7" 7
15 "b_ch_l_hand" 7
16 "b_ch_l_finger_00" 15
17 "b_ch_l_finger_01" 16
18 "b_ch_l_finger_02" 17
19 "b_ch_l_finger_40" 15
20 "b_ch_l_finger_41" 19
21 "b_ch_l_finger_42" 20
22 "b_ch_l_finger_20" 15
23 "b_ch_l_finger_21" 22
24 "b_ch_l_finger_22" 23
25 "b_ch_l_finger_30" 15
26 "b_ch_l_finger_31" 25
27 "b_ch_l_finger_32" 26
28 "b_ch_l_finger_10" 15
29 "b_ch_l_finger_11" 28
30 "b_ch_l_finger_12" 29
31 "b_ch_r_clavical" 4
32 "b_ch_r_upperarm" 31
33 "b_ch_r_forearm" 32
34 "b_ch_r_forearm_twist1" 33
35 "b_ch_r_forearm_twist2" 33
36 "b_ch_r_forearm_twist3" 33
37 "b_ch_r_forearm_twist4" 33
38 "b_ch_r_forearm_twist5" 33
39 "b_ch_r_forearm_twist6" 33
40 "b_ch_r_forearm_twist7" 33
41 "b_ch_r_hand" 33
42 "b_ch_r_finger_00" 41
43 "b_ch_r_finger_01" 42
44 "b_ch_r_finger_02" 43
45 "b_ch_r_finger_10" 41
46 "b_ch_r_finger_11" 45
47 "b_ch_r_finger_12" 46
48 "b_ch_r_finger_20" 41
49 "b_ch_r_finger_21" 48
50 "b_ch_r_finger_22" 49
51 "b_ch_r_finger_30" 41
52 "b_ch_r_finger_31" 51
53 "b_ch_r_finger_32" 52
54 "b_ch_r_finger_40" 41
55 "b_ch_r_finger_41" 54
56 "b_ch_r_finger_42" 55
57 "b_camera" 1
58 "b_wpn" 1
59 "b_wpn_bipod" 58
60 "b_wpn_bipod_l" 59
61 "b_wpn_bipod_r" 59
62 "b_wpn_bipod_base" 59
63 "b_wpn_bipod_base_r" 62
64 "b_wpn_bipod_spring_base_r" 63
65 "b_wpn_bipod_base_l" 62
66 "b_wpn_bipod_spring_base_l" 65
67 "b_wpn_bipod_spring_l" 62
68 "b_wpn_bipod_spring_r" 62
69 "b_wpn_bolt" 58
70 "b_wpn_chargehandle" 58
71 "b_wpn_eject" 58
72 "b_wpn_fireselect" 58
73 "b_wpn_foregrip" 58
74 "b_wpn_gl" 58
75 "b_wpn_gl_slide" 74
76 "b_wpn_gl_trigger" 74
77 "b_wpn_gl_round" 74
78 "b_wpn_gl_casing" 74
79 "b_wpn_gl_slidelock" 74
80 "b_wpn_gl_muzzle" 74
81 "b_wpn_gl_sight_back" 74
82 "b_wpn_gl_sight_front" 74
83 "b_wpn_hammer" 58
84 "b_wpn_laserflash" 58
85 "b_wpn_laserflash_beam" 84
86 "b_wpn_lid" 58
87 "b_wpn_mag" 58
88 "b_wpn_mag_b1" 87
89 "b_wpn_mag_casing_1" 88
90 "b_wpn_mag_bullet_1" 88
91 "b_wpn_mag_b2" 87
92 "b_wpn_mag_casing_2" 91
93 "b_wpn_mag_bullet_2" 91
94 "b_wpn_mag_b3" 87
95 "b_wpn_mag_casing_3" 94
96 "b_wpn_mag_bullet_3" 94
97 "b_wpn_mag_b4" 87
98 "b_wpn_mag_casing_4" 97
99 "b_wpn_mag_bullet_4" 97
100 "b_wpn_mag_b5" 87
101 "b_wpn_mag_casing_5" 100
102 "b_wpn_mag_bullet_5" 100
103 "b_wpn_mag_b6" 87
104 "b_wpn_mag_casing_6" 103
105 "b_wpn_mag_bullet_6" 103
106 "b_wpn_mag_b7" 87
107 "b_wpn_mag_b8" 87
108 "b_wpn_mag_b9" 87
109 "b_wpn_mag_follow" 87
110 "b_wpn_mag_b13" 87
111 "b_wpn_mag_b10" 87
112 "b_wpn_mag_b11" 87
113 "b_wpn_mag_b12" 87
114 "b_wpn_mag_b14" 87
115 "b_wpn_mag_b15" 87
116 "b_wpn_mag_tab" 87
117 "b_wpn_mag_b_link1" 87
118 "b_wpn_mag_b_link2" 87
119 "b_wpn_mag_b_link3" 87
120 "b_wpn_mag_b_link4" 87
121 "b_wpn_mag_b_link5" 87
122 "b_wpn_mag_b_link6" 87
123 "b_wpn_mag_b_link7" 87
124 "b_wpn_mag_b_link8" 87
125 "b_wpn_mag_b_link9" 87
126 "b_wpn_mag_b_link10" 87
127 "b_wpn_mag_b_link11" 87
128 "b_wpn_mag_b_link12" 87
129 "b_wpn_mag_b_link13" 87
130 "b_wpn_mag_b16" 87
131 "b_wpn_mag_b17" 87
132 "b_wpn_mag_b18" 87
133 "b_wpn_mag_b19" 87
134 "b_wpn_mag_b20" 87
135 "b_wpn_mag_b21" 87
136 "b_wpn_mag_b22" 87
137 "b_wpn_mag_b23" 87
138 "b_wpn_mag_b24" 87
139 "b_wpn_mag_b25" 87
140 "b_wpn_mag_b26" 87
141 "b_wpn_mag_b27" 87
142 "b_wpn_mag_b28" 87
143 "b_wpn_mag_b29" 87
144 "b_wpn_mag_b30" 87
145 "b_wpn_mag_spring_bottom" 87
146 "b_wpn_mag_b31" 87
147 "b_wpn_mag_b32" 87
148 "b_wpn_mag_b35" 87
149 "b_wpn_mag_b33" 87
150 "b_wpn_mag_b34" 87
151 "b_wpn_mag_b36" 87
152 "b_wpn_mag_b37" 87
153 "b_wpn_mag_b38" 87
154 "b_wpn_mag_b39" 87
155 "b_wpn_mag_b40" 87
156 "b_wpn_mag_b41" 87
157 "b_wpn_mag_b42" 87
158 "b_wpn_mag_b50" 87
159 "b_wpn_mag_b49" 87
160 "b_wpn_mag_b48" 87
161 "b_wpn_mag_b47" 87
162 "b_wpn_mag_b45" 87
163 "b_wpn_mag_b44" 87
164 "b_wpn_mag_b43" 87
165 "b_wpn_mag_b46" 87
166 "b_wpn_magrelease" 58
167 "b_wpn_muzzle" 58
168 "b_wpn_optic" 58
169 "b_wpn_pin" 58
170 "b_wpn_ring" 58
171 "b_wpn_slide" 58
172 "b_wpn_sliderelease" 58
173 "b_wpn_spec_1" 58
174 "b_wpn_spec_2" 58
175 "b_wpn_spoon" 58
176 "b_wpn_suppressor" 58
177 "b_wpn_suppressor_muzzle" 176
178 "b_wpn_trigger" 58
179 "ik_hand_wpn_l" 58
180 "ik_hand_wpn_r" 58
181 "b_wpn_laser" 58
182 "b_wpn_laser_beam" 181
183 "b_wpn_flash" 58
184 "b_wpn_flash_beam" 183
185 "b_wpn_stock" 58
186 "b_wpn_barrel" 58
187 "b_wpn_chain_01" 58
188 "b_wpn_chain_02" 187
189 "b_wpn_chain_03" 188
190 "b_wpn_chain_04" 189
191 "b_wpn_chain_05" 190
192 "b_wpn_chain_06" 191
193 "b_wpn_bayonet" 58
194 "b_wpn_mag_2" 58
195 "b_wpn_gripod" 58
196 "b_wpn_gripod_base" 195
197 "b_wpn_gripod_base_r" 196
198 "b_wpn_gripod_base_l" 196
199 "ik_hand_root" 1
200 "ik_hand_r" 199
201 "ik_hand_l" 199
end
skeleton
time 0
0  0 0 0  0 0 0
1  0.000000 0.000000 0.000000  0.000000 -0.000000 -0.000000
2  -0.000005 0.000023 -61.375507  0.000000 0.000000 -1.570795
3  -0.012872 0.000000 8.235020  -1.570799 -1.570796 0.000000
4  16.163128 -0.012870 -0.000002  -0.000000 -0.000000 0.000000
5  16.163143 -0.000009 3.830524  -3.089336 -1.570794 0.000000
6  -0.000031 -0.000001 -0.000000  -0.004272 -0.000978 -0.000730
7  -0.000001 -0.000007 0.000001  0.000000 0.000000 0.000000
8  -0.000000 0.000001 0.000001  0.000000 -0.000000 -0.000000
9  0.000001 0.000001 0.000003  -0.000794 -0.000000 -0.000000
10  -0.000002 0.000000 0.000001  -0.001221 -0.000000 -0.000000
11  -0.000001 0.000000 0.000003  -0.001648 0.000000 -0.000000
12  -0.000004 0.000000 0.000001  -0.002075 -0.000000 -0.000000
13  -0.000004 -0.000001 0.000001  -0.002503 -0.000000 -0.000000
14  -0.000004 -0.000001 0.000001  -0.002930 -0.000000 -0.000000
15  -0.000002 0.000002 0.000005  -0.003113 -0.003113 0.000005
16  1.410070 0.800535 -2.089132  2.009773 0.630250 0.591915
17  3.954710 -0.000003 0.000006  -0.000004 -0.000001 0.166316
18  3.101571 -0.000000 0.000003  0.000002 -0.000001 0.240238
19  6.164461 -0.898142 2.575024  0.090705 -0.013516 -0.151467
20  2.805848 0.000004 -0.000003  0.000002 0.000001 0.079095
21  2.307442 -0.000003 0.000000  -0.000000 -0.000000 -0.056423
22  7.145099 -0.676330 -1.382420  0.086918 -0.009133 -0.085503
23  3.672212 0.000003 -0.000003  0.000003 0.000001 0.142941
24  2.676526 0.000002 0.000003  -0.000001 -0.000001 -0.026075
25  6.831178 -0.870853 0.599928  0.130314 -0.006347 -0.065005
26  3.657082 -0.000009 0.000001  0.000000 0.000000 0.057729
27  2.496796 0.000004 -0.000001  0.000000 0.000000 -0.091107
28  7.183354 -0.532073 -3.267604  0.123210 0.020356 -0.052484
29  3.511592 0.000006 -0.000003  -0.000001 -0.000001 0.099575
30  2.199412 0.000000 0.000006  0.000001 0.000001 0.029263
31  16.163136 0.000012 -3.830531  -3.098550 1.570794 0.000000
32  -0.000018 -0.000001 0.000001  0.000366 -0.000000 0.000000
33  -0.000004 0.000001 0.000001  0.000000 -0.000000 0.000000
34  0.000000 0.000000 0.000001  -0.000000 0.000000 -0.000000
35  -0.000002 -0.000002 0.000001  0.000000 0.000000 0.000000
36  -0.000003 -0.000001 0.000003  0.000122 0.000000 0.000000
37  -0.000002 -0.000000 0.000003  0.000122 -0.000000 0.000000
38  -0.000006 0.000000 0.000003  0.000183 -0.000000 -0.000000
39  -0.000004 0.000000 0.000003  0.000244 -0.000000 -0.000000
40  -0.000004 -0.000002 0.000003  0.000305 0.000000 0.000000
41  -0.000010 -0.000004 0.000001  0.000305 0.000183 0.000000
42  1.410069 0.800525 2.089136  -2.009768 -0.630254 0.591907
43  3.954720 0.000013 0.000003  -0.000000 -0.000002 0.166320
44  3.101558 -0.000007 0.000004  -0.000001 -0.000000 0.240238
45  7.183347 -0.532110 3.267602  -0.123210 -0.020355 -0.052486
46  3.511601 -0.000001 0.000002  0.000003 0.000001 0.099571
47  2.199403 0.000004 -0.000002  -0.000001 -0.000001 0.029267
48  7.145095 -0.676362 1.382418  -0.086920 0.009133 -0.085505
49  3.672218 -0.000002 0.000002  0.000001 -0.000000 0.142941
50  2.676519 -0.000003 0.000001  -0.000001 -0.000001 -0.026075
51  6.831176 -0.870879 -0.599928  -0.130311 0.006346 -0.065012
52  3.657079 -0.000002 -0.000001  -0.000000 0.000001 0.057734
53  2.496795 0.000000 0.000005  0.000000 -0.000001 -0.091108
54  6.164467 -0.898158 -2.575026  -0.090704 0.013515 -0.151468
55  2.805846 -0.000004 0.000001  -0.000002 -0.000001 0.079091
56  2.307434 0.000000 0.000000  0.000002 0.000001 -0.056419
57  0.000000 0.000000 -0.000000  0.000000 -0.000000 0.000000
58  0.019422 0.000671 -0.000314  -0.000001 0.006897 -0.000305
59  0.071249 114.357025 62.238796  0.000000 0.000000 -0.000000
60  1.986524 0.000005 -3.123740  -2.705260 -0.000000 -1.570797
61  -1.986692 0.000005 -3.123750  0.436333 0.000001 1.570797
62  0.000000 -0.000011 -0.000005  0.000000 0.000000 0.000000
63  -1.986692 0.000013 -3.123737  0.436333 0.000001 1.570797
64  -11.344167 1.135884 0.869274  0.000002 -0.025019 -0.026324
65  1.986525 0.000005 -3.123735  -2.705260 -0.000000 -1.570797
66  -11.350043 -0.729421 0.864888  0.000197 -0.025367 0.026442
67  1.754236 4.036748 -1.682665  0.392575 -0.010120 -1.546362
68  -1.755139 4.036746 -1.682665  -0.392577 -0.010391 -1.594986
69  -0.164556 7.327703 3.928703  -0.000000 0.000001 -1.570796
70  0.079082 36.742687 -0.508023  0.000001 0.000000 -0.000000
71  -1.260174 8.777409 6.736405  -0.000002 -0.424415 -3.141592
72  1.525193 18.283596 2.968622  0.000000 0.000000 0.000000
73  0.060216 10.324388 74.469055  0.000008 0.000000 0.000000
74  0.062808 75.917992 83.075439  1.570797 -0.000000 -1.570796
75  4.804191 -3.971730 0.000001  -0.000000 0.000000 -0.000000
76  -7.041558 -5.025983 0.000002  -0.000000 -0.000000 -0.000000
77  8.407189 -3.978424 0.003055  -1.570796 1.570795 0.000000
78  10.376199 -3.978434 0.003056  -1.570796 1.570796 0.000000
79  10.194027 -0.314050 -1.749547  -1.570796 1.570796 0.000000
80  20.857893 -4.015557 0.000003  0.000000 -0.000000 -0.000000
81  3.258449 5.856967 -3.403523  -0.000000 -0.000000 -0.000000
82  15.153054 5.860594 -3.403521  0.000000 -0.000000 -0.000000
83  6.064256 77.294945 36.365795  1.570796 -0.000000 1.570796
84  -2.662411 1.445755 40.667953  -0.000000 3.141591 1.570796
85  8.352065 2.772896 0.000539  -3.141589 0.000002 0.000000
86  6.064256 72.973686 32.593250  1.570796 -0.000000 1.570796
87  0.004365 73.768417 -3.792008  0.000000 0.000000 0.000000
88  -0.442609 1.284889 8.535289  0.000000 -0.000001 0.000000
89  0.000001 1.310211 -0.000000  0.000000 0.000000 0.000000
90  0.000001 0.582260 0.000000  0.000000 0.000000 0.000000
91  0.036297 1.284882 7.928798  0.000000 -0.000001 0.000000
92  0.000001 1.310211 -0.000000  0.000000 0.000000 0.000000
93  0.000000 0.582260 0.000000  0.000000 0.000000 0.000000
94  5.969324 3.427459 -6.170651  -0.000000 -0.000001 -1.570797
95  -1.310210 0.000002 -0.000001  0.000000 0.000000 -0.000000
96  -0.582259 0.000001 -0.000002  0.000000 0.000000 -0.000000
97  5.969323 9.397400 -6.170660  -0.000000 -0.000001 -1.570796
98  -1.310201 -0.000000 -0.000001  0.000000 0.000000 -0.000000
99  -0.582250 -0.000000 -0.000002  0.000000 0.000000 -0.000000
100  5.969322 15.223770 -6.170671  -0.000000 -0.000001 -1.570796
101  -1.310202 0.000002 -0.000001  -0.000000 0.000000 -0.000000
102  -0.582251 0.000001 -0.000001  -0.000000 0.000000 -0.000000
103  5.969323 20.835571 -6.170671  -0.000000 -0.000001 -1.570796
104  -1.310210 0.000002 -0.000000  -0.000000 0.000000 -0.000000
105  -0.582259 0.000000 0.000002  -0.000000 0.000000 -0.000000
106  5.969323 26.771212 -6.170672  -0.000000 -0.000001 -1.570796
107  5.969323 32.597595 -6.170675  -0.000000 -0.000001 -1.570796
108  5.969323 38.209400 -6.170686  -0.000000 -0.000001 -1.570800
109  5.969323 49.488468 -6.170684  -0.000000 -0.000001 -1.570800
110  -0.539090 -0.556804 -0.017363  -0.042462 2.681156 1.551919
111  -6.799123 -0.556805 0.818549  -0.272420 2.701993 1.452460
112  -4.615282 -0.556818 0.270327  -0.117230 2.684609 1.518878
113  -2.650969 -0.556807 0.063010  -0.042463 2.681158 1.551919
114  27.110334 1.284860 12.007548  0.000000 -0.000000 0.000000
115  28.133423 1.284859 12.007547  0.000001 -0.000000 0.000000
116  12.812886 2.241787 12.007549  0.000000 -0.000001 -0.000001
117  -9.955967 -0.319627 4.380214  -0.000001 -0.000000 -0.000001
118  -11.316473 -0.319622 4.380215  -0.000003 -0.000000 0.000000
119  -12.667810 -0.319622 4.380215  -0.000003 -0.000000 0.000001
120  -14.022141 -0.319623 4.380215  0.000010 -0.000000 -0.000011
121  -15.373240 -0.319623 4.380214  0.000015 -0.000000 -0.000015
122  -16.724142 -0.319624 4.380214  -0.000009 -0.000000 0.000006
123  -18.074572 -0.319623 4.380214  -0.000006 0.000000 0.000004
124  -19.423714 -0.319623 4.380214  0.000002 0.000000 -0.000004
125  -20.775269 -0.319623 4.380214  0.000003 0.000000 -0.000004
126  -22.126669 -0.319624 4.380215  0.000003 0.000000 -0.000004
127  -23.478123 -0.319616 4.380215  0.000005 0.000000 -0.000006
128  -24.830620 -0.319617 4.380215  0.000036 0.000000 -0.000038
129  -26.182026 -0.319617 4.380215  -0.000011 0.000000 0.000011
130  0.529180 -0.167126 0.629484  -0.101270 -0.000000 0.000000
131  -0.211444 -0.241686 0.155361  -0.145847 -0.000000 0.000000
132  0.529190 -0.280698 -0.110293  -0.145847 -0.000000 0.000000
133  -0.173927 -0.337325 -0.638496  -0.181751 -0.000000 0.000000
134  0.529189 -0.399245 -0.975394  -0.181751 -0.000000 0.000000
135  -0.211444 -0.464474 -1.431043  -0.192399 -0.000000 0.000000
136  0.529189 -0.515808 -1.694584  -0.192400 -0.000000 0.000000
137  -0.173928 -0.612153 -2.231911  -0.216703 -0.000000 0.000000
138  0.529188 -0.685807 -2.566440  -0.216703 -0.000000 0.000000
139  -0.211445 -0.769552 -3.027871  -0.237349 -0.000000 0.000000
140  0.529188 -0.832681 -3.288848  -0.237349 -0.000000 0.000000
141  -0.173937 -0.945277 -3.779565  -0.233859 0.000000 0.000000
142  0.529179 -1.024653 -4.112781  -0.233859 0.000000 0.000000
143  -0.211443 -1.132179 -4.577548  -0.262919 -0.000000 0.000000
144  0.529190 -1.201961 -4.836826  -0.262919 0.000000 0.000000
145  -0.000004 -2.810941 -10.636631  0.258454 0.000000 3.141592
146  -0.192455 -1.345775 -5.370046  -0.280373 0.000000 0.000000
147  0.533984 -1.413509 -5.605105  -0.276883 0.000000 0.000000
148  -0.206618 -1.795763 -6.909779  -0.287354 0.000000 0.000000
149  -0.205805 -1.564820 -6.138256  -0.290843 0.000000 0.000000
150  0.530460 -1.643674 -6.395216  -0.290844 0.000000 0.000000
151  0.535311 -1.790708 -7.204134  -0.287354 -0.000000 0.000000
152  -0.202703 -2.030489 -7.702829  -0.286180 -0.000000 0.000000
153  0.509548 -2.118895 -8.011625  -0.298398 -0.000000 0.000000
154  -0.202703 -2.255282 -8.465172  -0.283134 -0.000000 0.000000
155  0.509548 -2.352981 -8.771160  -0.295352 -0.000000 0.000000
156  -0.202704 -2.481594 -9.235472  -0.285437 -0.000000 0.000000
157  0.509547 -2.588677 -9.538638  -0.297654 -0.000000 0.000000
158  0.170123 -21.222088 -1.001140  -0.000001 -0.000001 0.000000
159  0.170123 -20.843859 -0.397183  -0.000001 -0.000001 0.000000
160  0.170123 -20.489742 -1.001141  -0.000001 -0.000001 0.000000
161  0.170124 -20.111063 -0.397183  -0.000001 -0.000001 0.000000
162  0.170123 -19.380083 -0.397187  -0.000001 -0.000001 0.000000
163  0.170123 -19.025105 -1.001146  -0.000001 -0.000001 0.000000
164  0.170123 -18.646654 -0.396448  -0.000001 -0.000001 0.000000
165  0.170124 -19.755756 -1.001142  -0.000001 -0.000001 0.000000
166  -0.015973 10.612516 2.686017  0.000001 0.000000 -0.000000
167  0.059851 -50.160702 6.449380  1.570797 0.000000 -1.570797
168  0.064653 27.351290 72.195206  0.000000 -0.000000 -0.000001
169  6.064260 95.114006 31.645500  0.000000 -0.000001 1.570796
170  0.054185 102.845642 29.795361  -0.000000 0.000001 -1.570796
171  6.064257 69.096550 37.164318  1.570796 -0.000000 1.570796
172  1.974302 11.989232 4.589251  0.000000 0.000000 0.000000
173  -0.011481 23.944744 5.090361  0.000001 0.000000 0.000000
174  -1.691251 8.833341 5.763507  0.000001 0.000000 0.000000
175  6.064260 89.329796 31.613916  0.000000 -0.000001 1.570796
176  0.059886 2.255334 54.398014  0.000000 0.000000 0.000000
177  0.003497 -22.270643 0.000151  1.570797 0.000000 -1.570797
178  0.104010 15.380369 2.266153  0.000001 0.000000 -0.000000
179  0.049048 0.001386 0.027426  0.000000 -0.006897 0.000000
180  0.023797 -0.000527 -0.010421  -0.000000 -0.006897 0.000000
181  -2.662412 1.445758 33.628738  -0.000000 3.141591 1.570796
182  8.352065 2.772897 0.000542  -3.141589 0.000002 0.000000
183  -2.662411 1.445755 40.667953  -0.000000 3.141591 1.570796
184  8.352065 2.772896 0.000539  -3.141589 0.000002 0.000000
185  -1.431356 16.384777 4.137811  0.000001 0.000000 0.000000
186  -0.001845 0.521683 -0.140289  0.000000 0.000000 -0.000000
187  7.323109 -5.136191 -5.166237  -0.000000 0.000000 -0.610865
188  2.698277 -0.000001 -0.000000  -0.000012 0.000000 0.000001
189  2.834160 -0.000002 -0.000000  0.000013 0.000000 0.000000
190  2.648916 -0.000001 0.000000  -0.000001 -0.000001 0.000000
191  2.667497 -0.000001 -0.000001  -0.000000 0.000000 -0.000000
192  2.426700 -0.000001 -0.000001  -0.000000 0.000000 -0.000000
193  -0.494744 -44.353443 -1.302299  1.570797 0.000000 -1.570797
194  11.545937 73.768410 -3.792010  0.000000 0.000000 0.000000
195  -0.011103 -16.902811 1.952047  0.000001 0.000000 -0.000000
196  0.000000 0.000002 -1.529052  -0.000000 0.000000 0.000000
197  -0.078942 0.000002 -0.000000  0.000000 0.000001 1.570796
198  0.097092 0.000001 -0.000000  -0.000000 -3.141592 1.570796
199  0.000000 0.000000 0.000000  0.000000 -0.000000 -0.000000
200  -0.000128 0.000820 -0.000454  -0.000000 -0.000000 -0.000000
201  -0.000254 0.000366 -0.000231  -0.000000 0.000000 -0.000000
time 1
0  0 0 0  0 0 0
1  0.000000 0.000000 0.000000  0.000000 -0.000000 -0.000000
2  -0.000005 0.000023 -61.375507  0.000000 0.000000 -1.570795
3  -0.012872 0.000000 8.235020  -1.570799 -1.570796 0.000000
4  16.163128 -0.012870 -0.000002  -0.000000 -0.000000 0.000000
5  16.163143 -0.000009 3.830524  -3.089336 -1.570794 0.000000
6  -0.000031 -0.000001 -0.000000  -0.003048 -0.005556 -0.001212
7  0.000001 -0.000007 0.000002  0.000000 0.000000 -0.009644
8  0.000000 0.000001 0.000001  0.000000 -0.000000 -0.000000
9  0.000001 0.000001 -0.000001  -0.001770 -0.000000 -0.000000
10  -0.000002 0.000000 -0.000001  -0.002686 -0.000000 -0.000000
11  -0.000001 0.000000 0.000001  -0.003601 0.000000 -0.000000
12  -0.000002 0.000000 -0.000001  -0.004517 -0.000000 -0.000000
13  -0.000004 -0.000001 -0.000003  -0.005432 -0.000000 -0.000000
14  -0.000002 -0.000001 -0.000003  -0.006348 -0.000000 -0.000000
15  -0.000002 0.000002 0.000003  -0.006315 -0.006136 0.009053
16  1.410070 0.800534 -2.089138  2.009773 0.630250 0.591915
17  3.954710 -0.000002 0.000007  -0.000004 -0.000001 0.166316
18  3.101567 0.000004 0.000004  0.000002 -0.000001 0.240238
19  6.164460 -0.898142 2.575019  0.090705 -0.013516 -0.151467
20  2.805851 0.000004 -0.000000  0.000002 0.000001 0.079095
21  2.307444 -0.000004 0.000006  -0.000000 -0.000000 -0.056423
22  7.145100 -0.676331 -1.382427  0.086918 -0.009133 -0.085503
23  3.672211 0.000003 -0.000003  0.000003 0.000001 0.142941
24  2.676527 0.000002 0.000001  -0.000001 -0.000001 -0.026075
25  6.831177 -0.870854 0.599920  0.130314 -0.006347 -0.065005
26  3.657084 -0.000010 -0.000005  0.000000 0.000000 0.057729
27  2.496796 0.000004 0.000001  0.000000 0.000000 -0.091107
28  7.183353 -0.532073 -3.267608  0.123210 0.020356 -0.052484
29  3.511592 0.000006 -0.000000  -0.000001 -0.000001 0.099575
30  2.199411 0.000001 0.000004  0.000001 0.000001 0.029263
31  16.163136 0.000012 -3.830531  -3.098550 1.570794 0.000000
32  -0.000018 -0.000001 0.000001  0.000010 0.004456 0.004212
33  0.000000 0.000001 -0.000001  0.000000 -0.000000 -0.012085
34  0.000001 0.000000 -0.000000  -0.000000 0.000000 -0.000000
35  -0.000002 -0.000002 0.000000  0.000000 0.000000 0.000000
36  -0.000004 -0.000001 0.000000  -0.000183 0.000000 0.000000
37  -0.000002 -0.000000 0.000002  -0.000305 -0.000000 0.000000
38  -0.000004 0.000000 0.000002  -0.000366 -0.000000 -0.000000
39  -0.000004 -0.000000 -0.000000  -0.000427 -0.000000 -0.000000
40  -0.000006 -0.000002 0.000002  -0.000549 0.000000 0.000000
41  -0.000009 -0.000004 -0.000002  -0.000632 -0.004086 0.010317
42  1.410069 0.800525 2.089135  -2.009768 -0.630254 0.591907
43  3.954719 0.000011 0.000004  -0.000000 -0.000002 0.166320
44  3.101556 -0.000006 0.000003  -0.000001 -0.000000 0.240238
45  7.183347 -0.532110 3.267603  -0.123210 -0.020355 -0.052486
46  3.511603 -0.000001 0.000001  0.000003 0.000001 0.099571
47  2.199402 0.000005 -0.000005  -0.000001 -0.000001 0.029267
48  7.145095 -0.676362 1.382419  -0.086920 0.009133 -0.085505
49  3.672219 -0.000002 -0.000001  0.000001 -0.000000 0.142941
50  2.676519 -0.000003 0.000003  -0.000001 -0.000001 -0.026075
51  6.831175 -0.870879 -0.599928  -0.130311 0.006346 -0.065012
52  3.657079 -0.000002 -0.000003  -0.000000 0.000001 0.057734
53  2.496793 0.000000 0.000003  0.000000 -0.000001 -0.091108
54  6.164466 -0.898158 -2.575027  -0.090704 0.013515 -0.151468
55  2.805848 -0.000004 -0.000000  -0.000002 -0.000001 0.079091
56  2.307435 -0.000000 -0.000001  0.000002 0.000001 -0.056419
57  0.000000 0.000000 -0.000000  0.000000 -0.000000 0.000000
58  0.023296 0.114426 -0.075560  0.005551 0.009341 -0.000829
59  0.071249 114.357033 62.238792  0.000000 -0.000000 -0.000000
60  1.986524 0.000017 -3.123740  -2.705260 -0.000000 -1.570797
61  -1.986692 0.000021 -3.123746  0.436333 0.000001 1.570797
62  -0.000000 0.000002 -0.000004  0.000000 -0.000000 0.000000
63  -1.986692 0.000014 -3.123737  0.436333 0.000001 1.570797
64  -11.344173 1.135887 0.869275  0.000002 -0.025019 -0.026324
65  1.986525 0.000010 -3.123735  -2.705260 -0.000000 -1.570797
66  -11.350055 -0.729418 0.864886  0.000197 -0.025367 0.026442
67  1.754236 4.036748 -1.682667  0.392575 -0.010120 -1.546362
68  -1.755139 4.036747 -1.682666  -0.392577 -0.010391 -1.594986
69  -0.164556 7.327704 3.928703  0.000000 0.000001 -1.570796
70  0.079082 36.742691 -0.508023  0.000001 -0.000000 -0.000000
71  -1.260174 8.777410 6.736405  -0.000002 -0.424416 -3.141592
72  1.525193 18.283598 2.968622  0.000000 -0.000000 0.000000
73  0.060217 10.324389 74.469055  0.000008 -0.000000 0.000000
74  0.062808 75.918007 83.075432  1.570797 0.000000 -1.570796
75  4.804186 -3.971751 0.000001  -0.000000 0.000000 -0.000000
76  -7.041563 -5.026000 0.000002  -0.000000 -0.000000 -0.000000
77  8.407184 -3.978441 0.003055  -1.570796 1.570795 0.000000
78  10.376194 -3.978446 0.003056  -1.570796 1.570796 0.000000
79  10.194015 -0.314065 -1.749547  -1.570796 1.570796 0.000000
80  20.857887 -4.015571 0.000003  0.000000 -0.000000 0.000000
81  3.258452 5.856947 -3.403523  -0.000000 -0.000000 -0.000000
82  15.153052 5.860569 -3.403521  0.000000 -0.000000 -0.000000
83  6.064257 77.294945 36.365791  1.570796 0.000000 1.570796
84  -2.662412 1.445755 40.667957  0.000000 3.141591 1.570796
85  8.352066 2.772897 0.000546  -3.141589 0.000002 0.000000
86  6.064257 72.973694 32.593254  1.570796 0.000000 1.570796
87  0.004365 73.768425 -3.792007  0.000000 -0.000000 0.000000
88  -0.442609 1.284871 8.535290  -0.000000 -0.000001 0.000000
89  0.000001 1.310203 -0.000000  0.000000 0.000000 0.000000
90  0.000001 0.582252 0.000000  0.000000 0.000000 0.000000
91  0.036297 1.284872 7.928798  0.000000 -0.000001 0.000000
92  0.000001 1.310204 -0.000001  0.000000 -0.000000 0.000000
93  0.000000 0.582253 0.000000  0.000000 -0.000000 0.000000
94  5.969323 3.427464 -6.170650  -0.000000 -0.000001 -1.570797
95  -1.310210 0.000002 0.000002  0.000000 0.000000 -0.000000
96  -0.582267 0.000001 0.000001  0.000000 -0.000000 -0.000000
97  5.969323 9.397394 -6.170658  -0.000000 -0.000001 -1.570796
98  -1.310214 0.000000 0.000001  0.000000 0.000000 -0.000000
99  -0.582263 -0.000001 -0.000000  0.000000 0.000000 -0.000000
100  5.969322 15.223765 -6.170670  0.000000 -0.000001 -1.570796
101  -1.310215 0.000002 0.000001  -0.000000 0.000000 -0.000000
102  -0.582264 0.000001 -0.000000  -0.000000 0.000000 -0.000000
103  5.969323 20.835567 -6.170670  0.000000 -0.000001 -1.570796
104  -1.310202 0.000001 0.000001  -0.000000 0.000000 -0.000000
105  -0.582258 -0.000000 0.000002  -0.000000 0.000000 -0.000000
106  5.969324 26.771212 -6.170672  0.000000 -0.000001 -1.570796
107  5.969322 32.597591 -6.170673  0.000000 -0.000001 -1.570796
108  5.969323 38.209400 -6.170685  0.000000 -0.000001 -1.570800
109  5.969323 49.488464 -6.170683  0.000000 -0.000001 -1.570800
110  -0.539090 -0.556806 -0.017362  -0.042462 2.681156 1.551919
111  -6.799124 -0.556803 0.818550  -0.272420 2.701993 1.452460
112  -4.615283 -0.556828 0.270328  -0.117230 2.684609 1.518878
113  -2.650969 -0.556811 0.063010  -0.042463 2.681158 1.551919
114  27.110338 1.284859 12.007548  0.000000 -0.000000 0.000000
115  28.133425 1.284859 12.007546  0.000001 -0.000000 0.000000
116  12.812886 2.241787 12.007549  0.000000 -0.000001 -0.000001
117  -9.955968 -0.319620 4.380214  -0.000001 -0.000000 -0.000001
118  -11.316473 -0.319618 4.380215  -0.000003 -0.000000 0.000000
119  -12.667811 -0.319616 4.380215  -0.000003 -0.000000 0.000001
120  -14.022141 -0.319616 4.380215  0.000010 -0.000000 -0.000011
121  -15.373240 -0.319622 4.380214  0.000015 -0.000000 -0.000015
122  -16.724142 -0.319619 4.380214  -0.000009 -0.000000 0.000006
123  -18.074572 -0.319616 4.380214  -0.000006 -0.000000 0.000004
124  -19.423716 -0.319620 4.380214  0.000002 0.000000 -0.000004
125  -20.775272 -0.319618 4.380214  0.000003 0.000000 -0.000004
126  -22.126673 -0.319616 4.380215  0.000003 -0.000000 -0.000004
127  -23.478125 -0.319614 4.380215  0.000005 -0.000000 -0.000006
128  -24.830620 -0.319613 4.380215  0.000036 0.000000 -0.000038
129  -26.182028 -0.319611 4.380215  -0.000011 -0.000000 0.000011
130  0.529180 -0.167135 0.629484  -0.101270 -0.000000 0.000000
131  -0.211444 -0.241691 0.155361  -0.145847 -0.000000 0.000000
132  0.529190 -0.280702 -0.110293  -0.145847 -0.000000 0.000000
133  -0.173927 -0.337323 -0.638495  -0.181751 -0.000000 0.000000
134  0.529189 -0.399246 -0.975394  -0.181751 -0.000000 0.000000
135  -0.211444 -0.464474 -1.431042  -0.192399 -0.000000 0.000000
136  0.529189 -0.515804 -1.694583  -0.192399 -0.000000 0.000000
137  -0.173928 -0.612157 -2.231911  -0.216703 -0.000000 0.000000
138  0.529188 -0.685809 -2.566440  -0.216703 -0.000000 0.000000
139  -0.211445 -0.769556 -3.027870  -0.237349 -0.000000 0.000000
140  0.529188 -0.832689 -3.288847  -0.237349 -0.000000 0.000000
141  -0.173937 -0.945278 -3.779564  -0.233859 0.000000 0.000000
142  0.529179 -1.024660 -4.112780  -0.233859 0.000000 0.000000
143  -0.211443 -1.132193 -4.577547  -0.262919 -0.000000 0.000000
144  0.529190 -1.201969 -4.836825  -0.262919 0.000000 0.000000
145  -0.000004 -2.810945 -10.636630  0.258454 0.000000 3.141592
146  -0.192455 -1.345779 -5.370045  -0.280373 0.000000 0.000000
147  0.533984 -1.413510 -5.605104  -0.276883 0.000000 0.000000
148  -0.206618 -1.795762 -6.909779  -0.287354 0.000000 0.000000
149  -0.205805 -1.564819 -6.138257  -0.290843 0.000000 0.000000
150  0.530460 -1.643681 -6.395215  -0.290844 0.000000 0.000000
151  0.535311 -1.790703 -7.204133  -0.287354 -0.000000 0.000000
152  -0.202703 -2.030491 -7.702829  -0.286180 -0.000000 0.000000
153  0.509548 -2.118900 -8.011624  -0.298398 -0.000000 0.000000
154  -0.202703 -2.255278 -8.465172  -0.283134 -0.000000 0.000000
155  0.509548 -2.352980 -8.771158  -0.295352 -0.000000 0.000000
156  -0.202704 -2.481597 -9.235471  -0.285437 -0.000000 0.000000
157  0.509547 -2.588684 -9.538638  -0.297654 -0.000000 0.000000
158  0.170123 -21.222095 -1.001140  -0.000001 -0.000001 0.000000
159  0.170123 -20.843866 -0.397183  -0.000001 -0.000001 0.000000
160  0.170123 -20.489748 -1.001141  -0.000001 -0.000001 0.000000
161  0.170124 -20.111074 -0.397183  -0.000001 -0.000001 0.000000
162  0.170123 -19.380095 -0.397186  -0.000001 -0.000001 0.000000
163  0.170123 -19.025110 -1.001145  -0.000001 -0.000001 0.000000
164  0.170123 -18.646662 -0.396447  -0.000001 -0.000001 0.000000
165  0.170124 -19.755762 -1.001141  -0.000001 -0.000001 0.000000
166  -0.015973 10.612517 2.686017  0.000001 -0.000000 -0.000000
167  0.059851 -50.160702 6.449380  1.570797 0.000000 -1.570797
168  0.064652 27.351288 72.195206  0.000000 -0.000000 -0.000001
169  6.064260 95.114006 31.645498  -0.000000 -0.000001 1.570796
170  0.054185 102.845634 29.795362  0.000000 0.000001 -1.570796
171  6.064257 69.096558 37.164318  1.570796 0.000000 1.570796
172  1.974303 11.989233 4.589250  0.000000 -0.000000 0.000000
173  -0.011481 23.944746 5.090361  0.000001 -0.000000 0.000000
174  -1.691251 8.833342 5.763507  0.000001 -0.000000 0.000000
175  6.064261 89.329796 31.613916  -0.000000 -0.000001 1.570796
176  0.059886 2.255335 54.398014  0.000000 -0.000000 0.000000
177  0.003497 -22.270647 0.000145  1.570797 -0.000000 -1.570797
178  0.104010 15.380370 2.266152  0.000001 -0.000000 -0.000000
179  0.049049 0.001386 0.027428  0.000000 -0.006897 0.000000
180  0.023797 -0.000530 -0.010422  -0.000000 -0.006897 0.000000
181  -2.662412 1.445758 33.628746  0.000000 3.141591 1.570796
182  8.352066 2.772897 0.000542  -3.141589 0.000002 0.000000
183  -2.662412 1.445755 40.667957  0.000000 3.141591 1.570796
184  8.352066 2.772897 0.000546  -3.141589 0.000002 0.000000
185  -1.431356 16.384779 4.137811  0.000001 -0.000000 0.000000
186  -0.001845 0.521683 -0.140289  0.000000 -0.000000 -0.000000
187  7.323108 -5.136191 -5.166237  0.000000 0.000000 -0.610865
188  2.698278 -0.000002 0.000001  -0.000012 0.000000 0.000000
189  2.834159 -0.000001 0.000000  0.000013 0.000000 -0.000000
190  2.648919 -0.000001 0.000001  -0.000001 -0.000001 0.000000
191  2.667498 -0.000002 0.000001  -0.000000 0.000000 -0.000000
192  2.426700 -0.000004 0.000000  -0.000000 0.000000 -0.000000
193  -0.494744 -44.353447 -1.302299  1.570797 0.000000 -1.570797
194  11.545938 73.768417 -3.792010  0.000000 -0.000000 0.000000
195  -0.011102 -16.902813 1.952047  0.000001 -0.000000 -0.000000
196  -0.000000 -0.000000 -1.529052  -0.000000 0.000000 0.000000
197  -0.078942 0.000001 -0.000000  0.000000 0.000001 1.570796
198  0.097092 0.000002 -0.000000  -0.000000 -3.141592 1.570796
199  0.000000 0.000000 0.000000  0.000000 -0.000000 -0.000000
200  -0.007765 0.153397 -0.011095  0.005554 0.002443 -0.000482
201  -0.016781 0.170666 -0.025530  0.005554 0.002443 -0.000482
time 2
0  0 0 0  0 0 0
1  0.000000 0.000000 0.000000  0.000000 -0.000000 -0.000000
2  -0.000005 0.000023 -61.375507  0.000000 0.000000 -1.570795
3  -0.012872 0.000000 8.235020  -1.570799 -1.570796 0.000000
4  16.163128 -0.012870 -0.000002  -0.000000 -0.000000 0.000000
5  16.163143 -0.000009 3.830524  -3.089336 -1.570794 0.000000
6  -0.000031 -0.000001 -0.000000  -0.002432 -0.007206 -0.002616
7  0.000003 -0.000007 0.000000  0.000000 0.000000 -0.016663
8  -0.000000 0.000001 -0.000001  0.000000 -0.000000 -0.000000
9  0.000001 0.000001 -0.000001  -0.002869 -0.000000 -0.000000
10  -0.000002 0.000000 -0.000001  -0.004334 -0.000000 -0.000000
11  -0.000000 0.000000 -0.000001  -0.005799 0.000000 -0.000000
12  -0.000002 0.000000 -0.000001  -0.007263 -0.000000 -0.000000
13  -0.000000 -0.000001 -0.000001  -0.008728 -0.000000 -0.000000
14  -0.000002 -0.000001 -0.000001  -0.010193 -0.000000 -0.000000
15  -0.000002 0.000002 0.000000  -0.010034 -0.011401 0.014828
16  1.410070 0.800535 -2.089137  2.009773 0.630250 0.591915
17  3.954711 -0.000002 0.000007  -0.000004 -0.000001 0.166316
18  3.101568 0.000005 0.000003  0.000002 -0.000001 0.240238
19  6.164460 -0.898142 2.575019  0.090705 -0.013516 -0.151467
20  2.805850 0.000004 -0.000005  0.000002 0.000001 0.079095
21  2.307445 -0.000003 0.000002  -0.000000 -0.000000 -0.056423
22  7.145098 -0.676330 -1.382428  0.086918 -0.009133 -0.085503
23  3.672212 0.000003 0.000001  0.000003 0.000001 0.142941
24  2.676527 0.000001 0.000001  -0.000001 -0.000001 -0.026075
25  6.831177 -0.870853 0.599920  0.130314 -0.006347 -0.065005
26  3.657083 -0.000009 0.000002  0.000000 0.000000 0.057729
27  2.496794 0.000004 -0.000000  0.000000 0.000000 -0.091107
28  7.183353 -0.532073 -3.267609  0.123210 0.020356 -0.052484
29  3.511590 0.000006 0.000001  -0.000001 -0.000001 0.099575
30  2.199409 0.000001 0.000003  0.000001 0.000001 0.029263
31  16.163136 0.000012 -3.830531  -3.098550 1.570794 0.000000
32  -0.000018 -0.000001 0.000001  -0.000341 0.006166 0.008300
33  -0.000001 0.000001 -0.000001  0.000000 -0.000000 -0.022401
34  0.000001 0.000000 -0.000002  -0.000000 0.000000 -0.000000
35  -0.000002 -0.000002 -0.000002  0.000000 0.000000 0.000000
36  -0.000003 -0.000001 0.000000  -0.001587 0.000000 0.000000
37  -0.000001 -0.000000 0.000000  -0.002136 -0.000000 0.000000
38  -0.000006 0.000001 -0.000002  -0.002686 -0.000000 -0.000000
39  -0.000004 -0.000000 -0.000002  -0.003235 -0.000000 -0.000000
40  -0.000004 -0.000002 -0.000002  -0.003784 0.000000 0.000000
41  -0.000007 -0.000004 -0.000003  -0.004422 -0.009482 0.018394
42  1.410069 0.800525 2.089139  -2.009768 -0.630254 0.591907
43  3.954720 0.000012 0.000004  -0.000000 -0.000002 0.166320
44  3.101560 -0.000009 0.000004  -0.000001 -0.000000 0.240238
45  7.183347 -0.532109 3.267604  -0.123210 -0.020355 -0.052486
46  3.511602 -0.000001 0.000000  0.000003 0.000001 0.099571
47  2.199403 0.000005 -0.000001  -0.000001 -0.000001 0.029267
48  7.145096 -0.676362 1.382421  -0.086920 0.009133 -0.085505
49  3.672218 -0.000002 -0.000004  0.000001 -0.000000 0.142941
50  2.676518 -0.000003 0.000003  -0.000001 -0.000001 -0.026075
51  6.831175 -0.870879 -0.599926  -0.130311 0.006346 -0.065012
52  3.657078 -0.000002 -0.000003  -0.000000 0.000001 0.057734
53  2.496794 0.000001 0.000004  0.000000 -0.000001 -0.091108
54  6.164467 -0.898158 -2.575025  -0.090704 0.013515 -0.151468
55  2.805847 -0.000004 0.000003  -0.000002 -0.000001 0.079091
56  2.307433 0.000000 -0.000004  0.000002 0.000001 -0.056419
57  0.000000 0.000000 -0.000000  0.000000 -0.000000 0.000000
58  0.031044 0.224228 -0.033234  0.008048 0.015203 -0.001160
59  0.071249 114.357033 62.238792  0.000000 0.000000 -0.000000
60  1.986525 0.000001 -3.123740  -2.705260 -0.000000 -1.570797
61  -1.986692 0.000002 -3.123748  0.436333 0.000001 1.570797
62  -0.000000 -0.000003 -0.000008  0.000000 0.000000 0.000000
63  -1.986692 0.000003 -3.123739  0.436333 0.000001 1.570797
64  -11.344175 1.135888 0.869281  0.000002 -0.025019 -0.026324
65  1.986525 0.000001 -3.123735  -2.705260 -0.000000 -1.570797
66  -11.350046 -0.729423 0.864894  0.000197 -0.025367 0.026442
67  1.754237 4.036747 -1.682671  0.392575 -0.010120 -1.546362
68  -1.755139 4.036745 -1.682670  -0.392577 -0.010391 -1.594986
69  -0.164556 7.327704 3.928703  -0.000000 0.000001 -1.570796
70  0.079082 36.742687 -0.508023  0.000001 0.000000 -0.000000
71  -1.260174 8.777409 6.736405  -0.000002 -0.424416 -3.141592
72  1.525193 18.283598 2.968622  0.000000 0.000000 0.000000
73  0.060217 10.324389 74.469055  0.000008 0.000000 0.000000
74  0.062809 75.917999 83.075432  1.570797 -0.000000 -1.570796
75  4.804183 -3.971753 0.000001  -0.000000 0.000000 -0.000000
76  -7.041570 -5.026003 0.000002  -0.000000 -0.000000 -0.000000
77  8.407180 -3.978448 0.003055  -1.570796 1.570795 0.000000
78  10.376190 -3.978452 0.003056  -1.570796 1.570796 0.000000
79  10.194017 -0.314071 -1.749547  -1.570796 1.570796 0.000000
80  20.857887 -4.015577 0.000003  0.000000 -0.000000 0.000000
81  3.258435 5.856942 -3.403524  -0.000000 -0.000000 -0.000000
82  15.153045 5.860569 -3.403521  -0.000000 -0.000000 0.000000
83  6.064257 77.294952 36.365799  1.570796 -0.000000 1.570796
84  -2.662412 1.445755 40.667957  -0.000000 3.141591 1.570796
85  8.352066 2.772896 0.000540  -3.141589 0.000002 -0.000000
86  6.064257 72.973686 32.593250  1.570796 -0.000000 1.570796
87  0.004365 73.768417 -3.792008  0.000000 0.000000 0.000000
88  -0.442609 1.284877 8.535290  0.000000 -0.000001 0.000000
89  0.000001 1.310210 -0.000001  0.000000 0.000000 0.000000
90  0.000001 0.582256 -0.000000  0.000000 0.000000 0.000000
91  0.036297 1.284882 7.928798  0.000000 -0.000001 0.000000
92  0.000001 1.310214 -0.000000  0.000000 -0.000000 0.000000
93  0.000000 0.582261 0.000000  0.000000 -0.000000 0.000000
94  5.969323 3.427461 -6.170651  -0.000000 -0.000001 -1.570797
95  -1.310207 0.000001 0.000001  0.000000 -0.000000 -0.000000
96  -0.582253 -0.000000 0.000000  0.000000 0.000000 -0.000000
97  5.969323 9.397401 -6.170660  -0.000000 -0.000001 -1.570796
98  -1.310198 0.000000 -0.000000  0.000000 0.000000 -0.000000
99  -0.582252 -0.000001 -0.000001  0.000000 0.000000 -0.000000
100  5.969323 15.223769 -6.170671  -0.000000 -0.000001 -1.570796
101  -1.310210 0.000002 0.000001  -0.000000 0.000000 -0.000000
102  -0.582265 0.000001 0.000001  -0.000000 0.000000 -0.000000
103  5.969323 20.835569 -6.170672  -0.000000 -0.000001 -1.570796
104  -1.310202 0.000001 0.000002  -0.000000 0.000000 -0.000000
105  -0.582263 0.000000 0.000004  -0.000000 0.000000 -0.000000
106  5.969324 26.771204 -6.170672  -0.000000 -0.000001 -1.570796
107  5.969322 32.597595 -6.170675  -0.000000 -0.000001 -1.570796
108  5.969323 38.209396 -6.170685  -0.000000 -0.000001 -1.570800
109  5.969322 49.488457 -6.170683  -0.000000 -0.000001 -1.570800
110  -0.539090 -0.556817 -0.017363  -0.042462 2.681156 1.551919
111  -6.799123 -0.556806 0.818549  -0.272420 2.701993 1.452460
112  -4.615283 -0.556827 0.270328  -0.117230 2.684609 1.518878
113  -2.650969 -0.556817 0.063010  -0.042463 2.681158 1.551919
114  27.110338 1.284858 12.007548  0.000000 -0.000000 -0.000000
115  28.133425 1.284854 12.007548  0.000001 -0.000000 -0.000000
116  12.812885 2.241789 12.007549  0.000000 -0.000001 -0.000001
117  -9.955969 -0.319625 4.380214  -0.000001 -0.000000 -0.000001
118  -11.316474 -0.319630 4.380215  -0.000003 -0.000000 0.000000
119  -12.667811 -0.319625 4.380215  -0.000003 -0.000000 0.000001
120  -14.022141 -0.319623 4.380215  0.000010 -0.000000 -0.000011
121  -15.373240 -0.319626 4.380214  0.000015 -0.000000 -0.000015
122  -16.724142 -0.319628 4.380214  -0.000009 -0.000000 0.000006
123  -18.074574 -0.319622 4.380214  -0.000006 0.000000 0.000004
124  -19.423716 -0.319622 4.380214  0.000002 0.000000 -0.000004
125  -20.775272 -0.319624 4.380214  0.000003 0.000000 -0.000004
126  -22.126673 -0.319627 4.380215  0.000003 0.000000 -0.000004
127  -23.478123 -0.319622 4.380215  0.000005 -0.000000 -0.000006
128  -24.830620 -0.319626 4.380215  0.000036 0.000000 -0.000038
129  -26.182030 -0.319621 4.380215  -0.000011 0.000000 0.000011
130  0.529180 -0.167134 0.629484  -0.101270 -0.000000 0.000000
131  -0.211444 -0.241684 0.155361  -0.145847 -0.000000 0.000000
132  0.529190 -0.280698 -0.110293  -0.145847 -0.000000 0.000000
133  -0.173927 -0.337329 -0.638496  -0.181751 -0.000000 0.000000
134  0.529189 -0.399249 -0.975393  -0.181751 -0.000000 0.000000
135  -0.211444 -0.464478 -1.431042  -0.192399 -0.000000 0.000000
136  0.529189 -0.515805 -1.694583  -0.192400 -0.000000 0.000000
137  -0.173928 -0.612155 -2.231911  -0.216703 -0.000000 0.000000
138  0.529188 -0.685805 -2.566440  -0.216703 -0.000000 0.000000
139  -0.211445 -0.769561 -3.027871  -0.237349 -0.000000 0.000000
140  0.529188 -0.832694 -3.288847  -0.237349 -0.000000 0.000000
141  -0.173937 -0.945278 -3.779564  -0.233859 0.000000 0.000000
142  0.529179 -1.024663 -4.112781  -0.233859 0.000000 0.000000
143  -0.211443 -1.132183 -4.577549  -0.262919 -0.000000 0.000000
144  0.529190 -1.201962 -4.836825  -0.262919 0.000000 0.000000
145  -0.000004 -2.810948 -10.636631  0.258454 0.000000 3.141592
146  -0.192455 -1.345781 -5.370046  -0.280373 0.000000 0.000000
147  0.533984 -1.413513 -5.605104  -0.276883 0.000000 0.000000
148  -0.206618 -1.795770 -6.909780  -0.287354 0.000000 0.000000
149  -0.205805 -1.564822 -6.138257  -0.290843 0.000000 0.000000
150  0.530460 -1.643675 -6.395216  -0.290844 0.000000 0.000000
151  0.535311 -1.790707 -7.204133  -0.287354 -0.000000 0.000000
152  -0.202703 -2.030487 -7.702830  -0.286180 -0.000000 0.000000
153  0.509548 -2.118896 -8.011624  -0.298398 -0.000000 0.000000
154  -0.202703 -2.255279 -8.465172  -0.283134 -0.000000 0.000000
155  0.509548 -2.352982 -8.771158  -0.295352 -0.000000 0.000000
156  -0.202704 -2.481600 -9.235471  -0.285437 -0.000000 0.000000
157  0.509547 -2.588680 -9.538638  -0.297654 -0.000000 0.000000
158  0.170123 -21.222097 -1.001140  -0.000001 -0.000001 0.000000
159  0.170123 -20.843864 -0.397183  -0.000001 -0.000001 0.000000
160  0.170123 -20.489750 -1.001141  -0.000001 -0.000001 0.000000
161  0.170124 -20.111067 -0.397183  -0.000001 -0.000001 0.000000
162  0.170123 -19.380091 -0.397187  -0.000001 -0.000001 0.000000
163  0.170123 -19.025114 -1.001146  -0.000001 -0.000001 0.000000
164  0.170123 -18.646660 -0.396447  -0.000001 -0.000001 0.000000
165  0.170124 -19.755764 -1.001142  -0.000001 -0.000001 0.000000
166  -0.015973 10.612518 2.686017  0.000001 0.000000 -0.000000
167  0.059851 -50.160702 6.449381  1.570797 0.000000 -1.570797
168  0.064653 27.351290 72.195213  0.000000 -0.000000 -0.000001
169  6.064261 95.114006 31.645498  0.000000 -0.000001 1.570796
170  0.054185 102.845642 29.795362  -0.000000 0.000001 -1.570796
171  6.064257 69.096558 37.164318  1.570796 -0.000000 1.570796
172  1.974303 11.989234 4.589250  0.000000 0.000000 0.000000
173  -0.011481 23.944746 5.090361  0.000001 0.000000 0.000000
174  -1.691251 8.833341 5.763507  0.000001 0.000000 0.000000
175  6.064261 89.329788 31.613916  0.000000 -0.000001 1.570796
176  0.059886 2.255335 54.398010  0.000000 0.000000 0.000000
177  0.003497 -22.270645 0.000147  1.570797 -0.000000 -1.570797
178  0.104010 15.380371 2.266153  0.000001 0.000000 -0.000000
179  0.049049 0.001386 0.027428  0.000000 -0.006897 0.000000
180  0.023797 -0.000528 -0.010418  -0.000000 -0.006897 0.000000
181  -2.662412 1.445758 33.628742  -0.000000 3.141591 1.570796
182  8.352066 2.772896 0.000544  -3.141589 0.000002 -0.000000
183  -2.662412 1.445755 40.667957  -0.000000 3.141591 1.570796
184  8.352066 2.772896 0.000540  -3.141589 0.000002 -0.000000
185  -1.431356 16.384779 4.137811  0.000001 0.000000 0.000000
186  -0.001845 0.521683 -0.140289  0.000000 0.000000 -0.000000
187  7.323109 -5.136191 -5.166237  0.000000 0.000000 -0.610865
188  2.698277 -0.000001 0.000001  -0.000012 0.000000 0.000001
189  2.834160 -0.000001 0.000000  0.000013 0.000000 -0.000000
190  2.648918 -0.000001 0.000001  -0.000001 -0.000001 0.000000
191  2.667500 -0.000002 -0.000001  -0.000000 0.000000 0.000000
192  2.426703 -0.000002 -0.000000  0.000000 0.000000 -0.000000
193  -0.494744 -44.353447 -1.302299  1.570797 0.000000 -1.570797
194  11.545938 73.768417 -3.792010  0.000000 0.000000 0.000000
195  -0.011103 -16.902813 1.952047  0.000001 0.000000 -0.000000
196  -0.000000 0.000001 -1.529052  -0.000000 0.000000 0.000000
197  -0.078942 -0.000001 -0.000000  0.000000 0.000001 1.570796
198  0.097092 -0.000001 0.000000  -0.000000 -3.141592 1.570796
199  0.000000 0.000000 0.000000  0.000000 -0.000000 -0.000000
200  -0.035461 0.281082 0.067659  0.008053 0.008305 -0.000883
201  -0.066370 0.305347 0.020471  0.008053 0.008305 -0.000882
time 3
0  0 0 0  0 0 0
1  0.000000 0.000000 0.000000  0.000000 -0.000000 -0.000000
2  -0.000005 0.000023 -61.375507  0.000000 0.000000 -1.570795
3  -0.012872 0.000000 8.235020  -1.570799 -1.570796 0.000000
4  16.163128 -0.012870 -0.000002  -0.000000 -0.000000 0.000000
5  16.163143 -0.000009 3.830524  -3.089336 -1.570794 0.000000
6  -0.000031 -0.000001 -0.000000  -0.002120 -0.007207 -0.004448
7  0.000001 -0.000007 0.000001  0.000000 0.000000 -0.022340
8  -0.000000 0.000001 -0.000001  0.000000 -0.000000 -0.000000
9  0.000001 0.000001 -0.000001  -0.004090 -0.000000 -0.000000
10  -0.000001 0.000001 -0.000001  -0.006165 -0.000000 -0.000000
11  -0.000002 0.000001 0.000001  -0.008240 0.000000 -0.000000
12  -0.000002 0.000000 0.000001  -0.010315 -0.000000 -0.000000
13  -0.000001 -0.000001 -0.000003  -0.012391 -0.000000 -0.000000
14  -0.000004 -0.000001 -0.000001  -0.014466 -0.000000 -0.000000
15  -0.000000 0.000002 0.000003  -0.014212 -0.017255 0.019961
16  1.410070 0.800535 -2.089138  2.009774 0.630250 0.591915
17  3.954710 -0.000004 0.000006  -0.000004 -0.000001 0.166316
18  3.101567 0.000000 0.000003  0.000002 -0.000001 0.240238
19  6.164460 -0.898142 2.575018  0.090705 -0.013516 -0.151467
20  2.805849 0.000004 -0.000002  0.000002 0.000001 0.079095
21  2.307443 -0.000004 -0.000000  -0.000000 -0.000000 -0.056423
22  7.145099 -0.676330 -1.382429  0.086918 -0.009133 -0.085503
23  3.672213 0.000003 0.000001  0.000003 0.000001 0.142941
24  2.676525 0.000001 0.000001  -0.000001 -0.000001 -0.026075
25  6.831176 -0.870853 0.599919  0.130314 -0.006347 -0.065005
26  3.657081 -0.000009 -0.000003  0.000000 0.000000 0.057729
27  2.496794 0.000004 -0.000001  0.000000 0.000000 -0.091107
28  7.183353 -0.532073 -3.267609  0.123210 0.020356 -0.052484
29  3.511590 0.000006 -0.000003  -0.000001 -0.000001 0.099575
30  2.199411 0.000000 0.000005  0.000001 0.000001 0.029263
31  16.163136 0.000012 -3.830531  -3.098550 1.570794 0.000000
32  -0.000018 -0.000001 0.000001  -0.000634 0.006230 0.012083
33  -0.000002 0.000001 -0.000006  0.000000 -0.000000 -0.031191
34  0.000000 0.000000 0.000002  -0.000000 0.000000 -0.000000
35  -0.000002 -0.000002 0.000002  0.000000 0.000000 0.000000
36  -0.000003 -0.000001 0.000003  -0.003235 0.000000 0.000000
37  -0.000001 -0.000000 0.000003  -0.004334 -0.000000 0.000000
38  -0.000006 0.000000 0.000003  -0.005432 -0.000000 -0.000000
39  -0.000004 -0.000000 0.000002  -0.006531 -0.000000 -0.000000
40  -0.000004 -0.000002 0.000002  -0.007630 0.000000 0.000000
41  -0.000009 -0.000004 -0.000000  -0.008931 -0.015634 0.025768
42  1.410069 0.800525 2.089138  -2.009768 -0.630254 0.591907
43  3.954720 0.000012 0.000005  -0.000000 -0.000002 0.166319
44  3.101559 -0.000010 0.000003  -0.000001 -0.000000 0.240238
45  7.183347 -0.532110 3.267605  -0.123210 -0.020355 -0.052486
46  3.511603 -0.000000 -0.000000  0.000003 0.000001 0.099571
47  2.199404 0.000004 -0.000003  -0.000001 -0.000001 0.029267
48  7.145095 -0.676362 1.382419  -0.086920 0.009133 -0.085505
49  3.672218 -0.000002 -0.000001  0.000001 -0.000000 0.142941
50  2.676517 -0.000003 0.000004  -0.000001 -0.000001 -0.026075
51  6.831176 -0.870879 -0.599927  -0.130311 0.006346 -0.065012
52  3.657078 -0.000002 -0.000001  -0.000000 0.000001 0.057734
53  2.496794 0.000001 0.000006  0.000000 -0.000001 -0.091108
54  6.164466 -0.898158 -2.575025  -0.090704 0.013515 -0.151468
55  2.805847 -0.000004 0.000002  -0.000002 -0.000001 0.079091
56  2.307434 -0.000000 -0.000000  0.000002 0.000001 -0.056419
57  0.000000 0.000000 -0.000000  0.000000 -0.000000 0.000000
58  0.038308 0.319183 0.057296  0.009933 0.022226 -0.001477
59  0.071249 114.357033 62.238792  0.000000 0.000000 -0.000000
60  1.986524 0.000007 -3.123736  -2.705260 -0.000000 -1.570797
61  -1.986692 0.000009 -3.123745  0.436333 0.000001 1.570797
62  -0.000000 -0.000009 -0.000004  0.000000 0.000000 0.000000
63  -1.986692 0.000009 -3.123736  0.436333 0.000001 1.570797
64  -11.344153 1.135888 0.869282  0.000002 -0.025019 -0.026324
65  1.986524 0.000016 -3.123731  -2.705260 -0.000000 -1.570797
66  -11.350048 -0.729423 0.864892  0.000197 -0.025367 0.026442
67  1.754236 4.036752 -1.682668  0.392575 -0.010120 -1.546362
68  -1.755139 4.036752 -1.682668  -0.392577 -0.010391 -1.594986
69  -0.164556 7.327704 3.928703  -0.000000 0.000001 -1.570796
70  0.079082 36.742687 -0.508023  0.000001 0.000000 -0.000000
71  -1.260174 8.777409 6.736405  -0.000002 -0.424416 -3.141592
72  1.525193 18.283598 2.968622  0.000000 0.000000 0.000000
73  0.060216 10.324389 74.469063  0.000008 0.000000 0.000000
74  0.062808 75.917992 83.075439  1.570797 0.000000 -1.570796
75  4.804187 -3.971740 0.000001  -0.000000 0.000000 -0.000000
76  -7.041566 -5.025994 0.000002  -0.000000 -0.000000 -0.000000
77  8.407178 -3.978431 0.003056  -1.570796 1.570795 0.000000
78  10.376189 -3.978445 0.003056  -1.570796 1.570796 0.000000
79  10.194023 -0.314062 -1.749547  -1.570796 1.570796 0.000000
80  20.857893 -4.015560 0.000003  0.000000 -0.000000 0.000000
81  3.258447 5.856956 -3.403523  -0.000000 -0.000000 -0.000000
82  15.153055 5.860581 -3.403520  0.000000 -0.000000 0.000000
83  6.064256 77.294952 36.365795  1.570796 -0.000000 1.570796
84  -2.662412 1.445755 40.667957  -0.000000 3.141591 1.570796
85  8.352067 2.772897 0.000537  -3.141589 0.000002 -0.000000
86  6.064256 72.973694 32.593250  1.570796 -0.000000 1.570796
87  0.004365 73.768417 -3.792007  0.000000 -0.000000 0.000000
88  -0.442609 1.284878 8.535290  0.000000 -0.000001 0.000000
89  0.000001 1.310211 -0.000000  0.000000 0.000000 0.000000
90  0.000001 0.582263 -0.000000  0.000000 0.000000 0.000000
91  0.036297 1.284882 7.928798  0.000000 -0.000001 0.000000
92  0.000001 1.310207 -0.000001  0.000000 0.000000 0.000000
93  -0.000000 0.582258 -0.000000  0.000000 0.000000 0.000000
94  5.969323 3.427456 -6.170650  -0.000000 -0.000001 -1.570797
95  -1.310217 0.000001 0.000002  0.000000 0.000000 -0.000000
96  -0.582268 -0.000000 0.000000  0.000000 0.000000 -0.000000
97  5.969323 9.397399 -6.170660  -0.000000 -0.000001 -1.570796
98  -1.310211 -0.000000 0.000001  0.000000 0.000000 -0.000000
99  -0.582262 -0.000001 -0.000001  0.000000 0.000000 -0.000000
100  5.969321 15.223773 -6.170671  0.000000 -0.000001 -1.570796
101  -1.310207 0.000002 0.000001  -0.000000 0.000000 -0.000000
102  -0.582259 0.000001 0.000001  -0.000000 0.000000 -0.000000
103  5.969323 20.835571 -6.170670  0.000000 -0.000001 -1.570796
104  -1.310205 0.000001 0.000001  -0.000000 0.000000 -0.000000
105  -0.582248 0.000000 0.000004  -0.000000 0.000000 -0.000000
106  5.969323 26.771210 -6.170672  0.000000 -0.000001 -1.570796
107  5.969322 32.597599 -6.170674  0.000000 -0.000001 -1.570796
108  5.969323 38.209396 -6.170686  0.000000 -0.000001 -1.570800
109  5.969322 49.488464 -6.170684  0.000000 -0.000001 -1.570800
110  -0.539090 -0.556810 -0.017363  -0.042462 2.681156 1.551919
111  -6.799123 -0.556812 0.818550  -0.272420 2.701993 1.452460
112  -4.615283 -0.556824 0.270328  -0.117230 2.684609 1.518878
113  -2.650969 -0.556807 0.063010  -0.042463 2.681158 1.551919
114  27.110336 1.284858 12.007548  0.000000 -0.000000 0.000000
115  28.133425 1.284858 12.007547  0.000001 -0.000000 0.000000
116  12.812887 2.241786 12.007549  -0.000000 -0.000001 -0.000001
117  -9.955967 -0.319624 4.380214  -0.000001 -0.000000 -0.000001
118  -11.316473 -0.319626 4.380215  -0.000003 -0.000000 0.000000
119  -12.667811 -0.319622 4.380215  -0.000003 -0.000000 0.000001
120  -14.022140 -0.319622 4.380215  0.000010 -0.000000 -0.000011
121  -15.373240 -0.319625 4.380214  0.000015 -0.000000 -0.000015
122  -16.724142 -0.319620 4.380214  -0.000009 -0.000000 0.000006
123  -18.074570 -0.319622 4.380214  -0.000006 0.000000 0.000004
124  -19.423716 -0.319623 4.380214  0.000002 0.000000 -0.000004
125  -20.775270 -0.319619 4.380214  0.000003 0.000000 -0.000004
126  -22.126669 -0.319622 4.380215  0.000003 -0.000000 -0.000004
127  -23.478123 -0.319618 4.380215  0.000005 0.000000 -0.000006
128  -24.830618 -0.319623 4.380215  0.000036 -0.000000 -0.000038
129  -26.182028 -0.319619 4.380215  -0.000011 -0.000000 0.000011
130  0.529180 -0.167125 0.629484  -0.101270 -0.000000 0.000000
131  -0.211444 -0.241684 0.155361  -0.145847 -0.000000 0.000000
132  0.529190 -0.280710 -0.110292  -0.145847 -0.000000 0.000000
133  -0.173927 -0.337326 -0.638495  -0.181751 -0.000000 0.000000
134  0.529189 -0.399253 -0.975393  -0.181751 -0.000000 0.000000
135  -0.211444 -0.464479 -1.431042  -0.192399 -0.000000 0.000000
136  0.529189 -0.515807 -1.694583  -0.192399 -0.000000 0.000000
137  -0.173928 -0.612144 -2.231911  -0.216703 -0.000000 0.000000
138  0.529188 -0.685806 -2.566440  -0.216703 -0.000000 0.000000
139  -0.211445 -0.769562 -3.027870  -0.237349 -0.000000 0.000000
140  0.529188 -0.832691 -3.288847  -0.237349 -0.000000 0.000000
141  -0.173937 -0.945282 -3.779564  -0.233859 0.000000 0.000000
142  0.529179 -1.024668 -4.112780  -0.233859 0.000000 0.000000
143  -0.211443 -1.132180 -4.577548  -0.262919 -0.000000 0.000000
144  0.529190 -1.201968 -4.836825  -0.262919 0.000000 0.000000
145  -0.000004 -2.810944 -10.636629  0.258454 0.000000 3.141592
146  -0.192455 -1.345783 -5.370045  -0.280373 0.000000 0.000000
147  0.533984 -1.413512 -5.605105  -0.276883 0.000000 0.000000
148  -0.206618 -1.795764 -6.909779  -0.287354 0.000000 0.000000
149  -0.205805 -1.564822 -6.138257  -0.290843 0.000000 0.000000
150  0.530460 -1.643682 -6.395216  -0.290844 0.000000 0.000000
151  0.535311 -1.790712 -7.204133  -0.287354 -0.000000 0.000000
152  -0.202703 -2.030484 -7.702830  -0.286180 -0.000000 0.000000
153  0.509548 -2.118899 -8.011624  -0.298398 -0.000000 0.000000
154  -0.202703 -2.255283 -8.465172  -0.283134 -0.000000 0.000000
155  0.509548 -2.352978 -8.771159  -0.295352 -0.000000 0.000000
156  -0.202704 -2.481595 -9.235471  -0.285437 -0.000000 0.000000
157  0.509547 -2.588686 -9.538637  -0.297654 -0.000000 0.000000
158  0.170123 -21.222092 -1.001140  -0.000001 -0.000001 0.000000
159  0.170123 -20.843864 -0.397183  -0.000001 -0.000001 0.000000
160  0.170123 -20.489748 -1.001141  -0.000001 -0.000001 0.000000
161  0.170124 -20.111067 -0.397183  -0.000001 -0.000001 0.000000
162  0.170123 -19.380089 -0.397186  -0.000001 -0.000001 0.000000
163  0.170123 -19.025110 -1.001146  -0.000001 -0.000001 0.000000
164  0.170123 -18.646662 -0.396447  -0.000001 -0.000001 0.000000
165  0.170124 -19.755764 -1.001142  -0.000001 -0.000001 0.000000
166  -0.015973 10.612517 2.686017  0.000001 0.000000 -0.000000
167  0.059851 -50.160702 6.449380  1.570797 0.000000 -1.570797
168  0.064652 27.351290 72.195206  0.000000 -0.000000 -0.000001
169  6.064260 95.114021 31.645500  0.000000 -0.000001 1.570796
170  0.054185 102.845642 29.795361  -0.000000 0.000001 -1.570796
171  6.064256 69.096558 37.164318  1.570796 -0.000000 1.570796
172  1.974303 11.989232 4.589250  0.000000 0.000000 0.000000
173  -0.011481 23.944746 5.090361  0.000001 -0.000000 0.000000
174  -1.691251 8.833342 5.763507  0.000001 0.000000 0.000000
175  6.064260 89.329803 31.613916  0.000000 -0.000001 1.570796
176  0.059886 2.255334 54.398010  0.000000 0.000000 0.000000
177  0.003496 -22.270647 0.000142  1.570797 0.000000 -1.570797
178  0.104010 15.380370 2.266153  0.000001 0.000000 -0.000000
179  0.049048 0.001386 0.027428  0.000000 -0.006897 0.000000
180  0.023797 -0.000527 -0.010420  -0.000000 -0.006897 0.000000
181  -2.662412 1.445758 33.628742  -0.000000 3.141591 1.570796
182  8.352067 2.772897 0.000539  -3.141589 0.000002 -0.000000
183  -2.662412 1.445755 40.667957  -0.000000 3.141591 1.570796
184  8.352067 2.772897 0.000537  -3.141589 0.000002 -0.000000
185  -1.431356 16.384779 4.137811  0.000001 -0.000000 0.000000
186  -0.001845 0.521683 -0.140289  0.000000 0.000000 -0.000000
187  7.323109 -5.136191 -5.166237  0.000000 0.000000 -0.610865
188  2.698277 -0.000001 -0.000000  -0.000012 0.000000 0.000001
189  2.834159 -0.000002 0.000000  0.000013 0.000000 -0.000000
190  2.648920 -0.000001 0.000001  -0.000001 -0.000001 0.000000
191  2.667499 -0.000002 -0.000001  0.000000 0.000000 -0.000000
192  2.426702 -0.000001 0.000000  -0.000000 0.000000 -0.000000
193  -0.494744 -44.353447 -1.302299  1.570797 0.000000 -1.570797
194  11.545938 73.768425 -3.792010  0.000000 0.000000 0.000000
195  -0.011103 -16.902811 1.952047  0.000001 0.000000 -0.000000
196  0.000000 0.000001 -1.529052  -0.000000 -0.000000 0.000000
197  -0.078942 0.000001 0.000000  0.000000 0.000001 1.570796
198  0.097092 0.000001 0.000000  -0.000000 -3.141592 1.570796
199  0.000000 0.000000 0.000000  0.000000 -0.000000 -0.000000
200  -0.071274 0.389290 0.189697  0.009940 0.015327 -0.001206
201  -0.128735 0.418873 0.104423  0.009940 0.015327 -0.001206
time 4
0  0 0 0  0 0 0
1  0.000000 0.000000 0.000000  0.000000 -0.000000 -0.000000
2  -0.000005 0.000023 -61.375507  0.000000 0.000000 -1.570795
3  -0.012872 0.000000 8.235020  -1.570799 -1.570796 0.000000
4  16.163128 -0.012870 -0.000002  -0.000000 -0.000000 0.000000
5  16.163143 -0.000009 3.830524  -3.089336 -1.570794 0.000000
6  -0.000031 -0.000001 -0.000000  -0.001994 -0.006659 -0.006036
7  -0.000003 -0.000006 0.000001  0.000000 0.000000 -0.026491
8  -0.000000 0.000001 -0.000001  0.000000 -0.000000 -0.000000
9  0.000001 0.000000 -0.000003  -0.005127 -0.000000 -0.000000
10  -0.000001 0.000000 -0.000001  -0.007691 -0.000000 -0.000000
11  -0.000002 0.000001 0.000001  -0.010254 0.000000 -0.000000
12  -0.000004 0.000000 -0.000001  -0.012818 -0.000000 -0.000000
13  -0.000003 -0.000001 -0.000003  -0.015382 -0.000000 -0.000000
14  -0.000004 -0.000001 -0.000001  -0.017945 -0.000000 -0.000000
15  -0.000002 0.000002 0.000001  -0.017723 -0.022069 0.023942
16  1.410071 0.800535 -2.089133  2.009773 0.630250 0.591915
17  3.954710 -0.000003 0.000008  -0.000004 -0.000001 0.166316
18  3.101569 0.000005 0.000004  0.000002 -0.000001 0.240238
19  6.164462 -0.898142 2.575023  0.090705 -0.013516 -0.151467
20  2.805849 0.000004 -0.000001  0.000002 0.000001 0.079095
21  2.307442 -0.000004 0.000001  -0.000000 -0.000000 -0.056423
22  7.145099 -0.676330 -1.382421  0.086918 -0.009133 -0.085503
23  3.672211 0.000003 -0.000001  0.000003 0.000001 0.142941
24  2.676527 0.000001 0.000004  -0.000001 -0.000001 -0.026075
25  6.831178 -0.870853 0.599926  0.130314 -0.006347 -0.065005
26  3.657079 -0.000009 0.000000  0.000000 0.000000 0.057729
27  2.496794 0.000003 -0.000000  0.000000 0.000000 -0.091107
28  7.183354 -0.532073 -3.267603  0.123210 0.020356 -0.052484
29  3.511591 0.000006 0.000001  -0.000001 -0.000001 0.099575
30  2.199411 -0.000000 0.000001  0.000001 0.000001 0.029263
31  16.163136 0.000012 -3.830531  -3.098550 1.570794 0.000000
32  -0.000018 -0.000001 0.000001  -0.000933 0.005806 0.015074
33  0.000002 0.000001 -0.000001  0.000000 -0.000000 -0.037967
34  0.000000 0.000000 0.000000  -0.000000 0.000000 -0.000000
35  -0.000002 -0.000002 0.000000  0.000000 0.000000 0.000000
36  -0.000003 -0.000001 0.000002  -0.004639 0.000000 0.000000
37  -0.000001 -0.000000 0.000000  -0.006165 -0.000000 -0.000000
38  -0.000005 0.000000 -0.000002  -0.007691 -0.000000 -0.000000
39  -0.000004 -0.000000 0.000000  -0.009278 -0.000000 -0.000000
40  -0.000002 -0.000001 0.000000  -0.010804 0.000000 0.000000
41  -0.000010 -0.000004 -0.000002  -0.012661 -0.020800 0.031570
42  1.410069 0.800525 2.089136  -2.009768 -0.630254 0.591907
43  3.954719 0.000013 0.000005  -0.000000 -0.000002 0.166319
44  3.101559 -0.000006 0.000005  -0.000001 -0.000000 0.240238
45  7.183348 -0.532110 3.267605  -0.123210 -0.020355 -0.052486
46  3.511603 -0.000001 0.000002  0.000003 0.000001 0.099571
47  2.199403 0.000005 -0.000004  -0.000001 -0.000001 0.029267
48  7.145096 -0.676362 1.382421  -0.086920 0.009133 -0.085505
49  3.672219 -0.000002 -0.000003  0.000001 -0.000000 0.142941
50  2.676517 -0.000003 -0.000001  -0.000001 -0.000001 -0.026075
51  6.831176 -0.870879 -0.599926  -0.130311 0.006346 -0.065012
52  3.657078 -0.000002 0.000001  -0.000000 0.000001 0.057734
53  2.496795 0.000001 0.000003  0.000000 -0.000001 -0.091108
54  6.164468 -0.898158 -2.575027  -0.090704 0.013515 -0.151468
55  2.805847 -0.000004 0.000004  -0.000002 -0.000001 0.079091
56  2.307434 0.000000 -0.000004  0.000002 0.000001 -0.056419
57  0.000000 0.000000 -0.000000  0.000000 -0.000000 0.000000
58  0.041697 0.393372 0.147238  0.011147 0.028088 -0.001736
59  0.071249 114.357025 62.238785  0.000000 0.000000 -0.000000
60  1.986524 0.000010 -3.123737  -2.705260 -0.000000 -1.570797
61  -1.986692 0.000013 -3.123749  0.436333 0.000001 1.570797
62  0.000000 -0.000008 -0.000007  0.000000 0.000000 0.000000
63  -1.986692 0.000014 -3.123740  0.436333 0.000001 1.570797
64  -11.344150 1.135890 0.869278  0.000002 -0.025019 -0.026324
65  1.986524 0.000011 -3.123732  -2.705260 -0.000000 -1.570797
66  -11.350067 -0.729422 0.864888  0.000197 -0.025367 0.026442
67  1.754236 4.036751 -1.682669  0.392575 -0.010120 -1.546362
68  -1.755139 4.036750 -1.682669  -0.392577 -0.010391 -1.594986
69  -0.164556 7.327704 3.928703  -0.000000 0.000001 -1.570796
70  0.079082 36.742691 -0.508023  0.000001 0.000000 -0.000000
71  -1.260174 8.777410 6.736405  -0.000002 -0.424415 -3.141592
72  1.525193 18.283600 2.968622  0.000000 0.000000 -0.000000
73  0.060216 10.324388 74.469048  0.000008 0.000000 0.000000
74  0.062808 75.917999 83.075432  1.570797 0.000000 -1.570796
75  4.804185 -3.971755 0.000001  -0.000000 0.000000 -0.000000
76  -7.041567 -5.025998 0.000002  -0.000000 -0.000000 -0.000000
77  8.407175 -3.978443 0.003055  -1.570796 1.570795 0.000000
78  10.376193 -3.978456 0.003056  -1.570796 1.570796 0.000000
79  10.194016 -0.314067 -1.749548  -1.570796 1.570796 0.000000
80  20.857887 -4.015580 0.000003  0.000000 -0.000000 -0.000000
81  3.258445 5.856945 -3.403523  -0.000000 -0.000000 -0.000000
82  15.153050 5.860579 -3.403521  0.000000 -0.000000 -0.000000
83  6.064255 77.294952 36.365791  1.570796 -0.000000 1.570796
84  -2.662412 1.445755 40.667957  -0.000000 3.141591 1.570796
85  8.352066 2.772896 0.000542  -3.141589 0.000002 0.000000
86  6.064255 72.973694 32.593250  1.570796 -0.000000 1.570796
87  0.004365 73.768410 -3.792007  0.000000 0.000000 0.000000
88  -0.442609 1.284873 8.535289  0.000000 -0.000001 0.000000
89  0.000001 1.310211 -0.000001  0.000000 0.000000 0.000000
90  0.000001 0.582258 0.000000  0.000000 0.000000 0.000000
91  0.036297 1.284873 7.928798  0.000000 -0.000001 0.000000
92  0.000001 1.310211 -0.000001  0.000000 -0.000000 0.000000
93  0.000000 0.582258 -0.000000  0.000000 -0.000000 0.000000
94  5.969322 3.427452 -6.170651  -0.000000 -0.000001 -1.570797
95  -1.310210 0.000001 0.000001  0.000000 -0.000000 -0.000000
96  -0.582258 -0.000000 -0.000000  0.000000 0.000000 -0.000000
97  5.969322 9.397388 -6.170660  -0.000000 -0.000001 -1.570796
98  -1.310205 -0.000000 0.000002  0.000000 0.000000 -0.000000
99  -0.582252 -0.000000 0.000001  0.000000 0.000000 -0.000000
100  5.969321 15.223758 -6.170670  -0.000000 -0.000001 -1.570796
101  -1.310220 0.000001 0.000001  -0.000000 0.000000 -0.000000
102  -0.582267 0.000001 0.000001  -0.000000 0.000000 -0.000000
103  5.969322 20.835562 -6.170671  -0.000000 -0.000001 -1.570796
104  -1.310215 0.000001 0.000002  -0.000000 0.000000 -0.000000
105  -0.582262 -0.000000 0.000004  -0.000000 0.000000 -0.000000
106  5.969323 26.771200 -6.170672  -0.000000 -0.000001 -1.570796
107  5.969322 32.597584 -6.170675  -0.000000 -0.000001 -1.570796
108  5.969322 38.209389 -6.170685  -0.000000 -0.000001 -1.570800
109  5.969322 49.488457 -6.170684  -0.000000 -0.000001 -1.570800
110  -0.539090 -0.556826 -0.017363  -0.042462 2.681156 1.551919
111  -6.799123 -0.556818 0.818549  -0.272420 2.701993 1.452460
112  -4.615282 -0.556839 0.270328  -0.117230 2.684609 1.518878
113  -2.650969 -0.556813 0.063010  -0.042463 2.681158 1.551919
114  27.110334 1.284844 12.007546  0.000000 -0.000000 0.000000
115  28.133425 1.284841 12.007545  0.000001 -0.000000 0.000000
116  12.812885 2.241776 12.007547  0.000000 -0.000001 -0.000001
117  -9.955966 -0.319626 4.380214  -0.000001 -0.000000 -0.000001
118  -11.316473 -0.319629 4.380214  -0.000003 -0.000000 0.000000
119  -12.667809 -0.319624 4.380214  -0.000003 -0.000000 0.000001
120  -14.022140 -0.319623 4.380214  0.000010 -0.000000 -0.000011
121  -15.373239 -0.319625 4.380213  0.000015 -0.000000 -0.000015
122  -16.724140 -0.319626 4.380214  -0.000009 -0.000000 0.000006
123  -18.074572 -0.319619 4.380214  -0.000006 0.000000 0.000004
124  -19.423716 -0.319633 4.380214  0.000002 0.000000 -0.000004
125  -20.775269 -0.319628 4.380214  0.000003 0.000000 -0.000004
126  -22.126671 -0.319630 4.380214  0.000003 0.000000 -0.000004
127  -23.478123 -0.319625 4.380214  0.000005 -0.000000 -0.000006
128  -24.830618 -0.319629 4.380214  0.000036 -0.000000 -0.000038
129  -26.182026 -0.319624 4.380214  -0.000011 0.000000 0.000011
130  0.529180 -0.167142 0.629484  -0.101270 -0.000000 0.000000
131  -0.211444 -0.241692 0.155361  -0.145847 -0.000000 0.000000
132  0.529190 -0.280709 -0.110293  -0.145847 -0.000000 0.000000
133  -0.173927 -0.337341 -0.638496  -0.181751 -0.000000 0.000000
134  0.529189 -0.399257 -0.975394  -0.181751 -0.000000 0.000000
135  -0.211444 -0.464489 -1.431042  -0.192399 -0.000000 0.000000
136  0.529189 -0.515813 -1.694584  -0.192399 -0.000000 0.000000
137  -0.173928 -0.612156 -2.231911  -0.216703 -0.000000 0.000000
138  0.529188 -0.685820 -2.566440  -0.216703 -0.000000 0.000000
139  -0.211445 -0.769567 -3.027871  -0.237349 -0.000000 0.000000
140  0.529188 -0.832697 -3.288847  -0.237349 -0.000000 0.000000
141  -0.173937 -0.945290 -3.779564  -0.233859 0.000000 0.000000
142  0.529179 -1.024669 -4.112780  -0.233859 0.000000 0.000000
143  -0.211443 -1.132191 -4.577548  -0.262919 -0.000000 0.000000
144  0.529190 -1.201971 -4.836825  -0.262919 0.000000 0.000000
145  -0.000004 -2.810953 -10.636630  0.258454 0.000000 3.141592
146  -0.192455 -1.345792 -5.370045  -0.280373 0.000000 0.000000
147  0.533984 -1.413517 -5.605105  -0.276883 0.000000 0.000000
148  -0.206618 -1.795774 -6.909779  -0.287354 0.000000 0.000000
149  -0.205805 -1.564832 -6.138257  -0.290843 0.000000 0.000000
150  0.530460 -1.643689 -6.395215  -0.290844 0.000000 0.000000
151  0.535311 -1.790724 -7.204132  -0.287354 -0.000000 0.000000
152  -0.202703 -2.030498 -7.702830  -0.286180 -0.000000 0.000000
153  0.509548 -2.118904 -8.011623  -0.298398 -0.000000 0.000000
154  -0.202703 -2.255286 -8.465171  -0.283134 -0.000000 0.000000
155  0.509548 -2.352985 -8.771159  -0.295352 -0.000000 0.000000
156  -0.202704 -2.481604 -9.235471  -0.285437 -0.000000 0.000000
157  0.509547 -2.588688 -9.538637  -0.297654 -0.000000 0.000000
158  0.170123 -21.222101 -1.001141  -0.000001 -0.000001 0.000000
159  0.170123 -20.843868 -0.397183  -0.000001 -0.000001 0.000000
160  0.170123 -20.489752 -1.001141  -0.000001 -0.000001 0.000000
161  0.170124 -20.111074 -0.397183  -0.000001 -0.000001 0.000000
162  0.170123 -19.380100 -0.397186  -0.000001 -0.000001 0.000000
163  0.170123 -19.025122 -1.001145  -0.000001 -0.000001 0.000000
164  0.170123 -18.646667 -0.396447  -0.000001 -0.000001 0.000000
165  0.170124 -19.755768 -1.001142  -0.000001 -0.000001 0.000000
166  -0.015973 10.612516 2.686017  0.000001 0.000000 -0.000000
167  0.059851 -50.160698 6.449380  1.570797 0.000000 -1.570797
168  0.064652 27.351286 72.195213  0.000000 -0.000000 -0.000001
169  6.064260 95.114021 31.645498  0.000000 -0.000001 1.570796
170  0.054185 102.845642 29.795362  -0.000000 0.000001 -1.570796
171  6.064256 69.096565 37.164318  1.570796 -0.000000 1.570796
172  1.974303 11.989232 4.589250  0.000000 0.000000 -0.000000
173  -0.011481 23.944744 5.090361  0.000001 0.000000 0.000000
174  -1.691251 8.833341 5.763506  0.000001 0.000000 -0.000000
175  6.064260 89.329796 31.613916  0.000000 -0.000001 1.570796
176  0.059886 2.255335 54.398003  0.000000 0.000000 0.000000
177  0.003496 -22.270643 0.000146  1.570797 0.000000 -1.570797
178  0.104010 15.380370 2.266153  0.000001 0.000000 -0.000000
179  0.049049 0.001387 0.027427  0.000000 -0.006897 0.000000
180  0.023797 -0.000527 -0.010418  -0.000000 -0.006897 0.000000
181  -2.662412 1.445758 33.628742  -0.000000 3.141591 1.570796
182  8.352066 2.772896 0.000536  -3.141589 0.000002 0.000000
183  -2.662412 1.445755 40.667957  -0.000000 3.141591 1.570796
184  8.352066 2.772896 0.000542  -3.141589 0.000002 0.000000
185  -1.431356 16.384779 4.137811  0.000001 0.000000 0.000000
186  -0.001845 0.521683 -0.140289  0.000000 0.000000 -0.000000
187  7.323108 -5.136191 -5.166236  0.000000 0.000000 -0.610865
188  2.698278 -0.000001 -0.000000  -0.000012 0.000000 0.000000
189  2.834160 -0.000002 0.000000  0.000013 0.000000 0.000000
190  2.648918 -0.000001 0.000001  -0.000001 -0.000001 0.000000
191  2.667500 -0.000003 0.000000  0.000000 0.000000 -0.000000
192  2.426705 -0.000002 -0.000001  -0.000000 0.000000 -0.000000
193  -0.494744 -44.353447 -1.302299  1.570797 0.000000 -1.570797
194  11.545937 73.768410 -3.792009  0.000000 0.000000 -0.000000
195  -0.011103 -16.902813 1.952047  0.000001 0.000000 -0.000000
196  0.000000 -0.000002 -1.529052  -0.000000 0.000000 0.000000
197  -0.078942 0.000001 0.000000  0.000000 0.000001 1.570796
198  0.097092 0.000001 0.000000  -0.000000 -3.141592 1.570796
199  0.000000 0.000000 0.000000  0.000000 -0.000000 -0.000000
200  -0.104700 0.472611 0.303223  0.011155 0.021189 -0.001469
201  -0.184336 0.505703 0.186073  0.011155 0.021189 -0.001469
time 5
0  0 0 0  0 0 0
1  0.000000 0.000000 0.000000  0.000000 -0.000000 -0.000000
2  -0.000005 0.000023 -61.375507  0.000000 0.000000 -1.570795
3  -0.012872 0.000000 8.235020  -1.570799 -1.570796 0.000000
4  16.163128 -0.012870 -0.000002  -0.000000 -0.000000 0.000000
5  16.163143 -0.000009 3.830524  -3.089336 -1.570794 0.000000
6  -0.000031 -0.000001 -0.000000  -0.001931 -0.006355 -0.006891
7  0.000001 -0.000006 -0.000002  0.000000 0.000000 -0.028322
8  -0.000000 0.000001 0.000002  0.000000 -0.000000 -0.000000
9  0.000001 0.000001 0.000002  -0.005554 -0.000000 -0.000000
10  -0.000002 0.000000 0.000002  -0.008362 -0.000000 -0.000000
11  -0.000002 0.000000 0.000004  -0.011109 0.000000 -0.000000
12  -0.000002 0.000000 0.000002  -0.013917 -0.000000 -0.000000
13  -0.000003 -0.000001 0.000002  -0.016724 -0.000000 -0.000000
14  -0.000006 -0.000001 0.000002  -0.019471 -0.000000 -0.000000
15  -0.000002 0.000002 0.000004  -0.019238 -0.024107 0.025993
16  1.410070 0.800535 -2.089137  2.009773 0.630250 0.591915
17  3.954711 -0.000002 0.000008  -0.000004 -0.000001 0.166316
18  3.101569 0.000002 0.000003  0.000002 -0.000001 0.240238
19  6.164461 -0.898142 2.575020  0.090705 -0.013516 -0.151467
20  2.805849 0.000004 -0.000006  0.000002 0.000001 0.079095
21  2.307442 -0.000003 0.000001  -0.000000 -0.000000 -0.056423
22  7.145098 -0.676330 -1.382425  0.086918 -0.009133 -0.085503
23  3.672212 0.000003 -0.000003  0.000003 0.000001 0.142941
24  2.676526 0.000001 0.000001  -0.000001 -0.000001 -0.026075
25  6.831176 -0.870853 0.599922  0.130314 -0.006347 -0.065005
26  3.657083 -0.000009 -0.000002  0.000000 0.000000 0.057729
27  2.496794 0.000004 0.000001  0.000000 0.000000 -0.091107
28  7.183353 -0.532073 -3.267607  0.123210 0.020356 -0.052484
29  3.511591 0.000005 0.000001  -0.000001 -0.000001 0.099575
30  2.199413 0.000000 0.000003  0.000001 0.000001 0.029263
31  16.163136 0.000012 -3.830531  -3.098550 1.570794 0.000000
32  -0.000018 -0.000001 0.000001  -0.001053 0.005563 0.016599
33  0.000002 0.000001 0.000000  0.000000 -0.000000 -0.041020
34  0.000001 0.000000 0.000001  -0.000000 0.000000 -0.000000
35  -0.000002 -0.000002 0.000002  0.000000 0.000000 0.000000
36  -0.000004 -0.000001 0.000003  -0.005127 0.000000 0.000000
37  0.000000 -0.000000 0.000003  -0.006897 -0.000000 0.000000
38  -0.000005 0.000000 0.000001  -0.008606 -0.000000 -0.000000
39  -0.000005 -0.000000 -0.000000  -0.010315 -0.000000 -0.000000
40  -0.000005 -0.000002 0.000002  -0.012086 0.000000 0.000000
41  -0.000011 -0.000005 -0.000000  -0.014134 -0.023139 0.034349
42  1.410070 0.800524 2.089137  -2.009768 -0.630254 0.591907
43  3.954719 0.000014 0.000006  -0.000000 -0.000002 0.166320
44  3.101562 -0.000009 0.000004  -0.000001 -0.000000 0.240238
45  7.183347 -0.532110 3.267602  -0.123210 -0.020355 -0.052486
46  3.511603 -0.000001 -0.000000  0.000003 0.000001 0.099571
47  2.199404 0.000004 0.000000  -0.000001 -0.000001 0.029267
48  7.145094 -0.676362 1.382418  -0.086920 0.009133 -0.085505
49  3.672218 -0.000002 0.000003  0.000001 -0.000000 0.142941
50  2.676518 -0.000003 0.000001  -0.000001 -0.000001 -0.026075
51  6.831176 -0.870879 -0.599929  -0.130311 0.006346 -0.065012
52  3.657078 -0.000003 -0.000000  -0.000000 0.000001 0.057734
53  2.496792 0.000001 0.000004  0.000000 -0.000001 -0.091108
54  6.164467 -0.898158 -2.575029  -0.090704 0.013515 -0.151468
55  2.805848 -0.000004 0.000002  -0.000002 -0.000001 0.079091
56  2.307436 -0.000000 -0.000001  0.000002 0.000001 -0.056419
57  0.000000 0.000000 -0.000000  0.000000 -0.000000 0.000000
58  0.036371 0.427010 0.188388  0.011813 0.030532 -0.001956
59  0.071249 114.357025 62.238789  0.000000 0.000000 -0.000000
60  1.986525 0.000015 -3.123733  -2.705260 -0.000000 -1.570797
61  -1.986692 0.000013 -3.123738  0.436333 0.000001 1.570797
62  -0.000000 0.000003 -0.000000  0.000000 0.000000 0.000000
63  -1.986692 0.000014 -3.123729  0.436333 0.000001 1.570797
64  -11.344173 1.135887 0.869279  0.000002 -0.025019 -0.026324
65  1.986524 0.000016 -3.123727  -2.705260 -0.000000 -1.570797
66  -11.350048 -0.729423 0.864885  0.000197 -0.025367 0.026442
67  1.754236 4.036762 -1.682665  0.392575 -0.010120 -1.546362
68  -1.755139 4.036759 -1.682664  -0.392577 -0.010391 -1.594986
69  -0.164556 7.327703 3.928703  -0.000000 0.000001 -1.570796
70  0.079082 36.742687 -0.508023  0.000001 0.000000 -0.000000
71  -1.260174 8.777409 6.736405  -0.000002 -0.424415 -3.141592
72  1.525193 18.283594 2.968622  0.000000 0.000000 0.000000
73  0.060217 10.324389 74.469048  0.000008 0.000000 0.000000
74  0.062809 75.917992 83.075432  1.570797 0.000000 -1.570796
75  4.804188 -3.971740 0.000001  -0.000000 0.000000 -0.000000
76  -7.041556 -5.025987 0.000002  -0.000000 -0.000000 -0.000000
77  8.407182 -3.978441 0.003055  -1.570796 1.570795 0.000000
78  10.376194 -3.978444 0.003056  -1.570796 1.570796 0.000000
79  10.194016 -0.314057 -1.749547  -1.570796 1.570796 0.000000
80  20.857885 -4.015565 0.000003  0.000000 -0.000000 0.000000
81  3.258450 5.856958 -3.403524  -0.000000 -0.000000 -0.000000
82  15.153050 5.860584 -3.403521  -0.000000 -0.000000 0.000000
83  6.064257 77.294952 36.365795  1.570796 -0.000000 1.570796
84  -2.662412 1.445755 40.667957  0.000000 3.141591 1.570796
85  8.352065 2.772896 0.000549  -3.141589 0.000002 0.000000
86  6.064256 72.973694 32.593250  1.570796 -0.000000 1.570796
87  0.004365 73.768417 -3.792007  0.000000 0.000000 0.000000
88  -0.442609 1.284875 8.535289  0.000000 -0.000001 0.000000
89  0.000001 1.310219 -0.000000  0.000000 0.000000 0.000000
90  0.000001 0.582262 0.000001  0.000000 0.000000 0.000000
91  0.036297 1.284868 7.928798  0.000000 -0.000001 0.000000
92  0.000001 1.310219 0.000000  0.000000 -0.000000 0.000000
93  0.000000 0.582262 0.000001  0.000000 -0.000000 0.000000
94  5.969323 3.427452 -6.170650  -0.000000 -0.000001 -1.570797
95  -1.310209 0.000001 -0.000000  0.000000 -0.000000 -0.000000
96  -0.582252 0.000000 -0.000002  0.000000 -0.000000 -0.000000
97  5.969323 9.397387 -6.170658  -0.000000 -0.000001 -1.570796
98  -1.310217 0.000001 0.000001  0.000000 0.000000 -0.000000
99  -0.582268 -0.000000 0.000001  0.000000 0.000000 -0.000000
100  5.969321 15.223762 -6.170669  -0.000000 -0.000001 -1.570796
101  -1.310221 0.000002 0.000001  -0.000000 0.000000 -0.000000
102  -0.582264 0.000001 0.000001  -0.000000 0.000000 -0.000000
103  5.969323 20.835558 -6.170671  -0.000000 -0.000001 -1.570796
104  -1.310210 0.000002 0.000001  -0.000000 0.000000 -0.000000
105  -0.582260 0.000000 0.000002  -0.000000 0.000000 -0.000000
106  5.969324 26.771194 -6.170672  -0.000000 -0.000001 -1.570796
107  5.969322 32.597584 -6.170674  -0.000000 -0.000001 -1.570796
108  5.969324 38.209381 -6.170684  -0.000000 -0.000001 -1.570800
109  5.969323 49.488449 -6.170683  -0.000000 -0.000001 -1.570800
110  -0.539090 -0.556821 -0.017363  -0.042462 2.681156 1.551919
111  -6.799123 -0.556817 0.818549  -0.272420 2.701993 1.452460
112  -4.615282 -0.556835 0.270328  -0.117230 2.684609 1.518878
113  -2.650969 -0.556814 0.063010  -0.042463 2.681158 1.551919
114  27.110336 1.284848 12.007548  0.000000 -0.000000 0.000000
115  28.133425 1.284849 12.007546  0.000001 -0.000000 0.000000
116  12.812886 2.241776 12.007548  0.000000 -0.000001 -0.000001
117  -9.955967 -0.319629 4.380214  -0.000001 -0.000000 -0.000001
118  -11.316472 -0.319634 4.380214  -0.000003 -0.000000 0.000000
119  -12.667809 -0.319629 4.380214  -0.000003 -0.000000 0.000001
120  -14.022141 -0.319629 4.380214  0.000010 -0.000000 -0.000011
121  -15.373239 -0.319631 4.380214  0.000015 -0.000000 -0.000015
122  -16.724140 -0.319632 4.380214  -0.000009 -0.000000 0.000006
123  -18.074572 -0.319625 4.380214  -0.000006 0.000000 0.000004
124  -19.423716 -0.319630 4.380214  0.000002 0.000000 -0.000004
125  -20.775270 -0.319625 4.380214  0.000003 0.000000 -0.000004
126  -22.126669 -0.319627 4.380214  0.000003 0.000000 -0.000004
127  -23.478123 -0.319622 4.380215  0.000005 0.000000 -0.000006
128  -24.830618 -0.319627 4.380214  0.000036 0.000000 -0.000038
129  -26.182026 -0.319621 4.380214  -0.000011 0.000000 0.000011
130  0.529180 -0.167145 0.629484  -0.101270 -0.000000 0.000000
131  -0.211444 -0.241699 0.155361  -0.145847 -0.000000 0.000000
132  0.529190 -0.280711 -0.110293  -0.145847 -0.000000 0.000000
133  -0.173927 -0.337329 -0.638496  -0.181751 -0.000000 0.000000
134  0.529189 -0.399259 -0.975394  -0.181751 -0.000000 0.000000
135  -0.211444 -0.464483 -1.431042  -0.192399 -0.000000 0.000000
136  0.529189 -0.515823 -1.694583  -0.192400 -0.000000 0.000000
137  -0.173928 -0.612168 -2.231911  -0.216703 -0.000000 0.000000
138  0.529188 -0.685812 -2.566440  -0.216703 -0.000000 0.000000
139  -0.211445 -0.769563 -3.027871  -0.237349 -0.000000 0.000000
140  0.529188 -0.832700 -3.288847  -0.237349 -0.000000 0.000000
141  -0.173937 -0.945286 -3.779564  -0.233859 0.000000 0.000000
142  0.529179 -1.024669 -4.112780  -0.233859 0.000000 0.000000
143  -0.211443 -1.132198 -4.577548  -0.262919 -0.000000 0.000000
144  0.529190 -1.201968 -4.836825  -0.262919 0.000000 0.000000
145  -0.000004 -2.810953 -10.636630  0.258454 0.000000 3.141592
146  -0.192455 -1.345785 -5.370044  -0.280373 0.000000 0.000000
147  0.533984 -1.413518 -5.605104  -0.276883 0.000000 0.000000
148  -0.206618 -1.795767 -6.909779  -0.287354 0.000000 0.000000
149  -0.205805 -1.564825 -6.138257  -0.290843 0.000000 0.000000
150  0.530460 -1.643679 -6.395214  -0.290844 0.000000 0.000000
151  0.535311 -1.790715 -7.204133  -0.287354 -0.000000 0.000000
152  -0.202703 -2.030497 -7.702830  -0.286180 -0.000000 0.000000
153  0.509548 -2.118903 -8.011624  -0.298398 -0.000000 0.000000
154  -0.202703 -2.255293 -8.465172  -0.283134 -0.000000 0.000000
155  0.509548 -2.352991 -8.771159  -0.295352 -0.000000 0.000000
156  -0.202704 -2.481603 -9.235471  -0.285437 -0.000000 0.000000
157  0.509547 -2.588699 -9.538638  -0.297654 -0.000000 0.000000
158  0.170123 -21.222094 -1.001140  -0.000001 -0.000001 0.000000
159  0.170123 -20.843876 -0.397183  -0.000001 -0.000001 0.000000
160  0.170123 -20.489750 -1.001141  -0.000001 -0.000001 0.000000
161  0.170124 -20.111076 -0.397183  -0.000001 -0.000001 0.000000
162  0.170123 -19.380098 -0.397187  -0.000001 -0.000001 0.000000
163  0.170123 -19.025114 -1.001145  -0.000001 -0.000001 0.000000
164  0.170123 -18.646667 -0.396447  -0.000001 -0.000001 0.000000
165  0.170124 -19.755764 -1.001142  -0.000001 -0.000001 0.000000
166  -0.015973 10.612516 2.686017  0.000001 0.000000 -0.000000
167  0.059851 -50.160702 6.449379  1.570797 0.000000 -1.570797
168  0.064653 27.351288 72.195198  0.000000 -0.000000 -0.000001
169  6.064260 95.114006 31.645496  0.000000 -0.000001 1.570796
170  0.054186 102.845634 29.795359  -0.000000 0.000001 -1.570796
171  6.064257 69.096558 37.164314  1.570796 -0.000000 1.570796
172  1.974303 11.989232 4.589250  0.000000 0.000000 0.000000
173  -0.011481 23.944744 5.090361  0.000001 0.000000 0.000000
174  -1.691251 8.833342 5.763507  0.000001 0.000000 0.000000
175  6.064260 89.329796 31.613916  0.000000 -0.000001 1.570796
176  0.059886 2.255335 54.398010  0.000000 0.000000 0.000000
177  0.003497 -22.270645 0.000148  1.570797 0.000000 -1.570797
178  0.104010 15.380370 2.266153  0.000001 0.000000 -0.000000
179  0.049048 0.001386 0.027427  0.000000 -0.006897 0.000000
180  0.023798 -0.000527 -0.010418  -0.000000 -0.006897 0.000000
181  -2.662412 1.445758 33.628742  0.000000 3.141591 1.570796
182  8.352065 2.772896 0.000541  -3.141589 0.000002 0.000000
183  -2.662412 1.445755 40.667957  0.000000 3.141591 1.570796
184  8.352065 2.772896 0.000549  -3.141589 0.000002 0.000000
185  -1.431356 16.384775 4.137811  0.000001 -0.000000 0.000000
186  -0.001845 0.521683 -0.140289  0.000000 0.000000 -0.000000
187  7.323108 -5.136191 -5.166236  0.000000 0.000000 -0.610865
188  2.698277 -0.000001 -0.000000  -0.000012 0.000000 0.000001
189  2.834160 -0.000001 -0.000000  0.000013 0.000000 0.000000
190  2.648916 -0.000001 0.000001  -0.000001 -0.000001 0.000000
191  2.667499 -0.000001 -0.000000  -0.000000 0.000000 0.000000
192  2.426701 -0.000002 -0.000001  0.000000 0.000000 -0.000000
193  -0.494744 -44.353443 -1.302299  1.570797 0.000000 -1.570797
194  11.545938 73.768410 -3.792009  0.000000 0.000000 0.000000
195  -0.011102 -16.902813 1.952047  0.000001 0.000000 -0.000000
196  0.000000 -0.000000 -1.529052  -0.000000 0.000000 0.000000
197  -0.078942 -0.000000 -0.000000  0.000000 0.000001 1.570796
198  0.097092 -0.000001 -0.000000  -0.000000 -3.141592 1.570796
199  0.000000 0.000000 0.000000  0.000000 -0.000000 -0.000000
200  -0.123798 0.510491 0.355726  0.011822 0.023632 -0.001691
201  -0.212137 0.544651 0.225174  0.011822 0.023632 -0.001692
time 6
0  0 0 0  0 0 0
1  0.000000 0.000000 0.000000  0.000000 -0.000000 -0.000000
2  -0.000005 0.000023 -61.375507  0.000000 0.000000 -1.570795
3  -0.012872 0.000000 8.235020  -1.570799 -1.570796 0.000000
4  16.163128 -0.012870 -0.000002  -0.000000 -0.000000 0.000000
5  16.163143 -0.000009 3.830524  -3.089336 -1.570794 0.000000
6  -0.000031 -0.000001 -0.000000  -0.001870 -0.007147 -0.006219
7  -0.000003 -0.000007 0.000000  0.000000 0.000000 -0.026796
8  0.000000 0.000001 0.000000  -0.000000 -0.000000 -0.000000
9  0.000002 0.000001 0.000000  -0.004944 -0.000000 -0.000000
10  -0.000002 0.000000 0.000000  -0.007447 -0.000000 -0.000000
11  -0.000001 0.000000 0.000002  -0.009949 0.000000 -0.000000
12  -0.000003 0.000000 0.000000  -0.012452 -0.000000 -0.000000
13  -0.000002 -0.000000 0.000001  -0.014954 -0.000000 -0.000000
14  -0.000002 -0.000001 0.000001  -0.017457 -0.000000 -0.000000
15  -0.000004 0.000002 0.000002  -0.017109 -0.020971 0.024780
16  1.410071 0.800535 -2.089136  2.009773 0.630250 0.591915
17  3.954710 -0.000001 0.000008  -0.000004 -0.000001 0.166316
18  3.101568 0.000002 0.000005  0.000002 -0.000001 0.240238
19  6.164461 -0.898142 2.575021  0.090705 -0.013516 -0.151467
20  2.805849 0.000004 -0.000004  0.000002 0.000001 0.079095
21  2.307443 -0.000004 0.000001  -0.000000 -0.000000 -0.056423
22  7.145098 -0.676330 -1.382423  0.086918 -0.009133 -0.085503
23  3.672211 0.000003 -0.000003  0.000003 0.000001 0.142941
24  2.676528 0.000001 0.000003  -0.000001 -0.000001 -0.026075
25  6.831177 -0.870853 0.599921  0.130314 -0.006347 -0.065005
26  3.657081 -0.000009 0.000001  0.000000 0.000000 0.057729
27  2.496795 0.000004 0.000000  0.000000 0.000000 -0.091107
28  7.183353 -0.532073 -3.267608  0.123210 0.020356 -0.052484
29  3.511591 0.000006 0.000000  -0.000001 -0.000001 0.099575
30  2.199412 0.000000 0.000003  0.000001 0.000001 0.029263
31  16.163136 0.000012 -3.830531  -3.098550 1.570794 0.000000
32  -0.000018 -0.000001 0.000001  -0.000926 0.006477 0.015501
33  -0.000002 0.000001 0.000001  0.000000 -0.000000 -0.038395
34  0.000000 0.000000 0.000001  -0.000000 0.000000 -0.000000
35  -0.000002 -0.000003 0.000001  0.000000 0.000000 0.000000
36  -0.000002 -0.000001 0.000003  -0.004151 0.000000 0.000000
37  -0.000001 -0.000000 0.000001  -0.005493 -0.000000 0.000000
38  -0.000006 0.000000 0.000001  -0.006897 -0.000000 -0.000000
39  -0.000002 -0.000000 -0.000001  -0.008301 -0.000000 -0.000000
40  -0.000006 -0.000002 0.000001  -0.009705 0.000000 0.000000
41  -0.000009 -0.000004 -0.000001  -0.011372 -0.020086 0.032040
42  1.410070 0.800524 2.089138  -2.009768 -0.630254 0.591907
43  3.954720 0.000012 0.000005  -0.000000 -0.000002 0.166320
44  3.101559 -0.000007 0.000005  -0.000001 -0.000000 0.240238
45  7.183347 -0.532110 3.267602  -0.123210 -0.020355 -0.052486
46  3.511601 -0.000001 0.000002  0.000003 0.000001 0.099571
47  2.199405 0.000004 -0.000002  -0.000001 -0.000001 0.029267
48  7.145095 -0.676362 1.382420  -0.086920 0.009133 -0.085505
49  3.672219 -0.000002 -0.000002  0.000001 -0.000000 0.142941
50  2.676519 -0.000004 0.000003  -0.000001 -0.000001 -0.026075
51  6.831176 -0.870879 -0.599927  -0.130311 0.006346 -0.065012
52  3.657078 -0.000003 0.000001  -0.000000 0.000001 0.057734
53  2.496794 0.000001 0.000004  0.000000 -0.000001 -0.091108
54  6.164467 -0.898158 -2.575026  -0.090704 0.013515 -0.151468
55  2.805846 -0.000003 -0.000001  -0.000002 -0.000001 0.079091
56  2.307435 0.000000 -0.000002  0.000002 0.000001 -0.056419
57  0.000000 0.000000 -0.000000  0.000000 -0.000000 0.000000
58  0.015548 0.398323 0.121961  0.011691 0.026565 -0.002164
59  0.071249 114.357040 62.238789  0.000000 -0.000000 -0.000000
60  1.986525 0.000019 -3.123733  -2.705260 -0.000000 -1.570797
61  -1.986692 0.000021 -3.123745  0.436333 0.000001 1.570797
62  0.000000 0.000008 0.000001  0.000000 -0.000000 0.000000
63  -1.986692 0.000006 -3.123739  0.436333 0.000001 1.570797
64  -11.344154 1.135889 0.869275  0.000002 -0.025019 -0.026324
65  1.986525 0.000012 -3.123732  -2.705260 -0.000000 -1.570797
66  -11.350049 -0.729420 0.864882  0.000197 -0.025367 0.026442
67  1.754237 4.036760 -1.682666  0.392575 -0.010120 -1.546362
68  -1.755139 4.036759 -1.682664  -0.392577 -0.010391 -1.594986
69  -0.164556 7.327704 3.928702  0.000000 0.000001 -1.570796
70  0.079082 36.742691 -0.508023  0.000001 -0.000000 -0.000000
71  -1.260174 8.777410 6.736405  -0.000002 -0.424415 -3.141592
72  1.525193 18.283598 2.968622  0.000000 -0.000000 -0.000000
73  0.060217 10.324389 74.469063  0.000008 -0.000000 0.000000
74  0.062809 75.917999 83.075439  1.570797 -0.000000 -1.570796
75  4.804195 -3.971742 0.000001  -0.000000 0.000000 -0.000000
76  -7.041556 -5.025992 0.000001  -0.000000 -0.000000 -0.000000
77  8.407188 -3.978429 0.003055  -1.570796 1.570795 0.000000
78  10.376189 -3.978445 0.003056  -1.570796 1.570796 0.000000
79  10.194023 -0.314065 -1.749547  -1.570796 1.570796 0.000000
80  20.857893 -4.015568 0.000003  0.000000 -0.000000 0.000000
81  3.258447 5.856956 -3.403523  -0.000000 -0.000000 -0.000000
82  15.153053 5.860577 -3.403521  -0.000000 -0.000000 0.000000
83  6.064257 77.294960 36.365795  1.570796 -0.000000 1.570796
84  -2.662412 1.445755 40.667957  0.000000 3.141591 1.570796
85  8.352066 2.772896 0.000545  -3.141589 0.000002 0.000000
86  6.064256 72.973701 32.593250  1.570796 -0.000000 1.570796
87  0.004365 73.768417 -3.792007  0.000000 -0.000000 0.000000
88  -0.442609 1.284885 8.535290  -0.000000 -0.000001 0.000000
89  0.000001 1.310211 -0.000000  0.000000 -0.000000 0.000000
90  0.000001 0.582263 0.000000  0.000000 -0.000000 0.000000
91  0.036297 1.284892 7.928798  -0.000000 -0.000001 0.000000
92  0.000001 1.310210 -0.000000  0.000000 -0.000000 0.000000
93  0.000000 0.582262 -0.000000  0.000000 -0.000000 0.000000
94  5.969324 3.427466 -6.170650  -0.000000 -0.000001 -1.570797
95  -1.310212 0.000001 0.000001  0.000000 0.000000 -0.000000
96  -0.582264 0.000001 0.000000  0.000000 -0.000000 -0.000000
97  5.969323 9.397411 -6.170659  -0.000000 -0.000001 -1.570796
98  -1.310208 -0.000000 0.000001  0.000000 0.000000 -0.000000
99  -0.582260 -0.000000 0.000000  0.000000 0.000000 -0.000000
100  5.969322 15.223781 -6.170671  0.000000 -0.000001 -1.570796
101  -1.310216 0.000002 0.000001  -0.000000 0.000000 -0.000000
102  -0.582267 0.000001 0.000001  -0.000000 0.000000 -0.000000
103  5.969324 20.835583 -6.170671  0.000000 -0.000001 -1.570796
104  -1.310223 0.000001 0.000000  -0.000000 0.000000 -0.000000
105  -0.582275 0.000001 0.000002  -0.000000 0.000000 -0.000000
106  5.969324 26.771221 -6.170672  0.000000 -0.000001 -1.570796
107  5.969323 32.597607 -6.170675  0.000000 -0.000001 -1.570796
108  5.969324 38.209408 -6.170686  0.000000 -0.000001 -1.570800
109  5.969323 49.488476 -6.170683  0.000000 -0.000001 -1.570800
110  -0.539090 -0.556801 -0.017363  -0.042462 2.681156 1.551919
111  -6.799124 -0.556808 0.818549  -0.272420 2.701993 1.452460
112  -4.615283 -0.556815 0.270328  -0.117230 2.684609 1.518878
113  -2.650969 -0.556802 0.063010  -0.042463 2.681158 1.551919
114  27.110338 1.284864 12.007547  -0.000000 -0.000000 -0.000000
115  28.133427 1.284864 12.007547  0.000001 -0.000000 -0.000000
116  12.812886 2.241795 12.007549  -0.000000 -0.000001 -0.000001
117  -9.955967 -0.319620 4.380214  -0.000001 -0.000000 -0.000001
118  -11.316472 -0.319618 4.380215  -0.000003 -0.000000 0.000000
119  -12.667810 -0.319611 4.380214  -0.000003 -0.000000 0.000001
120  -14.022141 -0.319612 4.380214  0.000010 -0.000000 -0.000011
121  -15.373239 -0.319612 4.380213  0.000015 -0.000000 -0.000015
122  -16.724146 -0.319613 4.380214  -0.000009 -0.000000 0.000006
123  -18.074574 -0.319612 4.380214  -0.000006 -0.000000 0.000004
124  -19.423717 -0.319608 4.380214  0.000002 0.000000 -0.000004
125  -20.775272 -0.319610 4.380214  0.000003 0.000000 -0.000004
126  -22.126673 -0.319612 4.380215  0.000003 -0.000000 -0.000004
127  -23.478127 -0.319613 4.380214  0.000005 -0.000000 -0.000006
128  -24.830622 -0.319609 4.380214  0.000036 0.000000 -0.000038
129  -26.182028 -0.319611 4.380214  -0.000011 0.000000 0.000011
130  0.529180 -0.167121 0.629484  -0.101270 -0.000000 0.000000
131  -0.211444 -0.241679 0.155361  -0.145847 -0.000000 0.000000
132  0.529190 -0.280686 -0.110293  -0.145847 -0.000000 0.000000
133  -0.173927 -0.337325 -0.638496  -0.181751 -0.000000 0.000000
134  0.529189 -0.399234 -0.975393  -0.181751 -0.000000 0.000000
135  -0.211444 -0.464472 -1.431042  -0.192399 -0.000000 0.000000
136  0.529189 -0.515793 -1.694583  -0.192400 -0.000000 0.000000
137  -0.173928 -0.612142 -2.231910  -0.216703 -0.000000 0.000000
138  0.529188 -0.685804 -2.566440  -0.216703 -0.000000 0.000000
139  -0.211445 -0.769553 -3.027870  -0.237349 -0.000000 0.000000
140  0.529188 -0.832679 -3.288847  -0.237349 -0.000000 0.000000
141  -0.173937 -0.945282 -3.779564  -0.233859 0.000000 0.000000
142  0.529179 -1.024652 -4.112780  -0.233859 0.000000 0.000000
143  -0.211443 -1.132179 -4.577548  -0.262919 -0.000000 0.000000
144  0.529190 -1.201961 -4.836824  -0.262919 0.000000 0.000000
145  -0.000004 -2.810931 -10.636630  0.258454 0.000000 3.141592
146  -0.192455 -1.345771 -5.370045  -0.280373 0.000000 0.000000
147  0.533984 -1.413499 -5.605105  -0.276883 0.000000 0.000000
148  -0.206618 -1.795748 -6.909779  -0.287354 0.000000 0.000000
149  -0.205805 -1.564809 -6.138257  -0.290843 0.000000 0.000000
150  0.530460 -1.643669 -6.395215  -0.290844 0.000000 0.000000
151  0.535311 -1.790703 -7.204133  -0.287354 -0.000000 0.000000
152  -0.202703 -2.030477 -7.702829  -0.286180 -0.000000 0.000000
153  0.509548 -2.118888 -8.011624  -0.298398 -0.000000 0.000000
154  -0.202703 -2.255270 -8.465172  -0.283134 -0.000000 0.000000
155  0.509548 -2.352973 -8.771159  -0.295352 -0.000000 0.000000
156  -0.202704 -2.481591 -9.235470  -0.285437 -0.000000 0.000000
157  0.509547 -2.588676 -9.538637  -0.297653 -0.000000 0.000000
158  0.170123 -21.222084 -1.001140  -0.000001 -0.000001 0.000000
159  0.170123 -20.843851 -0.397183  -0.000001 -0.000001 0.000000
160  0.170123 -20.489740 -1.001141  -0.000001 -0.000001 0.000000
161  0.170124 -20.111059 -0.397183  -0.000001 -0.000001 0.000000
162  0.170123 -19.380081 -0.397187  -0.000001 -0.000001 0.000000
163  0.170123 -19.025095 -1.001145  -0.000001 -0.000001 0.000000
164  0.170123 -18.646648 -0.396447  -0.000001 -0.000001 0.000000
165  0.170124 -19.755753 -1.001142  -0.000001 -0.000001 0.000000
166  -0.015973 10.612517 2.686017  0.000001 -0.000000 -0.000000
167  0.059851 -50.160706 6.449380  1.570797 -0.000000 -1.570797
168  0.064652 27.351292 72.195213  -0.000000 -0.000000 -0.000001
169  6.064261 95.114014 31.645498  -0.000000 -0.000001 1.570796
170  0.054186 102.845650 29.795362  0.000000 0.000001 -1.570796
171  6.064257 69.096558 37.164318  1.570796 -0.000000 1.570796
172  1.974303 11.989233 4.589250  0.000000 -0.000000 -0.000000
173  -0.011481 23.944746 5.090361  0.000001 -0.000000 0.000000
174  -1.691251 8.833342 5.763506  0.000001 -0.000000 -0.000000
175  6.064260 89.329811 31.613914  -0.000000 -0.000001 1.570796
176  0.059886 2.255335 54.398006  -0.000000 -0.000000 0.000000
177  0.003497 -22.270645 0.000150  1.570797 -0.000000 -1.570797
178  0.104010 15.380370 2.266153  0.000001 -0.000000 -0.000000
179  0.049049 0.001386 0.027428  0.000000 -0.006897 0.000000
180  0.023798 -0.000529 -0.010418  -0.000000 -0.006897 0.000000
181  -2.662412 1.445758 33.628742  0.000000 3.141591 1.570796
182  8.352065 2.772896 0.000541  -3.141589 0.000002 0.000000
183  -2.662412 1.445755 40.667957  0.000000 3.141591 1.570796
184  8.352066 2.772896 0.000545  -3.141589 0.000002 0.000000
185  -1.431356 16.384779 4.137811  0.000001 -0.000000 0.000000
186  -0.001845 0.521683 -0.140289  0.000000 -0.000000 -0.000000
187  7.323109 -5.136192 -5.166237  0.000000 0.000000 -0.610865
188  2.698278 -0.000001 -0.000000  -0.000012 0.000000 0.000000
189  2.834159 -0.000002 0.000000  0.000013 0.000000 0.000000
190  2.648919 -0.000000 0.000001  -0.000001 -0.000001 0.000000
191  2.667499 -0.000003 -0.000001  -0.000000 0.000000 -0.000000
192  2.426705 -0.000004 -0.000000  -0.000000 0.000000 -0.000000
193  -0.494744 -44.353443 -1.302299  1.570797 -0.000000 -1.570797
194  11.545938 73.768417 -3.792009  0.000000 -0.000000 -0.000000
195  -0.011102 -16.902813 1.952047  0.000001 -0.000000 -0.000000
196  -0.000000 -0.000001 -1.529052  -0.000000 -0.000000 0.000000
197  -0.078942 0.000000 -0.000000  0.000000 0.000001 1.570796
198  0.097092 -0.000001 -0.000000  -0.000000 -3.141592 1.570796
199  0.000000 0.000000 0.000000  0.000000 -0.000000 -0.000000
200  -0.115683 0.481270 0.281936  0.011701 0.019666 -0.001899
201  -0.188843 0.514603 0.172273  0.011701 0.019666 -0.001900
time 7
0  0 0 0  0 0 0
1  0.000000 0.000000 0.000000  0.000000 -0.000000 -0.000000
2  -0.000005 0.000023 -61.375507  0.000000 0.000000 -1.570795
3  -0.012872 0.000000 8.235020  -1.570799 -1.570796 0.000000
4  16.163128 -0.012870 -0.000002  -0.000000 -0.000000 0.000000
5  16.163143 -0.000009 3.830524  -3.089336 -1.570794 0.000000
6  -0.000031 -0.000001 -0.000000  -0.001874 -0.008610 -0.004142
7  -0.000001 -0.000006 0.000000  0.000000 0.000000 -0.022828
8  -0.000000 0.000001 0.000002  0.000000 -0.000000 -0.000000
9  0.000002 0.000001 0.000002  -0.003418 -0.000000 -0.000000
10  -0.000001 0.000001 0.000004  -0.005127 -0.000000 -0.000000
11  -0.000002 0.000001 0.000004  -0.006897 0.000000 -0.000000
12  -0.000001 0.000000 0.000002  -0.008606 -0.000000 -0.000000
13  -0.000003 -0.000001 0.000002  -0.010315 -0.000000 -0.000000
14  -0.000002 -0.000001 0.000002  -0.012024 -0.000000 -0.000000
15  -0.000002 0.000002 0.000004  -0.011557 -0.013244 0.021501
16  1.410070 0.800535 -2.089135  2.009773 0.630250 0.591915
17  3.954710 -0.000004 0.000006  -0.000004 -0.000001 0.166316
18  3.101567 0.000005 0.000003  0.000002 -0.000001 0.240238
19  6.164461 -0.898142 2.575022  0.090705 -0.013516 -0.151467
20  2.805849 0.000004 -0.000003  0.000002 0.000001 0.079095
21  2.307443 -0.000003 0.000003  -0.000000 -0.000000 -0.056423
22  7.145098 -0.676330 -1.382421  0.086918 -0.009133 -0.085503
23  3.672212 0.000003 -0.000002  0.000003 0.000001 0.142941
24  2.676527 0.000001 0.000001  -0.000001 -0.000001 -0.026075
25  6.831177 -0.870853 0.599924  0.130314 -0.006347 -0.065005
26  3.657080 -0.000009 0.000002  0.000000 0.000000 0.057729
27  2.496794 0.000004 0.000002  0.000000 0.000000 -0.091107
28  7.183353 -0.532073 -3.267605  0.123210 0.020356 -0.052484
29  3.511592 0.000006 -0.000000  -0.000001 -0.000001 0.099575
30  2.199411 -0.000000 0.000006  0.000001 0.000001 0.029263
31  16.163136 0.000012 -3.830531  -3.098550 1.570794 0.000000
32  -0.000018 -0.000001 0.000001  -0.000682 0.008122 0.012388
33  0.000000 0.000001 0.000002  0.000000 -0.000000 -0.031374
34  0.000000 0.000000 -0.000001  -0.000000 0.000000 -0.000000
35  -0.000002 -0.000002 -0.000001  0.000000 0.000000 0.000000
36  -0.000004 -0.000001 0.000001  -0.001648 0.000000 0.000000
37  -0.000002 -0.000000 0.000001  -0.002197 -0.000000 0.000000
38  -0.000006 0.000000 0.000001  -0.002747 -0.000000 -0.000000
39  -0.000005 0.000000 0.000001  -0.003296 -0.000000 -0.000000
40  -0.000006 -0.000002 -0.000001  -0.003845 0.000000 0.000000
41  -0.000008 -0.000004 -0.000003  -0.004619 -0.012638 0.025666
42  1.410070 0.800525 2.089137  -2.009768 -0.630254 0.591907
43  3.954717 0.000012 0.000005  -0.000000 -0.000002 0.166320
44  3.101555 -0.000007 0.000005  -0.000001 -0.000000 0.240238
45  7.183348 -0.532109 3.267603  -0.123210 -0.020355 -0.052486
46  3.511602 -0.000001 0.000000  0.000003 0.000001 0.099571
47  2.199404 0.000004 -0.000004  -0.000001 -0.000001 0.029267
48  7.145096 -0.676362 1.382419  -0.086920 0.009133 -0.085505
49  3.672219 -0.000002 -0.000001  0.000001 -0.000000 0.142941
50  2.676520 -0.000004 -0.000003  -0.000001 -0.000001 -0.026075
51  6.831176 -0.870879 -0.599928  -0.130311 0.006346 -0.065012
52  3.657079 -0.000002 -0.000005  -0.000000 0.000001 0.057734
53  2.496792 0.000001 0.000004  0.000000 -0.000001 -0.091108
54  6.164467 -0.898157 -2.575026  -0.090704 0.013515 -0.151468
55  2.805849 -0.000003 0.000003  -0.000002 -0.000001 0.079091
56  2.307434 0.000000 -0.000002  0.000002 0.000001 -0.056419
57  0.000000 0.000000 -0.000000  0.000000 -0.000000 0.000000
58  -0.015927 0.322151 -0.016773  0.010725 0.016797 -0.002107
59  0.071249 114.357033 62.238796  0.000000 -0.000000 -0.000000
60  1.986525 0.000010 -3.123741  -2.705260 -0.000000 -1.570797
61  -1.986692 0.000015 -3.123751  0.436333 0.000001 1.570797
62  -0.000000 -0.000007 -0.000006  0.000000 -0.000000 0.000000
63  -1.986692 0.000016 -3.123738  0.436333 0.000001 1.570797
64  -11.344167 1.135884 0.869285  0.000002 -0.025019 -0.026324
65  1.986525 0.000010 -3.123735  -2.705260 -0.000000 -1.570797
66  -11.350052 -0.729424 0.864883  0.000197 -0.025367 0.026442
67  1.754236 4.036753 -1.682666  0.392575 -0.010120 -1.546362
68  -1.755140 4.036751 -1.682665  -0.392577 -0.010391 -1.594986
69  -0.164556 7.327704 3.928703  0.000000 0.000001 -1.570796
70  0.079082 36.742691 -0.508023  0.000001 -0.000000 -0.000000
71  -1.260174 8.777409 6.736406  -0.000002 -0.424416 -3.141592
72  1.525193 18.283596 2.968622  0.000000 -0.000000 0.000000
73  0.060217 10.324389 74.469063  0.000008 -0.000000 0.000000
74  0.062808 75.918007 83.075455  1.570797 -0.000000 -1.570796
75  4.804184 -3.971744 0.000001  -0.000000 0.000000 -0.000000
76  -7.041564 -5.026000 0.000001  -0.000000 -0.000000 -0.000000
77  8.407174 -3.978442 0.003055  -1.570796 1.570795 0.000000
78  10.376191 -3.978442 0.003056  -1.570796 1.570796 0.000000
79  10.194011 -0.314073 -1.749548  -1.570796 1.570796 0.000000
80  20.857889 -4.015571 0.000003  0.000000 -0.000000 -0.000000
81  3.258441 5.856949 -3.403524  -0.000000 -0.000000 -0.000000
82  15.153050 5.860576 -3.403521  -0.000000 -0.000000 -0.000000
83  6.064257 77.294952 36.365799  1.570796 -0.000000 1.570796
84  -2.662412 1.445755 40.667961  0.000000 3.141591 1.570796
85  8.352065 2.772896 0.000543  -3.141589 0.000002 -0.000000
86  6.064257 72.973701 32.593250  1.570796 -0.000000 1.570796
87  0.004365 73.768410 -3.792008  0.000000 -0.000000 0.000000
88  -0.442609 1.284874 8.535291  -0.000000 -0.000001 0.000000
89  0.000001 1.310208 -0.000002  0.000000 -0.000000 0.000000
90  0.000001 0.582246 -0.000001  0.000000 -0.000000 0.000000
91  0.036297 1.284873 7.928799  0.000000 -0.000001 0.000000
92  0.000001 1.310200 -0.000000  0.000000 0.000000 0.000000
93  -0.000000 0.582245 0.000000  0.000000 0.000000 0.000000
94  5.969324 3.427445 -6.170650  -0.000000 -0.000001 -1.570797
95  -1.310223 0.000001 -0.000000  0.000000 0.000000 -0.000000
96  -0.582261 0.000000 -0.000001  0.000000 -0.000000 -0.000000
97  5.969323 9.397386 -6.170660  -0.000000 -0.000001 -1.570796
98  -1.310214 0.000000 0.000000  0.000000 0.000000 -0.000000
99  -0.582252 -0.000000 -0.000000  0.000000 0.000000 -0.000000
100  5.969322 15.223754 -6.170671  0.000000 -0.000001 -1.570796
101  -1.310213 0.000001 0.000001  -0.000000 0.000000 -0.000000
102  -0.582251 0.000000 0.000002  -0.000000 0.000000 -0.000000
103  5.969323 20.835558 -6.170671  0.000000 -0.000001 -1.570796
104  -1.310201 0.000001 0.000001  -0.000000 0.000000 -0.000000
105  -0.582246 -0.000000 0.000003  -0.000000 0.000000 -0.000000
106  5.969324 26.771193 -6.170672  0.000000 -0.000001 -1.570796
107  5.969323 32.597584 -6.170675  0.000000 -0.000001 -1.570796
108  5.969323 38.209389 -6.170686  0.000000 -0.000001 -1.570800
109  5.969322 49.488449 -6.170684  0.000000 -0.000001 -1.570800
110  -0.539090 -0.556822 -0.017363  -0.042462 2.681156 1.551919
111  -6.799124 -0.556812 0.818550  -0.272420 2.701993 1.452460
112  -4.615283 -0.556829 0.270328  -0.117230 2.684609 1.518878
113  -2.650969 -0.556813 0.063010  -0.042463 2.681158 1.551919
114  27.110338 1.284847 12.007549  -0.000000 -0.000000 0.000000
115  28.133425 1.284844 12.007547  0.000001 -0.000000 0.000000
116  12.812888 2.241772 12.007550  -0.000000 -0.000001 -0.000001
117  -9.955968 -0.319636 4.380215  -0.000001 -0.000000 -0.000001
118  -11.316475 -0.319634 4.380215  -0.000003 -0.000000 0.000000
119  -12.667812 -0.319635 4.380215  -0.000003 -0.000000 0.000001
120  -14.022141 -0.319635 4.380215  0.000010 -0.000000 -0.000011
121  -15.373240 -0.319636 4.380214  0.000015 -0.000000 -0.000015
122  -16.724144 -0.319628 4.380215  -0.000009 -0.000000 0.000006
123  -18.074572 -0.319628 4.380215  -0.000006 -0.000000 0.000004
124  -19.423716 -0.319632 4.380215  0.000002 0.000000 -0.000004
125  -20.775270 -0.319634 4.380215  0.000003 0.000000 -0.000004
126  -22.126671 -0.319627 4.380215  0.000003 -0.000000 -0.000004
127  -23.478123 -0.319629 4.380215  0.000005 -0.000000 -0.000006
128  -24.830622 -0.319625 4.380215  0.000036 -0.000000 -0.000038
129  -26.182030 -0.319626 4.380215  -0.000011 -0.000000 0.000011
130  0.529180 -0.167140 0.629484  -0.101270 -0.000000 0.000000
131  -0.211444 -0.241697 0.155361  -0.145847 -0.000000 0.000000
132  0.529190 -0.280712 -0.110293  -0.145847 -0.000000 0.000000
133  -0.173927 -0.337330 -0.638496  -0.181751 -0.000000 0.000000
134  0.529189 -0.399257 -0.975393  -0.181751 -0.000000 0.000000
135  -0.211444 -0.464490 -1.431042  -0.192399 -0.000000 0.000000
136  0.529189 -0.515820 -1.694583  -0.192399 -0.000000 0.000000
137  -0.173928 -0.612160 -2.231910  -0.216703 -0.000000 0.000000
138  0.529188 -0.685821 -2.566440  -0.216703 -0.000000 0.000000
139  -0.211445 -0.769566 -3.027870  -0.237349 -0.000000 0.000000
140  0.529188 -0.832695 -3.288847  -0.237349 -0.000000 0.000000
141  -0.173937 -0.945290 -3.779564  -0.233859 0.000000 0.000000
142  0.529179 -1.024667 -4.112781  -0.233859 0.000000 0.000000
143  -0.211443 -1.132200 -4.577548  -0.262919 -0.000000 0.000000
144  0.529190 -1.201981 -4.836825  -0.262919 0.000000 0.000000
145  -0.000004 -2.810960 -10.636631  0.258454 0.000000 3.141592
146  -0.192455 -1.345792 -5.370046  -0.280373 0.000000 0.000000
147  0.533984 -1.413517 -5.605104  -0.276883 0.000000 0.000000
148  -0.206618 -1.795770 -6.909779  -0.287354 0.000000 0.000000
149  -0.205805 -1.564828 -6.138257  -0.290843 0.000000 0.000000
150  0.530460 -1.643680 -6.395215  -0.290844 0.000000 0.000000
151  0.535311 -1.790720 -7.204134  -0.287354 -0.000000 0.000000
152  -0.202703 -2.030496 -7.702830  -0.286180 -0.000000 0.000000
153  0.509548 -2.118907 -8.011625  -0.298398 -0.000000 0.000000
154  -0.202703 -2.255294 -8.465173  -0.283134 -0.000000 0.000000
155  0.509548 -2.352992 -8.771160  -0.295352 -0.000000 0.000000
156  -0.202704 -2.481605 -9.235472  -0.285437 -0.000000 0.000000
157  0.509547 -2.588695 -9.538638  -0.297654 -0.000000 0.000000
158  0.170123 -21.222103 -1.001140  -0.000001 -0.000001 0.000000
159  0.170123 -20.843878 -0.397182  -0.000001 -0.000001 0.000000
160  0.170123 -20.489758 -1.001141  -0.000001 -0.000001 0.000000
161  0.170124 -20.111082 -0.397183  -0.000001 -0.000001 0.000000
162  0.170123 -19.380098 -0.397186  -0.000001 -0.000001 0.000000
163  0.170123 -19.025120 -1.001146  -0.000001 -0.000001 0.000000
164  0.170123 -18.646673 -0.396447  -0.000001 -0.000001 0.000000
165  0.170124 -19.755772 -1.001142  -0.000001 -0.000001 0.000000
166  -0.015973 10.612517 2.686017  0.000001 -0.000000 -0.000000
167  0.059851 -50.160702 6.449381  1.570797 -0.000000 -1.570797
168  0.064653 27.351294 72.195198  -0.000000 -0.000000 -0.000001
169  6.064261 95.114014 31.645500  -0.000000 -0.000001 1.570796
170  0.054186 102.845642 29.795362  0.000000 0.000001 -1.570796
171  6.064257 69.096558 37.164322  1.570796 -0.000000 1.570796
172  1.974303 11.989233 4.589251  0.000000 -0.000000 0.000000
173  -0.011481 23.944746 5.090362  0.000001 -0.000000 0.000000
174  -1.691251 8.833343 5.763507  0.000001 -0.000000 0.000000
175  6.064261 89.329803 31.613916  -0.000000 -0.000001 1.570796
176  0.059886 2.255335 54.398014  0.000000 -0.000000 0.000000
177  0.003497 -22.270645 0.000145  1.570797 0.000000 -1.570797
178  0.104010 15.380370 2.266153  0.000001 -0.000000 -0.000000
179  0.049048 0.001386 0.027426  0.000000 -0.006897 0.000000
180  0.023798 -0.000526 -0.010419  -0.000000 -0.006897 0.000000
181  -2.662412 1.445758 33.628746  0.000000 3.141591 1.570796
182  8.352066 2.772897 0.000534  -3.141589 0.000002 -0.000000
183  -2.662412 1.445755 40.667961  0.000000 3.141591 1.570796
184  8.352065 2.772896 0.000543  -3.141589 0.000002 -0.000000
185  -1.431356 16.384777 4.137812  0.000001 -0.000000 0.000000
186  -0.001845 0.521683 -0.140290  0.000000 -0.000000 -0.000000
187  7.323109 -5.136192 -5.166237  0.000000 0.000000 -0.610865
188  2.698277 -0.000001 0.000000  -0.000012 0.000000 0.000001
189  2.834161 -0.000002 -0.000000  0.000013 0.000000 0.000000
190  2.648920 -0.000000 0.000000  -0.000001 -0.000001 0.000000
191  2.667499 -0.000003 -0.000000  0.000000 0.000000 0.000000
192  2.426704 -0.000003 0.000000  -0.000000 0.000000 -0.000000
193  -0.494744 -44.353447 -1.302299  1.570797 -0.000000 -1.570797
194  11.545938 73.768410 -3.792010  0.000000 -0.000000 0.000000
195  -0.011102 -16.902815 1.952047  0.000001 -0.000000 -0.000000
196  0.000000 0.000002 -1.529052  -0.000000 -0.000000 0.000000
197  -0.078942 0.000002 -0.000000  0.000000 0.000001 1.570796
198  0.097092 0.000003 -0.000000  -0.000000 -3.141592 1.570796
199  0.000000 0.000000 0.000000  0.000000 -0.000000 -0.000000
200  -0.082254 0.397945 0.115908  0.010734 0.009898 -0.001839
201  -0.118965 0.427788 0.058998  0.010734 0.009898 -0.001839
time 8
0  0 0 0  0 0 0
1  0.000000 0.000000 0.000000  0.000000 -0.000000 -0.000000
2  -0.000005 0.000023 -61.375507  0.000000 0.000000 -1.570795
3  -0.012872 0.000000 8.235020  -1.570799 -1.570796 0.000000
4  16.163128 -0.012870 -0.000002  -0.000000 -0.000000 0.000000
5  16.163143 -0.000009 3.830524  -3.089336 -1.570794 0.000000
6  -0.000031 -0.000001 -0.000000  -0.002252 -0.008730 -0.001516
7  -0.000001 -0.000007 0.000002  0.000000 0.000000 -0.016785
8  0.000000 0.000000 0.000002  -0.000000 -0.000000 -0.000000
9  0.000002 0.000000 0.000002  -0.001465 -0.000000 -0.000000
10  -0.000002 0.000000 0.000002  -0.002197 -0.000000 -0.000000
11  -0.000001 0.000000 0.000004  -0.002930 0.000000 -0.000000
12  -0.000002 0.000000 0.000002  -0.003723 -0.000000 -0.000000
13  -0.000003 -0.000001 0.000003  -0.004456 -0.000000 -0.000000
14  -0.000003 -0.000001 0.000003  -0.005188 -0.000000 -0.000000
15  0.000000 0.000002 0.000006  -0.004606 -0.003256 0.017464
16  1.410070 0.800535 -2.089133  2.009774 0.630250 0.591915
17  3.954710 -0.000000 0.000008  -0.000004 -0.000001 0.166316
18  3.101567 0.000005 0.000004  0.000002 -0.000001 0.240238
19  6.164461 -0.898142 2.575025  0.090705 -0.013516 -0.151467
20  2.805850 0.000004 -0.000003  0.000002 0.000001 0.079095
21  2.307442 -0.000004 0.000004  -0.000000 -0.000000 -0.056423
22  7.145100 -0.676330 -1.382424  0.086918 -0.009133 -0.085503
23  3.672211 0.000003 -0.000003  0.000003 0.000001 0.142941
24  2.676527 0.000001 0.000001  -0.000001 -0.000001 -0.026075
25  6.831179 -0.870853 0.599926  0.130314 -0.006347 -0.065005
26  3.657084 -0.000009 -0.000001  0.000000 0.000000 0.057729
27  2.496795 0.000003 0.000002  0.000000 0.000000 -0.091107
28  7.183354 -0.532073 -3.267603  0.123210 0.020356 -0.052484
29  3.511591 0.000005 0.000000  -0.000001 -0.000001 0.099575
30  2.199411 -0.000000 0.000000  0.000001 0.000001 0.029263
31  16.163136 0.000012 -3.830531  -3.098550 1.570794 0.000000
32  -0.000018 -0.000001 0.000001  -0.000333 0.008425 0.007873
33  0.000004 0.000001 0.000000  0.000000 -0.000000 -0.021058
34  0.000001 0.000000 -0.000000  -0.000000 0.000000 -0.000000
35  -0.000002 -0.000002 -0.000000  0.000000 0.000000 0.000000
36  -0.000003 -0.000001 0.000002  0.001526 0.000000 0.000000
37  -0.000001 -0.000000 0.000002  0.002075 -0.000000 0.000000
38  -0.000004 0.000001 0.000001  0.002624 -0.000000 -0.000000
39  -0.000005 0.000000 0.000001  0.003113 -0.000000 -0.000000
40  -0.000005 -0.000002 0.000002  0.003662 0.000000 0.000000
41  -0.000005 -0.000004 -0.000000  0.004058 -0.003575 0.017145
42  1.410069 0.800525 2.089137  -2.009768 -0.630254 0.591907
43  3.954720 0.000012 0.000005  -0.000000 -0.000002 0.166320
44  3.101556 -0.000006 0.000003  -0.000001 -0.000000 0.240238
45  7.183347 -0.532110 3.267603  -0.123210 -0.020355 -0.052486
46  3.511603 -0.000001 -0.000001  0.000003 0.000001 0.099571
47  2.199403 0.000004 -0.000003  -0.000001 -0.000001 0.029267
48  7.145096 -0.676362 1.382420  -0.086920 0.009133 -0.085505
49  3.672219 -0.000002 0.000001  0.000001 -0.000000 0.142941
50  2.676517 -0.000004 0.000001  -0.000001 -0.000001 -0.026075
51  6.831174 -0.870879 -0.599926  -0.130311 0.006346 -0.065012
52  3.657080 -0.000002 -0.000000  -0.000000 0.000001 0.057734
53  2.496794 0.000001 0.000002  0.000000 -0.000001 -0.091108
54  6.164467 -0.898158 -2.575026  -0.090704 0.013515 -0.151468
55  2.805847 -0.000004 0.000004  -0.000002 -0.000001 0.079091
56  2.307433 0.000000 -0.000003  0.000002 0.000001 -0.056419
57  0.000000 0.000000 -0.000000  0.000000 -0.000000 0.000000
58  -0.047403 0.211365 -0.136696  0.008724 0.004585 -0.001689
59  0.071249 114.357033 62.238792  0.000000 0.000000 -0.000000
60  1.986524 0.000012 -3.123736  -2.705260 -0.000000 -1.570797
61  -1.986692 0.000016 -3.123742  0.436333 0.000001 1.570797
62  -0.000000 -0.000001 0.000001  0.000000 0.000000 0.000000
63  -1.986692 0.000016 -3.123733  0.436333 0.000001 1.570797
64  -11.344155 1.135886 0.869272  0.000001 -0.025019 -0.026324
65  1.986524 0.000013 -3.123731  -2.705260 -0.000000 -1.570797
66  -11.350055 -0.729423 0.864880  0.000197 -0.025367 0.026442
67  1.754236 4.036762 -1.682662  0.392575 -0.010120 -1.546362
68  -1.755139 4.036763 -1.682666  -0.392577 -0.010391 -1.594986
69  -0.164556 7.327704 3.928703  -0.000000 0.000001 -1.570796
70  0.079082 36.742691 -0.508023  0.000001 0.000000 -0.000000
71  -1.260174 8.777411 6.736405  -0.000002 -0.424416 -3.141592
72  1.525193 18.283596 2.968622  0.000000 0.000000 -0.000000
73  0.060216 10.324388 74.469055  0.000008 0.000000 0.000000
74  0.062808 75.917992 83.075439  1.570797 0.000000 -1.570796
75  4.804181 -3.971746 0.000001  -0.000000 0.000000 -0.000000
76  -7.041570 -5.025995 0.000002  -0.000000 -0.000000 -0.000000
77  8.407175 -3.978437 0.003055  -1.570796 1.570795 0.000000
78  10.376181 -3.978442 0.003056  -1.570796 1.570796 0.000000
79  10.194016 -0.314063 -1.749547  -1.570796 1.570796 0.000000
80  20.857882 -4.015569 0.000003  0.000000 -0.000000 -0.000000
81  3.258433 5.856950 -3.403523  -0.000000 -0.000000 -0.000000
82  15.153046 5.860581 -3.403520  0.000000 -0.000000 -0.000000
83  6.064256 77.294945 36.365795  1.570796 -0.000000 1.570796
84  -2.662411 1.445755 40.667961  -0.000000 3.141591 1.570796
85  8.352066 2.772897 0.000535  -3.141589 0.000002 0.000000
86  6.064256 72.973686 32.593250  1.570796 -0.000000 1.570796
87  0.004365 73.768417 -3.792008  0.000000 0.000000 0.000000
88  -0.442609 1.284881 8.535290  0.000000 -0.000001 0.000000
89  0.000001 1.310207 -0.000001  0.000000 0.000000 0.000000
90  0.000001 0.582260 -0.000001  0.000000 0.000000 0.000000
91  0.036297 1.284880 7.928798  -0.000000 -0.000001 0.000000
92  0.000001 1.310214 -0.000000  0.000000 0.000000 0.000000
93  0.000000 0.582266 -0.000000  0.000000 0.000000 0.000000
94  5.969323 3.427469 -6.170650  -0.000000 -0.000001 -1.570797
95  -1.310216 0.000001 0.000000  0.000000 -0.000000 -0.000000
96  -0.582269 0.000000 -0.000001  0.000000 0.000000 -0.000000
97  5.969323 9.397408 -6.170659  -0.000000 -0.000001 -1.570796
98  -1.310206 0.000000 0.000001  0.000000 0.000000 -0.000000
99  -0.582259 -0.000001 0.000001  0.000000 0.000000 -0.000000
100  5.969322 15.223774 -6.170670  -0.000000 -0.000001 -1.570796
101  -1.310209 0.000002 0.000000  -0.000000 0.000000 -0.000000
102  -0.582262 0.000001 0.000000  -0.000000 0.000000 -0.000000
103  5.969323 20.835577 -6.170671  -0.000000 -0.000001 -1.570796
104  -1.310218 0.000001 0.000001  -0.000000 0.000000 -0.000000
105  -0.582263 -0.000000 0.000003  -0.000000 0.000000 -0.000000
106  5.969324 26.771212 -6.170672  -0.000000 -0.000001 -1.570796
107  5.969323 32.597599 -6.170674  -0.000000 -0.000001 -1.570796
108  5.969323 38.209412 -6.170685  0.000000 -0.000001 -1.570800
109  5.969322 49.488468 -6.170683  0.000000 -0.000001 -1.570800
110  -0.539090 -0.556803 -0.017363  -0.042462 2.681156 1.551919
111  -6.799123 -0.556803 0.818549  -0.272420 2.701993 1.452460
112  -4.615283 -0.556810 0.270327  -0.117230 2.684609 1.518878
113  -2.650969 -0.556799 0.063010  -0.042463 2.681158 1.551919
114  27.110338 1.284866 12.007546  -0.000000 -0.000000 -0.000000
115  28.133425 1.284862 12.007546  0.000001 -0.000000 -0.000000
116  12.812886 2.241791 12.007548  -0.000000 -0.000001 -0.000001
117  -9.955966 -0.319619 4.380214  -0.000001 -0.000000 -0.000001
118  -11.316472 -0.319621 4.380215  -0.000003 -0.000000 -0.000000
119  -12.667809 -0.319622 4.380215  -0.000003 -0.000000 0.000001
120  -14.022140 -0.319620 4.380215  0.000010 -0.000000 -0.000011
121  -15.373239 -0.319621 4.380214  0.000015 -0.000000 -0.000015
122  -16.724140 -0.319621 4.380214  -0.000009 -0.000000 0.000006
123  -18.074572 -0.319620 4.380214  -0.000006 0.000000 0.000004
124  -19.423717 -0.319617 4.380214  0.000002 0.000000 -0.000004
125  -20.775270 -0.319619 4.380214  0.000003 0.000000 -0.000004
126  -22.126673 -0.319612 4.380215  0.000003 -0.000000 -0.000004
127  -23.478121 -0.319613 4.380215  0.000005 -0.000000 -0.000006
128  -24.830620 -0.319616 4.380215  0.000036 0.000000 -0.000038
129  -26.182026 -0.319617 4.380215  -0.000011 0.000000 0.000011
130  0.529180 -0.167117 0.629484  -0.101270 -0.000000 0.000000
131  -0.211444 -0.241682 0.155361  -0.145847 -0.000000 0.000000
132  0.529190 -0.280703 -0.110293  -0.145847 -0.000000 0.000000
133  -0.173927 -0.337326 -0.638496  -0.181751 -0.000000 0.000000
134  0.529189 -0.399243 -0.975393  -0.181751 -0.000000 0.000000
135  -0.211444 -0.464476 -1.431042  -0.192399 -0.000000 0.000000
136  0.529189 -0.515800 -1.694583  -0.192399 -0.000000 0.000000
137  -0.173928 -0.612141 -2.231911  -0.216703 -0.000000 0.000000
138  0.529188 -0.685811 -2.566440  -0.216703 -0.000000 0.000000
139  -0.211445 -0.769558 -3.027870  -0.237349 -0.000000 0.000000
140  0.529188 -0.832687 -3.288847  -0.237349 -0.000000 0.000000
141  -0.173937 -0.945285 -3.779565  -0.233859 0.000000 0.000000
142  0.529179 -1.024657 -4.112780  -0.233859 0.000000 0.000000
143  -0.211443 -1.132186 -4.577548  -0.262919 -0.000000 0.000000
144  0.529190 -1.201961 -4.836825  -0.262919 0.000000 0.000000
145  -0.000004 -2.810938 -10.636630  0.258454 0.000000 3.141592
146  -0.192455 -1.345779 -5.370046  -0.280373 0.000000 0.000000
147  0.533984 -1.413512 -5.605105  -0.276883 0.000000 0.000000
148  -0.206618 -1.795753 -6.909779  -0.287354 0.000000 0.000000
149  -0.205805 -1.564815 -6.138257  -0.290843 0.000000 0.000000
150  0.530460 -1.643672 -6.395214  -0.290844 0.000000 0.000000
151  0.535311 -1.790700 -7.204134  -0.287354 -0.000000 0.000000
152  -0.202703 -2.030481 -7.702829  -0.286180 -0.000000 0.000000
153  0.509548 -2.118896 -8.011624  -0.298398 -0.000000 0.000000
154  -0.202703 -2.255272 -8.465172  -0.283134 -0.000000 0.000000
155  0.509548 -2.352979 -8.771159  -0.295352 -0.000000 0.000000
156  -0.202704 -2.481591 -9.235471  -0.285437 -0.000000 0.000000
157  0.509547 -2.588672 -9.538639  -0.297654 -0.000000 0.000000
158  0.170123 -21.222092 -1.001140  -0.000001 -0.000001 0.000000
159  0.170123 -20.843859 -0.397183  -0.000001 -0.000001 0.000000
160  0.170123 -20.489746 -1.001141  -0.000001 -0.000001 0.000000
161  0.170124 -20.111063 -0.397183  -0.000001 -0.000001 0.000000
162  0.170123 -19.380083 -0.397187  -0.000001 -0.000001 0.000000
163  0.170123 -19.025106 -1.001145  -0.000001 -0.000001 0.000000
164  0.170123 -18.646658 -0.396448  -0.000001 -0.000001 0.000000
165  0.170124 -19.755754 -1.001142  -0.000001 -0.000001 0.000000
166  -0.015973 10.612517 2.686017  0.000001 0.000000 -0.000000
167  0.059851 -50.160706 6.449380  1.570797 0.000000 -1.570797
168  0.064652 27.351290 72.195206  0.000000 -0.000000 -0.000001
169  6.064260 95.114021 31.645500  0.000000 -0.000001 1.570796
170  0.054185 102.845642 29.795362  -0.000000 0.000001 -1.570796
171  6.064257 69.096558 37.164318  1.570796 -0.000000 1.570796
172  1.974303 11.989232 4.589250  0.000000 0.000000 -0.000000
173  -0.011481 23.944746 5.090361  0.000001 0.000000 0.000000
174  -1.691251 8.833341 5.763507  0.000001 0.000000 -0.000000
175  6.064260 89.329811 31.613920  0.000000 -0.000001 1.570796
176  0.059886 2.255335 54.398010  0.000000 0.000000 0.000000
177  0.003497 -22.270645 0.000148  1.570797 0.000000 -1.570797
178  0.104010 15.380371 2.266153  0.000001 0.000000 -0.000000
179  0.049048 0.001386 0.027426  0.000000 -0.006897 0.000000
180  0.023797 -0.000528 -0.010419  -0.000000 -0.006897 0.000000
181  -2.662412 1.445758 33.628742  -0.000000 3.141591 1.570796
182  8.352065 2.772897 0.000540  -3.141589 0.000002 0.000000
183  -2.662411 1.445755 40.667961  -0.000000 3.141591 1.570796
184  8.352066 2.772897 0.000535  -3.141589 0.000002 0.000000
185  -1.431356 16.384781 4.137811  0.000001 0.000000 0.000000
186  -0.001845 0.521683 -0.140290  0.000000 0.000000 -0.000000
187  7.323108 -5.136192 -5.166237  0.000000 0.000000 -0.610865
188  2.698278 -0.000002 0.000000  -0.000012 0.000000 0.000000
189  2.834161 -0.000002 0.000000  0.000013 0.000000 -0.000000
190  2.648918 0.000000 0.000001  -0.000001 -0.000001 0.000000
191  2.667499 -0.000003 -0.000001  -0.000000 0.000000 -0.000000
192  2.426703 -0.000002 0.000001  0.000000 0.000000 -0.000000
193  -0.494744 -44.353451 -1.302299  1.570797 0.000000 -1.570797
194  11.545938 73.768417 -3.792009  0.000000 0.000000 -0.000000
195  -0.011102 -16.902813 1.952047  0.000001 0.000000 -0.000000
196  0.000000 0.000001 -1.529052  -0.000000 0.000000 0.000000
197  -0.078942 0.000001 -0.000000  0.000000 0.000001 1.570796
198  0.097092 0.000001 -0.000000  -0.000000 -3.141592 1.570796
199  0.000000 0.000000 0.000000  0.000000 -0.000000 -0.000000
200  -0.035938 0.272427 -0.045155  0.008669 -0.002252 -0.001414
201  -0.028049 0.296444 -0.034731  0.008669 -0.002252 -0.001414
time 9
0  0 0 0  0 0 0
1  0.000000 0.000000 0.000000  0.000000 -0.000000 -0.000000
2  -0.000005 0.000023 -61.375507  0.000000 0.000000 -1.570795
3  -0.012872 0.000000 8.235020  -1.570799 -1.570796 0.000000
4  16.163128 -0.012870 -0.000002  -0.000000 -0.000000 0.000000
5  16.163143 -0.000009 3.830524  -3.089336 -1.570794 0.000000
6  -0.000031 -0.000001 -0.000000  -0.003177 -0.006774 0.000926
7  0.000001 -0.000007 0.000003  0.000000 0.000000 -0.008972
8  -0.000000 0.000000 0.000001  0.000000 -0.000000 -0.000000
9  0.000001 0.000001 0.000001  0.000366 -0.000000 -0.000000
10  -0.000002 0.000000 0.000001  0.000610 -0.000000 -0.000000
11  -0.000000 0.000000 0.000003  0.000793 0.000000 -0.000000
12  -0.000002 0.000000 0.000001  0.001038 -0.000000 -0.000000
13  -0.000003 -0.000001 -0.000001  0.001221 -0.000000 -0.000000
14  -0.000002 -0.000001 0.000001  0.001465 -0.000000 -0.000000
15  -0.000002 0.000002 0.000005  0.002055 0.006396 0.012519
16  1.410070 0.800534 -2.089134  2.009773 0.630250 0.591915
17  3.954709 -0.000003 0.000008  -0.000004 -0.000001 0.166316
18  3.101569 0.000002 0.000004  0.000002 -0.000001 0.240238
19  6.164461 -0.898142 2.575024  0.090705 -0.013516 -0.151467
20  2.805848 0.000004 -0.000005  0.000002 0.000001 0.079095
21  2.307442 -0.000003 0.000001  -0.000000 -0.000000 -0.056423
22  7.145098 -0.676330 -1.382421  0.086918 -0.009133 -0.085503
23  3.672213 0.000003 -0.000000  0.000003 0.000001 0.142941
24  2.676528 0.000002 0.000003  -0.000001 -0.000001 -0.026075
25  6.831176 -0.870853 0.599924  0.130314 -0.006347 -0.065005
26  3.657083 -0.000009 0.000000  0.000000 0.000000 0.057729
27  2.496794 0.000003 0.000001  0.000000 0.000000 -0.091107
28  7.183353 -0.532073 -3.267602  0.123210 0.020356 -0.052484
29  3.511590 0.000006 0.000002  -0.000001 -0.000001 0.099575
30  2.199412 0.000000 0.000007  0.000001 0.000001 0.029263
31  16.163136 0.000012 -3.830531  -3.098550 1.570794 0.000000
32  -0.000018 -0.000001 0.000001  0.000009 0.006653 0.002625
33  -0.000000 0.000001 -0.000001  0.000000 -0.000000 -0.008606
34  0.000000 0.000000 -0.000002  -0.000000 0.000000 -0.000000
35  -0.000003 -0.000002 -0.000002  0.000000 0.000000 0.000000
36  -0.000003 -0.000001 0.000000  0.004639 0.000000 0.000000
37  -0.000001 -0.000000 -0.000002  0.006165 -0.000000 0.000000
38  -0.000006 0.000001 0.000000  0.007691 -0.000000 -0.000000
39  -0.000004 -0.000000 -0.000002  0.009278 -0.000000 -0.000000
40  -0.000004 -0.000001 0.000000  0.010804 0.000000 0.000000
41  -0.000008 -0.000004 -0.000003  0.012286 0.004837 0.007477
42  1.410069 0.800525 2.089137  -2.009768 -0.630254 0.591907
43  3.954721 0.000010 0.000004  -0.000000 -0.000002 0.166320
44  3.101560 -0.000010 0.000003  -0.000001 -0.000000 0.240238
45  7.183346 -0.532109 3.267606  -0.123210 -0.020355 -0.052486
46  3.511601 -0.000001 -0.000002  0.000003 0.000001 0.099571
47  2.199404 0.000004 -0.000001  -0.000001 -0.000001 0.029267
48  7.145095 -0.676362 1.382421  -0.086920 0.009133 -0.085505
49  3.672218 -0.000002 0.000000  0.000001 -0.000000 0.142941
50  2.676518 -0.000004 0.000003  -0.000001 -0.000001 -0.026075
51  6.831175 -0.870879 -0.599924  -0.130311 0.006346 -0.065012
52  3.657081 -0.000002 -0.000001  -0.000000 0.000001 0.057734
53  2.496794 0.000001 0.000005  0.000000 -0.000001 -0.091108
54  6.164466 -0.898158 -2.575025  -0.090704 0.013515 -0.151468
55  2.805848 -0.000004 -0.000003  -0.000002 -0.000001 0.079091
56  2.307434 -0.000000 -0.000001  0.000002 0.000001 -0.056419
57  0.000000 0.000000 -0.000000  0.000000 -0.000000 0.000000
58  -0.070646 0.077827 -0.191955  0.005558 -0.006650 -0.001056
59  0.071249 114.357033 62.238792  -0.000000 -0.000000 -0.000000
60  1.986525 0.000026 -3.123740  -2.705260 -0.000000 -1.570797
61  -1.986692 0.000026 -3.123747  0.436333 0.000001 1.570797
62  0.000000 0.000008 -0.000009  0.000000 -0.000000 0.000000
63  -1.986692 0.000026 -3.123738  0.436333 0.000001 1.570797
64  -11.344164 1.135888 0.869276  0.000002 -0.025019 -0.026324
65  1.986525 0.000026 -3.123735  -2.705260 -0.000000 -1.570797
66  -11.350044 -0.729419 0.864882  0.000197 -0.025367 0.026442
67  1.754237 4.036771 -1.682669  0.392575 -0.010120 -1.546362
68  -1.755139 4.036765 -1.682670  -0.392577 -0.010391 -1.594986
69  -0.164556 7.327704 3.928703  0.000000 0.000001 -1.570796
70  0.079082 36.742691 -0.508023  0.000001 -0.000000 -0.000000
71  -1.260174 8.777411 6.736405  -0.000002 -0.424415 -3.141592
72  1.525193 18.283600 2.968622  0.000000 -0.000000 -0.000000
73  0.060216 10.324389 74.469048  0.000008 -0.000000 0.000000
74  0.062809 75.917992 83.075439  1.570797 -0.000000 -1.570796
75  4.804192 -3.971749 0.000001  -0.000000 0.000000 -0.000000
76  -7.041562 -5.025996 0.000001  -0.000000 -0.000000 -0.000000
77  8.407191 -3.978446 0.003055  -1.570796 1.570795 0.000000
78  10.376195 -3.978459 0.003056  -1.570796 1.570796 0.000000
79  10.194017 -0.314071 -1.749548  -1.570796 1.570796 0.000000
80  20.857891 -4.015574 0.000003  0.000000 -0.000000 0.000000
81  3.258450 5.856948 -3.403524  -0.000000 -0.000000 -0.000000
82  15.153054 5.860577 -3.403521  -0.000000 -0.000000 0.000000
83  6.064256 77.294960 36.365791  1.570796 0.000000 1.570796
84  -2.662412 1.445755 40.667957  0.000000 3.141591 1.570796
85  8.352067 2.772897 0.000542  -3.141589 0.000002 0.000000
86  6.064256 72.973694 32.593250  1.570796 0.000000 1.570796
87  0.004365 73.768425 -3.792008  0.000000 -0.000000 0.000000
88  -0.442609 1.284884 8.535291  -0.000000 -0.000001 0.000000
89  0.000001 1.310210 -0.000001  0.000000 -0.000000 0.000000
90  0.000001 0.582266 -0.000000  0.000000 -0.000000 0.000000
91  0.036297 1.284884 7.928798  -0.000000 -0.000001 0.000000
92  0.000001 1.310202 -0.000000  0.000000 -0.000000 0.000000
93  -0.000000 0.582258 -0.000000  0.000000 -0.000000 0.000000
94  5.969323 3.427474 -6.170650  -0.000000 -0.000001 -1.570797
95  -1.310206 0.000000 0.000000  0.000000 0.000000 -0.000000
96  -0.582254 -0.000001 0.000000  0.000000 0.000000 -0.000000
97  5.969323 9.397407 -6.170659  -0.000000 -0.000001 -1.570796
98  -1.310204 0.000000 0.000001  0.000000 0.000000 -0.000000
99  -0.582253 -0.000000 0.000000  0.000000 0.000000 -0.000000
100  5.969322 15.223780 -6.170670  0.000000 -0.000001 -1.570796
101  -1.310207 0.000002 0.000001  -0.000000 0.000000 -0.000000
102  -0.582263 0.000001 0.000002  -0.000000 0.000000 -0.000000
103  5.969323 20.835577 -6.170671  0.000000 -0.000001 -1.570796
104  -1.310211 0.000002 0.000000  -0.000000 0.000000 -0.000000
105  -0.582259 0.000001 0.000002  -0.000000 0.000000 -0.000000
106  5.969324 26.771214 -6.170673  0.000000 -0.000001 -1.570796
107  5.969322 32.597603 -6.170675  0.000000 -0.000001 -1.570796
108  5.969323 38.209408 -6.170685  0.000000 -0.000001 -1.570800
109  5.969322 49.488483 -6.170684  0.000000 -0.000001 -1.570800
110  -0.539090 -0.556797 -0.017363  -0.042462 2.681156 1.551919
111  -6.799124 -0.556806 0.818550  -0.272420 2.701993 1.452460
112  -4.615283 -0.556819 0.270328  -0.117230 2.684609 1.518878
113  -2.650969 -0.556803 0.063010  -0.042463 2.681158 1.551919
114  27.110336 1.284859 12.007549  -0.000000 -0.000000 0.000000
115  28.133425 1.284856 12.007547  0.000001 -0.000000 0.000000
116  12.812887 2.241785 12.007549  -0.000000 -0.000001 -0.000001
117  -9.955968 -0.319613 4.380214  -0.000001 -0.000000 -0.000001
118  -11.316473 -0.319615 4.380215  -0.000003 -0.000000 -0.000000
119  -12.667810 -0.319615 4.380215  -0.000003 -0.000000 0.000001
120  -14.022141 -0.319611 4.380215  0.000010 -0.000000 -0.000011
121  -15.373240 -0.319611 4.380214  0.000015 -0.000000 -0.000015
122  -16.724142 -0.319610 4.380214  -0.000009 -0.000000 0.000006
123  -18.074572 -0.319610 4.380214  -0.000006 -0.000000 0.000004
124  -19.423716 -0.319608 4.380214  0.000002 0.000000 -0.000004
125  -20.775270 -0.319608 4.380214  0.000003 0.000000 -0.000004
126  -22.126673 -0.319608 4.380215  0.000003 -0.000000 -0.000004
127  -23.478125 -0.319609 4.380215  0.000005 -0.000000 -0.000006
128  -24.830622 -0.319610 4.380215  0.000036 -0.000000 -0.000038
129  -26.182030 -0.319610 4.380215  -0.000011 -0.000000 0.000011
130  0.529180 -0.167125 0.629484  -0.101270 -0.000000 0.000000
131  -0.211444 -0.241678 0.155361  -0.145847 -0.000000 0.000000
132  0.529190 -0.280694 -0.110293  -0.145847 -0.000000 0.000000
133  -0.173927 -0.337311 -0.638496  -0.181751 -0.000000 0.000000
134  0.529189 -0.399231 -0.975393  -0.181751 -0.000000 0.000000
135  -0.211444 -0.464473 -1.431042  -0.192399 -0.000000 0.000000
136  0.529189 -0.515799 -1.694583  -0.192399 -0.000000 0.000000
137  -0.173928 -0.612148 -2.231911  -0.216703 -0.000000 0.000000
138  0.529188 -0.685805 -2.566440  -0.216703 -0.000000 0.000000
139  -0.211445 -0.769558 -3.027870  -0.237349 -0.000000 0.000000
140  0.529188 -0.832673 -3.288847  -0.237349 -0.000000 0.000000
141  -0.173937 -0.945274 -3.779564  -0.233859 0.000000 0.000000
142  0.529179 -1.024654 -4.112781  -0.233859 0.000000 0.000000
143  -0.211443 -1.132175 -4.577549  -0.262919 -0.000000 0.000000
144  0.529190 -1.201965 -4.836825  -0.262919 0.000000 0.000000
145  -0.000004 -2.810934 -10.636630  0.258454 0.000000 3.141592
146  -0.192455 -1.345767 -5.370044  -0.280373 0.000000 0.000000
147  0.533984 -1.413507 -5.605104  -0.276883 0.000000 0.000000
148  -0.206618 -1.795750 -6.909779  -0.287354 0.000000 0.000000
149  -0.205805 -1.564812 -6.138257  -0.290843 0.000000 0.000000
150  0.530460 -1.643673 -6.395214  -0.290844 0.000000 0.000000
151  0.535311 -1.790695 -7.204132  -0.287354 -0.000000 0.000000
152  -0.202703 -2.030479 -7.702829  -0.286180 -0.000000 0.000000
153  0.509548 -2.118892 -8.011625  -0.298398 -0.000000 0.000000
154  -0.202703 -2.255269 -8.465172  -0.283134 -0.000000 0.000000
155  0.509548 -2.352967 -8.771160  -0.295352 -0.000000 0.000000
156  -0.202704 -2.481590 -9.235470  -0.285437 -0.000000 0.000000
157  0.509547 -2.588680 -9.538638  -0.297653 -0.000000 0.000000
158  0.170123 -21.222090 -1.001141  -0.000001 -0.000001 0.000000
159  0.170123 -20.843857 -0.397183  -0.000001 -0.000001 0.000000
160  0.170123 -20.489742 -1.001141  -0.000001 -0.000001 0.000000
161  0.170124 -20.111061 -0.397183  -0.000001 -0.000001 0.000000
162  0.170123 -19.380081 -0.397187  -0.000001 -0.000001 0.000000
163  0.170123 -19.025108 -1.001145  -0.000001 -0.000001 0.000000
164  0.170123 -18.646656 -0.396447  -0.000001 -0.000001 0.000000
165  0.170124 -19.755756 -1.001142  -0.000001 -0.000001 0.000000
166  -0.015973 10.612518 2.686017  0.000001 -0.000000 -0.000000
167  0.059851 -50.160706 6.449380  1.570797 -0.000000 -1.570797
168  0.064653 27.351290 72.195213  -0.000000 -0.000000 -0.000001
169  6.064261 95.114021 31.645504  -0.000000 -0.000001 1.570796
170  0.054185 102.845650 29.795361  0.000000 0.000001 -1.570796
171  6.064257 69.096565 37.164318  1.570796 0.000000 1.570796
172  1.974303 11.989233 4.589250  0.000000 -0.000000 -0.000000
173  -0.011481 23.944746 5.090362  0.000001 -0.000000 0.000000
174  -1.691251 8.833342 5.763506  0.000001 -0.000000 -0.000000
175  6.064261 89.329811 31.613918  -0.000000 -0.000001 1.570796
176  0.059886 2.255335 54.398010  -0.000000 -0.000000 0.000000
177  0.003497 -22.270643 0.000147  1.570797 -0.000000 -1.570797
178  0.104010 15.380370 2.266153  0.000001 -0.000000 -0.000000
179  0.049048 0.001387 0.027426  0.000000 -0.006897 0.000000
180  0.023798 -0.000527 -0.010418  -0.000000 -0.006897 0.000000
181  -2.662412 1.445758 33.628742  0.000000 3.141591 1.570796
182  8.352066 2.772897 0.000541  -3.141589 0.000002 0.000000
183  -2.662412 1.445755 40.667957  0.000000 3.141591 1.570796
184  8.352067 2.772897 0.000542  -3.141589 0.000002 0.000000
185  -1.431356 16.384781 4.137811  0.000001 0.000000 0.000000
186  -0.001845 0.521683 -0.140289  0.000000 -0.000000 -0.000000
187  7.323109 -5.136192 -5.166237  0.000000 0.000000 -0.610865
188  2.698277 -0.000001 0.000001  -0.000012 0.000000 0.000001
189  2.834159 -0.000001 0.000001  0.000013 0.000000 0.000000
190  2.648918 0.000000 0.000000  -0.000001 -0.000001 0.000000
191  2.667496 -0.000001 -0.000000  0.000000 0.000000 0.000000
192  2.426700 -0.000002 0.000000  0.000000 0.000000 -0.000000
193  -0.494744 -44.353447 -1.302299  1.570797 -0.000000 -1.570797
194  11.545938 73.768425 -3.792010  0.000000 -0.000000 -0.000000
195  -0.011103 -16.902815 1.952047  0.000001 -0.000000 -0.000000
196  0.000000 0.000002 -1.529052  -0.000000 0.000000 0.000000
197  -0.078942 0.000000 -0.000000  0.000000 0.000001 1.570796
198  0.097092 -0.000001 -0.000000  -0.000000 -3.141592 1.570796
199  0.000000 0.000000 0.000000  0.000000 -0.000000 -0.000000
200  0.010378 0.117687 -0.150873  0.005559 -0.013548 -0.000709
201  0.059105 0.133930 -0.077856  0.005559 -0.013548 -0.000709
time 10
0  0 0 0  0 0 0
1  0.000000 0.000000 0.000000  0.000000 -0.000000 -0.000000
2  -0.000005 0.000023 -61.375507  0.000000 0.000000 -1.570795
3  -0.012872 0.000000 8.235020  -1.570799 -1.570796 0.000000
4  16.163128 -0.012870 -0.000002  -0.000000 -0.000000 0.000000
5  16.163143 -0.000009 3.830524  -3.089336 -1.570794 0.000000
6  -0.000031 -0.000001 -0.000000  -0.004216 -0.003657 0.002571
7  -0.000003 -0.000007 -0.000002  0.000000 0.000000 0.000427
8  0.000000 0.000001 0.000002  -0.000000 -0.000000 -0.000000
9  0.000002 0.000001 0.000004  0.001831 -0.000000 -0.000000
10  -0.000001 0.000001 0.000004  0.002747 -0.000000 -0.000000
11  -0.000002 0.000000 0.000004  0.003662 0.000000 -0.000000
12  -0.000003 0.000000 0.000002  0.004639 -0.000000 -0.000000
13  -0.000003 -0.000001 0.000002  0.005554 -0.000000 -0.000000
14  -0.000002 -0.000001 0.000002  0.006470 -0.000000 -0.000000
15  -0.000002 0.000001 0.000004  0.006809 0.012800 0.005293
16  1.410070 0.800535 -2.089139  2.009774 0.630250 0.591915
17  3.954710 -0.000005 0.000008  -0.000004 -0.000001 0.166316
18  3.101568 0.000004 0.000005  0.000002 -0.000001 0.240238
19  6.164461 -0.898142 2.575019  0.090705 -0.013516 -0.151467
20  2.805848 0.000004 -0.000002  0.000002 0.000001 0.079095
21  2.307443 -0.000004 0.000003  -0.000000 -0.000000 -0.056423
22  7.145099 -0.676330 -1.382424  0.086918 -0.009133 -0.085503
23  3.672211 0.000002 -0.000003  0.000003 0.000001 0.142941
24  2.676526 0.000001 0.000002  -0.000001 -0.000001 -0.026075
25  6.831177 -0.870853 0.599921  0.130314 -0.006347 -0.065005
26  3.657082 -0.000009 0.000002  0.000000 0.000000 0.057729
27  2.496794 0.000004 -0.000002  0.000000 0.000000 -0.091107
28  7.183354 -0.532073 -3.267609  0.123210 0.020356 -0.052484
29  3.511591 0.000007 -0.000004  -0.000001 -0.000001 0.099575
30  2.199414 0.000000 0.000005  0.000001 0.000001 0.029263
31  16.163136 0.000012 -3.830531  -3.098550 1.570794 0.000000
32  -0.000018 -0.000001 0.000001  0.000484 0.003419 -0.002685
33  -0.000000 0.000001 -0.000002  0.000000 -0.000000 0.005127
34  0.000001 0.000000 -0.000000  -0.000000 0.000000 -0.000000
35  -0.000002 -0.000002 0.000000  0.000000 0.000000 0.000000
36  -0.000004 -0.000001 -0.000000  0.006409 0.000000 0.000000
37  0.000000 -0.000000 -0.000000  0.008545 -0.000000 0.000000
38  -0.000006 0.000001 0.000002  0.010681 -0.000000 -0.000000
39  -0.000005 0.000000 0.000002  0.012818 -0.000000 -0.000000
40  -0.000004 -0.000002 0.000002  0.014954 0.000000 0.000000
41  -0.000008 -0.000003 0.000000  0.017073 0.011196 -0.003078
42  1.410070 0.800525 2.089138  -2.009768 -0.630254 0.591907
43  3.954722 0.000010 0.000003  -0.000000 -0.000002 0.166319
44  3.101557 -0.000007 0.000005  -0.000001 -0.000000 0.240238
45  7.183347 -0.532110 3.267602  -0.123210 -0.020355 -0.052486
46  3.511603 -0.000001 -0.000001  0.000003 0.000001 0.099571
47  2.199406 0.000005 -0.000006  -0.000001 -0.000001 0.029267
48  7.145095 -0.676362 1.382420  -0.086920 0.009133 -0.085505
49  3.672219 -0.000002 -0.000001  0.000001 -0.000000 0.142941
50  2.676518 -0.000004 0.000004  -0.000001 -0.000001 -0.026075
51  6.831176 -0.870879 -0.599927  -0.130311 0.006346 -0.065012
52  3.657080 -0.000002 -0.000002  -0.000000 0.000001 0.057734
53  2.496793 0.000000 0.000003  0.000000 -0.000001 -0.091108
54  6.164467 -0.898158 -2.575027  -0.090704 0.013515 -0.151468
55  2.805847 -0.000003 0.000001  -0.000002 -0.000001 0.079091
56  2.307435 -0.000000 -0.000002  0.000002 0.000001 -0.056419
57  0.000000 0.000000 -0.000000  0.000000 -0.000000 0.000000
58  -0.077425 -0.066589 -0.207827  0.001833 -0.013794 -0.000196
59  0.071249 114.357033 62.238796  -0.000000 -0.000000 -0.000000
60  1.986525 0.000021 -3.123740  -2.705260 -0.000000 -1.570797
61  -1.986692 0.000022 -3.123746  0.436333 0.000001 1.570797
62  -0.000000 0.000008 -0.000003  0.000000 -0.000000 0.000000
63  -1.986692 0.000022 -3.123740  0.436333 0.000001 1.570797
64  -11.344170 1.135888 0.869273  0.000002 -0.025019 -0.026324
65  1.986525 0.000021 -3.123739  -2.705260 -0.000000 -1.570797
66  -11.350061 -0.729422 0.864891  0.000197 -0.025367 0.026442
67  1.754236 4.036768 -1.682666  0.392575 -0.010120 -1.546362
68  -1.755139 4.036768 -1.682667  -0.392577 -0.010391 -1.594986
69  -0.164556 7.327704 3.928703  0.000000 0.000001 -1.570796
70  0.079082 36.742691 -0.508023  0.000001 -0.000000 -0.000000
71  -1.260174 8.777410 6.736406  -0.000002 -0.424416 -3.141592
72  1.525193 18.283596 2.968622  0.000000 -0.000000 0.000000
73  0.060217 10.324389 74.469055  0.000008 -0.000000 0.000000
74  0.062809 75.917999 83.075447  1.570797 -0.000000 -1.570796
75  4.804196 -3.971744 0.000001  -0.000000 0.000000 -0.000000
76  -7.041556 -5.025992 0.000001  -0.000000 -0.000000 -0.000000
77  8.407195 -3.978438 0.003055  -1.570796 1.570795 0.000000
78  10.376196 -3.978447 0.003056  -1.570796 1.570796 0.000000
79  10.194022 -0.314058 -1.749547  -1.570796 1.570796 0.000000
80  20.857897 -4.015567 0.000003  0.000000 -0.000000 0.000000
81  3.258449 5.856962 -3.403523  -0.000000 -0.000000 -0.000000
82  15.153055 5.860582 -3.403521  0.000000 -0.000000 0.000000
83  6.064256 77.294952 36.365799  1.570796 0.000000 1.570796
84  -2.662411 1.445755 40.667953  0.000000 3.141591 1.570796
85  8.352065 2.772897 0.000539  -3.141589 0.000002 -0.000000
86  6.064256 72.973686 32.593254  1.570796 0.000000 1.570796
87  0.004365 73.768410 -3.792008  0.000000 -0.000000 0.000000
88  -0.442609 1.284883 8.535291  -0.000000 -0.000001 0.000000
89  0.000001 1.310210 -0.000001  0.000000 0.000000 0.000000
90  0.000001 0.582256 -0.000001  0.000000 0.000000 0.000000
91  0.036297 1.284881 7.928798  -0.000000 -0.000001 0.000000
92  0.000001 1.310216 -0.000001  0.000000 0.000000 0.000000
93  -0.000000 0.582262 0.000000  0.000000 0.000000 0.000000
94  5.969323 3.427460 -6.170651  -0.000000 -0.000001 -1.570797
95  -1.310208 0.000001 0.000001  0.000000 0.000000 -0.000000
96  -0.582254 0.000000 0.000001  0.000000 0.000000 -0.000000
97  5.969323 9.397398 -6.170659  -0.000000 -0.000001 -1.570796
98  -1.310219 -0.000000 0.000001  0.000000 0.000000 -0.000000
99  -0.582265 -0.000001 0.000001  0.000000 0.000000 -0.000000
100  5.969322 15.223764 -6.170670  0.000000 -0.000001 -1.570796
101  -1.310201 0.000002 -0.000000  -0.000000 0.000000 -0.000000
102  -0.582247 0.000001 0.000001  -0.000000 0.000000 -0.000000
103  5.969323 20.835569 -6.170671  0.000000 -0.000001 -1.570796
104  -1.310204 0.000001 0.000001  -0.000000 0.000000 -0.000000
105  -0.582251 0.000000 0.000004  -0.000000 0.000000 -0.000000
106  5.969324 26.771206 -6.170671  0.000000 -0.000001 -1.570796
107  5.969323 32.597595 -6.170675  0.000000 -0.000001 -1.570796
108  5.969323 38.209400 -6.170685  -0.000000 -0.000001 -1.570800
109  5.969322 49.488461 -6.170683  -0.000000 -0.000001 -1.570800
110  -0.539090 -0.556813 -0.017363  -0.042462 2.681156 1.551919
111  -6.799124 -0.556805 0.818550  -0.272420 2.701993 1.452460
112  -4.615283 -0.556824 0.270328  -0.117230 2.684609 1.518878
113  -2.650969 -0.556812 0.063010  -0.042463 2.681158 1.551919
114  27.110338 1.284854 12.007548  -0.000000 -0.000000 0.000000
115  28.133427 1.284856 12.007547  0.000001 -0.000000 0.000000
116  12.812885 2.241786 12.007549  -0.000000 -0.000001 -0.000001
117  -9.955967 -0.319626 4.380215  -0.000001 -0.000000 -0.000001
118  -11.316472 -0.319625 4.380215  -0.000003 -0.000000 0.000000
119  -12.667811 -0.319630 4.380215  -0.000003 -0.000000 0.000001
120  -14.022141 -0.319628 4.380215  0.000010 -0.000000 -0.000011
121  -15.373240 -0.319625 4.380214  0.000015 -0.000000 -0.000015
122  -16.724142 -0.319630 4.380215  -0.000009 -0.000000 0.000006
123  -18.074572 -0.319627 4.380215  -0.000006 -0.000000 0.000004
124  -19.423716 -0.319624 4.380215  0.000002 0.000000 -0.000004
125  -20.775270 -0.319629 4.380215  0.000003 0.000000 -0.000004
126  -22.126671 -0.319626 4.380215  0.000003 0.000000 -0.000004
127  -23.478123 -0.319624 4.380215  0.000005 -0.000000 -0.000006
128  -24.830620 -0.319621 4.380215  0.000036 -0.000000 -0.000038
129  -26.182028 -0.319626 4.380215  -0.000011 -0.000000 0.000011
130  0.529180 -0.167136 0.629484  -0.101270 -0.000000 0.000000
131  -0.211444 -0.241689 0.155361  -0.145847 -0.000000 0.000000
132  0.529190 -0.280711 -0.110292  -0.145847 -0.000000 0.000000
133  -0.173927 -0.337327 -0.638496  -0.181751 -0.000000 0.000000
134  0.529189 -0.399246 -0.975394  -0.181751 -0.000000 0.000000
135  -0.211444 -0.464479 -1.431042  -0.192399 -0.000000 0.000000
136  0.529189 -0.515812 -1.694583  -0.192399 -0.000000 0.000000
137  -0.173928 -0.612156 -2.231911  -0.216703 -0.000000 0.000000
138  0.529188 -0.685804 -2.566439  -0.216703 -0.000000 0.000000
139  -0.211445 -0.769565 -3.027870  -0.237349 -0.000000 0.000000
140  0.529188 -0.832688 -3.288847  -0.237349 -0.000000 0.000000
141  -0.173937 -0.945273 -3.779564  -0.233859 0.000000 0.000000
142  0.529179 -1.024649 -4.112780  -0.233859 0.000000 0.000000
143  -0.211443 -1.132181 -4.577548  -0.262919 -0.000000 0.000000
144  0.529190 -1.201962 -4.836825  -0.262919 0.000000 0.000000
145  -0.000004 -2.810943 -10.636631  0.258454 0.000000 3.141592
146  -0.192455 -1.345779 -5.370045  -0.280373 0.000000 0.000000
147  0.533984 -1.413512 -5.605105  -0.276883 0.000000 0.000000
148  -0.206618 -1.795760 -6.909780  -0.287354 0.000000 0.000000
149  -0.205805 -1.564817 -6.138257  -0.290843 0.000000 0.000000
150  0.530460 -1.643673 -6.395215  -0.290844 0.000000 0.000000
151  0.535311 -1.790706 -7.204133  -0.287354 -0.000000 0.000000
152  -0.202703 -2.030480 -7.702830  -0.286180 -0.000000 0.000000
153  0.509548 -2.118889 -8.011624  -0.298398 -0.000000 0.000000
154  -0.202703 -2.255272 -8.465173  -0.283134 -0.000000 0.000000
155  0.509548 -2.352976 -8.771160  -0.295352 -0.000000 0.000000
156  -0.202704 -2.481597 -9.235471  -0.285437 -0.000000 0.000000
157  0.509547 -2.588680 -9.538639  -0.297654 -0.000000 0.000000
158  0.170123 -21.222092 -1.001140  -0.000001 -0.000001 0.000000
159  0.170123 -20.843868 -0.397183  -0.000001 -0.000001 0.000000
160  0.170123 -20.489748 -1.001140  -0.000001 -0.000001 0.000000
161  0.170124 -20.111071 -0.397183  -0.000001 -0.000001 0.000000
162  0.170123 -19.380093 -0.397187  -0.000001 -0.000001 0.000000
163  0.170123 -19.025108 -1.001145  -0.000001 -0.000001 0.000000
164  0.170123 -18.646660 -0.396448  -0.000001 -0.000001 0.000000
165  0.170124 -19.755760 -1.001141  -0.000001 -0.000001 0.000000
166  -0.015973 10.612516 2.686017  0.000001 -0.000000 -0.000000
167  0.059851 -50.160702 6.449381  1.570797 -0.000000 -1.570797
168  0.064653 27.351288 72.195213  -0.000000 -0.000000 -0.000001
169  6.064260 95.113998 31.645502  -0.000000 -0.000001 1.570796
170  0.054185 102.845650 29.795364  0.000000 0.000001 -1.570796
171  6.064257 69.096558 37.164322  1.570796 0.000000 1.570796
172  1.974303 11.989233 4.589250  0.000000 -0.000000 0.000000
173  -0.011481 23.944746 5.090362  0.000001 -0.000000 0.000000
174  -1.691251 8.833342 5.763507  0.000001 -0.000000 0.000000
175  6.064260 89.329796 31.613920  -0.000000 -0.000001 1.570796
176  0.059886 2.255335 54.398018  -0.000000 -0.000000 0.000000
177  0.003497 -22.270647 0.000149  1.570797 -0.000000 -1.570797
178  0.104010 15.380370 2.266153  0.000001 -0.000000 -0.000000
179  0.049048 0.001386 0.027426  0.000000 -0.006897 0.000000
180  0.023797 -0.000526 -0.010418  -0.000000 -0.006897 0.000000
181  -2.662412 1.445758 33.628746  0.000000 3.141591 1.570796
182  8.352066 2.772897 0.000540  -3.141589 0.000002 -0.000000
183  -2.662411 1.445755 40.667953  0.000000 3.141591 1.570796
184  8.352065 2.772897 0.000539  -3.141589 0.000002 -0.000000
185  -1.431356 16.384779 4.137811  0.000001 -0.000000 0.000000
186  -0.001845 0.521683 -0.140289  0.000000 -0.000000 -0.000000
187  7.323109 -5.136191 -5.166237  -0.000000 0.000000 -0.610865
188  2.698277 -0.000002 0.000000  -0.000012 0.000000 0.000000
189  2.834160 -0.000001 0.000000  0.000013 0.000000 0.000000
190  2.648917 -0.000001 0.000001  -0.000001 -0.000001 0.000000
191  2.667498 -0.000003 -0.000001  0.000000 0.000000 -0.000000
192  2.426701 -0.000002 -0.000000  0.000000 0.000000 -0.000000
193  -0.494744 -44.353447 -1.302299  1.570797 -0.000000 -1.570797
194  11.545938 73.768410 -3.792010  0.000000 -0.000000 0.000000
195  -0.011102 -16.902815 1.952047  0.000001 -0.000000 -0.000000
196  0.000000 0.000002 -1.529052  -0.000000 -0.000000 0.000000
197  -0.078942 0.000000 -0.000000  0.000000 0.000001 1.570796
198  0.097092 0.000000 -0.000000  -0.000000 -3.141592 1.570796
199  0.000000 0.000000 0.000000  0.000000 -0.000000 -0.000000
200  0.043327 -0.053284 -0.218279  0.001830 -0.020692 0.000103
201  0.117712 -0.045265 -0.104307  0.001830 -0.020692 0.000103
time 11
0  0 0 0  0 0 0
1  0.000000 0.000000 0.000000  0.000000 -0.000000 -0.000000
2  -0.000005 0.000023 -61.375507  0.000000 0.000000 -1.570795
3  -0.012872 0.000000 8.235020  -1.570799 -1.570796 0.000000
4  16.163128 -0.012870 -0.000002  -0.000000 -0.000000 0.000000
5  16.163143 -0.000009 3.830524  -3.089336 -1.570794 0.000000
6  -0.000031 -0.000001 -0.000000  -0.005004 0.000431 0.001281
7  -0.000001 -0.000007 0.000000  0.000000 0.000000 0.012147
8  0.000001 0.000001 0.000002  0.000000 -0.000000 -0.000000
9  0.000002 0.000000 0.000000  0.001404 -0.000000 -0.000000
10  -0.000000 0.000000 0.000002  0.002075 -0.000000 -0.000000
11  -0.000000 0.000000 0.000002  0.002808 0.000000 -0.000000
12  -0.000001 0.000000 0.000002  0.003479 -0.000000 -0.000000
13  -0.000001 -0.000001 0.000004  0.004211 -0.000000 -0.000000
14  0.000001 -0.000001 0.000002  0.004883 -0.000000 -0.000000
15  -0.000003 0.000002 0.000008  0.004612 0.007950 -0.006757
16  1.410070 0.800535 -2.089136  2.009773 0.630250 0.591915
17  3.954712 -0.000003 0.000005  -0.000004 -0.000001 0.166316
18  3.101567 0.000003 0.000004  0.000002 -0.000001 0.240238
19  6.164461 -0.898142 2.575020  0.090705 -0.013516 -0.151467
20  2.805849 0.000004 -0.000002  0.000002 0.000001 0.079095
21  2.307445 -0.000004 -0.000000  -0.000000 -0.000000 -0.056423
22  7.145099 -0.676330 -1.382426  0.086918 -0.009133 -0.085503
23  3.672212 0.000003 -0.000004  0.000003 0.000001 0.142941
24  2.676526 0.000001 -0.000001  -0.000001 -0.000001 -0.026075
25  6.831177 -0.870853 0.599923  0.130314 -0.006347 -0.065005
26  3.657082 -0.000009 -0.000001  0.000000 0.000000 0.057729
27  2.496794 0.000004 -0.000002  0.000000 0.000000 -0.091107
28  7.183352 -0.532073 -3.267606  0.123210 0.020356 -0.052484
29  3.511591 0.000006 0.000001  -0.000001 -0.000001 0.099575
30  2.199409 0.000000 0.000004  0.000001 0.000001 0.029263
31  16.163136 0.000012 -3.830531  -3.098550 1.570794 0.000000
32  -0.000018 -0.000001 0.000001  0.000921 -0.001645 -0.006837
33  -0.000002 0.000000 -0.000001  0.000000 -0.000000 0.019044
34  0.000001 0.000000 -0.000001  -0.000000 0.000000 -0.000000
35  -0.000002 -0.000002 -0.000001  0.000000 0.000000 0.000000
36  -0.000003 -0.000001 0.000001  0.004089 0.000000 0.000000
37  0.000000 -0.000000 -0.000001  0.005432 -0.000000 0.000000
38  -0.000004 0.000001 0.000001  0.006836 -0.000000 -0.000000
39  -0.000003 -0.000000 -0.000001  0.008179 -0.000000 -0.000000
40  -0.000002 -0.000002 -0.000001  0.009583 0.000000 0.000000
41  -0.000008 -0.000004 -0.000001  0.010860 0.009657 -0.013681
42  1.410069 0.800525 2.089136  -2.009768 -0.630254 0.591907
43  3.954720 0.000009 0.000003  -0.000000 -0.000002 0.166319
44  3.101554 -0.000008 0.000005  -0.000001 -0.000000 0.240238
45  7.183348 -0.532110 3.267601  -0.123210 -0.020355 -0.052486
46  3.511602 -0.000001 0.000001  0.000003 0.000001 0.099571
47  2.199404 0.000004 -0.000004  -0.000001 -0.000001 0.029267
48  7.145096 -0.676362 1.382419  -0.086920 0.009133 -0.085505
49  3.672219 -0.000002 0.000001  0.000001 -0.000000 0.142941
50  2.676520 -0.000003 0.000001  -0.000001 -0.000001 -0.026075
51  6.831176 -0.870879 -0.599927  -0.130311 0.006346 -0.065012
52  3.657080 -0.000002 -0.000003  -0.000000 0.000001 0.057734
53  2.496794 0.000001 0.000002  0.000000 -0.000001 -0.091108
54  6.164467 -0.898158 -2.575026  -0.090704 0.013515 -0.151468
55  2.805848 -0.000004 0.000002  -0.000002 -0.000001 0.079091
56  2.307433 0.000000 -0.000001  0.000002 0.000001 -0.056419
57  0.000000 0.000000 -0.000000  0.000000 -0.000000 0.000000
58  -0.042076 -0.211998 -0.173143  -0.001162 -0.007202 0.000554
59  0.071249 114.357025 62.238792  -0.000000 -0.000000 -0.000000
60  1.986525 0.000018 -3.123735  -2.705260 -0.000000 -1.570797
61  -1.986692 0.000020 -3.123742  0.436333 0.000001 1.570797
62  0.000000 0.000004 -0.000001  0.000000 -0.000000 0.000000
63  -1.986692 0.000020 -3.123733  0.436333 0.000001 1.570797
64  -11.344163 1.135888 0.869278  0.000001 -0.025019 -0.026324
65  1.986525 0.000018 -3.123729  -2.705260 -0.000000 -1.570797
66  -11.350057 -0.729422 0.864886  0.000197 -0.025367 0.026442
67  1.754237 4.036762 -1.682661  0.392575 -0.010120 -1.546362
68  -1.755140 4.036759 -1.682663  -0.392577 -0.010391 -1.594986
69  -0.164556 7.327704 3.928703  0.000000 0.000001 -1.570796
70  0.079082 36.742691 -0.508023  0.000001 -0.000000 -0.000000
71  -1.260174 8.777410 6.736405  -0.000002 -0.424416 -3.141592
72  1.525193 18.283598 2.968622  0.000000 -0.000000 0.000000
73  0.060217 10.324389 74.469063  0.000008 -0.000000 0.000000
74  0.062809 75.918007 83.075447  1.570797 -0.000000 -1.570796
75  4.804194 -3.971750 0.000001  -0.000000 0.000000 -0.000000
76  -7.041559 -5.025993 0.000002  -0.000000 -0.000000 -0.000000
77  8.407187 -3.978447 0.003055  -1.570796 1.570795 0.000000
78  10.376193 -3.978453 0.003056  -1.570796 1.570796 0.000000
79  10.194019 -0.314064 -1.749547  -1.570796 1.570796 0.000000
80  20.857897 -4.015570 0.000003  0.000000 -0.000000 0.000000
81  3.258449 5.856947 -3.403523  -0.000000 -0.000000 -0.000000
82  15.153058 5.860578 -3.403521  0.000000 -0.000000 0.000000
83  6.064257 77.294952 36.365803  1.570796 0.000000 1.570796
84  -2.662411 1.445755 40.667957  -0.000000 3.141591 1.570796
85  8.352066 2.772896 0.000545  -3.141589 0.000002 0.000000
86  6.064256 72.973694 32.593254  1.570796 0.000000 1.570796
87  0.004365 73.768417 -3.792008  0.000000 -0.000000 0.000000
88  -0.442609 1.284880 8.535290  0.000000 -0.000001 0.000000
89  0.000001 1.310219 -0.000001  0.000000 -0.000000 0.000000
90  0.000001 0.582267 -0.000000  0.000000 -0.000000 0.000000
91  0.036297 1.284874 7.928798  0.000000 -0.000001 0.000000
92  0.000001 1.310213 -0.000001  0.000000 -0.000000 0.000000
93  0.000000 0.582261 0.000000  0.000000 -0.000000 0.000000
94  5.969323 3.427459 -6.170651  -0.000000 -0.000001 -1.570797
95  -1.310197 0.000001 0.000001  0.000000 -0.000000 -0.000000
96  -0.582253 -0.000000 -0.000001  0.000000 0.000000 -0.000000
97  5.969323 9.397394 -6.170658  -0.000000 -0.000001 -1.570796
98  -1.310214 -0.000000 0.000002  0.000000 0.000000 -0.000000
99  -0.582261 -0.000001 0.000001  0.000000 0.000000 -0.000000
100  5.969322 15.223766 -6.170670  0.000000 -0.000001 -1.570796
101  -1.310208 0.000002 0.000002  -0.000000 0.000000 -0.000000
102  -0.582256 0.000002 0.000002  -0.000000 0.000000 -0.000000
103  5.969323 20.835569 -6.170670  0.000000 -0.000001 -1.570796
104  -1.310217 0.000002 0.000001  -0.000000 0.000000 -0.000000
105  -0.582265 0.000001 0.000003  -0.000000 0.000000 -0.000000
106  5.969324 26.771202 -6.170672  0.000000 -0.000001 -1.570796
107  5.969323 32.597591 -6.170675  0.000000 -0.000001 -1.570796
108  5.969323 38.209393 -6.170685  0.000000 -0.000001 -1.570800
109  5.969322 49.488464 -6.170683  0.000000 -0.000001 -1.570800
110  -0.539090 -0.556817 -0.017363  -0.042462 2.681156 1.551919
111  -6.799123 -0.556813 0.818550  -0.272420 2.701993 1.452460
112  -4.615283 -0.556831 0.270328  -0.117230 2.684609 1.518878
113  -2.650969 -0.556809 0.063010  -0.042463 2.681158 1.551919
114  27.110338 1.284855 12.007547  0.000000 -0.000000 0.000000
115  28.133427 1.284853 12.007546  0.000001 -0.000000 0.000000
116  12.812886 2.241785 12.007549  0.000000 -0.000001 -0.000001
117  -9.955967 -0.319625 4.380214  -0.000001 -0.000000 -0.000001
118  -11.316473 -0.319627 4.380215  -0.000003 -0.000000 0.000000
119  -12.667810 -0.319626 4.380215  -0.000003 -0.000000 0.000001
120  -14.022141 -0.319624 4.380215  0.000010 -0.000000 -0.000011
121  -15.373240 -0.319624 4.380214  0.000015 -0.000000 -0.000015
122  -16.724142 -0.319623 4.380214  -0.000009 -0.000000 0.000006
123  -18.074574 -0.319623 4.380214  -0.000006 0.000000 0.000004
124  -19.423717 -0.319624 4.380214  0.000002 0.000000 -0.000004
125  -20.775272 -0.319624 4.380214  0.000003 0.000000 -0.000004
126  -22.126673 -0.319623 4.380215  0.000003 -0.000000 -0.000004
127  -23.478125 -0.319622 4.380215  0.000005 0.000000 -0.000006
128  -24.830622 -0.319621 4.380215  0.000036 -0.000000 -0.000038
129  -26.182030 -0.319621 4.380215  -0.000011 0.000000 0.000011
130  0.529180 -0.167135 0.629484  -0.101270 -0.000000 0.000000
131  -0.211444 -0.241684 0.155361  -0.145847 -0.000000 0.000000
132  0.529190 -0.280712 -0.110293  -0.145847 -0.000000 0.000000
133  -0.173927 -0.337336 -0.638496  -0.181751 -0.000000 0.000000
134  0.529189 -0.399256 -0.975393  -0.181751 -0.000000 0.000000
135  -0.211444 -0.464480 -1.431042  -0.192399 -0.000000 0.000000
136  0.529189 -0.515817 -1.694583  -0.192400 -0.000000 0.000000
137  -0.173928 -0.612165 -2.231911  -0.216703 -0.000000 0.000000
138  0.529188 -0.685806 -2.566440  -0.216703 -0.000000 0.000000
139  -0.211445 -0.769563 -3.027870  -0.237349 -0.000000 0.000000
140  0.529188 -0.832690 -3.288847  -0.237349 -0.000000 0.000000
141  -0.173937 -0.945281 -3.779564  -0.233859 0.000000 0.000000
142  0.529179 -1.024661 -4.112780  -0.233859 0.000000 0.000000
143  -0.211443 -1.132188 -4.577548  -0.262919 -0.000000 0.000000
144  0.529190 -1.201970 -4.836824  -0.262919 0.000000 0.000000
145  -0.000004 -2.810948 -10.636631  0.258454 0.000000 3.141592
146  -0.192455 -1.345790 -5.370045  -0.280373 0.000000 0.000000
147  0.533984 -1.413516 -5.605105  -0.276883 0.000000 0.000000
148  -0.206618 -1.795767 -6.909779  -0.287354 0.000000 0.000000
149  -0.205805 -1.564826 -6.138255  -0.290843 0.000000 0.000000
150  0.530460 -1.643679 -6.395214  -0.290844 0.000000 0.000000
151  0.535311 -1.790718 -7.204133  -0.287354 -0.000000 0.000000
152  -0.202703 -2.030493 -7.702830  -0.286180 -0.000000 0.000000
153  0.509548 -2.118902 -8.011623  -0.298398 -0.000000 0.000000
154  -0.202703 -2.255281 -8.465171  -0.283134 -0.000000 0.000000
155  0.509548 -2.352993 -8.771159  -0.295352 -0.000000 0.000000
156  -0.202704 -2.481601 -9.235472  -0.285437 -0.000000 0.000000
157  0.509547 -2.588693 -9.538638  -0.297654 -0.000000 0.000000
158  0.170123 -21.222097 -1.001140  -0.000001 -0.000001 0.000000
159  0.170123 -20.843870 -0.397183  -0.000001 -0.000001 0.000000
160  0.170123 -20.489754 -1.001141  -0.000001 -0.000001 0.000000
161  0.170124 -20.111074 -0.397183  -0.000001 -0.000001 0.000000
162  0.170123 -19.380096 -0.397186  -0.000001 -0.000001 0.000000
163  0.170123 -19.025118 -1.001145  -0.000001 -0.000001 0.000000
164  0.170123 -18.646667 -0.396447  -0.000001 -0.000001 0.000000
165  0.170124 -19.755768 -1.001142  -0.000001 -0.000001 0.000000
166  -0.015973 10.612518 2.686017  0.000001 -0.000000 -0.000000
167  0.059851 -50.160702 6.449380  1.570797 0.000000 -1.570797
168  0.064653 27.351290 72.195206  -0.000000 -0.000000 -0.000001
169  6.064260 95.114021 31.645500  -0.000000 -0.000001 1.570796
170  0.054185 102.845642 29.795362  0.000000 0.000001 -1.570796
171  6.064257 69.096542 37.164318  1.570796 0.000000 1.570796
172  1.974303 11.989234 4.589250  0.000000 -0.000000 0.000000
173  -0.011481 23.944748 5.090361  0.000001 -0.000000 0.000000
174  -1.691251 8.833341 5.763507  0.000001 -0.000000 0.000000
175  6.064261 89.329796 31.613916  -0.000000 -0.000001 1.570796
176  0.059886 2.255335 54.398006  -0.000000 -0.000000 0.000000
177  0.003497 -22.270643 0.000154  1.570797 -0.000000 -1.570797
178  0.104010 15.380370 2.266152  0.000001 -0.000000 -0.000000
179  0.049047 0.001386 0.027428  0.000000 -0.006897 0.000000
180  0.023798 -0.000531 -0.010419  -0.000000 -0.006897 0.000000
181  -2.662412 1.445758 33.628738  -0.000000 3.141591 1.570796
182  8.352066 2.772897 0.000542  -3.141589 0.000002 0.000000
183  -2.662411 1.445755 40.667957  -0.000000 3.141591 1.570796
184  8.352066 2.772896 0.000545  -3.141589 0.000002 0.000000
185  -1.431356 16.384781 4.137811  0.000001 -0.000000 0.000000
186  -0.001845 0.521683 -0.140290  0.000000 -0.000000 -0.000000
187  7.323109 -5.136191 -5.166237  -0.000000 0.000000 -0.610865
188  2.698277 -0.000001 -0.000001  -0.000012 0.000000 0.000001
189  2.834159 -0.000002 0.000001  0.000013 0.000000 0.000000
190  2.648917 -0.000001 0.000001  -0.000001 -0.000001 0.000000
191  2.667500 -0.000003 -0.000001  0.000000 0.000000 -0.000000
192  2.426701 -0.000002 -0.000000  0.000000 0.000000 -0.000000
193  -0.494744 -44.353443 -1.302299  1.570797 -0.000000 -1.570797
194  11.545938 73.768425 -3.792010  0.000000 -0.000000 0.000000
195  -0.011102 -16.902813 1.952047  0.000001 -0.000000 -0.000000
196  0.000000 0.000001 -1.529052  -0.000000 -0.000000 0.000000
197  -0.078942 -0.000001 -0.000000  0.000000 0.000001 1.570796
198  0.097092 -0.000001 -0.000000  -0.000000 -3.141592 1.570796
199  0.000000 0.000000 0.000000  0.000000 -0.000000 -0.000000
200  0.025658 -0.221008 -0.206924  -0.001166 -0.014099 0.000924
201  0.077141 -0.221130 -0.129032  -0.001166 -0.014099 0.000924
time 12
0  0 0 0  0 0 0
1  0.000000 0.000000 0.000000  0.000000 -0.000000 -0.000000
2  -0.000005 0.000023 -61.375507  0.000000 0.000000 -1.570795
3  -0.012872 0.000000 8.235020  -1.570799 -1.570796 0.000000
4  16.163128 -0.012870 -0.000002  -0.000000 -0.000000 0.000000
5  16.163143 -0.000009 3.830524  -3.089336 -1.570794 0.000000
6  -0.000031 -0.000001 -0.000000  -0.005922 0.005675 -0.000566
7  -0.000001 -0.000006 -0.000001  0.000000 0.000000 0.022584
8  -0.000000 0.000001 -0.000000  0.000000 -0.000000 -0.000000
9  0.000001 0.000001 -0.000000  0.000122 -0.000000 -0.000000
10  -0.000001 0.000001 0.000002  0.000183 -0.000000 -0.000000
11  -0.000001 0.000001 0.000002  0.000244 0.000000 -0.000000
12  -0.000002 0.000000 -0.000002  0.000305 -0.000000 -0.000000
13  -0.000003 -0.000001 -0.000000  0.000366 -0.000000 -0.000000
14  -0.000002 -0.000001 -0.000002  0.000427 -0.000000 -0.000000
15  -0.000000 0.000002 0.000002  -0.000434 0.000851 -0.015931
16  1.410070 0.800535 -2.089136  2.009773 0.630250 0.591915
17  3.954710 -0.000001 0.000005  -0.000004 -0.000001 0.166316
18  3.101568 0.000006 0.000004  0.000002 -0.000001 0.240238
19  6.164460 -0.898142 2.575021  0.090705 -0.013516 -0.151467
20  2.805849 0.000004 -0.000003  0.000002 0.000001 0.079095
21  2.307442 -0.000003 0.000002  -0.000000 -0.000000 -0.056423
22  7.145098 -0.676330 -1.382425  0.086918 -0.009133 -0.085503
23  3.672211 0.000003 -0.000002  0.000003 0.000001 0.142941
24  2.676525 0.000001 0.000003  -0.000001 -0.000001 -0.026075
25  6.831177 -0.870853 0.599922  0.130314 -0.006347 -0.065005
26  3.657082 -0.000009 0.000001  0.000000 0.000000 0.057729
27  2.496794 0.000003 0.000001  0.000000 0.000000 -0.091107
28  7.183352 -0.532073 -3.267607  0.123210 0.020356 -0.052484
29  3.511591 0.000006 0.000002  -0.000001 -0.000001 0.099575
30  2.199413 0.000000 0.000001  0.000001 0.000001 0.029263
31  16.163136 0.000012 -3.830531  -3.098550 1.570794 0.000000
32  -0.000018 -0.000001 0.000001  0.001383 -0.008050 -0.010077
33  0.000002 0.000001 -0.000000  0.000000 -0.000000 0.031069
34  0.000000 0.000000 -0.000000  -0.000000 0.000000 -0.000000
35  -0.000002 -0.000003 -0.000002  0.000000 0.000000 0.000000
36  -0.000003 -0.000001 -0.000000  0.001160 0.000000 0.000000
37  -0.000000 -0.000000 -0.000000  0.001526 -0.000000 0.000000
38  -0.000004 0.000001 -0.000000  0.001892 -0.000000 -0.000000
39  -0.000005 0.000000 -0.000000  0.002319 -0.000000 -0.000000
40  -0.000006 -0.000001 0.000002  0.002686 0.000000 0.000000
41  -0.000010 -0.000004 -0.000002  0.003006 0.004365 -0.020868
42  1.410070 0.800525 2.089139  -2.009768 -0.630254 0.591907
43  3.954720 0.000012 0.000004  -0.000000 -0.000002 0.166319
44  3.101557 -0.000005 0.000003  -0.000001 -0.000000 0.240238
45  7.183348 -0.532109 3.267602  -0.123210 -0.020355 -0.052486
46  3.511601 -0.000001 0.000001  0.000003 0.000001 0.099571
47  2.199404 0.000005 -0.000002  -0.000001 -0.000001 0.029267
48  7.145095 -0.676362 1.382420  -0.086920 0.009133 -0.085505
49  3.672219 -0.000002 -0.000001  0.000001 -0.000000 0.142941
50  2.676519 -0.000004 -0.000000  -0.000001 -0.000001 -0.026075
51  6.831176 -0.870879 -0.599927  -0.130311 0.006346 -0.065012
52  3.657079 -0.000002 0.000002  -0.000000 0.000001 0.057734
53  2.496793 0.000001 0.000002  0.000000 -0.000001 -0.091108
54  6.164467 -0.898158 -2.575024  -0.090704 0.013515 -0.151468
55  2.805848 -0.000003 0.000003  -0.000002 -0.000001 0.079091
56  2.307435 0.000000 -0.000001  0.000002 0.000001 -0.056419
57  0.000000 0.000000 -0.000000  0.000000 -0.000000 0.000000
58  0.004895 -0.350479 -0.083201  -0.002318 0.002504 0.001340
59  0.071249 114.357033 62.238792  0.000000 -0.000000 -0.000000
60  1.986525 0.000009 -3.123735  -2.705260 -0.000000 -1.570797
61  -1.986692 0.000008 -3.123744  0.436333 0.000001 1.570797
62  -0.000000 -0.000009 -0.000004  0.000000 -0.000000 0.000000
63  -1.986692 0.000008 -3.123738  0.436333 0.000001 1.570797
64  -11.344162 1.135890 0.869271  0.000001 -0.025019 -0.026324
65  1.986525 0.000009 -3.123734  -2.705260 -0.000000 -1.570797
66  -11.350055 -0.729423 0.864885  0.000197 -0.025367 0.026442
67  1.754236 4.036755 -1.682667  0.392575 -0.010120 -1.546362
68  -1.755139 4.036757 -1.682666  -0.392577 -0.010391 -1.594986
69  -0.164556 7.327705 3.928703  0.000000 0.000001 -1.570796
70  0.079082 36.742695 -0.508023  0.000001 -0.000000 -0.000000
71  -1.260174 8.777409 6.736405  -0.000002 -0.424415 -3.141592
72  1.525193 18.283598 2.968622  0.000000 -0.000000 -0.000000
73  0.060216 10.324389 74.469063  0.000008 -0.000000 0.000000
74  0.062808 75.917992 83.075439  1.570797 0.000000 -1.570796
75  4.804186 -3.971743 0.000001  -0.000000 0.000000 -0.000000
76  -7.041563 -5.025988 0.000001  -0.000000 -0.000000 -0.000000
77  8.407188 -3.978430 0.003055  -1.570796 1.570795 0.000000
78  10.376197 -3.978439 0.003056  -1.570796 1.570796 0.000000
79  10.194026 -0.314064 -1.749548  -1.570796 1.570796 0.000000
80  20.857891 -4.015566 0.000003  0.000000 -0.000000 0.000000
81  3.258444 5.856950 -3.403523  -0.000000 -0.000000 -0.000000
82  15.153049 5.860579 -3.403521  0.000000 -0.000000 0.000000
83  6.064256 77.294960 36.365795  1.570796 -0.000000 1.570796
84  -2.662412 1.445755 40.667953  0.000000 3.141591 1.570796
85  8.352066 2.772897 0.000543  -3.141589 0.000002 0.000000
86  6.064256 72.973701 32.593250  1.570796 -0.000000 1.570796
87  0.004365 73.768417 -3.792008  0.000000 -0.000000 0.000000
88  -0.442609 1.284875 8.535291  0.000000 -0.000001 0.000000
89  0.000001 1.310199 -0.000000  0.000000 0.000000 0.000000
90  0.000001 0.582258 0.000000  0.000000 0.000000 0.000000
91  0.036297 1.284878 7.928799  0.000000 -0.000001 0.000000
92  0.000001 1.310202 -0.000001  0.000000 -0.000000 0.000000
93  -0.000000 0.582261 -0.000000  0.000000 -0.000000 0.000000
94  5.969323 3.427455 -6.170651  -0.000000 -0.000001 -1.570797
95  -1.310201 0.000001 0.000001  0.000000 0.000000 -0.000000
96  -0.582260 -0.000000 0.000001  0.000000 0.000000 -0.000000
97  5.969323 9.397393 -6.170659  -0.000000 -0.000001 -1.570796
98  -1.310204 -0.000000 0.000001  0.000000 0.000000 -0.000000
99  -0.582255 -0.000001 0.000000  0.000000 0.000000 -0.000000
100  5.969322 15.223759 -6.170670  0.000000 -0.000001 -1.570796
101  -1.310208 0.000002 0.000000  -0.000000 0.000000 -0.000000
102  -0.582259 0.000001 0.000001  -0.000000 0.000000 -0.000000
103  5.969323 20.835569 -6.170671  0.000000 -0.000001 -1.570796
104  -1.310202 0.000001 0.000001  -0.000000 0.000000 -0.000000
105  -0.582261 -0.000000 0.000003  -0.000000 0.000000 -0.000000
106  5.969324 26.771206 -6.170672  0.000000 -0.000001 -1.570796
107  5.969323 32.597588 -6.170675  0.000000 -0.000001 -1.570796
108  5.969323 38.209396 -6.170685  0.000000 -0.000001 -1.570800
109  5.969322 49.488457 -6.170683  0.000000 -0.000001 -1.570800
110  -0.539090 -0.556808 -0.017363  -0.042462 2.681156 1.551919
111  -6.799123 -0.556814 0.818550  -0.272420 2.701993 1.452460
112  -4.615283 -0.556828 0.270328  -0.117230 2.684609 1.518878
113  -2.650969 -0.556812 0.063010  -0.042463 2.681158 1.551919
114  27.110334 1.284854 12.007548  0.000000 -0.000000 -0.000000
115  28.133425 1.284856 12.007547  0.000001 -0.000000 -0.000000
116  12.812887 2.241787 12.007549  0.000000 -0.000001 -0.000001
117  -9.955968 -0.319629 4.380214  -0.000001 -0.000000 -0.000001
118  -11.316474 -0.319629 4.380215  -0.000003 -0.000000 -0.000000
119  -12.667811 -0.319627 4.380215  -0.000003 -0.000000 0.000001
120  -14.022141 -0.319628 4.380215  0.000010 -0.000000 -0.000011
121  -15.373240 -0.319633 4.380214  0.000015 -0.000000 -0.000015
122  -16.724140 -0.319631 4.380214  -0.000009 -0.000000 0.000006
123  -18.074572 -0.319629 4.380214  -0.000006 -0.000000 0.000004
124  -19.423716 -0.319629 4.380214  0.000002 0.000000 -0.000004
125  -20.775269 -0.319626 4.380214  0.000003 0.000000 -0.000004
126  -22.126669 -0.319624 4.380215  0.000003 -0.000000 -0.000004
127  -23.478123 -0.319628 4.380215  0.000005 -0.000000 -0.000006
128  -24.830618 -0.319624 4.380215  0.000036 -0.000000 -0.000038
129  -26.182026 -0.319629 4.380215  -0.000011 -0.000000 0.000011
130  0.529180 -0.167137 0.629484  -0.101270 -0.000000 0.000000
131  -0.211444 -0.241690 0.155361  -0.145847 -0.000000 0.000000
132  0.529190 -0.280709 -0.110293  -0.145847 -0.000000 0.000000
133  -0.173927 -0.337326 -0.638495  -0.181751 -0.000000 0.000000
134  0.529189 -0.399254 -0.975394  -0.181751 -0.000000 0.000000
135  -0.211444 -0.464480 -1.431042  -0.192399 -0.000000 0.000000
136  0.529189 -0.515811 -1.694583  -0.192399 -0.000000 0.000000
137  -0.173928 -0.612156 -2.231911  -0.216703 -0.000000 0.000000
138  0.529188 -0.685816 -2.566440  -0.216703 -0.000000 0.000000
139  -0.211445 -0.769569 -3.027870  -0.237349 -0.000000 0.000000
140  0.529188 -0.832693 -3.288847  -0.237349 -0.000000 0.000000
141  -0.173937 -0.945290 -3.779564  -0.233859 0.000000 0.000000
142  0.529179 -1.024668 -4.112780  -0.233859 0.000000 0.000000
143  -0.211443 -1.132193 -4.577548  -0.262919 -0.000000 0.000000
144  0.529190 -1.201966 -4.836824  -0.262919 0.000000 0.000000
145  -0.000004 -2.810947 -10.636630  0.258454 0.000000 3.141592
146  -0.192455 -1.345789 -5.370045  -0.280373 0.000000 0.000000
147  0.533984 -1.413517 -5.605105  -0.276883 0.000000 0.000000
148  -0.206618 -1.795768 -6.909780  -0.287354 0.000000 0.000000
149  -0.205805 -1.564823 -6.138256  -0.290843 0.000000 0.000000
150  0.530460 -1.643682 -6.395216  -0.290844 0.000000 0.000000
151  0.535311 -1.790715 -7.204133  -0.287354 -0.000000 0.000000
152  -0.202703 -2.030491 -7.702831  -0.286180 -0.000000 0.000000
153  0.509548 -2.118895 -8.011625  -0.298398 -0.000000 0.000000
154  -0.202703 -2.255278 -8.465172  -0.283134 -0.000000 0.000000
155  0.509548 -2.352981 -8.771158  -0.295352 -0.000000 0.000000
156  -0.202704 -2.481596 -9.235471  -0.285437 -0.000000 0.000000
157  0.509547 -2.588690 -9.538638  -0.297654 -0.000000 0.000000
158  0.170123 -21.222101 -1.001140  -0.000001 -0.000001 0.000000
159  0.170123 -20.843868 -0.397183  -0.000001 -0.000001 0.000000
160  0.170123 -20.489758 -1.001141  -0.000001 -0.000001 0.000000
161  0.170124 -20.111076 -0.397183  -0.000001 -0.000001 0.000000
162  0.170123 -19.380098 -0.397187  -0.000001 -0.000001 0.000000
163  0.170123 -19.025118 -1.001145  -0.000001 -0.000001 0.000000
164  0.170123 -18.646666 -0.396447  -0.000001 -0.000001 0.000000
165  0.170124 -19.755770 -1.001141  -0.000001 -0.000001 0.000000
166  -0.015973 10.612517 2.686017  0.000001 -0.000000 -0.000000
167  0.059851 -50.160706 6.449380  1.570797 0.000000 -1.570797
168  0.064653 27.351292 72.195213  0.000000 -0.000000 -0.000001
169  6.064260 95.114014 31.645500  -0.000000 -0.000001 1.570796
170  0.054185 102.845657 29.795364  0.000000 0.000001 -1.570796
171  6.064256 69.096558 37.164318  1.570796 -0.000000 1.570796
172  1.974303 11.989233 4.589251  0.000000 -0.000000 -0.000000
173  -0.011481 23.944748 5.090362  0.000001 -0.000000 0.000000
174  -1.691251 8.833342 5.763507  0.000001 -0.000000 -0.000000
175  6.064260 89.329803 31.613916  -0.000000 -0.000001 1.570796
176  0.059886 2.255335 54.398010  0.000000 -0.000000 0.000000
177  0.003497 -22.270645 0.000148  1.570797 0.000000 -1.570797
178  0.104010 15.380370 2.266152  0.000001 -0.000000 -0.000000
179  0.049049 0.001387 0.027425  0.000000 -0.006897 0.000000
180  0.023797 -0.000527 -0.010420  -0.000000 -0.006897 0.000000
181  -2.662412 1.445758 33.628742  0.000000 3.141591 1.570796
182  8.352066 2.772897 0.000541  -3.141589 0.000002 0.000000
183  -2.662412 1.445755 40.667953  0.000000 3.141591 1.570796
184  8.352066 2.772897 0.000543  -3.141589 0.000002 0.000000
185  -1.431356 16.384777 4.137811  0.000001 -0.000000 0.000000
186  -0.001845 0.521683 -0.140289  0.000000 -0.000000 -0.000000
187  7.323109 -5.136191 -5.166237  0.000000 0.000000 -0.610865
188  2.698278 -0.000001 -0.000001  -0.000012 0.000000 0.000001
189  2.834160 -0.000002 -0.000000  0.000013 0.000000 0.000000
190  2.648919 0.000001 0.000001  -0.000001 -0.000001 0.000000
191  2.667500 -0.000000 -0.000000  0.000000 0.000000 0.000000
192  2.426704 -0.000000 0.000000  0.000000 0.000000 -0.000000
193  -0.494744 -44.353447 -1.302299  1.570797 0.000000 -1.570797
194  11.545938 73.768417 -3.792010  0.000000 -0.000000 -0.000000
195  -0.011102 -16.902815 1.952047  0.000001 -0.000000 -0.000000
196  0.000000 0.000000 -1.529052  -0.000000 -0.000000 0.000000
197  -0.078942 0.000001 -0.000000  0.000000 0.000001 1.570796
198  0.097092 -0.000000 -0.000000  -0.000000 -3.141592 1.570796
199  0.000000 0.000000 0.000000  0.000000 -0.000000 -0.000000
200  -0.003469 -0.369255 -0.115396  -0.002323 -0.004332 0.001653
201  0.012522 -0.369167 -0.091082  -0.002323 -0.004332 0.001653
time 13
0  0 0 0  0 0 0
1  0.000000 0.000000 0.000000  0.000000 -0.000000 -0.000000
2  -0.000005 0.000023 -61.375507  0.000000 0.000000 -1.570795
3  -0.012872 0.000000 8.235020  -1.570799 -1.570796 0.000000
4  16.163128 -0.012870 -0.000002  -0.000000 -0.000000 0.000000
5  16.163143 -0.000009 3.830524  -3.089336 -1.570794 0.000000
6  -0.000031 -0.000001 -0.000000  -0.007267 0.011228 -0.000712
7  -0.000002 -0.000007 0.000002  0.000000 0.000000 0.028750
8  0.000000 0.000001 -0.000001  0.000000 -0.000000 -0.000000
9  0.000001 0.000001 -0.000001  -0.000549 -0.000000 -0.000000
10  -0.000002 0.000001 0.000001  -0.000793 -0.000000 -0.000000
11  -0.000001 0.000001 0.000001  -0.001099 0.000000 -0.000000
12  -0.000002 0.000000 -0.000003  -0.001343 -0.000000 -0.000000
13  -0.000003 -0.000001 -0.000003  -0.001648 -0.000000 -0.000000
14  -0.000002 -0.000001 -0.000003  -0.001953 -0.000000 -0.000000
15  0.000000 0.000001 0.000001  -0.003239 0.000461 -0.016909
16  1.410070 0.800535 -2.089138  2.009773 0.630250 0.591915
17  3.954710 -0.000003 0.000007  -0.000004 -0.000001 0.166316
18  3.101567 0.000001 0.000005  0.000002 -0.000001 0.240238
19  6.164461 -0.898142 2.575018  0.090705 -0.013516 -0.151467
20  2.805850 0.000005 -0.000004  0.000002 0.000001 0.079095
21  2.307442 -0.000003 0.000003  -0.000000 -0.000000 -0.056423
22  7.145100 -0.676330 -1.382425  0.086918 -0.009133 -0.085503
23  3.672213 0.000003 -0.000002  0.000003 0.000001 0.142941
24  2.676527 0.000001 0.000002  -0.000001 -0.000001 -0.026075
25  6.831177 -0.870853 0.599921  0.130314 -0.006347 -0.065005
26  3.657084 -0.000010 -0.000002  0.000000 0.000000 0.057729
27  2.496794 0.000004 -0.000002  0.000000 0.000000 -0.091107
28  7.183353 -0.532073 -3.267606  0.123210 0.020356 -0.052484
29  3.511591 0.000005 0.000001  -0.000001 -0.000001 0.099575
30  2.199412 -0.000001 0.000002  0.000001 0.000001 0.029263
31  16.163136 0.000012 -3.830531  -3.098550 1.570794 0.000000
32  -0.000018 -0.000001 0.000001  0.001863 -0.014149 -0.013136
33  0.000002 0.000001 0.000002  0.000000 -0.000000 0.039921
34  -0.000000 0.000000 -0.000004  -0.000000 0.000000 -0.000000
35  -0.000003 -0.000002 -0.000002  0.000000 0.000000 0.000000
36  -0.000003 -0.000001 -0.000002  0.000916 0.000000 0.000000
37  -0.000002 -0.000000 -0.000002  0.001221 -0.000000 0.000000
38  -0.000006 0.000000 -0.000002  0.001526 -0.000000 -0.000000
39  -0.000003 -0.000000 -0.000002  0.001892 -0.000000 -0.000000
40  -0.000003 -0.000002 -0.000000  0.002197 0.000000 0.000000
41  -0.000008 -0.000004 -0.000004  0.002428 0.001188 -0.023254
42  1.410069 0.800525 2.089140  -2.009768 -0.630254 0.591907
43  3.954720 0.000011 0.000003  -0.000000 -0.000002 0.166319
44  3.101556 -0.000006 0.000003  -0.000001 -0.000000 0.240238
45  7.183346 -0.532110 3.267605  -0.123210 -0.020355 -0.052486
46  3.511604 -0.000000 0.000001  0.000003 0.000001 0.099571
47  2.199404 0.000005 -0.000002  -0.000001 -0.000001 0.029267
48  7.145094 -0.676362 1.382422  -0.086920 0.009133 -0.085505
49  3.672220 -0.000002 -0.000001  0.000001 -0.000000 0.142941
50  2.676519 -0.000003 0.000004  -0.000001 -0.000001 -0.026075
51  6.831176 -0.870879 -0.599923  -0.130311 0.006346 -0.065012
52  3.657079 -0.000002 -0.000002  -0.000000 0.000001 0.057734
53  2.496796 0.000001 0.000003  0.000000 -0.000001 -0.091108
54  6.164466 -0.898158 -2.575023  -0.090704 0.013515 -0.151468
55  2.805846 -0.000004 0.000001  -0.000002 -0.000001 0.079091
56  2.307433 0.000000 -0.000003  0.000002 0.000001 -0.056419
57  0.000000 0.000000 -0.000000  0.000000 -0.000000 0.000000
58  0.030560 -0.469185 0.033782  -0.001765 0.004641 0.002010
59  0.071249 114.357033 62.238792  0.000000 0.000000 -0.000000
60  1.986525 0.000019 -3.123743  -2.705260 -0.000000 -1.570797
61  -1.986692 0.000018 -3.123748  0.436333 0.000001 1.570797
62  0.000000 0.000002 -0.000007  0.000000 0.000000 0.000000
63  -1.986692 0.000018 -3.123739  0.436333 0.000001 1.570797
64  -11.344160 1.135887 0.869277  0.000002 -0.025019 -0.026324
65  1.986524 0.000012 -3.123738  -2.705260 -0.000000 -1.570797
66  -11.350048 -0.729419 0.864885  0.000197 -0.025367 0.026442
67  1.754236 4.036754 -1.682669  0.392575 -0.010120 -1.546362
68  -1.755139 4.036758 -1.682670  -0.392577 -0.010391 -1.594986
69  -0.164556 7.327703 3.928703  -0.000000 0.000001 -1.570796
70  0.079082 36.742691 -0.508023  0.000001 0.000000 -0.000000
71  -1.260174 8.777409 6.736405  -0.000002 -0.424416 -3.141592
72  1.525193 18.283596 2.968622  0.000000 0.000000 0.000000
73  0.060216 10.324389 74.469055  0.000008 0.000000 0.000000
74  0.062809 75.917999 83.075447  1.570797 -0.000000 -1.570796
75  4.804172 -3.971746 0.000001  -0.000000 0.000000 -0.000000
76  -7.041573 -5.025994 0.000002  -0.000000 -0.000000 -0.000000
77  8.407168 -3.978441 0.003055  -1.570796 1.570795 0.000000
78  10.376184 -3.978446 0.003056  -1.570796 1.570796 0.000000
79  10.194010 -0.314056 -1.749547  -1.570796 1.570796 0.000000
80  20.857878 -4.015568 0.000003  0.000000 -0.000000 -0.000000
81  3.258430 5.856954 -3.403524  -0.000000 -0.000000 -0.000000
82  15.153042 5.860583 -3.403521  -0.000000 -0.000000 0.000000
83  6.064257 77.294952 36.365795  1.570796 0.000000 1.570796
84  -2.662412 1.445755 40.667953  -0.000000 3.141591 1.570796
85  8.352067 2.772897 0.000541  -3.141589 0.000002 0.000000
86  6.064256 72.973694 32.593250  1.570796 0.000000 1.570796
87  0.004365 73.768410 -3.792008  0.000000 0.000000 0.000000
88  -0.442609 1.284882 8.535290  0.000000 -0.000001 0.000000
89  0.000001 1.310214 -0.000000  0.000000 0.000000 0.000000
90  0.000001 0.582265 0.000000  0.000000 0.000000 0.000000
91  0.036297 1.284881 7.928798  -0.000000 -0.000001 0.000000
92  0.000001 1.310213 -0.000001  0.000000 0.000000 0.000000
93  0.000000 0.582264 0.000000  0.000000 0.000000 0.000000
94  5.969324 3.427460 -6.170650  -0.000000 -0.000001 -1.570797
95  -1.310205 0.000002 0.000000  0.000000 -0.000000 -0.000000
96  -0.582264 0.000001 -0.000001  0.000000 0.000000 -0.000000
97  5.969323 9.397405 -6.170658  -0.000000 -0.000001 -1.570796
98  -1.310208 0.000001 0.000000  0.000000 0.000000 -0.000000
99  -0.582260 -0.000000 -0.000001  0.000000 0.000000 -0.000000
100  5.969322 15.223779 -6.170669  -0.000000 -0.000001 -1.570796
101  -1.310212 0.000002 0.000002  -0.000000 0.000000 -0.000000
102  -0.582264 0.000002 0.000002  -0.000000 0.000000 -0.000000
103  5.969323 20.835575 -6.170671  -0.000000 -0.000001 -1.570796
104  -1.310207 0.000002 0.000002  -0.000000 0.000000 -0.000000
105  -0.582266 0.000000 0.000004  -0.000000 0.000000 -0.000000
106  5.969324 26.771210 -6.170671  -0.000000 -0.000001 -1.570796
107  5.969323 32.597607 -6.170676  -0.000000 -0.000001 -1.570796
108  5.969324 38.209404 -6.170685  -0.000000 -0.000001 -1.570800
109  5.969322 49.488468 -6.170683  -0.000000 -0.000001 -1.570800
110  -0.539090 -0.556808 -0.017363  -0.042462 2.681156 1.551919
111  -6.799123 -0.556808 0.818550  -0.272420 2.701993 1.452460
112  -4.615283 -0.556823 0.270328  -0.117230 2.684609 1.518878
113  -2.650969 -0.556803 0.063010  -0.042463 2.681158 1.551919
114  27.110336 1.284856 12.007548  -0.000000 -0.000000 0.000000
115  28.133425 1.284859 12.007547  0.000001 -0.000000 0.000000
116  12.812886 2.241789 12.007549  -0.000000 -0.000001 -0.000001
117  -9.955967 -0.319621 4.380214  -0.000001 -0.000000 -0.000001
118  -11.316473 -0.319617 4.380215  -0.000003 -0.000000 0.000000
119  -12.667811 -0.319617 4.380215  -0.000003 -0.000000 0.000001
120  -14.022141 -0.319618 4.380215  0.000010 -0.000000 -0.000011
121  -15.373240 -0.319618 4.380214  0.000015 -0.000000 -0.000015
122  -16.724144 -0.319618 4.380214  -0.000009 -0.000000 0.000006
123  -18.074574 -0.319620 4.380214  -0.000006 -0.000000 0.000004
124  -19.423716 -0.319616 4.380214  0.000002 0.000000 -0.000004
125  -20.775270 -0.319615 4.380214  0.000003 0.000000 -0.000004
126  -22.126671 -0.319615 4.380215  0.000003 0.000000 -0.000004
127  -23.478123 -0.319614 4.380215  0.000005 0.000000 -0.000006
128  -24.830620 -0.319619 4.380215  0.000036 -0.000000 -0.000038
129  -26.182030 -0.319618 4.380215  -0.000011 -0.000000 0.000011
130  0.529180 -0.167134 0.629484  -0.101270 -0.000000 0.000000
131  -0.211444 -0.241686 0.155361  -0.145847 -0.000000 0.000000
132  0.529190 -0.280698 -0.110292  -0.145847 -0.000000 0.000000
133  -0.173927 -0.337330 -0.638496  -0.181751 -0.000000 0.000000
134  0.529189 -0.399242 -0.975393  -0.181751 -0.000000 0.000000
135  -0.211444 -0.464473 -1.431042  -0.192399 -0.000000 0.000000
136  0.529189 -0.515803 -1.694584  -0.192400 -0.000000 0.000000
137  -0.173928 -0.612146 -2.231910  -0.216703 -0.000000 0.000000
138  0.529188 -0.685804 -2.566440  -0.216703 -0.000000 0.000000
139  -0.211445 -0.769557 -3.027870  -0.237349 -0.000000 0.000000
140  0.529188 -0.832686 -3.288847  -0.237349 -0.000000 0.000000
141  -0.173937 -0.945271 -3.779564  -0.233859 0.000000 0.000000
142  0.529179 -1.024653 -4.112780  -0.233859 0.000000 0.000000
143  -0.211443 -1.132181 -4.577549  -0.262919 -0.000000 0.000000
144  0.529190 -1.201959 -4.836824  -0.262919 0.000000 0.000000
145  -0.000004 -2.810938 -10.636629  0.258454 0.000000 3.141592
146  -0.192455 -1.345773 -5.370045  -0.280373 0.000000 0.000000
147  0.533984 -1.413513 -5.605104  -0.276883 0.000000 0.000000
148  -0.206618 -1.795751 -6.909779  -0.287354 0.000000 0.000000
149  -0.205805 -1.564813 -6.138256  -0.290843 0.000000 0.000000
150  0.530460 -1.643665 -6.395215  -0.290844 0.000000 0.000000
151  0.535311 -1.790708 -7.204132  -0.287354 -0.000000 0.000000
152  -0.202703 -2.030483 -7.702829  -0.286180 -0.000000 0.000000
153  0.509548 -2.118892 -8.011624  -0.298398 -0.000000 0.000000
154  -0.202703 -2.255275 -8.465171  -0.283134 -0.000000 0.000000
155  0.509548 -2.352981 -8.771159  -0.295352 -0.000000 0.000000
156  -0.202704 -2.481594 -9.235471  -0.285437 -0.000000 0.000000
157  0.509547 -2.588682 -9.538638  -0.297654 -0.000000 0.000000
158  0.170123 -21.222088 -1.001140  -0.000001 -0.000001 0.000000
159  0.170123 -20.843859 -0.397183  -0.000001 -0.000001 0.000000
160  0.170123 -20.489744 -1.001141  -0.000001 -0.000001 0.000000
161  0.170124 -20.111065 -0.397182  -0.000001 -0.000001 0.000000
162  0.170123 -19.380079 -0.397186  -0.000001 -0.000001 0.000000
163  0.170123 -19.025105 -1.001145  -0.000001 -0.000001 0.000000
164  0.170123 -18.646654 -0.396447  -0.000001 -0.000001 0.000000
165  0.170124 -19.755758 -1.001141  -0.000001 -0.000001 0.000000
166  -0.015973 10.612516 2.686017  0.000001 0.000000 -0.000000
167  0.059851 -50.160702 6.449380  1.570797 0.000000 -1.570797
168  0.064653 27.351292 72.195206  0.000000 -0.000000 -0.000001
169  6.064260 95.114006 31.645496  0.000000 -0.000001 1.570796
170  0.054185 102.845634 29.795362  -0.000000 0.000001 -1.570796
171  6.064257 69.096558 37.164318  1.570796 0.000000 1.570796
172  1.974303 11.989232 4.589250  0.000000 0.000000 0.000000
173  -0.011481 23.944744 5.090361  0.000001 0.000000 0.000000
174  -1.691251 8.833342 5.763507  0.000001 0.000000 0.000000
175  6.064261 89.329803 31.613914  0.000000 -0.000001 1.570796
176  0.059886 2.255335 54.398006  -0.000000 0.000000 0.000000
177  0.003497 -22.270643 0.000148  1.570797 -0.000000 -1.570797
178  0.104010 15.380369 2.266153  0.000001 0.000000 -0.000000
179  0.049048 0.001386 0.027424  0.000000 -0.006897 0.000000
180  0.023798 -0.000529 -0.010418  -0.000000 -0.006897 0.000000
181  -2.662412 1.445758 33.628742  -0.000000 3.141591 1.570796
182  8.352066 2.772897 0.000539  -3.141589 0.000002 0.000000
183  -2.662412 1.445755 40.667953  -0.000000 3.141591 1.570796
184  8.352067 2.772897 0.000541  -3.141589 0.000002 0.000000
185  -1.431356 16.384779 4.137812  0.000001 0.000000 0.000000
186  -0.001845 0.521683 -0.140289  0.000000 0.000000 -0.000000
187  7.323109 -5.136190 -5.166237  0.000000 0.000000 -0.610865
188  2.698278 -0.000000 -0.000000  -0.000012 0.000000 0.000001
189  2.834159 -0.000002 -0.000001  0.000013 0.000000 0.000000
190  2.648917 0.000001 0.000000  -0.000001 -0.000001 0.000000
191  2.667499 -0.000001 -0.000001  0.000000 0.000000 0.000000
192  2.426701 -0.000003 0.000000  0.000000 0.000000 -0.000000
193  -0.494744 -44.353443 -1.302299  1.570797 -0.000000 -1.570797
194  11.545938 73.768410 -3.792010  0.000000 0.000000 0.000000
195  -0.011102 -16.902813 1.952047  0.000001 0.000000 -0.000000
196  0.000000 0.000000 -1.529052  -0.000000 0.000000 0.000000
197  -0.078942 0.000000 -0.000000  0.000000 0.000001 1.570796
198  0.097092 -0.000001 -0.000000  -0.000000 -3.141592 1.570796
199  0.000000 0.000000 0.000000  0.000000 -0.000000 -0.000000
200  -0.000606 -0.485039 0.011608  -0.001773 -0.002195 0.002382
201  0.008013 -0.478249 0.023920  -0.001773 -0.002195 0.002382
time 14
0  0 0 0  0 0 0
1  0.000000 0.000000 0.000000  0.000000 -0.000000 -0.000000
2  -0.000005 0.000023 -61.375507  0.000000 0.000000 -1.570795
3  -0.012872 0.000000 8.235020  -1.570799 -1.570796 0.000000
4  16.163128 -0.012870 -0.000002  -0.000000 -0.000000 0.000000
5  16.163143 -0.000009 3.830524  -3.089336 -1.570794 0.000000
6  -0.000031 -0.000001 -0.000000  -0.008368 0.015867 -0.000737
7  -0.000001 -0.000007 0.000000  0.000000 0.000000 0.032168
8  0.000001 0.000001 0.000001  0.000000 -0.000000 -0.000000
9  0.000002 0.000001 0.000001  -0.001282 -0.000000 -0.000000
10  -0.000001 0.000001 0.000001  -0.001953 -0.000000 -0.000000
11  -0.000001 0.000000 0.000002  -0.002564 0.000000 -0.000000
12  -0.000001 0.000000 0.000001  -0.003235 -0.000000 -0.000000
13  -0.000002 -0.000001 0.000001  -0.003906 -0.000000 -0.000000
14  -0.000001 -0.000001 0.000001  -0.004517 -0.000000 -0.000000
15  -0.000001 0.000002 0.000004  -0.006106 0.000258 -0.015444
16  1.410071 0.800535 -2.089139  2.009774 0.630250 0.591915
17  3.954710 -0.000004 0.000007  -0.000004 -0.000001 0.166316
18  3.101567 0.000005 0.000005  0.000002 -0.000001 0.240238
19  6.164461 -0.898142 2.575019  0.090705 -0.013516 -0.151467
20  2.805848 0.000004 -0.000000  0.000002 0.000001 0.079095
21  2.307442 -0.000004 0.000002  -0.000000 -0.000000 -0.056423
22  7.145099 -0.676330 -1.382429  0.086918 -0.009133 -0.085503
23  3.672213 0.000003 -0.000001  0.000003 0.000001 0.142941
24  2.676526 0.000001 0.000000  -0.000001 -0.000001 -0.026075
25  6.831178 -0.870853 0.599918  0.130314 -0.006347 -0.065005
26  3.657083 -0.000009 -0.000003  0.000000 0.000000 0.057729
27  2.496795 0.000004 0.000001  0.000000 0.000000 -0.091107
28  7.183353 -0.532073 -3.267610  0.123210 0.020356 -0.052484
29  3.511592 0.000006 -0.000001  -0.000001 -0.000001 0.099575
30  2.199411 0.000000 0.000004  0.000001 0.000001 0.029263
31  16.163136 0.000012 -3.830531  -3.098550 1.570794 0.000000
32  -0.000018 -0.000001 0.000001  0.002220 -0.019272 -0.015037
33  -0.000002 0.000001 0.000001  0.000000 -0.000000 0.045293
34  0.000001 0.000000 0.000002  -0.000000 0.000000 -0.000000
35  -0.000002 -0.000003 0.000002  0.000000 0.000000 0.000000
36  -0.000003 -0.000001 0.000002  0.000854 0.000000 0.000000
37  -0.000001 -0.000000 0.000002  0.001160 -0.000000 0.000000
38  -0.000005 0.000000 0.000002  0.001465 -0.000000 -0.000000
39  -0.000005 -0.000000 0.000002  0.001770 -0.000000 -0.000000
40  -0.000002 -0.000001 0.000002  0.002075 0.000000 0.000000
41  -0.000008 -0.000004 0.000001  0.002345 -0.002232 -0.023014
42  1.410069 0.800525 2.089140  -2.009768 -0.630254 0.591907
43  3.954720 0.000014 0.000003  -0.000000 -0.000002 0.166320
44  3.101557 -0.000007 0.000003  -0.000001 -0.000000 0.240238
45  7.183347 -0.532109 3.267605  -0.123210 -0.020355 -0.052486
46  3.511603 -0.000001 -0.000000  0.000003 0.000001 0.099571
47  2.199404 0.000005 -0.000002  -0.000001 -0.000001 0.029267
48  7.145096 -0.676362 1.382423  -0.086920 0.009133 -0.085505
49  3.672217 -0.000002 0.000000  0.000001 -0.000000 0.142941
50  2.676519 -0.000003 0.000004  -0.000001 -0.000001 -0.026075
51  6.831177 -0.870879 -0.599924  -0.130311 0.006346 -0.065012
52  3.657079 -0.000002 -0.000004  -0.000000 0.000001 0.057734
53  2.496794 0.000001 0.000003  0.000000 -0.000001 -0.091108
54  6.164467 -0.898158 -2.575024  -0.090704 0.013515 -0.151468
55  2.805847 -0.000004 -0.000001  -0.000002 -0.000001 0.079091
56  2.307434 -0.000000 0.000001  0.000002 0.000001 -0.056419
57  0.000000 0.000000 -0.000000  0.000000 -0.000000 0.000000
58  0.054287 -0.552277 0.151941  -0.000419 0.006470 0.002562
59  0.071249 114.357033 62.238796  -0.000000 -0.000000 -0.000000
60  1.986525 0.000014 -3.123740  -2.705260 -0.000000 -1.570797
61  -1.986692 0.000016 -3.123745  0.436333 0.000001 1.570797
62  0.000000 -0.000003 -0.000003  0.000000 -0.000000 0.000000
63  -1.986692 0.000016 -3.123736  0.436333 0.000001 1.570797
64  -11.344169 1.135886 0.869270  0.000001 -0.025019 -0.026324
65  1.986525 0.000014 -3.123735  -2.705260 -0.000000 -1.570797
66  -11.350055 -0.729422 0.864886  0.000197 -0.025367 0.026442
67  1.754237 4.036753 -1.682665  0.392575 -0.010120 -1.546362
68  -1.755139 4.036757 -1.682667  -0.392577 -0.010391 -1.594986
69  -0.164556 7.327705 3.928704  0.000000 0.000001 -1.570796
70  0.079082 36.742687 -0.508023  0.000001 -0.000000 -0.000000
71  -1.260174 8.777410 6.736406  -0.000002 -0.424415 -3.141592
72  1.525193 18.283598 2.968622  0.000000 -0.000000 0.000000
73  0.060216 10.324389 74.469063  0.000008 -0.000000 0.000000
74  0.062808 75.917999 83.075439  1.570797 0.000000 -1.570796
75  4.804181 -3.971743 0.000001  -0.000000 0.000000 -0.000000
76  -7.041565 -5.025990 0.000001  -0.000000 -0.000000 -0.000000
77  8.407176 -3.978430 0.003055  -1.570796 1.570795 0.000000
78  10.376184 -3.978438 0.003056  -1.570796 1.570796 0.000000
79  10.194014 -0.314060 -1.749547  -1.570796 1.570796 0.000000
80  20.857889 -4.015564 0.000003  0.000000 -0.000000 -0.000000
81  3.258449 5.856956 -3.403524  -0.000000 -0.000000 -0.000000
82  15.153050 5.860587 -3.403521  0.000000 -0.000000 -0.000000
83  6.064257 77.294960 36.365795  1.570796 0.000000 1.570796
84  -2.662412 1.445755 40.667957  0.000000 3.141591 1.570796
85  8.352066 2.772897 0.000545  -3.141589 0.000002 0.000000
86  6.064256 72.973701 32.593250  1.570796 0.000000 1.570796
87  0.004365 73.768417 -3.792008  0.000000 -0.000000 0.000000
88  -0.442609 1.284877 8.535291  0.000000 -0.000001 0.000000
89  0.000001 1.310200 -0.000000  0.000000 -0.000000 0.000000
90  0.000001 0.582252 0.000000  0.000000 -0.000000 0.000000
91  0.036297 1.284868 7.928799  0.000000 -0.000001 0.000000
92  0.000001 1.310198 -0.000001  0.000000 -0.000000 0.000000
93  0.000000 0.582250 0.000000  0.000000 -0.000000 0.000000
94  5.969323 3.427452 -6.170651  -0.000000 -0.000001 -1.570797
95  -1.310196 0.000001 0.000002  0.000000 -0.000000 -0.000000
96  -0.582248 -0.000000 0.000001  0.000000 -0.000000 -0.000000
97  5.969323 9.397394 -6.170660  -0.000000 -0.000001 -1.570796
98  -1.310205 -0.000000 0.000000  0.000000 0.000000 -0.000000
99  -0.582264 -0.000001 -0.000001  0.000000 0.000000 -0.000000
100  5.969322 15.223765 -6.170670  0.000000 -0.000001 -1.570796
101  -1.310213 0.000002 0.000003  -0.000000 0.000000 -0.000000
102  -0.582265 0.000001 0.000003  -0.000000 0.000000 -0.000000
103  5.969324 20.835566 -6.170670  0.000000 -0.000001 -1.570796
104  -1.310198 0.000001 0.000001  -0.000000 0.000000 -0.000000
105  -0.582257 -0.000000 0.000003  -0.000000 0.000000 -0.000000
106  5.969324 26.771198 -6.170672  0.000000 -0.000001 -1.570796
107  5.969323 32.597595 -6.170675  0.000000 -0.000001 -1.570796
108  5.969323 38.209393 -6.170685  0.000000 -0.000001 -1.570800
109  5.969322 49.488461 -6.170684  0.000000 -0.000001 -1.570800
110  -0.539090 -0.556815 -0.017363  -0.042462 2.681156 1.551919
111  -6.799123 -0.556809 0.818550  -0.272420 2.701993 1.452460
112  -4.615283 -0.556834 0.270328  -0.117230 2.684609 1.518878
113  -2.650969 -0.556810 0.063010  -0.042463 2.681158 1.551919
114  27.110338 1.284849 12.007547  0.000000 -0.000000 0.000000
115  28.133427 1.284852 12.007548  0.000001 -0.000000 0.000000
116  12.812886 2.241778 12.007549  0.000000 -0.000001 -0.000001
117  -9.955966 -0.319625 4.380215  -0.000001 -0.000000 -0.000001
118  -11.316473 -0.319626 4.380215  -0.000003 -0.000000 0.000000
119  -12.667810 -0.319627 4.380215  -0.000003 -0.000000 0.000001
120  -14.022141 -0.319628 4.380215  0.000010 -0.000000 -0.000011
121  -15.373240 -0.319622 4.380214  0.000015 -0.000000 -0.000015
122  -16.724142 -0.319625 4.380215  -0.000009 -0.000000 0.000006
123  -18.074574 -0.319628 4.380215  -0.000006 -0.000000 0.000004
124  -19.423717 -0.319627 4.380215  0.000002 0.000000 -0.000004
125  -20.775270 -0.319620 4.380215  0.000003 0.000000 -0.000004
126  -22.126673 -0.319622 4.380215  0.000003 -0.000000 -0.000004
127  -23.478125 -0.319622 4.380215  0.000005 -0.000000 -0.000006
128  -24.830620 -0.319621 4.380215  0.000036 -0.000000 -0.000038
129  -26.182030 -0.319622 4.380215  -0.000011 -0.000000 0.000011
130  0.529180 -0.167131 0.629484  -0.101270 -0.000000 0.000000
131  -0.211444 -0.241687 0.155361  -0.145847 -0.000000 0.000000
132  0.529190 -0.280701 -0.110293  -0.145847 -0.000000 0.000000
133  -0.173927 -0.337325 -0.638496  -0.181751 -0.000000 0.000000
134  0.529189 -0.399252 -0.975393  -0.181751 -0.000000 0.000000
135  -0.211444 -0.464486 -1.431042  -0.192399 -0.000000 0.000000
136  0.529189 -0.515815 -1.694583  -0.192400 -0.000000 0.000000
137  -0.173928 -0.612153 -2.231911  -0.216703 -0.000000 0.000000
138  0.529188 -0.685808 -2.566440  -0.216703 -0.000000 0.000000
139  -0.211445 -0.769572 -3.027870  -0.237349 -0.000000 0.000000
140  0.529188 -0.832696 -3.288848  -0.237349 -0.000000 0.000000
141  -0.173937 -0.945291 -3.779564  -0.233859 0.000000 0.000000
142  0.529179 -1.024669 -4.112781  -0.233859 0.000000 0.000000
143  -0.211443 -1.132188 -4.577548  -0.262919 -0.000000 0.000000
144  0.529190 -1.201975 -4.836826  -0.262919 0.000000 0.000000
145  -0.000004 -2.810951 -10.636630  0.258454 0.000000 3.141592
146  -0.192455 -1.345776 -5.370045  -0.280373 0.000000 0.000000
147  0.533984 -1.413514 -5.605105  -0.276883 0.000000 0.000000
148  -0.206618 -1.795756 -6.909780  -0.287354 0.000000 0.000000
149  -0.205805 -1.564815 -6.138257  -0.290843 0.000000 0.000000
150  0.530460 -1.643678 -6.395214  -0.290844 0.000000 0.000000
151  0.535311 -1.790708 -7.204133  -0.287354 -0.000000 0.000000
152  -0.202703 -2.030492 -7.702829  -0.286180 -0.000000 0.000000
153  0.509548 -2.118899 -8.011624  -0.298398 -0.000000 0.000000
154  -0.202703 -2.255282 -8.465172  -0.283134 -0.000000 0.000000
155  0.509548 -2.352983 -8.771159  -0.295352 -0.000000 0.000000
156  -0.202704 -2.481602 -9.235471  -0.285437 -0.000000 0.000000
157  0.509547 -2.588688 -9.538639  -0.297654 -0.000000 0.000000
158  0.170123 -21.222090 -1.001140  -0.000001 -0.000001 0.000000
159  0.170123 -20.843870 -0.397183  -0.000001 -0.000001 0.000000
160  0.170123 -20.489750 -1.001141  -0.000001 -0.000001 0.000000
161  0.170124 -20.111074 -0.397183  -0.000001 -0.000001 0.000000
162  0.170123 -19.380093 -0.397186  -0.000001 -0.000001 0.000000
163  0.170123 -19.025106 -1.001146  -0.000001 -0.000001 0.000000
164  0.170123 -18.646667 -0.396447  -0.000001 -0.000001 0.000000
165  0.170124 -19.755764 -1.001142  -0.000001 -0.000001 0.000000
166  -0.015973 10.612517 2.686017  0.000001 -0.000000 -0.000000
167  0.059851 -50.160706 6.449381  1.570797 0.000000 -1.570797
168  0.064653 27.351290 72.195206  0.000000 -0.000000 -0.000001
169  6.064260 95.114029 31.645500  -0.000000 -0.000001 1.570796
170  0.054185 102.845642 29.795362  0.000000 0.000001 -1.570796
171  6.064257 69.096565 37.164314  1.570796 0.000000 1.570796
172  1.974303 11.989233 4.589250  0.000000 -0.000000 0.000000
173  -0.011481 23.944746 5.090361  0.000001 -0.000000 0.000000
174  -1.691251 8.833342 5.763507  0.000001 -0.000000 0.000000
175  6.064260 89.329811 31.613916  -0.000000 -0.000001 1.570796
176  0.059886 2.255335 54.398010  0.000000 -0.000000 0.000000
177  0.003497 -22.270645 0.000148  1.570797 0.000000 -1.570797
178  0.104010 15.380370 2.266153  0.000001 -0.000000 -0.000000
179  0.049047 0.001387 0.027428  0.000000 -0.006897 0.000000
180  0.023796 -0.000528 -0.010419  -0.000000 -0.006897 0.000000
181  -2.662412 1.445758 33.628742  0.000000 3.141591 1.570796
182  8.352066 2.772897 0.000543  -3.141589 0.000002 0.000000
183  -2.662412 1.445755 40.667957  0.000000 3.141591 1.570796
184  8.352066 2.772897 0.000545  -3.141589 0.000002 0.000000
185  -1.431356 16.384779 4.137811  0.000001 -0.000000 0.000000
186  -0.001845 0.521683 -0.140290  0.000000 -0.000000 -0.000000
187  7.323109 -5.136191 -5.166237  0.000000 0.000000 -0.610865
188  2.698277 -0.000000 0.000000  -0.000012 0.000000 0.000001
189  2.834161 -0.000002 -0.000000  0.000013 0.000000 -0.000000
190  2.648917 -0.000001 -0.000000  -0.000001 -0.000001 0.000000
191  2.667499 -0.000002 -0.000000  -0.000000 0.000000 0.000000
192  2.426701 -0.000004 -0.000000  -0.000000 0.000000 -0.000000
193  -0.494744 -44.353447 -1.302299  1.570797 -0.000000 -1.570797
194  11.545938 73.768417 -3.792010  0.000000 -0.000000 0.000000
195  -0.011102 -16.902813 1.952047  0.000001 -0.000000 -0.000000
196  -0.000000 0.000003 -1.529052  -0.000000 -0.000000 0.000000
197  -0.078942 0.000002 -0.000000  0.000000 0.000001 1.570796
198  0.097092 0.000001 -0.000000  -0.000000 -3.141592 1.570796
199  0.000000 0.000000 0.000000  0.000000 -0.000000 -0.000000
200  0.005127 -0.559704 0.146416  -0.000428 -0.000366 0.002930
201  0.007263 -0.545032 0.148697  -0.000428 -0.000366 0.002930
time 15
0  0 0 0  0 0 0
1  0.000000 0.000000 0.000000  0.000000 -0.000000 -0.000000
2  -0.000005 0.000023 -61.375507  0.000000 0.000000 -1.570795
3  -0.012872 0.000000 8.235020  -1.570799 -1.570796 0.000000
4  16.163128 -0.012870 -0.000002  -0.000000 -0.000000 0.000000
5  16.163143 -0.000009 3.830524  -3.089336 -1.570794 0.000000
6  -0.000031 -0.000001 -0.000000  -0.008983 0.018611 -0.001121
7  -0.000001 -0.000007 0.000001  0.000000 0.000000 0.033267
8  0.000000 0.000000 0.000001  0.000000 -0.000000 -0.000000
9  0.000002 0.000001 0.000001  -0.002075 -0.000000 -0.000000
10  -0.000001 0.000000 0.000001  -0.003174 -0.000000 -0.000000
11  0.000000 0.000000 0.000001  -0.004212 0.000000 -0.000000
12  -0.000001 0.000000 0.000001  -0.005310 -0.000000 -0.000000
13  -0.000001 -0.000001 0.000001  -0.006348 -0.000000 -0.000000
14  0.000000 -0.000001 0.000001  -0.007447 -0.000000 -0.000000
15  -0.000001 0.000002 0.000005  -0.009205 -0.001652 -0.014215
16  1.410070 0.800535 -2.089135  2.009773 0.630250 0.591915
17  3.954712 -0.000002 0.000007  -0.000004 -0.000001 0.166316
18  3.101568 0.000005 0.000005  0.000002 -0.000001 0.240238
19  6.164460 -0.898142 2.575022  0.090705 -0.013516 -0.151467
20  2.805850 0.000004 -0.000002  0.000002 0.000001 0.079095
21  2.307444 -0.000003 0.000003  -0.000000 -0.000000 -0.056423
22  7.145098 -0.676330 -1.382424  0.086918 -0.009133 -0.085503
23  3.672213 0.000003 -0.000001  0.000003 0.000001 0.142941
24  2.676526 0.000001 0.000003  -0.000001 -0.000001 -0.026075
25  6.831177 -0.870853 0.599923  0.130314 -0.006347 -0.065005
26  3.657082 -0.000010 -0.000003  0.000000 0.000000 0.057729
27  2.496794 0.000004 -0.000000  0.000000 0.000000 -0.091107
28  7.183353 -0.532073 -3.267606  0.123210 0.020356 -0.052484
29  3.511590 0.000006 0.000002  -0.000001 -0.000001 0.099575
30  2.199409 0.000001 0.000004  0.000001 0.000001 0.029263
31  16.163136 0.000012 -3.830531  -3.098550 1.570794 0.000000
32  -0.000018 -0.000001 0.000001  0.002371 -0.022383 -0.015592
33  -0.000002 0.000001 -0.000002  0.000000 -0.000000 0.046881
34  0.000000 0.000000 -0.000001  -0.000000 0.000000 -0.000000
35  -0.000002 -0.000002 -0.000003  0.000000 0.000000 0.000000
36  -0.000004 -0.000001 -0.000001  0.000122 0.000000 0.000000
37  -0.000000 -0.000000 -0.000003  0.000183 -0.000000 0.000000
38  -0.000005 0.000000 -0.000001  0.000244 -0.000000 -0.000000
39  -0.000003 -0.000000 0.000001  0.000305 -0.000000 -0.000000
40  -0.000004 -0.000001 0.000001  0.000305 0.000000 0.000000
41  -0.000008 -0.000004 -0.000001  0.000428 -0.005794 -0.021548
42  1.410069 0.800524 2.089139  -2.009768 -0.630254 0.591907
43  3.954717 0.000012 0.000004  -0.000000 -0.000002 0.166319
44  3.101560 -0.000008 0.000003  -0.000001 -0.000000 0.240238
45  7.183347 -0.532110 3.267603  -0.123210 -0.020355 -0.052486
46  3.511601 -0.000000 0.000002  0.000003 0.000001 0.099571
47  2.199404 0.000004 -0.000001  -0.000001 -0.000001 0.029267
48  7.145095 -0.676362 1.382422  -0.086920 0.009133 -0.085505
49  3.672218 -0.000002 0.000001  0.000001 -0.000000 0.142941
50  2.676519 -0.000004 0.000001  -0.000001 -0.000001 -0.026075
51  6.831176 -0.870879 -0.599925  -0.130311 0.006346 -0.065012
52  3.657078 -0.000002 -0.000006  -0.000000 0.000001 0.057734
53  2.496794 0.000000 0.000008  0.000000 -0.000001 -0.091108
54  6.164466 -0.898158 -2.575025  -0.090704 0.013515 -0.151468
55  2.805848 -0.000003 0.000006  -0.000002 -0.000001 0.079091
56  2.307436 -0.000000 0.000000  0.000002 0.000001 -0.056419
57  0.000000 0.000000 -0.000000  0.000000 -0.000000 0.000000
58  0.081405 -0.584915 0.242471  0.000502 0.009948 0.002810
59  0.071249 114.357040 62.238796  0.000000 0.000000 -0.000000
60  1.986525 0.000008 -3.123738  -2.705260 -0.000000 -1.570797
61  -1.986692 0.000004 -3.123746  0.436333 0.000001 1.570797
62  0.000000 -0.000008 -0.000005  0.000000 0.000000 0.000000
63  -1.986692 0.000004 -3.123741  0.436333 0.000001 1.570797
64  -11.344169 1.135889 0.869282  0.000002 -0.025019 -0.026324
65  1.986525 0.000008 -3.123736  -2.705260 -0.000000 -1.570797
66  -11.350056 -0.729420 0.864896  0.000197 -0.025367 0.026442
67  1.754236 4.036755 -1.682670  0.392575 -0.010120 -1.546362
68  -1.755139 4.036752 -1.682668  -0.392577 -0.010391 -1.594986
69  -0.164556 7.327705 3.928703  -0.000000 0.000001 -1.570796
70  0.079082 36.742691 -0.508023  0.000001 0.000000 -0.000000
71  -1.260174 8.777411 6.736405  -0.000002 -0.424416 -3.141592
72  1.525193 18.283600 2.968622  0.000000 0.000000 0.000000
73  0.060217 10.324389 74.469055  0.000008 0.000000 0.000000
74  0.062808 75.918007 83.075439  1.570797 0.000000 -1.570796
75  4.804180 -3.971758 0.000001  -0.000000 0.000000 -0.000000
76  -7.041562 -5.026014 0.000001  -0.000000 -0.000000 -0.000000
77  8.407186 -3.978448 0.003055  -1.570796 1.570795 0.000000
78  10.376188 -3.978458 0.003056  -1.570796 1.570796 0.000000
79  10.194025 -0.314078 -1.749548  -1.570796 1.570796 0.000000
80  20.857889 -4.015579 0.000003  0.000000 -0.000000 -0.000000
81  3.258441 5.856936 -3.403523  -0.000000 -0.000000 -0.000000
82  15.153052 5.860561 -3.403522  0.000000 -0.000000 -0.000000
83  6.064256 77.294960 36.365791  1.570796 -0.000000 1.570796
84  -2.662412 1.445755 40.667957  -0.000000 3.141591 1.570796
85  8.352066 2.772897 0.000546  -3.141589 0.000002 0.000000
86  6.064257 72.973701 32.593246  1.570796 -0.000000 1.570796
87  0.004365 73.768433 -3.792008  0.000000 0.000000 0.000000
88  -0.442609 1.284877 8.535290  -0.000000 -0.000001 0.000000
89  0.000001 1.310202 -0.000000  0.000000 0.000000 0.000000
90  0.000001 0.582253 0.000000  0.000000 0.000000 0.000000
91  0.036297 1.284884 7.928799  0.000000 -0.000001 0.000000
92  0.000001 1.310201 -0.000000  0.000000 0.000000 0.000000
93  -0.000000 0.582252 0.000000  0.000000 0.000000 0.000000
94  5.969323 3.427461 -6.170651  -0.000000 -0.000001 -1.570797
95  -1.310199 0.000002 0.000003  0.000000 0.000000 -0.000000
96  -0.582250 0.000001 0.000001  0.000000 0.000000 -0.000000
97  5.969323 9.397404 -6.170659  -0.000000 -0.000001 -1.570796
98  -1.310208 -0.000001 0.000003  0.000000 0.000000 -0.000000
99  -0.582259 -0.000001 0.000001  0.000000 0.000000 -0.000000
100  5.969322 15.223776 -6.170670  0.000000 -0.000001 -1.570796
101  -1.310210 0.000001 0.000002  -0.000000 0.000000 -0.000000
102  -0.582260 0.000001 0.000001  -0.000000 0.000000 -0.000000
103  5.969323 20.835569 -6.170671  0.000000 -0.000001 -1.570796
104  -1.310210 0.000001 0.000001  -0.000000 0.000000 -0.000000
105  -0.582260 0.000000 0.000002  -0.000000 0.000000 -0.000000
106  5.969324 26.771210 -6.170671  0.000000 -0.000001 -1.570796
107  5.969323 32.597595 -6.170675  0.000000 -0.000001 -1.570796
108  5.969324 38.209404 -6.170684  -0.000000 -0.000001 -1.570800
109  5.969323 49.488472 -6.170684  -0.000000 -0.000001 -1.570800
110  -0.539090 -0.556809 -0.017363  -0.042462 2.681156 1.551919
111  -6.799123 -0.556810 0.818550  -0.272420 2.701993 1.452460
112  -4.615283 -0.556829 0.270328  -0.117230 2.684609 1.518878
113  -2.650969 -0.556809 0.063010  -0.042463 2.681158 1.551919
114  27.110336 1.284854 12.007548  0.000000 -0.000000 0.000000
115  28.133427 1.284855 12.007548  0.000001 -0.000000 0.000000
116  12.812886 2.241789 12.007550  0.000000 -0.000001 -0.000001
117  -9.955967 -0.319623 4.380214  -0.000001 -0.000000 -0.000001
118  -11.316474 -0.319622 4.380215  -0.000003 -0.000000 0.000000
119  -12.667811 -0.319623 4.380215  -0.000003 -0.000000 0.000001
120  -14.022141 -0.319617 4.380215  0.000010 -0.000000 -0.000011
121  -15.373240 -0.319619 4.380214  0.000015 -0.000000 -0.000015
122  -16.724146 -0.319622 4.380214  -0.000009 -0.000000 0.000006
123  -18.074574 -0.319619 4.380214  -0.000006 -0.000000 0.000004
124  -19.423717 -0.319620 4.380214  0.000002 0.000000 -0.000004
125  -20.775272 -0.319621 4.380214  0.000003 0.000000 -0.000004
126  -22.126671 -0.319615 4.380215  0.000003 0.000000 -0.000004
127  -23.478125 -0.319616 4.380215  0.000005 0.000000 -0.000006
128  -24.830624 -0.319615 4.380215  0.000036 -0.000000 -0.000038
129  -26.182032 -0.319617 4.380215  -0.000011 -0.000000 0.000011
130  0.529180 -0.167128 0.629484  -0.101270 -0.000000 0.000000
131  -0.211444 -0.241689 0.155361  -0.145847 -0.000000 0.000000
132  0.529190 -0.280701 -0.110293  -0.145847 -0.000000 0.000000
133  -0.173927 -0.337325 -0.638496  -0.181751 -0.000000 0.000000
134  0.529189 -0.399246 -0.975394  -0.181751 -0.000000 0.000000
135  -0.211444 -0.464482 -1.431042  -0.192399 -0.000000 0.000000
136  0.529189 -0.515814 -1.694583  -0.192399 -0.000000 0.000000
137  -0.173928 -0.612155 -2.231911  -0.216703 -0.000000 0.000000
138  0.529188 -0.685808 -2.566440  -0.216703 -0.000000 0.000000
139  -0.211445 -0.769563 -3.027871  -0.237349 -0.000000 0.000000
140  0.529188 -0.832690 -3.288847  -0.237349 -0.000000 0.000000
141  -0.173937 -0.945282 -3.779565  -0.233859 0.000000 0.000000
142  0.529179 -1.024656 -4.112780  -0.233859 0.000000 0.000000
143  -0.211443 -1.132187 -4.577548  -0.262919 -0.000000 0.000000
144  0.529190 -1.201965 -4.836826  -0.262919 0.000000 0.000000
145  -0.000004 -2.810940 -10.636630  0.258454 0.000000 3.141592
146  -0.192455 -1.345783 -5.370046  -0.280373 0.000000 0.000000
147  0.533984 -1.413511 -5.605105  -0.276883 0.000000 0.000000
148  -0.206618 -1.795757 -6.909779  -0.287354 0.000000 0.000000
149  -0.205805 -1.564816 -6.138257  -0.290843 0.000000 0.000000
150  0.530460 -1.643676 -6.395216  -0.290844 0.000000 0.000000
151  0.535311 -1.790711 -7.204133  -0.287354 -0.000000 0.000000
152  -0.202703 -2.030483 -7.702830  -0.286180 -0.000000 0.000000
153  0.509548 -2.118898 -8.011624  -0.298398 -0.000000 0.000000
154  -0.202703 -2.255273 -8.465172  -0.283134 -0.000000 0.000000
155  0.509548 -2.352979 -8.771159  -0.295352 -0.000000 0.000000
156  -0.202704 -2.481601 -9.235471  -0.285437 -0.000000 0.000000
157  0.509547 -2.588689 -9.538638  -0.297654 -0.000000 0.000000
158  0.170123 -21.222095 -1.001140  -0.000001 -0.000001 0.000000
159  0.170123 -20.843864 -0.397183  -0.000001 -0.000001 0.000000
160  0.170123 -20.489748 -1.001141  -0.000001 -0.000001 0.000000
161  0.170124 -20.111071 -0.397183  -0.000001 -0.000001 0.000000
162  0.170123 -19.380089 -0.397186  -0.000001 -0.000001 0.000000
163  0.170123 -19.025112 -1.001145  -0.000001 -0.000001 0.000000
164  0.170123 -18.646656 -0.396447  -0.000001 -0.000001 0.000000
165  0.170124 -19.755768 -1.001141  -0.000001 -0.000001 0.000000
166  -0.015973 10.612518 2.686017  0.000001 0.000000 -0.000000
167  0.059851 -50.160709 6.449381  1.570797 0.000000 -1.570797
168  0.064653 27.351292 72.195206  -0.000000 -0.000000 -0.000001
169  6.064260 95.114029 31.645502  0.000000 -0.000001 1.570796
170  0.054185 102.845650 29.795362  -0.000000 0.000001 -1.570796
171  6.064257 69.096558 37.164318  1.570796 -0.000000 1.570796
172  1.974303 11.989234 4.589251  0.000000 0.000000 0.000000
173  -0.011481 23.944746 5.090362  0.000001 0.000000 0.000000
174  -1.691251 8.833342 5.763507  0.000001 0.000000 0.000000
175  6.064261 89.329826 31.613918  0.000000 -0.000001 1.570796
176  0.059886 2.255335 54.398014  0.000000 0.000000 0.000000
177  0.003497 -22.270649 0.000154  1.570797 -0.000000 -1.570797
178  0.104010 15.380371 2.266153  0.000001 0.000000 -0.000000
179  0.049047 0.001386 0.027427  0.000000 -0.006897 0.000000
180  0.023797 -0.000528 -0.010417  -0.000000 -0.006897 0.000000
181  -2.662412 1.445758 33.628742  -0.000000 3.141591 1.570796
182  8.352066 2.772897 0.000539  -3.141589 0.000002 0.000000
183  -2.662412 1.445755 40.667957  -0.000000 3.141591 1.570796
184  8.352066 2.772897 0.000546  -3.141589 0.000002 0.000000
185  -1.431356 16.384779 4.137812  0.000001 0.000000 0.000000
186  -0.001845 0.521683 -0.140289  0.000000 0.000000 -0.000000
187  7.323109 -5.136191 -5.166237  -0.000000 0.000000 -0.610865
188  2.698278 -0.000001 0.000000  -0.000012 0.000000 0.000001
189  2.834160 -0.000001 0.000000  0.000013 0.000000 0.000000
190  2.648918 -0.000001 -0.000000  -0.000001 -0.000001 0.000000
191  2.667500 -0.000000 -0.000001  0.000000 0.000000 0.000000
192  2.426703 -0.000001 0.000000  0.000000 0.000000 -0.000000
193  -0.494744 -44.353451 -1.302299  1.570797 0.000000 -1.570797
194  11.545938 73.768433 -3.792010  0.000000 0.000000 0.000000
195  -0.011102 -16.902811 1.952047  0.000001 0.000000 -0.000000
196  -0.000000 -0.000002 -1.529052  -0.000000 -0.000000 0.000000
197  -0.078942 -0.000002 0.000000  0.000000 0.000001 1.570796
198  0.097092 -0.000002 -0.000000  -0.000000 -3.141592 1.570796
199  0.000000 0.000000 0.000000  0.000000 -0.000000 -0.000000
200  0.006079 -0.585667 0.252848  0.000493 0.003051 0.003175
201  -0.004761 -0.566181 0.236098  0.000493 0.003051 0.003175
time 16
0  0 0 0  0 0 0
1  0.000000 0.000000 0.000000  0.000000 -0.000000 -0.000000
2  -0.000005 0.000023 -61.375507  0.000000 0.000000 -1.570795
3  -0.012872 0.000000 8.235020  -1.570799 -1.570796 0.000000
4  16.163128 -0.012870 -0.000002  -0.000000 -0.000000 0.000000
5  16.163143 -0.000009 3.830524  -3.089336 -1.570794 0.000000
6  -0.000031 -0.000001 -0.000000  -0.008868 0.018547 -0.001852
7  -0.000002 -0.000007 0.000001  0.000000 0.000000 0.032473
8  -0.000000 0.000001 -0.000000  0.000000 -0.000000 -0.000000
9  0.000002 0.000001 -0.000000  -0.002808 -0.000000 -0.000000
10  -0.000001 0.000000 -0.000000  -0.004273 -0.000000 -0.000000
11  -0.000001 0.000000 -0.000000  -0.005676 0.000000 -0.000000
12  -0.000004 -0.000000 -0.000002  -0.007141 -0.000000 -0.000000
13  -0.000002 -0.000001 -0.000002  -0.008545 -0.000000 -0.000000
14  -0.000004 -0.000001 0.000002  -0.009949 -0.000000 -0.000000
15  -0.000004 0.000001 0.000004  -0.011857 -0.005952 -0.015530
16  1.410070 0.800535 -2.089137  2.009774 0.630250 0.591915
17  3.954711 -0.000003 0.000006  -0.000004 -0.000001 0.166316
18  3.101566 0.000006 0.000003  0.000002 -0.000001 0.240238
19  6.164460 -0.898142 2.575020  0.090705 -0.013516 -0.151467
20  2.805847 0.000004 -0.000003  0.000002 0.000001 0.079095
21  2.307443 -0.000004 0.000004  -0.000000 -0.000000 -0.056423
22  7.145099 -0.676330 -1.382425  0.086918 -0.009133 -0.085503
23  3.672212 0.000003 -0.000002  0.000003 0.000001 0.142941
24  2.676525 0.000001 0.000005  -0.000001 -0.000001 -0.026075
25  6.831176 -0.870853 0.599922  0.130314 -0.006347 -0.065005
26  3.657081 -0.000009 0.000001  0.000000 0.000000 0.057729
27  2.496794 0.000004 0.000002  0.000000 0.000000 -0.091107
28  7.183353 -0.532073 -3.267607  0.123210 0.020356 -0.052484
29  3.511592 0.000006 0.000001  -0.000001 -0.000001 0.099575
30  2.199410 0.000000 0.000004  0.000001 0.000001 0.029263
31  16.163136 0.000012 -3.830531  -3.098550 1.570794 0.000000
32  -0.000018 -0.000001 0.000001  0.002301 -0.022507 -0.014676
33  0.000000 0.000001 0.000000  0.000000 -0.000000 0.044561
34  0.000000 0.000000 -0.000002  -0.000000 0.000000 -0.000000
35  -0.000003 -0.000003 -0.000002  0.000000 0.000000 0.000000
36  -0.000003 -0.000001 -0.000000  -0.001587 0.000000 0.000000
37  -0.000001 -0.000000 -0.000000  -0.002136 -0.000000 0.000000
38  -0.000005 0.000001 -0.000000  -0.002625 0.000000 -0.000000
39  -0.000005 0.000000 0.000002  -0.003174 -0.000000 -0.000000
40  -0.000004 -0.000002 0.000002  -0.003723 0.000000 0.000000
41  -0.000008 -0.000004 -0.000000  -0.004187 -0.008466 -0.020247
42  1.410068 0.800525 2.089139  -2.009768 -0.630254 0.591907
43  3.954720 0.000011 0.000006  -0.000000 -0.000002 0.166319
44  3.101558 -0.000008 0.000005  -0.000001 -0.000000 0.240238
45  7.183347 -0.532110 3.267604  -0.123210 -0.020355 -0.052486
46  3.511601 -0.000001 -0.000001  0.000003 0.000001 0.099571
47  2.199403 0.000005 -0.000001  -0.000001 -0.000001 0.029267
48  7.145094 -0.676362 1.382420  -0.086920 0.009133 -0.085505
49  3.672218 -0.000002 -0.000002  0.000001 -0.000000 0.142941
50  2.676519 -0.000004 0.000003  -0.000001 -0.000001 -0.026075
51  6.831176 -0.870879 -0.599927  -0.130311 0.006346 -0.065012
52  3.657080 -0.000002 -0.000002  -0.000000 0.000001 0.057734
53  2.496794 0.000001 0.000004  0.000000 -0.000001 -0.091108
54  6.164466 -0.898158 -2.575024  -0.090704 0.013515 -0.151468
55  2.805848 -0.000003 0.000001  -0.000002 -0.000001 0.079091
56  2.307435 0.000000 -0.000001  0.000002 0.000001 -0.056419
57  0.000000 0.000000 -0.000000  0.000000 -0.000000 0.000000
58  0.110943 -0.556229 0.277742  0.000143 0.015442 0.002687
59  0.071249 114.357048 62.238796  0.000000 -0.000000 -0.000000
60  1.986525 0.000016 -3.123731  -2.705260 -0.000000 -1.570797
61  -1.986692 0.000016 -3.123741  0.436333 0.000001 1.570797
62  -0.000000 0.000000 -0.000002  0.000000 -0.000000 0.000000
63  -1.986692 0.000009 -3.123732  0.436333 0.000001 1.570797
64  -11.344167 1.135889 0.869279  0.000002 -0.025019 -0.026324
65  1.986525 0.000008 -3.123726  -2.705260 -0.000000 -1.570797
66  -11.350038 -0.729424 0.864883  0.000197 -0.025367 0.026442
67  1.754236 4.036750 -1.682665  0.392575 -0.010120 -1.546362
68  -1.755140 4.036748 -1.682662  -0.392577 -0.010391 -1.594986
69  -0.164556 7.327704 3.928703  0.000000 0.000001 -1.570796
70  0.079082 36.742695 -0.508023  0.000001 -0.000000 -0.000000
71  -1.260174 8.777411 6.736406  -0.000002 -0.424416 -3.141592
72  1.525193 18.283598 2.968622  0.000000 -0.000000 -0.000000
73  0.060217 10.324389 74.469055  0.000008 -0.000000 0.000000
74  0.062809 75.918007 83.075439  1.570797 0.000000 -1.570796
75  4.804191 -3.971745 0.000001  -0.000000 0.000000 -0.000000
76  -7.041560 -5.025994 0.000002  -0.000000 -0.000000 -0.000000
77  8.407184 -3.978443 0.003055  -1.570796 1.570795 0.000000
78  10.376192 -3.978451 0.003056  -1.570796 1.570796 0.000000
79  10.194027 -0.314070 -1.749547  -1.570796 1.570796 0.000000
80  20.857893 -4.015567 0.000003  0.000000 -0.000000 0.000000
81  3.258456 5.856952 -3.403523  -0.000000 -0.000000 -0.000000
82  15.153058 5.860581 -3.403521  0.000000 -0.000000 0.000000
83  6.064256 77.294960 36.365795  1.570796 -0.000000 1.570796
84  -2.662412 1.445755 40.667957  0.000000 3.141591 1.570796
85  8.352066 2.772896 0.000542  -3.141589 0.000002 -0.000000
86  6.064257 72.973694 32.593250  1.570796 -0.000000 1.570796
87  0.004365 73.768425 -3.792008  0.000000 -0.000000 0.000000
88  -0.442609 1.284887 8.535291  -0.000000 -0.000001 0.000000
89  0.000001 1.310204 -0.000001  0.000000 0.000000 0.000000
90  0.000001 0.582262 -0.000000  0.000000 0.000000 0.000000
91  0.036297 1.284889 7.928799  0.000000 -0.000001 0.000000
92  0.000001 1.310206 -0.000000  0.000000 0.000000 0.000000
93  0.000000 0.582265 0.000000  0.000000 0.000000 0.000000
94  5.969323 3.427468 -6.170651  -0.000000 -0.000001 -1.570797
95  -1.310198 0.000001 0.000002  0.000000 -0.000000 -0.000000
96  -0.582256 -0.000000 0.000001  0.000000 0.000000 -0.000000
97  5.969323 9.397406 -6.170660  -0.000000 -0.000001 -1.570796
98  -1.310201 0.000000 0.000001  0.000000 0.000000 -0.000000
99  -0.582253 -0.000001 0.000001  0.000000 0.000000 -0.000000
100  5.969322 15.223780 -6.170671  0.000000 -0.000001 -1.570796
101  -1.310205 0.000002 0.000001  -0.000000 0.000000 -0.000000
102  -0.582256 0.000001 0.000001  -0.000000 0.000000 -0.000000
103  5.969324 20.835583 -6.170671  0.000000 -0.000001 -1.570796
104  -1.310200 0.000002 0.000001  -0.000000 0.000000 -0.000000
105  -0.582259 0.000000 0.000003  -0.000000 0.000000 -0.000000
106  5.969324 26.771219 -6.170672  0.000000 -0.000001 -1.570796
107  5.969323 32.597607 -6.170676  0.000000 -0.000001 -1.570796
108  5.969323 38.209412 -6.170686  0.000000 -0.000001 -1.570800
109  5.969322 49.488476 -6.170685  0.000000 -0.000001 -1.570800
110  -0.539090 -0.556800 -0.017363  -0.042462 2.681156 1.551919
111  -6.799124 -0.556796 0.818550  -0.272420 2.701993 1.452460
112  -4.615283 -0.556813 0.270328  -0.117230 2.684609 1.518878
113  -2.650969 -0.556794 0.063010  -0.042463 2.681158 1.551919
114  27.110336 1.284869 12.007549  0.000000 -0.000000 -0.000000
115  28.133427 1.284867 12.007548  0.000001 -0.000000 -0.000000
116  12.812888 2.241791 12.007549  0.000000 -0.000001 -0.000001
117  -9.955968 -0.319611 4.380214  -0.000001 -0.000000 -0.000001
118  -11.316473 -0.319618 4.380215  -0.000003 -0.000000 -0.000000
119  -12.667810 -0.319611 4.380215  -0.000003 -0.000000 0.000001
120  -14.022141 -0.319612 4.380215  0.000010 -0.000000 -0.000011
121  -15.373240 -0.319614 4.380214  0.000015 -0.000000 -0.000015
122  -16.724144 -0.319616 4.380214  -0.000009 -0.000000 0.000006
123  -18.074574 -0.319612 4.380214  -0.000006 -0.000000 0.000004
124  -19.423717 -0.319611 4.380214  0.000002 0.000000 -0.000004
125  -20.775272 -0.319611 4.380214  0.000003 0.000000 -0.000004
126  -22.126673 -0.319612 4.380215  0.000003 -0.000000 -0.000004
127  -23.478125 -0.319613 4.380215  0.000005 -0.000000 -0.000006
128  -24.830622 -0.319611 4.380215  0.000036 -0.000000 -0.000038
129  -26.182030 -0.319612 4.380215  -0.000011 -0.000000 0.000011
130  0.529180 -0.167123 0.629484  -0.101270 -0.000000 0.000000
131  -0.211444 -0.241674 0.155361  -0.145847 -0.000000 0.000000
132  0.529190 -0.280701 -0.110293  -0.145847 -0.000000 0.000000
133  -0.173927 -0.337315 -0.638496  -0.181751 -0.000000 0.000000
134  0.529189 -0.399236 -0.975394  -0.181751 -0.000000 0.000000
135  -0.211444 -0.464470 -1.431042  -0.192399 -0.000000 0.000000
136  0.529189 -0.515796 -1.694583  -0.192399 -0.000000 0.000000
137  -0.173928 -0.612137 -2.231911  -0.216703 -0.000000 0.000000
138  0.529188 -0.685792 -2.566440  -0.216703 -0.000000 0.000000
139  -0.211445 -0.769551 -3.027870  -0.237349 -0.000000 0.000000
140  0.529188 -0.832671 -3.288847  -0.237349 -0.000000 0.000000
141  -0.173937 -0.945274 -3.779565  -0.233859 0.000000 0.000000
142  0.529179 -1.024643 -4.112780  -0.233859 0.000000 0.000000
143  -0.211443 -1.132176 -4.577548  -0.262919 -0.000000 0.000000
144  0.529190 -1.201957 -4.836825  -0.262919 0.000000 0.000000
145  -0.000004 -2.810923 -10.636631  0.258454 0.000000 3.141592
146  -0.192455 -1.345772 -5.370046  -0.280373 0.000000 0.000000
147  0.533984 -1.413498 -5.605105  -0.276883 0.000000 0.000000
148  -0.206618 -1.795753 -6.909780  -0.287354 0.000000 0.000000
149  -0.205805 -1.564809 -6.138257  -0.290843 0.000000 0.000000
150  0.530460 -1.643665 -6.395215  -0.290844 0.000000 0.000000
151  0.535311 -1.790703 -7.204133  -0.287354 -0.000000 0.000000
152  -0.202703 -2.030472 -7.702829  -0.286180 -0.000000 0.000000
153  0.509548 -2.118882 -8.011623  -0.298398 -0.000000 0.000000
154  -0.202703 -2.255268 -8.465172  -0.283134 -0.000000 0.000000
155  0.509548 -2.352969 -8.771159  -0.295352 -0.000000 0.000000
156  -0.202704 -2.481590 -9.235471  -0.285437 -0.000000 0.000000
157  0.509547 -2.588675 -9.538639  -0.297653 -0.000000 0.000000
158  0.170123 -21.222086 -1.001140  -0.000001 -0.000001 0.000000
159  0.170123 -20.843857 -0.397183  -0.000001 -0.000001 0.000000
160  0.170123 -20.489738 -1.001141  -0.000001 -0.000001 0.000000
161  0.170124 -20.111063 -0.397183  -0.000001 -0.000001 0.000000
162  0.170123 -19.380085 -0.397186  -0.000001 -0.000001 0.000000
163  0.170123 -19.025103 -1.001145  -0.000001 -0.000001 0.000000
164  0.170123 -18.646650 -0.396447  -0.000001 -0.000001 0.000000
165  0.170124 -19.755753 -1.001142  -0.000001 -0.000001 0.000000
166  -0.015973 10.612519 2.686017  0.000001 -0.000000 -0.000000
167  0.059851 -50.160702 6.449380  1.570797 0.000000 -1.570797
168  0.064653 27.351292 72.195206  0.000000 -0.000000 -0.000001
169  6.064261 95.114021 31.645502  -0.000000 -0.000001 1.570796
170  0.054185 102.845650 29.795366  0.000000 0.000001 -1.570796
171  6.064257 69.096550 37.164322  1.570796 -0.000000 1.570796
172  1.974302 11.989234 4.589250  0.000000 -0.000000 -0.000000
173  -0.011481 23.944748 5.090362  0.000001 -0.000000 0.000000
174  -1.691251 8.833343 5.763507  0.000001 -0.000000 -0.000000
175  6.064260 89.329803 31.613918  -0.000000 -0.000001 1.570796
176  0.059886 2.255335 54.398014  0.000000 -0.000000 0.000000
177  0.003496 -22.270647 0.000146  1.570797 0.000000 -1.570797
178  0.104010 15.380370 2.266153  0.000001 -0.000000 -0.000000
179  0.049049 0.001386 0.027427  0.000000 -0.006897 0.000000
180  0.023797 -0.000528 -0.010422  -0.000000 -0.006897 0.000000
181  -2.662412 1.445758 33.628742  0.000000 3.141591 1.570796
182  8.352066 2.772896 0.000546  -3.141589 0.000002 -0.000000
183  -2.662412 1.445755 40.667957  0.000000 3.141591 1.570796
184  8.352066 2.772896 0.000542  -3.141589 0.000002 -0.000000
185  -1.431356 16.384781 4.137812  0.000001 -0.000000 0.000000
186  -0.001845 0.521683 -0.140289  0.000000 -0.000000 -0.000000
187  7.323109 -5.136192 -5.166237  0.000000 0.000000 -0.610865
188  2.698277 -0.000000 0.000000  -0.000012 0.000000 0.000001
189  2.834159 -0.000001 -0.000000  0.000013 0.000000 0.000000
190  2.648918 0.000000 -0.000000  -0.000001 -0.000001 0.000000
191  2.667498 -0.000001 0.000000  -0.000000 0.000000 0.000000
192  2.426704 -0.000002 0.000001  -0.000000 0.000000 -0.000000
193  -0.494744 -44.353451 -1.302299  1.570797 0.000000 -1.570797
194  11.545938 73.768425 -3.792010  0.000000 -0.000000 -0.000000
195  -0.011102 -16.902817 1.952047  0.000001 -0.000000 -0.000000
196  -0.000000 0.000002 -1.529052  -0.000000 -0.000000 0.000000
197  -0.078942 0.000002 0.000000  0.000000 0.000001 1.570796
198  0.097092 0.000002 0.000000  -0.000000 -3.141592 1.570796
199  0.000000 0.000000 0.000000  0.000000 -0.000000 -0.000000
200  -0.000605 -0.559704 0.293287  0.000135 0.008545 0.002992
201  -0.031807 -0.542805 0.247025  0.000135 0.008545 0.002991
time 17
0  0 0 0  0 0 0
1  0.000000 0.000000 0.000000  0.000000 -0.000000 -0.000000
2  -0.000005 0.000023 -61.375507  0.000000 0.000000 -1.570795
3  -0.012872 0.000000 8.235020  -1.570799 -1.570796 0.000000
4  16.163128 -0.012870 -0.000002  -0.000000 -0.000000 0.000000
5  16.163143 -0.000009 3.830524  -3.089336 -1.570794 0.000000
6  -0.000031 -0.000001 -0.000000  -0.008130 0.015314 -0.001527
7  -0.000001 -0.000007 0.000000  0.000000 0.000000 0.029421
8  0.000000 0.000001 0.000001  0.000000 -0.000000 -0.000000
9  0.000002 0.000001 -0.000001  -0.002442 -0.000000 -0.000000
10  -0.000001 0.000000 0.000001  -0.003662 -0.000000 -0.000000
11  -0.000003 0.000000 0.000002  -0.004883 0.000000 -0.000000
12  -0.000002 0.000000 -0.000001  -0.006165 -0.000000 -0.000000
13  -0.000004 -0.000001 -0.000001  -0.007386 -0.000000 -0.000000
14  -0.000004 -0.000001 0.000001  -0.008606 -0.000000 -0.000000
15  -0.000004 0.000002 0.000004  -0.010375 -0.006931 -0.018154
16  1.410070 0.800535 -2.089140  2.009774 0.630250 0.591915
17  3.954710 -0.000001 0.000005  -0.000004 -0.000001 0.166316
18  3.101569 0.000004 0.000003  0.000002 -0.000001 0.240238
19  6.164461 -0.898142 2.575019  0.090705 -0.013516 -0.151467
20  2.805847 0.000004 -0.000003  0.000002 0.000001 0.079095
21  2.307442 -0.000004 0.000002  -0.000000 -0.000000 -0.056423
22  7.145100 -0.676330 -1.382425  0.086918 -0.009133 -0.085503
23  3.672211 0.000003 -0.000002  0.000003 0.000001 0.142941
24  2.676526 0.000001 0.000001  -0.000001 -0.000001 -0.026075
25  6.831177 -0.870853 0.599921  0.130314 -0.006347 -0.065005
26  3.657082 -0.000009 -0.000001  0.000000 0.000000 0.057729
27  2.496795 0.000004 0.000000  0.000000 0.000000 -0.091107
28  7.183353 -0.532073 -3.267608  0.123210 0.020356 -0.052484
29  3.511590 0.000006 0.000001  -0.000001 -0.000001 0.099575
30  2.199410 0.000000 0.000005  0.000001 0.000001 0.029263
31  16.163136 0.000012 -3.830531  -3.098550 1.570794 0.000000
32  -0.000018 -0.000001 0.000001  0.002018 -0.018969 -0.013265
33  -0.000002 0.000001 -0.000000  0.000000 -0.000000 0.039433
34  0.000000 0.000000 0.000001  -0.000000 0.000000 -0.000000
35  -0.000002 -0.000003 0.000001  0.000000 0.000000 0.000000
36  -0.000003 -0.000001 0.000001  -0.002319 0.000000 0.000000
37  -0.000002 -0.000000 0.000001  -0.003113 -0.000000 0.000000
38  -0.000007 0.000000 0.000001  -0.003907 -0.000000 -0.000000
39  -0.000005 0.000000 0.000001  -0.004700 -0.000000 -0.000000
40  -0.000006 -0.000002 0.000001  -0.005493 0.000000 0.000000
41  -0.000008 -0.000004 -0.000000  -0.006229 -0.005801 -0.020308
42  1.410069 0.800525 2.089141  -2.009768 -0.630254 0.591907
43  3.954723 0.000011 0.000005  -0.000000 -0.000002 0.166319
44  3.101557 -0.000005 0.000005  -0.000001 -0.000000 0.240238
45  7.183347 -0.532110 3.267606  -0.123210 -0.020355 -0.052486
46  3.511601 -0.000001 0.000001  0.000003 0.000001 0.099571
47  2.199404 0.000004 -0.000004  -0.000001 -0.000001 0.029267
48  7.145095 -0.676362 1.382422  -0.086920 0.009133 -0.085505
49  3.672218 -0.000002 0.000002  0.000001 -0.000000 0.142941
50  2.676519 -0.000003 0.000000  -0.000001 -0.000001 -0.026075
51  6.831175 -0.870879 -0.599925  -0.130311 0.006346 -0.065012
52  3.657079 -0.000002 0.000001  -0.000000 0.000001 0.057734
53  2.496792 0.000001 0.000004  0.000000 -0.000001 -0.091108
54  6.164467 -0.898158 -2.575024  -0.090704 0.013515 -0.151468
55  2.805848 -0.000004 0.000003  -0.000002 -0.000001 0.079091
56  2.307434 -0.000000 -0.000002  0.000002 0.000001 -0.056419
57  0.000000 0.000000 -0.000000  0.000000 -0.000000 0.000000
58  0.122565 -0.476105 0.228951  -0.002241 0.016055 0.002118
59  0.071249 114.357040 62.238796  -0.000000 0.000000 -0.000000
60  1.986525 0.000022 -3.123736  -2.705260 -0.000000 -1.570797
61  -1.986692 0.000023 -3.123745  0.436333 0.000001 1.570797
62  0.000000 0.000006 0.000001  0.000000 0.000000 0.000000
63  -1.986692 0.000015 -3.123737  0.436333 0.000001 1.570797
64  -11.344167 1.135890 0.869278  0.000002 -0.025019 -0.026324
65  1.986525 0.000015 -3.123734  -2.705260 -0.000000 -1.570797
66  -11.350061 -0.729424 0.864893  0.000197 -0.025367 0.026442
67  1.754237 4.036749 -1.682665  0.392575 -0.010120 -1.546362
68  -1.755139 4.036752 -1.682664  -0.392577 -0.010391 -1.594986
69  -0.164556 7.327704 3.928703  -0.000000 0.000001 -1.570796
70  0.079082 36.742691 -0.508023  0.000001 0.000000 -0.000000
71  -1.260174 8.777411 6.736406  -0.000002 -0.424416 -3.141592
72  1.525193 18.283600 2.968622  0.000000 0.000000 -0.000000
73  0.060216 10.324389 74.469055  0.000008 0.000000 0.000000
74  0.062808 75.917999 83.075455  1.570797 0.000000 -1.570796
75  4.804181 -3.971745 0.000001  -0.000000 0.000000 -0.000000
76  -7.041572 -5.025998 0.000001  -0.000000 -0.000000 -0.000000
77  8.407183 -3.978435 0.003055  -1.570796 1.570795 0.000000
78  10.376188 -3.978453 0.003056  -1.570796 1.570796 0.000000
79  10.194008 -0.314061 -1.749547  -1.570796 1.570796 0.000000
80  20.857882 -4.015565 0.000003  0.000000 -0.000000 -0.000000
81  3.258437 5.856948 -3.403523  -0.000000 -0.000000 -0.000000
82  15.153049 5.860576 -3.403521  -0.000000 -0.000000 -0.000000
83  6.064257 77.294952 36.365799  1.570796 -0.000000 1.570796
84  -2.662412 1.445755 40.667957  -0.000000 3.141591 1.570796
85  8.352066 2.772897 0.000544  -3.141589 0.000002 -0.000000
86  6.064257 72.973701 32.593258  1.570796 -0.000000 1.570796
87  0.004365 73.768417 -3.792008  0.000000 0.000000 0.000000
88  -0.442609 1.284877 8.535291  -0.000000 -0.000001 0.000000
89  0.000001 1.310211 0.000000  0.000000 0.000000 0.000000
90  0.000001 0.582261 0.000000  0.000000 0.000000 0.000000
91  0.036297 1.284876 7.928799  -0.000000 -0.000001 0.000000
92  0.000001 1.310211 0.000000  0.000000 0.000000 0.000000
93  -0.000000 0.582260 0.000000  0.000000 0.000000 0.000000
94  5.969324 3.427455 -6.170650  -0.000000 -0.000001 -1.570797
95  -1.310218 0.000001 0.000001  0.000000 0.000000 -0.000000
96  -0.582268 0.000000 -0.000000  0.000000 0.000000 -0.000000
97  5.969323 9.397400 -6.170659  -0.000000 -0.000001 -1.570796
98  -1.310214 0.000000 0.000002  0.000000 0.000000 -0.000000
99  -0.582263 -0.000001 0.000000  0.000000 0.000000 -0.000000
100  5.969322 15.223773 -6.170671  -0.000000 -0.000001 -1.570796
101  -1.310201 0.000002 0.000001  -0.000000 0.000000 -0.000000
102  -0.582259 0.000002 0.000000  -0.000000 0.000000 -0.000000
103  5.969323 20.835567 -6.170671  -0.000000 -0.000001 -1.570796
104  -1.310217 0.000001 0.000000  -0.000000 0.000000 -0.000000
105  -0.582267 0.000000 0.000001  -0.000000 0.000000 -0.000000
106  5.969324 26.771210 -6.170672  -0.000000 -0.000001 -1.570796
107  5.969323 32.597599 -6.170674  -0.000000 -0.000001 -1.570796
108  5.969323 38.209393 -6.170686  -0.000000 -0.000001 -1.570800
109  5.969322 49.488461 -6.170685  -0.000000 -0.000001 -1.570800
110  -0.539090 -0.556806 -0.017363  -0.042462 2.681156 1.551919
111  -6.799124 -0.556808 0.818550  -0.272420 2.701993 1.452460
112  -4.615283 -0.556822 0.270328  -0.117230 2.684609 1.518878
113  -2.650969 -0.556811 0.063010  -0.042463 2.681158 1.551919
114  27.110340 1.284859 12.007548  -0.000000 -0.000000 -0.000000
115  28.133427 1.284858 12.007549  0.000001 -0.000000 -0.000000
116  12.812886 2.241782 12.007551  -0.000000 -0.000001 -0.000001
117  -9.955968 -0.319628 4.380215  -0.000001 -0.000000 -0.000001
118  -11.316474 -0.319622 4.380215  -0.000003 -0.000000 -0.000000
119  -12.667810 -0.319628 4.380215  -0.000003 -0.000000 0.000001
120  -14.022141 -0.319621 4.380215  0.000010 -0.000000 -0.000011
121  -15.373240 -0.319627 4.380214  0.000015 -0.000000 -0.000015
122  -16.724142 -0.319627 4.380214  -0.000009 -0.000000 0.000006
123  -18.074574 -0.319620 4.380215  -0.000006 0.000000 0.000004
124  -19.423717 -0.319623 4.380215  0.000002 0.000000 -0.000004
125  -20.775272 -0.319621 4.380215  0.000003 0.000000 -0.000004
126  -22.126673 -0.319619 4.380215  0.000003 0.000000 -0.000004
127  -23.478123 -0.319625 4.380215  0.000005 0.000000 -0.000006
128  -24.830620 -0.319621 4.380215  0.000036 0.000000 -0.000038
129  -26.182030 -0.319620 4.380215  -0.000011 0.000000 0.000011
130  0.529180 -0.167127 0.629484  -0.101270 -0.000000 0.000000
131  -0.211444 -0.241690 0.155361  -0.145847 -0.000000 0.000000
132  0.529190 -0.280702 -0.110292  -0.145847 -0.000000 0.000000
133  -0.173927 -0.337322 -0.638496  -0.181751 -0.000000 0.000000
134  0.529189 -0.399249 -0.975393  -0.181751 -0.000000 0.000000
135  -0.211444 -0.464477 -1.431042  -0.192399 -0.000000 0.000000
136  0.529189 -0.515808 -1.694583  -0.192399 -0.000000 0.000000
137  -0.173928 -0.612157 -2.231910  -0.216703 -0.000000 0.000000
138  0.529188 -0.685808 -2.566439  -0.216703 -0.000000 0.000000
139  -0.211445 -0.769563 -3.027870  -0.237349 -0.000000 0.000000
140  0.529188 -0.832695 -3.288847  -0.237349 -0.000000 0.000000
141  -0.173937 -0.945286 -3.779564  -0.233859 0.000000 0.000000
142  0.529179 -1.024655 -4.112780  -0.233859 0.000000 0.000000
143  -0.211443 -1.132190 -4.577547  -0.262919 -0.000000 0.000000
144  0.529190 -1.201964 -4.836823  -0.262919 0.000000 0.000000
145  -0.000005 -2.810946 -10.636630  0.258454 0.000000 3.141592
146  -0.192455 -1.345777 -5.370047  -0.280373 0.000000 0.000000
147  0.533984 -1.413516 -5.605105  -0.276883 0.000000 0.000000
148  -0.206618 -1.795762 -6.909779  -0.287354 0.000000 0.000000
149  -0.205805 -1.564820 -6.138257  -0.290843 0.000000 0.000000
150  0.530460 -1.643677 -6.395215  -0.290844 0.000000 0.000000
151  0.535311 -1.790705 -7.204133  -0.287354 -0.000000 0.000000
152  -0.202703 -2.030487 -7.702830  -0.286180 -0.000000 0.000000
153  0.509548 -2.118895 -8.011625  -0.298398 -0.000000 0.000000
154  -0.202703 -2.255279 -8.465172  -0.283134 -0.000000 0.000000
155  0.509548 -2.352986 -8.771160  -0.295352 -0.000000 0.000000
156  -0.202704 -2.481602 -9.235472  -0.285437 -0.000000 0.000000
157  0.509547 -2.588692 -9.538638  -0.297654 -0.000000 0.000000
158  0.170123 -21.222094 -1.001140  -0.000001 -0.000001 0.000000
159  0.170123 -20.843861 -0.397183  -0.000001 -0.000001 0.000000
160  0.170123 -20.489754 -1.001141  -0.000001 -0.000001 0.000000
161  0.170124 -20.111065 -0.397182  -0.000001 -0.000001 0.000000
162  0.170123 -19.380087 -0.397187  -0.000001 -0.000001 0.000000
163  0.170123 -19.025116 -1.001146  -0.000001 -0.000001 0.000000
164  0.170123 -18.646660 -0.396447  -0.000001 -0.000001 0.000000
165  0.170124 -19.755764 -1.001142  -0.000001 -0.000001 0.000000
166  -0.015973 10.612518 2.686017  0.000001 0.000000 -0.000000
167  0.059851 -50.160706 6.449381  1.570797 0.000000 -1.570797
168  0.064653 27.351292 72.195206  -0.000000 -0.000000 -0.000001
169  6.064260 95.114014 31.645500  0.000000 -0.000001 1.570796
170  0.054185 102.845642 29.795362  -0.000000 0.000001 -1.570796
171  6.064257 69.096565 37.164318  1.570796 -0.000000 1.570796
172  1.974303 11.989233 4.589250  0.000000 0.000000 -0.000000
173  -0.011481 23.944746 5.090362  0.000001 0.000000 0.000000
174  -1.691251 8.833343 5.763507  0.000001 0.000000 -0.000000
175  6.064261 89.329811 31.613918  0.000000 -0.000001 1.570796
176  0.059886 2.255335 54.398014  -0.000000 0.000000 0.000000
177  0.003497 -22.270645 0.000149  1.570797 0.000000 -1.570797
178  0.104010 15.380371 2.266153  0.000001 0.000000 -0.000000
179  0.049048 0.001386 0.027426  0.000000 -0.006897 0.000000
180  0.023797 -0.000526 -0.010418  -0.000000 -0.006897 0.000000
181  -2.662412 1.445758 33.628746  -0.000000 3.141591 1.570796
182  8.352066 2.772897 0.000539  -3.141589 0.000002 -0.000000
183  -2.662412 1.445755 40.667957  -0.000000 3.141591 1.570796
184  8.352066 2.772897 0.000544  -3.141589 0.000002 -0.000000
185  -1.431356 16.384779 4.137811  0.000001 0.000000 0.000000
186  -0.001845 0.521683 -0.140290  0.000000 0.000000 -0.000000
187  7.323109 -5.136191 -5.166237  -0.000000 0.000000 -0.610865
188  2.698277 -0.000001 0.000001  -0.000012 0.000000 0.000001
189  2.834161 -0.000001 0.000001  0.000013 0.000000 0.000000
190  2.648917 0.000001 0.000000  -0.000001 -0.000001 0.000000
191  2.667498 -0.000002 -0.000000  0.000000 0.000000 0.000000
192  2.426704 -0.000000 0.000000  -0.000000 0.000000 -0.000000
193  -0.494744 -44.353447 -1.302299  1.570797 -0.000000 -1.570797
194  11.545938 73.768417 -3.792010  0.000000 0.000000 -0.000000
195  -0.011102 -16.902811 1.952047  0.000001 0.000000 -0.000000
196  0.000000 -0.000000 -1.529052  -0.000000 0.000000 0.000000
197  -0.078942 -0.000001 0.000000  0.000000 0.000001 1.570796
198  0.097092 -0.000000 -0.000000  -0.000000 -3.141592 1.570796
199  0.000000 0.000000 0.000000  0.000000 -0.000000 -0.000000
200  0.011812 -0.495853 0.218790  -0.002247 0.009158 0.002492
201  -0.021288 -0.490498 0.169399  -0.002247 0.009158 0.002492
time 18
0  0 0 0  0 0 0
1  0.000000 0.000000 0.000000  0.000000 -0.000000 -0.000000
2  -0.000005 0.000023 -61.375507  0.000000 0.000000 -1.570795
3  -0.012872 0.000000 8.235020  -1.570799 -1.570796 0.000000
4  16.163128 -0.012870 -0.000002  -0.000000 -0.000000 0.000000
5  16.163143 -0.000009 3.830524  -3.089336 -1.570794 0.000000
6  -0.000031 -0.000001 -0.000000  -0.007079 0.009706 0.000332
7  -0.000003 -0.000007 -0.000001  0.000000 0.000000 0.023439
8  0.000000 0.000001 0.000001  0.000000 -0.000000 -0.000000
9  0.000002 0.000001 -0.000001  -0.000855 -0.000000 -0.000000
10  -0.000002 0.000001 -0.000001  -0.001343 -0.000000 -0.000000
11  0.000000 0.000001 0.000001  -0.001770 0.000000 -0.000000
12  -0.000002 0.000000 -0.000001  -0.002258 -0.000000 -0.000000
13  -0.000005 -0.000001 -0.000001  -0.002686 -0.000000 -0.000000
14  -0.000004 -0.000001 -0.000001  -0.003113 -0.000000 -0.000000
15  -0.000002 0.000002 0.000001  -0.004499 -0.001995 -0.018368
16  1.410070 0.800535 -2.089135  2.009774 0.630250 0.591915
17  3.954709 -0.000002 0.000005  -0.000004 -0.000001 0.166316
18  3.101566 0.000003 0.000001  0.000002 -0.000001 0.240238
19  6.164461 -0.898142 2.575021  0.090705 -0.013516 -0.151467
20  2.805848 0.000004 -0.000005  0.000002 0.000001 0.079095
21  2.307442 -0.000004 0.000003  -0.000000 -0.000000 -0.056423
22  7.145098 -0.676330 -1.382424  0.086918 -0.009133 -0.085503
23  3.672212 0.000003 -0.000003  0.000003 0.000001 0.142941
24  2.676525 0.000001 0.000002  -0.000001 -0.000001 -0.026075
25  6.831177 -0.870853 0.599922  0.130314 -0.006347 -0.065005
26  3.657082 -0.000009 0.000000  0.000000 0.000000 0.057729
27  2.496795 0.000003 0.000000  0.000000 0.000000 -0.091107
28  7.183353 -0.532073 -3.267607  0.123210 0.020356 -0.052484
29  3.511591 0.000006 0.000000  -0.000001 -0.000001 0.099575
30  2.199412 -0.000001 0.000003  0.000001 0.000001 0.029263
31  16.163136 0.000012 -3.830531  -3.098550 1.570794 0.000000
32  -0.000018 -0.000001 0.000001  0.001660 -0.012503 -0.011669
33  0.000000 0.000001 -0.000004  0.000000 -0.000000 0.031741
34  0.000000 0.000000 0.000001  -0.000000 0.000000 -0.000000
35  -0.000002 -0.000002 -0.000000  0.000000 0.000000 0.000000
36  -0.000003 -0.000001 0.000002  -0.000916 0.000000 0.000000
37  -0.000001 -0.000000 0.000002  -0.001221 -0.000000 0.000000
38  -0.000005 0.000000 -0.000000  -0.001526 -0.000000 -0.000000
39  -0.000005 0.000000 0.000002  -0.001892 -0.000000 0.000000
40  -0.000004 -0.000002 0.000002  -0.002197 0.000000 0.000000
41  -0.000010 -0.000004 -0.000000  -0.002522 0.001928 -0.019901
42  1.410069 0.800525 2.089139  -2.009768 -0.630254 0.591907
43  3.954720 0.000010 0.000004  -0.000000 -0.000002 0.166319
44  3.101559 -0.000009 0.000004  -0.000001 -0.000000 0.240238
45  7.183347 -0.532110 3.267604  -0.123210 -0.020355 -0.052486
46  3.511602 -0.000001 0.000000  0.000003 0.000001 0.099571
47  2.199405 0.000004 -0.000001  -0.000001 -0.000001 0.029267
48  7.145095 -0.676362 1.382422  -0.086920 0.009133 -0.085505
49  3.672217 -0.000002 -0.000001  0.000001 -0.000000 0.142941
50  2.676519 -0.000004 0.000003  -0.000001 -0.000001 -0.026075
51  6.831177 -0.870879 -0.599927  -0.130311 0.006346 -0.065012
52  3.657079 -0.000002 -0.000002  -0.000000 0.000001 0.057734
53  2.496793 0.000000 0.000003  0.000000 -0.000001 -0.091108
54  6.164467 -0.898158 -2.575026  -0.090704 0.013515 -0.151468
55  2.805848 -0.000003 0.000001  -0.000002 -0.000001 0.079091
56  2.307434 0.000000 -0.000000  0.000002 0.000001 -0.056419
57  0.000000 0.000000 -0.000000  0.000000 -0.000000 0.000000
58  0.106101 -0.360374 0.113730  -0.005304 0.009037 0.001380
59  0.071249 114.357040 62.238792  0.000000 -0.000000 -0.000000
60  1.986525 0.000006 -3.123734  -2.705260 -0.000000 -1.570797
61  -1.986692 0.000011 -3.123746  0.436333 0.000001 1.570797
62  -0.000000 -0.000005 -0.000004  0.000000 -0.000000 0.000000
63  -1.986692 0.000011 -3.123741  0.436333 0.000001 1.570797
64  -11.344148 1.135885 0.869276  0.000002 -0.025019 -0.026324
65  1.986525 0.000006 -3.123733  -2.705260 -0.000000 -1.570797
66  -11.350057 -0.729421 0.864884  0.000197 -0.025367 0.026442
67  1.754236 4.036756 -1.682670  0.392575 -0.010120 -1.546362
68  -1.755139 4.036761 -1.682667  -0.392577 -0.010391 -1.594986
69  -0.164556 7.327704 3.928702  0.000000 0.000001 -1.570796
70  0.079082 36.742695 -0.508023  0.000001 -0.000000 -0.000000
71  -1.260174 8.777410 6.736405  -0.000002 -0.424415 -3.141592
72  1.525193 18.283596 2.968622  0.000000 -0.000000 -0.000000
73  0.060216 10.324389 74.469055  0.000008 -0.000000 0.000000
74  0.062808 75.917999 83.075439  1.570797 -0.000000 -1.570796
75  4.804192 -3.971745 0.000001  -0.000000 0.000000 -0.000000
76  -7.041560 -5.025995 0.000001  -0.000000 -0.000000 -0.000000
77  8.407197 -3.978431 0.003055  -1.570796 1.570795 0.000000
78  10.376204 -3.978444 0.003056  -1.570796 1.570796 0.000000
79  10.194028 -0.314060 -1.749547  -1.570796 1.570796 0.000000
80  20.857895 -4.015563 0.000003  0.000000 -0.000000 -0.000000
81  3.258450 5.856960 -3.403524  -0.000000 -0.000000 -0.000000
82  15.153054 5.860589 -3.403521  0.000000 -0.000000 -0.000000
83  6.064256 77.294952 36.365799  1.570796 -0.000000 1.570796
84  -2.662412 1.445755 40.667957  0.000000 3.141591 1.570796
85  8.352067 2.772896 0.000540  -3.141589 0.000002 -0.000000
86  6.064256 72.973694 32.593254  1.570796 -0.000000 1.570796
87  0.004365 73.768425 -3.792008  0.000000 -0.000000 0.000000
88  -0.442609 1.284866 8.535290  -0.000000 -0.000001 0.000000
89  0.000001 1.310220 -0.000001  0.000000 -0.000000 0.000000
90  0.000001 0.582270 0.000000  0.000000 -0.000000 0.000000
91  0.036297 1.284874 7.928798  0.000000 -0.000001 0.000000
92  0.000001 1.310220 -0.000000  0.000000 -0.000000 0.000000
93  0.000000 0.582270 0.000000  0.000000 -0.000000 0.000000
94  5.969323 3.427451 -6.170650  -0.000000 -0.000001 -1.570797
95  -1.310218 0.000001 0.000001  0.000000 0.000000 -0.000000
96  -0.582268 0.000001 0.000001  0.000000 0.000000 -0.000000
97  5.969323 9.397388 -6.170660  -0.000000 -0.000001 -1.570796
98  -1.310214 0.000001 0.000001  0.000000 0.000000 -0.000000
99  -0.582264 0.000000 0.000001  0.000000 0.000000 -0.000000
100  5.969322 15.223766 -6.170671  0.000000 -0.000001 -1.570796
101  -1.310192 0.000001 0.000001  -0.000000 0.000000 -0.000000
102  -0.582249 0.000001 0.000001  -0.000000 0.000000 -0.000000
103  5.969323 20.835562 -6.170671  0.000000 -0.000001 -1.570796
104  -1.310208 0.000001 0.000000  -0.000000 0.000000 -0.000000
105  -0.582266 0.000000 0.000003  -0.000000 0.000000 -0.000000
106  5.969324 26.771196 -6.170672  0.000000 -0.000001 -1.570796
107  5.969323 32.597588 -6.170675  0.000000 -0.000001 -1.570796
108  5.969323 38.209385 -6.170685  0.000000 -0.000001 -1.570800
109  5.969323 49.488457 -6.170685  0.000000 -0.000001 -1.570800
110  -0.539090 -0.556811 -0.017362  -0.042462 2.681156 1.551919
111  -6.799123 -0.556812 0.818550  -0.272420 2.701993 1.452460
112  -4.615283 -0.556835 0.270327  -0.117230 2.684609 1.518878
113  -2.650969 -0.556811 0.063010  -0.042463 2.681158 1.551919
114  27.110334 1.284850 12.007548  0.000000 -0.000000 0.000000
115  28.133425 1.284849 12.007547  0.000001 -0.000000 0.000000
116  12.812886 2.241773 12.007549  -0.000000 -0.000001 -0.000001
117  -9.955967 -0.319628 4.380214  -0.000001 -0.000000 -0.000001
118  -11.316473 -0.319628 4.380215  -0.000003 -0.000000 -0.000000
119  -12.667810 -0.319625 4.380215  -0.000003 -0.000000 0.000001
120  -14.022141 -0.319625 4.380215  0.000010 -0.000000 -0.000011
121  -15.373240 -0.319629 4.380214  0.000015 -0.000000 -0.000015
122  -16.724142 -0.319627 4.380214  -0.000009 -0.000000 0.000006
123  -18.074572 -0.319625 4.380214  -0.000006 -0.000000 0.000004
124  -19.423716 -0.319625 4.380214  0.000002 0.000000 -0.000004
125  -20.775270 -0.319621 4.380214  0.000003 0.000000 -0.000004
126  -22.126671 -0.319625 4.380215  0.000003 -0.000000 -0.000004
127  -23.478123 -0.319622 4.380215  0.000005 -0.000000 -0.000006
128  -24.830620 -0.319625 4.380215  0.000036 0.000000 -0.000038
129  -26.182028 -0.319621 4.380215  -0.000011 -0.000000 0.000011
130  0.529180 -0.167135 0.629484  -0.101270 -0.000000 0.000000
131  -0.211444 -0.241697 0.155361  -0.145847 -0.000000 0.000000
132  0.529190 -0.280706 -0.110293  -0.145847 -0.000000 0.000000
133  -0.173927 -0.337331 -0.638496  -0.181751 -0.000000 0.000000
134  0.529189 -0.399249 -0.975394  -0.181751 -0.000000 0.000000
135  -0.211444 -0.464479 -1.431042  -0.192399 -0.000000 0.000000
136  0.529189 -0.515814 -1.694583  -0.192399 -0.000000 0.000000
137  -0.173928 -0.612156 -2.231911  -0.216703 -0.000000 0.000000
138  0.529188 -0.685813 -2.566440  -0.216703 -0.000000 0.000000
139  -0.211445 -0.769575 -3.027871  -0.237349 -0.000000 0.000000
140  0.529188 -0.832696 -3.288847  -0.237349 -0.000000 0.000000
141  -0.173937 -0.945293 -3.779564  -0.233859 0.000000 0.000000
142  0.529179 -1.024664 -4.112781  -0.233859 0.000000 0.000000
143  -0.211443 -1.132197 -4.577548  -0.262919 -0.000000 0.000000
144  0.529190 -1.201972 -4.836825  -0.262919 0.000000 0.000000
145  -0.000004 -2.810946 -10.636630  0.258454 0.000000 3.141592
146  -0.192455 -1.345782 -5.370045  -0.280373 0.000000 0.000000
147  0.533984 -1.413523 -5.605105  -0.276883 0.000000 0.000000
148  -0.206618 -1.795767 -6.909780  -0.287354 0.000000 0.000000
149  -0.205805 -1.564824 -6.138257  -0.290843 0.000000 0.000000
150  0.530460 -1.643684 -6.395215  -0.290844 0.000000 0.000000
151  0.535311 -1.790717 -7.204133  -0.287354 -0.000000 0.000000
152  -0.202703 -2.030493 -7.702829  -0.286180 -0.000000 0.000000
153  0.509548 -2.118910 -8.011625  -0.298398 -0.000000 0.000000
154  -0.202703 -2.255291 -8.465171  -0.283134 -0.000000 0.000000
155  0.509548 -2.352985 -8.771159  -0.295352 -0.000000 0.000000
156  -0.202704 -2.481602 -9.235471  -0.285437 -0.000000 0.000000
157  0.509547 -2.588696 -9.538638  -0.297654 -0.000000 0.000000
158  0.170123 -21.222097 -1.001140  -0.000001 -0.000001 0.000000
159  0.170123 -20.843874 -0.397183  -0.000001 -0.000001 0.000000
160  0.170123 -20.489758 -1.001141  -0.000001 -0.000001 0.000000
161  0.170124 -20.111078 -0.397183  -0.000001 -0.000001 0.000000
162  0.170123 -19.380096 -0.397186  -0.000001 -0.000001 0.000000
163  0.170123 -19.025122 -1.001146  -0.000001 -0.000001 0.000000
164  0.170123 -18.646664 -0.396448  -0.000001 -0.000001 0.000000
165  0.170124 -19.755768 -1.001142  -0.000001 -0.000001 0.000000
166  -0.015973 10.612518 2.686017  0.000001 -0.000000 -0.000000
167  0.059851 -50.160702 6.449381  1.570797 0.000000 -1.570797
168  0.064652 27.351292 72.195213  -0.000000 -0.000000 -0.000001
169  6.064260 95.114014 31.645500  -0.000000 -0.000001 1.570796
170  0.054185 102.845650 29.795361  0.000000 0.000001 -1.570796
171  6.064257 69.096558 37.164322  1.570796 -0.000000 1.570796
172  1.974303 11.989234 4.589251  0.000000 -0.000000 -0.000000
173  -0.011481 23.944748 5.090362  0.000001 -0.000000 0.000000
174  -1.691251 8.833342 5.763507  0.000001 -0.000000 -0.000000
175  6.064261 89.329803 31.613914  -0.000000 -0.000001 1.570796
176  0.059886 2.255335 54.398010  0.000000 -0.000000 0.000000
177  0.003496 -22.270645 0.000144  1.570797 0.000000 -1.570797
178  0.104010 15.380369 2.266152  0.000001 -0.000000 -0.000000
179  0.049048 0.001386 0.027427  0.000000 -0.006897 0.000000
180  0.023798 -0.000525 -0.010419  -0.000000 -0.006897 0.000000
181  -2.662412 1.445758 33.628742  0.000000 3.141591 1.570796
182  8.352067 2.772897 0.000546  -3.141589 0.000002 -0.000000
183  -2.662412 1.445755 40.667957  0.000000 3.141591 1.570796
184  8.352067 2.772896 0.000540  -3.141589 0.000002 -0.000000
185  -1.431356 16.384779 4.137811  0.000001 -0.000000 0.000000
186  -0.001845 0.521683 -0.140289  0.000000 -0.000000 -0.000000
187  7.323109 -5.136192 -5.166237  0.000000 0.000000 -0.610865
188  2.698277 -0.000002 0.000000  -0.000012 0.000000 0.000001
189  2.834158 -0.000001 0.000000  0.000013 0.000000 0.000000
190  2.648919 -0.000002 0.000001  -0.000001 -0.000001 0.000000
191  2.667500 -0.000002 -0.000001  0.000000 0.000000 0.000000
192  2.426703 -0.000002 0.000000  0.000000 0.000000 -0.000000
193  -0.494744 -44.353447 -1.302299  1.570797 0.000000 -1.570797
194  11.545938 73.768417 -3.792010  0.000000 -0.000000 -0.000000
195  -0.011102 -16.902813 1.952047  0.000001 -0.000000 -0.000000
196  -0.000000 0.000000 -1.529052  -0.000000 -0.000000 0.000000
197  -0.078942 0.000000 -0.000000  0.000000 0.000001 1.570796
198  0.097092 -0.000000 -0.000000  -0.000000 -3.141592 1.570796
199  0.000000 0.000000 0.000000  0.000000 -0.000000 -0.000000
200  0.051443 -0.399548 0.059145  -0.005308 0.002141 0.001764
201  0.044081 -0.409241 0.048647  -0.005308 0.002141 0.001764
time 19
0  0 0 0  0 0 0
1  0.000000 0.000000 0.000000  0.000000 -0.000000 -0.000000
2  -0.000005 0.000023 -61.375507  0.000000 0.000000 -1.570795
3  -0.012872 0.000000 8.235020  -1.570799 -1.570796 0.000000
4  16.163128 -0.012870 -0.000002  -0.000000 -0.000000 0.000000
5  16.163143 -0.000009 3.830524  -3.089336 -1.570794 0.000000
6  -0.000031 -0.000001 -0.000000  -0.005916 0.003182 0.002676
7  -0.000001 -0.000006 0.000004  0.000000 0.000000 0.015443
8  -0.000000 0.000001 0.000000  0.000000 -0.000000 -0.000000
9  0.000001 0.000001 0.000000  0.000977 -0.000000 -0.000000
10  -0.000002 0.000000 0.000000  0.001526 -0.000000 -0.000000
11  -0.000002 0.000000 0.000002  0.002014 0.000000 -0.000000
12  -0.000003 0.000000 0.000000  0.002564 -0.000000 -0.000000
13  -0.000003 -0.000001 0.000000  0.003052 -0.000000 -0.000000
14  -0.000002 -0.000001 0.000000  0.003601 -0.000000 -0.000000
15  0.000000 0.000002 0.000002  0.002829 0.004967 -0.015802
16  1.410070 0.800535 -2.089133  2.009773 0.630250 0.591915
17  3.954711 -0.000003 0.000006  -0.000004 -0.000001 0.166316
18  3.101569 0.000002 0.000003  0.000002 -0.000001 0.240238
19  6.164461 -0.898142 2.575023  0.090705 -0.013516 -0.151467
20  2.805848 0.000004 -0.000003  0.000002 0.000001 0.079095
21  2.307444 -0.000003 0.000004  -0.000000 -0.000000 -0.056423
22  7.145099 -0.676330 -1.382424  0.086918 -0.009133 -0.085503
23  3.672212 0.000003 -0.000004  0.000003 0.000001 0.142941
24  2.676524 0.000001 0.000002  -0.000001 -0.000001 -0.026075
25  6.831177 -0.870853 0.599924  0.130314 -0.006347 -0.065005
26  3.657082 -0.000009 -0.000003  0.000000 0.000000 0.057729
27  2.496794 0.000004 -0.000002  0.000000 0.000000 -0.091107
28  7.183353 -0.532073 -3.267606  0.123210 0.020356 -0.052484
29  3.511592 0.000005 -0.000001  -0.000001 -0.000001 0.099575
30  2.199412 0.000001 -0.000001  0.000001 0.000001 0.029263
31  16.163136 0.000012 -3.830531  -3.098550 1.570794 0.000000
32  -0.000018 -0.000001 0.000001  0.001244 -0.004877 -0.009586
33  0.000002 0.000001 0.000003  0.000000 -0.000000 0.022157
34  0.000001 0.000000 0.000001  -0.000000 0.000000 -0.000000
35  -0.000001 -0.000002 0.000001  0.000000 0.000000 0.000000
36  -0.000003 -0.000001 0.000001  0.001404 0.000000 0.000000
37  -0.000001 -0.000000 0.000002  0.001892 -0.000000 0.000000
38  -0.000005 0.000001 0.000002  0.002380 -0.000000 -0.000000
39  -0.000003 0.000000 0.000001  0.002869 -0.000000 -0.000000
40  -0.000002 -0.000002 0.000003  0.003357 0.000000 0.000000
41  -0.000007 -0.000004 -0.000001  0.003746 0.010899 -0.018169
42  1.410069 0.800525 2.089140  -2.009768 -0.630254 0.591907
43  3.954721 0.000013 0.000005  -0.000000 -0.000002 0.166319
44  3.101560 -0.000009 0.000003  -0.000001 -0.000000 0.240238
45  7.183348 -0.532109 3.267606  -0.123210 -0.020355 -0.052486
46  3.511603 -0.000001 0.000000  0.000003 0.000001 0.099571
47  2.199403 0.000005 -0.000002  -0.000001 -0.000001 0.029267
48  7.145096 -0.676362 1.382422  -0.086920 0.009133 -0.085505
49  3.672219 -0.000002 -0.000002  0.000001 -0.000000 0.142941
50  2.676518 -0.000003 0.000001  -0.000001 -0.000001 -0.026075
51  6.831175 -0.870879 -0.599926  -0.130311 0.006346 -0.065012
52  3.657078 -0.000002 -0.000001  -0.000000 0.000001 0.057734
53  2.496795 0.000001 0.000002  0.000000 -0.000001 -0.091108
54  6.164467 -0.898158 -2.575024  -0.090704 0.013515 -0.151468
55  2.805849 -0.000003 -0.000000  -0.000002 -0.000001 0.079091
56  2.307435 -0.000000 -0.000001  0.000002 0.000001 -0.056419
57  0.000000 0.000000 -0.000000  0.000000 -0.000000 0.000000
58  0.074626 -0.221893 -0.023240  -0.007691 -0.000851 0.000797
59  0.071249 114.357018 62.238792  -0.000000 -0.000000 -0.000000
60  1.986524 0.000022 -3.123738  -2.705260 -0.000000 -1.570797
61  -1.986692 0.000021 -3.123739  0.436333 0.000001 1.570797
62  -0.000000 0.000006 0.000001  0.000000 -0.000000 0.000000
63  -1.986692 0.000013 -3.123726  0.436333 0.000001 1.570797
64  -11.344161 1.135888 0.869283  0.000002 -0.025019 -0.026324
65  1.986524 0.000014 -3.123733  -2.705260 -0.000000 -1.570797
66  -11.350044 -0.729417 0.864883  0.000197 -0.025367 0.026442
67  1.754236 4.036753 -1.682665  0.392575 -0.010120 -1.546362
68  -1.755139 4.036757 -1.682664  -0.392577 -0.010391 -1.594986
69  -0.164556 7.327703 3.928703  0.000000 0.000001 -1.570796
70  0.079082 36.742691 -0.508023  0.000001 -0.000000 -0.000000
71  -1.260174 8.777408 6.736405  -0.000002 -0.424416 -3.141592
72  1.525193 18.283598 2.968621  0.000000 -0.000000 0.000000
73  0.060217 10.324388 74.469055  0.000008 -0.000000 0.000000
74  0.062808 75.917999 83.075439  1.570797 -0.000000 -1.570796
75  4.804178 -3.971747 0.000001  -0.000000 0.000000 -0.000000
76  -7.041574 -5.025987 0.000001  -0.000000 -0.000000 -0.000000
77  8.407176 -3.978436 0.003055  -1.570796 1.570795 0.000000
78  10.376181 -3.978442 0.003056  -1.570796 1.570796 0.000000
79  10.194015 -0.314061 -1.749547  -1.570796 1.570796 0.000000
80  20.857882 -4.015563 0.000003  0.000000 -0.000000 0.000000
81  3.258441 5.856952 -3.403524  -0.000000 -0.000000 -0.000000
82  15.153050 5.860582 -3.403521  -0.000000 -0.000000 0.000000
83  6.064256 77.294945 36.365795  1.570796 0.000000 1.570796
84  -2.662412 1.445755 40.667957  0.000000 3.141591 1.570796
85  8.352066 2.772896 0.000541  -3.141589 0.000002 -0.000000
86  6.064256 72.973679 32.593250  1.570796 0.000000 1.570796
87  0.004365 73.768410 -3.792007  0.000000 -0.000000 0.000000
88  -0.442609 1.284879 8.535290  -0.000000 -0.000001 0.000000
89  0.000001 1.310211 -0.000001  0.000000 -0.000000 0.000000
90  0.000001 0.582262 -0.000000  0.000000 -0.000000 0.000000
91  0.036297 1.284881 7.928798  -0.000000 -0.000001 0.000000
92  0.000001 1.310213 -0.000000  0.000000 -0.000000 0.000000
93  0.000000 0.582264 0.000000  0.000000 -0.000000 0.000000
94  5.969323 3.427453 -6.170651  -0.000000 -0.000001 -1.570797
95  -1.310221 0.000001 0.000000  0.000000 -0.000000 -0.000000
96  -0.582272 -0.000000 -0.000000  0.000000 -0.000000 -0.000000
97  5.969322 9.397391 -6.170659  -0.000000 -0.000001 -1.570796
98  -1.310218 -0.000000 -0.000000  0.000000 0.000000 -0.000000
99  -0.582262 -0.000001 -0.000001  0.000000 0.000000 -0.000000
100  5.969321 15.223759 -6.170670  0.000000 -0.000001 -1.570796
101  -1.310208 0.000002 0.000001  -0.000000 0.000000 -0.000000
102  -0.582259 0.000001 0.000002  -0.000000 0.000000 -0.000000
103  5.969323 20.835560 -6.170671  0.000000 -0.000001 -1.570796
104  -1.310215 0.000001 0.000002  -0.000000 0.000000 -0.000000
105  -0.582267 -0.000001 0.000004  -0.000000 0.000000 -0.000000
106  5.969323 26.771202 -6.170671  0.000000 -0.000001 -1.570796
107  5.969322 32.597584 -6.170675  0.000000 -0.000001 -1.570796
108  5.969323 38.209385 -6.170685  0.000000 -0.000001 -1.570800
109  5.969322 49.488457 -6.170683  0.000000 -0.000001 -1.570800
110  -0.539090 -0.556819 -0.017363  -0.042462 2.681156 1.551919
111  -6.799123 -0.556816 0.818549  -0.272420 2.701993 1.452460
112  -4.615283 -0.556836 0.270328  -0.117230 2.684609 1.518878
113  -2.650969 -0.556814 0.063010  -0.042463 2.681158 1.551919
114  27.110336 1.284851 12.007547  -0.000000 -0.000000 0.000000
115  28.133425 1.284852 12.007546  0.000001 -0.000000 0.000000
116  12.812885 2.241782 12.007548  -0.000000 -0.000001 -0.000001
117  -9.955967 -0.319628 4.380214  -0.000001 -0.000000 -0.000001
118  -11.316472 -0.319627 4.380215  -0.000003 -0.000000 0.000000
119  -12.667809 -0.319634 4.380215  -0.000003 -0.000000 0.000001
120  -14.022140 -0.319630 4.380215  0.000010 -0.000000 -0.000011
121  -15.373239 -0.319629 4.380214  0.000015 -0.000000 -0.000015
122  -16.724142 -0.319628 4.380214  -0.000009 -0.000000 0.000006
123  -18.074574 -0.319628 4.380214  -0.000006 -0.000000 0.000004
124  -19.423716 -0.319629 4.380214  0.000002 0.000000 -0.000004
125  -20.775270 -0.319627 4.380214  0.000003 0.000000 -0.000004
126  -22.126669 -0.319626 4.380215  0.000003 -0.000000 -0.000004
127  -23.478121 -0.319625 4.380215  0.000005 -0.000000 -0.000006
128  -24.830618 -0.319623 4.380215  0.000036 0.000000 -0.000038
129  -26.182026 -0.319629 4.380215  -0.000011 -0.000000 0.000011
130  0.529180 -0.167136 0.629484  -0.101270 -0.000000 0.000000
131  -0.211444 -0.241685 0.155361  -0.145847 -0.000000 0.000000
132  0.529190 -0.280709 -0.110293  -0.145847 -0.000000 0.000000
133  -0.173927 -0.337339 -0.638495  -0.181751 -0.000000 0.000000
134  0.529189 -0.399247 -0.975393  -0.181751 -0.000000 0.000000
135  -0.211444 -0.464477 -1.431042  -0.192399 -0.000000 0.000000
136  0.529189 -0.515816 -1.694583  -0.192399 -0.000000 0.000000
137  -0.173928 -0.612158 -2.231910  -0.216703 -0.000000 0.000000
138  0.529188 -0.685811 -2.566440  -0.216703 -0.000000 0.000000
139  -0.211445 -0.769569 -3.027870  -0.237349 -0.000000 0.000000
140  0.529188 -0.832693 -3.288847  -0.237349 -0.000000 0.000000
141  -0.173937 -0.945286 -3.779564  -0.233859 0.000000 0.000000
142  0.529179 -1.024664 -4.112779  -0.233859 0.000000 0.000000
143  -0.211443 -1.132193 -4.577549  -0.262919 -0.000000 0.000000
144  0.529190 -1.201968 -4.836825  -0.262919 0.000000 0.000000
145  -0.000004 -2.810951 -10.636630  0.258454 0.000000 3.141592
146  -0.192455 -1.345784 -5.370045  -0.280373 0.000000 0.000000
147  0.533984 -1.413522 -5.605104  -0.276883 0.000000 0.000000
148  -0.206618 -1.795767 -6.909778  -0.287354 0.000000 0.000000
149  -0.205805 -1.564825 -6.138257  -0.290843 0.000000 0.000000
150  0.530460 -1.643678 -6.395215  -0.290844 0.000000 0.000000
151  0.535311 -1.790715 -7.204132  -0.287354 -0.000000 0.000000
152  -0.202703 -2.030492 -7.702831  -0.286180 -0.000000 0.000000
153  0.509548 -2.118893 -8.011624  -0.298398 -0.000000 0.000000
154  -0.202703 -2.255280 -8.465172  -0.283134 -0.000000 0.000000
155  0.509548 -2.352980 -8.771159  -0.295352 -0.000000 0.000000
156  -0.202704 -2.481601 -9.235470  -0.285437 -0.000000 0.000000
157  0.509547 -2.588685 -9.538638  -0.297654 -0.000000 0.000000
158  0.170123 -21.222094 -1.001140  -0.000001 -0.000001 0.000000
159  0.170123 -20.843868 -0.397183  -0.000001 -0.000001 0.000000
160  0.170123 -20.489750 -1.001141  -0.000001 -0.000001 0.000000
161  0.170124 -20.111071 -0.397183  -0.000001 -0.000001 0.000000
162  0.170123 -19.380089 -0.397187  -0.000001 -0.000001 0.000000
163  0.170123 -19.025112 -1.001146  -0.000001 -0.000001 0.000000
164  0.170123 -18.646664 -0.396447  -0.000001 -0.000001 0.000000
165  0.170124 -19.755762 -1.001142  -0.000001 -0.000001 0.000000
166  -0.015973 10.612518 2.686017  0.000001 -0.000000 -0.000000
167  0.059851 -50.160694 6.449380  1.570797 -0.000000 -1.570797
168  0.064653 27.351288 72.195206  -0.000000 -0.000000 -0.000001
169  6.064260 95.114006 31.645500  -0.000000 -0.000001 1.570796
170  0.054185 102.845634 29.795362  0.000000 0.000001 -1.570796
171  6.064256 69.096550 37.164318  1.570796 0.000000 1.570796
172  1.974302 11.989232 4.589250  0.000000 -0.000000 0.000000
173  -0.011481 23.944744 5.090361  0.000001 -0.000000 0.000000
174  -1.691251 8.833341 5.763506  0.000001 -0.000000 0.000000
175  6.064260 89.329796 31.613914  -0.000000 -0.000001 1.570796
176  0.059886 2.255335 54.398006  -0.000000 -0.000000 0.000000
177  0.003497 -22.270643 0.000150  1.570797 -0.000000 -1.570797
178  0.104010 15.380369 2.266153  0.000001 -0.000000 -0.000000
179  0.049048 0.001386 0.027423  0.000000 -0.006897 0.000000
180  0.023797 -0.000528 -0.010417  -0.000000 -0.006897 0.000000
181  -2.662412 1.445758 33.628742  0.000000 3.141591 1.570796
182  8.352066 2.772897 0.000535  -3.141589 0.000002 -0.000000
183  -2.662412 1.445755 40.667957  0.000000 3.141591 1.570796
184  8.352066 2.772896 0.000541  -3.141589 0.000002 -0.000000
185  -1.431356 16.384775 4.137811  0.000001 -0.000000 0.000000
186  -0.001845 0.521683 -0.140289  0.000000 -0.000000 -0.000000
187  7.323108 -5.136191 -5.166237  -0.000000 0.000000 -0.610865
188  2.698277 -0.000001 -0.000001  -0.000012 0.000000 0.000001
189  2.834159 -0.000002 -0.000000  0.000013 0.000000 0.000000
190  2.648917 -0.000001 0.000001  -0.000001 -0.000001 0.000000
191  2.667499 -0.000003 -0.000001  -0.000000 0.000000 0.000000
192  2.426702 -0.000001 0.000000  0.000000 0.000000 -0.000000
193  -0.494744 -44.353443 -1.302299  1.570797 -0.000000 -1.570797
194  11.545937 73.768410 -3.792009  0.000000 -0.000000 0.000000
195  -0.011102 -16.902813 1.952047  0.000001 0.000000 -0.000000
196  -0.000000 0.000001 -1.529051  -0.000000 -0.000000 0.000000
197  -0.078942 -0.000001 0.000000  0.000000 0.000001 1.570796
198  0.097092 -0.000000 0.000000  -0.000000 -3.141592 1.570796
199  0.000000 0.000000 0.000000  0.000000 -0.000000 -0.000000
200  0.095850 -0.277271 -0.118946  -0.007695 -0.007747 0.001190
201  0.124474 -0.299046 -0.073830  -0.007695 -0.007747 0.001189
time 20
0  0 0 0  0 0 0
1  0.000000 0.000000 0.000000  0.000000 -0.000000 -0.000000
2  -0.000005 0.000023 -61.375507  0.000000 0.000000 -1.570795
3  -0.012872 0.000000 8.235020  -1.570799 -1.570796 0.000000
4  16.163128 -0.012870 -0.000002  -0.000000 -0.000000 0.000000
5  16.163143 -0.000009 3.830524  -3.089336 -1.570794 0.000000
6  -0.000031 -0.000001 -0.000000  -0.004644 -0.002920 0.004035
7  0.000003 -0.000007 0.000003  0.000000 0.000000 0.007019
8  0.000000 0.000001 0.000002  -0.000000 -0.000000 -0.000000
9  0.000001 0.000001 0.000002  0.002441 -0.000000 -0.000000
10  -0.000002 0.000000 0.000002  0.003662 -0.000000 -0.000000
11  -0.000002 0.000000 0.000004  0.004883 0.000000 -0.000000
12  -0.000003 0.000000 0.000002  0.006104 -0.000000 -0.000000
13  -0.000003 -0.000001 0.000002  0.007385 -0.000000 -0.000000
14  -0.000002 -0.000001 0.000002  0.008606 -0.000000 -0.000000
15  -0.000004 0.000002 0.000005  0.008428 0.009025 -0.012414
16  1.410070 0.800535 -2.089136  2.009773 0.630250 0.591915
17  3.954711 -0.000003 0.000006  -0.000004 -0.000001 0.166316
18  3.101567 0.000008 0.000004  0.000002 -0.000001 0.240238
19  6.164461 -0.898142 2.575020  0.090705 -0.013516 -0.151467
20  2.805848 0.000004 -0.000003  0.000002 0.000001 0.079095
21  2.307443 -0.000004 0.000003  -0.000000 -0.000000 -0.056423
22  7.145098 -0.676330 -1.382426  0.086918 -0.009133 -0.085503
23  3.672211 0.000003 -0.000001  0.000003 0.000001 0.142941
24  2.676527 0.000001 0.000004  -0.000001 -0.000001 -0.026075
25  6.831178 -0.870853 0.599921  0.130314 -0.006347 -0.065005
26  3.657082 -0.000009 0.000000  0.000000 0.000000 0.057729
27  2.496795 0.000003 0.000000  0.000000 0.000000 -0.091107
28  7.183352 -0.532073 -3.267607  0.123210 0.020356 -0.052484
29  3.511591 0.000006 0.000001  -0.000001 -0.000001 0.099575
30  2.199412 0.000000 0.000000  0.000001 0.000001 0.029263
31  16.163136 0.000012 -3.830531  -3.098550 1.570794 0.000000
32  -0.000018 -0.000001 0.000001  0.000847 0.002200 -0.006591
33  -0.000002 0.000001 0.000001  0.000000 -0.000000 0.011536
34  0.000000 0.000000 0.000002  -0.000000 0.000000 -0.000000
35  -0.000002 -0.000002 0.000002  0.000000 0.000000 0.000000
36  -0.000003 -0.000001 0.000004  0.002991 0.000000 0.000000
37  -0.000000 -0.000000 0.000002  0.004028 -0.000000 0.000000
38  -0.000007 0.000000 0.000002  0.005066 -0.000000 -0.000000
39  -0.000005 0.000000 0.000004  0.006043 -0.000000 -0.000000
40  -0.000004 -0.000002 0.000004  0.007080 0.000000 0.000000
41  -0.000008 -0.000003 0.000003  0.007991 0.016846 -0.015132
42  1.410069 0.800524 2.089136  -2.009768 -0.630254 0.591907
43  3.954717 0.000012 0.000005  -0.000000 -0.000002 0.166319
44  3.101560 -0.000009 0.000005  -0.000001 -0.000000 0.240238
45  7.183346 -0.532110 3.267603  -0.123210 -0.020355 -0.052486
46  3.511602 -0.000001 0.000003  0.000003 0.000001 0.099571
47  2.199403 0.000004 0.000001  -0.000001 -0.000001 0.029267
48  7.145095 -0.676362 1.382419  -0.086920 0.009133 -0.085505
49  3.672219 -0.000002 0.000002  0.000001 -0.000000 0.142941
50  2.676518 -0.000004 0.000005  -0.000001 -0.000001 -0.026075
51  6.831176 -0.870879 -0.599926  -0.130311 0.006346 -0.065012
52  3.657079 -0.000003 -0.000004  -0.000000 0.000001 0.057734
53  2.496794 0.000001 0.000003  0.000000 -0.000001 -0.091108
54  6.164466 -0.898158 -2.575026  -0.090704 0.013515 -0.151468
55  2.805847 -0.000003 0.000002  -0.000002 -0.000001 0.079091
56  2.307436 0.000000 -0.000003  0.000002 0.000001 -0.056419
57  0.000000 0.000000 -0.000000  0.000000 -0.000000 0.000000
58  0.046055 -0.075493 -0.137872  -0.009157 -0.007628 0.000401
59  0.071249 114.357025 62.238789  0.000000 0.000000 -0.000000
60  1.986524 0.000035 -3.123741  -2.705260 -0.000000 -1.570797
61  -1.986692 0.000034 -3.123751  0.436333 0.000001 1.570797
62  0.000000 0.000009 -0.000007  0.000000 0.000000 0.000000
63  -1.986692 0.000034 -3.123743  0.436333 0.000001 1.570797
64  -11.344174 1.135886 0.869282  0.000002 -0.025019 -0.026324
65  1.986524 0.000027 -3.123736  -2.705260 -0.000000 -1.570797
66  -11.350046 -0.729422 0.864888  0.000197 -0.025367 0.026442
67  1.754236 4.036768 -1.682670  0.392575 -0.010120 -1.546362
68  -1.755139 4.036772 -1.682671  -0.392577 -0.010391 -1.594986
69  -0.164556 7.327704 3.928703  -0.000000 0.000001 -1.570796
70  0.079082 36.742691 -0.508023  0.000001 0.000000 -0.000000
71  -1.260174 8.777410 6.736404  -0.000002 -0.424416 -3.141592
72  1.525193 18.283598 2.968621  0.000000 0.000000 -0.000000
73  0.060217 10.324388 74.469048  0.000008 0.000000 0.000000
74  0.062808 75.917992 83.075439  1.570797 0.000000 -1.570796
75  4.804187 -3.971750 0.000001  -0.000000 0.000000 -0.000000
76  -7.041563 -5.025998 0.000001  -0.000000 -0.000000 -0.000000
77  8.407180 -3.978441 0.003055  -1.570796 1.570795 0.000000
78  10.376186 -3.978449 0.003056  -1.570796 1.570796 0.000000
79  10.194016 -0.314069 -1.749547  -1.570796 1.570796 0.000000
80  20.857887 -4.015574 0.000003  0.000000 -0.000000 -0.000000
81  3.258444 5.856949 -3.403523  -0.000000 -0.000000 -0.000000
82  15.153049 5.860575 -3.403521  -0.000000 -0.000000 -0.000000
83  6.064256 77.294952 36.365791  1.570796 -0.000000 1.570796
84  -2.662412 1.445755 40.667953  0.000000 3.141591 1.570796
85  8.352066 2.772897 0.000541  -3.141589 0.000002 0.000000
86  6.064256 72.973694 32.593246  1.570796 -0.000000 1.570796
87  0.004365 73.768410 -3.792007  0.000000 0.000000 0.000000
88  -0.442609 1.284894 8.535290  -0.000000 -0.000001 0.000000
89  0.000001 1.310219 -0.000001  0.000000 -0.000000 0.000000
90  0.000001 0.582268 -0.000000  0.000000 -0.000000 0.000000
91  0.036297 1.284890 7.928798  -0.000000 -0.000001 0.000000
92  0.000001 1.310207 -0.000000  0.000000 0.000000 0.000000
93  -0.000000 0.582256 0.000000  0.000000 0.000000 0.000000
94  5.969323 3.427463 -6.170650  -0.000000 -0.000001 -1.570797
95  -1.310218 0.000001 0.000000  0.000000 0.000000 -0.000000
96  -0.582267 0.000000 -0.000001  0.000000 0.000000 -0.000000
97  5.969323 9.397401 -6.170659  -0.000000 -0.000001 -1.570796
98  -1.310199 -0.000000 0.000000  0.000000 0.000000 -0.000000
99  -0.582248 -0.000001 -0.000001  0.000000 0.000000 -0.000000
100  5.969321 15.223772 -6.170670  -0.000000 -0.000001 -1.570796
101  -1.310215 0.000002 0.000001  -0.000000 0.000000 -0.000000
102  -0.582264 0.000001 0.000002  -0.000000 0.000000 -0.000000
103  5.969323 20.835571 -6.170671  -0.000000 -0.000001 -1.570796
104  -1.310221 0.000002 0.000001  -0.000000 0.000000 -0.000000
105  -0.582270 0.000001 0.000003  -0.000000 0.000000 -0.000000
106  5.969323 26.771212 -6.170671  -0.000000 -0.000001 -1.570796
107  5.969322 32.597599 -6.170674  -0.000000 -0.000001 -1.570796
108  5.969323 38.209396 -6.170685  -0.000000 -0.000001 -1.570800
109  5.969321 49.488468 -6.170683  -0.000000 -0.000001 -1.570800
110  -0.539090 -0.556805 -0.017362  -0.042462 2.681156 1.551919
111  -6.799122 -0.556802 0.818550  -0.272420 2.701993 1.452460
112  -4.615283 -0.556826 0.270328  -0.117230 2.684609 1.518878
113  -2.650969 -0.556800 0.063011  -0.042463 2.681158 1.551919
114  27.110336 1.284871 12.007547  -0.000000 -0.000000 0.000000
115  28.133423 1.284865 12.007546  0.000001 -0.000000 0.000000
116  12.812884 2.241792 12.007548  0.000000 -0.000001 -0.000001
117  -9.955967 -0.319623 4.380214  -0.000001 -0.000000 -0.000001
118  -11.316472 -0.319618 4.380215  -0.000003 -0.000000 0.000000
119  -12.667810 -0.319618 4.380215  -0.000003 -0.000000 0.000001
120  -14.022140 -0.319616 4.380215  0.000010 -0.000000 -0.000011
121  -15.373239 -0.319616 4.380214  0.000015 -0.000000 -0.000015
122  -16.724138 -0.319615 4.380214  -0.000009 -0.000000 0.000006
123  -18.074570 -0.319615 4.380214  -0.000006 0.000000 0.000004
124  -19.423712 -0.319615 4.380214  0.000002 0.000000 -0.000004
125  -20.775269 -0.319615 4.380214  0.000003 0.000000 -0.000004
126  -22.126669 -0.319614 4.380215  0.000003 0.000000 -0.000004
127  -23.478119 -0.319613 4.380215  0.000005 -0.000000 -0.000006
128  -24.830616 -0.319612 4.380215  0.000036 0.000000 -0.000038
129  -26.182026 -0.319612 4.380215  -0.000011 0.000000 0.000011
130  0.529180 -0.167125 0.629484  -0.101270 -0.000000 0.000000
131  -0.211444 -0.241680 0.155361  -0.145847 -0.000000 0.000000
132  0.529190 -0.280694 -0.110293  -0.145847 -0.000000 0.000000
133  -0.173927 -0.337319 -0.638495  -0.181751 -0.000000 0.000000
134  0.529189 -0.399235 -0.975393  -0.181751 -0.000000 0.000000
135  -0.211444 -0.464475 -1.431042  -0.192399 -0.000000 0.000000
136  0.529189 -0.515800 -1.694583  -0.192400 -0.000000 0.000000
137  -0.173928 -0.612148 -2.231910  -0.216703 -0.000000 0.000000
138  0.529188 -0.685797 -2.566439  -0.216703 -0.000000 0.000000
139  -0.211445 -0.769556 -3.027870  -0.237349 -0.000000 0.000000
140  0.529188 -0.832685 -3.288847  -0.237349 -0.000000 0.000000
141  -0.173937 -0.945276 -3.779563  -0.233859 0.000000 0.000000
142  0.529179 -1.024653 -4.112779  -0.233859 0.000000 0.000000
143  -0.211443 -1.132179 -4.577548  -0.262919 -0.000000 0.000000
144  0.529190 -1.201962 -4.836824  -0.262919 0.000000 0.000000
145  -0.000004 -2.810937 -10.636629  0.258454 0.000000 3.141592
146  -0.192455 -1.345776 -5.370045  -0.280373 0.000000 0.000000
147  0.533984 -1.413509 -5.605104  -0.276883 0.000000 0.000000
148  -0.206618 -1.795749 -6.909779  -0.287354 0.000000 0.000000
149  -0.205805 -1.564816 -6.138257  -0.290843 0.000000 0.000000
150  0.530460 -1.643668 -6.395214  -0.290844 0.000000 0.000000
151  0.535311 -1.790705 -7.204132  -0.287354 -0.000000 0.000000
152  -0.202703 -2.030478 -7.702829  -0.286180 -0.000000 0.000000
153  0.509548 -2.118887 -8.011623  -0.298398 -0.000000 0.000000
154  -0.202703 -2.255276 -8.465172  -0.283134 -0.000000 0.000000
155  0.509548 -2.352974 -8.771159  -0.295352 -0.000000 0.000000
156  -0.202704 -2.481597 -9.235471  -0.285437 -0.000000 0.000000
157  0.509547 -2.588675 -9.538638  -0.297653 -0.000000 0.000000
158  0.170123 -21.222080 -1.001140  -0.000001 -0.000001 0.000000
159  0.170123 -20.843859 -0.397183  -0.000001 -0.000001 0.000000
160  0.170123 -20.489737 -1.001141  -0.000001 -0.000001 0.000000
161  0.170124 -20.111067 -0.397183  -0.000001 -0.000001 0.000000
162  0.170123 -19.380087 -0.397186  -0.000001 -0.000001 0.000000
163  0.170123 -19.025099 -1.001145  -0.000001 -0.000001 0.000000
164  0.170123 -18.646656 -0.396447  -0.000001 -0.000001 0.000000
165  0.170124 -19.755751 -1.001142  -0.000001 -0.000001 0.000000
166  -0.015973 10.612517 2.686017  0.000001 0.000000 -0.000000
167  0.059851 -50.160702 6.449380  1.570797 0.000000 -1.570797
168  0.064653 27.351292 72.195206  0.000000 -0.000000 -0.000001
169  6.064260 95.114014 31.645498  0.000000 -0.000001 1.570796
170  0.054185 102.845634 29.795362  -0.000000 0.000001 -1.570796
171  6.064256 69.096558 37.164318  1.570796 -0.000000 1.570796
172  1.974302 11.989232 4.589250  0.000000 0.000000 -0.000000
173  -0.011481 23.944744 5.090361  0.000001 0.000000 0.000000
174  -1.691251 8.833342 5.763506  0.000001 0.000000 -0.000000
175  6.064260 89.329803 31.613914  0.000000 -0.000001 1.570796
176  0.059886 2.255334 54.398010  0.000000 0.000000 0.000000
177  0.003497 -22.270643 0.000149  1.570797 0.000000 -1.570797
178  0.104010 15.380370 2.266152  0.000001 0.000000 -0.000000
179  0.049049 0.001386 0.027426  0.000000 -0.006897 0.000000
180  0.023797 -0.000526 -0.010421  -0.000000 -0.006897 0.000000
181  -2.662412 1.445758 33.628738  0.000000 3.141591 1.570796
182  8.352066 2.772897 0.000542  -3.141589 0.000002 0.000000
183  -2.662412 1.445755 40.667953  0.000000 3.141591 1.570796
184  8.352066 2.772897 0.000541  -3.141589 0.000002 0.000000
185  -1.431356 16.384781 4.137811  0.000001 -0.000000 0.000000
186  -0.001845 0.521683 -0.140289  0.000000 0.000000 -0.000000
187  7.323108 -5.136191 -5.166236  -0.000000 0.000000 -0.610865
188  2.698277 -0.000001 0.000000  -0.000012 0.000000 0.000001
189  2.834161 -0.000002 0.000000  0.000013 0.000000 0.000000
190  2.648919 -0.000001 0.000000  -0.000001 -0.000001 0.000000
191  2.667500 -0.000002 -0.000001  -0.000000 0.000000 -0.000000
192  2.426702 -0.000002 -0.000000  0.000000 0.000000 -0.000000
193  -0.494744 -44.353443 -1.302299  1.570797 0.000000 -1.570797
194  11.545937 73.768410 -3.792009  0.000000 0.000000 -0.000000
195  -0.011102 -16.902809 1.952047  0.000001 0.000000 -0.000000
196  -0.000000 0.000003 -1.529052  -0.000000 0.000000 0.000000
197  -0.078942 0.000002 -0.000000  0.000000 0.000001 1.570796
198  0.097092 0.000002 -0.000000  -0.000000 -3.141592 1.570796
199  0.000000 0.000000 0.000000  0.000000 -0.000000 -0.000000
200  0.118772 -0.140934 -0.258720  -0.009162 -0.014584 0.000799
201  0.171810 -0.168816 -0.176182  -0.009162 -0.014584 0.000799
time 21
0  0 0 0  0 0 0
1  0.000000 0.000000 0.000000  0.000000 -0.000000 -0.000000
2  -0.000005 0.000023 -61.375507  0.000000 0.000000 -1.570795
3  -0.012872 0.000000 8.235020  -1.570799 -1.570796 0.000000
4  16.163128 -0.012870 -0.000002  -0.000000 -0.000000 0.000000
5  16.163143 -0.000009 3.830524  -3.089336 -1.570794 0.000000
6  -0.000031 -0.000001 -0.000000  -0.003249 -0.008234 0.003432
7  -0.000001 -0.000007 0.000001  0.000000 0.000000 -0.000366
8  0.000000 0.000001 -0.000001  0.000000 -0.000000 -0.000000
9  0.000002 0.000001 -0.000003  0.002686 -0.000000 -0.000000
10  -0.000001 0.000000 -0.000003  0.004028 -0.000000 -0.000000
11  -0.000003 0.000000 -0.000001  0.005371 0.000000 -0.000000
12  -0.000002 0.000000 -0.000003  0.006775 -0.000000 -0.000000
13  -0.000002 -0.000001 -0.000005  0.008118 -0.000000 -0.000000
14  -0.000002 -0.000001 -0.000003  0.009461 -0.000000 -0.000000
15  -0.000000 0.000001 0.000001  0.009734 0.006337 -0.010224
16  1.410070 0.800535 -2.089137  2.009773 0.630250 0.591915
17  3.954710 -0.000004 0.000007  -0.000004 -0.000001 0.166316
18  3.101570 0.000002 0.000003  0.000002 -0.000001 0.240238
19  6.164461 -0.898142 2.575020  0.090705 -0.013516 -0.151467
20  2.805851 0.000005 -0.000004  0.000002 0.000001 0.079095
21  2.307443 -0.000003 0.000005  -0.000000 -0.000000 -0.056423
22  7.145100 -0.676330 -1.382424  0.086918 -0.009133 -0.085503
23  3.672212 0.000002 -0.000001  0.000003 0.000001 0.142941
24  2.676526 0.000001 0.000002  -0.000001 -0.000001 -0.026075
25  6.831178 -0.870853 0.599922  0.130314 -0.006347 -0.065005
26  3.657083 -0.000009 -0.000000  0.000000 0.000000 0.057729
27  2.496794 0.000005 0.000001  0.000000 0.000000 -0.091107
28  7.183352 -0.532073 -3.267605  0.123210 0.020356 -0.052484
29  3.511591 0.000006 -0.000000  -0.000001 -0.000001 0.099575
30  2.199410 0.000000 0.000004  0.000001 0.000001 0.029263
31  16.163136 0.000012 -3.830531  -3.098550 1.570794 0.000000
32  -0.000018 -0.000001 0.000001  0.000356 0.007935 -0.002623
33  -0.000002 0.000001 0.000002  0.000000 -0.000000 0.000732
34  0.000000 0.000000 -0.000000  -0.000000 0.000000 -0.000000
35  -0.000002 -0.000002 -0.000000  0.000000 0.000000 0.000000
36  -0.000003 -0.000001 -0.000000  0.002441 0.000000 0.000000
37  -0.000000 -0.000000 0.000002  0.003235 -0.000000 0.000000
38  -0.000004 0.000000 -0.000000  0.004089 -0.000000 -0.000000
39  -0.000003 0.000000 -0.000000  0.004883 -0.000000 -0.000000
40  -0.000004 -0.000001 0.000002  0.005676 0.000000 0.000000
41  -0.000010 -0.000004 -0.000000  0.006433 0.017128 -0.011420
42  1.410069 0.800525 2.089139  -2.009768 -0.630254 0.591907
43  3.954720 0.000012 0.000005  -0.000000 -0.000002 0.166320
44  3.101559 -0.000008 0.000003  -0.000001 -0.000000 0.240238
45  7.183347 -0.532109 3.267606  -0.123210 -0.020355 -0.052486
46  3.511602 -0.000000 0.000001  0.000003 0.000001 0.099571
47  2.199404 0.000004 0.000001  -0.000001 -0.000001 0.029267
48  7.145095 -0.676362 1.382422  -0.086920 0.009133 -0.085505
49  3.672218 -0.000002 0.000000  0.000001 -0.000000 0.142941
50  2.676518 -0.000003 0.000001  -0.000001 -0.000001 -0.026075
51  6.831176 -0.870879 -0.599926  -0.130311 0.006346 -0.065012
52  3.657080 -0.000002 -0.000004  -0.000000 0.000001 0.057734
53  2.496795 0.000001 0.000005  0.000000 -0.000001 -0.091108
54  6.164466 -0.898158 -2.575024  -0.090704 0.013515 -0.151468
55  2.805847 -0.000003 0.000001  -0.000002 -0.000001 0.079091
56  2.307434 0.000000 0.000000  0.000002 0.000001 -0.056419
57  0.000000 0.000000 -0.000000  0.000000 -0.000000 0.000000
58  0.034918 0.066948 -0.217820  -0.009279 -0.006530 0.000274
59  0.071249 114.357040 62.238796  0.000000 0.000000 -0.000000
60  1.986525 0.000025 -3.123733  -2.705260 -0.000000 -1.570797
61  -1.986692 0.000024 -3.123743  0.436333 0.000001 1.570797
62  0.000000 0.000005 -0.000002  0.000000 0.000000 0.000000
63  -1.986692 0.000024 -3.123738  0.436333 0.000001 1.570797
64  -11.344173 1.135886 0.869274  0.000002 -0.025019 -0.026324
65  1.986525 0.000017 -3.123732  -2.705260 -0.000000 -1.570797
66  -11.350059 -0.729424 0.864890  0.000197 -0.025367 0.026442
67  1.754236 4.036767 -1.682668  0.392575 -0.010120 -1.546362
68  -1.755140 4.036768 -1.682665  -0.392577 -0.010391 -1.594986
69  -0.164556 7.327704 3.928703  -0.000000 0.000001 -1.570796
70  0.079082 36.742695 -0.508023  0.000001 0.000000 -0.000000
71  -1.260174 8.777410 6.736406  -0.000002 -0.424416 -3.141592
72  1.525193 18.283598 2.968622  0.000000 0.000000 0.000000
73  0.060217 10.324389 74.469063  0.000008 0.000000 0.000000
74  0.062808 75.917999 83.075447  1.570797 0.000000 -1.570796
75  4.804188 -3.971741 0.000001  -0.000000 0.000000 -0.000000
76  -7.041565 -5.026000 0.000002  -0.000000 -0.000000 -0.000000
77  8.407181 -3.978447 0.003055  -1.570796 1.570795 0.000000
78  10.376192 -3.978450 0.003056  -1.570796 1.570796 0.000000
79  10.194013 -0.314072 -1.749547  -1.570796 1.570796 0.000000
80  20.857887 -4.015563 0.000003  0.000000 -0.000000 -0.000000
81  3.258445 5.856953 -3.403523  -0.000000 -0.000000 -0.000000
82  15.153058 5.860574 -3.403521  0.000000 -0.000000 -0.000000
83  6.064256 77.294952 36.365795  1.570796 -0.000000 1.570796
84  -2.662412 1.445755 40.667961  -0.000000 3.141591 1.570796
85  8.352066 2.772897 0.000542  -3.141589 0.000002 0.000000
86  6.064256 72.973701 32.593254  1.570796 -0.000000 1.570796
87  0.004365 73.768417 -3.792007  0.000000 0.000000 0.000000
88  -0.442609 1.284896 8.535291  0.000000 -0.000001 0.000000
89  0.000001 1.310217 -0.000001  0.000000 0.000000 0.000000
90  0.000001 0.582264 -0.000000  0.000000 0.000000 0.000000
91  0.036297 1.284890 7.928799  0.000000 -0.000001 0.000000
92  0.000001 1.310210 -0.000001  0.000000 0.000000 0.000000
93  0.000000 0.582258 -0.000000  0.000000 0.000000 0.000000
94  5.969324 3.427462 -6.170650  -0.000000 -0.000001 -1.570797
95  -1.310204 0.000001 0.000002  0.000000 0.000000 -0.000000
96  -0.582251 -0.000000 0.000001  0.000000 -0.000000 -0.000000
97  5.969323 9.397413 -6.170658  -0.000000 -0.000001 -1.570796
98  -1.310206 -0.000000 0.000002  0.000000 0.000000 -0.000000
99  -0.582253 -0.000001 -0.000000  0.000000 0.000000 -0.000000
100  5.969322 15.223782 -6.170670  -0.000000 -0.000001 -1.570796
101  -1.310219 0.000001 0.000003  -0.000000 0.000000 -0.000000
102  -0.582267 0.000001 0.000003  -0.000000 0.000000 -0.000000
103  5.969323 20.835577 -6.170671  -0.000000 -0.000001 -1.570796
104  -1.310215 0.000001 0.000000  -0.000000 0.000000 -0.000000
105  -0.582262 -0.000000 0.000001  -0.000000 0.000000 -0.000000
106  5.969324 26.771215 -6.170671  -0.000000 -0.000001 -1.570796
107  5.969323 32.597607 -6.170675  -0.000000 -0.000001 -1.570796
108  5.969323 38.209404 -6.170685  -0.000000 -0.000001 -1.570800
109  5.969322 49.488483 -6.170683  -0.000000 -0.000001 -1.570800
110  -0.539090 -0.556799 -0.017362  -0.042462 2.681156 1.551919
111  -6.799124 -0.556800 0.818550  -0.272420 2.701993 1.452460
112  -4.615283 -0.556815 0.270328  -0.117230 2.684609 1.518878
113  -2.650969 -0.556797 0.063011  -0.042463 2.681158 1.551919
114  27.110338 1.284864 12.007548  0.000000 -0.000000 0.000000
115  28.133427 1.284865 12.007548  0.000001 -0.000000 0.000000
116  12.812886 2.241798 12.007549  0.000000 -0.000001 -0.000001
117  -9.955967 -0.319610 4.380215  -0.000001 -0.000000 -0.000001
118  -11.316473 -0.319610 4.380215  -0.000003 -0.000000 0.000000
119  -12.667811 -0.319613 4.380215  -0.000003 -0.000000 0.000001
120  -14.022141 -0.319607 4.380215  0.000010 -0.000000 -0.000011
121  -15.373240 -0.319610 4.380214  0.000015 -0.000000 -0.000015
122  -16.724142 -0.319613 4.380215  -0.000009 -0.000000 0.000006
123  -18.074572 -0.319608 4.380215  -0.000006 0.000000 0.000004
124  -19.423716 -0.319612 4.380215  0.000002 0.000000 -0.000004
125  -20.775270 -0.319607 4.380215  0.000003 0.000000 -0.000004
126  -22.126671 -0.319610 4.380215  0.000003 0.000000 -0.000004
127  -23.478123 -0.319605 4.380215  0.000005 0.000000 -0.000006
128  -24.830618 -0.319607 4.380215  0.000036 0.000000 -0.000038
129  -26.182026 -0.319610 4.380215  -0.000011 0.000000 0.000011
130  0.529180 -0.167124 0.629484  -0.101270 -0.000000 0.000000
131  -0.211444 -0.241669 0.155361  -0.145847 -0.000000 0.000000
132  0.529190 -0.280687 -0.110293  -0.145847 -0.000000 0.000000
133  -0.173927 -0.337313 -0.638495  -0.181751 -0.000000 0.000000
134  0.529189 -0.399236 -0.975393  -0.181751 -0.000000 0.000000
135  -0.211444 -0.464468 -1.431041  -0.192399 -0.000000 0.000000
136  0.529189 -0.515797 -1.694583  -0.192399 -0.000000 0.000000
137  -0.173928 -0.612145 -2.231911  -0.216703 -0.000000 0.000000
138  0.529188 -0.685795 -2.566439  -0.216703 -0.000000 0.000000
139  -0.211445 -0.769552 -3.027870  -0.237349 -0.000000 0.000000
140  0.529188 -0.832678 -3.288847  -0.237349 -0.000000 0.000000
141  -0.173937 -0.945275 -3.779564  -0.233859 0.000000 0.000000
142  0.529179 -1.024652 -4.112780  -0.233859 0.000000 0.000000
143  -0.211443 -1.132177 -4.577548  -0.262919 -0.000000 0.000000
144  0.529190 -1.201957 -4.836824  -0.262919 0.000000 0.000000
145  -0.000004 -2.810932 -10.636630  0.258454 0.000000 3.141592
146  -0.192455 -1.345766 -5.370045  -0.280373 0.000000 0.000000
147  0.533984 -1.413501 -5.605105  -0.276883 0.000000 0.000000
148  -0.206618 -1.795744 -6.909779  -0.287354 0.000000 0.000000
149  -0.205805 -1.564806 -6.138256  -0.290843 0.000000 0.000000
150  0.530460 -1.643671 -6.395214  -0.290844 0.000000 0.000000
151  0.535311 -1.790691 -7.204132  -0.287354 -0.000000 0.000000
152  -0.202703 -2.030482 -7.702829  -0.286180 -0.000000 0.000000
153  0.509548 -2.118885 -8.011624  -0.298398 -0.000000 0.000000
154  -0.202703 -2.255272 -8.465173  -0.283134 -0.000000 0.000000
155  0.509548 -2.352972 -8.771160  -0.295352 -0.000000 0.000000
156  -0.202704 -2.481583 -9.235471  -0.285437 -0.000000 0.000000
157  0.509547 -2.588678 -9.538638  -0.297654 -0.000000 0.000000
158  0.170123 -21.222080 -1.001140  -0.000001 -0.000001 0.000000
159  0.170123 -20.843857 -0.397183  -0.000001 -0.000001 0.000000
160  0.170123 -20.489733 -1.001141  -0.000001 -0.000001 0.000000
161  0.170124 -20.111063 -0.397183  -0.000001 -0.000001 0.000000
162  0.170123 -19.380081 -0.397186  -0.000001 -0.000001 0.000000
163  0.170123 -19.025099 -1.001145  -0.000001 -0.000001 0.000000
164  0.170123 -18.646654 -0.396447  -0.000001 -0.000001 0.000000
165  0.170124 -19.755753 -1.001142  -0.000001 -0.000001 0.000000
166  -0.015973 10.612518 2.686017  0.000001 0.000000 -0.000000
167  0.059851 -50.160702 6.449380  1.570797 0.000000 -1.570797
168  0.064653 27.351290 72.195206  0.000000 -0.000000 -0.000001
169  6.064261 95.114021 31.645504  0.000000 -0.000001 1.570796
170  0.054185 102.845650 29.795362  -0.000000 0.000001 -1.570796
171  6.064257 69.096565 37.164322  1.570796 -0.000000 1.570796
172  1.974303 11.989234 4.589250  0.000000 0.000000 0.000000
173  -0.011481 23.944748 5.090362  0.000001 0.000000 0.000000
174  -1.691251 8.833343 5.763507  0.000001 0.000000 0.000000
175  6.064260 89.329811 31.613918  0.000000 -0.000001 1.570796
176  0.059886 2.255335 54.398014  0.000000 0.000000 0.000000
177  0.003497 -22.270647 0.000146  1.570797 0.000000 -1.570797
178  0.104010 15.380372 2.266153  0.000001 0.000000 -0.000000
179  0.049049 0.001386 0.027428  0.000000 -0.006897 0.000000
180  0.023797 -0.000528 -0.010422  -0.000000 -0.006897 0.000000
181  -2.662412 1.445758 33.628746  -0.000000 3.141591 1.570796
182  8.352066 2.772897 0.000540  -3.141589 0.000002 0.000000
183  -2.662412 1.445755 40.667961  -0.000000 3.141591 1.570796
184  8.352066 2.772897 0.000542  -3.141589 0.000002 0.000000
185  -1.431356 16.384779 4.137811  0.000001 0.000000 0.000000
186  -0.001845 0.521683 -0.140289  0.000000 0.000000 -0.000000
187  7.323108 -5.136192 -5.166237  0.000000 0.000000 -0.610865
188  2.698277 -0.000001 0.000000  -0.000012 0.000000 0.000001
189  2.834159 -0.000002 0.000000  0.000013 0.000000 -0.000000
190  2.648919 0.000001 0.000001  -0.000001 -0.000001 0.000000
191  2.667497 -0.000002 -0.000001  0.000000 0.000000 0.000000
192  2.426703 -0.000001 0.000000  0.000000 0.000000 -0.000000
193  -0.494744 -44.353451 -1.302299  1.570797 0.000000 -1.570797
194  11.545938 73.768410 -3.792009  0.000000 0.000000 0.000000
195  -0.011103 -16.902815 1.952047  0.000001 0.000000 -0.000000
196  0.000000 0.000002 -1.529052  -0.000000 0.000000 0.000000
197  -0.078942 0.000002 -0.000000  0.000000 0.000001 1.570796
198  0.097092 0.000002 -0.000000  -0.000000 -3.141592 1.570796
199  0.000000 0.000000 0.000000  0.000000 -0.000000 -0.000000
200  0.101580 0.001903 -0.338898  -0.009282 -0.013425 0.000673
201  0.150021 -0.028568 -0.262436  -0.009282 -0.013425 0.000673
time 22
0  0 0 0  0 0 0
1  0.000000 0.000000 0.000000  0.000000 -0.000000 -0.000000
2  -0.000005 0.000023 -61.375507  0.000000 0.000000 -1.570795
3  -0.012872 0.000000 8.235020  -1.570799 -1.570796 0.000000
4  16.163128 -0.012870 -0.000002  -0.000000 -0.000000 0.000000
5  16.163143 -0.000009 3.830524  -3.089336 -1.570794 0.000000
6  -0.000031 -0.000001 -0.000000  -0.002086 -0.012023 0.001905
7  0.000001 -0.000006 0.000002  0.000000 0.000000 -0.007385
8  0.000000 0.000001 0.000000  0.000000 -0.000000 -0.000000
9  0.000002 0.000001 0.000000  0.002197 -0.000000 -0.000000
10  -0.000002 0.000000 0.000002  0.003296 -0.000000 -0.000000
11  -0.000002 0.000000 0.000002  0.004395 0.000000 -0.000000
12  -0.000001 -0.000000 0.000000  0.005493 -0.000000 -0.000000
13  -0.000003 -0.000001 -0.000002  0.006592 -0.000000 -0.000000
14  -0.000004 -0.000001 0.000000  0.007691 -0.000000 -0.000000
15  -0.000002 0.000002 0.000004  0.008359 0.000822 -0.006772
16  1.410071 0.800535 -2.089139  2.009774 0.630250 0.591915
17  3.954712 -0.000003 0.000006  -0.000004 -0.000001 0.166316
18  3.101568 0.000005 0.000005  0.000002 -0.000001 0.240238
19  6.164461 -0.898142 2.575016  0.090705 -0.013516 -0.151467
20  2.805850 0.000004 -0.000003  0.000002 0.000001 0.079095
21  2.307443 -0.000003 0.000001  -0.000000 -0.000000 -0.056423
22  7.145099 -0.676330 -1.382425  0.086918 -0.009133 -0.085503
23  3.672211 0.000003 -0.000001  0.000003 0.000001 0.142941
24  2.676526 0.000001 0.000004  -0.000001 -0.000001 -0.026075
25  6.831178 -0.870853 0.599920  0.130314 -0.006347 -0.065005
26  3.657082 -0.000010 -0.000003  0.000000 0.000000 0.057729
27  2.496795 0.000003 -0.000000  0.000000 0.000000 -0.091107
28  7.183354 -0.532073 -3.267611  0.123210 0.020356 -0.052484
29  3.511591 0.000005 -0.000003  -0.000001 -0.000001 0.099575
30  2.199412 -0.000000 0.000002  0.000001 0.000001 0.029263
31  16.163136 0.000012 -3.830531  -3.098550 1.570794 0.000000
32  -0.000018 -0.000001 0.000001  0.000010 0.011902 0.001709
33  -0.000004 0.000001 -0.000001  0.000000 -0.000000 -0.009705
34  0.000001 0.000000 -0.000001  -0.000000 0.000000 -0.000000
35  -0.000002 -0.000003 -0.000001  0.000000 0.000000 0.000000
36  -0.000003 -0.000001 -0.000001  0.001099 0.000000 0.000000
37  -0.000001 -0.000000 -0.000001  0.001465 -0.000000 0.000000
38  -0.000006 0.000000 -0.000001  0.001831 -0.000000 -0.000000
39  -0.000004 -0.000000 -0.000001  0.002197 -0.000000 -0.000000
40  -0.000004 -0.000002 0.000001  0.002563 0.000000 0.000000
41  -0.000007 -0.000004 -0.000001  0.002949 0.013620 -0.006023
42  1.410069 0.800525 2.089138  -2.009768 -0.630254 0.591907
43  3.954718 0.000014 0.000004  -0.000000 -0.000002 0.166320
44  3.101558 -0.000007 0.000003  -0.000001 -0.000000 0.240238
45  7.183347 -0.532110 3.267606  -0.123210 -0.020355 -0.052486
46  3.511601 -0.000001 0.000001  0.000003 0.000001 0.099571
47  2.199404 0.000004 -0.000001  -0.000001 -0.000001 0.029267
48  7.145096 -0.676362 1.382422  -0.086920 0.009133 -0.085505
49  3.672220 -0.000002 -0.000001  0.000001 -0.000000 0.142941
50  2.676518 -0.000004 0.000003  -0.000001 -0.000001 -0.026075
51  6.831176 -0.870879 -0.599926  -0.130311 0.006346 -0.065012
52  3.657078 -0.000002 -0.000003  -0.000000 0.000001 0.057734
53  2.496796 0.000001 0.000004  0.000000 -0.000001 -0.091108
54  6.164467 -0.898158 -2.575023  -0.090704 0.013515 -0.151468
55  2.805847 -0.000003 0.000004  -0.000002 -0.000001 0.079091
56  2.307433 -0.000000 -0.000003  0.000002 0.000001 -0.056419
57  0.000000 0.000000 -0.000000  0.000000 -0.000000 0.000000
58  0.031044 0.193565 -0.252503  -0.007752 -0.001769 0.000251
59  0.071249 114.357033 62.238796  0.000000 0.000000 -0.000000
60  1.986524 0.000005 -3.123740  -2.705260 -0.000000 -1.570797
61  -1.986692 0.000010 -3.123746  0.436333 0.000001 1.570797
62  0.000000 -0.000005 -0.000007  0.000000 0.000000 0.000000
63  -1.986692 0.000010 -3.123737  0.436333 0.000001 1.570797
64  -11.344164 1.135886 0.869284  0.000002 -0.025019 -0.026324
65  1.986525 0.000005 -3.123735  -2.705260 -0.000000 -1.570797
66  -11.350057 -0.729421 0.864888  0.000197 -0.025367 0.026442
67  1.754236 4.036759 -1.682668  0.392575 -0.010120 -1.546362
68  -1.755139 4.036755 -1.682670  -0.392577 -0.010391 -1.594986
69  -0.164556 7.327703 3.928703  -0.000000 0.000001 -1.570796
70  0.079082 36.742691 -0.508023  0.000001 0.000000 -0.000000
71  -1.260174 8.777410 6.736405  -0.000002 -0.424416 -3.141592
72  1.525193 18.283598 2.968622  0.000000 0.000000 -0.000000
73  0.060217 10.324389 74.469055  0.000008 0.000000 0.000000
74  0.062808 75.917999 83.075439  1.570797 0.000000 -1.570796
75  4.804187 -3.971753 0.000001  -0.000000 0.000000 -0.000000
76  -7.041558 -5.025992 0.000001  -0.000000 -0.000000 -0.000000
77  8.407187 -3.978444 0.003055  -1.570796 1.570795 0.000000
78  10.376193 -3.978449 0.003056  -1.570796 1.570796 0.000000
79  10.194019 -0.314074 -1.749547  -1.570796 1.570796 0.000000
80  20.857891 -4.015578 0.000003  0.000000 -0.000000 0.000000
81  3.258452 5.856941 -3.403523  -0.000000 -0.000000 -0.000000
82  15.153051 5.860571 -3.403521  0.000000 -0.000000 0.000000
83  6.064256 77.294952 36.365795  1.570796 -0.000000 1.570796
84  -2.662412 1.445755 40.667957  -0.000000 3.141591 1.570796
85  8.352065 2.772897 0.000542  -3.141589 0.000002 0.000000
86  6.064256 72.973701 32.593250  1.570796 -0.000000 1.570796
87  0.004365 73.768417 -3.792008  0.000000 0.000000 0.000000
88  -0.442609 1.284896 8.535289  0.000000 -0.000001 0.000000
89  0.000001 1.310212 -0.000000  0.000000 -0.000000 0.000000
90  0.000001 0.582263 -0.000000  0.000000 -0.000000 0.000000
91  0.036297 1.284891 7.928798  0.000000 -0.000001 0.000000
92  0.000001 1.310215 -0.000000  0.000000 0.000000 0.000000
93  0.000000 0.582266 -0.000000  0.000000 0.000000 0.000000
94  5.969323 3.427474 -6.170650  -0.000000 -0.000001 -1.570797
95  -1.310205 0.000001 0.000003  0.000000 -0.000000 -0.000000
96  -0.582256 0.000000 0.000001  0.000000 -0.000000 -0.000000
97  5.969323 9.397408 -6.170658  -0.000000 -0.000001 -1.570796
98  -1.310220 0.000000 0.000000  0.000000 0.000000 -0.000000
99  -0.582271 -0.000001 -0.000001  0.000000 0.000000 -0.000000
100  5.969322 15.223777 -6.170670  -0.000000 -0.000001 -1.570796
101  -1.310219 0.000002 0.000003  -0.000000 0.000000 -0.000000
102  -0.582270 0.000002 0.000003  -0.000000 0.000000 -0.000000
103  5.969323 20.835581 -6.170671  -0.000000 -0.000001 -1.570796
104  -1.310213 0.000001 0.000000  -0.000000 0.000000 -0.000000
105  -0.582264 0.000000 0.000002  -0.000000 0.000000 -0.000000
106  5.969324 26.771225 -6.170671  -0.000000 -0.000001 -1.570796
107  5.969323 32.597610 -6.170674  -0.000000 -0.000001 -1.570796
108  5.969324 38.209412 -6.170686  -0.000000 -0.000001 -1.570800
109  5.969322 49.488480 -6.170683  -0.000000 -0.000001 -1.570800
110  -0.539090 -0.556805 -0.017363  -0.042462 2.681156 1.551919
111  -6.799123 -0.556791 0.818550  -0.272420 2.701993 1.452460
112  -4.615283 -0.556814 0.270328  -0.117230 2.684609 1.518878
113  -2.650969 -0.556799 0.063010  -0.042463 2.681158 1.551919
114  27.110334 1.284860 12.007548  0.000000 -0.000000 0.000000
115  28.133423 1.284863 12.007546  0.000001 -0.000000 0.000000
116  12.812885 2.241794 12.007549  0.000000 -0.000001 -0.000001
117  -9.955965 -0.319613 4.380214  -0.000001 -0.000000 -0.000001
118  -11.316472 -0.319615 4.380215  -0.000003 -0.000000 0.000000
119  -12.667809 -0.319611 4.380215  -0.000003 -0.000000 0.000001
120  -14.022139 -0.319614 4.380215  0.000010 -0.000000 -0.000011
121  -15.373239 -0.319611 4.380214  0.000015 -0.000000 -0.000015
122  -16.724142 -0.319615 4.380214  -0.000009 -0.000000 0.000006
123  -18.074572 -0.319611 4.380214  -0.000006 0.000000 0.000004
124  -19.423717 -0.319608 4.380214  0.000002 0.000000 -0.000004
125  -20.775269 -0.319612 4.380214  0.000003 0.000000 -0.000004
126  -22.126669 -0.319608 4.380215  0.000003 0.000000 -0.000004
127  -23.478121 -0.319612 4.380215  0.000005 0.000000 -0.000006
128  -24.830620 -0.319608 4.380215  0.000036 0.000000 -0.000038
129  -26.182028 -0.319612 4.380215  -0.000011 0.000000 0.000011
130  0.529180 -0.167113 0.629484  -0.101270 -0.000000 0.000000
131  -0.211444 -0.241672 0.155361  -0.145847 -0.000000 0.000000
132  0.529190 -0.280687 -0.110292  -0.145847 -0.000000 0.000000
133  -0.173927 -0.337317 -0.638496  -0.181751 -0.000000 0.000000
134  0.529189 -0.399233 -0.975393  -0.181751 -0.000000 0.000000
135  -0.211444 -0.464466 -1.431042  -0.192399 -0.000000 0.000000
136  0.529189 -0.515804 -1.694583  -0.192400 -0.000000 0.000000
137  -0.173928 -0.612146 -2.231911  -0.216703 -0.000000 0.000000
138  0.529188 -0.685792 -2.566440  -0.216703 -0.000000 0.000000
139  -0.211445 -0.769551 -3.027870  -0.237349 -0.000000 0.000000
140  0.529188 -0.832675 -3.288847  -0.237349 -0.000000 0.000000
141  -0.173937 -0.945271 -3.779564  -0.233859 0.000000 0.000000
142  0.529179 -1.024641 -4.112780  -0.233859 0.000000 0.000000
143  -0.211443 -1.132180 -4.577548  -0.262919 -0.000000 0.000000
144  0.529190 -1.201955 -4.836825  -0.262919 0.000000 0.000000
145  -0.000004 -2.810933 -10.636630  0.258454 0.000000 3.141592
146  -0.192455 -1.345774 -5.370044  -0.280373 0.000000 0.000000
147  0.533984 -1.413505 -5.605104  -0.276883 0.000000 0.000000
148  -0.206618 -1.795754 -6.909780  -0.287354 0.000000 0.000000
149  -0.205805 -1.564805 -6.138256  -0.290843 0.000000 0.000000
150  0.530460 -1.643661 -6.395214  -0.290844 0.000000 0.000000
151  0.535311 -1.790698 -7.204133  -0.287354 -0.000000 0.000000
152  -0.202703 -2.030482 -7.702831  -0.286180 -0.000000 0.000000
153  0.509548 -2.118895 -8.011624  -0.298398 -0.000000 0.000000
154  -0.202703 -2.255269 -8.465172  -0.283134 -0.000000 0.000000
155  0.509548 -2.352974 -8.771158  -0.295352 -0.000000 0.000000
156  -0.202704 -2.481589 -9.235471  -0.285437 -0.000000 0.000000
157  0.509547 -2.588678 -9.538638  -0.297654 -0.000000 0.000000
158  0.170123 -21.222084 -1.001140  -0.000001 -0.000001 0.000000
159  0.170123 -20.843857 -0.397183  -0.000001 -0.000001 0.000000
160  0.170123 -20.489738 -1.001141  -0.000001 -0.000001 0.000000
161  0.170124 -20.111063 -0.397183  -0.000001 -0.000001 0.000000
162  0.170123 -19.380085 -0.397186  -0.000001 -0.000001 0.000000
163  0.170123 -19.025097 -1.001145  -0.000001 -0.000001 0.000000
164  0.170123 -18.646652 -0.396448  -0.000001 -0.000001 0.000000
165  0.170124 -19.755751 -1.001142  -0.000001 -0.000001 0.000000
166  -0.015973 10.612517 2.686017  0.000001 0.000000 -0.000000
167  0.059851 -50.160702 6.449380  1.570797 0.000000 -1.570797
168  0.064653 27.351290 72.195206  0.000000 -0.000000 -0.000001
169  6.064261 95.114021 31.645500  0.000000 -0.000001 1.570796
170  0.054185 102.845642 29.795362  -0.000000 0.000001 -1.570796
171  6.064257 69.096558 37.164318  1.570796 -0.000000 1.570796
172  1.974302 11.989234 4.589250  0.000000 0.000000 -0.000000
173  -0.011481 23.944744 5.090361  0.000001 0.000000 0.000000
174  -1.691251 8.833342 5.763506  0.000001 0.000000 -0.000000
175  6.064260 89.329819 31.613914  0.000000 -0.000001 1.570796
176  0.059886 2.255334 54.398014  0.000000 0.000000 0.000000
177  0.003497 -22.270647 0.000149  1.570797 0.000000 -1.570797
178  0.104010 15.380370 2.266153  0.000001 0.000000 -0.000000
179  0.049048 0.001387 0.027426  0.000000 -0.006897 0.000000
180  0.023797 -0.000524 -0.010418  -0.000000 -0.006897 0.000000
181  -2.662412 1.445758 33.628742  -0.000000 3.141591 1.570796
182  8.352065 2.772897 0.000541  -3.141589 0.000002 0.000000
183  -2.662412 1.445755 40.667957  -0.000000 3.141591 1.570796
184  8.352065 2.772897 0.000542  -3.141589 0.000002 0.000000
185  -1.431356 16.384779 4.137811  0.000001 0.000000 0.000000
186  -0.001845 0.521683 -0.140290  0.000000 0.000000 -0.000000
187  7.323109 -5.136191 -5.166237  0.000000 0.000000 -0.610865
188  2.698279 -0.000000 0.000000  -0.000012 0.000000 0.000001
189  2.834159 -0.000000 -0.000000  0.000013 0.000000 0.000000
190  2.648918 -0.000001 0.000001  -0.000001 -0.000001 0.000000
191  2.667500 -0.000000 -0.000000  -0.000000 0.000000 0.000000
192  2.426702 -0.000001 0.000000  0.000000 0.000000 -0.000000
193  -0.494744 -44.353447 -1.302299  1.570797 0.000000 -1.570797
194  11.545938 73.768417 -3.792010  0.000000 0.000000 -0.000000
195  -0.011102 -16.902811 1.952047  0.000001 0.000000 -0.000000
196  0.000000 -0.000000 -1.529052  -0.000000 0.000000 0.000000
197  -0.078942 -0.000001 -0.000000  0.000000 0.000001 1.570796
198  0.097092 -0.000002 0.000000  -0.000000 -3.141592 1.570796
199  0.000000 0.000000 0.000000  0.000000 -0.000000 -0.000000
200  0.064339 0.138248 -0.350248  -0.007755 -0.008665 0.000644
201  0.095922 0.113899 -0.300383  -0.007755 -0.008665 0.000644
time 23
0  0 0 0  0 0 0
1  0.000000 0.000000 0.000000  0.000000 -0.000000 -0.000000
2  -0.000005 0.000023 -61.375507  0.000000 0.000000 -1.570795
3  -0.012872 0.000000 8.235020  -1.570799 -1.570796 0.000000
4  16.163128 -0.012870 -0.000002  -0.000000 -0.000000 0.000000
5  16.163143 -0.000009 3.830524  -3.089336 -1.570794 0.000000
6  -0.000031 -0.000001 -0.000000  -0.001774 -0.012329 0.000621
7  0.000001 -0.000006 0.000002  0.000000 0.000000 -0.014222
8  -0.000000 0.000000 -0.000002  0.000000 -0.000000 -0.000000
9  0.000001 0.000001 0.000000  0.001526 -0.000000 -0.000000
10  -0.000002 0.000000 0.000000  0.002258 -0.000000 -0.000000
11  -0.000003 0.000000 0.000000  0.003052 0.000000 -0.000000
12  -0.000003 -0.000000 0.000000  0.003784 -0.000000 -0.000000
13  -0.000004 -0.000001 -0.000002  0.004578 -0.000000 -0.000000
14  -0.000002 -0.000001 0.000000  0.005310 -0.000000 -0.000000
15  -0.000000 0.000002 0.000004  0.006286 -0.002383 0.000725
16  1.410070 0.800534 -2.089136  2.009773 0.630250 0.591915
17  3.954712 -0.000003 0.000005  -0.000004 -0.000001 0.166316
18  3.101568 0.000002 0.000003  0.000002 -0.000001 0.240238
19  6.164460 -0.898142 2.575022  0.090705 -0.013516 -0.151467
20  2.805849 0.000004 -0.000003  0.000002 0.000001 0.079095
21  2.307443 -0.000003 0.000002  -0.000000 -0.000000 -0.056423
22  7.145098 -0.676330 -1.382424  0.086918 -0.009133 -0.085503
23  3.672212 0.000003 -0.000004  0.000003 0.000001 0.142941
24  2.676528 0.000001 0.000002  -0.000001 -0.000001 -0.026075
25  6.831177 -0.870854 0.599923  0.130314 -0.006347 -0.065005
26  3.657084 -0.000010 -0.000000  0.000000 0.000000 0.057729
27  2.496794 0.000004 0.000001  0.000000 0.000000 -0.091107
28  7.183352 -0.532073 -3.267606  0.123210 0.020356 -0.052484
29  3.511591 0.000006 -0.000004  -0.000001 -0.000001 0.099575
30  2.199413 0.000000 0.000004  0.000001 0.000001 0.029263
31  16.163136 0.000012 -3.830531  -3.098550 1.570794 0.000000
32  -0.000018 -0.000001 0.000001  -0.000270 0.012574 0.005675
33  -0.000000 0.000001 -0.000001  0.000000 -0.000000 -0.019288
34  0.000001 0.000000 0.000002  -0.000000 0.000000 -0.000000
35  -0.000002 -0.000003 0.000002  0.000000 0.000000 0.000000
36  -0.000003 -0.000001 0.000002  0.000732 0.000000 0.000000
37  -0.000001 -0.000000 0.000002  0.001037 -0.000000 0.000000
38  -0.000006 0.000000 0.000004  0.001282 -0.000000 -0.000000
39  -0.000004 -0.000000 0.000002  0.001526 -0.000000 -0.000000
40  -0.000004 -0.000002 0.000002  0.001770 0.000000 0.000000
41  -0.000007 -0.000004 0.000002  0.002021 0.008849 0.001596
42  1.410069 0.800524 2.089135  -2.009768 -0.630254 0.591907
43  3.954718 0.000008 0.000005  -0.000000 -0.000002 0.166319
44  3.101558 -0.000008 0.000003  -0.000001 -0.000000 0.240238
45  7.183347 -0.532110 3.267601  -0.123210 -0.020355 -0.052486
46  3.511602 -0.000001 0.000001  0.000003 0.000001 0.099571
47  2.199403 0.000005 -0.000002  -0.000001 -0.000001 0.029267
48  7.145095 -0.676362 1.382418  -0.086920 0.009133 -0.085505
49  3.672220 -0.000002 -0.000001  0.000001 -0.000000 0.142941
50  2.676518 -0.000003 0.000005  -0.000001 -0.000001 -0.026075
51  6.831175 -0.870879 -0.599930  -0.130311 0.006346 -0.065012
52  3.657081 -0.000002 -0.000002  -0.000000 0.000001 0.057734
53  2.496793 0.000001 0.000003  0.000000 -0.000001 -0.091108
54  6.164466 -0.898158 -2.575028  -0.090704 0.013515 -0.151468
55  2.805847 -0.000003 0.000002  -0.000002 -0.000001 0.079091
56  2.307433 0.000000 -0.000005  0.000002 0.000001 -0.056419
57  0.000000 0.000000 -0.000000  0.000000 -0.000000 0.000000
58  0.019907 0.295448 -0.169617  -0.005737 0.001344 0.000301
59  0.071249 114.357033 62.238796  0.000000 0.000000 -0.000000
60  1.986525 0.000013 -3.123735  -2.705260 -0.000000 -1.570797
61  -1.986692 0.000013 -3.123741  0.436333 0.000001 1.570797
62  0.000000 -0.000007 0.000001  0.000000 0.000000 0.000000
63  -1.986692 0.000005 -3.123732  0.436333 0.000001 1.570797
64  -11.344167 1.135887 0.869276  0.000002 -0.025019 -0.026324
65  1.986525 -0.000002 -3.123730  -2.705260 -0.000000 -1.570797
66  -11.350053 -0.729421 0.864890  0.000197 -0.025367 0.026442
67  1.754236 4.036748 -1.682660  0.392575 -0.010120 -1.546362
68  -1.755139 4.036746 -1.682660  -0.392577 -0.010391 -1.594986
69  -0.164556 7.327703 3.928703  -0.000000 0.000001 -1.570796
70  0.079082 36.742691 -0.508023  0.000001 0.000000 -0.000000
71  -1.260174 8.777410 6.736405  -0.000002 -0.424416 -3.141592
72  1.525193 18.283598 2.968622  0.000000 0.000000 0.000000
73  0.060216 10.324389 74.469063  0.000008 0.000000 0.000000
74  0.062808 75.917999 83.075447  1.570797 0.000000 -1.570796
75  4.804182 -3.971749 0.000001  -0.000000 0.000000 -0.000000
76  -7.041568 -5.025987 0.000002  -0.000000 -0.000000 -0.000000
77  8.407182 -3.978432 0.003055  -1.570796 1.570795 0.000000
78  10.376180 -3.978445 0.003056  -1.570796 1.570796 0.000000
79  10.194015 -0.314060 -1.749547  -1.570796 1.570796 0.000000
80  20.857885 -4.015567 0.000003  0.000000 -0.000000 -0.000000
81  3.258446 5.856958 -3.403523  -0.000000 -0.000000 -0.000000
82  15.153048 5.860586 -3.403521  0.000000 -0.000000 -0.000000
83  6.064256 77.294960 36.365795  1.570796 0.000000 1.570796
84  -2.662412 1.445755 40.667957  -0.000000 3.141591 1.570796
85  8.352065 2.772897 0.000540  -3.141589 0.000002 -0.000000
86  6.064256 72.973701 32.593250  1.570796 0.000000 1.570796
87  0.004365 73.768410 -3.792008  0.000000 0.000000 0.000000
88  -0.442609 1.284880 8.535290  -0.000000 -0.000001 0.000000
89  0.000001 1.310207 -0.000001  0.000000 0.000000 0.000000
90  0.000001 0.582263 -0.000000  0.000000 0.000000 0.000000
91  0.036297 1.284874 7.928799  -0.000000 -0.000001 0.000000
92  0.000001 1.310201 -0.000000  0.000000 -0.000000 0.000000
93  0.000000 0.582256 0.000000  0.000000 -0.000000 0.000000
94  5.969323 3.427449 -6.170651  -0.000000 -0.000001 -1.570797
95  -1.310221 0.000001 0.000000  0.000000 0.000000 -0.000000
96  -0.582269 0.000000 -0.000000  0.000000 0.000000 -0.000000
97  5.969323 9.397396 -6.170660  -0.000000 -0.000001 -1.570796
98  -1.310211 -0.000000 -0.000001  0.000000 0.000000 -0.000000
99  -0.582258 -0.000001 -0.000001  0.000000 0.000000 -0.000000
100  5.969322 15.223767 -6.170670  -0.000000 -0.000001 -1.570796
101  -1.310212 0.000002 -0.000000  -0.000000 0.000000 -0.000000
102  -0.582268 0.000001 0.000000  -0.000000 0.000000 -0.000000
103  5.969323 20.835571 -6.170672  -0.000000 -0.000001 -1.570796
104  -1.310214 0.000001 -0.000000  -0.000000 0.000000 -0.000000
105  -0.582262 0.000000 0.000002  -0.000000 0.000000 -0.000000
106  5.969323 26.771208 -6.170672  -0.000000 -0.000001 -1.570796
107  5.969322 32.597588 -6.170676  -0.000000 -0.000001 -1.570796
108  5.969323 38.209389 -6.170685  -0.000000 -0.000001 -1.570800
109  5.969322 49.488464 -6.170685  -0.000000 -0.000001 -1.570800
110  -0.539090 -0.556814 -0.017363  -0.042462 2.681156 1.551919
111  -6.799123 -0.556808 0.818549  -0.272420 2.701993 1.452460
112  -4.615283 -0.556831 0.270328  -0.117230 2.684609 1.518878
113  -2.650969 -0.556814 0.063010  -0.042463 2.681158 1.551919
114  27.110334 1.284850 12.007548  -0.000000 -0.000000 0.000000
115  28.133425 1.284855 12.007547  0.000001 -0.000000 0.000000
116  12.812886 2.241783 12.007550  -0.000000 -0.000001 -0.000001
117  -9.955966 -0.319630 4.380214  -0.000001 -0.000000 -0.000001
118  -11.316473 -0.319632 4.380215  -0.000003 -0.000000 -0.000000
119  -12.667809 -0.319629 4.380215  -0.000003 -0.000000 0.000001
120  -14.022141 -0.319633 4.380215  0.000010 -0.000000 -0.000011
121  -15.373240 -0.319630 4.380214  0.000015 -0.000000 -0.000015
122  -16.724142 -0.319634 4.380214  -0.000009 -0.000000 0.000006
123  -18.074572 -0.319632 4.380214  -0.000006 0.000000 0.000004
124  -19.423714 -0.319629 4.380214  0.000002 0.000000 -0.000004
125  -20.775270 -0.319634 4.380214  0.000003 0.000000 -0.000004
126  -22.126671 -0.319631 4.380215  0.000003 0.000000 -0.000004
127  -23.478121 -0.319628 4.380215  0.000005 0.000000 -0.000006
128  -24.830622 -0.319632 4.380215  0.000036 0.000000 -0.000038
129  -26.182028 -0.319629 4.380215  -0.000011 0.000000 0.000011
130  0.529180 -0.167142 0.629483  -0.101270 -0.000000 0.000000
131  -0.211444 -0.241693 0.155361  -0.145847 -0.000000 0.000000
132  0.529190 -0.280707 -0.110293  -0.145847 -0.000000 0.000000
133  -0.173927 -0.337327 -0.638496  -0.181751 -0.000000 0.000000
134  0.529189 -0.399252 -0.975394  -0.181751 -0.000000 0.000000
135  -0.211444 -0.464479 -1.431042  -0.192399 -0.000000 0.000000
136  0.529189 -0.515812 -1.694583  -0.192400 -0.000000 0.000000
137  -0.173928 -0.612152 -2.231911  -0.216703 -0.000000 0.000000
138  0.529188 -0.685818 -2.566440  -0.216703 -0.000000 0.000000
139  -0.211445 -0.769574 -3.027871  -0.237349 -0.000000 0.000000
140  0.529188 -0.832687 -3.288848  -0.237349 -0.000000 0.000000
141  -0.173937 -0.945287 -3.779565  -0.233859 0.000000 0.000000
142  0.529179 -1.024667 -4.112782  -0.233859 0.000000 0.000000
143  -0.211443 -1.132194 -4.577548  -0.262919 -0.000000 0.000000
144  0.529190 -1.201969 -4.836824  -0.262919 0.000000 0.000000
145  -0.000004 -2.810951 -10.636631  0.258454 0.000000 3.141592
146  -0.192455 -1.345784 -5.370046  -0.280373 0.000000 0.000000
147  0.533984 -1.413520 -5.605104  -0.276883 0.000000 0.000000
148  -0.206618 -1.795762 -6.909780  -0.287354 0.000000 0.000000
149  -0.205805 -1.564829 -6.138258  -0.290843 0.000000 0.000000
150  0.530460 -1.643681 -6.395215  -0.290844 0.000000 0.000000
151  0.535311 -1.790718 -7.204134  -0.287354 -0.000000 0.000000
152  -0.202703 -2.030494 -7.702830  -0.286180 -0.000000 0.000000
153  0.509548 -2.118906 -8.011624  -0.298398 -0.000000 0.000000
154  -0.202703 -2.255284 -8.465173  -0.283134 -0.000000 0.000000
155  0.509548 -2.352989 -8.771159  -0.295352 -0.000000 0.000000
156  -0.202704 -2.481600 -9.235472  -0.285437 -0.000000 0.000000
157  0.509547 -2.588691 -9.538639  -0.297654 -0.000000 0.000000
158  0.170123 -21.222097 -1.001140  -0.000001 -0.000001 0.000000
159  0.170123 -20.843872 -0.397183  -0.000001 -0.000001 0.000000
160  0.170123 -20.489756 -1.001141  -0.000001 -0.000001 0.000000
161  0.170124 -20.111078 -0.397183  -0.000001 -0.000001 0.000000
162  0.170123 -19.380096 -0.397187  -0.000001 -0.000001 0.000000
163  0.170123 -19.025114 -1.001146  -0.000001 -0.000001 0.000000
164  0.170123 -18.646667 -0.396448  -0.000001 -0.000001 0.000000
165  0.170124 -19.755768 -1.001142  -0.000001 -0.000001 0.000000
166  -0.015973 10.612517 2.686017  0.000001 0.000000 -0.000000
167  0.059851 -50.160702 6.449380  1.570797 0.000000 -1.570797
168  0.064653 27.351290 72.195213  0.000000 -0.000000 -0.000001
169  6.064260 95.114014 31.645502  0.000000 -0.000001 1.570796
170  0.054185 102.845634 29.795362  -0.000000 0.000001 -1.570796
171  6.064257 69.096550 37.164322  1.570796 0.000000 1.570796
172  1.974302 11.989233 4.589251  0.000000 0.000000 0.000000
173  -0.011481 23.944746 5.090362  0.000001 0.000000 0.000000
174  -1.691251 8.833341 5.763507  0.000001 0.000000 0.000000
175  6.064260 89.329811 31.613918  0.000000 -0.000001 1.570796
176  0.059886 2.255335 54.398010  0.000000 0.000000 0.000000
177  0.003497 -22.270643 0.000151  1.570797 0.000000 -1.570797
178  0.104010 15.380370 2.266153  0.000001 0.000000 -0.000000
179  0.049048 0.001386 0.027428  0.000000 -0.006897 0.000000
180  0.023798 -0.000525 -0.010420  -0.000000 -0.006897 0.000000
181  -2.662412 1.445758 33.628742  -0.000000 3.141591 1.570796
182  8.352066 2.772897 0.000540  -3.141589 0.000002 -0.000000
183  -2.662412 1.445755 40.667957  -0.000000 3.141591 1.570796
184  8.352065 2.772897 0.000540  -3.141589 0.000002 -0.000000
185  -1.431356 16.384777 4.137811  0.000001 0.000000 0.000000
186  -0.001845 0.521683 -0.140290  0.000000 0.000000 -0.000000
187  7.323108 -5.136191 -5.166237  0.000000 0.000000 -0.610865
188  2.698278 -0.000001 0.000001  -0.000012 0.000000 0.000001
189  2.834159 -0.000001 0.000000  0.000013 0.000000 0.000000
190  2.648918 -0.000000 0.000001  -0.000001 -0.000001 0.000000
191  2.667498 -0.000003 -0.000001  0.000000 0.000000 0.000000
192  2.426700 -0.000003 0.000001  -0.000000 0.000000 -0.000000
193  -0.494744 -44.353447 -1.302299  1.570797 0.000000 -1.570797
194  11.545938 73.768417 -3.792010  0.000000 0.000000 0.000000
195  -0.011103 -16.902813 1.952047  0.000001 0.000000 -0.000000
196  0.000000 0.000002 -1.529052  -0.000000 0.000000 0.000000
197  -0.078942 0.000002 -0.000000  0.000000 0.000001 1.570796
198  0.097092 0.000001 -0.000000  -0.000000 -3.141592 1.570796
199  0.000000 0.000000 0.000000  0.000000 -0.000000 -0.000000
200  0.029955 0.255112 -0.240273  -0.005740 -0.005491 0.000748
201  0.050093 0.237450 -0.208380  -0.005740 -0.005491 0.000748
time 24
0  0 0 0  0 0 0
1  0.000000 0.000000 0.000000  0.000000 -0.000000 -0.000000
2  -0.000005 0.000023 -61.375507  0.000000 0.000000 -1.570795
3  -0.012872 0.000000 8.235020  -1.570799 -1.570796 0.000000
4  16.163128 -0.012870 -0.000002  -0.000000 -0.000000 0.000000
5  16.163143 -0.000009 3.830524  -3.089336 -1.570794 0.000000
6  -0.000031 -0.000001 -0.000000  -0.002380 -0.009400 -0.000050
7  -0.000003 -0.000006 0.000001  0.000000 0.000000 -0.019532
8  0.000000 0.000000 -0.000001  0.000000 -0.000000 -0.000000
9  0.000002 0.000001 -0.000003  0.001038 -0.000000 -0.000000
10  -0.000001 0.000000 -0.000001  0.001587 -0.000000 -0.000000
11  -0.000002 0.000000 0.000001  0.002136 0.000000 -0.000000
12  -0.000003 0.000000 -0.000001  0.002686 -0.000000 -0.000000
13  -0.000003 -0.000001 -0.000003  0.003235 -0.000000 -0.000000
14  -0.000002 -0.000001 -0.000001  0.003723 -0.000000 -0.000000
15  0.000000 0.000001 0.000001  0.005053 -0.002527 0.009820
16  1.410070 0.800535 -2.089141  2.009773 0.630250 0.591915
17  3.954711 -0.000002 0.000006  -0.000004 -0.000001 0.166316
18  3.101568 0.000004 0.000005  0.000002 -0.000001 0.240238
19  6.164461 -0.898142 2.575019  0.090705 -0.013516 -0.151467
20  2.805849 0.000004 -0.000006  0.000002 0.000001 0.079095
21  2.307442 -0.000004 0.000005  -0.000000 -0.000000 -0.056423
22  7.145098 -0.676330 -1.382429  0.086918 -0.009133 -0.085503
23  3.672210 0.000003 0.000000  0.000003 0.000001 0.142941
24  2.676525 0.000002 0.000004  -0.000001 -0.000001 -0.026075
25  6.831177 -0.870853 0.599917  0.130314 -0.006347 -0.065005
26  3.657084 -0.000009 0.000002  0.000000 0.000000 0.057729
27  2.496796 0.000003 0.000003  0.000000 0.000000 -0.091107
28  7.183352 -0.532073 -3.267611  0.123210 0.020356 -0.052484
29  3.511593 0.000005 0.000001  -0.000001 -0.000001 0.099575
30  2.199409 0.000000 -0.000001  0.000001 0.000001 0.029263
31  16.163136 0.000012 -3.830531  -3.098550 1.570794 0.000000
32  -0.000018 -0.000001 0.000001  -0.000444 0.010256 0.008604
33  0.000000 0.000001 -0.000000  0.000000 -0.000000 -0.026308
34  0.000000 0.000000 0.000001  -0.000000 0.000000 -0.000000
35  -0.000002 -0.000002 0.000001  0.000000 0.000000 0.000000
36  -0.000003 -0.000001 0.000001  0.001465 0.000000 0.000000
37  -0.000002 -0.000000 0.000003  0.002014 -0.000000 0.000000
38  -0.000006 0.000000 0.000001  0.002502 -0.000000 -0.000000
39  -0.000005 -0.000000 0.000001  0.002991 -0.000000 -0.000000
40  -0.000004 -0.000002 0.000001  0.003540 0.000000 0.000000
41  -0.000008 -0.000004 0.000001  0.003988 0.004743 0.009043
42  1.410069 0.800525 2.089138  -2.009768 -0.630254 0.591907
43  3.954720 0.000011 0.000005  -0.000000 -0.000002 0.166319
44  3.101560 -0.000007 0.000003  -0.000001 -0.000000 0.240238
45  7.183347 -0.532110 3.267604  -0.123210 -0.020355 -0.052486
46  3.511601 -0.000001 -0.000002  0.000003 0.000001 0.099571
47  2.199403 0.000004 -0.000002  -0.000001 -0.000001 0.029267
48  7.145096 -0.676362 1.382421  -0.086920 0.009133 -0.085505
49  3.672219 -0.000002 -0.000001  0.000001 -0.000000 0.142941
50  2.676520 -0.000004 0.000003  -0.000001 -0.000001 -0.026075
51  6.831175 -0.870879 -0.599925  -0.130311 0.006346 -0.065012
52  3.657080 -0.000002 -0.000002  -0.000000 0.000001 0.057734
53  2.496794 0.000001 0.000003  0.000000 -0.000001 -0.091108
54  6.164467 -0.898158 -2.575024  -0.090704 0.013515 -0.151468
55  2.805849 -0.000003 0.000002  -0.000002 -0.000001 0.079091
56  2.307436 0.000000 -0.000002  0.000002 0.000001 -0.056419
57  0.000000 0.000000 -0.000000  0.000000 -0.000000 0.000000
58  0.000053 0.365677 0.012619  -0.004699 0.001893 0.000545
59  0.071249 114.357025 62.238792  0.000000 0.000000 -0.000000
60  1.986524 0.000026 -3.123744  -2.705260 -0.000000 -1.570797
61  -1.986692 0.000024 -3.123752  0.436333 0.000001 1.570797
62  0.000000 0.000006 -0.000007  0.000000 -0.000000 0.000000
63  -1.986692 0.000016 -3.123740  0.436333 0.000001 1.570797
64  -11.344153 1.135888 0.869279  0.000002 -0.025019 -0.026324
65  1.986524 0.000018 -3.123739  -2.705260 -0.000000 -1.570797
66  -11.350056 -0.729420 0.864887  0.000197 -0.025367 0.026442
67  1.754236 4.036751 -1.682670  0.392575 -0.010120 -1.546362
68  -1.755139 4.036756 -1.682669  -0.392577 -0.010391 -1.594986
69  -0.164556 7.327704 3.928703  0.000000 0.000001 -1.570796
70  0.079082 36.742687 -0.508023  0.000001 0.000000 -0.000000
71  -1.260174 8.777410 6.736405  -0.000002 -0.424415 -3.141592
72  1.525193 18.283598 2.968622  0.000000 -0.000000 -0.000000
73  0.060217 10.324388 74.469055  0.000008 -0.000000 0.000000
74  0.062808 75.917992 83.075432  1.570797 0.000000 -1.570796
75  4.804189 -3.971749 0.000001  -0.000000 0.000000 -0.000000
76  -7.041570 -5.025988 0.000001  -0.000000 -0.000000 -0.000000
77  8.407172 -3.978432 0.003055  -1.570796 1.570795 0.000000
78  10.376187 -3.978446 0.003056  -1.570796 1.570796 0.000000
79  10.194015 -0.314068 -1.749547  -1.570796 1.570796 0.000000
80  20.857885 -4.015566 0.000003  0.000000 -0.000000 0.000000
81  3.258442 5.856953 -3.403523  -0.000000 -0.000000 -0.000000
82  15.153050 5.860582 -3.403521  -0.000000 -0.000000 0.000000
83  6.064257 77.294945 36.365791  1.570796 -0.000000 1.570796
84  -2.662412 1.445755 40.667953  -0.000000 3.141591 1.570796
85  8.352067 2.772897 0.000546  -3.141589 0.000002 0.000000
86  6.064256 72.973694 32.593250  1.570796 -0.000000 1.570796
87  0.004365 73.768417 -3.792008  0.000000 -0.000000 0.000000
88  -0.442609 1.284864 8.535289  -0.000000 -0.000001 0.000000
89  0.000001 1.310208 -0.000000  0.000000 -0.000000 0.000000
90  0.000001 0.582256 0.000000  0.000000 -0.000000 0.000000
91  0.036297 1.284875 7.928798  -0.000000 -0.000001 0.000000
92  0.000001 1.310211 -0.000001  0.000000 -0.000000 0.000000
93  0.000000 0.582259 -0.000000  0.000000 -0.000000 0.000000
94  5.969323 3.427448 -6.170651  -0.000000 -0.000001 -1.570797
95  -1.310213 0.000001 0.000000  0.000000 0.000000 -0.000000
96  -0.582261 -0.000000 0.000000  0.000000 0.000000 -0.000000
97  5.969322 9.397392 -6.170658  -0.000000 -0.000001 -1.570796
98  -1.310216 0.000000 0.000000  0.000000 0.000000 -0.000000
99  -0.582271 -0.000001 0.000000  0.000000 0.000000 -0.000000
100  5.969322 15.223763 -6.170670  0.000000 -0.000001 -1.570796
101  -1.310209 0.000002 0.000001  -0.000000 0.000000 -0.000000
102  -0.582257 0.000001 0.000002  -0.000000 0.000000 -0.000000
103  5.969323 20.835567 -6.170671  0.000000 -0.000001 -1.570796
104  -1.310205 0.000002 0.000001  -0.000000 0.000000 -0.000000
105  -0.582253 0.000001 0.000004  -0.000000 0.000000 -0.000000
106  5.969323 26.771202 -6.170671  0.000000 -0.000001 -1.570796
107  5.969323 32.597588 -6.170675  0.000000 -0.000001 -1.570796
108  5.969323 38.209393 -6.170684  0.000000 -0.000001 -1.570800
109  5.969322 49.488453 -6.170683  0.000000 -0.000001 -1.570800
110  -0.539090 -0.556824 -0.017363  -0.042462 2.681156 1.551919
111  -6.799123 -0.556822 0.818550  -0.272420 2.701993 1.452460
112  -4.615282 -0.556831 0.270328  -0.117230 2.684609 1.518878
113  -2.650969 -0.556813 0.063010  -0.042463 2.681158 1.551919
114  27.110336 1.284846 12.007548  -0.000000 -0.000000 -0.000000
115  28.133425 1.284845 12.007547  0.000001 -0.000000 -0.000000
116  12.812886 2.241771 12.007549  -0.000000 -0.000001 -0.000001
117  -9.955966 -0.319631 4.380214  -0.000001 -0.000000 -0.000001
118  -11.316473 -0.319637 4.380214  -0.000003 -0.000000 0.000000
119  -12.667810 -0.319633 4.380214  -0.000003 -0.000000 0.000001
120  -14.022141 -0.319635 4.380214  0.000010 -0.000000 -0.000011
121  -15.373239 -0.319631 4.380213  0.000015 -0.000000 -0.000015
122  -16.724140 -0.319635 4.380214  -0.000009 -0.000000 0.000006
123  -18.074570 -0.319631 4.380214  -0.000006 -0.000000 0.000004
124  -19.423716 -0.319628 4.380214  0.000002 0.000000 -0.000004
125  -20.775270 -0.319632 4.380214  0.000003 0.000000 -0.000004
126  -22.126669 -0.319627 4.380214  0.000003 -0.000000 -0.000004
127  -23.478121 -0.319631 4.380214  0.000005 -0.000000 -0.000006
128  -24.830618 -0.319634 4.380214  0.000036 -0.000000 -0.000038
129  -26.182028 -0.319630 4.380214  -0.000011 -0.000000 0.000011
130  0.529180 -0.167142 0.629484  -0.101270 -0.000000 0.000000
131  -0.211444 -0.241698 0.155361  -0.145847 -0.000000 0.000000
132  0.529190 -0.280710 -0.110293  -0.145847 -0.000000 0.000000
133  -0.173927 -0.337332 -0.638495  -0.181751 -0.000000 0.000000
134  0.529189 -0.399259 -0.975393  -0.181751 -0.000000 0.000000
135  -0.211444 -0.464487 -1.431042  -0.192399 -0.000000 0.000000
136  0.529189 -0.515815 -1.694583  -0.192399 -0.000000 0.000000
137  -0.173928 -0.612159 -2.231911  -0.216703 -0.000000 0.000000
138  0.529188 -0.685816 -2.566439  -0.216703 -0.000000 0.000000
139  -0.211445 -0.769572 -3.027870  -0.237349 -0.000000 0.000000
140  0.529188 -0.832700 -3.288847  -0.237349 -0.000000 0.000000
141  -0.173937 -0.945286 -3.779564  -0.233859 0.000000 0.000000
142  0.529179 -1.024671 -4.112781  -0.233859 0.000000 0.000000
143  -0.211443 -1.132193 -4.577549  -0.262919 -0.000000 0.000000
144  0.529190 -1.201974 -4.836824  -0.262919 0.000000 0.000000
145  -0.000004 -2.810960 -10.636630  0.258454 0.000000 3.141592
146  -0.192455 -1.345791 -5.370046  -0.280373 0.000000 0.000000
147  0.533984 -1.413527 -5.605105  -0.276883 0.000000 0.000000
148  -0.206618 -1.795771 -6.909778  -0.287354 0.000000 0.000000
149  -0.205805 -1.564827 -6.138257  -0.290843 0.000000 0.000000
150  0.530460 -1.643688 -6.395214  -0.290844 0.000000 0.000000
151  0.535311 -1.790718 -7.204132  -0.287354 -0.000000 0.000000
152  -0.202703 -2.030493 -7.702830  -0.286180 -0.000000 0.000000
153  0.509548 -2.118909 -8.011624  -0.298398 -0.000000 0.000000
154  -0.202703 -2.255285 -8.465171  -0.283134 -0.000000 0.000000
155  0.509548 -2.352992 -8.771159  -0.295352 -0.000000 0.000000
156  -0.202704 -2.481612 -9.235472  -0.285437 -0.000000 0.000000
157  0.509547 -2.588694 -9.538638  -0.297654 -0.000000 0.000000
158  0.170123 -21.222101 -1.001140  -0.000001 -0.000001 0.000000
159  0.170123 -20.843874 -0.397183  -0.000001 -0.000001 0.000000
160  0.170123 -20.489761 -1.001141  -0.000001 -0.000001 0.000000
161  0.170124 -20.111080 -0.397182  -0.000001 -0.000001 0.000000
162  0.170123 -19.380100 -0.397187  -0.000001 -0.000001 0.000000
163  0.170123 -19.025122 -1.001145  -0.000001 -0.000001 0.000000
164  0.170123 -18.646666 -0.396448  -0.000001 -0.000001 0.000000
165  0.170124 -19.755775 -1.001142  -0.000001 -0.000001 0.000000
166  -0.015973 10.612517 2.686017  0.000001 -0.000000 -0.000000
167  0.059851 -50.160702 6.449380  1.570797 0.000000 -1.570797
168  0.064653 27.351288 72.195206  -0.000000 -0.000000 -0.000001
169  6.064261 95.114006 31.645496  -0.000000 -0.000001 1.570796
170  0.054185 102.845634 29.795361  0.000000 0.000001 -1.570796
171  6.064257 69.096558 37.164318  1.570796 -0.000000 1.570796
172  1.974302 11.989233 4.589250  0.000000 -0.000000 -0.000000
173  -0.011481 23.944744 5.090361  0.000001 -0.000000 0.000000
174  -1.691251 8.833342 5.763506  0.000001 -0.000000 -0.000000
175  6.064261 89.329803 31.613916  -0.000000 -0.000001 1.570796
176  0.059886 2.255335 54.398006  0.000000 -0.000000 0.000000
177  0.003497 -22.270645 0.000147  1.570797 0.000000 -1.570797
178  0.104010 15.380369 2.266153  0.000001 0.000000 -0.000000
179  0.049048 0.001387 0.027426  0.000000 -0.006897 0.000000
180  0.023797 -0.000527 -0.010419  -0.000000 -0.006897 0.000000
181  -2.662412 1.445758 33.628738  -0.000000 3.141591 1.570796
182  8.352066 2.772897 0.000543  -3.141589 0.000002 0.000000
183  -2.662412 1.445755 40.667953  -0.000000 3.141591 1.570796
184  8.352067 2.772897 0.000546  -3.141589 0.000002 0.000000
185  -1.431356 16.384779 4.137811  0.000001 0.000000 0.000000
186  -0.001845 0.521683 -0.140289  0.000000 -0.000000 -0.000000
187  7.323109 -5.136191 -5.166237  -0.000000 0.000000 -0.610865
188  2.698278 -0.000002 -0.000000  -0.000012 0.000000 0.000000
189  2.834160 -0.000002 -0.000000  0.000013 0.000000 -0.000000
190  2.648919 -0.000001 0.000001  -0.000001 -0.000001 0.000000
191  2.667499 -0.000002 -0.000001  0.000000 0.000000 -0.000000
192  2.426702 -0.000003 0.000000  0.000000 0.000000 -0.000000
193  -0.494744 -44.353451 -1.302299  1.570797 -0.000000 -1.570797
194  11.545938 73.768425 -3.792010  0.000000 -0.000000 -0.000000
195  -0.011102 -16.902813 1.952047  0.000001 -0.000000 -0.000000
196  0.000000 0.000001 -1.529052  -0.000000 -0.000000 0.000000
197  -0.078942 -0.000002 0.000000  0.000000 0.000001 1.570796
198  0.097092 -0.000001 -0.000000  -0.000000 -3.141592 1.570796
199  0.000000 0.000000 0.000000  0.000000 -0.000000 -0.000000
200  0.003695 0.331944 -0.046572  -0.004702 -0.004942 0.000927
201  0.022289 0.319820 -0.017481  -0.004702 -0.004942 0.000927
time 25
0  0 0 0  0 0 0
1  0.000000 0.000000 0.000000  0.000000 -0.000000 -0.000000
2  -0.000005 0.000023 -61.375507  0.000000 0.000000 -1.570795
3  -0.012872 0.000000 8.235020  -1.570799 -1.570796 0.000000
4  16.163128 -0.012870 -0.000002  -0.000000 -0.000000 0.000000
5  16.163143 -0.000009 3.830524  -3.089336 -1.570794 0.000000
6  -0.000031 -0.000001 -0.000000  -0.003171 -0.005373 -0.000907
7  -0.000001 -0.000006 0.000003  0.000000 0.000000 -0.021607
8  -0.000000 0.000001 0.000001  -0.000000 -0.000000 -0.000000
9  0.000001 0.000001 0.000001  0.000610 -0.000000 -0.000000
10  -0.000001 0.000001 0.000003  0.000977 -0.000000 -0.000000
11  -0.000001 0.000000 0.000003  0.001282 0.000000 -0.000000
12  -0.000000 0.000000 0.000001  0.001587 -0.000000 -0.000000
13  -0.000002 -0.000001 -0.000000  0.001953 -0.000000 -0.000000
14  -0.000002 -0.000001 -0.000000  0.002258 -0.000000 -0.000000
15  -0.000006 0.000002 0.000005  0.003823 -0.002716 0.016109
16  1.410071 0.800535 -2.089133  2.009773 0.630250 0.591915
17  3.954710 -0.000001 0.000006  -0.000004 -0.000001 0.166316
18  3.101569 0.000007 0.000004  0.000002 -0.000001 0.240238
19  6.164461 -0.898142 2.575022  0.090705 -0.013516 -0.151467
20  2.805851 0.000004 -0.000005  0.000002 0.000001 0.079095
21  2.307442 -0.000004 0.000003  -0.000000 -0.000000 -0.056423
22  7.145099 -0.676330 -1.382424  0.086918 -0.009133 -0.085503
23  3.672211 0.000003 -0.000002  0.000003 0.000001 0.142941
24  2.676526 0.000002 0.000002  -0.000001 -0.000001 -0.026075
25  6.831177 -0.870853 0.599923  0.130314 -0.006347 -0.065005
26  3.657082 -0.000010 0.000001  0.000000 0.000000 0.057729
27  2.496794 0.000003 -0.000001  0.000000 0.000000 -0.091107
28  7.183354 -0.532073 -3.267604  0.123210 0.020356 -0.052484
29  3.511591 0.000006 0.000000  -0.000001 -0.000001 0.099575
30  2.199411 0.000001 0.000004  0.000001 0.000001 0.029263
31  16.163136 0.000012 -3.830531  -3.098550 1.570794 0.000000
32  -0.000018 -0.000001 0.000001  -0.000515 0.006717 0.010253
33  -0.000002 0.000001 -0.000001  0.000000 -0.000000 -0.029238
34  0.000001 0.000000 -0.000003  -0.000000 0.000000 -0.000000
35  -0.000002 -0.000002 -0.000003  0.000000 0.000000 0.000000
36  -0.000003 -0.000001 -0.000001  0.002014 0.000000 0.000000
37  0.000000 -0.000000 -0.000001  0.002747 -0.000000 0.000000
38  -0.000006 0.000000 -0.000003  0.003418 -0.000000 -0.000000
39  -0.000004 -0.000000 -0.000005  0.004090 -0.000000 -0.000000
40  -0.000004 -0.000002 -0.000003  0.004761 0.000000 0.000000
41  -0.000007 -0.000004 -0.000005  0.005377 0.000940 0.013614
42  1.410069 0.800525 2.089138  -2.009768 -0.630254 0.591907
43  3.954720 0.000012 0.000004  -0.000000 -0.000002 0.166319
44  3.101558 -0.000009 0.000004  -0.000001 -0.000000 0.240238
45  7.183347 -0.532110 3.267601  -0.123210 -0.020355 -0.052486
46  3.511603 -0.000001 0.000001  0.000003 0.000001 0.099571
47  2.199401 0.000004 -0.000001  -0.000001 -0.000001 0.029267
48  7.145096 -0.676362 1.382420  -0.086920 0.009133 -0.085505
49  3.672219 -0.000002 0.000000  0.000001 -0.000000 0.142941
50  2.676518 -0.000004 0.000004  -0.000001 -0.000001 -0.026075
51  6.831176 -0.870879 -0.599926  -0.130311 0.006346 -0.065012
52  3.657078 -0.000002 -0.000003  -0.000000 0.000001 0.057734
53  2.496792 0.000000 0.000003  0.000000 -0.000001 -0.091108
54  6.164466 -0.898158 -2.575027  -0.090704 0.013515 -0.151468
55  2.805849 -0.000004 0.000004  -0.000002 -0.000001 0.079091
56  2.307433 -0.000000 -0.000003  0.000002 0.000001 -0.056419
57  0.000000 0.000000 -0.000000  0.000000 -0.000000 0.000000
58  -0.018833 0.391396 0.193679  -0.004271 0.002810 0.000910
59  0.071249 114.357025 62.238796  -0.000000 -0.000000 -0.000000
60  1.986525 0.000006 -3.123735  -2.705260 -0.000000 -1.570797
61  -1.986692 0.000003 -3.123744  0.436333 0.000001 1.570797
62  -0.000000 -0.000010 -0.000005  0.000000 -0.000000 0.000000
63  -1.986692 0.000003 -3.123736  0.436333 0.000001 1.570797
64  -11.344164 1.135889 0.869281  0.000002 -0.025019 -0.026324
65  1.986525 0.000006 -3.123731  -2.705260 -0.000000 -1.570797
66  -11.350039 -0.729422 0.864885  0.000197 -0.025367 0.026442
67  1.754237 4.036746 -1.682667  0.392575 -0.010120 -1.546362
68  -1.755139 4.036748 -1.682666  -0.392577 -0.010391 -1.594986
69  -0.164556 7.327704 3.928703  0.000000 0.000001 -1.570796
70  0.079082 36.742691 -0.508023  0.000001 -0.000000 -0.000000
71  -1.260174 8.777410 6.736405  -0.000002 -0.424416 -3.141592
72  1.525193 18.283600 2.968622  0.000000 -0.000000 -0.000000
73  0.060217 10.324389 74.469063  0.000008 -0.000000 0.000000
74  0.062808 75.917999 83.075439  1.570797 -0.000000 -1.570796
75  4.804183 -3.971750 0.000001  -0.000000 0.000000 -0.000000
76  -7.041568 -5.025994 0.000001  -0.000000 -0.000000 -0.000000
77  8.407171 -3.978443 0.003055  -1.570796 1.570795 0.000000
78  10.376180 -3.978453 0.003056  -1.570796 1.570796 0.000000
79  10.194007 -0.314064 -1.749547  -1.570796 1.570796 0.000000
80  20.857880 -4.015571 0.000003  0.000000 -0.000000 0.000000
81  3.258435 5.856956 -3.403523  -0.000000 -0.000000 -0.000000
82  15.153045 5.860580 -3.403521  -0.000000 -0.000000 0.000000
83  6.064257 77.294960 36.365799  1.570796 0.000000 1.570796
84  -2.662411 1.445755 40.667957  0.000000 3.141591 1.570796
85  8.352065 2.772896 0.000540  -3.141589 0.000002 0.000000
86  6.064257 72.973694 32.593250  1.570796 0.000000 1.570796
87  0.004365 73.768425 -3.792008  0.000000 -0.000000 0.000000
88  -0.442609 1.284874 8.535290  -0.000000 -0.000001 0.000000
89  0.000001 1.310206 -0.000000  0.000000 0.000000 0.000000
90  0.000001 0.582256 0.000001  0.000000 0.000000 0.000000
91  0.036297 1.284879 7.928798  -0.000000 -0.000001 0.000000
92  0.000001 1.310203 -0.000000  0.000000 0.000000 0.000000
93  -0.000000 0.582253 0.000000  0.000000 0.000000 0.000000
94  5.969324 3.427447 -6.170651  -0.000000 -0.000001 -1.570797
95  -1.310200 0.000001 0.000001  0.000000 -0.000000 -0.000000
96  -0.582250 0.000001 -0.000000  0.000000 0.000000 -0.000000
97  5.969323 9.397394 -6.170660  -0.000000 -0.000001 -1.570796
98  -1.310213 -0.000000 0.000002  0.000000 0.000000 -0.000000
99  -0.582264 -0.000001 0.000001  0.000000 0.000000 -0.000000
100  5.969322 15.223762 -6.170670  0.000000 -0.000001 -1.570796
101  -1.310210 0.000002 0.000000  -0.000000 0.000000 -0.000000
102  -0.582260 0.000001 0.000001  -0.000000 0.000000 -0.000000
103  5.969324 20.835556 -6.170671  0.000000 -0.000001 -1.570796
104  -1.310203 0.000001 0.000001  -0.000000 0.000000 -0.000000
105  -0.582253 0.000000 0.000003  -0.000000 0.000000 -0.000000
106  5.969324 26.771200 -6.170672  0.000000 -0.000001 -1.570796
107  5.969323 32.597591 -6.170675  0.000000 -0.000001 -1.570796
108  5.969324 38.209393 -6.170686  0.000000 -0.000001 -1.570800
109  5.969323 49.488453 -6.170685  0.000000 -0.000001 -1.570800
110  -0.539090 -0.556819 -0.017363  -0.042462 2.681156 1.551919
111  -6.799123 -0.556810 0.818549  -0.272420 2.701993 1.452460
112  -4.615283 -0.556827 0.270328  -0.117230 2.684609 1.518878
113  -2.650969 -0.556813 0.063010  -0.042463 2.681158 1.551919
114  27.110334 1.284856 12.007548  -0.000000 -0.000000 0.000000
115  28.133425 1.284857 12.007548  0.000001 -0.000000 0.000000
116  12.812887 2.241775 12.007550  -0.000000 -0.000001 -0.000001
117  -9.955967 -0.319620 4.380214  -0.000001 -0.000000 -0.000001
118  -11.316473 -0.319626 4.380215  -0.000003 -0.000000 -0.000000
119  -12.667810 -0.319625 4.380215  -0.000003 -0.000000 0.000001
120  -14.022141 -0.319621 4.380215  0.000010 -0.000000 -0.000011
121  -15.373240 -0.319621 4.380214  0.000015 -0.000000 -0.000015
122  -16.724146 -0.319620 4.380214  -0.000009 -0.000000 0.000006
123  -18.074575 -0.319620 4.380214  -0.000006 -0.000000 0.000004
124  -19.423719 -0.319621 4.380214  0.000002 0.000000 -0.000004
125  -20.775272 -0.319620 4.380214  0.000003 0.000000 -0.000004
126  -22.126673 -0.319619 4.380215  0.000003 -0.000000 -0.000004
127  -23.478123 -0.319618 4.380215  0.000005 -0.000000 -0.000006
128  -24.830622 -0.319615 4.380215  0.000036 -0.000000 -0.000038
129  -26.182030 -0.319622 4.380215  -0.000011 -0.000000 0.000011
130  0.529180 -0.167130 0.629484  -0.101270 -0.000000 0.000000
131  -0.211444 -0.241687 0.155361  -0.145847 -0.000000 0.000000
132  0.529190 -0.280708 -0.110293  -0.145847 -0.000000 0.000000
133  -0.173927 -0.337329 -0.638495  -0.181751 -0.000000 0.000000
134  0.529189 -0.399244 -0.975393  -0.181751 -0.000000 0.000000
135  -0.211444 -0.464488 -1.431042  -0.192399 -0.000000 0.000000
136  0.529189 -0.515809 -1.694583  -0.192399 -0.000000 0.000000
137  -0.173928 -0.612157 -2.231911  -0.216703 -0.000000 0.000000
138  0.529188 -0.685816 -2.566440  -0.216703 -0.000000 0.000000
139  -0.211445 -0.769567 -3.027870  -0.237349 -0.000000 0.000000
140  0.529188 -0.832694 -3.288848  -0.237349 -0.000000 0.000000
141  -0.173937 -0.945278 -3.779565  -0.233859 0.000000 0.000000
142  0.529179 -1.024665 -4.112780  -0.233859 0.000000 0.000000
143  -0.211443 -1.132191 -4.577548  -0.262919 -0.000000 0.000000
144  0.529190 -1.201963 -4.836825  -0.262919 0.000000 0.000000
145  -0.000004 -2.810943 -10.636630  0.258454 0.000000 3.141592
146  -0.192455 -1.345782 -5.370045  -0.280373 0.000000 0.000000
147  0.533984 -1.413517 -5.605105  -0.276883 0.000000 0.000000
148  -0.206618 -1.795764 -6.909779  -0.287354 0.000000 0.000000
149  -0.205805 -1.564820 -6.138258  -0.290843 0.000000 0.000000
150  0.530460 -1.643685 -6.395215  -0.290844 0.000000 0.000000
151  0.535311 -1.790710 -7.204133  -0.287354 -0.000000 0.000000
152  -0.202703 -2.030488 -7.702829  -0.286180 -0.000000 0.000000
153  0.509548 -2.118899 -8.011624  -0.298398 -0.000000 0.000000
154  -0.202703 -2.255285 -8.465172  -0.283134 -0.000000 0.000000
155  0.509548 -2.352985 -8.771158  -0.295352 -0.000000 0.000000
156  -0.202704 -2.481604 -9.235471  -0.285437 -0.000000 0.000000
157  0.509547 -2.588686 -9.538638  -0.297654 -0.000000 0.000000
158  0.170123 -21.222095 -1.001140  -0.000001 -0.000001 0.000000
159  0.170123 -20.843868 -0.397183  -0.000001 -0.000001 0.000000
160  0.170123 -20.489752 -1.001141  -0.000001 -0.000001 0.000000
161  0.170124 -20.111069 -0.397183  -0.000001 -0.000001 0.000000
162  0.170123 -19.380091 -0.397186  -0.000001 -0.000001 0.000000
163  0.170123 -19.025116 -1.001146  -0.000001 -0.000001 0.000000
164  0.170123 -18.646666 -0.396447  -0.000001 -0.000001 0.000000
165  0.170124 -19.755768 -1.001142  -0.000001 -0.000001 0.000000
166  -0.015973 10.612517 2.686017  0.000001 -0.000000 -0.000000
167  0.059851 -50.160706 6.449380  1.570797 -0.000000 -1.570797
168  0.064653 27.351290 72.195206  -0.000000 -0.000000 -0.000001
169  6.064261 95.114006 31.645500  -0.000000 -0.000001 1.570796
170  0.054185 102.845642 29.795362  0.000000 0.000001 -1.570796
171  6.064257 69.096565 37.164318  1.570796 0.000000 1.570796
172  1.974303 11.989234 4.589251  0.000000 -0.000000 -0.000000
173  -0.011481 23.944746 5.090361  0.000001 -0.000000 0.000000
174  -1.691251 8.833343 5.763507  0.000001 -0.000000 -0.000000
175  6.064260 89.329811 31.613916  -0.000000 -0.000001 1.570796
176  0.059886 2.255335 54.398014  -0.000000 -0.000000 0.000000
177  0.003497 -22.270645 0.000146  1.570797 -0.000000 -1.570797
178  0.104010 15.380370 2.266153  0.000001 -0.000000 -0.000000
179  0.049049 0.001386 0.027428  0.000000 -0.006897 0.000000
180  0.023797 -0.000525 -0.010421  -0.000000 -0.006897 0.000000
181  -2.662412 1.445758 33.628742  0.000000 3.141591 1.570796
182  8.352065 2.772897 0.000541  -3.141589 0.000002 0.000000
183  -2.662411 1.445755 40.667957  0.000000 3.141591 1.570796
184  8.352065 2.772896 0.000540  -3.141589 0.000002 0.000000
185  -1.431356 16.384779 4.137811  0.000001 -0.000000 0.000000
186  -0.001845 0.521683 -0.140289  0.000000 -0.000000 -0.000000
187  7.323109 -5.136191 -5.166237  -0.000000 0.000000 -0.610865
188  2.698278 -0.000001 -0.000000  -0.000012 0.000000 0.000001
189  2.834159 -0.000001 0.000001  0.000013 0.000000 0.000000
190  2.648917 -0.000000 0.000000  -0.000001 -0.000001 0.000000
191  2.667498 -0.000001 -0.000000  0.000000 0.000000 0.000000
192  2.426702 -0.000000 -0.000000  0.000000 0.000000 -0.000000
193  -0.494744 -44.353447 -1.302299  1.570797 -0.000000 -1.570797
194  11.545937 73.768417 -3.792010  0.000000 -0.000000 -0.000000
195  -0.011102 -16.902811 1.952047  0.000001 -0.000000 -0.000000
196  0.000000 -0.000000 -1.529052  -0.000000 -0.000000 0.000000
197  -0.078942 0.000001 -0.000000  0.000000 0.000001 1.570796
198  0.097092 0.000001 -0.000000  -0.000000 -3.141592 1.570796
199  0.000000 0.000000 0.000000  0.000000 -0.000000 -0.000000
200  -0.024958 0.360073 0.140741  -0.004275 -0.004026 0.001290
201  -0.010017 0.350979 0.164797  -0.004275 -0.004026 0.001290
time 26
0  0 0 0  0 0 0
1  0.000000 0.000000 0.000000  0.000000 -0.000000 -0.000000
2  -0.000005 0.000023 -61.375507  0.000000 0.000000 -1.570795
3  -0.012872 0.000000 8.235020  -1.570799 -1.570796 0.000000
4  16.163128 -0.012870 -0.000002  -0.000000 -0.000000 0.000000
5  16.163143 -0.000009 3.830524  -3.089336 -1.570794 0.000000
6  -0.000031 -0.000001 -0.000000  -0.003782 -0.002140 -0.001827
7  0.000000 -0.000007 -0.000001  0.000000 0.000000 -0.018800
8  -0.000000 0.000001 0.000001  0.000000 -0.000000 -0.000000
9  0.000001 0.000001 0.000001  0.000427 -0.000000 -0.000000
10  -0.000002 0.000000 0.000001  0.000610 -0.000000 -0.000000
11  -0.000001 0.000000 -0.000001  0.000855 0.000000 -0.000000
12  -0.000002 0.000000 -0.000001  0.001099 -0.000000 -0.000000
13  -0.000003 -0.000001 -0.000003  0.001282 -0.000000 -0.000000
14  -0.000004 -0.000001 -0.000001  0.001526 -0.000000 -0.000000
15  -0.000002 0.000002 0.000001  0.003024 -0.003443 0.016353
16  1.410070 0.800535 -2.089134  2.009773 0.630250 0.591915
17  3.954710 -0.000000 0.000006  -0.000004 -0.000001 0.166316
18  3.101566 0.000005 0.000002  0.000002 -0.000001 0.240238
19  6.164461 -0.898142 2.575023  0.090705 -0.013516 -0.151467
20  2.805848 0.000004 -0.000004  0.000002 0.000001 0.079095
21  2.307443 -0.000003 0.000004  -0.000000 -0.000000 -0.056423
22  7.145098 -0.676330 -1.382423  0.086918 -0.009133 -0.085503
23  3.672212 0.000003 0.000001  0.000003 0.000001 0.142941
24  2.676525 0.000002 0.000006  -0.000001 -0.000001 -0.026075
25  6.831176 -0.870853 0.599923  0.130314 -0.006347 -0.065005
26  3.657083 -0.000009 -0.000001  0.000000 0.000000 0.057729
27  2.496796 0.000003 -0.000001  0.000000 0.000000 -0.091107
28  7.183354 -0.532073 -3.267607  0.123210 0.020356 -0.052484
29  3.511592 0.000006 0.000000  -0.000001 -0.000001 0.099575
30  2.199410 -0.000000 0.000002  0.000001 0.000001 0.029263
31  16.163136 0.000012 -3.830531  -3.098550 1.570794 0.000000
32  -0.000018 -0.000001 0.000001  -0.000410 0.003542 0.009887
33  -0.000002 0.000001 -0.000000  0.000000 -0.000000 -0.026002
34  0.000001 0.000000 -0.000001  -0.000000 0.000000 -0.000000
35  -0.000002 -0.000002 -0.000001  0.000000 0.000000 0.000000
36  -0.000003 -0.000001 0.000001  0.002075 0.000000 0.000000
37  -0.000001 -0.000000 -0.000001  0.002747 -0.000000 0.000000
38  -0.000004 0.000001 -0.000001  0.003479 -0.000000 -0.000000
39  -0.000005 0.000000 -0.000001  0.004151 -0.000000 -0.000000
40  -0.000004 -0.000002 -0.000001  0.004822 0.000000 0.000000
41  -0.000007 -0.000004 -0.000003  0.005485 -0.001195 0.012632
42  1.410069 0.800525 2.089136  -2.009768 -0.630254 0.591907
43  3.954718 0.000012 0.000004  -0.000000 -0.000002 0.166319
44  3.101557 -0.000007 0.000004  -0.000001 -0.000000 0.240238
45  7.183347 -0.532110 3.267605  -0.123210 -0.020355 -0.052486
46  3.511602 -0.000001 0.000001  0.000003 0.000001 0.099571
47  2.199403 0.000005 -0.000006  -0.000001 -0.000001 0.029267
48  7.145096 -0.676362 1.382419  -0.086920 0.009133 -0.085505
49  3.672218 -0.000002 0.000000  0.000001 -0.000000 0.142941
50  2.676519 -0.000003 0.000001  -0.000001 -0.000001 -0.026075
51  6.831176 -0.870879 -0.599926  -0.130311 0.006346 -0.065012
52  3.657078 -0.000002 -0.000001  -0.000000 0.000001 0.057734
53  2.496793 0.000001 0.000006  0.000000 -0.000001 -0.091108
54  6.164466 -0.898158 -2.575024  -0.090704 0.013515 -0.151468
55  2.805847 -0.000003 -0.000000  -0.000002 -0.000001 0.079091
56  2.307434 0.000000 -0.000001  0.000002 0.000001 -0.056419
57  0.000000 0.000000 -0.000000  0.000000 -0.000000 0.000000
58  -0.035781 0.349854 0.276567  -0.004331 0.003970 0.001273
59  0.071249 114.357033 62.238796  0.000000 0.000000 -0.000000
60  1.986525 0.000009 -3.123739  -2.705260 -0.000000 -1.570797
61  -1.986692 0.000009 -3.123743  0.436333 0.000001 1.570797
62  -0.000000 -0.000013 -0.000002  0.000000 0.000000 0.000000
63  -1.986692 0.000009 -3.123734  0.436333 0.000001 1.570797
64  -11.344163 1.135889 0.869279  0.000002 -0.025019 -0.026324
65  1.986525 0.000002 -3.123734  -2.705260 -0.000000 -1.570797
66  -11.350041 -0.729422 0.864888  0.000197 -0.025367 0.026442
67  1.754237 4.036749 -1.682664  0.392575 -0.010120 -1.546362
68  -1.755139 4.036754 -1.682661  -0.392577 -0.010391 -1.594986
69  -0.164556 7.327704 3.928703  -0.000000 0.000001 -1.570796
70  0.079082 36.742695 -0.508023  0.000001 0.000000 -0.000000
71  -1.260174 8.777410 6.736406  -0.000002 -0.424416 -3.141592
72  1.525193 18.283598 2.968622  0.000000 0.000000 -0.000000
73  0.060217 10.324389 74.469063  0.000008 0.000000 0.000000
74  0.062808 75.918007 83.075447  1.570797 0.000000 -1.570796
75  4.804192 -3.971732 0.000001  -0.000000 0.000000 -0.000000
76  -7.041556 -5.025979 0.000002  -0.000000 -0.000000 -0.000000
77  8.407199 -3.978423 0.003055  -1.570796 1.570795 0.000000
78  10.376203 -3.978428 0.003056  -1.570796 1.570796 0.000000
79  10.194025 -0.314046 -1.749547  -1.570796 1.570796 0.000000
80  20.857895 -4.015551 0.000003  0.000000 -0.000000 -0.000000
81  3.258453 5.856964 -3.403523  -0.000000 -0.000000 -0.000000
82  15.153056 5.860594 -3.403521  -0.000000 -0.000000 -0.000000
83  6.064256 77.294952 36.365799  1.570796 -0.000000 1.570796
84  -2.662412 1.445755 40.667961  -0.000000 3.141591 1.570796
85  8.352066 2.772896 0.000542  -3.141589 0.000002 -0.000000
86  6.064256 72.973701 32.593250  1.570796 -0.000000 1.570796
87  0.004365 73.768417 -3.792008  0.000000 -0.000000 0.000000
88  -0.442609 1.284885 8.535290  0.000000 -0.000001 0.000000
89  0.000001 1.310203 -0.000001  0.000000 0.000000 0.000000
90  0.000001 0.582253 0.000000  0.000000 0.000000 0.000000
91  0.036297 1.284883 7.928799  0.000000 -0.000001 0.000000
92  0.000001 1.310201 -0.000000  0.000000 0.000000 0.000000
93  -0.000000 0.582251 0.000000  0.000000 0.000000 0.000000
94  5.969324 3.427464 -6.170650  -0.000000 -0.000001 -1.570797
95  -1.310204 0.000001 0.000001  0.000000 -0.000000 -0.000000
96  -0.582253 -0.000000 -0.000001  0.000000 -0.000000 -0.000000
97  5.969323 9.397405 -6.170660  -0.000000 -0.000001 -1.570796
98  -1.310202 -0.000000 0.000001  0.000000 0.000000 -0.000000
99  -0.582252 -0.000001 -0.000000  0.000000 0.000000 -0.000000
100  5.969322 15.223779 -6.170671  0.000000 -0.000001 -1.570796
101  -1.310207 0.000002 0.000000  -0.000000 0.000000 -0.000000
102  -0.582256 0.000001 0.000000  -0.000000 0.000000 -0.000000
103  5.969323 20.835573 -6.170671  0.000000 -0.000001 -1.570796
104  -1.310207 0.000001 -0.000000  -0.000000 0.000000 -0.000000
105  -0.582256 0.000000 0.000001  -0.000000 0.000000 -0.000000
106  5.969324 26.771210 -6.170672  0.000000 -0.000001 -1.570796
107  5.969323 32.597599 -6.170676  0.000000 -0.000001 -1.570796
108  5.969323 38.209408 -6.170685  -0.000000 -0.000001 -1.570800
109  5.969322 49.488472 -6.170686  -0.000000 -0.000001 -1.570800
110  -0.539090 -0.556799 -0.017363  -0.042462 2.681156 1.551919
111  -6.799124 -0.556802 0.818549  -0.272420 2.701993 1.452460
112  -4.615283 -0.556809 0.270328  -0.117230 2.684609 1.518878
113  -2.650969 -0.556801 0.063010  -0.042463 2.681158 1.551919
114  27.110338 1.284864 12.007548  0.000000 -0.000000 -0.000000
115  28.133429 1.284858 12.007548  0.000001 -0.000000 -0.000000
116  12.812887 2.241794 12.007550  0.000000 -0.000001 -0.000001
117  -9.955967 -0.319624 4.380214  -0.000001 -0.000000 -0.000001
118  -11.316473 -0.319623 4.380215  -0.000003 -0.000000 -0.000000
119  -12.667810 -0.319619 4.380215  -0.000003 -0.000000 0.000001
120  -14.022141 -0.319619 4.380215  0.000010 -0.000000 -0.000011
121  -15.373240 -0.319623 4.380214  0.000015 -0.000000 -0.000015
122  -16.724144 -0.319619 4.380214  -0.000009 -0.000000 0.000006
123  -18.074574 -0.319624 4.380214  -0.000006 -0.000000 0.000004
124  -19.423714 -0.319623 4.380214  0.000002 0.000000 -0.000004
125  -20.775270 -0.319618 4.380214  0.000003 0.000000 -0.000004
126  -22.126671 -0.319622 4.380215  0.000003 0.000000 -0.000004
127  -23.478123 -0.319618 4.380215  0.000005 -0.000000 -0.000006
128  -24.830622 -0.319620 4.380215  0.000036 -0.000000 -0.000038
129  -26.182030 -0.319616 4.380215  -0.000011 -0.000000 0.000011
130  0.529180 -0.167119 0.629484  -0.101270 -0.000000 0.000000
131  -0.211444 -0.241683 0.155361  -0.145847 -0.000000 0.000000
132  0.529190 -0.280697 -0.110293  -0.145847 -0.000000 0.000000
133  -0.173927 -0.337327 -0.638496  -0.181751 -0.000000 0.000000
134  0.529189 -0.399233 -0.975394  -0.181751 -0.000000 0.000000
135  -0.211444 -0.464469 -1.431043  -0.192399 -0.000000 0.000000
136  0.529189 -0.515799 -1.694583  -0.192399 -0.000000 0.000000
137  -0.173928 -0.612140 -2.231911  -0.216703 -0.000000 0.000000
138  0.529188 -0.685805 -2.566440  -0.216703 -0.000000 0.000000
139  -0.211445 -0.769555 -3.027871  -0.237349 -0.000000 0.000000
140  0.529188 -0.832685 -3.288847  -0.237349 -0.000000 0.000000
141  -0.173937 -0.945280 -3.779564  -0.233859 0.000000 0.000000
142  0.529179 -1.024650 -4.112781  -0.233859 0.000000 0.000000
143  -0.211443 -1.132175 -4.577548  -0.262919 -0.000000 0.000000
144  0.529190 -1.201957 -4.836826  -0.262919 0.000000 0.000000
145  -0.000004 -2.810934 -10.636631  0.258454 0.000000 3.141592
146  -0.192455 -1.345770 -5.370045  -0.280373 0.000000 0.000000
147  0.533984 -1.413503 -5.605106  -0.276883 0.000000 0.000000
148  -0.206618 -1.795758 -6.909780  -0.287354 0.000000 0.000000
149  -0.205805 -1.564808 -6.138258  -0.290843 0.000000 0.000000
150  0.530460 -1.643674 -6.395215  -0.290844 0.000000 0.000000
151  0.535311 -1.790704 -7.204133  -0.287354 -0.000000 0.000000
152  -0.202703 -2.030481 -7.702830  -0.286180 -0.000000 0.000000
153  0.509548 -2.118887 -8.011625  -0.298398 -0.000000 0.000000
154  -0.202703 -2.255276 -8.465173  -0.283134 -0.000000 0.000000
155  0.509548 -2.352980 -8.771159  -0.295352 -0.000000 0.000000
156  -0.202704 -2.481593 -9.235472  -0.285437 -0.000000 0.000000
157  0.509547 -2.588670 -9.538638  -0.297654 -0.000000 0.000000
158  0.170123 -21.222084 -1.001140  -0.000001 -0.000001 0.000000
159  0.170123 -20.843863 -0.397183  -0.000001 -0.000001 0.000000
160  0.170123 -20.489738 -1.001141  -0.000001 -0.000001 0.000000
161  0.170124 -20.111067 -0.397183  -0.000001 -0.000001 0.000000
162  0.170123 -19.380083 -0.397187  -0.000001 -0.000001 0.000000
163  0.170123 -19.025101 -1.001146  -0.000001 -0.000001 0.000000
164  0.170123 -18.646650 -0.396448  -0.000001 -0.000001 0.000000
165  0.170124 -19.755753 -1.001142  -0.000001 -0.000001 0.000000
166  -0.015973 10.612519 2.686017  0.000001 0.000000 -0.000000
167  0.059851 -50.160702 6.449381  1.570797 0.000000 -1.570797
168  0.064653 27.351290 72.195206  0.000000 -0.000000 -0.000001
169  6.064260 95.114021 31.645504  0.000000 -0.000001 1.570796
170  0.054185 102.845650 29.795364  -0.000000 0.000001 -1.570796
171  6.064257 69.096558 37.164322  1.570796 -0.000000 1.570796
172  1.974303 11.989234 4.589251  0.000000 0.000000 -0.000000
173  -0.011481 23.944746 5.090362  0.000001 -0.000000 0.000000
174  -1.691251 8.833343 5.763507  0.000001 0.000000 -0.000000
175  6.064260 89.329811 31.613918  0.000000 -0.000001 1.570796
176  0.059886 2.255335 54.398014  0.000000 0.000000 0.000000
177  0.003497 -22.270647 0.000154  1.570797 0.000000 -1.570797
178  0.104010 15.380372 2.266153  0.000001 0.000000 -0.000000
179  0.049047 0.001386 0.027428  0.000000 -0.006897 0.000000
180  0.023798 -0.000529 -0.010420  -0.000000 -0.006897 0.000000
181  -2.662412 1.445758 33.628742  -0.000000 3.141591 1.570796
182  8.352065 2.772897 0.000537  -3.141589 0.000002 -0.000000
183  -2.662412 1.445755 40.667961  -0.000000 3.141591 1.570796
184  8.352066 2.772896 0.000542  -3.141589 0.000002 -0.000000
185  -1.431356 16.384779 4.137811  0.000001 0.000000 0.000000
186  -0.001845 0.521683 -0.140290  0.000000 0.000000 -0.000000
187  7.323109 -5.136191 -5.166237  0.000000 0.000000 -0.610865
188  2.698277 -0.000001 0.000000  -0.000012 0.000000 0.000001
189  2.834159 -0.000001 0.000001  0.000013 0.000000 0.000000
190  2.648919 -0.000000 0.000000  -0.000001 -0.000001 0.000000
191  2.667499 -0.000003 -0.000000  0.000000 0.000000 0.000000
192  2.426704 -0.000002 -0.000000  0.000000 0.000000 -0.000000
193  -0.494744 -44.353443 -1.302299  1.570797 0.000000 -1.570797
194  11.545939 73.768417 -3.792010  0.000000 0.000000 -0.000000
195  -0.011102 -16.902813 1.952047  0.000001 0.000000 -0.000000
196  -0.000000 -0.000001 -1.529052  -0.000000 -0.000000 0.000000
197  -0.078942 -0.000002 -0.000000  0.000000 0.000001 1.570796
198  0.097092 -0.000001 -0.000000  -0.000000 -3.141592 1.570796
199  0.000000 0.000000 0.000000  0.000000 -0.000000 -0.000000
200  -0.054083 0.317875 0.224464  -0.004336 -0.002865 0.001654
201  -0.043077 0.310909 0.241850  -0.004336 -0.002865 0.001654
time 27
0  0 0 0  0 0 0
1  0.000000 0.000000 0.000000  0.000000 -0.000000 -0.000000
2  -0.000005 0.000023 -61.375507  0.000000 0.000000 -1.570795
3  -0.012872 0.000000 8.235020  -1.570799 -1.570796 0.000000
4  16.163128 -0.012870 -0.000002  -0.000000 -0.000000 0.000000
5  16.163143 -0.000009 3.830524  -3.089336 -1.570794 0.000000
6  -0.000031 -0.000001 -0.000000  -0.004089 -0.001102 -0.001462
7  0.000001 -0.000006 0.000005  0.000000 0.000000 -0.012207
8  -0.000000 0.000001 -0.000001  0.000000 -0.000000 -0.000000
9  0.000001 0.000001 -0.000001  0.001160 -0.000000 -0.000000
10  -0.000001 0.000000 -0.000001  0.001770 -0.000000 -0.000000
11  -0.000000 0.000001 0.000001  0.002380 0.000000 -0.000000
12  -0.000002 0.000000 -0.000001  0.002930 -0.000000 -0.000000
13  -0.000001 -0.000001 -0.000001  0.003540 -0.000000 -0.000000
14  -0.000004 -0.000001 -0.000002  0.004150 -0.000000 -0.000000
15  -0.000004 0.000001 0.000001  0.005493 -0.000033 0.012146
16  1.410070 0.800535 -2.089135  2.009773 0.630250 0.591915
17  3.954710 -0.000002 0.000007  -0.000004 -0.000001 0.166316
18  3.101570 0.000005 0.000004  0.000002 -0.000001 0.240238
19  6.164461 -0.898142 2.575020  0.090705 -0.013516 -0.151467
20  2.805849 0.000004 -0.000006  0.000002 0.000001 0.079095
21  2.307444 -0.000004 0.000004  -0.000000 -0.000000 -0.056423
22  7.145100 -0.676330 -1.382425  0.086918 -0.009133 -0.085503
23  3.672212 0.000003 -0.000001  0.000003 0.000001 0.142941
24  2.676524 0.000001 0.000005  -0.000001 -0.000001 -0.026075
25  6.831178 -0.870853 0.599923  0.130314 -0.006347 -0.065005
26  3.657081 -0.000009 0.000001  0.000000 0.000000 0.057729
27  2.496794 0.000004 0.000003  0.000000 0.000000 -0.091107
28  7.183354 -0.532073 -3.267607  0.123210 0.020356 -0.052484
29  3.511592 0.000006 -0.000000  -0.000001 -0.000001 0.099575
30  2.199411 0.000000 0.000003  0.000001 0.000001 0.029263
31  16.163136 0.000012 -3.830531  -3.098550 1.570794 0.000000
32  -0.000018 -0.000001 0.000001  -0.000175 0.002381 0.006897
33  -0.000000 0.000001 -0.000004  0.000000 -0.000000 -0.016602
34  0.000000 0.000000 -0.000000  -0.000000 0.000000 -0.000000
35  -0.000003 -0.000002 -0.000000  0.000000 0.000000 0.000000
36  -0.000003 -0.000001 0.000002  0.003235 0.000000 0.000000
37  -0.000001 -0.000000 -0.000000  0.004333 -0.000000 0.000000
38  -0.000005 0.000000 0.000001  0.005432 -0.000000 -0.000000
39  -0.000005 -0.000000 -0.000002  0.006531 -0.000000 0.000000
40  -0.000006 -0.000002 -0.000000  0.007630 0.000000 0.000000
41  -0.000008 -0.000004 -0.000002  0.008672 0.001866 0.005990
42  1.410069 0.800525 2.089139  -2.009768 -0.630254 0.591907
43  3.954716 0.000013 0.000005  -0.000000 -0.000002 0.166320
44  3.101558 -0.000006 0.000003  -0.000001 -0.000000 0.240238
45  7.183348 -0.532110 3.267604  -0.123210 -0.020355 -0.052486
46  3.511602 -0.000001 -0.000003  0.000003 0.000001 0.099571
47  2.199404 0.000004 -0.000002  -0.000001 -0.000001 0.029267
48  7.145096 -0.676362 1.382423  -0.086920 0.009133 -0.085505
49  3.672219 -0.000002 0.000001  0.000001 -0.000000 0.142941
50  2.676519 -0.000004 0.000002  -0.000001 -0.000001 -0.026075
51  6.831176 -0.870879 -0.599925  -0.130311 0.006346 -0.065012
52  3.657078 -0.000002 -0.000004  -0.000000 0.000001 0.057734
53  2.496795 0.000001 0.000003  0.000000 -0.000001 -0.091108
54  6.164467 -0.898158 -2.575024  -0.090704 0.013515 -0.151468
55  2.805848 -0.000003 0.000001  -0.000002 -0.000001 0.079091
56  2.307435 -0.000000 -0.000001  0.000002 0.000001 -0.056419
57  0.000000 0.000000 -0.000000  0.000000 -0.000000 0.000000
58  -0.066288 0.242035 0.202497  -0.004700 -0.000423 0.001649
59  0.071249 114.357018 62.238789  0.000000 0.000000 -0.000000
60  1.986524 0.000014 -3.123737  -2.705260 -0.000000 -1.570797
61  -1.986692 0.000020 -3.123744  0.436333 0.000001 1.570797
62  0.000000 0.000001 -0.000000  0.000000 -0.000000 0.000000
63  -1.986692 0.000012 -3.123739  0.436333 0.000001 1.570797
64  -11.344162 1.135889 0.869284  0.000002 -0.025019 -0.026324
65  1.986524 0.000007 -3.123735  -2.705260 -0.000000 -1.570797
66  -11.350052 -0.729419 0.864893  0.000197 -0.025367 0.026442
67  1.754236 4.036756 -1.682667  0.392575 -0.010120 -1.546362
68  -1.755139 4.036752 -1.682665  -0.392577 -0.010391 -1.594986
69  -0.164556 7.327703 3.928703  0.000000 0.000001 -1.570796
70  0.079082 36.742687 -0.508023  0.000001 0.000000 -0.000000
71  -1.260174 8.777408 6.736405  -0.000002 -0.424416 -3.141592
72  1.525193 18.283596 2.968621  0.000000 -0.000000 0.000000
73  0.060217 10.324388 74.469048  0.000008 0.000000 0.000000
74  0.062808 75.917992 83.075432  1.570797 0.000000 -1.570796
75  4.804190 -3.971745 0.000001  -0.000000 0.000000 -0.000000
76  -7.041558 -5.025986 0.000002  -0.000000 -0.000000 -0.000000
77  8.407194 -3.978432 0.003055  -1.570796 1.570795 0.000000
78  10.376206 -3.978440 0.003056  -1.570796 1.570796 0.000000
79  10.194027 -0.314061 -1.749547  -1.570796 1.570796 0.000000
80  20.857895 -4.015562 0.000003  0.000000 -0.000000 -0.000000
81  3.258450 5.856951 -3.403523  -0.000000 -0.000000 -0.000000
82  15.153061 5.860584 -3.403521  0.000000 -0.000000 -0.000000
83  6.064256 77.294937 36.365795  1.570796 -0.000000 1.570796
84  -2.662411 1.445755 40.667953  0.000000 3.141591 1.570796
85  8.352065 2.772896 0.000545  -3.141589 0.000002 0.000000
86  6.064256 72.973686 32.593246  1.570796 -0.000000 1.570796
87  0.004365 73.768410 -3.792007  0.000000 -0.000000 0.000000
88  -0.442609 1.284872 8.535289  0.000000 -0.000001 0.000000
89  0.000001 1.310204 -0.000000  0.000000 -0.000000 0.000000
90  0.000001 0.582250 0.000000  0.000000 -0.000000 0.000000
91  0.036297 1.284880 7.928798  0.000000 -0.000001 0.000000
92  0.000001 1.310204 -0.000001  0.000000 -0.000000 0.000000
93  -0.000000 0.582250 -0.000000  0.000000 -0.000000 0.000000
94  5.969322 3.427457 -6.170650  -0.000000 -0.000001 -1.570797
95  -1.310217 0.000001 0.000000  0.000000 -0.000000 -0.000000
96  -0.582263 -0.000000 -0.000001  0.000000 0.000000 -0.000000
97  5.969322 9.397392 -6.170659  -0.000000 -0.000001 -1.570796
98  -1.310211 0.000001 0.000001  0.000000 0.000000 -0.000000
99  -0.582265 0.000000 0.000000  0.000000 0.000000 -0.000000
100  5.969321 15.223770 -6.170670  -0.000000 -0.000001 -1.570796
101  -1.310211 0.000002 -0.000000  -0.000000 0.000000 -0.000000
102  -0.582257 0.000002 0.000000  -0.000000 0.000000 -0.000000
103  5.969322 20.835558 -6.170671  -0.000000 -0.000001 -1.570796
104  -1.310213 0.000002 0.000000  -0.000000 0.000000 -0.000000
105  -0.582259 0.000001 0.000002  -0.000000 0.000000 -0.000000
106  5.969323 26.771198 -6.170672  -0.000000 -0.000001 -1.570796
107  5.969322 32.597591 -6.170674  -0.000000 -0.000001 -1.570796
108  5.969323 38.209385 -6.170686  -0.000000 -0.000001 -1.570800
109  5.969321 49.488453 -6.170684  -0.000000 -0.000001 -1.570800
110  -0.539090 -0.556812 -0.017363  -0.042462 2.681156 1.551919
111  -6.799123 -0.556810 0.818549  -0.272420 2.701993 1.452460
112  -4.615282 -0.556821 0.270327  -0.117230 2.684609 1.518878
113  -2.650969 -0.556805 0.063010  -0.042463 2.681158 1.551919
114  27.110334 1.284854 12.007548  0.000000 -0.000000 0.000000
115  28.133421 1.284853 12.007546  0.000001 -0.000000 0.000000
116  12.812885 2.241783 12.007548  0.000000 -0.000001 -0.000001
117  -9.955966 -0.319625 4.380214  -0.000001 -0.000000 -0.000001
118  -11.316471 -0.319624 4.380214  -0.000003 -0.000000 0.000000
119  -12.667809 -0.319623 4.380214  -0.000003 -0.000000 0.000001
120  -14.022140 -0.319625 4.380214  0.000010 -0.000000 -0.000011
121  -15.373239 -0.319625 4.380213  0.000015 -0.000000 -0.000015
122  -16.724138 -0.319625 4.380214  -0.000009 -0.000000 0.000006
123  -18.074568 -0.319626 4.380214  -0.000006 0.000000 0.000004
124  -19.423714 -0.319621 4.380214  0.000002 0.000000 -0.000004
125  -20.775269 -0.319620 4.380214  0.000003 0.000000 -0.000004
126  -22.126669 -0.319627 4.380214  0.000003 0.000000 -0.000004
127  -23.478121 -0.319626 4.380214  0.000005 0.000000 -0.000006
128  -24.830618 -0.319623 4.380214  0.000036 0.000000 -0.000038
129  -26.182026 -0.319622 4.380214  -0.000011 0.000000 0.000011
130  0.529180 -0.167126 0.629483  -0.101270 -0.000000 0.000000
131  -0.211444 -0.241682 0.155361  -0.145847 -0.000000 0.000000
132  0.529190 -0.280703 -0.110293  -0.145847 -0.000000 0.000000
133  -0.173927 -0.337327 -0.638496  -0.181751 -0.000000 0.000000
134  0.529189 -0.399253 -0.975394  -0.181751 -0.000000 0.000000
135  -0.211444 -0.464480 -1.431043  -0.192399 -0.000000 0.000000
136  0.529189 -0.515818 -1.694584  -0.192400 -0.000000 0.000000
137  -0.173928 -0.612157 -2.231911  -0.216703 -0.000000 0.000000
138  0.529188 -0.685805 -2.566440  -0.216703 -0.000000 0.000000
139  -0.211445 -0.769560 -3.027870  -0.237349 -0.000000 0.000000
140  0.529188 -0.832690 -3.288847  -0.237349 -0.000000 0.000000
141  -0.173937 -0.945285 -3.779564  -0.233859 0.000000 0.000000
142  0.529179 -1.024662 -4.112780  -0.233859 0.000000 0.000000
143  -0.211443 -1.132183 -4.577547  -0.262919 -0.000000 0.000000
144  0.529190 -1.201966 -4.836824  -0.262919 0.000000 0.000000
145  -0.000004 -2.810948 -10.636630  0.258454 0.000000 3.141592
146  -0.192455 -1.345780 -5.370045  -0.280373 0.000000 0.000000
147  0.533984 -1.413510 -5.605105  -0.276883 0.000000 0.000000
148  -0.206618 -1.795762 -6.909780  -0.287354 0.000000 0.000000
149  -0.205805 -1.564825 -6.138257  -0.290843 0.000000 0.000000
150  0.530460 -1.643684 -6.395215  -0.290844 0.000000 0.000000
151  0.535311 -1.790704 -7.204132  -0.287354 -0.000000 0.000000
152  -0.202703 -2.030482 -7.702829  -0.286180 -0.000000 0.000000
153  0.509548 -2.118899 -8.011623  -0.298398 -0.000000 0.000000
154  -0.202703 -2.255283 -8.465170  -0.283134 -0.000000 0.000000
155  0.509548 -2.352984 -8.771158  -0.295352 -0.000000 0.000000
156  -0.202704 -2.481596 -9.235470  -0.285437 -0.000000 0.000000
157  0.509547 -2.588679 -9.538638  -0.297654 -0.000000 0.000000
158  0.170123 -21.222095 -1.001140  -0.000001 -0.000001 0.000000
159  0.170123 -20.843866 -0.397183  -0.000001 -0.000001 0.000000
160  0.170123 -20.489752 -1.001141  -0.000001 -0.000001 0.000000
161  0.170124 -20.111073 -0.397183  -0.000001 -0.000001 0.000000
162  0.170123 -19.380093 -0.397187  -0.000001 -0.000001 0.000000
163  0.170123 -19.025108 -1.001146  -0.000001 -0.000001 0.000000
164  0.170123 -18.646662 -0.396448  -0.000001 -0.000001 0.000000
165  0.170124 -19.755762 -1.001142  -0.000001 -0.000001 0.000000
166  -0.015973 10.612515 2.686017  0.000001 0.000000 -0.000000
167  0.059851 -50.160694 6.449380  1.570797 0.000000 -1.570797
168  0.064653 27.351288 72.195206  0.000000 -0.000000 -0.000001
169  6.064260 95.113998 31.645500  -0.000000 -0.000001 1.570796
170  0.054185 102.845634 29.795361  0.000000 0.000001 -1.570796
171  6.064256 69.096550 37.164310  1.570796 -0.000000 1.570796
172  1.974302 11.989232 4.589250  0.000000 -0.000000 0.000000
173  -0.011481 23.944742 5.090361  0.000001 -0.000000 0.000000
174  -1.691251 8.833341 5.763506  0.000001 -0.000000 0.000000
175  6.064260 89.329796 31.613914  -0.000000 -0.000001 1.570796
176  0.059886 2.255334 54.398006  0.000000 0.000000 0.000000
177  0.003497 -22.270641 0.000149  1.570797 0.000000 -1.570797
178  0.104010 15.380368 2.266152  0.000001 0.000000 -0.000000
179  0.049048 0.001387 0.027424  0.000000 -0.006897 0.000000
180  0.023797 -0.000526 -0.010422  -0.000000 -0.006897 0.000000
181  -2.662412 1.445758 33.628742  0.000000 3.141591 1.570796
182  8.352066 2.772897 0.000541  -3.141589 0.000002 0.000000
183  -2.662411 1.445755 40.667953  0.000000 3.141591 1.570796
184  8.352065 2.772896 0.000545  -3.141589 0.000002 0.000000
185  -1.431356 16.384777 4.137811  0.000001 -0.000000 0.000000
186  -0.001845 0.521683 -0.140289  0.000000 0.000000 -0.000000
187  7.323108 -5.136190 -5.166236  0.000000 0.000000 -0.610865
188  2.698278 -0.000002 0.000001  -0.000012 0.000000 0.000001
189  2.834159 -0.000003 -0.000000  0.000013 0.000000 -0.000000
190  2.648918 0.000000 0.000001  -0.000001 -0.000001 0.000000
191  2.667498 -0.000002 -0.000000  0.000000 0.000000 0.000000
192  2.426699 -0.000002 -0.000000  0.000000 0.000000 -0.000000
193  -0.494744 -44.353439 -1.302299  1.570797 0.000000 -1.570797
194  11.545937 73.768410 -3.792009  0.000000 -0.000000 0.000000
195  -0.011102 -16.902811 1.952047  0.000001 0.000000 -0.000000
196  0.000000 0.000000 -1.529052  -0.000000 -0.000000 0.000000
197  -0.078942 0.000002 -0.000000  0.000000 0.000001 1.570796
198  0.097092 0.000002 -0.000000  -0.000000 -3.141592 1.570796
199  0.000000 0.000000 0.000000  0.000000 -0.000000 -0.000000
200  -0.057905 0.206413 0.140032  -0.004707 -0.007320 0.002032
201  -0.030306 0.200726 0.181473  -0.004707 -0.007320 0.002031
time 28
0  0 0 0  0 0 0
1  0.000000 0.000000 0.000000  0.000000 -0.000000 -0.000000
2  -0.000005 0.000023 -61.375507  0.000000 0.000000 -1.570795
3  -0.012872 0.000000 8.235020  -1.570799 -1.570796 0.000000
4  16.163128 -0.012870 -0.000002  -0.000000 -0.000000 0.000000
5  16.163143 -0.000009 3.830524  -3.089336 -1.570794 0.000000
6  -0.000031 -0.000001 -0.000000  -0.004395 -0.000855 -0.000120
7  -0.000001 -0.000007 0.000002  0.000000 0.000000 -0.003418
8  -0.000000 0.000001 -0.000000  0.000000 -0.000000 -0.000000
9  0.000001 0.000001 -0.000000  0.002563 -0.000000 -0.000000
10  -0.000001 0.000000 0.000002  0.003845 -0.000000 -0.000000
11  -0.000002 0.000000 0.000002  0.005127 0.000000 -0.000000
12  -0.000001 -0.000000 -0.000000  0.006409 -0.000000 -0.000000
13  -0.000003 -0.000001 -0.000000  0.007691 -0.000000 -0.000000
14  -0.000004 -0.000001 -0.000000  0.008972 -0.000000 -0.000000
15  -0.000004 0.000001 0.000002  0.010153 0.006928 0.006078
16  1.410070 0.800534 -2.089138  2.009773 0.630250 0.591915
17  3.954710 -0.000004 0.000006  -0.000004 -0.000001 0.166316
18  3.101569 0.000006 0.000003  0.000002 -0.000001 0.240238
19  6.164461 -0.898142 2.575020  0.090705 -0.013516 -0.151467
20  2.805848 0.000004 -0.000004  0.000002 0.000001 0.079095
21  2.307441 -0.000004 -0.000000  -0.000000 -0.000000 -0.056423
22  7.145098 -0.676330 -1.382425  0.086918 -0.009133 -0.085503
23  3.672212 0.000003 -0.000003  0.000003 0.000001 0.142941
24  2.676528 0.000002 -0.000000  -0.000001 -0.000001 -0.026075
25  6.831177 -0.870854 0.599920  0.130314 -0.006347 -0.065005
26  3.657083 -0.000009 -0.000002  0.000000 0.000000 0.057729
27  2.496794 0.000004 0.000001  0.000000 0.000000 -0.091107
28  7.183353 -0.532073 -3.267607  0.123210 0.020356 -0.052484
29  3.511591 0.000005 -0.000003  -0.000001 -0.000001 0.099575
30  2.199410 0.000000 0.000003  0.000001 0.000001 0.029263
31  16.163136 0.000012 -3.830531  -3.098550 1.570794 0.000000
32  -0.000018 -0.000001 0.000001  0.000185 0.001892 0.002075
33  -0.000000 0.000001 -0.000001  0.000000 -0.000000 -0.003296
34  0.000000 0.000000 -0.000001  -0.000000 0.000000 -0.000000
35  -0.000002 -0.000003 -0.000001  0.000000 0.000000 0.000000
36  -0.000003 -0.000001 0.000001  0.005493 0.000000 0.000000
37  -0.000001 -0.000000 0.000001  0.007324 -0.000000 0.000000
38  -0.000005 0.000000 0.000001  0.009155 -0.000000 -0.000000
39  -0.000002 -0.000000 0.000001  0.010987 -0.000000 0.000000
40  -0.000004 -0.000002 -0.000001  0.012818 0.000000 0.000000
41  -0.000006 -0.000004 -0.000005  0.014633 0.008450 -0.003600
42  1.410069 0.800525 2.089138  -2.009768 -0.630254 0.591907
43  3.954720 0.000013 0.000005  -0.000000 -0.000002 0.166320
44  3.101558 -0.000008 0.000004  -0.000001 -0.000000 0.240238
45  7.183347 -0.532110 3.267601  -0.123210 -0.020355 -0.052486
46  3.511602 -0.000001 0.000001  0.000003 0.000001 0.099571
47  2.199405 0.000004 -0.000000  -0.000001 -0.000001 0.029267
48  7.145095 -0.676362 1.382419  -0.086920 0.009133 -0.085505
49  3.672220 -0.000002 0.000000  0.000001 -0.000000 0.142941
50  2.676518 -0.000004 0.000002  -0.000001 -0.000001 -0.026075
51  6.831176 -0.870879 -0.599927  -0.130311 0.006346 -0.065012
52  3.657079 -0.000002 -0.000001  -0.000000 0.000001 0.057734
53  2.496794 0.000001 0.000002  0.000000 -0.000001 -0.091108
54  6.164467 -0.898158 -2.575025  -0.090704 0.013515 -0.151468
55  2.805848 -0.000004 0.000003  -0.000002 -0.000001 0.079091
56  2.307436 -0.000000 -0.000002  0.000002 0.000001 -0.056419
57  0.000000 0.000000 -0.000000  0.000000 -0.000000 0.000000
58  -0.105511 0.089699 0.048478  -0.005136 -0.009151 0.001916
59  0.071249 114.357025 62.238789  0.000000 -0.000000 -0.000000
60  1.986524 0.000007 -3.123742  -2.705260 -0.000000 -1.570797
61  -1.986692 0.000004 -3.123749  0.436333 0.000001 1.570797
62  -0.000000 -0.000007 -0.000008  0.000000 -0.000000 0.000000
63  -1.986692 0.000012 -3.123740  0.436333 0.000001 1.570797
64  -11.344155 1.135885 0.869283  0.000002 -0.025019 -0.026324
65  1.986525 0.000015 -3.123737  -2.705260 -0.000000 -1.570797
66  -11.350058 -0.729423 0.864888  0.000197 -0.025367 0.026442
67  1.754236 4.036754 -1.682668  0.392575 -0.010120 -1.546362
68  -1.755139 4.036747 -1.682669  -0.392577 -0.010391 -1.594986
69  -0.164556 7.327704 3.928703  0.000000 0.000001 -1.570796
70  0.079082 36.742691 -0.508023  0.000001 -0.000000 -0.000000
71  -1.260174 8.777409 6.736405  -0.000002 -0.424416 -3.141592
72  1.525193 18.283598 2.968622  0.000000 -0.000000 -0.000000
73  0.060216 10.324389 74.469040  0.000008 -0.000000 0.000000
74  0.062808 75.917992 83.075432  1.570797 0.000000 -1.570796
75  4.804185 -3.971751 0.000001  -0.000000 0.000000 -0.000000
76  -7.041561 -5.025994 0.000001  -0.000000 -0.000000 -0.000000
77  8.407181 -3.978440 0.003055  -1.570796 1.570795 0.000000
78  10.376187 -3.978450 0.003056  -1.570796 1.570796 0.000000
79  10.194026 -0.314071 -1.749547  -1.570796 1.570796 0.000000
80  20.857891 -4.015571 0.000003  0.000000 -0.000000 -0.000000
81  3.258449 5.856947 -3.403523  -0.000000 -0.000000 -0.000000
82  15.153049 5.860569 -3.403521  -0.000000 -0.000000 -0.000000
83  6.064256 77.294952 36.365791  1.570796 -0.000000 1.570796
84  -2.662411 1.445755 40.667957  0.000000 3.141591 1.570796
85  8.352066 2.772896 0.000539  -3.141589 0.000002 0.000000
86  6.064255 72.973694 32.593246  1.570796 -0.000000 1.570796
87  0.004365 73.768410 -3.792008  0.000000 -0.000000 0.000000
88  -0.442609 1.284882 8.535290  0.000000 -0.000001 0.000000
89  0.000001 1.310213 -0.000001  0.000000 -0.000000 0.000000
90  0.000001 0.582263 -0.000000  0.000000 -0.000000 0.000000
91  0.036297 1.284879 7.928798  -0.000000 -0.000001 0.000000
92  0.000001 1.310218 -0.000001  0.000000 -0.000000 0.000000
93  0.000000 0.582268 -0.000000  0.000000 -0.000000 0.000000
94  5.969323 3.427458 -6.170651  -0.000000 -0.000001 -1.570797
95  -1.310210 0.000001 0.000001  0.000000 -0.000000 -0.000000
96  -0.582260 -0.000001 -0.000001  0.000000 -0.000000 -0.000000
97  5.969323 9.397393 -6.170658  -0.000000 -0.000001 -1.570796
98  -1.310211 0.000000 0.000001  0.000000 0.000000 -0.000000
99  -0.582269 -0.000001 0.000000  0.000000 0.000000 -0.000000
100  5.969322 15.223762 -6.170670  0.000000 -0.000001 -1.570796
101  -1.310210 0.000002 -0.000000  -0.000000 0.000000 -0.000000
102  -0.582260 0.000001 -0.000000  -0.000000 0.000000 -0.000000
103  5.969323 20.835564 -6.170671  0.000000 -0.000001 -1.570796
104  -1.310202 0.000001 0.000001  -0.000000 0.000000 -0.000000
105  -0.582252 -0.000000 0.000002  -0.000000 0.000000 -0.000000
106  5.969323 26.771202 -6.170672  0.000000 -0.000001 -1.570796
107  5.969322 32.597588 -6.170674  0.000000 -0.000001 -1.570796
108  5.969323 38.209389 -6.170685  0.000000 -0.000001 -1.570800
109  5.969322 49.488457 -6.170683  0.000000 -0.000001 -1.570800
110  -0.539090 -0.556812 -0.017362  -0.042462 2.681156 1.551919
111  -6.799123 -0.556811 0.818550  -0.272420 2.701993 1.452460
112  -4.615283 -0.556831 0.270328  -0.117230 2.684609 1.518878
113  -2.650969 -0.556809 0.063010  -0.042463 2.681158 1.551919
114  27.110334 1.284854 12.007549  0.000000 -0.000000 -0.000000
115  28.133423 1.284847 12.007547  0.000001 -0.000000 -0.000000
116  12.812886 2.241784 12.007549  0.000000 -0.000001 -0.000001
117  -9.955967 -0.319626 4.380214  -0.000001 -0.000000 -0.000001
118  -11.316474 -0.319629 4.380215  -0.000003 -0.000000 -0.000000
119  -12.667811 -0.319627 4.380215  -0.000003 -0.000000 0.000001
120  -14.022141 -0.319626 4.380215  0.000010 -0.000000 -0.000011
121  -15.373240 -0.319624 4.380214  0.000015 -0.000000 -0.000015
122  -16.724142 -0.319623 4.380214  -0.000009 -0.000000 0.000006
123  -18.074572 -0.319622 4.380214  -0.000006 -0.000000 0.000004
124  -19.423714 -0.319624 4.380214  0.000002 0.000000 -0.000004
125  -20.775269 -0.319621 4.380214  0.000003 0.000000 -0.000004
126  -22.126669 -0.319626 4.380215  0.000003 -0.000000 -0.000004
127  -23.478121 -0.319623 4.380215  0.000005 -0.000000 -0.000006
128  -24.830618 -0.319619 4.380215  0.000036 0.000000 -0.000038
129  -26.182026 -0.319624 4.380215  -0.000011 0.000000 0.000011
130  0.529180 -0.167130 0.629484  -0.101270 -0.000000 0.000000
131  -0.211444 -0.241687 0.155361  -0.145847 -0.000000 0.000000
132  0.529190 -0.280703 -0.110293  -0.145847 -0.000000 0.000000
133  -0.173927 -0.337323 -0.638496  -0.181751 -0.000000 0.000000
134  0.529189 -0.399242 -0.975393  -0.181751 -0.000000 0.000000
135  -0.211444 -0.464478 -1.431042  -0.192399 -0.000000 0.000000
136  0.529189 -0.515811 -1.694583  -0.192399 -0.000000 0.000000
137  -0.173928 -0.612150 -2.231910  -0.216703 -0.000000 0.000000
138  0.529188 -0.685808 -2.566439  -0.216703 -0.000000 0.000000
139  -0.211445 -0.769562 -3.027870  -0.237349 -0.000000 0.000000
140  0.529188 -0.832681 -3.288846  -0.237349 -0.000000 0.000000
141  -0.173937 -0.945281 -3.779564  -0.233859 0.000000 0.000000
142  0.529179 -1.024660 -4.112780  -0.233859 0.000000 0.000000
143  -0.211443 -1.132193 -4.577547  -0.262919 -0.000000 0.000000
144  0.529190 -1.201967 -4.836824  -0.262919 0.000000 0.000000
145  -0.000004 -2.810943 -10.636630  0.258454 0.000000 3.141592
146  -0.192455 -1.345778 -5.370045  -0.280373 0.000000 0.000000
147  0.533984 -1.413512 -5.605105  -0.276883 0.000000 0.000000
148  -0.206618 -1.795754 -6.909778  -0.287354 0.000000 0.000000
149  -0.205805 -1.564819 -6.138256  -0.290843 0.000000 0.000000
150  0.530460 -1.643675 -6.395214  -0.290844 0.000000 0.000000
151  0.535311 -1.790710 -7.204132  -0.287354 -0.000000 0.000000
152  -0.202703 -2.030487 -7.702830  -0.286180 -0.000000 0.000000
153  0.509548 -2.118905 -8.011623  -0.298398 -0.000000 0.000000
154  -0.202703 -2.255276 -8.465171  -0.283134 -0.000000 0.000000
155  0.509548 -2.352978 -8.771157  -0.295352 -0.000000 0.000000
156  -0.202704 -2.481603 -9.235471  -0.285437 -0.000000 0.000000
157  0.509547 -2.588688 -9.538637  -0.297654 -0.000000 0.000000
158  0.170123 -21.222095 -1.001140  -0.000001 -0.000001 0.000000
159  0.170123 -20.843863 -0.397183  -0.000001 -0.000001 0.000000
160  0.170123 -20.489746 -1.001141  -0.000001 -0.000001 0.000000
161  0.170124 -20.111067 -0.397182  -0.000001 -0.000001 0.000000
162  0.170123 -19.380085 -0.397187  -0.000001 -0.000001 0.000000
163  0.170123 -19.025112 -1.001145  -0.000001 -0.000001 0.000000
164  0.170123 -18.646660 -0.396447  -0.000001 -0.000001 0.000000
165  0.170124 -19.755762 -1.001142  -0.000001 -0.000001 0.000000
166  -0.015973 10.612517 2.686017  0.000001 -0.000000 -0.000000
167  0.059851 -50.160702 6.449380  1.570797 0.000000 -1.570797
168  0.064653 27.351288 72.195206  0.000000 -0.000000 -0.000001
169  6.064260 95.114006 31.645496  -0.000000 -0.000001 1.570796
170  0.054185 102.845634 29.795362  0.000000 0.000001 -1.570796
171  6.064256 69.096565 37.164314  1.570796 -0.000000 1.570796
172  1.974302 11.989233 4.589250  0.000000 -0.000000 -0.000000
173  -0.011481 23.944742 5.090361  0.000001 -0.000000 0.000000
174  -1.691251 8.833342 5.763507  0.000001 -0.000000 -0.000000
175  6.064260 89.329803 31.613913  -0.000000 -0.000001 1.570796
176  0.059886 2.255334 54.398006  0.000000 -0.000000 0.000000
177  0.003497 -22.270643 0.000148  1.570797 0.000000 -1.570797
178  0.104010 15.380369 2.266153  0.000001 -0.000000 -0.000000
179  0.049048 0.001386 0.027427  0.000000 -0.006897 0.000000
180  0.023797 -0.000524 -0.010421  -0.000000 -0.006897 0.000000
181  -2.662412 1.445758 33.628738  0.000000 3.141591 1.570796
182  8.352066 2.772897 0.000543  -3.141589 0.000002 0.000000
183  -2.662411 1.445755 40.667957  0.000000 3.141591 1.570796
184  8.352066 2.772896 0.000539  -3.141589 0.000002 0.000000
185  -1.431356 16.384777 4.137811  0.000001 -0.000000 0.000000
186  -0.001845 0.521683 -0.140289  0.000000 -0.000000 -0.000000
187  7.323109 -5.136191 -5.166237  -0.000000 0.000000 -0.610865
188  2.698277 -0.000001 0.000000  -0.000012 0.000000 0.000001
189  2.834158 -0.000002 0.000000  0.000013 0.000000 -0.000000
190  2.648920 -0.000001 0.000001  -0.000001 -0.000001 0.000000
191  2.667495 -0.000002 -0.000000  0.000000 0.000000 0.000000
192  2.426703 -0.000002 -0.000000  0.000000 0.000000 -0.000000
193  -0.494744 -44.353439 -1.302299  1.570797 -0.000000 -1.570797
194  11.545938 73.768410 -3.792009  0.000000 -0.000000 -0.000000
195  -0.011103 -16.902811 1.952047  0.000001 -0.000000 -0.000000
196  -0.000000 0.000001 -1.529052  -0.000000 -0.000000 0.000000
197  -0.078942 0.000003 0.000000  0.000000 0.000001 1.570796
198  0.097092 0.000003 -0.000000  -0.000000 -3.141592 1.570796
199  0.000000 0.000000 0.000000  0.000000 -0.000000 -0.000000
200  -0.039282 0.050594 -0.031673  -0.005146 -0.016047 0.002300
201  0.019287 0.043777 0.057846  -0.005146 -0.016047 0.002299
time 29
0  0 0 0  0 0 0
1  0.000000 0.000000 0.000000  0.000000 -0.000000 -0.000000
2  -0.000005 0.000023 -61.375507  0.000000 0.000000 -1.570795
3  -0.012872 0.000000 8.235020  -1.570799 -1.570796 0.000000
4  16.163128 -0.012870 -0.000002  -0.000000 -0.000000 0.000000
5  16.163143 -0.000009 3.830524  -3.089336 -1.570794 0.000000
6  -0.000031 -0.000001 -0.000000  -0.004761 0.000367 0.000182
7  -0.000003 -0.000007 0.000003  0.000000 0.000000 0.007630
8  -0.000000 0.000001 -0.000002  0.000000 -0.000000 -0.000000
9  0.000001 0.000001 -0.000002  0.003174 -0.000000 -0.000000
10  -0.000002 0.000000 -0.000002  0.004822 -0.000000 -0.000000
11  -0.000002 0.000000 0.000002  0.006409 0.000000 -0.000000
12  -0.000004 0.000000 -0.000000  0.007996 -0.000000 -0.000000
13  -0.000003 -0.000001 -0.000002  0.009644 -0.000000 -0.000000
14  -0.000004 -0.000001 0.000000  0.011231 -0.000000 -0.000000
15  -0.000000 0.000001 0.000002  0.011889 0.009966 -0.002749
16  1.410070 0.800535 -2.089137  2.009773 0.630250 0.591915
17  3.954712 -0.000002 0.000006  -0.000004 -0.000001 0.166316
18  3.101566 0.000009 0.000002  0.000002 -0.000001 0.240238
19  6.164461 -0.898142 2.575020  0.090705 -0.013516 -0.151467
20  2.805849 0.000004 -0.000002  0.000002 0.000001 0.079095
21  2.307442 -0.000003 0.000000  -0.000000 -0.000000 -0.056423
22  7.145099 -0.676330 -1.382426  0.086918 -0.009133 -0.085503
23  3.672213 0.000003 -0.000001  0.000003 0.000001 0.142941
24  2.676526 0.000001 0.000002  -0.000001 -0.000001 -0.026075
25  6.831177 -0.870853 0.599921  0.130314 -0.006347 -0.065005
26  3.657083 -0.000009 -0.000002  0.000000 0.000000 0.057729
27  2.496794 0.000004 -0.000002  0.000000 0.000000 -0.091107
28  7.183352 -0.532073 -3.267607  0.123210 0.020356 -0.052484
29  3.511590 0.000006 -0.000002  -0.000001 -0.000001 0.099575
30  2.199410 -0.000000 0.000004  0.000001 0.000001 0.029263
31  16.163136 0.000012 -3.830531  -3.098550 1.570794 0.000000
32  -0.000018 -0.000001 0.000001  0.000610 0.000001 -0.002991
33  -0.000002 0.000001 -0.000001  0.000000 -0.000000 0.011963
34  0.000000 0.000000 0.000003  -0.000000 0.000000 -0.000000
35  -0.000002 -0.000002 0.000003  0.000000 0.000000 0.000000
36  -0.000003 -0.000001 0.000005  0.006165 0.000000 0.000000
37  -0.000002 -0.000000 0.000003  0.008179 -0.000000 0.000000
38  -0.000004 0.000000 0.000003  0.010254 -0.000000 -0.000000
39  -0.000003 -0.000000 0.000003  0.012330 -0.000000 -0.000000
40  -0.000004 -0.000001 0.000003  0.014344 0.000000 0.000000
41  -0.000008 -0.000004 0.000003  0.016333 0.012202 -0.014184
42  1.410069 0.800525 2.089138  -2.009768 -0.630254 0.591907
43  3.954720 0.000013 0.000004  -0.000000 -0.000002 0.166319
44  3.101560 -0.000009 0.000005  -0.000001 -0.000000 0.240238
45  7.183347 -0.532110 3.267604  -0.123210 -0.020355 -0.052486
46  3.511602 -0.000001 -0.000003  0.000003 0.000001 0.099571
47  2.199404 0.000004 -0.000005  -0.000001 -0.000001 0.029267
48  7.145094 -0.676362 1.382421  -0.086920 0.009133 -0.085505
49  3.672218 -0.000002 -0.000001  0.000001 -0.000000 0.142941
50  2.676518 -0.000004 0.000002  -0.000001 -0.000001 -0.026075
51  6.831176 -0.870879 -0.599926  -0.130311 0.006346 -0.065012
52  3.657079 -0.000002 -0.000005  -0.000000 0.000001 0.057734
53  2.496792 0.000000 0.000004  0.000000 -0.000001 -0.091108
54  6.164466 -0.898158 -2.575024  -0.090704 0.013515 -0.151468
55  2.805846 -0.000003 0.000004  -0.000002 -0.000001 0.079091
56  2.307436 -0.000000 -0.000003  0.000002 0.000001 -0.056419
57  0.000000 0.000000 -0.000000  0.000000 -0.000000 0.000000
58  -0.124881 -0.086372 -0.082026  -0.005567 -0.012690 0.002050
59  0.071249 114.357033 62.238792  -0.000000 -0.000000 -0.000000
60  1.986525 0.000019 -3.123739  -2.705260 -0.000000 -1.570797
61  -1.986692 0.000021 -3.123743  0.436333 0.000001 1.570797
62  0.000000 0.000002 -0.000002  0.000000 -0.000000 0.000000
63  -1.986692 0.000013 -3.123734  0.436333 0.000001 1.570797
64  -11.344162 1.135888 0.869283  0.000002 -0.025019 -0.026324
65  1.986525 0.000019 -3.123734  -2.705260 -0.000000 -1.570797
66  -11.350061 -0.729422 0.864886  0.000197 -0.025367 0.026442
67  1.754236 4.036757 -1.682666  0.392575 -0.010120 -1.546362
68  -1.755139 4.036754 -1.682666  -0.392577 -0.010391 -1.594986
69  -0.164556 7.327704 3.928703  0.000000 0.000001 -1.570796
70  0.079082 36.742687 -0.508023  0.000001 -0.000000 -0.000000
71  -1.260174 8.777410 6.736405  -0.000002 -0.424415 -3.141592
72  1.525193 18.283598 2.968621  0.000000 -0.000000 -0.000000
73  0.060216 10.324388 74.469063  0.000008 -0.000000 0.000000
74  0.062808 75.917992 83.075439  1.570797 -0.000000 -1.570796
75  4.804188 -3.971748 0.000001  -0.000000 0.000000 -0.000000
76  -7.041568 -5.025999 0.000002  -0.000000 -0.000000 -0.000000
77  8.407176 -3.978438 0.003055  -1.570796 1.570795 0.000000
78  10.376193 -3.978442 0.003056  -1.570796 1.570796 0.000000
79  10.194014 -0.314065 -1.749548  -1.570796 1.570796 0.000000
80  20.857885 -4.015563 0.000003  0.000000 -0.000000 0.000000
81  3.258442 5.856953 -3.403523  -0.000000 -0.000000 -0.000000
82  15.153049 5.860575 -3.403521  -0.000000 -0.000000 0.000000
83  6.064256 77.294952 36.365799  1.570796 0.000000 1.570796
84  -2.662412 1.445755 40.667953  0.000000 3.141591 1.570796
85  8.352065 2.772896 0.000541  -3.141589 0.000002 -0.000000
86  6.064256 72.973694 32.593250  1.570796 0.000000 1.570796
87  0.004365 73.768410 -3.792008  0.000000 -0.000000 0.000000
88  -0.442609 1.284877 8.535290  -0.000000 -0.000001 0.000000
89  0.000001 1.310214 -0.000001  0.000000 -0.000000 0.000000
90  0.000001 0.582268 -0.000001  0.000000 -0.000000 0.000000
91  0.036297 1.284883 7.928798  -0.000000 -0.000001 0.000000
92  0.000001 1.310213 -0.000001  0.000000 0.000000 0.000000
93  -0.000000 0.582267 -0.000001  0.000000 0.000000 0.000000
94  5.969324 3.427463 -6.170650  -0.000000 -0.000001 -1.570797
95  -1.310206 0.000001 0.000000  0.000000 -0.000000 -0.000000
96  -0.582253 0.000000 -0.000001  0.000000 0.000000 -0.000000
97  5.969323 9.397398 -6.170659  -0.000000 -0.000001 -1.570796
98  -1.310207 0.000000 0.000001  0.000000 0.000000 -0.000000
99  -0.582261 -0.000000 0.000001  0.000000 0.000000 -0.000000
100  5.969322 15.223773 -6.170669  0.000000 -0.000001 -1.570796
101  -1.310212 0.000002 0.000001  -0.000000 0.000000 -0.000000
102  -0.582259 0.000001 0.000002  -0.000000 0.000000 -0.000000
103  5.969323 20.835564 -6.170671  0.000000 -0.000001 -1.570796
104  -1.310210 0.000002 0.000000  -0.000000 0.000000 -0.000000
105  -0.582256 0.000000 0.000003  -0.000000 0.000000 -0.000000
106  5.969323 26.771204 -6.170671  0.000000 -0.000001 -1.570796
107  5.969323 32.597595 -6.170675  0.000000 -0.000001 -1.570796
108  5.969323 38.209393 -6.170685  0.000000 -0.000001 -1.570800
109  5.969322 49.488457 -6.170684  0.000000 -0.000001 -1.570800
110  -0.539090 -0.556812 -0.017363  -0.042462 2.681156 1.551919
111  -6.799124 -0.556800 0.818549  -0.272420 2.701993 1.452460
112  -4.615282 -0.556819 0.270328  -0.117230 2.684609 1.518878
113  -2.650969 -0.556805 0.063010  -0.042463 2.681158 1.551919
114  27.110338 1.284857 12.007549  -0.000000 -0.000000 -0.000000
115  28.133427 1.284858 12.007547  0.000001 -0.000000 -0.000000
116  12.812886 2.241783 12.007549  -0.000000 -0.000001 -0.000001
117  -9.955967 -0.319630 4.380214  -0.000001 -0.000000 -0.000001
118  -11.316473 -0.319626 4.380215  -0.000003 -0.000000 -0.000000
119  -12.667810 -0.319626 4.380215  -0.000003 -0.000000 0.000001
120  -14.022141 -0.319627 4.380215  0.000010 -0.000000 -0.000011
121  -15.373240 -0.319628 4.380214  0.000015 -0.000000 -0.000015
122  -16.724142 -0.319628 4.380214  -0.000009 -0.000000 0.000006
123  -18.074570 -0.319622 4.380214  -0.000006 -0.000000 0.000004
124  -19.423716 -0.319627 4.380214  0.000002 0.000000 -0.000004
125  -20.775269 -0.319626 4.380214  0.000003 0.000000 -0.000004
126  -22.126671 -0.319626 4.380215  0.000003 -0.000000 -0.000004
127  -23.478121 -0.319625 4.380215  0.000005 -0.000000 -0.000006
128  -24.830620 -0.319623 4.380215  0.000036 -0.000000 -0.000038
129  -26.182026 -0.319623 4.380215  -0.000011 -0.000000 0.000011
130  0.529180 -0.167125 0.629484  -0.101270 -0.000000 0.000000
131  -0.211444 -0.241680 0.155361  -0.145847 -0.000000 0.000000
132  0.529190 -0.280698 -0.110293  -0.145847 -0.000000 0.000000
133  -0.173927 -0.337329 -0.638496  -0.181751 -0.000000 0.000000
134  0.529189 -0.399246 -0.975394  -0.181751 -0.000000 0.000000
135  -0.211444 -0.464480 -1.431042  -0.192399 -0.000000 0.000000
136  0.529189 -0.515809 -1.694583  -0.192399 -0.000000 0.000000
137  -0.173928 -0.612148 -2.231911  -0.216703 -0.000000 0.000000
138  0.529188 -0.685804 -2.566440  -0.216703 -0.000000 0.000000
139  -0.211445 -0.769561 -3.027871  -0.237349 -0.000000 0.000000
140  0.529188 -0.832693 -3.288847  -0.237349 -0.000000 0.000000
141  -0.173937 -0.945274 -3.779564  -0.233859 0.000000 0.000000
142  0.529179 -1.024652 -4.112781  -0.233859 0.000000 0.000000
143  -0.211443 -1.132188 -4.577548  -0.262919 -0.000000 0.000000
144  0.529190 -1.201966 -4.836824  -0.262919 0.000000 0.000000
145  -0.000004 -2.810936 -10.636630  0.258454 0.000000 3.141592
146  -0.192455 -1.345776 -5.370045  -0.280373 0.000000 0.000000
147  0.533984 -1.413508 -5.605106  -0.276883 0.000000 0.000000
148  -0.206618 -1.795758 -6.909779  -0.287354 0.000000 0.000000
149  -0.205805 -1.564820 -6.138256  -0.290843 0.000000 0.000000
150  0.530460 -1.643681 -6.395214  -0.290844 0.000000 0.000000
151  0.535311 -1.790703 -7.204132  -0.287354 -0.000000 0.000000
152  -0.202703 -2.030493 -7.702829  -0.286180 -0.000000 0.000000
153  0.509548 -2.118898 -8.011624  -0.298398 -0.000000 0.000000
154  -0.202703 -2.255272 -8.465173  -0.283134 -0.000000 0.000000
155  0.509548 -2.352979 -8.771160  -0.295352 -0.000000 0.000000
156  -0.202704 -2.481603 -9.235471  -0.285437 -0.000000 0.000000
157  0.509547 -2.588686 -9.538637  -0.297654 -0.000000 0.000000
158  0.170123 -21.222092 -1.001140  -0.000001 -0.000001 0.000000
159  0.170123 -20.843861 -0.397183  -0.000001 -0.000001 0.000000
160  0.170123 -20.489740 -1.001141  -0.000001 -0.000001 0.000000
161  0.170124 -20.111061 -0.397183  -0.000001 -0.000001 0.000000
162  0.170123 -19.380083 -0.397187  -0.000001 -0.000001 0.000000
163  0.170123 -19.025108 -1.001145  -0.000001 -0.000001 0.000000
164  0.170123 -18.646660 -0.396447  -0.000001 -0.000001 0.000000
165  0.170124 -19.755758 -1.001142  -0.000001 -0.000001 0.000000
166  -0.015973 10.612517 2.686017  0.000001 -0.000000 -0.000000
167  0.059851 -50.160698 6.449380  1.570797 -0.000000 -1.570797
168  0.064653 27.351290 72.195206  -0.000000 -0.000000 -0.000001
169  6.064260 95.114006 31.645500  -0.000000 -0.000001 1.570796
170  0.054185 102.845642 29.795362  0.000000 0.000001 -1.570796
171  6.064257 69.096565 37.164318  1.570796 0.000000 1.570796
172  1.974303 11.989232 4.589250  0.000000 -0.000000 -0.000000
173  -0.011481 23.944746 5.090361  0.000001 -0.000000 0.000000
174  -1.691251 8.833342 5.763506  0.000001 -0.000000 -0.000000
175  6.064260 89.329803 31.613914  -0.000000 -0.000001 1.570796
176  0.059886 2.255335 54.398010  -0.000000 -0.000000 0.000000
177  0.003497 -22.270645 0.000153  1.570797 -0.000000 -1.570797
178  0.104010 15.380370 2.266152  0.000001 -0.000000 -0.000000
179  0.049048 0.001386 0.027426  0.000000 -0.006897 0.000000
180  0.023797 -0.000527 -0.010421  -0.000000 -0.006897 0.000000
181  -2.662412 1.445758 33.628742  0.000000 3.141591 1.570796
182  8.352065 2.772896 0.000539  -3.141589 0.000002 -0.000000
183  -2.662412 1.445755 40.667953  0.000000 3.141591 1.570796
184  8.352065 2.772896 0.000541  -3.141589 0.000002 -0.000000
185  -1.431356 16.384781 4.137811  0.000001 0.000000 0.000000
186  -0.001845 0.521683 -0.140290  0.000000 -0.000000 -0.000000
187  7.323109 -5.136191 -5.166237  -0.000000 0.000000 -0.610865
188  2.698277 -0.000001 -0.000000  -0.000012 0.000000 0.000001
189  2.834158 -0.000002 0.000001  0.000013 0.000000 -0.000000
190  2.648917 0.000000 0.000001  -0.000001 -0.000001 0.000000
191  2.667498 -0.000002 -0.000001  -0.000000 0.000000 0.000000
192  2.426704 -0.000001 0.000000  0.000000 0.000000 -0.000000
193  -0.494744 -44.353451 -1.302299  1.570797 -0.000000 -1.570797
194  11.545938 73.768417 -3.792010  0.000000 -0.000000 -0.000000
195  -0.011103 -16.902813 1.952047  0.000001 -0.000000 -0.000000
196  0.000000 -0.000000 -1.529052  -0.000000 0.000000 0.000000
197  -0.078942 -0.000001 -0.000000  0.000000 0.000001 1.570796
198  0.097092 -0.000001 -0.000000  -0.000000 -3.141592 1.570796
199  0.000000 0.000000 0.000000  0.000000 -0.000000 -0.000000
200  -0.035944 -0.127949 -0.171448  -0.005579 -0.019586 0.002435
201  0.035816 -0.134316 -0.062330  -0.005579 -0.019586 0.002435
time 30
0  0 0 0  0 0 0
1  0.000000 0.000000 0.000000  0.000000 -0.000000 -0.000000
2  -0.000005 0.000023 -61.375507  0.000000 0.000000 -1.570795
3  -0.012872 0.000000 8.235020  -1.570799 -1.570796 0.000000
4  16.163128 -0.012870 -0.000002  -0.000000 -0.000000 0.000000
5  16.163143 -0.000009 3.830524  -3.089336 -1.570794 0.000000
6  -0.000031 -0.000001 -0.000000  -0.005312 0.003415 -0.000985
7  -0.000001 -0.000007 0.000000  0.000000 0.000000 0.019776
8  0.000000 0.000001 -0.000002  0.000000 -0.000000 -0.000000
9  0.000002 0.000001 -0.000003  0.002625 -0.000000 -0.000000
10  -0.000001 0.000000 -0.000002  0.003967 -0.000000 -0.000000
11  -0.000001 0.000000 -0.000002  0.005310 0.000000 -0.000000
12  -0.000001 0.000000 -0.000003  0.006653 -0.000000 -0.000000
13  -0.000001 -0.000001 -0.000002  0.007996 -0.000000 -0.000000
14  -0.000003 -0.000001 -0.000002  0.009278 -0.000000 -0.000000
15  -0.000001 0.000002 0.000000  0.009292 0.006899 -0.013397
16  1.410070 0.800535 -2.089139  2.009773 0.630250 0.591915
17  3.954711 -0.000003 0.000008  -0.000004 -0.000001 0.166316
18  3.101567 0.000004 0.000004  0.000002 -0.000001 0.240238
19  6.164461 -0.898142 2.575021  0.090705 -0.013516 -0.151467
20  2.805848 0.000004 -0.000004  0.000002 0.000001 0.079095
21  2.307442 -0.000004 0.000003  -0.000000 -0.000000 -0.056423
22  7.145098 -0.676330 -1.382426  0.086918 -0.009133 -0.085503
23  3.672212 0.000003 -0.000004  0.000003 0.000001 0.142941
24  2.676527 0.000002 0.000004  -0.000001 -0.000001 -0.026075
25  6.831178 -0.870853 0.599920  0.130314 -0.006347 -0.065005
26  3.657083 -0.000009 -0.000003  0.000000 0.000000 0.057729
27  2.496795 0.000003 -0.000001  0.000000 0.000000 -0.091107
28  7.183353 -0.532073 -3.267609  0.123210 0.020356 -0.052484
29  3.511592 0.000006 0.000001  -0.000001 -0.000001 0.099575
30  2.199411 0.000001 0.000006  0.000001 0.000001 0.029263
31  16.163136 0.000012 -3.830531  -3.098550 1.570794 0.000000
32  -0.000018 -0.000001 0.000001  0.001053 -0.004146 -0.007510
33  0.000000 0.000001 0.000002  0.000000 -0.000000 0.027223
34  0.000001 0.000000 0.000001  -0.000000 0.000000 -0.000000
35  -0.000002 -0.000003 0.000001  0.000000 0.000000 0.000000
36  -0.000002 -0.000001 0.000001  0.004517 0.000000 0.000000
37  -0.000001 -0.000000 0.000001  0.006043 -0.000000 0.000000
38  -0.000006 0.000000 0.000003  0.007568 -0.000000 -0.000000
39  -0.000004 0.000000 0.000003  0.009095 -0.000000 -0.000000
40  -0.000002 -0.000002 0.000001  0.010620 0.000000 0.000000
41  -0.000008 -0.000004 -0.000000  0.012016 0.010948 -0.023862
42  1.410069 0.800525 2.089137  -2.009768 -0.630254 0.591907
43  3.954717 0.000016 0.000004  -0.000000 -0.000002 0.166320
44  3.101556 -0.000006 0.000004  -0.000001 -0.000000 0.240238
45  7.183347 -0.532110 3.267602  -0.123210 -0.020355 -0.052486
46  3.511603 -0.000001 0.000000  0.000003 0.000001 0.099571
47  2.199405 0.000005 -0.000000  -0.000001 -0.000001 0.029267
48  7.145095 -0.676362 1.382421  -0.086920 0.009133 -0.085505
49  3.672218 -0.000002 -0.000001  0.000001 -0.000000 0.142941
50  2.676518 -0.000003 0.000002  -0.000001 -0.000001 -0.026075
51  6.831175 -0.870879 -0.599927  -0.130311 0.006346 -0.065012
52  3.657080 -0.000002 0.000000  -0.000000 0.000001 0.057734
53  2.496794 0.000001 0.000004  0.000000 -0.000001 -0.091108
54  6.164468 -0.898158 -2.575025  -0.090704 0.013515 -0.151468
55  2.805847 -0.000004 0.000001  -0.000002 -0.000001 0.079091
56  2.307434 0.000000 -0.000001  0.000002 0.000001 -0.056419
57  0.000000 0.000000 -0.000000  0.000000 -0.000000 0.000000
58  -0.116165 -0.262444 -0.135521  -0.005747 -0.008295 0.002160
59  0.071249 114.357033 62.238800  -0.000000 0.000000 -0.000000
60  1.986525 0.000021 -3.123731  -2.705260 -0.000000 -1.570797
61  -1.986692 0.000020 -3.123739  0.436333 0.000001 1.570797
62  0.000000 -0.000002 0.000001  0.000000 0.000000 0.000000
63  -1.986692 0.000020 -3.123734  0.436333 0.000001 1.570797
64  -11.344151 1.135886 0.869283  0.000002 -0.025019 -0.026324
65  1.986525 0.000013 -3.123730  -2.705260 -0.000000 -1.570797
66  -11.350052 -0.729424 0.864886  0.000197 -0.025367 0.026442
67  1.754237 4.036761 -1.682665  0.392575 -0.010120 -1.546362
68  -1.755139 4.036758 -1.682667  -0.392577 -0.010391 -1.594986
69  -0.164556 7.327704 3.928703  -0.000000 0.000001 -1.570796
70  0.079082 36.742695 -0.508023  0.000001 0.000000 -0.000000
71  -1.260174 8.777411 6.736406  -0.000002 -0.424415 -3.141592
72  1.525193 18.283600 2.968622  0.000000 0.000000 -0.000000
73  0.060217 10.324388 74.469055  0.000008 0.000000 0.000000
74  0.062809 75.917999 83.075447  1.570797 -0.000000 -1.570796
75  4.804177 -3.971745 0.000001  -0.000000 0.000000 -0.000000
76  -7.041562 -5.025995 0.000001  -0.000000 -0.000000 -0.000000
77  8.407181 -3.978439 0.003055  -1.570796 1.570795 0.000000
78  10.376187 -3.978446 0.003056  -1.570796 1.570796 0.000000
79  10.194017 -0.314066 -1.749547  -1.570796 1.570796 0.000000
80  20.857883 -4.015571 0.000003  0.000000 -0.000000 0.000000
81  3.258438 5.856959 -3.403523  -0.000000 -0.000000 -0.000000
82  15.153047 5.860581 -3.403521  -0.000000 -0.000000 0.000000
83  6.064257 77.294945 36.365799  1.570796 0.000000 1.570796
84  -2.662412 1.445755 40.667957  -0.000000 3.141591 1.570796
85  8.352066 2.772897 0.000537  -3.141589 0.000002 -0.000000
86  6.064256 72.973701 32.593250  1.570796 0.000000 1.570796
87  0.004365 73.768425 -3.792008  0.000000 0.000000 0.000000
88  -0.442609 1.284872 8.535290  -0.000000 -0.000001 0.000000
89  0.000001 1.310213 -0.000000  0.000000 -0.000000 0.000000
90  0.000001 0.582265 -0.000000  0.000000 -0.000000 0.000000
91  0.036297 1.284878 7.928799  -0.000000 -0.000001 0.000000
92  0.000001 1.310211 -0.000000  0.000000 -0.000000 0.000000
93  0.000000 0.582263 0.000000  0.000000 -0.000000 0.000000
94  5.969323 3.427460 -6.170650  -0.000000 -0.000001 -1.570797
95  -1.310215 0.000000 0.000001  0.000000 0.000000 -0.000000
96  -0.582267 -0.000000 0.000000  0.000000 0.000000 -0.000000
97  5.969322 9.397403 -6.170660  -0.000000 -0.000001 -1.570796
98  -1.310209 -0.000001 0.000001  0.000000 0.000000 -0.000000
99  -0.582261 -0.000001 -0.000000  0.000000 0.000000 -0.000000
100  5.969322 15.223770 -6.170671  -0.000000 -0.000001 -1.570796
101  -1.310213 0.000002 0.000001  -0.000000 0.000000 -0.000000
102  -0.582265 0.000001 -0.000000  -0.000000 0.000000 -0.000000
103  5.969324 20.835577 -6.170671  -0.000000 -0.000001 -1.570796
104  -1.310210 0.000002 -0.000000  -0.000000 0.000000 -0.000000
105  -0.582262 0.000001 0.000001  -0.000000 0.000000 -0.000000
106  5.969324 26.771208 -6.170673  -0.000000 -0.000001 -1.570796
107  5.969323 32.597599 -6.170676  -0.000000 -0.000001 -1.570796
108  5.969324 38.209404 -6.170686  0.000000 -0.000001 -1.570800
109  5.969323 49.488468 -6.170685  0.000000 -0.000001 -1.570800
110  -0.539090 -0.556805 -0.017363  -0.042462 2.681156 1.551919
111  -6.799123 -0.556806 0.818550  -0.272420 2.701993 1.452460
112  -4.615283 -0.556820 0.270328  -0.117230 2.684609 1.518878
113  -2.650969 -0.556808 0.063010  -0.042463 2.681158 1.551919
114  27.110338 1.284862 12.007549  -0.000000 -0.000000 -0.000000
115  28.133427 1.284856 12.007548  0.000001 -0.000000 -0.000000
116  12.812888 2.241793 12.007550  -0.000000 -0.000001 -0.000001
117  -9.955968 -0.319617 4.380214  -0.000001 -0.000000 -0.000001
118  -11.316473 -0.319615 4.380215  -0.000003 -0.000000 -0.000000
119  -12.667810 -0.319618 4.380215  -0.000003 -0.000000 0.000001
120  -14.022141 -0.319615 4.380215  0.000010 -0.000000 -0.000011
121  -15.373240 -0.319618 4.380214  0.000015 -0.000000 -0.000015
122  -16.724142 -0.319614 4.380214  -0.000009 -0.000000 0.000006
123  -18.074572 -0.319612 4.380214  -0.000006 0.000000 0.000004
124  -19.423716 -0.319612 4.380214  0.000002 0.000000 -0.000004
125  -20.775272 -0.319614 4.380214  0.000003 0.000000 -0.000004
126  -22.126673 -0.319617 4.380215  0.000003 -0.000000 -0.000004
127  -23.478125 -0.319612 4.380215  0.000005 0.000000 -0.000006
128  -24.830622 -0.319612 4.380215  0.000036 -0.000000 -0.000038
129  -26.182030 -0.319615 4.380215  -0.000011 0.000000 0.000011
130  0.529180 -0.167128 0.629484  -0.101270 -0.000000 0.000000
131  -0.211444 -0.241680 0.155361  -0.145847 -0.000000 0.000000
132  0.529190 -0.280700 -0.110293  -0.145847 -0.000000 0.000000
133  -0.173927 -0.337315 -0.638496  -0.181751 -0.000000 0.000000
134  0.529189 -0.399239 -0.975393  -0.181751 -0.000000 0.000000
135  -0.211444 -0.464474 -1.431042  -0.192399 -0.000000 0.000000
136  0.529189 -0.515805 -1.694584  -0.192399 -0.000000 0.000000
137  -0.173928 -0.612156 -2.231911  -0.216703 -0.000000 0.000000
138  0.529188 -0.685805 -2.566440  -0.216703 -0.000000 0.000000
139  -0.211445 -0.769555 -3.027871  -0.237349 -0.000000 0.000000
140  0.529188 -0.832681 -3.288847  -0.237349 -0.000000 0.000000
141  -0.173937 -0.945284 -3.779564  -0.233859 0.000000 0.000000
142  0.529179 -1.024662 -4.112781  -0.233859 0.000000 0.000000
143  -0.211443 -1.132182 -4.577547  -0.262919 -0.000000 0.000000
144  0.529190 -1.201964 -4.836825  -0.262919 0.000000 0.000000
145  -0.000005 -2.810938 -10.636631  0.258454 0.000000 3.141592
146  -0.192455 -1.345778 -5.370045  -0.280373 0.000000 0.000000
147  0.533984 -1.413508 -5.605106  -0.276883 0.000000 0.000000
148  -0.206618 -1.795761 -6.909780  -0.287354 0.000000 0.000000
149  -0.205805 -1.564814 -6.138258  -0.290843 0.000000 0.000000
150  0.530460 -1.643679 -6.395216  -0.290844 0.000000 0.000000
151  0.535311 -1.790710 -7.204134  -0.287354 -0.000000 0.000000
152  -0.202703 -2.030478 -7.702831  -0.286180 -0.000000 0.000000
153  0.509548 -2.118889 -8.011624  -0.298398 -0.000000 0.000000
154  -0.202703 -2.255284 -8.465173  -0.283134 -0.000000 0.000000
155  0.509548 -2.352981 -8.771160  -0.295352 -0.000000 0.000000
156  -0.202704 -2.481592 -9.235471  -0.285437 -0.000000 0.000000
157  0.509547 -2.588683 -9.538640  -0.297654 -0.000000 0.000000
158  0.170123 -21.222094 -1.001140  -0.000001 -0.000001 0.000000
159  0.170123 -20.843861 -0.397184  -0.000001 -0.000001 0.000000
160  0.170123 -20.489748 -1.001141  -0.000001 -0.000001 0.000000
161  0.170124 -20.111067 -0.397183  -0.000001 -0.000001 0.000000
162  0.170123 -19.380083 -0.397187  -0.000001 -0.000001 0.000000
163  0.170123 -19.025108 -1.001146  -0.000001 -0.000001 0.000000
164  0.170123 -18.646662 -0.396447  -0.000001 -0.000001 0.000000
165  0.170124 -19.755760 -1.001143  -0.000001 -0.000001 0.000000
166  -0.015973 10.612518 2.686018  0.000001 0.000000 -0.000000
167  0.059851 -50.160706 6.449381  1.570797 -0.000000 -1.570797
168  0.064653 27.351290 72.195213  -0.000000 -0.000000 -0.000001
169  6.064261 95.114021 31.645502  0.000000 -0.000001 1.570796
170  0.054185 102.845650 29.795364  -0.000000 0.000001 -1.570796
171  6.064257 69.096565 37.164322  1.570796 0.000000 1.570796
172  1.974303 11.989234 4.589251  0.000000 0.000000 -0.000000
173  -0.011481 23.944746 5.090362  0.000001 0.000000 0.000000
174  -1.691251 8.833342 5.763507  0.000001 0.000000 -0.000000
175  6.064261 89.329803 31.613918  0.000000 -0.000001 1.570796
176  0.059886 2.255335 54.398014  -0.000000 0.000000 0.000000
177  0.003497 -22.270645 0.000143  1.570797 -0.000000 -1.570797
178  0.104010 15.380371 2.266153  0.000001 0.000000 -0.000000
179  0.049048 0.001387 0.027427  0.000000 -0.006897 0.000000
180  0.023797 -0.000530 -0.010419  -0.000000 -0.006897 0.000000
181  -2.662412 1.445758 33.628742  -0.000000 3.141591 1.570796
182  8.352066 2.772897 0.000541  -3.141589 0.000002 -0.000000
183  -2.662412 1.445755 40.667957  -0.000000 3.141591 1.570796
184  8.352066 2.772897 0.000537  -3.141589 0.000002 -0.000000
185  -1.431356 16.384781 4.137811  0.000001 0.000000 0.000000
186  -0.001845 0.521683 -0.140289  0.000000 0.000000 -0.000000
187  7.323109 -5.136191 -5.166237  0.000000 0.000000 -0.610865
188  2.698278 -0.000001 0.000000  -0.000012 0.000000 0.000001
189  2.834159 -0.000001 0.000000  0.000013 0.000000 0.000000
190  2.648918 -0.000001 0.000001  -0.000001 -0.000001 0.000000
191  2.667498 -0.000001 -0.000001  -0.000000 0.000000 0.000000
192  2.426702 -0.000000 0.000000  0.000000 0.000000 -0.000000
193  -0.494744 -44.353447 -1.302299  1.570797 -0.000000 -1.570797
194  11.545938 73.768425 -3.792009  0.000000 0.000000 -0.000000
195  -0.011102 -16.902815 1.952047  0.000001 0.000000 -0.000000
196  0.000000 -0.000002 -1.529052  -0.000000 0.000000 0.000000
197  -0.078942 0.000001 -0.000000  0.000000 0.000001 1.570796
198  0.097092 0.000000 -0.000000  -0.000000 -3.141592 1.570796
199  0.000000 0.000000 0.000000  0.000000 -0.000000 -0.000000
200  -0.057905 -0.305405 -0.221115  -0.005757 -0.015191 0.002546
201  -0.002504 -0.312405 -0.135357  -0.005757 -0.015191 0.002546
time 31
0  0 0 0  0 0 0
1  0.000000 0.000000 0.000000  0.000000 -0.000000 -0.000000
2  -0.000005 0.000023 -61.375507  0.000000 0.000000 -1.570795
3  -0.012872 0.000000 8.235020  -1.570799 -1.570796 0.000000
4  16.163128 -0.012870 -0.000002  -0.000000 -0.000000 0.000000
5  16.163143 -0.000009 3.830524  -3.089336 -1.570794 0.000000
6  -0.000031 -0.000001 -0.000000  -0.005868 0.006890 -0.002645
7  -0.000003 -0.000007 0.000002  0.000000 0.000000 0.030520
8  -0.000000 0.000000 -0.000002  0.000000 -0.000000 -0.000000
9  0.000001 0.000001 -0.000000  0.001465 -0.000000 -0.000000
10  -0.000002 0.000000 -0.000000  0.002258 -0.000000 -0.000000
11  -0.000003 0.000000 -0.000000  0.002991 0.000000 -0.000000
12  -0.000002 0.000000 -0.000000  0.003723 -0.000000 -0.000000
13  -0.000003 -0.000001 -0.000002  0.004517 -0.000000 -0.000000
14  -0.000004 -0.000001 -0.000002  0.005249 -0.000000 -0.000000
15  -0.000000 0.000002 0.000002  0.004621 0.001640 -0.022825
16  1.410069 0.800535 -2.089136  2.009773 0.630250 0.591915
17  3.954713 -0.000005 0.000006  -0.000004 -0.000001 0.166316
18  3.101567 0.000004 0.000004  0.000002 -0.000001 0.240238
19  6.164460 -0.898142 2.575021  0.090705 -0.013516 -0.151467
20  2.805848 0.000004 -0.000005  0.000002 0.000001 0.079095
21  2.307444 -0.000003 0.000003  -0.000000 -0.000000 -0.056423
22  7.145099 -0.676330 -1.382425  0.086918 -0.009133 -0.085503
23  3.672211 0.000003 -0.000001  0.000003 0.000001 0.142941
24  2.676528 0.000001 -0.000002  -0.000001 -0.000001 -0.026075
25  6.831177 -0.870853 0.599921  0.130314 -0.006347 -0.065005
26  3.657083 -0.000009 0.000002  0.000000 0.000000 0.057729
27  2.496796 0.000004 -0.000001  0.000000 0.000000 -0.091107
28  7.183352 -0.532073 -3.267606  0.123210 0.020356 -0.052484
29  3.511590 0.000005 -0.000001  -0.000001 -0.000001 0.099575
30  2.199411 0.000000 0.000003  0.000001 0.000001 0.029263
31  16.163136 0.000012 -3.830531  -3.098550 1.570794 0.000000
32  -0.000018 -0.000001 0.000001  0.001514 -0.008842 -0.011115
33  -0.000000 0.000001 0.000000  0.000000 -0.000000 0.040226
34  0.000000 0.000000 0.000001  -0.000000 0.000000 -0.000000
35  -0.000002 -0.000002 0.000002  0.000000 0.000000 0.000000
36  -0.000003 -0.000001 0.000002  0.002136 0.000000 0.000000
37  -0.000000 -0.000000 0.000002  0.002869 -0.000000 0.000000
38  -0.000005 0.000001 0.000003  0.003601 -0.000000 -0.000000
39  -0.000005 -0.000000 0.000002  0.004273 -0.000000 -0.000000
40  -0.000004 -0.000001 0.000003  0.005005 0.000000 0.000000
41  -0.000010 -0.000004 -0.000000  0.005502 0.007289 -0.031171
42  1.410068 0.800525 2.089137  -2.009768 -0.630254 0.591907
43  3.954718 0.000012 0.000004  -0.000000 -0.000002 0.166320
44  3.101559 -0.000009 0.000003  -0.000001 -0.000000 0.240238
45  7.183347 -0.532109 3.267602  -0.123210 -0.020355 -0.052486
46  3.511601 -0.000000 -0.000002  0.000003 0.000001 0.099571
47  2.199403 0.000004 -0.000001  -0.000001 -0.000001 0.029267
48  7.145095 -0.676362 1.382419  -0.086920 0.009133 -0.085505
49  3.672218 -0.000002 0.000001  0.000001 -0.000000 0.142941
50  2.676520 -0.000004 0.000004  -0.000001 -0.000001 -0.026075
51  6.831176 -0.870879 -0.599928  -0.130311 0.006346 -0.065012
52  3.657079 -0.000002 -0.000002  -0.000000 0.000001 0.057734
53  2.496793 0.000001 0.000003  0.000000 -0.000001 -0.091108
54  6.164466 -0.898157 -2.575025  -0.090704 0.013515 -0.151468
55  2.805845 -0.000003 0.000004  -0.000002 -0.000001 0.079091
56  2.307434 0.000000 -0.000002  0.000002 0.000001 -0.056419
57  0.000000 0.000000 -0.000000  0.000000 -0.000000 0.000000
58  -0.090984 -0.417747 -0.146689  -0.005250 -0.000849 0.002077
59  0.071249 114.357033 62.238796  0.000000 0.000000 -0.000000
60  1.986525 0.000017 -3.123734  -2.705260 -0.000000 -1.570797
61  -1.986692 0.000016 -3.123740  0.436333 0.000001 1.570797
62  0.000000 0.000002 0.000001  0.000000 0.000000 0.000000
63  -1.986692 0.000016 -3.123731  0.436333 0.000001 1.570797
64  -11.344162 1.135887 0.869286  0.000002 -0.025019 -0.026324
65  1.986525 0.000016 -3.123733  -2.705260 -0.000000 -1.570797
66  -11.350039 -0.729419 0.864884  0.000197 -0.025367 0.026442
67  1.754237 4.036758 -1.682664  0.392575 -0.010120 -1.546362
68  -1.755139 4.036763 -1.682663  -0.392577 -0.010391 -1.594986
69  -0.164556 7.327704 3.928703  -0.000000 0.000001 -1.570796
70  0.079082 36.742691 -0.508023  0.000001 0.000000 -0.000000
71  -1.260174 8.777411 6.736405  -0.000002 -0.424416 -3.141592
72  1.525193 18.283596 2.968622  0.000000 0.000000 -0.000000
73  0.060217 10.324389 74.469048  0.000008 0.000000 0.000000
74  0.062809 75.918007 83.075439  1.570797 0.000000 -1.570796
75  4.804185 -3.971753 0.000001  -0.000000 0.000000 -0.000000
76  -7.041561 -5.026002 0.000001  -0.000000 -0.000000 -0.000000
77  8.407187 -3.978444 0.003055  -1.570796 1.570795 0.000000
78  10.376198 -3.978451 0.003056  -1.570796 1.570796 0.000000
79  10.194025 -0.314070 -1.749548  -1.570796 1.570796 0.000000
80  20.857891 -4.015577 0.000003  0.000000 -0.000000 -0.000000
81  3.258451 5.856945 -3.403523  -0.000000 -0.000000 -0.000000
82  15.153051 5.860577 -3.403521  -0.000000 -0.000000 -0.000000
83  6.064257 77.294952 36.365791  1.570796 -0.000000 1.570796
84  -2.662412 1.445755 40.667957  -0.000000 3.141591 1.570796
85  8.352066 2.772896 0.000535  -3.141589 0.000002 -0.000000
86  6.064256 72.973694 32.593246  1.570796 -0.000000 1.570796
87  0.004365 73.768410 -3.792008  0.000000 0.000000 0.000000
88  -0.442609 1.284879 8.535291  0.000000 -0.000001 0.000000
89  0.000001 1.310205 -0.000001  0.000000 0.000000 0.000000
90  0.000001 0.582254 0.000000  0.000000 0.000000 0.000000
91  0.036297 1.284878 7.928799  0.000000 -0.000001 0.000000
92  0.000001 1.310211 -0.000001  0.000000 0.000000 0.000000
93  -0.000000 0.582259 -0.000000  0.000000 0.000000 0.000000
94  5.969324 3.427454 -6.170650  -0.000000 -0.000001 -1.570797
95  -1.310201 0.000001 0.000002  0.000000 -0.000000 -0.000000
96  -0.582257 0.000000 0.000000  0.000000 -0.000000 -0.000000
97  5.969324 9.397393 -6.170659  -0.000000 -0.000001 -1.570796
98  -1.310214 -0.000000 0.000001  0.000000 0.000000 -0.000000
99  -0.582263 -0.000001 -0.000000  0.000000 0.000000 -0.000000
100  5.969322 15.223766 -6.170670  0.000000 -0.000001 -1.570796
101  -1.310209 0.000001 0.000002  -0.000000 0.000000 -0.000000
102  -0.582258 0.000001 0.000002  -0.000000 0.000000 -0.000000
103  5.969324 20.835571 -6.170671  0.000000 -0.000001 -1.570796
104  -1.310205 0.000001 0.000001  -0.000000 0.000000 -0.000000
105  -0.582253 0.000000 0.000003  -0.000000 0.000000 -0.000000
106  5.969324 26.771208 -6.170672  0.000000 -0.000001 -1.570796
107  5.969323 32.597595 -6.170675  0.000000 -0.000001 -1.570796
108  5.969324 38.209393 -6.170686  0.000000 -0.000001 -1.570800
109  5.969323 49.488461 -6.170685  0.000000 -0.000001 -1.570800
110  -0.539090 -0.556814 -0.017363  -0.042462 2.681156 1.551919
111  -6.799123 -0.556808 0.818550  -0.272420 2.701993 1.452460
112  -4.615283 -0.556820 0.270328  -0.117230 2.684609 1.518878
113  -2.650969 -0.556815 0.063010  -0.042463 2.681158 1.551919
114  27.110336 1.284860 12.007548  0.000000 -0.000000 -0.000000
115  28.133423 1.284855 12.007547  0.000001 -0.000000 -0.000000
116  12.812886 2.241787 12.007549  0.000000 -0.000001 -0.000001
117  -9.955967 -0.319620 4.380214  -0.000001 -0.000000 -0.000001
118  -11.316473 -0.319624 4.380215  -0.000003 -0.000000 -0.000000
119  -12.667811 -0.319624 4.380215  -0.000003 -0.000000 0.000001
120  -14.022141 -0.319618 4.380215  0.000010 -0.000000 -0.000011
121  -15.373240 -0.319618 4.380214  0.000015 -0.000000 -0.000015
122  -16.724144 -0.319619 4.380214  -0.000009 -0.000000 0.000006
123  -18.074574 -0.319621 4.380214  -0.000006 0.000000 0.000004
124  -19.423717 -0.319618 4.380215  0.000002 0.000000 -0.000004
125  -20.775272 -0.319618 4.380215  0.000003 0.000000 -0.000004
126  -22.126673 -0.319618 4.380215  0.000003 -0.000000 -0.000004
127  -23.478125 -0.319618 4.380215  0.000005 -0.000000 -0.000006
128  -24.830620 -0.319615 4.380215  0.000036 -0.000000 -0.000038
129  -26.182030 -0.319615 4.380215  -0.000011 0.000000 0.000011
130  0.529180 -0.167136 0.629484  -0.101270 -0.000000 0.000000
131  -0.211444 -0.241679 0.155361  -0.145847 -0.000000 0.000000
132  0.529190 -0.280697 -0.110292  -0.145847 -0.000000 0.000000
133  -0.173927 -0.337326 -0.638496  -0.181751 -0.000000 0.000000
134  0.529189 -0.399246 -0.975393  -0.181751 -0.000000 0.000000
135  -0.211444 -0.464478 -1.431042  -0.192399 -0.000000 0.000000
136  0.529189 -0.515814 -1.694583  -0.192400 -0.000000 0.000000
137  -0.173928 -0.612153 -2.231911  -0.216703 -0.000000 0.000000
138  0.529188 -0.685804 -2.566439  -0.216703 -0.000000 0.000000
139  -0.211445 -0.769562 -3.027870  -0.237349 -0.000000 0.000000
140  0.529188 -0.832683 -3.288847  -0.237349 -0.000000 0.000000
141  -0.173937 -0.945281 -3.779563  -0.233859 0.000000 0.000000
142  0.529179 -1.024662 -4.112780  -0.233859 0.000000 0.000000
143  -0.211443 -1.132191 -4.577547  -0.262919 -0.000000 0.000000
144  0.529190 -1.201959 -4.836824  -0.262919 0.000000 0.000000
145  -0.000004 -2.810946 -10.636630  0.258454 0.000000 3.141592
146  -0.192455 -1.345775 -5.370045  -0.280373 0.000000 0.000000
147  0.533984 -1.413520 -5.605105  -0.276883 0.000000 0.000000
148  -0.206618 -1.795756 -6.909780  -0.287354 0.000000 0.000000
149  -0.205805 -1.564822 -6.138257  -0.290843 0.000000 0.000000
150  0.530460 -1.643672 -6.395215  -0.290844 0.000000 0.000000
151  0.535311 -1.790710 -7.204133  -0.287354 -0.000000 0.000000
152  -0.202703 -2.030494 -7.702829  -0.286180 -0.000000 0.000000
153  0.509548 -2.118895 -8.011623  -0.298398 -0.000000 0.000000
154  -0.202703 -2.255275 -8.465173  -0.283134 -0.000000 0.000000
155  0.509548 -2.352977 -8.771159  -0.295352 -0.000000 0.000000
156  -0.202704 -2.481602 -9.235471  -0.285437 -0.000000 0.000000
157  0.509547 -2.588680 -9.538638  -0.297654 -0.000000 0.000000
158  0.170123 -21.222095 -1.001139  -0.000001 -0.000001 0.000000
159  0.170123 -20.843863 -0.397182  -0.000001 -0.000001 0.000000
160  0.170123 -20.489748 -1.001140  -0.000001 -0.000001 0.000000
161  0.170124 -20.111071 -0.397182  -0.000001 -0.000001 0.000000
162  0.170123 -19.380087 -0.397186  -0.000001 -0.000001 0.000000
163  0.170123 -19.025114 -1.001145  -0.000001 -0.000001 0.000000
164  0.170123 -18.646664 -0.396447  -0.000001 -0.000001 0.000000
165  0.170124 -19.755762 -1.001142  -0.000001 -0.000001 0.000000
166  -0.015973 10.612518 2.686017  0.000001 0.000000 -0.000000
167  0.059851 -50.160702 6.449380  1.570797 -0.000000 -1.570797
168  0.064653 27.351290 72.195206  0.000000 -0.000000 -0.000001
169  6.064261 95.114014 31.645500  0.000000 -0.000001 1.570796
170  0.054185 102.845642 29.795362  -0.000000 0.000001 -1.570796
171  6.064257 69.096550 37.164314  1.570796 -0.000000 1.570796
172  1.974303 11.989234 4.589250  0.000000 0.000000 -0.000000
173  -0.011481 23.944746 5.090361  0.000001 0.000000 0.000000
174  -1.691251 8.833343 5.763507  0.000001 0.000000 -0.000000
175  6.064260 89.329803 31.613918  0.000000 -0.000001 1.570796
176  0.059886 2.255335 54.398010  0.000000 0.000000 0.000000
177  0.003497 -22.270645 0.000152  1.570797 0.000000 -1.570797
178  0.104010 15.380370 2.266153  0.000001 0.000000 -0.000000
179  0.049048 0.001386 0.027427  0.000000 -0.006897 0.000000
180  0.023797 -0.000529 -0.010421  -0.000000 -0.006897 0.000000
181  -2.662412 1.445758 33.628742  -0.000000 3.141591 1.570796
182  8.352067 2.772897 0.000539  -3.141589 0.000002 -0.000000
183  -2.662412 1.445755 40.667957  -0.000000 3.141591 1.570796
184  8.352066 2.772896 0.000535  -3.141589 0.000002 -0.000000
185  -1.431356 16.384779 4.137811  0.000001 0.000000 0.000000
186  -0.001845 0.521683 -0.140290  0.000000 0.000000 -0.000000
187  7.323109 -5.136192 -5.166237  0.000000 0.000000 -0.610865
188  2.698277 -0.000001 -0.000000  -0.000012 0.000000 0.000000
189  2.834158 -0.000001 -0.000000  0.000013 0.000000 0.000000
190  2.648919 0.000001 0.000001  -0.000001 -0.000001 0.000000
191  2.667497 -0.000003 -0.000000  -0.000000 0.000000 -0.000000
192  2.426702 -0.000003 0.000001  0.000000 0.000000 -0.000000
193  -0.494744 -44.353447 -1.302299  1.570797 0.000000 -1.570797
194  11.545938 73.768417 -3.792009  0.000000 0.000000 -0.000000
195  -0.011102 -16.902815 1.952047  0.000001 0.000000 -0.000000
196  0.000000 -0.000001 -1.529052  -0.000000 0.000000 0.000000
197  -0.078942 -0.000001 -0.000000  0.000000 0.000001 1.570796
198  0.097092 -0.000000 -0.000000  -0.000000 -3.141592 1.570796
199  0.000000 0.000000 0.000000  0.000000 -0.000000 -0.000000
200  -0.084167 -0.457985 -0.216150  -0.005259 -0.007745 0.002462
201  -0.055101 -0.463783 -0.171581  -0.005259 -0.007745 0.002462
time 32
0  0 0 0  0 0 0
1  0.000000 0.000000 0.000000  0.000000 -0.000000 -0.000000
2  -0.000005 0.000023 -61.375507  0.000000 0.000000 -1.570795
3  -0.012872 0.000000 8.235020  -1.570799 -1.570796 0.000000
4  16.163128 -0.012870 -0.000002  -0.000000 -0.000000 0.000000
5  16.163143 -0.000009 3.830524  -3.089336 -1.570794 0.000000
6  -0.000031 -0.000001 -0.000000  -0.006677 0.011338 -0.004310
7  -0.000001 -0.000006 0.000003  0.000000 0.000000 0.037784
8  -0.000000 0.000001 0.000002  0.000000 -0.000000 -0.000000
9  0.000001 0.000000 0.000002  -0.000061 -0.000000 -0.000000
10  -0.000002 0.000000 0.000002  -0.000122 -0.000000 -0.000000
11  -0.000001 0.000000 0.000002  -0.000183 0.000000 -0.000000
12  -0.000003 0.000000 0.000002  -0.000244 -0.000000 -0.000000
13  -0.000004 -0.000001 -0.000000  -0.000305 -0.000000 -0.000000
14  -0.000002 -0.000001 -0.000000  -0.000305 -0.000000 -0.000000
15  -0.000002 0.000002 0.000004  -0.001530 -0.004111 -0.027648
16  1.410071 0.800535 -2.089139  2.009773 0.630250 0.591915
17  3.954713 -0.000002 0.000007  -0.000004 -0.000001 0.166316
18  3.101568 0.000004 0.000004  0.000002 -0.000001 0.240238
19  6.164461 -0.898142 2.575019  0.090705 -0.013516 -0.151467
20  2.805851 0.000004 -0.000002  0.000002 0.000001 0.079095
21  2.307444 -0.000004 0.000004  -0.000000 -0.000000 -0.056423
22  7.145099 -0.676330 -1.382426  0.086918 -0.009133 -0.085503
23  3.672212 0.000003 0.000002  0.000003 0.000001 0.142941
24  2.676528 0.000001 0.000004  -0.000001 -0.000001 -0.026075
25  6.831177 -0.870853 0.599921  0.130314 -0.006347 -0.065005
26  3.657083 -0.000009 0.000001  0.000000 0.000000 0.057729
27  2.496795 0.000004 0.000001  0.000000 0.000000 -0.091107
28  7.183353 -0.532073 -3.267607  0.123210 0.020356 -0.052484
29  3.511591 0.000006 -0.000004  -0.000001 -0.000001 0.099575
30  2.199409 -0.000000 0.000002  0.000001 0.000001 0.029263
31  16.163136 0.000012 -3.830531  -3.098550 1.570794 0.000000
32  -0.000018 -0.000001 0.000001  0.001865 -0.014271 -0.013381
33  -0.000000 0.000001 0.000002  0.000000 -0.000000 0.048590
34  0.000001 -0.000000 -0.000004  -0.000000 0.000000 -0.000000
35  -0.000002 -0.000002 0.000000  0.000000 0.000000 0.000000
36  -0.000002 -0.000001 -0.000002  -0.000305 0.000000 0.000000
37  -0.000000 -0.000000 0.000000  -0.000427 -0.000000 0.000000
38  -0.000003 0.000000 -0.000002  -0.000550 -0.000000 -0.000000
39  -0.000002 -0.000000 0.000000  -0.000610 -0.000000 -0.000000
40  -0.000003 -0.000001 0.000000  -0.000733 0.000000 0.000000
41  -0.000007 -0.000004 -0.000002  -0.001061 0.001386 -0.033634
42  1.410069 0.800525 2.089135  -2.009768 -0.630254 0.591907
43  3.954718 0.000012 0.000004  -0.000000 -0.000002 0.166319
44  3.101560 -0.000011 0.000002  -0.000001 -0.000000 0.240238
45  7.183347 -0.532109 3.267603  -0.123210 -0.020355 -0.052486
46  3.511603 -0.000001 0.000001  0.000003 0.000001 0.099571
47  2.199404 0.000005 -0.000003  -0.000001 -0.000001 0.029267
48  7.145094 -0.676362 1.382419  -0.086920 0.009133 -0.085505
49  3.672218 -0.000002 -0.000000  0.000001 -0.000000 0.142941
50  2.676518 -0.000004 -0.000000  -0.000001 -0.000001 -0.026075
51  6.831175 -0.870879 -0.599928  -0.130311 0.006346 -0.065012
52  3.657078 -0.000002 -0.000005  -0.000000 0.000001 0.057734
53  2.496794 0.000001 0.000003  0.000000 -0.000001 -0.091108
54  6.164467 -0.898158 -2.575026  -0.090704 0.013515 -0.151468
55  2.805849 -0.000004 0.000001  -0.000002 -0.000001 0.079091
56  2.307433 -0.000000 -0.000003  0.000002 0.000001 -0.056419
57  0.000000 0.000000 -0.000000  0.000000 -0.000000 0.000000
58  -0.055635 -0.529526 -0.069093  -0.004021 0.007878 0.001937
59  0.071249 114.357025 62.238796  0.000000 0.000000 -0.000000
60  1.986525 0.000016 -3.123739  -2.705260 -0.000000 -1.570797
61  -1.986692 0.000015 -3.123749  0.436333 0.000001 1.570797
62  0.000000 -0.000000 -0.000005  0.000000 0.000000 0.000000
63  -1.986692 0.000022 -3.123740  0.436333 0.000001 1.570797
64  -11.344165 1.135887 0.869276  0.000002 -0.025019 -0.026324
65  1.986525 0.000015 -3.123733  -2.705260 -0.000000 -1.570797
66  -11.350043 -0.729421 0.864885  0.000197 -0.025367 0.026442
67  1.754237 4.036761 -1.682670  0.392575 -0.010120 -1.546362
68  -1.755139 4.036762 -1.682670  -0.392577 -0.010391 -1.594986
69  -0.164556 7.327704 3.928703  -0.000000 0.000001 -1.570796
70  0.079082 36.742691 -0.508023  0.000001 0.000000 -0.000000
71  -1.260174 8.777410 6.736405  -0.000002 -0.424416 -3.141592
72  1.525193 18.283598 2.968622  0.000000 0.000000 -0.000000
73  0.060217 10.324389 74.469055  0.000008 0.000000 0.000000
74  0.062809 75.917999 83.075439  1.570797 -0.000000 -1.570796
75  4.804178 -3.971733 0.000001  -0.000000 0.000000 -0.000000
76  -7.041569 -5.025980 0.000002  -0.000000 -0.000000 -0.000000
77  8.407168 -3.978431 0.003055  -1.570796 1.570795 0.000000
78  10.376187 -3.978436 0.003056  -1.570796 1.570796 0.000000
79  10.194013 -0.314053 -1.749547  -1.570796 1.570796 0.000000
80  20.857878 -4.015552 0.000003  0.000000 -0.000000 0.000000
81  3.258438 5.856966 -3.403523  -0.000000 -0.000000 -0.000000
82  15.153043 5.860597 -3.403521  0.000000 -0.000000 0.000000
83  6.064257 77.294960 36.365799  1.570796 -0.000000 1.570796
84  -2.662412 1.445755 40.667957  -0.000000 3.141591 1.570796
85  8.352065 2.772896 0.000543  -3.141589 0.000002 -0.000000
86  6.064257 72.973694 32.593250  1.570796 -0.000000 1.570796
87  0.004365 73.768417 -3.792008  0.000000 0.000000 0.000000
88  -0.442609 1.284882 8.535290  0.000000 -0.000001 0.000000
89  0.000001 1.310208 0.000000  0.000000 -0.000000 0.000000
90  0.000001 0.582258 0.000000  0.000000 -0.000000 0.000000
91  0.036297 1.284876 7.928799  0.000000 -0.000001 0.000000
92  0.000001 1.310202 -0.000001  0.000000 -0.000000 0.000000
93  -0.000000 0.582251 -0.000000  0.000000 -0.000000 0.000000
94  5.969323 3.427457 -6.170650  -0.000000 -0.000001 -1.570797
95  -1.310219 0.000001 0.000001  0.000000 0.000000 -0.000000
96  -0.582269 0.000000 0.000000  0.000000 0.000000 -0.000000
97  5.969323 9.397403 -6.170659  -0.000000 -0.000001 -1.570796
98  -1.310200 0.000000 0.000001  0.000000 0.000000 -0.000000
99  -0.582250 -0.000001 -0.000001  0.000000 0.000000 -0.000000
100  5.969322 15.223775 -6.170669  -0.000000 -0.000001 -1.570796
101  -1.310210 0.000001 0.000001  -0.000000 0.000000 -0.000000
102  -0.582260 0.000001 0.000001  -0.000000 0.000000 -0.000000
103  5.969323 20.835575 -6.170671  -0.000000 -0.000001 -1.570796
104  -1.310208 0.000001 0.000001  -0.000000 0.000000 -0.000000
105  -0.582258 0.000000 0.000003  -0.000000 0.000000 -0.000000
106  5.969324 26.771210 -6.170671  -0.000000 -0.000001 -1.570796
107  5.969323 32.597599 -6.170675  -0.000000 -0.000001 -1.570796
108  5.969323 38.209404 -6.170684  -0.000000 -0.000001 -1.570800
109  5.969322 49.488468 -6.170683  -0.000000 -0.000001 -1.570800
110  -0.539090 -0.556801 -0.017362  -0.042462 2.681156 1.551919
111  -6.799124 -0.556805 0.818550  -0.272420 2.701993 1.452460
112  -4.615283 -0.556817 0.270328  -0.117230 2.684609 1.518878
113  -2.650969 -0.556803 0.063010  -0.042463 2.681158 1.551919
114  27.110336 1.284862 12.007549  0.000000 -0.000000 -0.000000
115  28.133425 1.284856 12.007548  0.000001 -0.000000 -0.000000
116  12.812886 2.241789 12.007550  0.000000 -0.000001 -0.000001
117  -9.955968 -0.319628 4.380215  -0.000001 -0.000000 -0.000001
118  -11.316474 -0.319624 4.380215  -0.000003 -0.000000 -0.000000
119  -12.667810 -0.319623 4.380215  -0.000003 -0.000000 0.000001
120  -14.022141 -0.319624 4.380215  0.000010 -0.000000 -0.000011
121  -15.373240 -0.319623 4.380214  0.000015 -0.000000 -0.000015
122  -16.724142 -0.319622 4.380215  -0.000009 -0.000000 0.000006
123  -18.074572 -0.319623 4.380215  -0.000006 -0.000000 0.000004
124  -19.423717 -0.319618 4.380215  0.000002 0.000000 -0.000004
125  -20.775270 -0.319624 4.380215  0.000003 0.000000 -0.000004
126  -22.126671 -0.319623 4.380215  0.000003 0.000000 -0.000004
127  -23.478125 -0.319621 4.380215  0.000005 -0.000000 -0.000006
128  -24.830620 -0.319618 4.380215  0.000036 0.000000 -0.000038
129  -26.182028 -0.319616 4.380215  -0.000011 -0.000000 0.000011
130  0.529180 -0.167125 0.629484  -0.101270 -0.000000 0.000000
131  -0.211444 -0.241682 0.155361  -0.145847 -0.000000 0.000000
132  0.529190 -0.280696 -0.110292  -0.145847 -0.000000 0.000000
133  -0.173927 -0.337331 -0.638495  -0.181751 -0.000000 0.000000
134  0.529189 -0.399247 -0.975393  -0.181751 -0.000000 0.000000
135  -0.211444 -0.464471 -1.431042  -0.192399 -0.000000 0.000000
136  0.529189 -0.515800 -1.694583  -0.192399 -0.000000 0.000000
137  -0.173928 -0.612148 -2.231911  -0.216703 -0.000000 0.000000
138  0.529188 -0.685808 -2.566440  -0.216703 -0.000000 0.000000
139  -0.211445 -0.769564 -3.027870  -0.237349 -0.000000 0.000000
140  0.529188 -0.832683 -3.288847  -0.237349 -0.000000 0.000000
141  -0.173937 -0.945279 -3.779564  -0.233859 0.000000 0.000000
142  0.529179 -1.024659 -4.112780  -0.233859 0.000000 0.000000
143  -0.211443 -1.132183 -4.577547  -0.262919 -0.000000 0.000000
144  0.529190 -1.201970 -4.836824  -0.262919 0.000000 0.000000
145  -0.000005 -2.810939 -10.636631  0.258454 0.000000 3.141592
146  -0.192455 -1.345777 -5.370046  -0.280373 0.000000 0.000000
147  0.533984 -1.413505 -5.605105  -0.276883 0.000000 0.000000
148  -0.206618 -1.795759 -6.909780  -0.287354 0.000000 0.000000
149  -0.205805 -1.564815 -6.138257  -0.290843 0.000000 0.000000
150  0.530460 -1.643675 -6.395215  -0.290844 0.000000 0.000000
151  0.535311 -1.790714 -7.204133  -0.287354 -0.000000 0.000000
152  -0.202703 -2.030486 -7.702830  -0.286180 -0.000000 0.000000
153  0.509548 -2.118893 -8.011624  -0.298398 -0.000000 0.000000
154  -0.202703 -2.255273 -8.465172  -0.283134 -0.000000 0.000000
155  0.509548 -2.352977 -8.771158  -0.295352 -0.000000 0.000000
156  -0.202704 -2.481592 -9.235471  -0.285437 -0.000000 0.000000
157  0.509547 -2.588685 -9.538639  -0.297654 -0.000000 0.000000
158  0.170123 -21.222092 -1.001140  -0.000001 -0.000001 0.000000
159  0.170123 -20.843861 -0.397183  -0.000001 -0.000001 0.000000
160  0.170123 -20.489746 -1.001141  -0.000001 -0.000001 0.000000
161  0.170124 -20.111061 -0.397182  -0.000001 -0.000001 0.000000
162  0.170123 -19.380083 -0.397186  -0.000001 -0.000001 0.000000
163  0.170123 -19.025110 -1.001145  -0.000001 -0.000001 0.000000
164  0.170123 -18.646656 -0.396447  -0.000001 -0.000001 0.000000
165  0.170124 -19.755762 -1.001141  -0.000001 -0.000001 0.000000
166  -0.015973 10.612518 2.686017  0.000001 0.000000 -0.000000
167  0.059851 -50.160702 6.449380  1.570797 0.000000 -1.570797
168  0.064653 27.351290 72.195206  -0.000000 -0.000000 -0.000001
169  6.064261 95.114014 31.645500  0.000000 -0.000001 1.570796
170  0.054185 102.845650 29.795362  -0.000000 0.000001 -1.570796
171  6.064258 69.096565 37.164322  1.570796 -0.000000 1.570796
172  1.974302 11.989233 4.589251  0.000000 0.000000 -0.000000
173  -0.011481 23.944746 5.090361  0.000001 0.000000 0.000000
174  -1.691251 8.833342 5.763507  0.000001 0.000000 -0.000000
175  6.064260 89.329803 31.613916  0.000000 -0.000001 1.570796
176  0.059886 2.255335 54.398010  0.000000 0.000000 0.000000
177  0.003497 -22.270645 0.000148  1.570797 -0.000000 -1.570797
178  0.104010 15.380371 2.266152  0.000001 0.000000 -0.000000
179  0.049048 0.001387 0.027427  0.000000 -0.006897 0.000000
180  0.023797 -0.000527 -0.010419  -0.000000 -0.006897 0.000000
181  -2.662412 1.445758 33.628742  -0.000000 3.141591 1.570796
182  8.352065 2.772897 0.000545  -3.141589 0.000002 -0.000000
183  -2.662412 1.445755 40.667957  -0.000000 3.141591 1.570796
184  8.352065 2.772896 0.000543  -3.141589 0.000002 -0.000000
185  -1.431356 16.384779 4.137812  0.000001 0.000000 0.000000
186  -0.001845 0.521683 -0.140290  0.000000 0.000000 -0.000000
187  7.323109 -5.136191 -5.166237  -0.000000 0.000000 -0.610865
188  2.698277 -0.000002 -0.000000  -0.000012 0.000000 0.000001
189  2.834159 -0.000002 0.000000  0.000013 0.000000 -0.000000
190  2.648918 -0.000001 -0.000000  -0.000001 -0.000001 0.000000
191  2.667498 -0.000002 -0.000000  -0.000000 0.000000 0.000000
192  2.426700 -0.000003 -0.000000  -0.000000 0.000000 -0.000000
193  -0.494744 -44.353447 -1.302299  1.570797 0.000000 -1.570797
194  11.545938 73.768417 -3.792010  0.000000 0.000000 -0.000000
195  -0.011102 -16.902813 1.952047  0.000001 0.000000 -0.000000
196  -0.000000 -0.000000 -1.529052  -0.000000 0.000000 0.000000
197  -0.078942 0.000002 -0.000000  0.000000 0.000001 1.570796
198  0.097092 0.000002 -0.000000  -0.000000 -3.141592 1.570796
199  0.000000 0.000000 0.000000  0.000000 -0.000000 -0.000000
200  -0.107561 -0.561867 -0.111849  -0.004027 0.000981 0.002318
201  -0.110701 -0.563953 -0.115806  -0.004027 0.000981 0.002317
time 33
0  0 0 0  0 0 0
1  0.000000 0.000000 0.000000  0.000000 -0.000000 -0.000000
2  -0.000005 0.000023 -61.375507  0.000000 0.000000 -1.570795
3  -0.012872 0.000000 8.235020  -1.570799 -1.570796 0.000000
4  16.163128 -0.012870 -0.000002  -0.000000 -0.000000 0.000000
5  16.163143 -0.000009 3.830524  -3.089336 -1.570794 0.000000
6  -0.000031 -0.000001 -0.000000  -0.007675 0.016215 -0.005556
7  0.000001 -0.000007 0.000004  0.000000 0.000000 0.039860
8  0.000000 0.000001 0.000000  0.000000 -0.000000 -0.000000
9  0.000002 0.000001 0.000000  -0.001831 -0.000000 -0.000000
10  -0.000000 0.000000 0.000000  -0.002747 -0.000000 -0.000000
11  -0.000001 0.000000 0.000002  -0.003662 0.000000 -0.000000
12  -0.000002 0.000000 0.000002  -0.004639 -0.000000 -0.000000
13  -0.000002 -0.000001 0.000000  -0.005554 -0.000000 -0.000000
14  -0.000002 -0.000001 0.000000  -0.006470 -0.000000 -0.000000
15  -0.000003 0.000002 0.000006  -0.008122 -0.009020 -0.026455
16  1.410070 0.800535 -2.089140  2.009774 0.630250 0.591915
17  3.954710 -0.000001 0.000005  -0.000004 -0.000001 0.166316
18  3.101566 0.000005 0.000003  0.000002 -0.000001 0.240238
19  6.164460 -0.898142 2.575018  0.090705 -0.013516 -0.151467
20  2.805850 0.000005 -0.000007  0.000002 0.000001 0.079095
21  2.307443 -0.000003 0.000005  -0.000000 -0.000000 -0.056423
22  7.145098 -0.676330 -1.382427  0.086918 -0.009133 -0.085503
23  3.672211 0.000003 0.000002  0.000003 0.000001 0.142941
24  2.676525 0.000001 0.000001  -0.000001 -0.000001 -0.026075
25  6.831176 -0.870853 0.599921  0.130314 -0.006347 -0.065005
26  3.657084 -0.000009 -0.000000  0.000000 0.000000 0.057729
27  2.496796 0.000004 0.000001  0.000000 0.000000 -0.091107
28  7.183353 -0.532073 -3.267610  0.123210 0.020356 -0.052484
29  3.511590 0.000005 0.000002  -0.000001 -0.000001 0.099575
30  2.199412 0.000001 0.000003  0.000001 0.000001 0.029263
31  16.163136 0.000012 -3.830531  -3.098550 1.570794 0.000000
32  -0.000018 -0.000001 0.000001  0.002087 -0.019701 -0.013632
33  0.000000 0.000001 -0.000001  0.000000 -0.000000 0.050422
34  0.000001 0.000000 -0.000002  -0.000000 0.000000 -0.000000
35  -0.000002 -0.000002 -0.000001  0.000000 0.000000 0.000000
36  -0.000003 -0.000001 -0.000001  -0.002319 0.000000 0.000000
37  0.000000 -0.000000 -0.000002  -0.003113 -0.000000 0.000000
38  -0.000006 0.000001 -0.000001  -0.003907 -0.000000 -0.000000
39  -0.000005 0.000000 -0.000001  -0.004700 -0.000000 -0.000000
40  -0.000006 -0.000002 -0.000001  -0.005432 0.000000 0.000000
41  -0.000006 -0.000004 -0.000003  -0.006264 -0.005589 -0.030380
42  1.410069 0.800525 2.089138  -2.009768 -0.630254 0.591907
43  3.954719 0.000011 0.000004  -0.000000 -0.000002 0.166319
44  3.101558 -0.000005 0.000005  -0.000001 -0.000000 0.240238
45  7.183348 -0.532110 3.267603  -0.123210 -0.020355 -0.052486
46  3.511603 -0.000001 0.000001  0.000003 0.000001 0.099571
47  2.199403 0.000004 -0.000004  -0.000001 -0.000001 0.029267
48  7.145095 -0.676362 1.382420  -0.086920 0.009133 -0.085505
49  3.672217 -0.000002 -0.000002  0.000001 -0.000000 0.142941
50  2.676517 -0.000003 -0.000002  -0.000001 -0.000001 -0.026075
51  6.831175 -0.870879 -0.599927  -0.130311 0.006346 -0.065012
52  3.657080 -0.000002 -0.000003  -0.000000 0.000001 0.057734
53  2.496795 0.000001 0.000005  0.000000 -0.000001 -0.091108
54  6.164467 -0.898158 -2.575026  -0.090704 0.013515 -0.151468
55  2.805847 -0.000003 -0.000001  -0.000002 -0.000001 0.079091
56  2.307435 0.000000 0.000001  0.000002 0.000001 -0.056419
57  0.000000 0.000000 -0.000000  0.000000 -0.000000 0.000000
58  -0.017380 -0.576012 0.101385  -0.002367 0.016055 0.001690
59  0.071249 114.357033 62.238796  -0.000000 -0.000000 -0.000000
60  1.986525 0.000010 -3.123736  -2.705260 -0.000000 -1.570797
61  -1.986692 0.000011 -3.123744  0.436333 0.000001 1.570797
62  0.000000 -0.000006 -0.000005  0.000000 -0.000000 0.000000
63  -1.986692 0.000011 -3.123739  0.436333 0.000001 1.570797
64  -11.344158 1.135891 0.869277  0.000002 -0.025019 -0.026324
65  1.986525 0.000010 -3.123734  -2.705260 -0.000000 -1.570797
66  -11.350068 -0.729423 0.864882  0.000197 -0.025367 0.026442
67  1.754237 4.036753 -1.682673  0.392575 -0.010120 -1.546362
68  -1.755140 4.036755 -1.682670  -0.392577 -0.010391 -1.594986
69  -0.164556 7.327704 3.928703  0.000000 0.000001 -1.570796
70  0.079082 36.742691 -0.508023  0.000001 -0.000000 -0.000000
71  -1.260174 8.777411 6.736406  -0.000002 -0.424415 -3.141592
72  1.525193 18.283598 2.968622  0.000000 -0.000000 -0.000000
73  0.060216 10.324389 74.469063  0.000008 -0.000000 0.000000
74  0.062809 75.917999 83.075439  1.570797 0.000000 -1.570796
75  4.804190 -3.971735 0.000001  -0.000000 0.000000 -0.000000
76  -7.041560 -5.025990 0.000002  -0.000000 -0.000000 -0.000000
77  8.407189 -3.978434 0.003055  -1.570796 1.570795 0.000000
78  10.376200 -3.978440 0.003056  -1.570796 1.570796 0.000000
79  10.194024 -0.314054 -1.749547  -1.570796 1.570796 0.000000
80  20.857895 -4.015563 0.000003  0.000000 -0.000000 -0.000000
81  3.258455 5.856951 -3.403523  -0.000000 -0.000000 -0.000000
82  15.153058 5.860581 -3.403521  0.000000 -0.000000 -0.000000
83  6.064256 77.294952 36.365795  1.570796 -0.000000 1.570796
84  -2.662412 1.445755 40.667957  -0.000000 3.141591 1.570796
85  8.352065 2.772897 0.000539  -3.141589 0.000002 0.000000
86  6.064256 72.973694 32.593250  1.570796 -0.000000 1.570796
87  0.004365 73.768425 -3.792008  0.000000 -0.000000 0.000000
88  -0.442609 1.284872 8.535290  -0.000000 -0.000001 0.000000
89  0.000001 1.310205 -0.000001  0.000000 -0.000000 0.000000
90  0.000001 0.582263 -0.000000  0.000000 -0.000000 0.000000
91  0.036297 1.284874 7.928798  0.000000 -0.000001 0.000000
92  0.000001 1.310207 -0.000000  0.000000 -0.000000 0.000000
93  -0.000000 0.582265 -0.000000  0.000000 -0.000000 0.000000
94  5.969324 3.427452 -6.170650  -0.000000 -0.000001 -1.570797
95  -1.310207 0.000000 0.000002  0.000000 0.000000 -0.000000
96  -0.582265 -0.000000 0.000002  0.000000 0.000000 -0.000000
97  5.969323 9.397398 -6.170659  -0.000000 -0.000001 -1.570796
98  -1.310203 -0.000000 0.000001  0.000000 0.000000 -0.000000
99  -0.582254 -0.000001 0.000001  0.000000 0.000000 -0.000000
100  5.969322 15.223758 -6.170670  -0.000000 -0.000001 -1.570796
101  -1.310215 0.000001 0.000001  -0.000000 0.000000 -0.000000
102  -0.582266 0.000001 0.000002  -0.000000 0.000000 -0.000000
103  5.969323 20.835562 -6.170671  -0.000000 -0.000001 -1.570796
104  -1.310202 0.000001 0.000002  -0.000000 0.000000 -0.000000
105  -0.582260 -0.000001 0.000004  -0.000000 0.000000 -0.000000
106  5.969324 26.771204 -6.170672  -0.000000 -0.000001 -1.570796
107  5.969323 32.597595 -6.170674  -0.000000 -0.000001 -1.570796
108  5.969323 38.209389 -6.170685  0.000000 -0.000001 -1.570800
109  5.969322 49.488464 -6.170684  0.000000 -0.000001 -1.570800
110  -0.539090 -0.556812 -0.017363  -0.042462 2.681156 1.551919
111  -6.799123 -0.556816 0.818549  -0.272420 2.701993 1.452460
112  -4.615283 -0.556829 0.270328  -0.117230 2.684609 1.518878
113  -2.650969 -0.556815 0.063010  -0.042463 2.681158 1.551919
114  27.110336 1.284850 12.007548  0.000000 -0.000000 -0.000000
115  28.133425 1.284853 12.007547  0.000001 -0.000000 -0.000000
116  12.812885 2.241784 12.007549  -0.000000 -0.000001 -0.000001
117  -9.955968 -0.319633 4.380215  -0.000001 -0.000000 -0.000001
118  -11.316474 -0.319630 4.380215  -0.000003 -0.000000 -0.000000
119  -12.667810 -0.319636 4.380215  -0.000003 -0.000000 0.000001
120  -14.022141 -0.319628 4.380215  0.000010 -0.000000 -0.000011
121  -15.373240 -0.319633 4.380214  0.000015 -0.000000 -0.000015
122  -16.724142 -0.319631 4.380215  -0.000009 -0.000000 0.000006
123  -18.074572 -0.319630 4.380215  -0.000006 0.000000 0.000004
124  -19.423714 -0.319631 4.380215  0.000002 0.000000 -0.000004
125  -20.775270 -0.319628 4.380215  0.000003 0.000000 -0.000004
126  -22.126669 -0.319626 4.380215  0.000003 -0.000000 -0.000004
127  -23.478121 -0.319631 4.380215  0.000005 0.000000 -0.000006
128  -24.830620 -0.319626 4.380215  0.000036 0.000000 -0.000038
129  -26.182026 -0.319631 4.380215  -0.000011 0.000000 0.000011
130  0.529180 -0.167134 0.629484  -0.101270 -0.000000 0.000000
131  -0.211444 -0.241690 0.155361  -0.145847 -0.000000 0.000000
132  0.529190 -0.280713 -0.110293  -0.145847 -0.000000 0.000000
133  -0.173927 -0.337327 -0.638496  -0.181751 -0.000000 0.000000
134  0.529189 -0.399256 -0.975393  -0.181751 -0.000000 0.000000
135  -0.211444 -0.464488 -1.431042  -0.192399 -0.000000 0.000000
136  0.529189 -0.515814 -1.694583  -0.192400 -0.000000 0.000000
137  -0.173928 -0.612156 -2.231911  -0.216703 -0.000000 0.000000
138  0.529188 -0.685809 -2.566440  -0.216703 -0.000000 0.000000
139  -0.211445 -0.769567 -3.027870  -0.237349 -0.000000 0.000000
140  0.529188 -0.832694 -3.288847  -0.237349 -0.000000 0.000000
141  -0.173937 -0.945292 -3.779564  -0.233859 0.000000 0.000000
142  0.529179 -1.024663 -4.112780  -0.233859 0.000000 0.000000
143  -0.211443 -1.132193 -4.577547  -0.262919 -0.000000 0.000000
144  0.529190 -1.201970 -4.836825  -0.262919 0.000000 0.000000
145  -0.000005 -2.810947 -10.636630  0.258454 0.000000 3.141592
146  -0.192455 -1.345784 -5.370046  -0.280373 0.000000 0.000000
147  0.533984 -1.413520 -5.605105  -0.276883 0.000000 0.000000
148  -0.206618 -1.795768 -6.909780  -0.287354 0.000000 0.000000
149  -0.205805 -1.564826 -6.138257  -0.290843 0.000000 0.000000
150  0.530460 -1.643680 -6.395214  -0.290844 0.000000 0.000000
151  0.535311 -1.790709 -7.204133  -0.287354 -0.000000 0.000000
152  -0.202703 -2.030496 -7.702830  -0.286180 -0.000000 0.000000
153  0.509548 -2.118905 -8.011624  -0.298398 -0.000000 0.000000
154  -0.202703 -2.255281 -8.465173  -0.283134 -0.000000 0.000000
155  0.509548 -2.352990 -8.771159  -0.295352 -0.000000 0.000000
156  -0.202704 -2.481604 -9.235472  -0.285437 -0.000000 0.000000
157  0.509547 -2.588696 -9.538638  -0.297654 -0.000000 0.000000
158  0.170123 -21.222092 -1.001141  -0.000001 -0.000001 0.000000
159  0.170123 -20.843874 -0.397183  -0.000001 -0.000001 0.000000
160  0.170123 -20.489752 -1.001141  -0.000001 -0.000001 0.000000
161  0.170124 -20.111078 -0.397183  -0.000001 -0.000001 0.000000
162  0.170123 -19.380096 -0.397186  -0.000001 -0.000001 0.000000
163  0.170123 -19.025112 -1.001145  -0.000001 -0.000001 0.000000
164  0.170123 -18.646664 -0.396447  -0.000001 -0.000001 0.000000
165  0.170124 -19.755764 -1.001142  -0.000001 -0.000001 0.000000
166  -0.015973 10.612517 2.686017  0.000001 -0.000000 -0.000000
167  0.059851 -50.160702 6.449381  1.570797 0.000000 -1.570797
168  0.064652 27.351288 72.195213  0.000000 -0.000000 -0.000001
169  6.064260 95.114006 31.645500  -0.000000 -0.000001 1.570796
170  0.054185 102.845642 29.795362  0.000000 0.000001 -1.570796
171  6.064257 69.096550 37.164322  1.570796 -0.000000 1.570796
172  1.974303 11.989233 4.589251  0.000000 -0.000000 -0.000000
173  -0.011481 23.944744 5.090361  0.000001 -0.000000 0.000000
174  -1.691251 8.833342 5.763507  0.000001 -0.000000 -0.000000
175  6.064260 89.329803 31.613918  -0.000000 -0.000001 1.570796
176  0.059886 2.255334 54.398010  0.000000 -0.000000 0.000000
177  0.003497 -22.270645 0.000147  1.570797 0.000000 -1.570797
178  0.104010 15.380370 2.266153  0.000001 -0.000000 -0.000000
179  0.049048 0.001387 0.027427  0.000000 -0.006897 0.000000
180  0.023797 -0.000526 -0.010416  -0.000000 -0.006897 0.000000
181  -2.662412 1.445758 33.628746  -0.000000 3.141591 1.570796
182  8.352066 2.772897 0.000547  -3.141589 0.000002 0.000000
183  -2.662412 1.445755 40.667957  -0.000000 3.141591 1.570796
184  8.352065 2.772897 0.000539  -3.141589 0.000002 0.000000
185  -1.431356 16.384779 4.137811  0.000001 -0.000000 0.000000
186  -0.001845 0.521683 -0.140289  0.000000 -0.000000 -0.000000
187  7.323109 -5.136191 -5.166237  0.000000 0.000000 -0.610865
188  2.698277 -0.000001 0.000000  -0.000012 0.000000 0.000000
189  2.834158 -0.000001 0.000000  0.000013 0.000000 0.000000
190  2.648919 -0.000000 0.000001  -0.000001 -0.000001 0.000000
191  2.667500 -0.000002 -0.000001  -0.000000 0.000000 -0.000000
192  2.426702 -0.000004 0.000000  -0.000000 0.000000 -0.000000
193  -0.494744 -44.353443 -1.302299  1.570797 0.000000 -1.570797
194  11.545938 73.768417 -3.792010  0.000000 -0.000000 -0.000000
195  -0.011103 -16.902815 1.952047  0.000001 -0.000000 -0.000000
196  0.000000 -0.000000 -1.529052  -0.000000 -0.000000 0.000000
197  -0.078942 -0.000002 0.000000  0.000000 0.000001 1.570796
198  0.097092 -0.000002 -0.000000  -0.000000 -3.141592 1.570796
199  0.000000 0.000000 0.000000  0.000000 -0.000000 -0.000000
200  -0.123320 -0.596497 0.088946  -0.002371 0.009158 0.002064
201  -0.156534 -0.594006 0.040022  -0.002371 0.009158 0.002064
time 34
0  0 0 0  0 0 0
1  0.000000 0.000000 0.000000  0.000000 -0.000000 -0.000000
2  -0.000005 0.000023 -61.375507  0.000000 0.000000 -1.570795
3  -0.012872 0.000000 8.235020  -1.570799 -1.570796 0.000000
4  16.163128 -0.012870 -0.000002  -0.000000 -0.000000 0.000000
5  16.163143 -0.000009 3.830524  -3.089336 -1.570794 0.000000
6  -0.000031 -0.000001 -0.000000  -0.008238 0.019018 -0.006182
7  -0.000001 -0.000007 0.000002  0.000000 0.000000 0.036136
8  -0.000000 0.000001 0.000004  0.000000 -0.000000 -0.000000
9  0.000001 0.000001 0.000002  -0.003174 -0.000000 -0.000000
10  -0.000002 0.000000 0.000002  -0.004822 -0.000000 -0.000000
11  -0.000001 0.000000 0.000004  -0.006409 0.000000 -0.000000
12  -0.000002 0.000000 0.000002  -0.008057 -0.000000 -0.000000
13  -0.000002 -0.000001 0.000002  -0.009644 -0.000000 -0.000000
14  -0.000004 -0.000001 0.000002  -0.011292 -0.000000 -0.000000
15  -0.000004 0.000002 0.000006  -0.013116 -0.012407 -0.020978
16  1.410070 0.800535 -2.089137  2.009773 0.630250 0.591915
17  3.954712 -0.000002 0.000005  -0.000004 -0.000001 0.166316
18  3.101566 0.000006 0.000003  0.000002 -0.000001 0.240238
19  6.164462 -0.898142 2.575021  0.090705 -0.013516 -0.151467
20  2.805850 0.000004 -0.000006  0.000002 0.000001 0.079095
21  2.307444 -0.000004 0.000002  -0.000000 -0.000000 -0.056423
22  7.145099 -0.676330 -1.382426  0.086918 -0.009133 -0.085503
23  3.672214 0.000003 0.000003  0.000003 0.000001 0.142941
24  2.676527 0.000001 0.000003  -0.000001 -0.000001 -0.026075
25  6.831178 -0.870853 0.599922  0.130314 -0.006347 -0.065005
26  3.657084 -0.000010 -0.000001  0.000000 0.000000 0.057729
27  2.496794 0.000003 -0.000002  0.000000 0.000000 -0.091107
28  7.183353 -0.532073 -3.267609  0.123210 0.020356 -0.052484
29  3.511593 0.000005 -0.000002  -0.000001 -0.000001 0.099575
30  2.199412 0.000000 0.000004  0.000001 0.000001 0.029263
31  16.163136 0.000012 -3.830531  -3.098550 1.570794 0.000000
32  -0.000018 -0.000001 0.000001  0.002024 -0.022450 -0.011803
33  0.000002 0.000001 0.000001  0.000000 -0.000000 0.044927
34  0.000000 0.000000 -0.000001  -0.000000 0.000000 -0.000000
35  -0.000002 -0.000002 -0.000001  0.000000 0.000000 0.000000
36  -0.000002 -0.000001 -0.000001  -0.003601 0.000000 0.000000
37  -0.000000 -0.000000 -0.000001  -0.004822 -0.000000 0.000000
38  -0.000004 0.000001 -0.000001  -0.006043 0.000000 -0.000000
39  -0.000005 -0.000000 -0.000003  -0.007202 -0.000000 -0.000000
40  -0.000004 -0.000001 0.000001  -0.008423 0.000000 0.000000
41  -0.000008 -0.000004 -0.000003  -0.009575 -0.011403 -0.023018
42  1.410069 0.800525 2.089141  -2.009768 -0.630254 0.591907
43  3.954720 0.000009 0.000005  -0.000000 -0.000002 0.166320
44  3.101557 -0.000007 0.000004  -0.000001 -0.000000 0.240238
45  7.183347 -0.532110 3.267605  -0.123210 -0.020355 -0.052486
46  3.511603 -0.000001 -0.000001  0.000003 0.000001 0.099571
47  2.199405 0.000004 0.000002  -0.000001 -0.000001 0.029267
48  7.145096 -0.676362 1.382421  -0.086920 0.009133 -0.085505
49  3.672217 -0.000002 -0.000001  0.000001 -0.000000 0.142941
50  2.676520 -0.000004 0.000002  -0.000001 -0.000001 -0.026075
51  6.831176 -0.870879 -0.599926  -0.130311 0.006346 -0.065012
52  3.657079 -0.000002 -0.000004  -0.000000 0.000001 0.057734
53  2.496795 0.000001 0.000003  0.000000 -0.000001 -0.091108
54  6.164467 -0.898158 -2.575025  -0.090704 0.013515 -0.151468
55  2.805847 -0.000003 0.000003  -0.000002 -0.000001 0.079091
56  2.307436 0.000000 -0.000002  0.000002 0.000001 -0.056419
57  0.000000 0.000000 -0.000000  0.000000 -0.000000 0.000000
58  0.016033 -0.535454 0.271276  -0.000840 0.021913 0.001334
59  0.071249 114.357033 62.238792  -0.000000 -0.000000 -0.000000
60  1.986525 0.000015 -3.123736  -2.705260 -0.000000 -1.570797
61  -1.986692 0.000018 -3.123742  0.436333 0.000001 1.570797
62  -0.000000 0.000002 -0.000003  0.000000 -0.000000 0.000000
63  -1.986692 0.000011 -3.123737  0.436333 0.000001 1.570797
64  -11.344155 1.135886 0.869278  0.000002 -0.025019 -0.026324
65  1.986525 0.000008 -3.123735  -2.705260 -0.000000 -1.570797
66  -11.350064 -0.729421 0.864890  0.000197 -0.025367 0.026442
67  1.754237 4.036757 -1.682669  0.392575 -0.010120 -1.546362
68  -1.755139 4.036759 -1.682669  -0.392577 -0.010391 -1.594986
69  -0.164556 7.327704 3.928703  0.000000 0.000001 -1.570796
70  0.079082 36.742691 -0.508023  0.000001 -0.000000 -0.000000
71  -1.260174 8.777410 6.736405  -0.000002 -0.424415 -3.141592
72  1.525193 18.283598 2.968621  0.000000 -0.000000 0.000000
73  0.060217 10.324389 74.469055  0.000008 -0.000000 0.000000
74  0.062808 75.918007 83.075439  1.570797 -0.000000 -1.570796
75  4.804183 -3.971740 0.000001  -0.000000 0.000000 -0.000000
76  -7.041566 -5.025992 0.000002  -0.000000 -0.000000 -0.000000
77  8.407195 -3.978436 0.003055  -1.570796 1.570795 0.000000
78  10.376194 -3.978441 0.003056  -1.570796 1.570796 0.000000
79  10.194017 -0.314073 -1.749547  -1.570796 1.570796 0.000000
80  20.857893 -4.015566 0.000003  0.000000 -0.000000 0.000000
81  3.258446 5.856948 -3.403523  -0.000000 -0.000000 -0.000000
82  15.153052 5.860574 -3.403520  0.000000 -0.000000 0.000000
83  6.064256 77.294952 36.365799  1.570796 0.000000 1.570796
84  -2.662412 1.445755 40.667961  0.000000 3.141591 1.570796
85  8.352066 2.772896 0.000550  -3.141589 0.000002 0.000000
86  6.064256 72.973694 32.593250  1.570796 0.000000 1.570796
87  0.004365 73.768425 -3.792008  0.000000 -0.000000 0.000000
88  -0.442609 1.284886 8.535290  0.000000 -0.000001 0.000000
89  0.000001 1.310219 -0.000001  0.000000 -0.000000 0.000000
90  0.000001 0.582266 -0.000001  0.000000 -0.000000 0.000000
91  0.036297 1.284889 7.928798  -0.000000 -0.000001 0.000000
92  0.000001 1.310214 -0.000001  0.000000 -0.000000 0.000000
93  0.000000 0.582261 0.000000  0.000000 -0.000000 0.000000
94  5.969323 3.427464 -6.170650  -0.000000 -0.000001 -1.570797
95  -1.310210 0.000001 -0.000000  0.000000 -0.000000 -0.000000
96  -0.582257 0.000000 -0.000001  0.000000 0.000000 -0.000000
97  5.969322 9.397404 -6.170659  -0.000000 -0.000001 -1.570796
98  -1.310216 -0.000000 0.000001  0.000000 0.000000 -0.000000
99  -0.582263 -0.000001 -0.000000  0.000000 0.000000 -0.000000
100  5.969321 15.223773 -6.170669  0.000000 -0.000001 -1.570796
101  -1.310216 0.000002 0.000001  -0.000000 0.000000 -0.000000
102  -0.582263 0.000001 0.000001  -0.000000 0.000000 -0.000000
103  5.969323 20.835573 -6.170671  0.000000 -0.000001 -1.570796
104  -1.310222 0.000001 0.000001  -0.000000 0.000000 -0.000000
105  -0.582269 -0.000000 0.000003  -0.000000 0.000000 -0.000000
106  5.969324 26.771219 -6.170671  0.000000 -0.000001 -1.570796
107  5.969323 32.597603 -6.170675  0.000000 -0.000001 -1.570796
108  5.969323 38.209404 -6.170684  0.000000 -0.000001 -1.570800
109  5.969322 49.488472 -6.170683  0.000000 -0.000001 -1.570800
110  -0.539090 -0.556801 -0.017363  -0.042462 2.681156 1.551919
111  -6.799123 -0.556801 0.818549  -0.272420 2.701993 1.452460
112  -4.615283 -0.556811 0.270328  -0.117230 2.684609 1.518878
113  -2.650969 -0.556801 0.063010  -0.042463 2.681158 1.551919
114  27.110336 1.284868 12.007548  -0.000000 -0.000000 0.000000
115  28.133425 1.284869 12.007547  0.000001 -0.000000 0.000000
116  12.812884 2.241795 12.007550  -0.000000 -0.000001 -0.000001
117  -9.955966 -0.319617 4.380214  -0.000001 -0.000000 -0.000001
118  -11.316472 -0.319619 4.380215  -0.000003 -0.000000 0.000000
119  -12.667809 -0.319617 4.380215  -0.000003 -0.000000 0.000001
120  -14.022141 -0.319612 4.380215  0.000010 -0.000000 -0.000011
121  -15.373240 -0.319611 4.380214  0.000015 -0.000000 -0.000015
122  -16.724142 -0.319617 4.380214  -0.000009 -0.000000 0.000006
123  -18.074572 -0.319617 4.380214  -0.000006 0.000000 0.000004
124  -19.423716 -0.319611 4.380214  0.000002 0.000000 -0.000004
125  -20.775269 -0.319609 4.380214  0.000003 0.000000 -0.000004
126  -22.126671 -0.319615 4.380215  0.000003 -0.000000 -0.000004
127  -23.478123 -0.319613 4.380214  0.000005 -0.000000 -0.000006
128  -24.830620 -0.319610 4.380215  0.000036 -0.000000 -0.000038
129  -26.182028 -0.319609 4.380214  -0.000011 -0.000000 0.000011
130  0.529180 -0.167124 0.629484  -0.101270 -0.000000 0.000000
131  -0.211444 -0.241675 0.155361  -0.145847 -0.000000 0.000000
132  0.529190 -0.280694 -0.110293  -0.145847 -0.000000 0.000000
133  -0.173927 -0.337319 -0.638496  -0.181751 -0.000000 0.000000
134  0.529189 -0.399236 -0.975393  -0.181751 -0.000000 0.000000
135  -0.211444 -0.464472 -1.431042  -0.192399 -0.000000 0.000000
136  0.529189 -0.515799 -1.694583  -0.192400 -0.000000 0.000000
137  -0.173928 -0.612142 -2.231911  -0.216703 -0.000000 0.000000
138  0.529188 -0.685795 -2.566440  -0.216703 -0.000000 0.000000
139  -0.211445 -0.769558 -3.027871  -0.237349 -0.000000 0.000000
140  0.529188 -0.832682 -3.288847  -0.237349 -0.000000 0.000000
141  -0.173937 -0.945271 -3.779564  -0.233859 0.000000 0.000000
142  0.529179 -1.024647 -4.112780  -0.233859 0.000000 0.000000
143  -0.211443 -1.132180 -4.577547  -0.262919 -0.000000 0.000000
144  0.529190 -1.201958 -4.836825  -0.262919 0.000000 0.000000
145  -0.000005 -2.810933 -10.636629  0.258454 0.000000 3.141592
146  -0.192455 -1.345774 -5.370044  -0.280373 0.000000 0.000000
147  0.533984 -1.413502 -5.605105  -0.276883 0.000000 0.000000
148  -0.206618 -1.795758 -6.909779  -0.287354 0.000000 0.000000
149  -0.205805 -1.564816 -6.138257  -0.290843 0.000000 0.000000
150  0.530460 -1.643669 -6.395214  -0.290844 0.000000 0.000000
151  0.535311 -1.790708 -7.204132  -0.287354 -0.000000 0.000000
152  -0.202703 -2.030479 -7.702829  -0.286180 -0.000000 0.000000
153  0.509548 -2.118884 -8.011624  -0.298398 -0.000000 0.000000
154  -0.202703 -2.255274 -8.465172  -0.283134 -0.000000 0.000000
155  0.509548 -2.352973 -8.771160  -0.295352 -0.000000 0.000000
156  -0.202704 -2.481595 -9.235472  -0.285437 -0.000000 0.000000
157  0.509547 -2.588673 -9.538638  -0.297654 -0.000000 0.000000
158  0.170123 -21.222086 -1.001140  -0.000001 -0.000001 0.000000
159  0.170123 -20.843857 -0.397183  -0.000001 -0.000001 0.000000
160  0.170123 -20.489738 -1.001141  -0.000001 -0.000001 0.000000
161  0.170124 -20.111059 -0.397183  -0.000001 -0.000001 0.000000
162  0.170123 -19.380081 -0.397186  -0.000001 -0.000001 0.000000
163  0.170123 -19.025101 -1.001146  -0.000001 -0.000001 0.000000
164  0.170123 -18.646650 -0.396447  -0.000001 -0.000001 0.000000
165  0.170124 -19.755754 -1.001142  -0.000001 -0.000001 0.000000
166  -0.015973 10.612518 2.686017  0.000001 -0.000000 -0.000000
167  0.059851 -50.160706 6.449380  1.570797 0.000000 -1.570797
168  0.064652 27.351288 72.195206  0.000000 -0.000000 -0.000001
169  6.064260 95.114006 31.645500  -0.000000 -0.000001 1.570796
170  0.054185 102.845634 29.795362  0.000000 0.000001 -1.570796
171  6.064257 69.096565 37.164314  1.570796 0.000000 1.570796
172  1.974303 11.989233 4.589250  0.000000 -0.000000 0.000000
173  -0.011481 23.944748 5.090361  0.000001 -0.000000 0.000000
174  -1.691251 8.833342 5.763507  0.000001 -0.000000 0.000000
175  6.064260 89.329803 31.613916  -0.000000 -0.000001 1.570796
176  0.059886 2.255335 54.398010  -0.000000 -0.000000 0.000000
177  0.003496 -22.270645 0.000155  1.570797 -0.000000 -1.570797
178  0.104010 15.380370 2.266153  0.000001 -0.000000 -0.000000
179  0.049049 0.001387 0.027424  0.000000 -0.006897 0.000000
180  0.023798 -0.000528 -0.010419  -0.000000 -0.006897 0.000000
181  -2.662412 1.445758 33.628742  0.000000 3.141591 1.570796
182  8.352066 2.772897 0.000540  -3.141589 0.000002 0.000000
183  -2.662412 1.445755 40.667961  0.000000 3.141591 1.570796
184  8.352066 2.772896 0.000550  -3.141589 0.000002 0.000000
185  -1.431356 16.384777 4.137811  0.000001 -0.000000 0.000000
186  -0.001845 0.521683 -0.140289  0.000000 -0.000000 -0.000000
187  7.323109 -5.136192 -5.166237  -0.000000 0.000000 -0.610865
188  2.698277 -0.000002 0.000000  -0.000012 0.000000 0.000001
189  2.834160 -0.000002 0.000000  0.000013 0.000000 0.000000
190  2.648919 0.000001 0.000000  -0.000001 -0.000001 0.000000
191  2.667500 -0.000003 -0.000001  0.000000 0.000000 0.000000
192  2.426700 -0.000003 0.000001  0.000000 0.000000 -0.000000
193  -0.494744 -44.353447 -1.302299  1.570797 -0.000000 -1.570797
194  11.545937 73.768425 -3.792010  0.000000 -0.000000 0.000000
195  -0.011102 -16.902815 1.952047  0.000001 -0.000000 -0.000000
196  0.000000 0.000000 -1.529052  -0.000000 0.000000 0.000000
197  -0.078942 0.000000 -0.000000  0.000000 0.000001 1.570796
198  0.097092 0.000000 -0.000000  -0.000000 -3.141592 1.570796
199  0.000000 0.000000 0.000000  0.000000 -0.000000 -0.000000
200  -0.125235 -0.544548 0.285483  -0.000842 0.014955 0.001703
201  -0.180578 -0.538353 0.203898  -0.000842 0.014955 0.001703
time 35
0  0 0 0  0 0 0
1  0.000000 0.000000 0.000000  0.000000 -0.000000 -0.000000
2  -0.000005 0.000023 -61.375507  0.000000 0.000000 -1.570795
3  -0.012872 0.000000 8.235020  -1.570799 -1.570796 0.000000
4  16.163128 -0.012870 -0.000002  -0.000000 -0.000000 0.000000
5  16.163143 -0.000009 3.830524  -3.089336 -1.570794 0.000000
6  -0.000031 -0.000001 -0.000000  -0.008109 0.018227 -0.005689
7  -0.000001 -0.000007 0.000004  0.000000 0.000000 0.028750
8  0.000000 0.000000 -0.000001  0.000000 -0.000000 -0.000000
9  0.000002 0.000001 0.000001  -0.003662 -0.000000 -0.000000
10  -0.000001 0.000000 0.000003  -0.005493 -0.000000 -0.000000
11  -0.000001 0.000000 0.000003  -0.007386 0.000000 -0.000000
12  -0.000004 0.000000 0.000001  -0.009217 -0.000000 -0.000000
13  -0.000002 -0.000001 0.000001  -0.011048 -0.000000 -0.000000
14  -0.000002 -0.000001 0.000001  -0.012879 -0.000000 -0.000000
15  -0.000004 0.000001 0.000004  -0.014620 -0.012801 -0.014251
16  1.410070 0.800535 -2.089138  2.009774 0.630250 0.591915
17  3.954711 -0.000003 0.000007  -0.000004 -0.000001 0.166316
18  3.101569 0.000000 0.000003  0.000002 -0.000001 0.240238
19  6.164461 -0.898142 2.575019  0.090705 -0.013516 -0.151467
20  2.805849 0.000004 -0.000006  0.000002 0.000001 0.079095
21  2.307443 -0.000004 0.000005  -0.000000 -0.000000 -0.056423
22  7.145099 -0.676330 -1.382426  0.086918 -0.009133 -0.085503
23  3.672211 0.000003 0.000000  0.000003 0.000001 0.142941
24  2.676528 0.000001 0.000004  -0.000001 -0.000001 -0.026075
25  6.831178 -0.870853 0.599919  0.130314 -0.006347 -0.065005
26  3.657082 -0.000010 -0.000000  0.000000 0.000000 0.057729
27  2.496794 0.000004 0.000001  0.000000 0.000000 -0.091107
28  7.183352 -0.532073 -3.267609  0.123210 0.020356 -0.052484
29  3.511589 0.000005 -0.000002  -0.000001 -0.000001 0.099575
30  2.199411 0.000001 0.000003  0.000001 0.000001 0.029263
31  16.163136 0.000012 -3.830531  -3.098550 1.570794 0.000000
32  -0.000018 -0.000001 0.000001  0.001744 -0.021233 -0.009053
33  0.000002 0.000001 0.000000  0.000000 -0.000000 0.035220
34  0.000001 0.000000 0.000002  -0.000000 0.000000 -0.000000
35  -0.000002 -0.000002 0.000002  0.000000 0.000000 0.000000
36  -0.000002 -0.000001 0.000002  -0.003723 0.000000 0.000000
37  -0.000000 -0.000000 0.000002  -0.004944 -0.000000 0.000000
38  -0.000005 0.000000 0.000002  -0.006165 -0.000000 -0.000000
39  -0.000002 -0.000000 0.000002  -0.007447 -0.000000 -0.000000
40  -0.000001 -0.000002 0.000002  -0.008667 0.000000 0.000000
41  -0.000009 -0.000004 0.000000  -0.009788 -0.013320 -0.015134
42  1.410069 0.800524 2.089140  -2.009768 -0.630254 0.591907
43  3.954718 0.000009 0.000004  -0.000000 -0.000002 0.166319
44  3.101562 -0.000008 0.000004  -0.000001 -0.000000 0.240238
45  7.183346 -0.532110 3.267605  -0.123210 -0.020355 -0.052486
46  3.511602 -0.000001 0.000002  0.000003 0.000001 0.099571
47  2.199404 0.000004 -0.000002  -0.000001 -0.000001 0.029267
48  7.145094 -0.676362 1.382425  -0.086920 0.009133 -0.085505
49  3.672220 -0.000002 -0.000003  0.000001 -0.000000 0.142941
50  2.676520 -0.000003 0.000000  -0.000001 -0.000001 -0.026075
51  6.831175 -0.870879 -0.599923  -0.130311 0.006346 -0.065012
52  3.657079 -0.000002 -0.000001  -0.000000 0.000001 0.057734
53  2.496793 0.000001 0.000005  0.000000 -0.000001 -0.091108
54  6.164466 -0.898158 -2.575021  -0.090704 0.013515 -0.151468
55  2.805848 -0.000004 0.000001  -0.000002 -0.000001 0.079091
56  2.307435 -0.000000 -0.000003  0.000002 0.000001 -0.056419
57  0.000000 0.000000 -0.000000  0.000000 -0.000000 0.000000
58  0.036371 -0.435555 0.348873  0.000072 0.023011 0.000916
59  0.071249 114.357040 62.238796  -0.000000 -0.000000 -0.000000
60  1.986524 0.000021 -3.123735  -2.705260 -0.000000 -1.570797
61  -1.986692 0.000022 -3.123748  0.436333 0.000001 1.570797
62  -0.000000 -0.000000 -0.000004  0.000000 -0.000000 0.000000
63  -1.986692 0.000014 -3.123739  0.436333 0.000001 1.570797
64  -11.344151 1.135890 0.869284  0.000002 -0.025019 -0.026324
65  1.986524 0.000021 -3.123730  -2.705260 -0.000000 -1.570797
66  -11.350057 -0.729423 0.864890  0.000197 -0.025367 0.026442
67  1.754236 4.036756 -1.682667  0.392575 -0.010120 -1.546362
68  -1.755140 4.036759 -1.682663  -0.392577 -0.010391 -1.594986
69  -0.164556 7.327704 3.928703  0.000000 0.000001 -1.570796
70  0.079082 36.742691 -0.508023  0.000001 -0.000000 -0.000000
71  -1.260174 8.777409 6.736406  -0.000002 -0.424415 -3.141592
72  1.525193 18.283598 2.968622  0.000000 -0.000000 -0.000000
73  0.060216 10.324389 74.469063  0.000008 -0.000000 0.000000
74  0.062808 75.918007 83.075439  1.570797 -0.000000 -1.570796
75  4.804185 -3.971723 0.000001  -0.000000 0.000000 -0.000000
76  -7.041558 -5.025978 0.000002  -0.000000 -0.000000 -0.000000
77  8.407183 -3.978421 0.003055  -1.570796 1.570795 0.000000
78  10.376194 -3.978433 0.003056  -1.570796 1.570796 0.000000
79  10.194021 -0.314044 -1.749548  -1.570796 1.570796 0.000000
80  20.857889 -4.015550 0.000003  0.000000 -0.000000 0.000000
81  3.258444 5.856968 -3.403523  -0.000000 -0.000000 -0.000000
82  15.153049 5.860598 -3.403520  -0.000000 -0.000000 -0.000000
83  6.064257 77.294952 36.365795  1.570796 0.000000 1.570796
84  -2.662412 1.445755 40.667957  0.000000 3.141591 1.570796
85  8.352066 2.772897 0.000547  -3.141589 0.000002 -0.000000
86  6.064256 72.973694 32.593254  1.570796 0.000000 1.570796
87  0.004365 73.768417 -3.792008  0.000000 -0.000000 0.000000
88  -0.442609 1.284877 8.535290  -0.000000 -0.000001 0.000000
89  0.000001 1.310208 -0.000001  0.000000 -0.000000 0.000000
90  0.000001 0.582256 -0.000000  0.000000 -0.000000 0.000000
91  0.036297 1.284873 7.928799  -0.000000 -0.000001 0.000000
92  0.000001 1.310203 -0.000001  0.000000 -0.000000 0.000000
93  -0.000000 0.582252 -0.000000  0.000000 -0.000000 0.000000
94  5.969323 3.427457 -6.170651  -0.000000 -0.000001 -1.570797
95  -1.310217 0.000001 0.000001  0.000000 -0.000000 -0.000000
96  -0.582265 0.000000 -0.000000  0.000000 0.000000 -0.000000
97  5.969323 9.397388 -6.170660  -0.000000 -0.000001 -1.570796
98  -1.310213 0.000000 0.000001  0.000000 0.000000 -0.000000
99  -0.582261 -0.000000 0.000001  0.000000 0.000000 -0.000000
100  5.969322 15.223763 -6.170670  0.000000 -0.000001 -1.570796
101  -1.310195 0.000001 0.000002  -0.000000 0.000000 -0.000000
102  -0.582243 0.000000 0.000002  -0.000000 0.000000 -0.000000
103  5.969323 20.835567 -6.170672  0.000000 -0.000001 -1.570796
104  -1.310200 0.000001 0.000002  -0.000000 0.000000 -0.000000
105  -0.582248 -0.000000 0.000003  -0.000000 0.000000 -0.000000
106  5.969324 26.771204 -6.170672  0.000000 -0.000001 -1.570796
107  5.969323 32.597588 -6.170675  0.000000 -0.000001 -1.570796
108  5.969323 38.209393 -6.170684  0.000000 -0.000001 -1.570800
109  5.969322 49.488457 -6.170684  0.000000 -0.000001 -1.570800
110  -0.539090 -0.556817 -0.017363  -0.042462 2.681156 1.551919
111  -6.799124 -0.556806 0.818549  -0.272420 2.701993 1.452460
112  -4.615283 -0.556828 0.270328  -0.117230 2.684609 1.518878
113  -2.650969 -0.556808 0.063010  -0.042463 2.681158 1.551919
114  27.110338 1.284852 12.007548  0.000000 -0.000000 -0.000000
115  28.133427 1.284853 12.007547  0.000001 -0.000000 -0.000000
116  12.812885 2.241779 12.007549  -0.000000 -0.000001 -0.000001
117  -9.955968 -0.319624 4.380214  -0.000001 -0.000000 -0.000001
118  -11.316473 -0.319629 4.380215  -0.000003 -0.000000 -0.000000
119  -12.667811 -0.319626 4.380215  -0.000003 -0.000000 0.000001
120  -14.022141 -0.319629 4.380215  0.000010 -0.000000 -0.000011
121  -15.373240 -0.319627 4.380214  0.000015 -0.000000 -0.000015
122  -16.724144 -0.319625 4.380215  -0.000009 -0.000000 0.000006
123  -18.074574 -0.319623 4.380214  -0.000006 0.000000 0.000004
124  -19.423716 -0.319623 4.380215  0.000002 0.000000 -0.000004
125  -20.775272 -0.319628 4.380215  0.000003 0.000000 -0.000004
126  -22.126673 -0.319626 4.380215  0.000003 -0.000000 -0.000004
127  -23.478127 -0.319623 4.380215  0.000005 -0.000000 -0.000006
128  -24.830624 -0.319620 4.380215  0.000036 -0.000000 -0.000038
129  -26.182030 -0.319625 4.380215  -0.000011 0.000000 0.000011
130  0.529180 -0.167130 0.629484  -0.101270 -0.000000 0.000000
131  -0.211444 -0.241686 0.155361  -0.145847 -0.000000 0.000000
132  0.529190 -0.280701 -0.110293  -0.145847 -0.000000 0.000000
133  -0.173927 -0.337334 -0.638496  -0.181751 -0.000000 0.000000
134  0.529189 -0.399252 -0.975394  -0.181751 -0.000000 0.000000
135  -0.211444 -0.464476 -1.431042  -0.192399 -0.000000 0.000000
136  0.529189 -0.515812 -1.694583  -0.192399 -0.000000 0.000000
137  -0.173928 -0.612157 -2.231911  -0.216703 -0.000000 0.000000
138  0.529188 -0.685809 -2.566440  -0.216703 -0.000000 0.000000
139  -0.211445 -0.769566 -3.027871  -0.237349 -0.000000 0.000000
140  0.529188 -0.832689 -3.288847  -0.237349 -0.000000 0.000000
141  -0.173937 -0.945290 -3.779564  -0.233859 0.000000 0.000000
142  0.529179 -1.024664 -4.112780  -0.233859 0.000000 0.000000
143  -0.211443 -1.132193 -4.577547  -0.262919 -0.000000 0.000000
144  0.529190 -1.201969 -4.836823  -0.262919 0.000000 0.000000
145  -0.000004 -2.810949 -10.636630  0.258454 0.000000 3.141592
146  -0.192455 -1.345783 -5.370045  -0.280373 0.000000 0.000000
147  0.533984 -1.413523 -5.605105  -0.276883 0.000000 0.000000
148  -0.206618 -1.795769 -6.909779  -0.287354 0.000000 0.000000
149  -0.205805 -1.564827 -6.138257  -0.290843 0.000000 0.000000
150  0.530460 -1.643677 -6.395215  -0.290844 0.000000 0.000000
151  0.535311 -1.790711 -7.204134  -0.287354 -0.000000 0.000000
152  -0.202703 -2.030493 -7.702830  -0.286180 -0.000000 0.000000
153  0.509548 -2.118907 -8.011625  -0.298398 -0.000000 0.000000
154  -0.202703 -2.255286 -8.465172  -0.283134 -0.000000 0.000000
155  0.509548 -2.352993 -8.771160  -0.295352 -0.000000 0.000000
156  -0.202704 -2.481606 -9.235472  -0.285437 -0.000000 0.000000
157  0.509547 -2.588689 -9.538639  -0.297654 -0.000000 0.000000
158  0.170123 -21.222092 -1.001140  -0.000001 -0.000001 0.000000
159  0.170123 -20.843864 -0.397183  -0.000001 -0.000001 0.000000
160  0.170123 -20.489750 -1.001141  -0.000001 -0.000001 0.000000
161  0.170124 -20.111073 -0.397183  -0.000001 -0.000001 0.000000
162  0.170123 -19.380093 -0.397186  -0.000001 -0.000001 0.000000
163  0.170123 -19.025110 -1.001145  -0.000001 -0.000001 0.000000
164  0.170123 -18.646662 -0.396447  -0.000001 -0.000001 0.000000
165  0.170124 -19.755764 -1.001141  -0.000001 -0.000001 0.000000
166  -0.015973 10.612518 2.686017  0.000001 -0.000000 -0.000000
167  0.059851 -50.160702 6.449380  1.570797 -0.000000 -1.570797
168  0.064653 27.351290 72.195213  -0.000000 -0.000000 -0.000001
169  6.064261 95.114021 31.645500  -0.000000 -0.000001 1.570796
170  0.054185 102.845642 29.795364  0.000000 0.000001 -1.570796
171  6.064257 69.096550 37.164322  1.570796 0.000000 1.570796
172  1.974303 11.989234 4.589250  0.000000 -0.000000 -0.000000
173  -0.011481 23.944746 5.090362  0.000001 -0.000000 0.000000
174  -1.691251 8.833342 5.763507  0.000001 -0.000000 -0.000000
175  6.064260 89.329803 31.613918  -0.000000 -0.000001 1.570796
176  0.059886 2.255335 54.398010  -0.000000 -0.000000 0.000000
177  0.003496 -22.270645 0.000147  1.570797 0.000000 -1.570797
178  0.104010 15.380370 2.266153  0.000001 -0.000000 -0.000000
179  0.049048 0.001387 0.027427  0.000000 -0.006897 0.000000
180  0.023798 -0.000528 -0.010417  -0.000000 -0.006897 0.000000
181  -2.662412 1.445758 33.628746  0.000000 3.141591 1.570796
182  8.352066 2.772897 0.000543  -3.141589 0.000002 -0.000000
183  -2.662412 1.445755 40.667957  0.000000 3.141591 1.570796
184  8.352066 2.772897 0.000547  -3.141589 0.000002 -0.000000
185  -1.431356 16.384777 4.137811  0.000001 -0.000000 0.000000
186  -0.001845 0.521683 -0.140289  0.000000 -0.000000 -0.000000
187  7.323109 -5.136191 -5.166237  -0.000000 0.000000 -0.610865
188  2.698279 -0.000001 -0.000000  -0.000012 0.000000 0.000001
189  2.834158 -0.000001 -0.000000  0.000013 0.000000 0.000000
190  2.648920 -0.000000 0.000001  -0.000001 -0.000001 0.000000
191  2.667498 -0.000002 -0.000000  0.000000 0.000000 0.000000
192  2.426701 -0.000002 0.000000  0.000000 0.000000 -0.000000
193  -0.494744 -44.353447 -1.302299  1.570797 -0.000000 -1.570797
194  11.545938 73.768417 -3.792010  0.000000 -0.000000 -0.000000
195  -0.011103 -16.902813 1.952047  0.000001 -0.000000 -0.000000
196  0.000000 0.000002 -1.529052  -0.000000 -0.000000 0.000000
197  -0.078942 0.000001 -0.000000  0.000000 0.000001 1.570796
198  0.097092 0.000002 -0.000000  -0.000000 -3.141592 1.570796
199  0.000000 0.000000 0.000000  0.000000 -0.000000 -0.000000
200  -0.108519 -0.437420 0.375593  0.000071 0.016114 0.001283
201  -0.167807 -0.429279 0.287848  0.000071 0.016114 0.001282
time 36
0  0 0 0  0 0 0
1  0.000000 0.000000 0.000000  0.000000 -0.000000 -0.000000
2  -0.000005 0.000023 -61.375507  0.000000 0.000000 -1.570795
3  -0.012872 0.000000 8.235020  -1.570799 -1.570796 0.000000
4  16.163128 -0.012870 -0.000002  -0.000000 -0.000000 0.000000
5  16.163143 -0.000009 3.830524  -3.089336 -1.570794 0.000000
6  -0.000031 -0.000001 -0.000000  -0.007228 0.013353 -0.003894
7  -0.000001 -0.000007 -0.000000  0.000000 0.000000 0.019349
8  -0.000001 0.000001 -0.000000  0.000000 -0.000000 -0.000000
9  0.000001 0.000001 -0.000000  -0.002930 -0.000000 -0.000000
10  -0.000002 0.000000 -0.000000  -0.004395 -0.000000 -0.000000
11  -0.000003 0.000000 -0.000000  -0.005860 0.000000 -0.000000
12  -0.000003 0.000000 -0.000002  -0.007324 -0.000000 -0.000000
13  -0.000003 -0.000001 -0.000002  -0.008789 -0.000000 -0.000000
14  -0.000003 -0.000001 -0.000002  -0.010254 -0.000000 -0.000000
15  -0.000003 0.000002 0.000002  -0.011619 -0.009266 -0.008431
16  1.410070 0.800535 -2.089136  2.009774 0.630250 0.591915
17  3.954712 -0.000003 0.000005  -0.000004 -0.000001 0.166316
18  3.101568 0.000003 0.000005  0.000002 -0.000001 0.240238
19  6.164461 -0.898142 2.575019  0.090705 -0.013516 -0.151467
20  2.805849 0.000004 -0.000003  0.000002 0.000001 0.079095
21  2.307443 -0.000003 0.000004  -0.000000 -0.000000 -0.056423
22  7.145100 -0.676330 -1.382426  0.086918 -0.009133 -0.085503
23  3.672212 0.000003 -0.000003  0.000003 0.000001 0.142941
24  2.676525 0.000002 0.000003  -0.000001 -0.000001 -0.026075
25  6.831177 -0.870853 0.599921  0.130314 -0.006347 -0.065005
26  3.657082 -0.000009 0.000003  0.000000 0.000000 0.057729
27  2.496795 0.000004 0.000003  0.000000 0.000000 -0.091107
28  7.183354 -0.532073 -3.267608  0.123210 0.020356 -0.052484
29  3.511591 0.000006 0.000000  -0.000001 -0.000001 0.099575
30  2.199411 0.000000 -0.000000  0.000001 0.000001 0.029263
31  16.163136 0.000012 -3.830531  -3.098550 1.570794 0.000000
32  -0.000018 -0.000001 0.000001  0.001330 -0.015682 -0.006175
33  -0.000000 0.000001 0.000004  0.000000 -0.000000 0.023805
34  -0.000000 0.000000 -0.000000  -0.000000 0.000000 -0.000000
35  -0.000002 -0.000002 0.000002  0.000000 0.000000 0.000000
36  -0.000003 -0.000001 0.000003  -0.002380 0.000000 0.000000
37  -0.000001 -0.000000 0.000003  -0.003174 -0.000000 0.000000
38  -0.000005 0.000000 0.000002  -0.003968 -0.000000 -0.000000
39  -0.000005 0.000000 0.000002  -0.004761 -0.000000 -0.000000
40  -0.000006 -0.000002 0.000004  -0.005554 0.000000 0.000000
41  -0.000008 -0.000004 0.000002  -0.006243 -0.009673 -0.009125
42  1.410069 0.800525 2.089137  -2.009768 -0.630254 0.591907
43  3.954720 0.000011 0.000004  -0.000000 -0.000002 0.166319
44  3.101559 -0.000008 0.000005  -0.000001 -0.000000 0.240238
45  7.183347 -0.532110 3.267604  -0.123210 -0.020355 -0.052486
46  3.511603 -0.000001 0.000003  0.000003 0.000001 0.099571
47  2.199402 0.000004 0.000001  -0.000001 -0.000001 0.029267
48  7.145095 -0.676362 1.382420  -0.086920 0.009133 -0.085505
49  3.672219 -0.000002 -0.000001  0.000001 -0.000000 0.142941
50  2.676519 -0.000004 0.000004  -0.000001 -0.000001 -0.026075
51  6.831177 -0.870879 -0.599925  -0.130311 0.006346 -0.065012
52  3.657079 -0.000002 -0.000001  -0.000000 0.000001 0.057734
53  2.496793 0.000001 0.000006  0.000000 -0.000001 -0.091108
54  6.164467 -0.898158 -2.575025  -0.090704 0.013515 -0.151468
55  2.805847 -0.000004 0.000006  -0.000002 -0.000001 0.079091
56  2.307434 -0.000000 -0.000004  0.000002 0.000001 -0.056419
57  0.000000 0.000000 -0.000000  0.000000 -0.000000 0.000000
58  0.036855 -0.301025 0.289499  0.000065 0.018006 0.000489
59  0.071249 114.357033 62.238796  0.000000 -0.000000 -0.000000
60  1.986525 0.000013 -3.123737  -2.705260 -0.000000 -1.570797
61  -1.986692 0.000018 -3.123746  0.436333 0.000001 1.570797
62  -0.000000 0.000002 -0.000004  0.000000 -0.000000 0.000000
63  -1.986692 0.000018 -3.123737  0.436333 0.000001 1.570797
64  -11.344163 1.135886 0.869278  0.000002 -0.025019 -0.026324
65  1.986524 0.000014 -3.123732  -2.705260 -0.000000 -1.570797
66  -11.350051 -0.729423 0.864886  0.000197 -0.025367 0.026442
67  1.754236 4.036763 -1.682670  0.392575 -0.010120 -1.546362
68  -1.755140 4.036762 -1.682664  -0.392577 -0.010391 -1.594986
69  -0.164556 7.327703 3.928703  0.000000 0.000001 -1.570796
70  0.079082 36.742695 -0.508023  0.000001 -0.000000 -0.000000
71  -1.260174 8.777410 6.736406  -0.000002 -0.424416 -3.141592
72  1.525193 18.283600 2.968621  0.000000 -0.000000 0.000000
73  0.060216 10.324389 74.469055  0.000008 -0.000000 0.000000
74  0.062808 75.917999 83.075439  1.570797 0.000000 -1.570796
75  4.804179 -3.971750 0.000001  -0.000000 0.000000 -0.000000
76  -7.041574 -5.025998 0.000001  -0.000000 -0.000000 -0.000000
77  8.407176 -3.978445 0.003055  -1.570796 1.570795 0.000000
78  10.376185 -3.978454 0.003056  -1.570796 1.570796 0.000000
79  10.194012 -0.314067 -1.749547  -1.570796 1.570796 0.000000
80  20.857889 -4.015574 0.000003  0.000000 -0.000000 -0.000000
81  3.258442 5.856948 -3.403523  -0.000000 -0.000000 -0.000000
82  15.153049 5.860581 -3.403521  -0.000000 -0.000000 0.000000
83  6.064257 77.294960 36.365795  1.570796 -0.000000 1.570796
84  -2.662412 1.445755 40.667961  0.000000 3.141591 1.570796
85  8.352066 2.772896 0.000541  -3.141589 0.000002 0.000000
86  6.064257 72.973701 32.593254  1.570796 -0.000000 1.570796
87  0.004365 73.768417 -3.792008  0.000000 -0.000000 0.000000
88  -0.442609 1.284866 8.535290  -0.000000 -0.000001 0.000000
89  0.000001 1.310204 -0.000001  0.000000 -0.000000 0.000000
90  0.000001 0.582252 -0.000000  0.000000 -0.000000 0.000000
91  0.036297 1.284872 7.928798  -0.000000 -0.000001 0.000000
92  0.000001 1.310202 -0.000000  0.000000 -0.000000 0.000000
93  0.000000 0.582251 0.000000  0.000000 -0.000000 0.000000
94  5.969324 3.427448 -6.170651  -0.000000 -0.000001 -1.570797
95  -1.310207 0.000000 0.000000  0.000000 0.000000 -0.000000
96  -0.582255 -0.000001 -0.000000  0.000000 -0.000000 -0.000000
97  5.969323 9.397389 -6.170660  -0.000000 -0.000001 -1.570796
98  -1.310207 -0.000001 0.000001  0.000000 0.000000 -0.000000
99  -0.582255 -0.000001 0.000000  0.000000 0.000000 -0.000000
100  5.969322 15.223762 -6.170670  0.000000 -0.000001 -1.570796
101  -1.310208 0.000002 0.000001  -0.000000 0.000000 -0.000000
102  -0.582257 0.000001 0.000002  -0.000000 0.000000 -0.000000
103  5.969324 20.835564 -6.170671  0.000000 -0.000001 -1.570796
104  -1.310209 0.000001 0.000001  -0.000000 0.000000 -0.000000
105  -0.582258 0.000000 0.000003  -0.000000 0.000000 -0.000000
106  5.969324 26.771196 -6.170671  0.000000 -0.000001 -1.570796
107  5.969323 32.597584 -6.170674  0.000000 -0.000001 -1.570796
108  5.969323 38.209385 -6.170684  0.000000 -0.000001 -1.570800
109  5.969323 49.488449 -6.170685  0.000000 -0.000001 -1.570800
110  -0.539090 -0.556821 -0.017363  -0.042462 2.681156 1.551919
111  -6.799123 -0.556818 0.818550  -0.272420 2.701993 1.452460
112  -4.615283 -0.556833 0.270328  -0.117230 2.684609 1.518878
113  -2.650969 -0.556814 0.063010  -0.042463 2.681158 1.551919
114  27.110336 1.284843 12.007549  -0.000000 -0.000000 0.000000
115  28.133425 1.284846 12.007547  0.000001 -0.000000 0.000000
116  12.812886 2.241770 12.007550  0.000000 -0.000001 -0.000001
117  -9.955967 -0.319636 4.380215  -0.000001 -0.000000 -0.000001
118  -11.316474 -0.319635 4.380215  -0.000003 -0.000000 0.000000
119  -12.667811 -0.319630 4.380215  -0.000003 -0.000000 0.000001
120  -14.022140 -0.319631 4.380215  0.000010 -0.000000 -0.000011
121  -15.373240 -0.319634 4.380214  0.000015 -0.000000 -0.000015
122  -16.724142 -0.319630 4.380215  -0.000009 -0.000000 0.000006
123  -18.074574 -0.319633 4.380215  -0.000006 -0.000000 0.000004
124  -19.423716 -0.319630 4.380215  0.000002 0.000000 -0.000004
125  -20.775270 -0.319633 4.380215  0.000003 0.000000 -0.000004
126  -22.126671 -0.319628 4.380215  0.000003 -0.000000 -0.000004
127  -23.478123 -0.319631 4.380215  0.000005 -0.000000 -0.000006
128  -24.830620 -0.319633 4.380215  0.000036 -0.000000 -0.000038
129  -26.182028 -0.319629 4.380215  -0.000011 -0.000000 0.000011
130  0.529180 -0.167139 0.629484  -0.101270 -0.000000 0.000000
131  -0.211444 -0.241694 0.155361  -0.145847 -0.000000 0.000000
132  0.529190 -0.280707 -0.110292  -0.145847 -0.000000 0.000000
133  -0.173927 -0.337331 -0.638495  -0.181751 -0.000000 0.000000
134  0.529189 -0.399256 -0.975393  -0.181751 -0.000000 0.000000
135  -0.211444 -0.464479 -1.431042  -0.192399 -0.000000 0.000000
136  0.529189 -0.515813 -1.694583  -0.192399 -0.000000 0.000000
137  -0.173928 -0.612157 -2.231911  -0.216703 -0.000000 0.000000
138  0.529188 -0.685815 -2.566440  -0.216703 -0.000000 0.000000
139  -0.211445 -0.769563 -3.027870  -0.237349 -0.000000 0.000000
140  0.529188 -0.832691 -3.288848  -0.237349 -0.000000 0.000000
141  -0.173937 -0.945291 -3.779564  -0.233859 0.000000 0.000000
142  0.529179 -1.024663 -4.112781  -0.233859 0.000000 0.000000
143  -0.211443 -1.132192 -4.577548  -0.262919 -0.000000 0.000000
144  0.529190 -1.201974 -4.836825  -0.262919 0.000000 0.000000
145  -0.000004 -2.810955 -10.636630  0.258454 0.000000 3.141592
146  -0.192455 -1.345786 -5.370045  -0.280373 0.000000 0.000000
147  0.533984 -1.413522 -5.605105  -0.276883 0.000000 0.000000
148  -0.206618 -1.795764 -6.909780  -0.287354 0.000000 0.000000
149  -0.205805 -1.564825 -6.138256  -0.290843 0.000000 0.000000
150  0.530460 -1.643683 -6.395214  -0.290844 0.000000 0.000000
151  0.535311 -1.790719 -7.204133  -0.287354 -0.000000 0.000000
152  -0.202703 -2.030499 -7.702831  -0.286180 -0.000000 0.000000
153  0.509548 -2.118901 -8.011624  -0.298398 -0.000000 0.000000
154  -0.202703 -2.255289 -8.465172  -0.283134 -0.000000 0.000000
155  0.509548 -2.352991 -8.771159  -0.295352 -0.000000 0.000000
156  -0.202704 -2.481606 -9.235471  -0.285437 -0.000000 0.000000
157  0.509547 -2.588691 -9.538637  -0.297654 -0.000000 0.000000
158  0.170123 -21.222107 -1.001140  -0.000001 -0.000001 0.000000
159  0.170123 -20.843876 -0.397183  -0.000001 -0.000001 0.000000
160  0.170123 -20.489761 -1.001141  -0.000001 -0.000001 0.000000
161  0.170124 -20.111080 -0.397183  -0.000001 -0.000001 0.000000
162  0.170123 -19.380100 -0.397187  -0.000001 -0.000001 0.000000
163  0.170123 -19.025124 -1.001145  -0.000001 -0.000001 0.000000
164  0.170123 -18.646671 -0.396447  -0.000001 -0.000001 0.000000
165  0.170124 -19.755775 -1.001142  -0.000001 -0.000001 0.000000
166  -0.015973 10.612517 2.686017  0.000001 -0.000000 -0.000000
167  0.059851 -50.160698 6.449380  1.570797 0.000000 -1.570797
168  0.064653 27.351290 72.195213  -0.000000 -0.000000 -0.000001
169  6.064261 95.114021 31.645502  -0.000000 -0.000001 1.570796
170  0.054185 102.845634 29.795364  0.000000 0.000001 -1.570796
171  6.064257 69.096565 37.164322  1.570796 -0.000000 1.570796
172  1.974303 11.989234 4.589250  0.000000 -0.000000 0.000000
173  -0.011481 23.944748 5.090361  0.000001 -0.000000 0.000000
174  -1.691251 8.833342 5.763507  0.000001 -0.000000 0.000000
175  6.064260 89.329811 31.613916  -0.000000 -0.000001 1.570796
176  0.059886 2.255335 54.398010  0.000000 -0.000000 0.000000
177  0.003496 -22.270645 0.000152  1.570797 -0.000000 -1.570797
178  0.104010 15.380369 2.266153  0.000001 -0.000000 -0.000000
179  0.049049 0.001386 0.027428  0.000000 -0.006897 0.000000
180  0.023797 -0.000529 -0.010418  -0.000000 -0.006897 0.000000
181  -2.662412 1.445758 33.628742  0.000000 3.141591 1.570796
182  8.352066 2.772897 0.000545  -3.141589 0.000002 0.000000
183  -2.662412 1.445755 40.667961  0.000000 3.141591 1.570796
184  8.352066 2.772896 0.000541  -3.141589 0.000002 0.000000
185  -1.431356 16.384779 4.137811  0.000001 -0.000000 0.000000
186  -0.001845 0.521683 -0.140290  0.000000 -0.000000 -0.000000
187  7.323109 -5.136192 -5.166236  0.000000 0.000000 -0.610865
188  2.698278 -0.000001 0.000001  -0.000012 0.000000 0.000000
189  2.834160 -0.000002 -0.000000  0.000013 0.000000 0.000000
190  2.648919 -0.000001 0.000001  -0.000001 -0.000001 0.000000
191  2.667500 -0.000002 -0.000000  0.000000 0.000000 -0.000000
192  2.426701 -0.000001 0.000000  0.000000 0.000000 -0.000000
193  -0.494744 -44.353451 -1.302299  1.570797 0.000000 -1.570797
194  11.545938 73.768417 -3.792010  0.000000 -0.000000 0.000000
195  -0.011103 -16.902813 1.952047  0.000001 -0.000000 -0.000000
196  0.000000 0.000000 -1.529052  -0.000000 -0.000000 0.000000
197  -0.078942 0.000002 -0.000000  0.000000 0.000001 1.570796
198  0.097092 0.000002 -0.000000  -0.000000 -3.141592 1.570796
199  0.000000 0.000000 0.000000  0.000000 -0.000000 -0.000000
200  -0.068886 -0.301079 0.308188  0.000066 0.011109 0.000855
201  -0.109951 -0.296818 0.247601  0.000066 0.011109 0.000855
time 37
0  0 0 0  0 0 0
1  0.000000 0.000000 0.000000  0.000000 -0.000000 -0.000000
2  -0.000005 0.000023 -61.375507  0.000000 0.000000 -1.570795
3  -0.012872 0.000000 8.235020  -1.570799 -1.570796 0.000000
4  16.163128 -0.012870 -0.000002  -0.000000 -0.000000 0.000000
5  16.163143 -0.000009 3.830524  -3.089336 -1.570794 0.000000
6  -0.000031 -0.000001 -0.000000  -0.005804 0.006282 -0.001788
7  -0.000001 -0.000007 -0.000001  0.000000 0.000000 0.009461
8  0.000000 0.000001 0.000002  0.000000 -0.000000 -0.000000
9  0.000001 0.000001 0.000002  -0.001526 -0.000000 -0.000000
10  -0.000001 0.000001 0.000002  -0.002319 -0.000000 -0.000000
11  -0.000001 0.000000 0.000002  -0.003113 0.000000 -0.000000
12  -0.000002 0.000000 0.000002  -0.003845 -0.000000 -0.000000
13  -0.000001 -0.000001 -0.000000  -0.004639 -0.000000 -0.000000
14  0.000000 -0.000001 0.000002  -0.005432 -0.000000 -0.000000
15  0.000000 0.000002 0.000004  -0.006155 -0.004591 -0.004198
16  1.410070 0.800535 -2.089137  2.009773 0.630250 0.591915
17  3.954710 -0.000000 0.000007  -0.000004 -0.000001 0.166316
18  3.101569 0.000005 0.000004  0.000002 -0.000001 0.240238
19  6.164461 -0.898142 2.575020  0.090705 -0.013516 -0.151467
20  2.805848 0.000004 -0.000003  0.000002 0.000001 0.079095
21  2.307443 -0.000003 0.000002  -0.000000 -0.000000 -0.056423
22  7.145099 -0.676330 -1.382427  0.086918 -0.009133 -0.085503
23  3.672211 0.000003 -0.000003  0.000003 0.000001 0.142941
24  2.676526 0.000001 0.000002  -0.000001 -0.000001 -0.026075
25  6.831177 -0.870853 0.599921  0.130314 -0.006347 -0.065005
26  3.657082 -0.000009 -0.000001  0.000000 0.000000 0.057729
27  2.496793 0.000003 -0.000000  0.000000 0.000000 -0.091107
28  7.183354 -0.532073 -3.267608  0.123210 0.020356 -0.052484
29  3.511592 0.000005 -0.000002  -0.000001 -0.000001 0.099575
30  2.199410 -0.000000 0.000005  0.000001 0.000001 0.029263
31  16.163136 0.000012 -3.830531  -3.098550 1.570794 0.000000
32  -0.000018 -0.000001 0.000001  0.000867 -0.007750 -0.003299
33  0.000002 0.000001 0.000006  0.000000 -0.000000 0.011841
34  0.000001 0.000000 -0.000000  -0.000000 0.000000 -0.000000
35  -0.000002 -0.000002 -0.000000  0.000000 0.000000 0.000000
36  -0.000003 -0.000001 -0.000000  -0.000610 0.000000 0.000000
37  -0.000001 -0.000000 -0.000000  -0.000794 -0.000000 -0.000000
38  -0.000005 0.000000 -0.000000  -0.001038 -0.000000 -0.000000
39  -0.000004 -0.000000 -0.000000  -0.001221 -0.000000 -0.000000
40  -0.000004 -0.000002 0.000002  -0.001465 0.000000 0.000000
41  -0.000008 -0.000004 -0.000002  -0.001641 -0.003178 -0.004941
42  1.410070 0.800525 2.089139  -2.009768 -0.630254 0.591907
43  3.954719 0.000013 0.000003  -0.000000 -0.000002 0.166320
44  3.101559 -0.000002 0.000004  -0.000001 -0.000000 0.240238
45  7.183348 -0.532109 3.267606  -0.123210 -0.020355 -0.052486
46  3.511602 -0.000001 -0.000002  0.000003 0.000001 0.099571
47  2.199403 0.000005 -0.000004  -0.000001 -0.000001 0.029267
48  7.145096 -0.676362 1.382422  -0.086920 0.009133 -0.085505
49  3.672219 -0.000002 -0.000000  0.000001 -0.000000 0.142941
50  2.676518 -0.000003 0.000002  -0.000001 -0.000001 -0.026075
51  6.831176 -0.870879 -0.599928  -0.130311 0.006346 -0.065012
52  3.657079 -0.000002 -0.000002  -0.000000 0.000001 0.057734
53  2.496794 0.000000 0.000002  0.000000 -0.000001 -0.091108
54  6.164467 -0.898158 -2.575025  -0.090704 0.013515 -0.151468
55  2.805850 -0.000004 0.000004  -0.000002 -0.000001 0.079091
56  2.307433 0.000000 -0.000004  0.000002 0.000001 -0.056419
57  0.000000 0.000000 -0.000000  0.000000 -0.000000 0.000000
58  0.026202 -0.145721 0.154881  -0.000854 0.010621 0.000057
59  0.071249 114.357048 62.238792  0.000000 0.000000 -0.000000
60  1.986524 0.000021 -3.123744  -2.705260 -0.000000 -1.570797
61  -1.986692 0.000016 -3.123748  0.436333 0.000001 1.570797
62  -0.000000 0.000003 -0.000008  0.000000 0.000000 0.000000
63  -1.986692 0.000016 -3.123739  0.436333 0.000001 1.570797
64  -11.344163 1.135886 0.869280  0.000002 -0.025019 -0.026324
65  1.986524 0.000021 -3.123739  -2.705260 -0.000000 -1.570797
66  -11.350049 -0.729420 0.864887  0.000197 -0.025367 0.026442
67  1.754237 4.036762 -1.682665  0.392575 -0.010120 -1.546362
68  -1.755139 4.036762 -1.682668  -0.392577 -0.010391 -1.594986
69  -0.164556 7.327705 3.928704  -0.000000 0.000001 -1.570796
70  0.079082 36.742695 -0.508023  0.000001 0.000000 -0.000000
71  -1.260174 8.777410 6.736405  -0.000002 -0.424416 -3.141592
72  1.525193 18.283598 2.968622  0.000000 0.000000 -0.000000
73  0.060217 10.324389 74.469048  0.000008 0.000000 0.000000
74  0.062809 75.917992 83.075432  1.570797 0.000000 -1.570796
75  4.804171 -3.971741 0.000001  -0.000000 0.000000 -0.000000
76  -7.041572 -5.025990 0.000002  -0.000000 -0.000000 -0.000000
77  8.407172 -3.978438 0.003055  -1.570796 1.570795 0.000000
78  10.376184 -3.978441 0.003056  -1.570796 1.570796 0.000000
79  10.194013 -0.314056 -1.749547  -1.570796 1.570796 0.000000
80  20.857883 -4.015564 0.000003  0.000000 -0.000000 -0.000000
81  3.258435 5.856953 -3.403524  -0.000000 -0.000000 -0.000000
82  15.153048 5.860580 -3.403521  0.000000 -0.000000 -0.000000
83  6.064257 77.294952 36.365799  1.570796 -0.000000 1.570796
84  -2.662412 1.445755 40.667957  -0.000000 3.141591 1.570796
85  8.352066 2.772897 0.000537  -3.141589 0.000002 0.000000
86  6.064256 72.973701 32.593254  1.570796 -0.000000 1.570796
87  0.004365 73.768425 -3.792008  0.000000 0.000000 0.000000
88  -0.442609 1.284879 8.535290  0.000000 -0.000001 0.000000
89  0.000001 1.310209 -0.000000  0.000000 -0.000000 0.000000
90  0.000001 0.582258 0.000000  0.000000 -0.000000 0.000000
91  0.036297 1.284881 7.928799  0.000000 -0.000001 0.000000
92  0.000001 1.310204 -0.000001  0.000000 -0.000000 0.000000
93  0.000000 0.582253 -0.000001  0.000000 -0.000000 0.000000
94  5.969324 3.427463 -6.170652  -0.000000 -0.000001 -1.570797
95  -1.310200 0.000001 -0.000001  0.000000 -0.000000 -0.000000
96  -0.582248 -0.000000 -0.000002  0.000000 -0.000000 -0.000000
97  5.969323 9.397408 -6.170659  -0.000000 -0.000001 -1.570796
98  -1.310218 -0.000001 0.000001  0.000000 0.000000 -0.000000
99  -0.582266 -0.000001 0.000000  0.000000 0.000000 -0.000000
100  5.969322 15.223775 -6.170670  -0.000000 -0.000001 -1.570796
101  -1.310222 0.000002 0.000000  -0.000000 0.000000 -0.000000
102  -0.582271 0.000001 0.000000  -0.000000 0.000000 -0.000000
103  5.969324 20.835581 -6.170671  -0.000000 -0.000001 -1.570796
104  -1.310219 0.000002 0.000000  -0.000000 0.000000 -0.000000
105  -0.582267 0.000001 0.000002  -0.000000 0.000000 -0.000000
106  5.969324 26.771215 -6.170672  -0.000000 -0.000001 -1.570796
107  5.969323 32.597607 -6.170674  -0.000000 -0.000001 -1.570796
108  5.969323 38.209412 -6.170685  -0.000000 -0.000001 -1.570800
109  5.969322 49.488472 -6.170684  -0.000000 -0.000001 -1.570800
110  -0.539090 -0.556800 -0.017363  -0.042462 2.681156 1.551919
111  -6.799123 -0.556793 0.818549  -0.272420 2.701993 1.452460
112  -4.615282 -0.556815 0.270327  -0.117230 2.684609 1.518878
113  -2.650969 -0.556802 0.063010  -0.042463 2.681158 1.551919
114  27.110336 1.284859 12.007548  -0.000000 -0.000000 -0.000000
115  28.133425 1.284855 12.007548  0.000001 -0.000000 -0.000000
116  12.812886 2.241786 12.007550  -0.000000 -0.000001 -0.000001
117  -9.955966 -0.319614 4.380214  -0.000001 -0.000000 -0.000001
118  -11.316473 -0.319614 4.380215  -0.000003 -0.000000 -0.000000
119  -12.667810 -0.319613 4.380215  -0.000003 -0.000000 0.000001
120  -14.022141 -0.319613 4.380215  0.000010 -0.000000 -0.000011
121  -15.373240 -0.319613 4.380214  0.000015 -0.000000 -0.000015
122  -16.724144 -0.319612 4.380214  -0.000009 -0.000000 0.000006
123  -18.074574 -0.319612 4.380214  -0.000006 -0.000000 0.000004
124  -19.423717 -0.319612 4.380214  0.000002 0.000000 -0.000004
125  -20.775270 -0.319612 4.380214  0.000003 0.000000 -0.000004
126  -22.126671 -0.319604 4.380215  0.000003 0.000000 -0.000004
127  -23.478123 -0.319604 4.380215  0.000005 0.000000 -0.000006
128  -24.830620 -0.319603 4.380215  0.000036 0.000000 -0.000038
129  -26.182028 -0.319603 4.380215  -0.000011 -0.000000 0.000011
130  0.529180 -0.167116 0.629484  -0.101270 -0.000000 0.000000
131  -0.211444 -0.241681 0.155361  -0.145847 -0.000000 0.000000
132  0.529190 -0.280688 -0.110293  -0.145847 -0.000000 0.000000
133  -0.173927 -0.337318 -0.638496  -0.181751 -0.000000 0.000000
134  0.529189 -0.399234 -0.975394  -0.181751 -0.000000 0.000000
135  -0.211444 -0.464469 -1.431042  -0.192399 -0.000000 0.000000
136  0.529189 -0.515800 -1.694583  -0.192400 -0.000000 0.000000
137  -0.173928 -0.612141 -2.231911  -0.216703 -0.000000 0.000000
138  0.529188 -0.685793 -2.566440  -0.216703 -0.000000 0.000000
139  -0.211445 -0.769547 -3.027871  -0.237349 -0.000000 0.000000
140  0.529188 -0.832675 -3.288847  -0.237349 -0.000000 0.000000
141  -0.173937 -0.945268 -3.779564  -0.233859 0.000000 0.000000
142  0.529179 -1.024651 -4.112781  -0.233859 0.000000 0.000000
143  -0.211443 -1.132176 -4.577549  -0.262919 -0.000000 0.000000
144  0.529190 -1.201958 -4.836825  -0.262919 0.000000 0.000000
145  -0.000004 -2.810933 -10.636631  0.258454 0.000000 3.141592
146  -0.192455 -1.345771 -5.370047  -0.280373 0.000000 0.000000
147  0.533984 -1.413506 -5.605105  -0.276883 0.000000 0.000000
148  -0.206618 -1.795749 -6.909779  -0.287354 0.000000 0.000000
149  -0.205805 -1.564810 -6.138257  -0.290843 0.000000 0.000000
150  0.530460 -1.643665 -6.395216  -0.290844 0.000000 0.000000
151  0.535311 -1.790702 -7.204134  -0.287354 -0.000000 0.000000
152  -0.202703 -2.030477 -7.702831  -0.286180 -0.000000 0.000000
153  0.509548 -2.118884 -8.011624  -0.298398 -0.000000 0.000000
154  -0.202703 -2.255266 -8.465172  -0.283134 -0.000000 0.000000
155  0.509548 -2.352968 -8.771160  -0.295352 -0.000000 0.000000
156  -0.202704 -2.481583 -9.235472  -0.285437 -0.000000 0.000000
157  0.509547 -2.588671 -9.538638  -0.297654 -0.000000 0.000000
158  0.170123 -21.222088 -1.001140  -0.000001 -0.000001 0.000000
159  0.170123 -20.843857 -0.397183  -0.000001 -0.000001 0.000000
160  0.170123 -20.489740 -1.001141  -0.000001 -0.000001 0.000000
161  0.170124 -20.111061 -0.397183  -0.000001 -0.000001 0.000000
162  0.170123 -19.380081 -0.397187  -0.000001 -0.000001 0.000000
163  0.170123 -19.025103 -1.001145  -0.000001 -0.000001 0.000000
164  0.170123 -18.646652 -0.396448  -0.000001 -0.000001 0.000000
165  0.170124 -19.755754 -1.001142  -0.000001 -0.000001 0.000000
166  -0.015973 10.612517 2.686017  0.000001 0.000000 -0.000000
167  0.059851 -50.160702 6.449381  1.570797 0.000000 -1.570797
168  0.064652 27.351290 72.195213  0.000000 -0.000000 -0.000001
169  6.064260 95.114029 31.645502  0.000000 -0.000001 1.570796
170  0.054185 102.845634 29.795364  -0.000000 0.000001 -1.570796
171  6.064257 69.096565 37.164322  1.570796 -0.000000 1.570796
172  1.974303 11.989235 4.589251  0.000000 0.000000 -0.000000
173  -0.011481 23.944748 5.090361  0.000001 0.000000 0.000000
174  -1.691251 8.833343 5.763507  0.000001 0.000000 -0.000000
175  6.064261 89.329811 31.613916  0.000000 -0.000001 1.570796
176  0.059886 2.255335 54.398014  0.000000 0.000000 0.000000
177  0.003496 -22.270647 0.000145  1.570797 0.000000 -1.570797
178  0.104010 15.380369 2.266153  0.000001 0.000000 -0.000000
179  0.049048 0.001386 0.027425  0.000000 -0.006897 0.000000
180  0.023797 -0.000526 -0.010418  -0.000000 -0.006897 0.000000
181  -2.662412 1.445758 33.628746  -0.000000 3.141591 1.570796
182  8.352067 2.772897 0.000539  -3.141589 0.000002 0.000000
183  -2.662412 1.445755 40.667957  -0.000000 3.141591 1.570796
184  8.352066 2.772897 0.000537  -3.141589 0.000002 0.000000
185  -1.431356 16.384779 4.137812  0.000001 0.000000 0.000000
186  -0.001845 0.521683 -0.140290  0.000000 0.000000 -0.000000
187  7.323109 -5.136191 -5.166237  0.000000 0.000000 -0.610865
188  2.698277 -0.000001 0.000000  -0.000012 0.000000 0.000001
189  2.834158 -0.000001 0.000001  0.000013 0.000000 0.000000
190  2.648918 0.000000 0.000001  -0.000001 -0.000001 0.000000
191  2.667499 -0.000004 -0.000001  -0.000000 0.000000 -0.000000
192  2.426702 -0.000002 0.000000  -0.000000 0.000000 -0.000000
193  -0.494744 -44.353447 -1.302299  1.570797 0.000000 -1.570797
194  11.545938 73.768425 -3.792010  0.000000 0.000000 -0.000000
195  -0.011102 -16.902813 1.952047  0.000001 0.000000 -0.000000
196  0.000000 -0.000001 -1.529052  -0.000000 0.000000 0.000000
197  -0.078942 -0.000001 0.000000  0.000000 0.000001 1.570796
198  0.097092 -0.000001 0.000000  -0.000000 -3.141592 1.570796
199  0.000000 0.000000 0.000000  0.000000 -0.000000 -0.000000
200  -0.024481 -0.151752 0.151384  -0.000854 0.003723 0.000426
201  -0.038570 -0.153233 0.130871  -0.000854 0.003723 0.000425
time 38
0  0 0 0  0 0 0
1  0.000000 0.000000 0.000000  0.000000 -0.000000 -0.000000
2  -0.000005 0.000023 -61.375507  0.000000 0.000000 -1.570795
3  -0.012872 0.000000 8.235020  -1.570799 -1.570796 0.000000
4  16.163128 -0.012870 -0.000002  -0.000000 -0.000000 0.000000
5  16.163143 -0.000009 3.830524  -3.089336 -1.570794 0.000000
6  -0.000031 -0.000001 -0.000000  -0.004272 -0.001039 -0.000730
7  -0.000001 -0.000007 0.000002  0.000000 0.000000 0.000000
8  -0.000000 0.000000 -0.000002  0.000000 -0.000000 -0.000000
9  0.000002 0.000001 0.000002  -0.000794 -0.000000 -0.000000
10  -0.000001 0.000001 0.000002  -0.001221 -0.000000 -0.000000
11  -0.000001 0.000000 0.000002  -0.001648 0.000000 -0.000000
12  -0.000001 0.000000 0.000000  -0.002014 -0.000000 -0.000000
13  -0.000002 -0.000001 -0.000002  -0.002442 -0.000000 -0.000000
14  -0.000002 -0.000001 0.000000  -0.002869 -0.000000 -0.000000
15  -0.000000 0.000002 0.000004  -0.003052 -0.003113 -0.000118
16  1.410070 0.800535 -2.089136  2.009773 0.630250 0.591915
17  3.954710 -0.000002 0.000006  -0.000004 -0.000001 0.166316
18  3.101569 0.000004 0.000005  0.000002 -0.000001 0.240238
19  6.164461 -0.898142 2.575023  0.090705 -0.013516 -0.151467
20  2.805850 0.000004 -0.000001  0.000002 0.000001 0.079095
21  2.307443 -0.000003 0.000003  -0.000000 -0.000000 -0.056423
22  7.145098 -0.676330 -1.382425  0.086918 -0.009133 -0.085503
23  3.672213 0.000003 -0.000001  0.000003 0.000001 0.142941
24  2.676526 0.000002 0.000003  -0.000001 -0.000001 -0.026075
25  6.831178 -0.870853 0.599924  0.130314 -0.006347 -0.065005
26  3.657082 -0.000009 -0.000001  0.000000 0.000000 0.057729
27  2.496793 0.000004 0.000002  0.000000 0.000000 -0.091107
28  7.183353 -0.532073 -3.267604  0.123210 0.020356 -0.052484
29  3.511591 0.000006 -0.000003  -0.000001 -0.000001 0.099575
30  2.199413 0.000000 -0.000000  0.000001 0.000001 0.029263
31  16.163136 0.000012 -3.830531  -3.098550 1.570794 0.000000
32  -0.000018 -0.000001 0.000001  0.000366 -0.000000 0.000000
33  -0.000004 0.000001 0.000001  0.000000 -0.000000 0.000000
34  0.000000 0.000000 0.000001  -0.000000 0.000000 -0.000000
35  -0.000002 -0.000002 0.000001  0.000000 0.000000 0.000000
36  -0.000003 -0.000001 0.000003  0.000061 0.000000 0.000000
37  -0.000002 -0.000000 0.000003  0.000122 -0.000000 0.000000
38  -0.000006 0.000000 0.000003  0.000183 -0.000000 -0.000000
39  -0.000004 0.000000 0.000003  0.000183 -0.000000 -0.000000
40  -0.000004 -0.000002 0.000003  0.000244 0.000000 0.000000
41  -0.000010 -0.000004 0.000001  0.000305 0.000305 -0.000122
42  1.410070 0.800525 2.089137  -2.009768 -0.630254 0.591907
43  3.954717 0.000014 0.000005  -0.000000 -0.000002 0.166320
44  3.101558 -0.000006 0.000003  -0.000001 -0.000000 0.240238
45  7.183347 -0.532110 3.267601  -0.123210 -0.020355 -0.052486
46  3.511601 -0.000001 0.000001  0.000003 0.000001 0.099571
47  2.199404 0.000004 0.000001  -0.000001 -0.000001 0.029267
48  7.145095 -0.676362 1.382419  -0.086920 0.009133 -0.085505
49  3.672220 -0.000002 0.000003  0.000001 -0.000000 0.142941
50  2.676518 -0.000004 0.000003  -0.000001 -0.000001 -0.026075
51  6.831176 -0.870879 -0.599927  -0.130311 0.006346 -0.065012
52  3.657079 -0.000002 0.000002  -0.000000 0.000001 0.057734
53  2.496795 0.000001 0.000000  0.000000 -0.000001 -0.091108
54  6.164468 -0.898158 -2.575028  -0.090704 0.013515 -0.151468
55  2.805848 -0.000003 0.000004  -0.000002 -0.000001 0.079091
56  2.307435 -0.000000 -0.000003  0.000002 0.000001 -0.056419
57  0.000000 0.000000 -0.000000  0.000000 -0.000000 0.000000
58  0.019422 0.000671 -0.000314  -0.000062 0.006897 -0.000305
59  0.071249 114.357025 62.238796  0.000000 0.000000 -0.000000
60  1.986525 0.000006 -3.123737  -2.705260 -0.000000 -1.570797
61  -1.986692 0.000006 -3.123747  0.436333 0.000001 1.570797
62  0.000000 -0.000010 -0.000002  0.000000 0.000000 0.000000
63  -1.986692 0.000014 -3.123738  0.436333 0.000001 1.570797
64  -11.344152 1.135887 0.869282  0.000001 -0.025019 -0.026324
65  1.986525 0.000006 -3.123736  -2.705260 -0.000000 -1.570797
66  -11.350051 -0.729426 0.864885  0.000197 -0.025367 0.026442
67  1.754236 4.036753 -1.682668  0.392575 -0.010120 -1.546362
68  -1.755139 4.036750 -1.682668  -0.392577 -0.010391 -1.594986
69  -0.164556 7.327703 3.928703  -0.000000 0.000001 -1.570796
70  0.079082 36.742687 -0.508023  0.000001 0.000000 -0.000000
71  -1.260174 8.777410 6.736406  -0.000002 -0.424416 -3.141592
72  1.525193 18.283596 2.968622  0.000000 0.000000 0.000000
73  0.060216 10.324388 74.469063  0.000008 0.000000 0.000000
74  0.062808 75.917984 83.075439  1.570797 0.000000 -1.570796
75  4.804190 -3.971739 0.000001  -0.000000 0.000000 -0.000000
76  -7.041563 -5.025985 0.000001  -0.000000 -0.000000 -0.000000
77  8.407187 -3.978431 0.003055  -1.570796 1.570795 0.000000
78  10.376197 -3.978438 0.003056  -1.570796 1.570796 0.000000
79  10.194019 -0.314059 -1.749547  -1.570796 1.570796 0.000000
80  20.857887 -4.015561 0.000003  0.000000 -0.000000 0.000000
81  3.258444 5.856962 -3.403524  -0.000000 -0.000000 -0.000000
82  15.153049 5.860588 -3.403521  0.000000 -0.000000 0.000000
83  6.064256 77.294945 36.365795  1.570796 0.000000 1.570796
84  -2.662412 1.445755 40.667953  -0.000000 3.141591 1.570796
85  8.352066 2.772897 0.000537  -3.141589 0.000002 -0.000000
86  6.064256 72.973679 32.593254  1.570796 0.000000 1.570796
87  0.004365 73.768410 -3.792008  0.000000 0.000000 0.000000
88  -0.442609 1.284882 8.535290  -0.000000 -0.000001 0.000000
89  0.000001 1.310212 0.000000  0.000000 0.000000 0.000000
90  0.000001 0.582261 0.000000  0.000000 0.000000 0.000000
91  0.036297 1.284874 7.928798  -0.000000 -0.000001 0.000000
92  0.000001 1.310211 -0.000000  0.000000 0.000000 0.000000
93  0.000000 0.582260 0.000000  0.000000 0.000000 0.000000
94  5.969324 3.427458 -6.170650  -0.000000 -0.000001 -1.570797
95  -1.310209 0.000002 0.000001  0.000000 -0.000000 -0.000000
96  -0.582258 0.000001 0.000000  0.000000 -0.000000 -0.000000
97  5.969323 9.397399 -6.170659  -0.000000 -0.000001 -1.570796
98  -1.310208 -0.000000 -0.000000  0.000000 0.000000 -0.000000
99  -0.582257 -0.000001 -0.000001  0.000000 0.000000 -0.000000
100  5.969322 15.223769 -6.170670  -0.000000 -0.000001 -1.570796
101  -1.310201 0.000002 0.000001  -0.000000 0.000000 -0.000000
102  -0.582250 0.000001 0.000001  -0.000000 0.000000 -0.000000
103  5.969323 20.835571 -6.170670  -0.000000 -0.000001 -1.570796
104  -1.310209 0.000001 0.000001  -0.000000 0.000000 -0.000000
105  -0.582258 0.000000 0.000004  -0.000000 0.000000 -0.000000
106  5.969324 26.771210 -6.170672  -0.000000 -0.000001 -1.570796
107  5.969322 32.597595 -6.170674  -0.000000 -0.000001 -1.570796
108  5.969323 38.209396 -6.170685  0.000000 -0.000001 -1.570800
109  5.969322 49.488468 -6.170684  0.000000 -0.000001 -1.570800
110  -0.539090 -0.556807 -0.017363  -0.042462 2.681156 1.551919
111  -6.799123 -0.556815 0.818549  -0.272420 2.701993 1.452460
112  -4.615282 -0.556825 0.270328  -0.117230 2.684609 1.518878
113  -2.650969 -0.556816 0.063010  -0.042463 2.681158 1.551919
114  27.110336 1.284853 12.007548  -0.000000 -0.000000 -0.000000
115  28.133423 1.284852 12.007547  0.000001 -0.000000 -0.000000
116  12.812887 2.241785 12.007549  -0.000000 -0.000001 -0.000001
117  -9.955966 -0.319626 4.380214  -0.000001 -0.000000 -0.000001
118  -11.316472 -0.319629 4.380215  -0.000003 -0.000000 0.000000
119  -12.667810 -0.319630 4.380215  -0.000003 -0.000000 0.000001
120  -14.022141 -0.319631 4.380215  0.000010 -0.000000 -0.000011
121  -15.373240 -0.319624 4.380214  0.000015 -0.000000 -0.000015
122  -16.724142 -0.319625 4.380214  -0.000009 -0.000000 0.000006
123  -18.074572 -0.319625 4.380214  -0.000006 0.000000 0.000004
124  -19.423714 -0.319625 4.380214  0.000002 0.000000 -0.000004
125  -20.775269 -0.319625 4.380214  0.000003 0.000000 -0.000004
126  -22.126669 -0.319626 4.380215  0.000003 -0.000000 -0.000004
127  -23.478123 -0.319626 4.380215  0.000005 -0.000000 -0.000006
128  -24.830618 -0.319627 4.380215  0.000036 0.000000 -0.000038
129  -26.182026 -0.319628 4.380215  -0.000011 0.000000 0.000011
130  0.529180 -0.167131 0.629484  -0.101270 -0.000000 0.000000
131  -0.211444 -0.241692 0.155361  -0.145847 -0.000000 0.000000
132  0.529190 -0.280704 -0.110293  -0.145847 -0.000000 0.000000
133  -0.173927 -0.337329 -0.638496  -0.181751 -0.000000 0.000000
134  0.529189 -0.399251 -0.975394  -0.181751 -0.000000 0.000000
135  -0.211444 -0.464475 -1.431042  -0.192399 -0.000000 0.000000
136  0.529189 -0.515808 -1.694583  -0.192400 -0.000000 0.000000
137  -0.173928 -0.612151 -2.231911  -0.216703 -0.000000 0.000000
138  0.529188 -0.685807 -2.566439  -0.216704 -0.000000 0.000000
139  -0.211445 -0.769563 -3.027871  -0.237349 -0.000000 0.000000
140  0.529188 -0.832691 -3.288847  -0.237349 -0.000000 0.000000
141  -0.173937 -0.945288 -3.779565  -0.233859 0.000000 0.000000
142  0.529179 -1.024659 -4.112780  -0.233859 0.000000 0.000000
143  -0.211443 -1.132187 -4.577548  -0.262919 -0.000000 0.000000
144  0.529190 -1.201968 -4.836825  -0.262919 0.000000 0.000000
145  -0.000004 -2.810945 -10.636631  0.258454 0.000000 3.141592
146  -0.192455 -1.345780 -5.370046  -0.280373 0.000000 0.000000
147  0.533984 -1.413514 -5.605105  -0.276883 0.000000 0.000000
148  -0.206618 -1.795766 -6.909779  -0.287354 0.000000 0.000000
149  -0.205805 -1.564824 -6.138256  -0.290843 0.000000 0.000000
150  0.530460 -1.643678 -6.395216  -0.290844 0.000000 0.000000
151  0.535311 -1.790707 -7.204133  -0.287354 -0.000000 0.000000
152  -0.202703 -2.030489 -7.702830  -0.286180 -0.000000 0.000000
153  0.509548 -2.118899 -8.011624  -0.298398 -0.000000 0.000000
154  -0.202703 -2.255281 -8.465172  -0.283134 -0.000000 0.000000
155  0.509548 -2.352984 -8.771160  -0.295352 -0.000000 0.000000
156  -0.202704 -2.481600 -9.235472  -0.285437 -0.000000 0.000000
157  0.509547 -2.588687 -9.538638  -0.297654 -0.000000 0.000000
158  0.170123 -21.222092 -1.001140  -0.000001 -0.000001 0.000000
159  0.170123 -20.843863 -0.397183  -0.000001 -0.000001 0.000000
160  0.170123 -20.489746 -1.001141  -0.000001 -0.000001 0.000000
161  0.170124 -20.111067 -0.397183  -0.000001 -0.000001 0.000000
162  0.170123 -19.380087 -0.397187  -0.000001 -0.000001 0.000000
163  0.170123 -19.025108 -1.001146  -0.000001 -0.000001 0.000000
164  0.170123 -18.646658 -0.396447  -0.000001 -0.000001 0.000000
165  0.170124 -19.755760 -1.001142  -0.000001 -0.000001 0.000000
166  -0.015973 10.612516 2.686017  0.000001 0.000000 -0.000000
167  0.059851 -50.160702 6.449380  1.570797 0.000000 -1.570797
168  0.064652 27.351288 72.195206  0.000000 -0.000000 -0.000001
169  6.064260 95.114006 31.645498  0.000000 -0.000001 1.570796
170  0.054185 102.845634 29.795361  -0.000000 0.000001 -1.570796
171  6.064256 69.096542 37.164322  1.570796 0.000000 1.570796
172  1.974303 11.989233 4.589250  0.000000 0.000000 0.000000
173  -0.011481 23.944744 5.090361  0.000001 0.000000 0.000000
174  -1.691251 8.833342 5.763507  0.000001 0.000000 0.000000
175  6.064260 89.329796 31.613914  0.000000 -0.000001 1.570796
176  0.059886 2.255334 54.398014  0.000000 0.000000 0.000000
177  0.003497 -22.270643 0.000150  1.570797 -0.000000 -1.570797
178  0.104010 15.380370 2.266153  0.000001 0.000000 -0.000000
179  0.049048 0.001386 0.027426  0.000000 -0.006897 0.000000
180  0.023797 -0.000528 -0.010421  -0.000000 -0.006897 0.000000
181  -2.662412 1.445758 33.628742  -0.000000 3.141591 1.570796
182  8.352066 2.772897 0.000540  -3.141589 0.000002 -0.000000
183  -2.662412 1.445755 40.667953  -0.000000 3.141591 1.570796
184  8.352066 2.772897 0.000537  -3.141589 0.000002 -0.000000
185  -1.431356 16.384777 4.137811  0.000001 0.000000 0.000000
186  -0.001845 0.521683 -0.140289  0.000000 0.000000 -0.000000
187  7.323109 -5.136191 -5.166237  0.000000 0.000000 -0.610865
188  2.698278 -0.000001 -0.000000  -0.000012 0.000000 0.000001
189  2.834159 -0.000002 -0.000000  0.000013 0.000000 -0.000000
190  2.648918 -0.000001 0.000001  -0.000001 -0.000001 0.000000
191  2.667497 -0.000003 -0.000000  -0.000000 0.000000 -0.000000
192  2.426702 -0.000002 -0.000001  -0.000000 0.000000 -0.000000
193  -0.494744 -44.353439 -1.302299  1.570797 0.000000 -1.570797
194  11.545937 73.768410 -3.792010  0.000000 0.000000 0.000000
195  -0.011102 -16.902811 1.952047  0.000001 0.000000 -0.000000
196  0.000000 0.000003 -1.529052  -0.000000 0.000000 0.000000
197  -0.078942 0.000001 -0.000000  0.000000 0.000001 1.570796
198  0.097092 -0.000000 -0.000000  -0.000000 -3.141592 1.570796
199  0.000000 0.000000 0.000000  0.000000 -0.000000 -0.000000
200  -0.000126 -0.000263 -0.001875  -0.000061 0.000000 0.000000
201  -0.000252 -0.000744 -0.001379  -0.000061 0.000000 -0.000000
end
