version 1
nodes
0 "blender_implicit" -1
1 "b_root" -1
2 "b_ch_middle" 1
3 "b_ch_spine1" 2
4 "b_ch_spine2" 3
5 "b_ch_l_clavical" 4
6 "b_ch_l_upperarm" 5
7 "b_ch_l_forearm" 6
8 "b_ch_l_forearm_twist1" 7
9 "b_ch_l_forearm_twist2" 7
10 "b_ch_l_forearm_twist3" 7
11 "b_ch_l_forearm_twist4" 7
12 "b_ch_l_forearm_twist5" 7
13 "b_ch_l_forearm_twist6" 7
14 "b_ch_l_forearm_twist7" 7
15 "b_ch_l_hand" 7
16 "b_ch_l_finger_00" 15
17 "b_ch_l_finger_01" 16
18 "b_ch_l_finger_02" 17
19 "b_ch_l_finger_40" 15
20 "b_ch_l_finger_41" 19
21 "b_ch_l_finger_42" 20
22 "b_ch_l_finger_20" 15
23 "b_ch_l_finger_21" 22
24 "b_ch_l_finger_22" 23
25 "b_ch_l_finger_30" 15
26 "b_ch_l_finger_31" 25
27 "b_ch_l_finger_32" 26
28 "b_ch_l_finger_10" 15
29 "b_ch_l_finger_11" 28
30 "b_ch_l_finger_12" 29
31 "b_ch_r_clavical" 4
32 "b_ch_r_upperarm" 31
33 "b_ch_r_forearm" 32
34 "b_ch_r_forearm_twist1" 33
35 "b_ch_r_forearm_twist2" 33
36 "b_ch_r_forearm_twist3" 33
37 "b_ch_r_forearm_twist4" 33
38 "b_ch_r_forearm_twist5" 33
39 "b_ch_r_forearm_twist6" 33
40 "b_ch_r_forearm_twist7" 33
41 "b_ch_r_hand" 33
42 "b_ch_r_finger_00" 41
43 "b_ch_r_finger_01" 42
44 "b_ch_r_finger_02" 43
45 "b_ch_r_finger_10" 41
46 "b_ch_r_finger_11" 45
47 "b_ch_r_finger_12" 46
48 "b_ch_r_finger_20" 41
49 "b_ch_r_finger_21" 48
50 "b_ch_r_finger_22" 49
51 "b_ch_r_finger_30" 41
52 "b_ch_r_finger_31" 51
53 "b_ch_r_finger_32" 52
54 "b_ch_r_finger_40" 41
55 "b_ch_r_finger_41" 54
56 "b_ch_r_finger_42" 55
57 "b_camera" 1
58 "ik_hand_root" 1
59 "ik_hand_r" 58
60 "ik_hand_l" 58
61 "b_wpn" 1
62 "b_wpn_controller" 61
63 "b_wpn_eject" 62
64 "b_wpn_foregrip" 62
65 "b_wpn_hammer" 62
66 "b_wpn_mag" 62
67 "b_wpn_mag_b1" 66
68 "b_wpn_mag_b2" 66
69 "b_wpn_mag_b3" 66
70 "b_wpn_mag_b4" 66
71 "b_wpn_mag_b5" 66
72 "b_wpn_mag_b6" 66
73 "b_wpn_mag_b7" 66
74 "b_wpn_mag_follow" 66
75 "b_wpn_muzzle" 62
76 "b_wpn_slide" 62
77 "b_wpn_sliderelease" 62
78 "b_wpn_trigger" 62
79 "ik_hand_wpn_l" 62
80 "ik_hand_wpn_r" 62
end
skeleton
time 0
0  0 0 0  0 0 0
1  0.000000 0.000000 0.000000  -0.000000 -0.000000 0.000000
2  -0.000005 0.000023 -61.375511  -0.000000 -1.569233 1.570643
3  8.235032 0.000001 0.000002  0.580835 -1.569999 2.560793
4  0.001630 0.000005 16.163136  3.141590 -1.570794 0.000000
5  16.163120 -3.830567 0.012319  0.000796 0.000002 -0.000002
6  -0.000002 -14.868264 0.003297  -1.577532 0.053891 -1.579953
7  -1.653011 -26.289999 -1.624663  -1.577542 -0.071622 -1.579107
8  -0.000001 0.000002 0.000004  -1.580198 -0.071621 -1.579107
9  3.088809 0.024649 -0.168723  -1.582852 -0.071621 -1.579105
10  6.177618 0.049293 -0.337449  -1.585508 -0.071621 -1.579106
11  9.266424 0.073936 -0.506175  -1.588162 -0.071621 -1.579105
12  12.355235 0.098581 -0.674903  -1.590819 -0.071620 -1.579107
13  15.444041 0.123228 -0.843627  -1.593472 -0.071621 -1.579106
14  18.532845 0.147864 -1.012353  -1.596129 -0.071621 -1.579104
15  21.621658 0.172513 -1.181077  -0.028211 3.135880 1.513917
16  1.893340 -1.634271 0.859107  -1.165006 -0.640992 -2.199805
17  2.044702 0.484408 3.350269  -1.204699 -0.486825 -2.125794
18  -0.260381 -2.090594 2.276260  -1.237163 -0.260984 -2.037520
19  -3.447321 -5.780168 -0.379063  -3.077919 0.023411 -1.476627
20  2.712828 0.708723 0.105277  -3.079963 0.028366 -1.555591
21  -0.548029 -2.227530 0.249119  -3.078464 0.024848 -1.499262
22  0.336918 -7.299232 -0.168911  -3.082296 0.017226 -1.542455
23  3.611850 0.660048 -0.063401  0.056244 3.116099 1.456405
24  -0.761179 -2.497759 0.587825  0.056888 3.117572 1.482444
25  -1.586363 -6.719247 -0.344069  -3.039287 0.013874 -1.578726
26  3.619246 0.505787 -0.139427  -3.040026 0.019758 -1.620309
27  -0.461942 -2.403368 0.494393  -3.038656 0.010451 -1.529667
28  2.201409 -7.596758 -0.062430  -3.046359 -0.013167 -1.566944
29  3.483292 0.438876 -0.073511  0.096070 -3.137944 1.467831
30  -0.496246 -2.091543 0.465367  0.096132 -3.140737 1.438702
31  16.163137 3.830479 0.016719  0.000797 3.141592 -0.000002
32  -0.000004 14.868237 -0.020381  -1.564060 0.053890 -1.561657
33  1.709587 26.306095 1.265494  -1.564031 -0.071620 -1.562484
34  0.000000 -0.000002 -0.000004  -1.561395 -0.071620 -1.562484
35  -3.085652 0.020329 0.219484  -1.558740 -0.071620 -1.562484
36  -6.171300 0.040662 0.438973  -1.556087 -0.071621 -1.562485
37  -9.256948 0.060996 0.658463  -1.553431 -0.071622 -1.562486
38  -12.342592 0.081327 0.877946  -1.550773 -0.071621 -1.562485
39  -15.428248 0.101656 1.097434  -1.548120 -0.071621 -1.562485
40  -18.513893 0.121995 1.316921  -1.545466 -0.071622 -1.562485
41  -21.599537 0.142324 1.536405  0.028210 0.005712 -1.513916
42  -2.109271 -1.317461 0.899408  -1.976588 -0.640992 -0.941787
43  1.655042 0.112979 -3.589971  -1.936895 -0.486825 -1.015794
44  -0.626555 1.835708 2.420195  -1.904432 -0.260984 -1.104070
45  -3.146270 -7.246654 0.384789  -0.095338 -0.013164 -1.566948
46  3.499468 -0.059080 0.285658  -0.096169 -0.003636 -1.467827
47  0.265078 2.099517 0.599289  -0.096232 -0.000826 -1.438696
48  -1.256821 -7.192643 0.327738  -0.059299 0.017227 -1.599134
49  3.654614 0.180866 0.310243  -0.056243 0.025504 -1.456402
50  0.161168 2.563280 0.753254  -0.056879 0.024018 -1.482443
51  0.728758 -6.871549 0.184739  -0.102532 0.013874 -1.578724
52  3.637700 0.072378 0.369021  -0.101566 0.019754 -1.521285
53  0.068119 2.411337 0.644052  -0.102940 0.010450 -1.611924
54  2.694201 -6.177031 0.154099  -0.063675 0.023411 -1.664964
55  2.782335 0.352691 0.083921  -0.061631 0.028366 -1.585999
56  -0.326769 2.252141 0.381267  -0.063129 0.024847 -1.642330
57  0.000000 -0.000000 0.000000  0.000001 -0.000000 -0.000000
58  0.000000 -0.000000 0.000000  0.000000 -0.000000 -0.000000
59  -18.277882 -47.925137 -20.686228  0.441801 1.594366 0.349655
60  18.277988 -47.925091 -20.686235  -1.523781 -1.434700 1.542293
61  -0.090551 -25.389746 0.016096  0.000001 -0.000000 -0.000000
62  0.000000 0.000000 0.000000  0.000000 -0.000000 -0.000000
63  -1.260175 3.403356 4.928343  -0.000002 -0.424415 -3.141592
64  0.090547 0.325027 -2.629766  0.000000 0.000000 -0.000000
65  0.090549 8.849265 1.998111  -0.000000 0.000000 -0.000000
66  0.090548 5.422805 -2.383387  -0.000000 -0.000000 0.000000
67  0.015102 -0.353060 5.245100  -0.000000 -0.000001 0.000000
68  0.015102 -0.406399 4.066539  0.000000 -0.000001 0.000000
69  0.015102 -0.259083 2.887979  0.000000 -0.000000 -1.570797
70  0.015102 -0.091438 1.706879  0.000000 -0.000000 -1.570797
71  0.015102 0.068583 0.528320  0.000000 -0.000000 -1.570797
72  0.015102 0.240567 -0.651415  0.000000 -0.000000 -1.570797
73  0.015102 0.380267 -1.829974  -0.000000 -0.000000 -1.570797
74  0.048122 0.601243 -3.841653  -0.000000 -0.000000 -1.570797
75  0.090546 -12.795949 3.913126  1.570797 0.000000 -1.570796
76  0.090548 1.635665 3.971694  -0.000000 -0.000000 -0.000000
77  0.794128 2.468790 0.817013  0.000000 -0.000000 0.000000
78  0.090548 2.105566 0.931313  0.000001 -0.000000 -0.000000
79  4.504600 96.532654 -26.783953  2.064742 -0.116498 -2.067531
80  -3.255346 121.440231 -32.279476  0.181523 0.048806 -1.277059
end
triangles
MI_1P_DEagle
0  -1.234193 -18.347927 1.264961  -0.375684 0.106619 0.920594  0.963867 0.513916 1 62 1.000000
0  -1.153654 -18.179306 1.264961  0.000000 0.399949 0.916538  0.961426 0.510254 1 62 1.000000
0  -1.185536 -18.179306 1.264961  -0.337764 0.411762 0.846385  0.962402 0.510010 1 62 1.000000
MI_1P_DEagle
0  -1.288741 -18.555176 1.264961  -0.364358 0.090145 0.926886  0.965820 0.518799 1 62 1.000000
0  -1.153654 -18.179306 1.264961  0.000000 0.399949 0.916538  0.961426 0.510254 1 62 1.000000
0  -1.234193 -18.347927 1.264961  -0.375684 0.106619 0.920594  0.963867 0.513916 1 62 1.000000
MI_1P_DEagle
0  -1.288741 -18.555176 1.264961  -0.364358 0.090145 0.926886  0.965820 0.518799 1 62 1.000000
0  -1.154560 -18.939547 1.264961  0.000000 0.000000 1.000000  0.962891 0.528076 1 62 1.000000
0  -1.153654 -18.179306 1.264961  0.000000 0.399949 0.916538  0.961426 0.510254 1 62 1.000000
MI_1P_DEagle
0  -1.349716 -18.820948 1.264961  -0.370784 0.066771 0.926316  0.967773 0.525146 1 62 1.000000
0  -1.154560 -18.939547 1.264961  0.000000 0.000000 1.000000  0.962891 0.528076 1 62 1.000000
0  -1.288741 -18.555176 1.264961  -0.364358 0.090145 0.926886  0.965820 0.518799 1 62 1.000000
MI_1P_DEagle
0  -1.154560 -18.939547 1.264961  0.000000 0.000000 1.000000  0.962891 0.528076 1 62 1.000000
0  -1.349716 -18.820948 1.264961  -0.370784 0.066771 0.926316  0.967773 0.525146 1 62 1.000000
0  -1.365673 -18.939548 1.264961  -0.364595 0.049217 0.929865  0.968262 0.528076 1 62 1.000000
MI_1P_DEagle
0  -1.154560 -18.939547 1.264961  0.000000 0.000000 1.000000  0.962891 0.528076 1 62 1.000000
0  -1.365673 -18.939548 1.264961  -0.364595 0.049217 0.929865  0.968262 0.528076 1 62 1.000000
0  -1.154714 -19.067844 1.264961  0.000003 -0.375430 0.926851  0.962891 0.531250 1 62 1.000000
MI_1P_DEagle
0  -1.382935 -19.067846 1.264961  -0.338620 -0.304001 0.890461  0.968262 0.531250 1 62 1.000000
0  -1.154714 -19.067844 1.264961  0.000003 -0.375430 0.926851  0.962891 0.531250 1 62 1.000000
0  -1.365673 -18.939548 1.264961  -0.364595 0.049217 0.929865  0.968262 0.528076 1 62 1.000000
MI_1P_DEagle
0  -1.154714 -19.067844 1.264961  0.000003 -0.375430 0.926851  0.962891 0.531250 1 62 1.000000
0  -1.382935 -19.067846 1.264961  -0.338620 -0.304001 0.890461  0.968262 0.531250 1 62 1.000000
0  -1.154725 -19.119278 1.215078  0.000008 -0.918226 0.396058  0.962891 0.532959 1 62 1.000000
MI_1P_DEagle
0  -1.390804 -19.119280 1.215078  -0.361537 -0.856165 0.369150  0.968750 0.532959 1 62 1.000000
0  -1.154725 -19.119278 1.215078  0.000008 -0.918226 0.396058  0.962891 0.532959 1 62 1.000000
0  -1.382935 -19.067846 1.264961  -0.338620 -0.304001 0.890461  0.968262 0.531250 1 62 1.000000
MI_1P_DEagle
0  -1.154725 -19.121330 1.065267  0.000008 -0.999906 0.013697  0.962891 0.536621 1 62 1.000000
0  -1.154725 -19.119278 1.215078  0.000008 -0.918226 0.396058  0.962891 0.532959 1 62 1.000000
0  -1.390804 -19.119280 1.215078  -0.361537 -0.856165 0.369150  0.968750 0.532959 1 62 1.000000
MI_1P_DEagle
0  -1.154725 -19.121330 1.065267  0.000008 -0.999906 0.013697  0.962891 0.536621 1 62 1.000000
0  -1.390804 -19.119280 1.215078  -0.361537 -0.856165 0.369150  0.968750 0.532959 1 62 1.000000
0  -1.397135 -19.121332 1.065267  -0.402282 -0.915039 0.029533  0.968750 0.536621 1 62 1.000000
MI_1P_DEagle
0  -1.154725 -19.126911 0.657695  0.000002 -0.994813 0.101716  0.962891 0.546387 1 62 1.000000
0  -1.154725 -19.121330 1.065267  0.000008 -0.999906 0.013697  0.962891 0.536621 1 62 1.000000
0  -1.397135 -19.121332 1.065267  -0.402282 -0.915039 0.029533  0.968750 0.536621 1 62 1.000000
MI_1P_DEagle
0  -1.154725 -19.126911 0.657695  0.000002 -0.994813 0.101716  0.962891 0.546387 1 62 1.000000
0  -1.397135 -19.121332 1.065267  -0.402282 -0.915039 0.029533  0.968750 0.536621 1 62 1.000000
0  -1.414359 -19.126911 0.657695  -0.395492 -0.911740 0.110982  0.969238 0.546387 1 62 1.000000
MI_1P_DEagle
0  -1.154725 -19.126911 0.657695  0.000002 -0.994813 0.101716  0.962891 0.546387 1 62 1.000000
0  -1.414359 -19.126911 0.657695  -0.395492 -0.911740 0.110982  0.969238 0.546387 1 62 1.000000
0  -1.154725 -19.150604 0.534570  0.000001 -0.913636 0.406533  0.962891 0.549316 1 62 1.000000
MI_1P_DEagle
0  -1.419499 -19.150604 0.534571  -0.369557 -0.840520 0.396174  0.969238 0.549316 1 62 1.000000
0  -1.154725 -19.150604 0.534570  0.000001 -0.913636 0.406533  0.962891 0.549316 1 62 1.000000
0  -1.414359 -19.126911 0.657695  -0.395492 -0.911740 0.110982  0.969238 0.546387 1 62 1.000000
MI_1P_DEagle
0  -1.154725 -19.150604 0.534570  0.000001 -0.913636 0.406533  0.962891 0.549316 1 62 1.000000
0  -1.419499 -19.150604 0.534571  -0.369557 -0.840520 0.396174  0.969238 0.549316 1 62 1.000000
0  -1.154725 -19.193373 0.477978  0.000002 -0.603543 0.797330  0.962891 0.551025 1 62 1.000000
MI_1P_DEagle
0  -1.422125 -19.193373 0.477978  -0.376398 -0.556702 0.740546  0.969238 0.551025 1 62 1.000000
0  -1.154725 -19.193373 0.477978  0.000002 -0.603543 0.797330  0.962891 0.551025 1 62 1.000000
0  -1.419499 -19.150604 0.534571  -0.369557 -0.840520 0.396174  0.969238 0.549316 1 62 1.000000
MI_1P_DEagle
0  -1.154725 -19.193373 0.477978  0.000002 -0.603543 0.797330  0.962891 0.551025 1 62 1.000000
0  -1.422125 -19.193373 0.477978  -0.376398 -0.556702 0.740546  0.969238 0.551025 1 62 1.000000
0  -1.154725 -19.267927 0.448866  0.000001 -0.228995 0.973428  0.962891 0.552979 1 62 1.000000
MI_1P_DEagle
0  -1.424372 -19.267927 0.448866  -0.376828 -0.204066 0.903525  0.969238 0.552979 1 62 1.000000
0  -1.154725 -19.267927 0.448866  0.000001 -0.228995 0.973428  0.962891 0.552979 1 62 1.000000
0  -1.422125 -19.193373 0.477978  -0.376398 -0.556702 0.740546  0.969238 0.551025 1 62 1.000000
MI_1P_DEagle
0  -1.154725 -19.267927 0.448866  0.000001 -0.228995 0.973428  0.962891 0.552979 1 62 1.000000
0  -1.424372 -19.267927 0.448866  -0.376828 -0.204066 0.903525  0.969238 0.552979 1 62 1.000000
0  -1.154725 -19.373655 0.439344  -0.002375 -0.047739 0.998857  0.962891 0.555420 1 62 1.000000
MI_1P_DEagle
0  -1.425982 -19.373655 0.439345  -0.370346 -0.044568 0.927824  0.969238 0.555420 1 62 1.000000
0  -1.154725 -19.373655 0.439344  -0.002375 -0.047739 0.998857  0.962891 0.555420 1 62 1.000000
0  -1.424372 -19.267927 0.448866  -0.376828 -0.204066 0.903525  0.969238 0.552979 1 62 1.000000
MI_1P_DEagle
0  -1.154725 -19.373655 0.439344  -0.002375 -0.047739 0.998857  0.962891 0.555420 1 62 1.000000
0  -1.425982 -19.373655 0.439345  -0.370346 -0.044568 0.927824  0.969238 0.555420 1 62 1.000000
0  -1.426319 -19.575195 0.436926  -0.379016 -0.011785 0.925315  0.969238 0.560303 1 62 1.000000
MI_1P_DEagle
0  -1.406991 -20.139517 0.436189  -0.386042 -0.023323 0.922186  0.968750 0.573730 1 62 1.000000
0  -1.154725 -19.373655 0.439344  -0.002375 -0.047739 0.998857  0.962891 0.555420 1 62 1.000000
0  -1.426319 -19.575195 0.436926  -0.379016 -0.011785 0.925315  0.969238 0.560303 1 62 1.000000
MI_1P_DEagle
0  -1.367237 -20.639488 0.436188  -0.388637 -0.043760 0.920351  0.967773 0.585693 1 62 1.000000
0  -1.154725 -19.373655 0.439344  -0.002375 -0.047739 0.998857  0.962891 0.555420 1 62 1.000000
0  -1.406991 -20.139517 0.436189  -0.386042 -0.023323 0.922186  0.968750 0.573730 1 62 1.000000
MI_1P_DEagle
0  -1.312496 -21.037594 0.436189  -0.389757 -0.066479 0.918515  0.966309 0.595215 1 62 1.000000
0  -1.154725 -19.373655 0.439344  -0.002375 -0.047739 0.998857  0.962891 0.555420 1 62 1.000000
0  -1.367237 -20.639488 0.436188  -0.388637 -0.043760 0.920351  0.967773 0.585693 1 62 1.000000
MI_1P_DEagle
0  -1.253780 -21.349825 0.436189  -0.401074 -0.086074 0.911993  0.964844 0.602539 1 62 1.000000
0  -1.154725 -19.373655 0.439344  -0.002375 -0.047739 0.998857  0.962891 0.555420 1 62 1.000000
0  -1.312496 -21.037594 0.436189  -0.389757 -0.066479 0.918515  0.966309 0.595215 1 62 1.000000
MI_1P_DEagle
0  -1.178347 -21.791933 0.436191  -0.474997 -0.445839 0.758686  0.963379 0.613281 1 62 1.000000
0  -1.154725 -19.373655 0.439344  -0.002375 -0.047739 0.998857  0.962891 0.555420 1 62 1.000000
0  -1.253780 -21.349825 0.436189  -0.401074 -0.086074 0.911993  0.964844 0.602539 1 62 1.000000
MI_1P_DEagle
0  -1.155196 -21.791882 0.436190  0.000911 -0.468860 0.883272  0.962402 0.613037 1 62 1.000000
0  -1.154725 -19.373655 0.439344  -0.002375 -0.047739 0.998857  0.962891 0.555420 1 62 1.000000
0  -1.178347 -21.791933 0.436191  -0.474997 -0.445839 0.758686  0.963379 0.613281 1 62 1.000000
MI_1P_DEagle
0  1.562882 -20.216171 0.436526  0.417671 0.038531 0.907781  0.732910 0.833008 1 62 1.000000
0  1.548098 -20.157486 0.436476  0.366889 0.157567 0.916823  0.731934 0.832520 1 62 1.000000
0  1.567688 -21.578699 0.436237  0.428057 -0.047913 0.902481  0.765137 0.833008 1 62 1.000000
MI_1P_DEagle
0  1.548609 -21.664850 0.436315  0.410592 -0.161257 0.897447  0.767578 0.832520 1 62 1.000000
0  1.567688 -21.578699 0.436237  0.428057 -0.047913 0.902481  0.765137 0.833008 1 62 1.000000
0  1.548098 -20.157486 0.436476  0.366889 0.157567 0.916823  0.731934 0.832520 1 62 1.000000
MI_1P_DEagle
0  1.548098 -20.157486 0.436476  0.366889 0.157567 0.916823  0.731934 0.832520 1 62 1.000000
0  1.502515 -20.092636 0.436389  0.269584 0.268766 0.924711  0.730469 0.831543 1 62 1.000000
0  1.548609 -21.664850 0.436315  0.410592 -0.161257 0.897447  0.767578 0.832520 1 62 1.000000
MI_1P_DEagle
0  1.548609 -21.664850 0.436315  0.410592 -0.161257 0.897447  0.767578 0.832520 1 62 1.000000
0  1.502515 -20.092636 0.436389  0.269584 0.268766 0.924711  0.730469 0.831543 1 62 1.000000
0  1.510453 -21.728445 0.436499  0.320210 -0.326554 0.889285  0.769043 0.831543 1 62 1.000000
MI_1P_DEagle
0  1.510453 -21.728445 0.436499  0.320210 -0.326554 0.889285  0.769043 0.831543 1 62 1.000000
0  1.502515 -20.092636 0.436389  0.269584 0.268766 0.924711  0.730469 0.831543 1 62 1.000000
0  1.446860 -21.766602 0.436824  0.166836 -0.426687 0.888878  0.770020 0.829468 1 62 1.000000
MI_1P_DEagle
0  1.502515 -20.092636 0.436389  0.269584 0.268766 0.924711  0.730469 0.831543 1 62 1.000000
0  1.411155 -20.027199 0.436215  0.223636 0.122909 0.966892  0.729004 0.829468 1 62 1.000000
0  1.446860 -21.766602 0.436824  0.166836 -0.426687 0.888878  0.770020 0.829468 1 62 1.000000
MI_1P_DEagle
0  1.446860 -21.766602 0.436824  0.166836 -0.426687 0.888878  0.770020 0.829468 1 62 1.000000
0  1.411155 -20.027199 0.436215  0.223636 0.122909 0.966892  0.729004 0.829468 1 62 1.000000
0  1.366303 -21.785671 0.436992  0.052341 -0.462269 0.885194  0.770020 0.828613 1 62 1.000000
MI_1P_DEagle
0  1.411155 -20.027199 0.436215  0.223636 0.122909 0.966892  0.729004 0.829468 1 62 1.000000
0  1.141274 -19.373655 0.439344  0.002592 -0.047788 0.998854  0.713379 0.823120 1 62 1.000000
0  1.366303 -21.785671 0.436992  0.052341 -0.462269 0.885194  0.770020 0.828613 1 62 1.000000
MI_1P_DEagle
0  1.366303 -21.785671 0.436992  0.052341 -0.462269 0.885194  0.770020 0.828613 1 62 1.000000
0  1.141274 -19.373655 0.439344  0.002592 -0.047788 0.998854  0.713379 0.823120 1 62 1.000000
0  1.141743 -21.791882 0.436190  0.010024 -0.475914 0.879435  0.770508 0.823120 1 62 1.000000
MI_1P_DEagle
0  1.413715 -19.573103 0.436685  0.379781 -0.009548 0.925027  0.718262 0.829468 1 62 1.000000
0  1.141274 -19.373655 0.439344  0.002592 -0.047788 0.998854  0.713379 0.823120 1 62 1.000000
0  1.411155 -20.027199 0.436215  0.223636 0.122909 0.966892  0.729004 0.829468 1 62 1.000000
MI_1P_DEagle
0  1.141274 -19.373655 0.439344  0.002592 -0.047788 0.998854  0.713379 0.823120 1 62 1.000000
0  1.413715 -19.573103 0.436685  0.379781 -0.009548 0.925027  0.718262 0.829468 1 62 1.000000
0  1.412531 -19.373657 0.439345  0.369882 -0.044479 0.928014  0.713379 0.829468 1 62 1.000000
MI_1P_DEagle
0  1.412531 -19.373657 0.439345  0.369882 -0.044479 0.928014  0.713379 0.829468 1 62 1.000000
0  1.410921 -19.267929 0.448866  0.376831 -0.204061 0.903525  0.710938 0.829468 1 62 1.000000
0  1.141274 -19.373655 0.439344  0.002592 -0.047788 0.998854  0.713379 0.823120 1 62 1.000000
MI_1P_DEagle
0  1.141274 -19.373655 0.439344  0.002592 -0.047788 0.998854  0.713379 0.823120 1 62 1.000000
0  1.410921 -19.267929 0.448866  0.376831 -0.204061 0.903525  0.710938 0.829468 1 62 1.000000
0  1.141274 -19.267929 0.448866  -0.000001 -0.228987 0.973429  0.710938 0.823120 1 62 1.000000
MI_1P_DEagle
0  1.410921 -19.267929 0.448866  0.376831 -0.204061 0.903525  0.710938 0.829468 1 62 1.000000
0  1.408673 -19.193373 0.477978  0.376399 -0.556700 0.740547  0.708984 0.829468 1 62 1.000000
0  1.141274 -19.267929 0.448866  -0.000001 -0.228987 0.973429  0.710938 0.823120 1 62 1.000000
MI_1P_DEagle
0  1.141274 -19.267929 0.448866  -0.000001 -0.228987 0.973429  0.710938 0.823120 1 62 1.000000
0  1.408673 -19.193373 0.477978  0.376399 -0.556700 0.740547  0.708984 0.829468 1 62 1.000000
0  1.141274 -19.193373 0.477978  -0.000002 -0.603537 0.797335  0.709473 0.823120 1 62 1.000000
MI_1P_DEagle
0  1.408673 -19.193373 0.477978  0.376399 -0.556700 0.740547  0.708984 0.829468 1 62 1.000000
0  1.406047 -19.150604 0.534571  0.369557 -0.840520 0.396174  0.707520 0.829346 1 62 1.000000
0  1.141274 -19.193373 0.477978  -0.000002 -0.603537 0.797335  0.709473 0.823120 1 62 1.000000
MI_1P_DEagle
0  1.141274 -19.193373 0.477978  -0.000002 -0.603537 0.797335  0.709473 0.823120 1 62 1.000000
0  1.406047 -19.150604 0.534571  0.369557 -0.840520 0.396174  0.707520 0.829346 1 62 1.000000
0  1.141274 -19.150604 0.534570  0.000001 -0.913636 0.406533  0.707520 0.823120 1 62 1.000000
MI_1P_DEagle
0  1.406047 -19.150604 0.534571  0.369557 -0.840520 0.396174  0.707520 0.829346 1 62 1.000000
0  1.400908 -19.126911 0.657695  0.395494 -0.911739 0.110981  0.704590 0.829224 1 62 1.000000
0  1.141274 -19.150604 0.534570  0.000001 -0.913636 0.406533  0.707520 0.823120 1 62 1.000000
MI_1P_DEagle
0  1.141274 -19.150604 0.534570  0.000001 -0.913636 0.406533  0.707520 0.823120 1 62 1.000000
0  1.400908 -19.126911 0.657695  0.395494 -0.911739 0.110981  0.704590 0.829224 1 62 1.000000
0  1.141274 -19.126913 0.657695  0.000005 -0.994814 0.101715  0.704590 0.823120 1 62 1.000000
MI_1P_DEagle
0  1.400908 -19.126911 0.657695  0.395494 -0.911739 0.110981  0.704590 0.829224 1 62 1.000000
0  1.383683 -19.121332 1.065267  0.402282 -0.915039 0.029535  0.694824 0.828857 1 62 1.000000
0  1.141274 -19.126913 0.657695  0.000005 -0.994814 0.101715  0.704590 0.823120 1 62 1.000000
MI_1P_DEagle
0  1.383683 -19.121332 1.065267  0.402282 -0.915039 0.029535  0.694824 0.828857 1 62 1.000000
0  1.141274 -19.121330 1.065267  -0.000005 -0.999906 0.013690  0.694824 0.823120 1 62 1.000000
0  1.141274 -19.126913 0.657695  0.000005 -0.994814 0.101715  0.704590 0.823120 1 62 1.000000
MI_1P_DEagle
0  1.383683 -19.121332 1.065267  0.402282 -0.915039 0.029535  0.694824 0.828857 1 62 1.000000
0  1.377352 -19.119280 1.215078  0.361540 -0.856160 0.369160  0.691406 0.828613 1 62 1.000000
0  1.141274 -19.121330 1.065267  -0.000005 -0.999906 0.013690  0.694824 0.823120 1 62 1.000000
MI_1P_DEagle
0  1.377352 -19.119280 1.215078  0.361540 -0.856160 0.369160  0.691406 0.828613 1 62 1.000000
0  1.141274 -19.119280 1.215078  0.000000 -0.918236 0.396033  0.691406 0.823120 1 62 1.000000
0  1.141274 -19.121330 1.065267  -0.000005 -0.999906 0.013690  0.694824 0.823120 1 62 1.000000
MI_1P_DEagle
0  1.377352 -19.119280 1.215078  0.361540 -0.856160 0.369160  0.691406 0.828613 1 62 1.000000
0  1.369483 -19.067846 1.264961  0.338619 -0.303992 0.890464  0.689941 0.828491 1 62 1.000000
0  1.141274 -19.119280 1.215078  0.000000 -0.918236 0.396033  0.691406 0.823120 1 62 1.000000
MI_1P_DEagle
0  1.141262 -19.067846 1.264961  0.000000 -0.375450 0.926843  0.689941 0.823120 1 62 1.000000
0  1.141274 -19.119280 1.215078  0.000000 -0.918236 0.396033  0.691406 0.823120 1 62 1.000000
0  1.369483 -19.067846 1.264961  0.338619 -0.303992 0.890464  0.689941 0.828491 1 62 1.000000
MI_1P_DEagle
0  1.369483 -19.067846 1.264961  0.338619 -0.303992 0.890464  0.689941 0.828491 1 62 1.000000
0  1.352221 -18.939548 1.264961  0.364589 0.049216 0.929867  0.687012 0.828003 1 62 1.000000
0  1.141262 -19.067846 1.264961  0.000000 -0.375450 0.926843  0.689941 0.823120 1 62 1.000000
MI_1P_DEagle
0  1.141262 -19.067846 1.264961  0.000000 -0.375450 0.926843  0.689941 0.823120 1 62 1.000000
0  1.352221 -18.939548 1.264961  0.364589 0.049216 0.929867  0.687012 0.828003 1 62 1.000000
0  1.141109 -18.939548 1.264961  0.000000 0.000000 1.000000  0.687012 0.823120 1 62 1.000000
MI_1P_DEagle
0  1.336264 -18.820950 1.264961  0.370783 0.066770 0.926316  0.684082 0.827637 1 62 1.000000
0  1.141109 -18.939548 1.264961  0.000000 0.000000 1.000000  0.687012 0.823120 1 62 1.000000
0  1.352221 -18.939548 1.264961  0.364589 0.049216 0.929867  0.687012 0.828003 1 62 1.000000
MI_1P_DEagle
0  1.275289 -18.555176 1.264961  0.364359 0.090145 0.926885  0.677734 0.826172 1 62 1.000000
0  1.141109 -18.939548 1.264961  0.000000 0.000000 1.000000  0.687012 0.823120 1 62 1.000000
0  1.336264 -18.820950 1.264961  0.370783 0.066770 0.926316  0.684082 0.827637 1 62 1.000000
MI_1P_DEagle
0  1.141109 -18.939548 1.264961  0.000000 0.000000 1.000000  0.687012 0.823120 1 62 1.000000
0  1.275289 -18.555176 1.264961  0.364359 0.090145 0.926885  0.677734 0.826172 1 62 1.000000
0  1.140204 -18.179308 1.264961  0.000000 0.399955 0.916535  0.668945 0.823120 1 62 1.000000
MI_1P_DEagle
0  1.220742 -18.347927 1.264961  0.375682 0.106618 0.920595  0.672852 0.824951 1 62 1.000000
0  1.140204 -18.179308 1.264961  0.000000 0.399955 0.916535  0.668945 0.823120 1 62 1.000000
0  1.275289 -18.555176 1.264961  0.364359 0.090145 0.926885  0.677734 0.826172 1 62 1.000000
MI_1P_DEagle
0  1.172085 -18.179308 1.264961  0.337763 0.411763 0.846385  0.668945 0.823730 1 62 1.000000
0  1.140204 -18.179308 1.264961  0.000000 0.399955 0.916535  0.668945 0.823120 1 62 1.000000
0  1.220742 -18.347927 1.264961  0.375682 0.106618 0.920595  0.672852 0.824951 1 62 1.000000
MI_1P_DEagle
0  1.141743 -21.791882 0.436190  0.010024 -0.475914 0.879435  0.327393 0.600342 1 62 1.000000
0  1.141854 -21.826433 0.385110  0.032719 -0.977801 0.206965  0.326416 0.601562 1 62 1.000000
0  1.366303 -21.785671 0.436992  0.052341 -0.462269 0.885194  0.323975 0.596680 1 62 1.000000
MI_1P_DEagle
0  1.377099 -21.818768 0.392831  0.127144 -0.962540 0.239481  0.322998 0.597412 1 62 1.000000
0  1.366303 -21.785671 0.436992  0.052341 -0.462269 0.885194  0.323975 0.596680 1 62 1.000000
0  1.141854 -21.826433 0.385110  0.032719 -0.977801 0.206965  0.326416 0.601562 1 62 1.000000
MI_1P_DEagle
0  1.377099 -21.818768 0.392831  0.127144 -0.962540 0.239481  0.322998 0.597412 1 62 1.000000
0  1.446860 -21.766602 0.436824  0.166836 -0.426687 0.888878  0.322266 0.594971 1 62 1.000000
0  1.366303 -21.785671 0.436992  0.052341 -0.462269 0.885194  0.323975 0.596680 1 62 1.000000
MI_1P_DEagle
0  1.446860 -21.766602 0.436824  0.166836 -0.426687 0.888878  0.322266 0.594971 1 62 1.000000
0  1.377099 -21.818768 0.392831  0.127144 -0.962540 0.239481  0.322998 0.597412 1 62 1.000000
0  1.469318 -21.796421 0.393615  0.369691 -0.891416 0.262120  0.321289 0.595947 1 62 1.000000
MI_1P_DEagle
0  1.469318 -21.796421 0.393615  0.369691 -0.891416 0.262120  0.321289 0.595947 1 62 1.000000
0  1.510453 -21.728445 0.436499  0.320210 -0.326554 0.889285  0.320312 0.593994 1 62 1.000000
0  1.446860 -21.766602 0.436824  0.166836 -0.426687 0.888878  0.322266 0.594971 1 62 1.000000
MI_1P_DEagle
0  1.377099 -21.818768 0.392831  0.127144 -0.962540 0.239481  0.322998 0.597412 1 62 1.000000
0  1.141854 -21.826433 0.385110  0.032719 -0.977801 0.206965  0.326416 0.601562 1 62 1.000000
0  1.387571 -21.789921 0.233354  0.237512 -0.823751 -0.514803  0.320557 0.600098 1 62 1.000000
MI_1P_DEagle
0  1.510453 -21.728445 0.436499  0.320210 -0.326554 0.889285  0.320312 0.593994 1 62 1.000000
0  1.469318 -21.796421 0.393615  0.369691 -0.891416 0.262120  0.321289 0.595947 1 62 1.000000
0  1.542861 -21.751558 0.392981  0.677440 -0.675420 0.291348  0.319580 0.594971 1 62 1.000000
MI_1P_DEagle
0  1.510453 -21.728445 0.436499  0.320210 -0.326554 0.889285  0.320312 0.593994 1 62 1.000000
0  1.542861 -21.751558 0.392981  0.677440 -0.675420 0.291348  0.319580 0.594971 1 62 1.000000
0  1.548609 -21.664850 0.436315  0.410592 -0.161257 0.897447  0.318115 0.593262 1 62 1.000000
MI_1P_DEagle
0  1.469318 -21.796421 0.393615  0.369691 -0.891416 0.262120  0.321289 0.595947 1 62 1.000000
0  1.377099 -21.818768 0.392831  0.127144 -0.962540 0.239481  0.322998 0.597412 1 62 1.000000
0  1.477461 -21.772350 0.261727  0.437256 -0.755574 -0.487765  0.319580 0.598389 1 62 1.000000
MI_1P_DEagle
0  1.387571 -21.789921 0.233354  0.237512 -0.823751 -0.514803  0.320557 0.600098 1 62 1.000000
0  1.477461 -21.772350 0.261727  0.437256 -0.755574 -0.487765  0.319580 0.598389 1 62 1.000000
0  1.377099 -21.818768 0.392831  0.127144 -0.962540 0.239481  0.322998 0.597412 1 62 1.000000
MI_1P_DEagle
0  1.542861 -21.751558 0.392981  0.677440 -0.675420 0.291348  0.319580 0.594971 1 62 1.000000
0  1.469318 -21.796421 0.393615  0.369691 -0.891416 0.262120  0.321289 0.595947 1 62 1.000000
0  1.546697 -21.731833 0.284931  0.704092 -0.565241 -0.429834  0.318359 0.597168 1 62 1.000000
MI_1P_DEagle
0  1.477461 -21.772350 0.261727  0.437256 -0.755574 -0.487765  0.319580 0.598389 1 62 1.000000
0  1.546697 -21.731833 0.284931  0.704092 -0.565241 -0.429834  0.318359 0.597168 1 62 1.000000
0  1.469318 -21.796421 0.393615  0.369691 -0.891416 0.262120  0.321289 0.595947 1 62 1.000000
MI_1P_DEagle
0  1.548609 -21.664850 0.436315  0.410592 -0.161257 0.897447  0.318115 0.593262 1 62 1.000000
0  1.542861 -21.751558 0.392981  0.677440 -0.675420 0.291348  0.319580 0.594971 1 62 1.000000
0  1.586876 -21.676479 0.391974  0.876933 -0.351308 0.327980  0.317871 0.594482 1 62 1.000000
MI_1P_DEagle
0  1.586876 -21.676479 0.391974  0.876933 -0.351308 0.327980  0.317871 0.594482 1 62 1.000000
0  1.542861 -21.751558 0.392981  0.677440 -0.675420 0.291348  0.319580 0.594971 1 62 1.000000
0  1.546697 -21.731833 0.284931  0.704092 -0.565241 -0.429834  0.318359 0.597168 1 62 1.000000
MI_1P_DEagle
0  1.586876 -21.676479 0.391974  0.876933 -0.351308 0.327980  0.317871 0.594482 1 62 1.000000
0  1.608813 -21.579023 0.391065  0.932390 -0.101885 0.346797  0.315674 0.594238 1 62 1.000000
0  1.548609 -21.664850 0.436315  0.410592 -0.161257 0.897447  0.318115 0.593262 1 62 1.000000
MI_1P_DEagle
0  1.567688 -21.578699 0.436237  0.428057 -0.047913 0.902481  0.315674 0.592773 1 62 1.000000
0  1.548609 -21.664850 0.436315  0.410592 -0.161257 0.897447  0.318115 0.593262 1 62 1.000000
0  1.608813 -21.579023 0.391065  0.932390 -0.101885 0.346797  0.315674 0.594238 1 62 1.000000
MI_1P_DEagle
0  1.608813 -21.579023 0.391065  0.932390 -0.101885 0.346797  0.315674 0.594238 1 62 1.000000
0  1.562882 -20.216171 0.436526  0.417671 0.038531 0.907781  0.285400 0.598877 1 62 1.000000
0  1.567688 -21.578699 0.436237  0.428057 -0.047913 0.902481  0.315674 0.592773 1 62 1.000000
MI_1P_DEagle
0  1.586876 -21.676479 0.391974  0.876933 -0.351308 0.327980  0.317871 0.594482 1 62 1.000000
0  1.546697 -21.731833 0.284931  0.704092 -0.565241 -0.429834  0.318359 0.597168 1 62 1.000000
0  1.590860 -21.656658 0.301957  0.884777 -0.284050 -0.369438  0.316895 0.596191 1 62 1.000000
MI_1P_DEagle
0  1.608813 -21.579023 0.391065  0.932390 -0.101885 0.346797  0.315674 0.594238 1 62 1.000000
0  1.586876 -21.676479 0.391974  0.876933 -0.351308 0.327980  0.317871 0.594482 1 62 1.000000
0  1.590860 -21.656658 0.301957  0.884777 -0.284050 -0.369438  0.316895 0.596191 1 62 1.000000
MI_1P_DEagle
0  1.477461 -21.772350 0.261727  0.437256 -0.755574 -0.487765  0.319580 0.598389 1 62 1.000000
0  1.460651 -21.728519 0.227607  0.386663 -0.257724 -0.885477  0.318604 0.599365 1 62 1.000000
0  1.546697 -21.731833 0.284931  0.704092 -0.565241 -0.429834  0.318359 0.597168 1 62 1.000000
MI_1P_DEagle
0  1.477461 -21.772350 0.261727  0.437256 -0.755574 -0.487765  0.319580 0.598389 1 62 1.000000
0  1.387571 -21.789921 0.233354  0.237512 -0.823751 -0.514803  0.320557 0.600098 1 62 1.000000
0  1.460651 -21.728519 0.227607  0.386663 -0.257724 -0.885477  0.318604 0.599365 1 62 1.000000
MI_1P_DEagle
0  1.546697 -21.731833 0.284931  0.704092 -0.565241 -0.429834  0.318359 0.597168 1 62 1.000000
0  1.518033 -21.694300 0.247112  0.482380 -0.187987 -0.855552  0.317627 0.598145 1 62 1.000000
0  1.590860 -21.656658 0.301957  0.884777 -0.284050 -0.369438  0.316895 0.596191 1 62 1.000000
MI_1P_DEagle
0  1.518033 -21.694300 0.247112  0.482380 -0.187987 -0.855552  0.317627 0.598145 1 62 1.000000
0  1.546697 -21.731833 0.284931  0.704092 -0.565241 -0.429834  0.318359 0.597168 1 62 1.000000
0  1.460651 -21.728519 0.227607  0.386663 -0.257724 -0.885477  0.318604 0.599365 1 62 1.000000
MI_1P_DEagle
0  1.518033 -21.694300 0.247112  0.482380 -0.187987 -0.855552  0.317627 0.598145 1 62 1.000000
0  1.557253 -21.630033 0.260474  0.556647 -0.095435 -0.825249  0.316406 0.597412 1 62 1.000000
0  1.590860 -21.656658 0.301957  0.884777 -0.284050 -0.369438  0.316895 0.596191 1 62 1.000000
MI_1P_DEagle
0  1.518033 -21.694300 0.247112  0.482380 -0.187987 -0.855552  0.317627 0.598145 1 62 1.000000
0  1.460651 -21.728519 0.227607  0.386663 -0.257724 -0.885477  0.318604 0.599365 1 62 1.000000
0  1.557253 -21.630033 0.260474  0.556647 -0.095435 -0.825249  0.316406 0.597412 1 62 1.000000
MI_1P_DEagle
0  1.609173 -21.563038 0.310357  0.937577 -0.070452 -0.340567  0.315186 0.595947 1 62 1.000000
0  1.608813 -21.579023 0.391065  0.932390 -0.101885 0.346797  0.315674 0.594238 1 62 1.000000
0  1.590860 -21.656658 0.301957  0.884777 -0.284050 -0.369438  0.316895 0.596191 1 62 1.000000
MI_1P_DEagle
0  1.557253 -21.630033 0.260474  0.556647 -0.095435 -0.825249  0.316406 0.597412 1 62 1.000000
0  1.609173 -21.563038 0.310357  0.937577 -0.070452 -0.340567  0.315186 0.595947 1 62 1.000000
0  1.590860 -21.656658 0.301957  0.884777 -0.284050 -0.369438  0.316895 0.596191 1 62 1.000000
MI_1P_DEagle
0  1.604133 -20.182707 0.389725  0.915999 0.123671 0.381642  0.284912 0.600342 1 62 1.000000
0  1.562882 -20.216171 0.436526  0.417671 0.038531 0.907781  0.285400 0.598877 1 62 1.000000
0  1.608813 -21.579023 0.391065  0.932390 -0.101885 0.346797  0.315674 0.594238 1 62 1.000000
MI_1P_DEagle
0  1.608813 -21.579023 0.391065  0.932390 -0.101885 0.346797  0.315674 0.594238 1 62 1.000000
0  1.609173 -21.563038 0.310357  0.937577 -0.070452 -0.340567  0.315186 0.595947 1 62 1.000000
0  1.604133 -20.182707 0.389725  0.915999 0.123671 0.381642  0.284912 0.600342 1 62 1.000000
MI_1P_DEagle
0  1.548098 -20.157486 0.436476  0.366889 0.157567 0.916823  0.283936 0.598877 1 62 1.000000
0  1.562882 -20.216171 0.436526  0.417671 0.038531 0.907781  0.285400 0.598877 1 62 1.000000
0  1.604133 -20.182707 0.389725  0.915999 0.123671 0.381642  0.284912 0.600342 1 62 1.000000
MI_1P_DEagle
0  1.460651 -21.728519 0.227607  0.386663 -0.257724 -0.885477  0.318604 0.599365 1 62 1.000000
0  1.383409 -21.743078 0.201375  0.328109 -0.282384 -0.901445  0.319580 0.600830 1 62 1.000000
0  1.557253 -21.630033 0.260474  0.556647 -0.095435 -0.825249  0.316406 0.597412 1 62 1.000000
MI_1P_DEagle
0  1.383409 -21.743078 0.201375  0.328109 -0.282384 -0.901445  0.319580 0.600830 1 62 1.000000
0  1.460651 -21.728519 0.227607  0.386663 -0.257724 -0.885477  0.318604 0.599365 1 62 1.000000
0  1.387571 -21.789921 0.233354  0.237512 -0.823751 -0.514803  0.320557 0.600098 1 62 1.000000
MI_1P_DEagle
0  1.586867 -20.118183 0.388624  0.818446 0.374780 0.435529  0.283691 0.600586 1 62 1.000000
0  1.548098 -20.157486 0.436476  0.366889 0.157567 0.916823  0.283936 0.598877 1 62 1.000000
0  1.604133 -20.182707 0.389725  0.915999 0.123671 0.381642  0.284912 0.600342 1 62 1.000000
MI_1P_DEagle
0  1.548098 -20.157486 0.436476  0.366889 0.157567 0.916823  0.283936 0.598877 1 62 1.000000
0  1.586867 -20.118183 0.388624  0.818446 0.374780 0.435529  0.283691 0.600586 1 62 1.000000
0  1.502515 -20.092636 0.436389  0.269584 0.268766 0.924711  0.282227 0.599121 1 62 1.000000
MI_1P_DEagle
0  1.604297 -20.162647 0.308811  0.942496 0.119403 -0.312160  0.284424 0.602051 1 62 1.000000
0  1.604133 -20.182707 0.389725  0.915999 0.123671 0.381642  0.284912 0.600342 1 62 1.000000
0  1.609173 -21.563038 0.310357  0.937577 -0.070452 -0.340567  0.315186 0.595947 1 62 1.000000
MI_1P_DEagle
0  1.604133 -20.182707 0.389725  0.915999 0.123671 0.381642  0.284912 0.600342 1 62 1.000000
0  1.604297 -20.162647 0.308811  0.942496 0.119403 -0.312160  0.284424 0.602051 1 62 1.000000
0  1.586867 -20.118183 0.388624  0.818446 0.374780 0.435529  0.283691 0.600586 1 62 1.000000
MI_1P_DEagle
0  1.609173 -21.563038 0.310357  0.937577 -0.070452 -0.340567  0.315186 0.595947 1 62 1.000000
0  1.557253 -21.630033 0.260474  0.556647 -0.095435 -0.825249  0.316406 0.597412 1 62 1.000000
0  1.570664 -21.547321 0.265089  0.569057 -0.019300 -0.822071  0.314697 0.597412 1 62 1.000000
MI_1P_DEagle
0  1.570664 -21.547321 0.265089  0.569057 -0.019300 -0.822071  0.314697 0.597412 1 62 1.000000
0  1.604297 -20.162647 0.308811  0.942496 0.119403 -0.312160  0.284424 0.602051 1 62 1.000000
0  1.609173 -21.563038 0.310357  0.937577 -0.070452 -0.340567  0.315186 0.595947 1 62 1.000000
MI_1P_DEagle
0  1.542533 -20.052513 0.387501  0.635602 0.605187 0.479331  0.282227 0.600830 1 62 1.000000
0  1.502515 -20.092636 0.436389  0.269584 0.268766 0.924711  0.282227 0.599121 1 62 1.000000
0  1.586867 -20.118183 0.388624  0.818446 0.374780 0.435529  0.283691 0.600586 1 62 1.000000
MI_1P_DEagle
0  1.587523 -20.096889 0.302598  0.887523 0.367934 -0.277357  0.283203 0.602295 1 62 1.000000
0  1.586867 -20.118183 0.388624  0.818446 0.374780 0.435529  0.283691 0.600586 1 62 1.000000
0  1.604297 -20.162647 0.308811  0.942496 0.119403 -0.312160  0.284424 0.602051 1 62 1.000000
MI_1P_DEagle
0  1.542533 -20.052513 0.387501  0.635602 0.605187 0.479331  0.282227 0.600830 1 62 1.000000
0  1.586867 -20.118183 0.388624  0.818446 0.374780 0.435529  0.283691 0.600586 1 62 1.000000
0  1.587523 -20.096889 0.302598  0.887523 0.367934 -0.277357  0.283203 0.602295 1 62 1.000000
MI_1P_DEagle
0  1.502515 -20.092636 0.436389  0.269584 0.268766 0.924711  0.282227 0.599121 1 62 1.000000
0  1.542533 -20.052513 0.387501  0.635602 0.605187 0.479331  0.282227 0.600830 1 62 1.000000
0  1.462519 -19.993151 0.385481  0.701149 0.473396 0.533185  0.280029 0.600830 1 62 1.000000
MI_1P_DEagle
0  1.462519 -19.993151 0.385481  0.701149 0.473396 0.533185  0.280029 0.600830 1 62 1.000000
0  1.411155 -20.027199 0.436215  0.223636 0.122909 0.966892  0.280273 0.599121 1 62 1.000000
0  1.502515 -20.092636 0.436389  0.269584 0.268766 0.924711  0.282227 0.599121 1 62 1.000000
MI_1P_DEagle
0  1.544383 -20.030434 0.295244  0.735273 0.644587 -0.209479  0.281738 0.602783 1 62 1.000000
0  1.542533 -20.052513 0.387501  0.635602 0.605187 0.479331  0.282227 0.600830 1 62 1.000000
0  1.587523 -20.096889 0.302598  0.887523 0.367934 -0.277357  0.283203 0.602295 1 62 1.000000
MI_1P_DEagle
0  1.462519 -19.993151 0.385481  0.701149 0.473396 0.533185  0.280029 0.600830 1 62 1.000000
0  1.542533 -20.052513 0.387501  0.635602 0.605187 0.479331  0.282227 0.600830 1 62 1.000000
0  1.544383 -20.030434 0.295244  0.735273 0.644587 -0.209479  0.281738 0.602783 1 62 1.000000
MI_1P_DEagle
0  1.455346 -19.957260 0.385240  0.914774 0.070410 0.397782  0.279297 0.601074 1 62 1.000000
0  1.411155 -20.027199 0.436215  0.223636 0.122909 0.966892  0.280273 0.599121 1 62 1.000000
0  1.462519 -19.993151 0.385481  0.701149 0.473396 0.533185  0.280029 0.600830 1 62 1.000000
MI_1P_DEagle
0  1.455346 -19.957260 0.385240  0.914774 0.070410 0.397782  0.279297 0.601074 1 62 1.000000
0  1.413715 -19.573103 0.436685  0.379781 -0.009548 0.925027  0.270752 0.600098 1 62 1.000000
0  1.411155 -20.027199 0.436215  0.223636 0.122909 0.966892  0.280273 0.599121 1 62 1.000000
MI_1P_DEagle
0  1.464683 -19.967981 0.281707  0.905443 0.413457 -0.096058  0.279785 0.603516 1 62 1.000000
0  1.462519 -19.993151 0.385481  0.701149 0.473396 0.533185  0.280029 0.600830 1 62 1.000000
0  1.544383 -20.030434 0.295244  0.735273 0.644587 -0.209479  0.281738 0.602783 1 62 1.000000
MI_1P_DEagle
0  1.455346 -19.957260 0.385240  0.914774 0.070410 0.397782  0.279297 0.601074 1 62 1.000000
0  1.462519 -19.993151 0.385481  0.701149 0.473396 0.533185  0.280029 0.600830 1 62 1.000000
0  1.464683 -19.967981 0.281707  0.905443 0.413457 -0.096058  0.279785 0.603516 1 62 1.000000
MI_1P_DEagle
0  1.466184 -19.568924 0.386502  0.917280 -0.015152 0.397954  0.270752 0.601074 1 62 1.000000
0  1.413715 -19.573103 0.436685  0.379781 -0.009548 0.925027  0.270752 0.600098 1 62 1.000000
0  1.455346 -19.957260 0.385240  0.914774 0.070410 0.397782  0.279297 0.601074 1 62 1.000000
MI_1P_DEagle
0  1.466184 -19.568924 0.386502  0.917280 -0.015152 0.397954  0.270752 0.601074 1 62 1.000000
0  1.412531 -19.373657 0.439345  0.369882 -0.044479 0.928014  0.266113 0.600098 1 62 1.000000
0  1.413715 -19.573103 0.436685  0.379781 -0.009548 0.925027  0.270752 0.600098 1 62 1.000000
MI_1P_DEagle
0  1.455346 -19.957260 0.385240  0.914774 0.070410 0.397782  0.279297 0.601074 1 62 1.000000
0  1.464683 -19.967981 0.281707  0.905443 0.413457 -0.096058  0.279785 0.603516 1 62 1.000000
0  1.457808 -19.930080 0.271426  0.999141 0.040694 -0.007811  0.278809 0.603760 1 62 1.000000
MI_1P_DEagle
0  1.457808 -19.930080 0.271426  0.999141 0.040694 -0.007811  0.278809 0.603760 1 62 1.000000
0  1.466184 -19.568924 0.386502  0.917280 -0.015152 0.397954  0.270752 0.601074 1 62 1.000000
0  1.455346 -19.957260 0.385240  0.914774 0.070410 0.397782  0.279297 0.601074 1 62 1.000000
MI_1P_DEagle
0  1.412531 -19.373657 0.439345  0.369882 -0.044479 0.928014  0.266113 0.600098 1 62 1.000000
0  1.466184 -19.568924 0.386502  0.917280 -0.015152 0.397954  0.270752 0.601074 1 62 1.000000
0  1.465365 -19.361778 0.390901  0.918165 -0.014369 0.395938  0.265869 0.601074 1 62 1.000000
MI_1P_DEagle
0  1.412531 -19.373657 0.439345  0.369882 -0.044479 0.928014  0.266113 0.600098 1 62 1.000000
0  1.465365 -19.361778 0.390901  0.918165 -0.014369 0.395938  0.265869 0.601074 1 62 1.000000
0  1.410921 -19.267929 0.448866  0.376831 -0.204061 0.903525  0.263672 0.599854 1 62 1.000000
MI_1P_DEagle
0  1.468290 -19.548141 0.277432  0.999818 -0.009949 0.016302  0.270264 0.603760 1 62 1.000000
0  1.466184 -19.568924 0.386502  0.917280 -0.015152 0.397954  0.270752 0.601074 1 62 1.000000
0  1.457808 -19.930080 0.271426  0.999141 0.040694 -0.007811  0.278809 0.603760 1 62 1.000000
MI_1P_DEagle
0  1.468290 -19.548141 0.277432  0.999818 -0.009949 0.016302  0.270264 0.603760 1 62 1.000000
0  1.465365 -19.361778 0.390901  0.918165 -0.014369 0.395938  0.265869 0.601074 1 62 1.000000
0  1.466184 -19.568924 0.386502  0.917280 -0.015152 0.397954  0.270752 0.601074 1 62 1.000000
MI_1P_DEagle
0  1.463465 -19.252628 0.402998  0.925302 -0.071850 0.372362  0.263428 0.600830 1 62 1.000000
0  1.410921 -19.267929 0.448866  0.376831 -0.204061 0.903525  0.263672 0.599854 1 62 1.000000
0  1.465365 -19.361778 0.390901  0.918165 -0.014369 0.395938  0.265869 0.601074 1 62 1.000000
MI_1P_DEagle
0  1.410921 -19.267929 0.448866  0.376831 -0.204061 0.903525  0.263672 0.599854 1 62 1.000000
0  1.463465 -19.252628 0.402998  0.925302 -0.071850 0.372362  0.263428 0.600830 1 62 1.000000
0  1.408673 -19.193373 0.477978  0.376399 -0.556700 0.740547  0.261963 0.599121 1 62 1.000000
MI_1P_DEagle
0  1.465365 -19.361778 0.390901  0.918165 -0.014369 0.395938  0.265869 0.601074 1 62 1.000000
0  1.463524 -19.145359 0.285115  0.997766 0.059869 0.029644  0.260986 0.603760 1 62 1.000000
0  1.463465 -19.252628 0.402998  0.925302 -0.071850 0.372362  0.263428 0.600830 1 62 1.000000
MI_1P_DEagle
0  1.468290 -19.548141 0.277432  0.999818 -0.009949 0.016302  0.270264 0.603760 1 62 1.000000
0  1.463524 -19.145359 0.285115  0.997766 0.059869 0.029644  0.260986 0.603760 1 62 1.000000
0  1.465365 -19.361778 0.390901  0.918165 -0.014369 0.395938  0.265869 0.601074 1 62 1.000000
MI_1P_DEagle
0  1.460652 -19.177290 0.434431  0.937435 -0.149466 0.314445  0.261719 0.600098 1 62 1.000000
0  1.408673 -19.193373 0.477978  0.376399 -0.556700 0.740547  0.261963 0.599121 1 62 1.000000
0  1.463465 -19.252628 0.402998  0.925302 -0.071850 0.372362  0.263428 0.600830 1 62 1.000000
MI_1P_DEagle
0  1.460652 -19.177290 0.434431  0.937435 -0.149466 0.314445  0.261719 0.600098 1 62 1.000000
0  1.463465 -19.252628 0.402998  0.925302 -0.071850 0.372362  0.263428 0.600830 1 62 1.000000
0  1.463524 -19.145359 0.285115  0.997766 0.059869 0.029644  0.260986 0.603760 1 62 1.000000
MI_1P_DEagle
0  1.408673 -19.193373 0.477978  0.376399 -0.556700 0.740547  0.261963 0.599121 1 62 1.000000
0  1.460652 -19.177290 0.434431  0.937435 -0.149466 0.314445  0.261719 0.600098 1 62 1.000000
0  1.455430 -19.117168 0.508591  0.943661 -0.265291 0.197801  0.260254 0.598145 1 62 1.000000
MI_1P_DEagle
0  1.408673 -19.193373 0.477978  0.376399 -0.556700 0.740547  0.261963 0.599121 1 62 1.000000
0  1.455430 -19.117168 0.508591  0.943661 -0.265291 0.197801  0.260254 0.598145 1 62 1.000000
0  1.406047 -19.150604 0.534571  0.369557 -0.840520 0.396174  0.260742 0.597656 1 62 1.000000
MI_1P_DEagle
0  1.460652 -19.177290 0.434431  0.937435 -0.149466 0.314445  0.261719 0.600098 1 62 1.000000
0  1.463524 -19.145359 0.285115  0.997766 0.059869 0.029644  0.260986 0.603760 1 62 1.000000
0  1.443802 -19.002457 0.404876  0.995012 0.095702 0.028151  0.257568 0.600586 1 62 1.000000
MI_1P_DEagle
0  1.455430 -19.117168 0.508591  0.943661 -0.265291 0.197801  0.260254 0.598145 1 62 1.000000
0  1.460652 -19.177290 0.434431  0.937435 -0.149466 0.314445  0.261719 0.600098 1 62 1.000000
0  1.443802 -19.002457 0.404876  0.995012 0.095702 0.028151  0.257568 0.600586 1 62 1.000000
MI_1P_DEagle
0  1.406047 -19.150604 0.534571  0.369557 -0.840520 0.396174  0.260742 0.597656 1 62 1.000000
0  1.455430 -19.117168 0.508591  0.943661 -0.265291 0.197801  0.260254 0.598145 1 62 1.000000
0  1.447730 -19.080000 0.649607  0.951827 -0.295879 0.080499  0.259277 0.594971 1 62 1.000000
MI_1P_DEagle
0  1.447730 -19.080000 0.649607  0.951827 -0.295879 0.080499  0.259277 0.594971 1 62 1.000000
0  1.400908 -19.126911 0.657695  0.395494 -0.911739 0.110981  0.260254 0.594971 1 62 1.000000
0  1.406047 -19.150604 0.534571  0.369557 -0.840520 0.396174  0.260742 0.597656 1 62 1.000000
MI_1P_DEagle
0  1.443802 -19.002457 0.404876  0.995012 0.095702 0.028151  0.257568 0.600586 1 62 1.000000
0  1.432945 -18.950228 0.628606  0.992028 0.120236 0.037740  0.256348 0.595459 1 62 1.000000
0  1.455430 -19.117168 0.508591  0.943661 -0.265291 0.197801  0.260254 0.598145 1 62 1.000000
MI_1P_DEagle
0  1.447730 -19.080000 0.649607  0.951827 -0.295879 0.080499  0.259277 0.594971 1 62 1.000000
0  1.455430 -19.117168 0.508591  0.943661 -0.265291 0.197801  0.260254 0.598145 1 62 1.000000
0  1.432945 -18.950228 0.628606  0.992028 0.120236 0.037740  0.256348 0.595459 1 62 1.000000
MI_1P_DEagle
0  1.447730 -19.080000 0.649607  0.951827 -0.295879 0.080499  0.259277 0.594971 1 62 1.000000
0  1.429785 -19.071051 1.065267  0.952852 -0.300091 0.044926  0.259033 0.585449 1 62 1.000000
0  1.400908 -19.126911 0.657695  0.395494 -0.911739 0.110981  0.260254 0.594971 1 62 1.000000
MI_1P_DEagle
0  1.429785 -19.071051 1.065267  0.952852 -0.300091 0.044926  0.259033 0.585449 1 62 1.000000
0  1.383683 -19.121332 1.065267  0.402282 -0.915039 0.029535  0.260010 0.585449 1 62 1.000000
0  1.400908 -19.126911 0.657695  0.395494 -0.911739 0.110981  0.260254 0.594971 1 62 1.000000
MI_1P_DEagle
0  1.383683 -19.121332 1.065267  0.402282 -0.915039 0.029535  0.260010 0.585449 1 62 1.000000
0  1.429785 -19.071051 1.065267  0.952852 -0.300091 0.044926  0.259033 0.585449 1 62 1.000000
0  1.377352 -19.119280 1.215078  0.361540 -0.856160 0.369160  0.260010 0.582031 1 62 1.000000
MI_1P_DEagle
0  1.429785 -19.071051 1.065267  0.952852 -0.300091 0.044926  0.259033 0.585449 1 62 1.000000
0  1.447730 -19.080000 0.649607  0.951827 -0.295879 0.080499  0.259277 0.594971 1 62 1.000000
0  1.412760 -18.942753 1.065267  0.990405 0.131565 0.042301  0.256104 0.585449 1 62 1.000000
MI_1P_DEagle
0  1.432945 -18.950228 0.628606  0.992028 0.120236 0.037740  0.256348 0.595459 1 62 1.000000
0  1.412760 -18.942753 1.065267  0.990405 0.131565 0.042301  0.256104 0.585449 1 62 1.000000
0  1.447730 -19.080000 0.649607  0.951827 -0.295879 0.080499  0.259277 0.594971 1 62 1.000000
MI_1P_DEagle
0  1.423318 -19.067825 1.215078  0.888385 -0.255097 0.381703  0.259033 0.582031 1 62 1.000000
0  1.377352 -19.119280 1.215078  0.361540 -0.856160 0.369160  0.260010 0.582031 1 62 1.000000
0  1.429785 -19.071051 1.065267  0.952852 -0.300091 0.044926  0.259033 0.585449 1 62 1.000000
MI_1P_DEagle
0  1.429785 -19.071051 1.065267  0.952852 -0.300091 0.044926  0.259033 0.585449 1 62 1.000000
0  1.412760 -18.942753 1.065267  0.990405 0.131565 0.042301  0.256104 0.585449 1 62 1.000000
0  1.423318 -19.067825 1.215078  0.888385 -0.255097 0.381703  0.259033 0.582031 1 62 1.000000
MI_1P_DEagle
0  1.369483 -19.067846 1.264961  0.338619 -0.303992 0.890464  0.258789 0.580811 1 62 1.000000
0  1.377352 -19.119280 1.215078  0.361540 -0.856160 0.369160  0.260010 0.582031 1 62 1.000000
0  1.423318 -19.067825 1.215078  0.888385 -0.255097 0.381703  0.259033 0.582031 1 62 1.000000
MI_1P_DEagle
0  1.405900 -18.939528 1.215078  0.900675 0.122120 0.416979  0.255859 0.582031 1 62 1.000000
0  1.369483 -19.067846 1.264961  0.338619 -0.303992 0.890464  0.258789 0.580811 1 62 1.000000
0  1.423318 -19.067825 1.215078  0.888385 -0.255097 0.381703  0.259033 0.582031 1 62 1.000000
MI_1P_DEagle
0  1.405900 -18.939528 1.215078  0.900675 0.122120 0.416979  0.255859 0.582031 1 62 1.000000
0  1.423318 -19.067825 1.215078  0.888385 -0.255097 0.381703  0.259033 0.582031 1 62 1.000000
0  1.412760 -18.942753 1.065267  0.990405 0.131565 0.042301  0.256104 0.585449 1 62 1.000000
MI_1P_DEagle
0  1.405900 -18.939528 1.215078  0.900675 0.122120 0.416979  0.255859 0.582031 1 62 1.000000
0  1.352221 -18.939548 1.264961  0.364589 0.049216 0.929867  0.255859 0.580811 1 62 1.000000
0  1.369483 -19.067846 1.264961  0.338619 -0.303992 0.890464  0.258789 0.580811 1 62 1.000000
MI_1P_DEagle
0  1.405900 -18.939528 1.215078  0.900675 0.122120 0.416979  0.255859 0.582031 1 62 1.000000
0  1.388036 -18.807949 1.215078  0.894368 0.161068 0.417329  0.252930 0.582031 1 62 1.000000
0  1.352221 -18.939548 1.264961  0.364589 0.049216 0.929867  0.255859 0.580811 1 62 1.000000
MI_1P_DEagle
0  1.412760 -18.942753 1.065267  0.990405 0.131565 0.042301  0.256104 0.585449 1 62 1.000000
0  1.388036 -18.807949 1.215078  0.894368 0.161068 0.417329  0.252930 0.582031 1 62 1.000000
0  1.405900 -18.939528 1.215078  0.900675 0.122120 0.416979  0.255859 0.582031 1 62 1.000000
MI_1P_DEagle
0  1.336264 -18.820950 1.264961  0.370783 0.066770 0.926316  0.252930 0.580811 1 62 1.000000
0  1.352221 -18.939548 1.264961  0.364589 0.049216 0.929867  0.255859 0.580811 1 62 1.000000
0  1.388036 -18.807949 1.215078  0.894368 0.161068 0.417329  0.252930 0.582031 1 62 1.000000
MI_1P_DEagle
0  1.388036 -18.807949 1.215078  0.894368 0.161068 0.417329  0.252930 0.582031 1 62 1.000000
0  1.275289 -18.555176 1.264961  0.364359 0.090145 0.926885  0.246704 0.580811 1 62 1.000000
0  1.336264 -18.820950 1.264961  0.370783 0.066770 0.926316  0.252930 0.580811 1 62 1.000000
MI_1P_DEagle
0  1.388036 -18.807949 1.215078  0.894368 0.161068 0.417329  0.252930 0.582031 1 62 1.000000
0  1.412760 -18.942753 1.065267  0.990405 0.131565 0.042301  0.256104 0.585449 1 62 1.000000
0  1.390778 -18.777102 1.065267  0.982233 0.179473 0.054847  0.252197 0.585449 1 62 1.000000
MI_1P_DEagle
0  1.412760 -18.942753 1.065267  0.990405 0.131565 0.042301  0.256104 0.585449 1 62 1.000000
0  1.432945 -18.950228 0.628606  0.992028 0.120236 0.037740  0.256348 0.595459 1 62 1.000000
0  1.390778 -18.777102 1.065267  0.982233 0.179473 0.054847  0.252197 0.585449 1 62 1.000000
MI_1P_DEagle
0  1.275289 -18.555176 1.264961  0.364359 0.090145 0.926885  0.246704 0.580811 1 62 1.000000
0  1.388036 -18.807949 1.215078  0.894368 0.161068 0.417329  0.252930 0.582031 1 62 1.000000
0  1.323787 -18.534264 1.215078  0.879198 0.223359 0.420858  0.246338 0.582031 1 62 1.000000
MI_1P_DEagle
0  1.390778 -18.777102 1.065267  0.982233 0.179473 0.054847  0.252197 0.585449 1 62 1.000000
0  1.323787 -18.534264 1.215078  0.879198 0.223359 0.420858  0.246338 0.582031 1 62 1.000000
0  1.388036 -18.807949 1.215078  0.894368 0.161068 0.417329  0.252930 0.582031 1 62 1.000000
MI_1P_DEagle
0  1.275289 -18.555176 1.264961  0.364359 0.090145 0.926885  0.246704 0.580811 1 62 1.000000
0  1.323787 -18.534264 1.215078  0.879198 0.223359 0.420858  0.246338 0.582031 1 62 1.000000
0  1.220742 -18.347927 1.264961  0.375682 0.106618 0.920595  0.241821 0.580811 1 62 1.000000
MI_1P_DEagle
0  1.390778 -18.777102 1.065267  0.982233 0.179473 0.054847  0.252197 0.585449 1 62 1.000000
0  1.432945 -18.950228 0.628606  0.992028 0.120236 0.037740  0.256348 0.595459 1 62 1.000000
0  1.448588 -18.126867 -2.092619  0.984124 0.168544 0.055615  0.237183 0.658691 1 62 1.000000
MI_1P_DEagle
0  1.432945 -18.950228 0.628606  0.992028 0.120236 0.037740  0.256348 0.595459 1 62 1.000000
0  1.443802 -19.002457 0.404876  0.995012 0.095702 0.028151  0.257568 0.600586 1 62 1.000000
0  1.448588 -18.126867 -2.092619  0.984124 0.168544 0.055615  0.237183 0.658691 1 62 1.000000
MI_1P_DEagle
0  1.443802 -19.002457 0.404876  0.995012 0.095702 0.028151  0.257568 0.600586 1 62 1.000000
0  1.463524 -19.145359 0.285115  0.997766 0.059869 0.029644  0.260986 0.603760 1 62 1.000000
0  1.448588 -18.126867 -2.092619  0.984124 0.168544 0.055615  0.237183 0.658691 1 62 1.000000
MI_1P_DEagle
0  1.265925 -18.330130 1.215078  0.873957 0.273547 0.401710  0.241455 0.582031 1 62 1.000000
0  1.220742 -18.347927 1.264961  0.375682 0.106618 0.920595  0.241821 0.580811 1 62 1.000000
0  1.323787 -18.534264 1.215078  0.879198 0.223359 0.420858  0.246338 0.582031 1 62 1.000000
MI_1P_DEagle
0  1.220742 -18.347927 1.264961  0.375682 0.106618 0.920595  0.241821 0.580811 1 62 1.000000
0  1.265925 -18.330130 1.215078  0.873957 0.273547 0.401710  0.241455 0.582031 1 62 1.000000
0  1.172085 -18.179308 1.264961  0.337763 0.411763 0.846385  0.237671 0.580811 1 62 1.000000
MI_1P_DEagle
0  1.323787 -18.534264 1.215078  0.879198 0.223359 0.420858  0.246338 0.582031 1 62 1.000000
0  1.390778 -18.777102 1.065267  0.982233 0.179473 0.054847  0.252197 0.585449 1 62 1.000000
0  1.325620 -18.499020 1.065267  0.965434 0.251122 0.069824  0.245605 0.585449 1 62 1.000000
MI_1P_DEagle
0  1.325620 -18.499020 1.065267  0.965434 0.251122 0.069824  0.245605 0.585449 1 62 1.000000
0  1.265925 -18.330130 1.215078  0.873957 0.273547 0.401710  0.241455 0.582031 1 62 1.000000
0  1.323787 -18.534264 1.215078  0.879198 0.223359 0.420858  0.246338 0.582031 1 62 1.000000
MI_1P_DEagle
0  1.390778 -18.777102 1.065267  0.982233 0.179473 0.054847  0.252197 0.585449 1 62 1.000000
0  1.362353 -17.792877 -1.936463  0.962121 0.261830 0.075948  0.229248 0.655029 1 62 1.000000
0  1.325620 -18.499020 1.065267  0.965434 0.251122 0.069824  0.245605 0.585449 1 62 1.000000
MI_1P_DEagle
0  1.362353 -17.792877 -1.936463  0.962121 0.261830 0.075948  0.229248 0.655029 1 62 1.000000
0  1.390778 -18.777102 1.065267  0.982233 0.179473 0.054847  0.252197 0.585449 1 62 1.000000
0  1.448588 -18.126867 -2.092619  0.984124 0.168544 0.055615  0.237183 0.658691 1 62 1.000000
MI_1P_DEagle
0  1.265925 -18.330130 1.215078  0.873957 0.273547 0.401710  0.241455 0.582031 1 62 1.000000
0  1.325620 -18.499020 1.065267  0.965434 0.251122 0.069824  0.245605 0.585449 1 62 1.000000
0  1.266149 -18.291132 1.065267  0.945090 0.316318 0.082143  0.240601 0.585449 1 62 1.000000
MI_1P_DEagle
0  1.204056 -18.167307 1.215078  0.776371 0.528712 0.343092  0.237549 0.582031 1 62 1.000000
0  1.172085 -18.179308 1.264961  0.337763 0.411763 0.846385  0.237671 0.580811 1 62 1.000000
0  1.265925 -18.330130 1.215078  0.873957 0.273547 0.401710  0.241455 0.582031 1 62 1.000000
MI_1P_DEagle
0  1.204056 -18.167307 1.215078  0.776371 0.528712 0.343092  0.237549 0.582031 1 62 1.000000
0  1.265925 -18.330130 1.215078  0.873957 0.273547 0.401710  0.241455 0.582031 1 62 1.000000
0  1.266149 -18.291132 1.065267  0.945090 0.316318 0.082143  0.240601 0.585449 1 62 1.000000
MI_1P_DEagle
0  1.161970 -18.133009 1.215078  0.289753 0.856709 0.426723  0.236572 0.582031 1 62 1.000000
0  1.172085 -18.179308 1.264961  0.337763 0.411763 0.846385  0.237671 0.580811 1 62 1.000000
0  1.204056 -18.167307 1.215078  0.776371 0.528712 0.343092  0.237549 0.582031 1 62 1.000000
MI_1P_DEagle
0  1.172085 -18.179308 1.264961  0.337763 0.411763 0.846385  0.237671 0.580811 1 62 1.000000
0  1.161970 -18.133009 1.215078  0.289753 0.856709 0.426723  0.236572 0.582031 1 62 1.000000
0  1.140204 -18.179308 1.264961  0.000000 0.399955 0.916535  0.237427 0.580811 1 62 1.000000
MI_1P_DEagle
0  1.140219 -18.133009 1.215078  0.000000 0.880476 0.474091  0.236450 0.582031 1 62 1.000000
0  1.140204 -18.179308 1.264961  0.000000 0.399955 0.916535  0.237427 0.580811 1 62 1.000000
0  1.161970 -18.133009 1.215078  0.289753 0.856709 0.426723  0.236572 0.582031 1 62 1.000000
MI_1P_DEagle
0  1.140219 -18.133009 1.215078  0.000000 0.880476 0.474091  0.236450 0.582031 1 62 1.000000
0  1.161970 -18.133009 1.215078  0.289753 0.856709 0.426723  0.236572 0.582031 1 62 1.000000
0  1.140498 -18.096455 1.065267  -0.000510 0.971485 0.237099  0.235474 0.585449 1 62 1.000000
MI_1P_DEagle
0  1.161970 -18.133009 1.215078  0.289753 0.856709 0.426723  0.236572 0.582031 1 62 1.000000
0  1.204056 -18.167307 1.215078  0.776371 0.528712 0.343092  0.237549 0.582031 1 62 1.000000
0  1.162276 -18.096443 1.065267  0.328702 0.917362 0.224503  0.235718 0.585449 1 62 1.000000
MI_1P_DEagle
0  1.162276 -18.096443 1.065267  0.328702 0.917362 0.224503  0.235718 0.585449 1 62 1.000000
0  1.140498 -18.096455 1.065267  -0.000510 0.971485 0.237099  0.235474 0.585449 1 62 1.000000
0  1.161970 -18.133009 1.215078  0.289753 0.856709 0.426723  0.236572 0.582031 1 62 1.000000
MI_1P_DEagle
0  1.204522 -18.130941 1.065267  0.802757 0.578884 0.143091  0.236694 0.585449 1 62 1.000000
0  1.162276 -18.096443 1.065267  0.328702 0.917362 0.224503  0.235718 0.585449 1 62 1.000000
0  1.204056 -18.167307 1.215078  0.776371 0.528712 0.343092  0.237549 0.582031 1 62 1.000000
MI_1P_DEagle
0  1.204522 -18.130941 1.065267  0.802757 0.578884 0.143091  0.236694 0.585449 1 62 1.000000
0  1.204056 -18.167307 1.215078  0.776371 0.528712 0.343092  0.237549 0.582031 1 62 1.000000
0  1.266149 -18.291132 1.065267  0.945090 0.316318 0.082143  0.240601 0.585449 1 62 1.000000
MI_1P_DEagle
0  1.162276 -18.096443 1.065267  0.328702 0.917362 0.224503  0.235718 0.585449 1 62 1.000000
0  1.167121 -17.518209 -1.303792  0.341687 0.900127 0.270226  0.222290 0.640625 1 62 1.000000
0  1.140498 -18.096455 1.065267  -0.000510 0.971485 0.237099  0.235474 0.585449 1 62 1.000000
MI_1P_DEagle
0  1.204522 -18.130941 1.065267  0.802757 0.578884 0.143091  0.236694 0.585449 1 62 1.000000
0  1.167121 -17.518209 -1.303792  0.341687 0.900127 0.270226  0.222290 0.640625 1 62 1.000000
0  1.162276 -18.096443 1.065267  0.328702 0.917362 0.224503  0.235718 0.585449 1 62 1.000000
MI_1P_DEagle
0  1.144917 -17.518198 -1.304641  -0.012251 0.953842 0.300058  0.222046 0.640625 1 62 1.000000
0  1.140498 -18.096455 1.065267  -0.000510 0.971485 0.237099  0.235474 0.585449 1 62 1.000000
0  1.167121 -17.518209 -1.303792  0.341687 0.900127 0.270226  0.222290 0.640625 1 62 1.000000
MI_1P_DEagle
0  1.204522 -18.130941 1.065267  0.802757 0.578884 0.143091  0.236694 0.585449 1 62 1.000000
0  1.266149 -18.291132 1.065267  0.945090 0.316318 0.082143  0.240601 0.585449 1 62 1.000000
0  1.211936 -17.552082 -1.319416  0.787617 0.592443 0.169322  0.223267 0.641113 1 62 1.000000
MI_1P_DEagle
0  1.167121 -17.518209 -1.303792  0.341687 0.900127 0.270226  0.222290 0.640625 1 62 1.000000
0  1.204522 -18.130941 1.065267  0.802757 0.578884 0.143091  0.236694 0.585449 1 62 1.000000
0  1.211936 -17.552082 -1.319416  0.787617 0.592443 0.169322  0.223267 0.641113 1 62 1.000000
MI_1P_DEagle
0  1.144917 -17.518198 -1.304641  -0.012251 0.953842 0.300058  0.222046 0.640625 1 62 1.000000
0  1.167121 -17.518209 -1.303792  0.341687 0.900127 0.270226  0.222290 0.640625 1 62 1.000000
0  1.162770 -17.485905 -1.388266  0.351336 0.806567 0.475407  0.221558 0.642578 1 62 1.000000
MI_1P_DEagle
0  1.167121 -17.518209 -1.303792  0.341687 0.900127 0.270226  0.222290 0.640625 1 62 1.000000
0  1.211936 -17.552082 -1.319416  0.787617 0.592443 0.169322  0.223267 0.641113 1 62 1.000000
0  1.162770 -17.485905 -1.388266  0.351336 0.806567 0.475407  0.221558 0.642578 1 62 1.000000
MI_1P_DEagle
0  1.140319 -17.486277 -1.389149  -0.039160 0.816154 0.576507  0.221313 0.642578 1 62 1.000000
0  1.144917 -17.518198 -1.304641  -0.012251 0.953842 0.300058  0.222046 0.640625 1 62 1.000000
0  1.162770 -17.485905 -1.388266  0.351336 0.806567 0.475407  0.221558 0.642578 1 62 1.000000
MI_1P_DEagle
0  1.211936 -17.552082 -1.319416  0.787617 0.592443 0.169322  0.223267 0.641113 1 62 1.000000
0  1.266149 -18.291132 1.065267  0.945090 0.316318 0.082143  0.240601 0.585449 1 62 1.000000
0  1.270337 -17.561443 -1.737819  0.912095 0.397882 0.098860  0.223633 0.650635 1 62 1.000000
MI_1P_DEagle
0  1.266149 -18.291132 1.065267  0.945090 0.316318 0.082143  0.240601 0.585449 1 62 1.000000
0  1.325620 -18.499020 1.065267  0.965434 0.251122 0.069824  0.245605 0.585449 1 62 1.000000
0  1.270337 -17.561443 -1.737819  0.912095 0.397882 0.098860  0.223633 0.650635 1 62 1.000000
MI_1P_DEagle
0  1.362353 -17.792877 -1.936463  0.962121 0.261830 0.075948  0.229248 0.655029 1 62 1.000000
0  1.270337 -17.561443 -1.737819  0.912095 0.397882 0.098860  0.223633 0.650635 1 62 1.000000
0  1.325620 -18.499020 1.065267  0.965434 0.251122 0.069824  0.245605 0.585449 1 62 1.000000
MI_1P_DEagle
0  1.162770 -17.485905 -1.388266  0.351336 0.806567 0.475407  0.221558 0.642578 1 62 1.000000
0  1.211936 -17.552082 -1.319416  0.787617 0.592443 0.169322  0.223267 0.641113 1 62 1.000000
0  1.206774 -17.515017 -1.408312  0.808653 0.538937 0.235857  0.222412 0.643066 1 62 1.000000
MI_1P_DEagle
0  1.211936 -17.552082 -1.319416  0.787617 0.592443 0.169322  0.223267 0.641113 1 62 1.000000
0  1.270337 -17.561443 -1.737819  0.912095 0.397882 0.098860  0.223633 0.650635 1 62 1.000000
0  1.206774 -17.515017 -1.408312  0.808653 0.538937 0.235857  0.222412 0.643066 1 62 1.000000
MI_1P_DEagle
0  1.148943 -17.441040 -1.430767  0.343845 0.616573 0.708244  0.220459 0.643799 1 62 1.000000
0  1.140319 -17.486277 -1.389149  -0.039160 0.816154 0.576507  0.221313 0.642578 1 62 1.000000
0  1.162770 -17.485905 -1.388266  0.351336 0.806567 0.475407  0.221558 0.642578 1 62 1.000000
MI_1P_DEagle
0  1.162770 -17.485905 -1.388266  0.351336 0.806567 0.475407  0.221558 0.642578 1 62 1.000000
0  1.206774 -17.515017 -1.408312  0.808653 0.538937 0.235857  0.222412 0.643066 1 62 1.000000
0  1.148943 -17.441040 -1.430767  0.343845 0.616573 0.708244  0.220459 0.643799 1 62 1.000000
MI_1P_DEagle
0  1.148943 -17.441040 -1.430767  0.343845 0.616573 0.708244  0.220459 0.643799 1 62 1.000000
0  1.125754 -17.442570 -1.431416  -0.054795 0.421006 0.905401  0.220337 0.643311 1 62 1.000000
0  1.140319 -17.486277 -1.389149  -0.039160 0.816154 0.576507  0.221313 0.642578 1 62 1.000000
MI_1P_DEagle
0  1.206774 -17.515017 -1.408312  0.808653 0.538937 0.235857  0.222412 0.643066 1 62 1.000000
0  1.270337 -17.561443 -1.737819  0.912095 0.397882 0.098860  0.223633 0.650635 1 62 1.000000
0  1.190306 -17.457203 -1.457806  0.785258 0.552562 0.279367  0.220947 0.644287 1 62 1.000000
MI_1P_DEagle
0  1.190306 -17.457203 -1.457806  0.785258 0.552562 0.279367  0.220947 0.644287 1 62 1.000000
0  1.148943 -17.441040 -1.430767  0.343845 0.616573 0.708244  0.220459 0.643799 1 62 1.000000
0  1.206774 -17.515017 -1.408312  0.808653 0.538937 0.235857  0.222412 0.643066 1 62 1.000000
MI_1P_DEagle
0  1.125754 -17.442570 -1.431416  -0.054795 0.421006 0.905401  0.220337 0.643311 1 62 1.000000
0  1.148943 -17.441040 -1.430767  0.343845 0.616573 0.708244  0.220459 0.643799 1 62 1.000000
0  1.101363 -17.381222 -1.447500  0.282474 0.504498 0.815898  0.218994 0.643799 1 62 1.000000
MI_1P_DEagle
0  1.101363 -17.381222 -1.447500  0.282474 0.504498 0.815898  0.218994 0.643799 1 62 1.000000
0  1.079216 -17.385836 -1.447814  -0.033242 0.091614 0.995240  0.218994 0.643555 1 62 1.000000
0  1.125754 -17.442570 -1.431416  -0.054795 0.421006 0.905401  0.220337 0.643311 1 62 1.000000
MI_1P_DEagle
0  1.190306 -17.457203 -1.457806  0.785258 0.552562 0.279367  0.220947 0.644287 1 62 1.000000
0  1.136603 -17.381104 -1.480937  0.663489 0.676736 0.319077  0.219116 0.644531 1 62 1.000000
0  1.148943 -17.441040 -1.430767  0.343845 0.616573 0.708244  0.220459 0.643799 1 62 1.000000
MI_1P_DEagle
0  1.101363 -17.381222 -1.447500  0.282474 0.504498 0.815898  0.218994 0.643799 1 62 1.000000
0  1.148943 -17.441040 -1.430767  0.343845 0.616573 0.708244  0.220459 0.643799 1 62 1.000000
0  1.136603 -17.381104 -1.480937  0.663489 0.676736 0.319077  0.219116 0.644531 1 62 1.000000
MI_1P_DEagle
0  1.190306 -17.457203 -1.457806  0.785258 0.552562 0.279367  0.220947 0.644287 1 62 1.000000
0  1.270337 -17.561443 -1.737819  0.912095 0.397882 0.098860  0.223633 0.650635 1 62 1.000000
0  1.136603 -17.381104 -1.480937  0.663489 0.676736 0.319077  0.219116 0.644531 1 62 1.000000
MI_1P_DEagle
0  1.101363 -17.381222 -1.447500  0.282474 0.504498 0.815898  0.218994 0.643799 1 62 1.000000
0  0.860477 -17.227654 -1.456476  0.194486 0.422833 0.885092  0.205688 0.643799 1 62 1.000000
0  1.079216 -17.385836 -1.447814  -0.033242 0.091614 0.995240  0.218994 0.643555 1 62 1.000000
MI_1P_DEagle
0  0.849286 -17.244390 -1.456336  -0.009931 0.015056 0.999837  0.205688 0.643555 1 62 1.000000
0  1.079216 -17.385836 -1.447814  -0.033242 0.091614 0.995240  0.218994 0.643555 1 62 1.000000
0  0.860477 -17.227654 -1.456476  0.194486 0.422833 0.885092  0.205688 0.643799 1 62 1.000000
MI_1P_DEagle
0  1.136603 -17.381104 -1.480937  0.663489 0.676736 0.319077  0.219116 0.644531 1 62 1.000000
0  0.873541 -17.202023 -1.493061  0.418657 0.802102 0.425862  0.205566 0.644531 1 62 1.000000
0  1.101363 -17.381222 -1.447500  0.282474 0.504498 0.815898  0.218994 0.643799 1 62 1.000000
MI_1P_DEagle
0  0.860477 -17.227654 -1.456476  0.194486 0.422833 0.885092  0.205688 0.643799 1 62 1.000000
0  1.101363 -17.381222 -1.447500  0.282474 0.504498 0.815898  0.218994 0.643799 1 62 1.000000
0  0.873541 -17.202023 -1.493061  0.418657 0.802102 0.425862  0.205566 0.644531 1 62 1.000000
MI_1P_DEagle
0  1.128957 -17.303150 -1.800897  0.730851 0.660824 0.170789  0.217285 0.652100 1 62 1.000000
0  1.136603 -17.381104 -1.480937  0.663489 0.676736 0.319077  0.219116 0.644531 1 62 1.000000
0  1.270337 -17.561443 -1.737819  0.912095 0.397882 0.098860  0.223633 0.650635 1 62 1.000000
MI_1P_DEagle
0  0.873541 -17.202023 -1.493061  0.418657 0.802102 0.425862  0.205566 0.644531 1 62 1.000000
0  1.136603 -17.381104 -1.480937  0.663489 0.676736 0.319077  0.219116 0.644531 1 62 1.000000
0  1.128957 -17.303150 -1.800897  0.730851 0.660824 0.170789  0.217285 0.652100 1 62 1.000000
MI_1P_DEagle
0  0.860477 -17.227654 -1.456476  0.194486 0.422833 0.885092  0.205688 0.643799 1 62 1.000000
0  0.584378 -17.125971 -1.457064  0.123218 0.420263 0.898997  0.191772 0.643799 1 62 1.000000
0  0.849286 -17.244390 -1.456336  -0.009931 0.015056 0.999837  0.205688 0.643555 1 62 1.000000
MI_1P_DEagle
0  0.578484 -17.145828 -1.456853  0.001973 0.010009 0.999948  0.191772 0.643555 1 62 1.000000
0  0.849286 -17.244390 -1.456336  -0.009931 0.015056 0.999837  0.205688 0.643555 1 62 1.000000
0  0.584378 -17.125971 -1.457064  0.123218 0.420263 0.898997  0.191772 0.643799 1 62 1.000000
MI_1P_DEagle
0  0.873541 -17.202023 -1.493061  0.418657 0.802102 0.425862  0.205566 0.644531 1 62 1.000000
0  0.590338 -17.095205 -1.493598  0.250864 0.845914 0.470635  0.191650 0.644531 1 62 1.000000
0  0.860477 -17.227654 -1.456476  0.194486 0.422833 0.885092  0.205688 0.643799 1 62 1.000000
MI_1P_DEagle
0  0.584378 -17.125971 -1.457064  0.123218 0.420263 0.898997  0.191772 0.643799 1 62 1.000000
0  0.860477 -17.227654 -1.456476  0.194486 0.422833 0.885092  0.205688 0.643799 1 62 1.000000
0  0.590338 -17.095205 -1.493598  0.250864 0.845914 0.470635  0.191650 0.644531 1 62 1.000000
MI_1P_DEagle
0  0.584378 -17.125971 -1.457064  0.123218 0.420263 0.898997  0.191772 0.643799 1 62 1.000000
0  0.292909 -17.062336 -1.457059  0.063814 0.428436 0.901316  0.177490 0.643799 1 62 1.000000
0  0.578484 -17.145828 -1.456853  0.001973 0.010009 0.999948  0.191772 0.643555 1 62 1.000000
MI_1P_DEagle
0  0.289882 -17.082840 -1.456844  0.001501 0.010285 0.999946  0.177490 0.643555 1 62 1.000000
0  0.578484 -17.145828 -1.456853  0.001973 0.010009 0.999948  0.191772 0.643555 1 62 1.000000
0  0.292909 -17.062336 -1.457059  0.063814 0.428436 0.901316  0.177490 0.643799 1 62 1.000000
MI_1P_DEagle
0  0.292909 -17.062336 -1.457059  0.063814 0.428436 0.901316  0.177490 0.643799 1 62 1.000000
0  -0.006726 -17.059763 -1.456861  -0.000000 0.009993 0.999950  0.162964 0.643555 1 62 1.000000
0  0.289882 -17.082840 -1.456844  0.001501 0.010285 0.999946  0.177490 0.643555 1 62 1.000000
MI_1P_DEagle
0  0.590338 -17.095205 -1.493598  0.250864 0.845914 0.470635  0.191650 0.644531 1 62 1.000000
0  0.295944 -17.030720 -1.493425  0.128554 0.866636 0.482095  0.177368 0.644531 1 62 1.000000
0  0.584378 -17.125971 -1.457064  0.123218 0.420263 0.898997  0.191772 0.643799 1 62 1.000000
MI_1P_DEagle
0  0.292909 -17.062336 -1.457059  0.063814 0.428436 0.901316  0.177490 0.643799 1 62 1.000000
0  0.584378 -17.125971 -1.457064  0.123218 0.420263 0.898997  0.191772 0.643799 1 62 1.000000
0  0.295944 -17.030720 -1.493425  0.128554 0.866636 0.482095  0.177368 0.644531 1 62 1.000000
MI_1P_DEagle
0  -0.006726 -17.059763 -1.456861  -0.000000 0.009993 0.999950  0.162964 0.643555 1 62 1.000000
0  0.292909 -17.062336 -1.457059  0.063814 0.428436 0.901316  0.177490 0.643799 1 62 1.000000
0  -0.006726 -17.039032 -1.457068  -0.000000 0.433409 0.901197  0.162964 0.643799 1 62 1.000000
MI_1P_DEagle
0  0.295944 -17.030720 -1.493425  0.128554 0.866636 0.482095  0.177368 0.644531 1 62 1.000000
0  -0.006726 -17.007168 -1.493372  -0.000000 0.874697 0.484671  0.162964 0.644531 1 62 1.000000
0  0.292909 -17.062336 -1.457059  0.063814 0.428436 0.901316  0.177490 0.643799 1 62 1.000000
MI_1P_DEagle
0  -0.006726 -17.039032 -1.457068  -0.000000 0.433409 0.901197  0.162964 0.643799 1 62 1.000000
0  0.292909 -17.062336 -1.457059  0.063814 0.428436 0.901316  0.177490 0.643799 1 62 1.000000
0  -0.006726 -17.007168 -1.493372  -0.000000 0.874697 0.484671  0.162964 0.644531 1 62 1.000000
MI_1P_DEagle
0  -0.006726 -17.059763 -1.456861  -0.000000 0.009993 0.999950  0.162964 0.643555 1 62 1.000000
0  -0.006726 -17.039032 -1.457068  -0.000000 0.433409 0.901197  0.162964 0.643799 1 62 1.000000
0  -0.306360 -17.062336 -1.457059  -0.063814 0.428435 0.901316  0.148560 0.643799 1 62 1.000000
MI_1P_DEagle
0  -0.006726 -17.039032 -1.457068  -0.000000 0.433409 0.901197  0.162964 0.643799 1 62 1.000000
0  -0.006726 -17.007168 -1.493372  -0.000000 0.874697 0.484671  0.162964 0.644531 1 62 1.000000
0  -0.306360 -17.062336 -1.457059  -0.063814 0.428435 0.901316  0.148560 0.643799 1 62 1.000000
MI_1P_DEagle
0  -0.306360 -17.062336 -1.457059  -0.063814 0.428435 0.901316  0.148560 0.643799 1 62 1.000000
0  -0.303333 -17.082840 -1.456844  -0.001501 0.010284 0.999946  0.148560 0.643555 1 62 1.000000
0  -0.006726 -17.059763 -1.456861  -0.000000 0.009993 0.999950  0.162964 0.643555 1 62 1.000000
MI_1P_DEagle
0  -0.303333 -17.082840 -1.456844  -0.001501 0.010284 0.999946  0.148560 0.643555 1 62 1.000000
0  -0.306360 -17.062336 -1.457059  -0.063814 0.428435 0.901316  0.148560 0.643799 1 62 1.000000
0  -0.591936 -17.145826 -1.456853  -0.001973 0.010012 0.999948  0.134155 0.643555 1 62 1.000000
MI_1P_DEagle
0  -0.597829 -17.125971 -1.457064  -0.123218 0.420265 0.898997  0.134277 0.643799 1 62 1.000000
0  -0.591936 -17.145826 -1.456853  -0.001973 0.010012 0.999948  0.134155 0.643555 1 62 1.000000
0  -0.306360 -17.062336 -1.457059  -0.063814 0.428435 0.901316  0.148560 0.643799 1 62 1.000000
MI_1P_DEagle
0  -0.591936 -17.145826 -1.456853  -0.001973 0.010012 0.999948  0.134155 0.643555 1 62 1.000000
0  -0.597829 -17.125971 -1.457064  -0.123218 0.420265 0.898997  0.134277 0.643799 1 62 1.000000
0  -0.862736 -17.244389 -1.456336  0.009931 0.015057 0.999837  0.120300 0.643555 1 62 1.000000
MI_1P_DEagle
0  -0.309394 -17.030720 -1.493425  -0.128553 0.866637 0.482095  0.148560 0.644531 1 62 1.000000
0  -0.306360 -17.062336 -1.457059  -0.063814 0.428435 0.901316  0.148560 0.643799 1 62 1.000000
0  -0.006726 -17.007168 -1.493372  -0.000000 0.874697 0.484671  0.162964 0.644531 1 62 1.000000
MI_1P_DEagle
0  -0.306360 -17.062336 -1.457059  -0.063814 0.428435 0.901316  0.148560 0.643799 1 62 1.000000
0  -0.309394 -17.030720 -1.493425  -0.128553 0.866637 0.482095  0.148560 0.644531 1 62 1.000000
0  -0.597829 -17.125971 -1.457064  -0.123218 0.420265 0.898997  0.134277 0.643799 1 62 1.000000
MI_1P_DEagle
0  -0.873928 -17.227654 -1.456476  -0.194484 0.422834 0.885092  0.120300 0.643799 1 62 1.000000
0  -0.862736 -17.244389 -1.456336  0.009931 0.015057 0.999837  0.120300 0.643555 1 62 1.000000
0  -0.597829 -17.125971 -1.457064  -0.123218 0.420265 0.898997  0.134277 0.643799 1 62 1.000000
MI_1P_DEagle
0  -0.862736 -17.244389 -1.456336  0.009931 0.015057 0.999837  0.120300 0.643555 1 62 1.000000
0  -0.873928 -17.227654 -1.456476  -0.194484 0.422834 0.885092  0.120300 0.643799 1 62 1.000000
0  -1.092667 -17.385834 -1.447814  0.033236 0.091621 0.995239  0.106995 0.643555 1 62 1.000000
MI_1P_DEagle
0  -0.603790 -17.095205 -1.493598  -0.250862 0.845913 0.470637  0.134399 0.644531 1 62 1.000000
0  -0.597829 -17.125971 -1.457064  -0.123218 0.420265 0.898997  0.134277 0.643799 1 62 1.000000
0  -0.309394 -17.030720 -1.493425  -0.128553 0.866637 0.482095  0.148560 0.644531 1 62 1.000000
MI_1P_DEagle
0  -0.597829 -17.125971 -1.457064  -0.123218 0.420265 0.898997  0.134277 0.643799 1 62 1.000000
0  -0.603790 -17.095205 -1.493598  -0.250862 0.845913 0.470637  0.134399 0.644531 1 62 1.000000
0  -0.873928 -17.227654 -1.456476  -0.194484 0.422834 0.885092  0.120300 0.643799 1 62 1.000000
MI_1P_DEagle
0  -0.309394 -17.030720 -1.493425  -0.128553 0.866637 0.482095  0.148560 0.644531 1 62 1.000000
0  -0.006726 -17.007168 -1.493372  -0.000000 0.874697 0.484671  0.162964 0.644531 1 62 1.000000
0  -0.006726 -16.902821 -1.828832  -0.000000 0.952968 0.303071  0.162964 0.652100 1 62 1.000000
MI_1P_DEagle
0  -0.006726 -16.902821 -1.828832  -0.000000 0.952968 0.303071  0.162964 0.652100 1 62 1.000000
0  -0.006726 -17.007168 -1.493372  -0.000000 0.874697 0.484671  0.162964 0.644531 1 62 1.000000
0  0.295944 -17.030720 -1.493425  0.128554 0.866636 0.482095  0.177368 0.644531 1 62 1.000000
MI_1P_DEagle
0  -0.309458 -16.926640 -1.829105  -0.143083 0.943556 0.298711  0.149414 0.652100 1 62 1.000000
0  -0.603790 -17.095205 -1.493598  -0.250862 0.845913 0.470637  0.134399 0.644531 1 62 1.000000
0  -0.309394 -17.030720 -1.493425  -0.128553 0.866637 0.482095  0.148560 0.644531 1 62 1.000000
MI_1P_DEagle
0  -0.309458 -16.926640 -1.829105  -0.143083 0.943556 0.298711  0.149414 0.652100 1 62 1.000000
0  -0.309394 -17.030720 -1.493425  -0.128553 0.866637 0.482095  0.148560 0.644531 1 62 1.000000
0  -0.006726 -16.902821 -1.828832  -0.000000 0.952968 0.303071  0.162964 0.652100 1 62 1.000000
MI_1P_DEagle
0  -0.006726 -16.902821 -1.828832  -0.000000 0.952968 0.303071  0.162964 0.652100 1 62 1.000000
0  0.295944 -17.030720 -1.493425  0.128554 0.866636 0.482095  0.177368 0.644531 1 62 1.000000
0  0.296007 -16.926640 -1.829105  0.143083 0.943556 0.298712  0.176514 0.652100 1 62 1.000000
MI_1P_DEagle
0  0.295944 -17.030720 -1.493425  0.128554 0.866636 0.482095  0.177368 0.644531 1 62 1.000000
0  0.590338 -17.095205 -1.493598  0.250864 0.845914 0.470635  0.191650 0.644531 1 62 1.000000
0  0.296007 -16.926640 -1.829105  0.143083 0.943556 0.298712  0.176514 0.652100 1 62 1.000000
MI_1P_DEagle
0  -0.309458 -16.926640 -1.829105  -0.143083 0.943556 0.298711  0.149414 0.652100 1 62 1.000000
0  -0.006726 -16.902821 -1.828832  -0.000000 0.952968 0.303071  0.162964 0.652100 1 62 1.000000
0  -0.006726 -16.679350 -2.515692  -0.000000 0.945737 0.324933  0.162964 0.669189 1 62 1.000000
MI_1P_DEagle
0  -0.006726 -16.902821 -1.828832  -0.000000 0.952968 0.303071  0.162964 0.652100 1 62 1.000000
0  0.296007 -16.926640 -1.829105  0.143083 0.943556 0.298712  0.176514 0.652100 1 62 1.000000
0  -0.006726 -16.679350 -2.515692  -0.000000 0.945737 0.324933  0.162964 0.669189 1 62 1.000000
MI_1P_DEagle
0  0.590973 -16.993324 -1.829995  0.283210 0.916155 0.283641  0.189941 0.652100 1 62 1.000000
0  0.296007 -16.926640 -1.829105  0.143083 0.943556 0.298712  0.176514 0.652100 1 62 1.000000
0  0.590338 -17.095205 -1.493598  0.250864 0.845914 0.470635  0.191650 0.644531 1 62 1.000000
MI_1P_DEagle
0  0.590338 -17.095205 -1.493598  0.250864 0.845914 0.470635  0.191650 0.644531 1 62 1.000000
0  0.873541 -17.202023 -1.493061  0.418657 0.802102 0.425862  0.205566 0.644531 1 62 1.000000
0  0.590973 -16.993324 -1.829995  0.283210 0.916155 0.283641  0.189941 0.652100 1 62 1.000000
MI_1P_DEagle
0  0.296151 -16.703457 -2.517336  0.150915 0.935437 0.319658  0.175049 0.669189 1 62 1.000000
0  -0.006726 -16.679350 -2.515692  -0.000000 0.945737 0.324933  0.162964 0.669189 1 62 1.000000
0  0.296007 -16.926640 -1.829105  0.143083 0.943556 0.298712  0.176514 0.652100 1 62 1.000000
MI_1P_DEagle
0  0.296007 -16.926640 -1.829105  0.143083 0.943556 0.298712  0.176514 0.652100 1 62 1.000000
0  0.590973 -16.993324 -1.829995  0.283210 0.916155 0.283641  0.189941 0.652100 1 62 1.000000
0  0.296151 -16.703457 -2.517336  0.150915 0.935437 0.319658  0.175049 0.669189 1 62 1.000000
MI_1P_DEagle
0  0.876122 -17.105961 -1.831415  0.479073 0.842803 0.245302  0.203369 0.652100 1 62 1.000000
0  0.590973 -16.993324 -1.829995  0.283210 0.916155 0.283641  0.189941 0.652100 1 62 1.000000
0  0.873541 -17.202023 -1.493061  0.418657 0.802102 0.425862  0.205566 0.644531 1 62 1.000000
MI_1P_DEagle
0  0.876122 -17.105961 -1.831415  0.479073 0.842803 0.245302  0.203369 0.652100 1 62 1.000000
0  0.873541 -17.202023 -1.493061  0.418657 0.802102 0.425862  0.205566 0.644531 1 62 1.000000
0  1.128957 -17.303150 -1.800897  0.730851 0.660824 0.170789  0.217285 0.652100 1 62 1.000000
MI_1P_DEagle
0  0.592414 -16.774048 -2.522743  0.305551 0.903219 0.301387  0.187134 0.669189 1 62 1.000000
0  0.296151 -16.703457 -2.517336  0.150915 0.935437 0.319658  0.175049 0.669189 1 62 1.000000
0  0.590973 -16.993324 -1.829995  0.283210 0.916155 0.283641  0.189941 0.652100 1 62 1.000000
MI_1P_DEagle
0  0.590973 -16.993324 -1.829995  0.283210 0.916155 0.283641  0.189941 0.652100 1 62 1.000000
0  0.876122 -17.105961 -1.831415  0.479073 0.842803 0.245302  0.203369 0.652100 1 62 1.000000
0  0.592414 -16.774048 -2.522743  0.305551 0.903219 0.301387  0.187134 0.669189 1 62 1.000000
MI_1P_DEagle
0  -0.006726 -16.679350 -2.515692  -0.000000 0.945737 0.324933  0.162964 0.669189 1 62 1.000000
0  0.296151 -16.703457 -2.517336  0.150915 0.935437 0.319658  0.175049 0.669189 1 62 1.000000
0  -0.006726 -16.435982 -3.187404  -0.000000 0.932539 0.361068  0.162964 0.685547 1 62 1.000000
MI_1P_DEagle
0  0.881332 -16.897877 -2.531823  0.513937 0.816497 0.263063  0.199585 0.669189 1 62 1.000000
0  0.592414 -16.774048 -2.522743  0.305551 0.903219 0.301387  0.187134 0.669189 1 62 1.000000
0  0.876122 -17.105961 -1.831415  0.479073 0.842803 0.245302  0.203369 0.652100 1 62 1.000000
MI_1P_DEagle
0  0.296151 -16.703457 -2.517336  0.150915 0.935437 0.319658  0.175049 0.669189 1 62 1.000000
0  0.592414 -16.774048 -2.522743  0.305551 0.903219 0.301387  0.187134 0.669189 1 62 1.000000
0  0.296323 -16.460575 -3.190082  0.159269 0.921305 0.354726  0.173706 0.685547 1 62 1.000000
MI_1P_DEagle
0  0.296323 -16.460575 -3.190082  0.159269 0.921305 0.354726  0.173706 0.685547 1 62 1.000000
0  -0.006726 -16.435982 -3.187404  -0.000000 0.932539 0.361068  0.162964 0.685547 1 62 1.000000
0  0.296151 -16.703457 -2.517336  0.150915 0.935437 0.319658  0.175049 0.669189 1 62 1.000000
MI_1P_DEagle
0  0.592414 -16.774048 -2.522743  0.305551 0.903219 0.301387  0.187134 0.669189 1 62 1.000000
0  0.881332 -16.897877 -2.531823  0.513937 0.816497 0.263063  0.199585 0.669189 1 62 1.000000
0  0.594132 -16.536083 -3.199063  0.328411 0.884118 0.332388  0.184448 0.685547 1 62 1.000000
MI_1P_DEagle
0  0.594132 -16.536083 -3.199063  0.328411 0.884118 0.332388  0.184448 0.685547 1 62 1.000000
0  0.296323 -16.460575 -3.190082  0.159269 0.921305 0.354726  0.173706 0.685547 1 62 1.000000
0  0.592414 -16.774048 -2.522743  0.305551 0.903219 0.301387  0.187134 0.669189 1 62 1.000000
MI_1P_DEagle
0  0.881332 -16.897877 -2.531823  0.513937 0.816497 0.263063  0.199585 0.669189 1 62 1.000000
0  0.876122 -17.105961 -1.831415  0.479073 0.842803 0.245302  0.203369 0.652100 1 62 1.000000
0  1.131429 -17.107044 -2.539334  0.747555 0.635212 0.194080  0.212646 0.669189 1 62 1.000000
MI_1P_DEagle
0  1.128957 -17.303150 -1.800897  0.730851 0.660824 0.170789  0.217285 0.652100 1 62 1.000000
0  1.131429 -17.107044 -2.539334  0.747555 0.635212 0.194080  0.212646 0.669189 1 62 1.000000
0  0.876122 -17.105961 -1.831415  0.479073 0.842803 0.245302  0.203369 0.652100 1 62 1.000000
MI_1P_DEagle
0  0.887235 -16.673027 -3.214371  0.538878 0.792600 0.285298  0.195801 0.685547 1 62 1.000000
0  0.594132 -16.536083 -3.199063  0.328411 0.884118 0.332388  0.184448 0.685547 1 62 1.000000
0  0.881332 -16.897877 -2.531823  0.513937 0.816497 0.263063  0.199585 0.669189 1 62 1.000000
MI_1P_DEagle
0  0.881332 -16.897877 -2.531823  0.513937 0.816497 0.263063  0.199585 0.669189 1 62 1.000000
0  1.131429 -17.107044 -2.539334  0.747555 0.635212 0.194080  0.212646 0.669189 1 62 1.000000
0  0.887235 -16.673027 -3.214371  0.538878 0.792600 0.285298  0.195801 0.685547 1 62 1.000000
MI_1P_DEagle
0  0.296323 -16.460575 -3.190082  0.159269 0.921305 0.354726  0.173706 0.685547 1 62 1.000000
0  0.594132 -16.536083 -3.199063  0.328411 0.884118 0.332388  0.184448 0.685547 1 62 1.000000
0  0.296488 -16.223820 -3.765698  0.166691 0.906722 0.387387  0.172363 0.699707 1 62 1.000000
MI_1P_DEagle
0  1.128957 -17.303150 -1.800897  0.730851 0.660824 0.170789  0.217285 0.652100 1 62 1.000000
0  1.278338 -17.349369 -2.544193  0.905703 0.406003 0.121918  0.218750 0.669189 1 62 1.000000
0  1.131429 -17.107044 -2.539334  0.747555 0.635212 0.194080  0.212646 0.669189 1 62 1.000000
MI_1P_DEagle
0  1.128957 -17.303150 -1.800897  0.730851 0.660824 0.170789  0.217285 0.652100 1 62 1.000000
0  1.270337 -17.561443 -1.737819  0.912095 0.397882 0.098860  0.223633 0.650635 1 62 1.000000
0  1.278338 -17.349369 -2.544193  0.905703 0.406003 0.121918  0.218750 0.669189 1 62 1.000000
MI_1P_DEagle
0  1.362353 -17.792877 -1.936463  0.962121 0.261830 0.075948  0.229248 0.655029 1 62 1.000000
0  1.278338 -17.349369 -2.544193  0.905703 0.406003 0.121918  0.218750 0.669189 1 62 1.000000
0  1.270337 -17.561443 -1.737819  0.912095 0.397882 0.098860  0.223633 0.650635 1 62 1.000000
MI_1P_DEagle
0  0.594132 -16.536083 -3.199063  0.328411 0.884118 0.332388  0.184448 0.685547 1 62 1.000000
0  0.887235 -16.673027 -3.214371  0.538878 0.792600 0.285298  0.195801 0.685547 1 62 1.000000
0  0.595787 -16.303783 -3.778010  0.347756 0.865037 0.361632  0.181885 0.699707 1 62 1.000000
MI_1P_DEagle
0  0.595787 -16.303783 -3.778010  0.347756 0.865037 0.361632  0.181885 0.699707 1 62 1.000000
0  0.296488 -16.223820 -3.765698  0.166691 0.906722 0.387387  0.172363 0.699707 1 62 1.000000
0  0.594132 -16.536083 -3.199063  0.328411 0.884118 0.332388  0.184448 0.685547 1 62 1.000000
MI_1P_DEagle
0  1.370241 -17.640488 -2.547108  0.961238 0.262716 0.083683  0.225708 0.669189 1 62 1.000000
0  1.278338 -17.349369 -2.544193  0.905703 0.406003 0.121918  0.218750 0.669189 1 62 1.000000
0  1.362353 -17.792877 -1.936463  0.962121 0.261830 0.075948  0.229248 0.655029 1 62 1.000000
MI_1P_DEagle
0  1.370241 -17.640488 -2.547108  0.961238 0.262716 0.083683  0.225708 0.669189 1 62 1.000000
0  1.362353 -17.792877 -1.936463  0.962121 0.261830 0.075948  0.229248 0.655029 1 62 1.000000
0  1.448588 -18.126867 -2.092619  0.984124 0.168544 0.055615  0.237183 0.658691 1 62 1.000000
MI_1P_DEagle
0  1.370241 -17.640488 -2.547108  0.961238 0.262716 0.083683  0.225708 0.669189 1 62 1.000000
0  1.381464 -17.448568 -3.240167  0.962431 0.255711 0.091314  0.221313 0.685547 1 62 1.000000
0  1.278338 -17.349369 -2.544193  0.905703 0.406003 0.121918  0.218750 0.669189 1 62 1.000000
MI_1P_DEagle
0  1.370241 -17.640488 -2.547108  0.961238 0.262716 0.083683  0.225708 0.669189 1 62 1.000000
0  1.448588 -18.126867 -2.092619  0.984124 0.168544 0.055615  0.237183 0.658691 1 62 1.000000
0  1.481074 -17.672426 -3.839837  0.987118 0.147346 0.062356  0.226807 0.699707 1 62 1.000000
MI_1P_DEagle
0  1.381464 -17.448568 -3.240167  0.962431 0.255711 0.091314  0.221313 0.685547 1 62 1.000000
0  1.370241 -17.640488 -2.547108  0.961238 0.262716 0.083683  0.225708 0.669189 1 62 1.000000
0  1.481074 -17.672426 -3.839837  0.987118 0.147346 0.062356  0.226807 0.699707 1 62 1.000000
MI_1P_DEagle
0  1.289875 -17.150015 -3.235206  0.908405 0.394471 0.138535  0.214111 0.685547 1 62 1.000000
0  1.278338 -17.349369 -2.544193  0.905703 0.406003 0.121918  0.218750 0.669189 1 62 1.000000
0  1.381464 -17.448568 -3.240167  0.962431 0.255711 0.091314  0.221313 0.685547 1 62 1.000000
MI_1P_DEagle
0  1.131429 -17.107044 -2.539334  0.747555 0.635212 0.194080  0.212646 0.669189 1 62 1.000000
0  1.278338 -17.349369 -2.544193  0.905703 0.406003 0.121918  0.218750 0.669189 1 62 1.000000
0  1.289875 -17.150015 -3.235206  0.908405 0.394471 0.138535  0.214111 0.685547 1 62 1.000000
MI_1P_DEagle
0  1.391387 -17.255480 -3.834926  0.963816 0.246893 0.100513  0.216797 0.699707 1 62 1.000000
0  1.381464 -17.448568 -3.240167  0.962431 0.255711 0.091314  0.221313 0.685547 1 62 1.000000
0  1.481074 -17.672426 -3.839837  0.987118 0.147346 0.062356  0.226807 0.699707 1 62 1.000000
MI_1P_DEagle
0  1.381464 -17.448568 -3.240167  0.962431 0.255711 0.091314  0.221313 0.685547 1 62 1.000000
0  1.391387 -17.255480 -3.834926  0.963816 0.246893 0.100513  0.216797 0.699707 1 62 1.000000
0  1.289875 -17.150015 -3.235206  0.908405 0.394471 0.138535  0.214111 0.685547 1 62 1.000000
MI_1P_DEagle
0  1.131429 -17.107044 -2.539334  0.747555 0.635212 0.194080  0.212646 0.669189 1 62 1.000000
0  1.289875 -17.150015 -3.235206  0.908405 0.394471 0.138535  0.214111 0.685547 1 62 1.000000
0  1.143753 -16.901131 -3.227204  0.763481 0.610214 0.211506  0.208008 0.685547 1 62 1.000000
MI_1P_DEagle
0  1.143753 -16.901131 -3.227204  0.763481 0.610214 0.211506  0.208008 0.685547 1 62 1.000000
0  0.887235 -16.673027 -3.214371  0.538878 0.792600 0.285298  0.195801 0.685547 1 62 1.000000
0  1.131429 -17.107044 -2.539334  0.747555 0.635212 0.194080  0.212646 0.669189 1 62 1.000000
MI_1P_DEagle
0  1.299371 -16.951004 -3.828057  0.910151 0.386594 0.148899  0.209473 0.699707 1 62 1.000000
0  1.289875 -17.150015 -3.235206  0.908405 0.394471 0.138535  0.214111 0.685547 1 62 1.000000
0  1.391387 -17.255480 -3.834926  0.963816 0.246893 0.100513  0.216797 0.699707 1 62 1.000000
MI_1P_DEagle
0  1.143753 -16.901131 -3.227204  0.763481 0.610214 0.211506  0.208008 0.685547 1 62 1.000000
0  1.289875 -17.150015 -3.235206  0.908405 0.394471 0.138535  0.214111 0.685547 1 62 1.000000
0  1.299371 -16.951004 -3.828057  0.910151 0.386594 0.148899  0.209473 0.699707 1 62 1.000000
MI_1P_DEagle
0  0.887235 -16.673027 -3.214371  0.538878 0.792600 0.285298  0.195801 0.685547 1 62 1.000000
0  1.143753 -16.901131 -3.227204  0.763481 0.610214 0.211506  0.208008 0.685547 1 62 1.000000
0  0.892441 -16.452463 -3.799208  0.559275 0.769344 0.308742  0.192139 0.699707 1 62 1.000000
MI_1P_DEagle
0  0.892441 -16.452463 -3.799208  0.559275 0.769344 0.308742  0.192139 0.699707 1 62 1.000000
0  0.595787 -16.303783 -3.778010  0.347756 0.865037 0.361632  0.181885 0.699707 1 62 1.000000
0  0.887235 -16.673027 -3.214371  0.538878 0.792600 0.285298  0.195801 0.685547 1 62 1.000000
MI_1P_DEagle
0  1.143753 -16.901131 -3.227204  0.763481 0.610214 0.211506  0.208008 0.685547 1 62 1.000000
0  1.299371 -16.951004 -3.828057  0.910151 0.386594 0.148899  0.209473 0.699707 1 62 1.000000
0  1.153986 -16.696226 -3.817205  0.773703 0.591896 0.225928  0.203247 0.699707 1 62 1.000000
MI_1P_DEagle
0  1.153986 -16.696226 -3.817205  0.773703 0.591896 0.225928  0.203247 0.699707 1 62 1.000000
0  0.892441 -16.452463 -3.799208  0.559275 0.769344 0.308742  0.192139 0.699707 1 62 1.000000
0  1.143753 -16.901131 -3.227204  0.763481 0.610214 0.211506  0.208008 0.685547 1 62 1.000000
MI_1P_DEagle
0  1.391387 -17.255480 -3.834926  0.963816 0.246893 0.100513  0.216797 0.699707 1 62 1.000000
0  1.397937 -17.073210 -4.328165  0.962883 0.250042 0.101666  0.212646 0.710938 1 62 1.000000
0  1.299371 -16.951004 -3.828057  0.910151 0.386594 0.148899  0.209473 0.699707 1 62 1.000000
MI_1P_DEagle
0  1.397937 -17.073210 -4.328165  0.962883 0.250042 0.101666  0.212646 0.710938 1 62 1.000000
0  1.391387 -17.255480 -3.834926  0.963816 0.246893 0.100513  0.216797 0.699707 1 62 1.000000
0  1.481074 -17.672426 -3.839837  0.987118 0.147346 0.062356  0.226807 0.699707 1 62 1.000000
MI_1P_DEagle
0  1.299371 -16.951004 -3.828057  0.910151 0.386594 0.148899  0.209473 0.699707 1 62 1.000000
0  1.299791 -16.763943 -4.319671  0.907268 0.392745 0.150385  0.205200 0.710938 1 62 1.000000
0  1.153986 -16.696226 -3.817205  0.773703 0.591896 0.225928  0.203247 0.699707 1 62 1.000000
MI_1P_DEagle
0  1.299791 -16.763943 -4.319671  0.907268 0.392745 0.150385  0.205200 0.710938 1 62 1.000000
0  1.299371 -16.951004 -3.828057  0.910151 0.386594 0.148899  0.209473 0.699707 1 62 1.000000
0  1.397937 -17.073210 -4.328165  0.962883 0.250042 0.101666  0.212646 0.710938 1 62 1.000000
MI_1P_DEagle
0  0.892441 -16.452463 -3.799208  0.559275 0.769344 0.308742  0.192139 0.699707 1 62 1.000000
0  1.153986 -16.696226 -3.817205  0.773703 0.591896 0.225928  0.203247 0.699707 1 62 1.000000
0  0.894860 -16.251568 -4.284051  0.581584 0.754383 0.304412  0.188843 0.710938 1 62 1.000000
MI_1P_DEagle
0  1.151912 -16.505024 -4.306410  0.780702 0.584018 0.222323  0.198730 0.710938 1 62 1.000000
0  1.153986 -16.696226 -3.817205  0.773703 0.591896 0.225928  0.203247 0.699707 1 62 1.000000
0  1.299791 -16.763943 -4.319671  0.907268 0.392745 0.150385  0.205200 0.710938 1 62 1.000000
MI_1P_DEagle
0  1.151912 -16.505024 -4.306410  0.780702 0.584018 0.222323  0.198730 0.710938 1 62 1.000000
0  0.894860 -16.251568 -4.284051  0.581584 0.754383 0.304412  0.188843 0.710938 1 62 1.000000
0  1.153986 -16.696226 -3.817205  0.773703 0.591896 0.225928  0.203247 0.699707 1 62 1.000000
MI_1P_DEagle
0  1.299791 -16.763943 -4.319671  0.907268 0.392745 0.150385  0.205200 0.710938 1 62 1.000000
0  1.397937 -17.073210 -4.328165  0.962883 0.250042 0.101666  0.212646 0.710938 1 62 1.000000
0  1.403491 -16.915939 -4.760602  0.961537 0.256380 0.098564  0.208984 0.720947 1 62 1.000000
MI_1P_DEagle
0  1.151912 -16.505024 -4.306410  0.780702 0.584018 0.222323  0.198730 0.710938 1 62 1.000000
0  1.299791 -16.763943 -4.319671  0.907268 0.392745 0.150385  0.205200 0.710938 1 62 1.000000
0  1.299142 -16.601027 -4.751684  0.904908 0.402308 0.138886  0.201416 0.720947 1 62 1.000000
MI_1P_DEagle
0  1.299791 -16.763943 -4.319671  0.907268 0.392745 0.150385  0.205200 0.710938 1 62 1.000000
0  1.403491 -16.915939 -4.760602  0.961537 0.256380 0.098564  0.208984 0.720947 1 62 1.000000
0  1.299142 -16.601027 -4.751684  0.904908 0.402308 0.138886  0.201416 0.720947 1 62 1.000000
MI_1P_DEagle
0  1.397937 -17.073210 -4.328165  0.962883 0.250042 0.101666  0.212646 0.710938 1 62 1.000000
0  1.505315 -17.254990 -5.127066  0.988239 0.142307 0.055973  0.217163 0.729736 1 62 1.000000
0  1.403491 -16.915939 -4.760602  0.961537 0.256380 0.098564  0.208984 0.720947 1 62 1.000000
MI_1P_DEagle
0  1.397937 -17.073210 -4.328165  0.962883 0.250042 0.101666  0.212646 0.710938 1 62 1.000000
0  1.481074 -17.672426 -3.839837  0.987118 0.147346 0.062356  0.226807 0.699707 1 62 1.000000
0  1.505315 -17.254990 -5.127066  0.988239 0.142307 0.055973  0.217163 0.729736 1 62 1.000000
MI_1P_DEagle
0  1.403491 -16.915939 -4.760602  0.961537 0.256380 0.098564  0.208984 0.720947 1 62 1.000000
0  1.407954 -16.802965 -5.121844  0.960024 0.267848 0.081313  0.206299 0.729736 1 62 1.000000
0  1.299142 -16.601027 -4.751684  0.904908 0.402308 0.138886  0.201416 0.720947 1 62 1.000000
MI_1P_DEagle
0  1.505315 -17.254990 -5.127066  0.988239 0.142307 0.055973  0.217163 0.729736 1 62 1.000000
0  1.407954 -16.802965 -5.121844  0.960024 0.267848 0.081313  0.206299 0.729736 1 62 1.000000
0  1.403491 -16.915939 -4.760602  0.961537 0.256380 0.098564  0.208984 0.720947 1 62 1.000000
MI_1P_DEagle
0  1.147941 -16.337662 -4.737977  0.785506 0.585236 0.201194  0.194824 0.720947 1 62 1.000000
0  1.151912 -16.505024 -4.306410  0.780702 0.584018 0.222323  0.198730 0.710938 1 62 1.000000
0  1.299142 -16.601027 -4.751684  0.904908 0.402308 0.138886  0.201416 0.720947 1 62 1.000000
MI_1P_DEagle
0  0.894860 -16.251568 -4.284051  0.581584 0.754383 0.304412  0.188843 0.710938 1 62 1.000000
0  1.151912 -16.505024 -4.306410  0.780702 0.584018 0.222323  0.198730 0.710938 1 62 1.000000
0  1.147941 -16.337662 -4.737977  0.785506 0.585236 0.201194  0.194824 0.720947 1 62 1.000000
MI_1P_DEagle
0  1.297149 -16.485695 -5.114870  0.902474 0.416992 0.107975  0.198730 0.729736 1 62 1.000000
0  1.299142 -16.601027 -4.751684  0.904908 0.402308 0.138886  0.201416 0.720947 1 62 1.000000
0  1.407954 -16.802965 -5.121844  0.960024 0.267848 0.081313  0.206299 0.729736 1 62 1.000000
MI_1P_DEagle
0  1.299142 -16.601027 -4.751684  0.904908 0.402308 0.138886  0.201416 0.720947 1 62 1.000000
0  1.297149 -16.485695 -5.114870  0.902474 0.416992 0.107975  0.198730 0.729736 1 62 1.000000
0  1.147941 -16.337662 -4.737977  0.785506 0.585236 0.201194  0.194824 0.720947 1 62 1.000000
MI_1P_DEagle
0  1.412813 -16.722626 -5.488362  0.958592 0.278276 0.060527  0.204468 0.738525 1 62 1.000000
0  1.407954 -16.802965 -5.121844  0.960024 0.267848 0.081313  0.206299 0.729736 1 62 1.000000
0  1.505315 -17.254990 -5.127066  0.988239 0.142307 0.055973  0.217163 0.729736 1 62 1.000000
MI_1P_DEagle
0  1.407954 -16.802965 -5.121844  0.960024 0.267848 0.081313  0.206299 0.729736 1 62 1.000000
0  1.412813 -16.722626 -5.488362  0.958592 0.278276 0.060527  0.204468 0.738525 1 62 1.000000
0  1.297149 -16.485695 -5.114870  0.902474 0.416992 0.107975  0.198730 0.729736 1 62 1.000000
MI_1P_DEagle
0  1.505315 -17.254990 -5.127066  0.988239 0.142307 0.055973  0.217163 0.729736 1 62 1.000000
0  1.481074 -17.672426 -3.839837  0.987118 0.147346 0.062356  0.226807 0.699707 1 62 1.000000
0  1.600828 -17.618336 -6.855570  0.995331 0.054756 -0.079482  0.225830 0.770630 1 62 1.000000
MI_1P_DEagle
0  1.448588 -18.126867 -2.092619  0.984124 0.168544 0.055615  0.237183 0.658691 1 62 1.000000
0  1.600828 -17.618336 -6.855570  0.995331 0.054756 -0.079482  0.225830 0.770630 1 62 1.000000
0  1.481074 -17.672426 -3.839837  0.987118 0.147346 0.062356  0.226807 0.699707 1 62 1.000000
MI_1P_DEagle
0  1.448588 -18.126867 -2.092619  0.984124 0.168544 0.055615  0.237183 0.658691 1 62 1.000000
0  1.463524 -19.145359 0.285115  0.997766 0.059869 0.029644  0.260986 0.603760 1 62 1.000000
0  1.600828 -17.618336 -6.855570  0.995331 0.054756 -0.079482  0.225830 0.770630 1 62 1.000000
MI_1P_DEagle
0  1.412813 -16.722626 -5.488362  0.958592 0.278276 0.060527  0.204468 0.738525 1 62 1.000000
0  1.505315 -17.254990 -5.127066  0.988239 0.142307 0.055973  0.217163 0.729736 1 62 1.000000
0  1.523336 -17.083241 -6.134319  0.985552 0.166062 0.033326  0.213135 0.754272 1 62 1.000000
MI_1P_DEagle
0  1.523336 -17.083241 -6.134319  0.985552 0.166062 0.033326  0.213135 0.754272 1 62 1.000000
0  1.505315 -17.254990 -5.127066  0.988239 0.142307 0.055973  0.217163 0.729736 1 62 1.000000
0  1.600828 -17.618336 -6.855570  0.995331 0.054756 -0.079482  0.225830 0.770630 1 62 1.000000
MI_1P_DEagle
0  1.296063 -16.408169 -5.483890  0.898744 0.432485 0.072220  0.196899 0.738525 1 62 1.000000
0  1.297149 -16.485695 -5.114870  0.902474 0.416992 0.107975  0.198730 0.729736 1 62 1.000000
0  1.412813 -16.722626 -5.488362  0.958592 0.278276 0.060527  0.204468 0.738525 1 62 1.000000
MI_1P_DEagle
0  1.412813 -16.722626 -5.488362  0.958592 0.278276 0.060527  0.204468 0.738525 1 62 1.000000
0  1.523336 -17.083241 -6.134319  0.985552 0.166062 0.033326  0.213135 0.754272 1 62 1.000000
0  1.417854 -16.682354 -5.809165  0.955848 0.290496 0.044351  0.203613 0.746338 1 62 1.000000
MI_1P_DEagle
0  1.412813 -16.722626 -5.488362  0.958592 0.278276 0.060527  0.204468 0.738525 1 62 1.000000
0  1.417854 -16.682354 -5.809165  0.955848 0.290496 0.044351  0.203613 0.746338 1 62 1.000000
0  1.296063 -16.408169 -5.483890  0.898744 0.432485 0.072220  0.196899 0.738525 1 62 1.000000
MI_1P_DEagle
0  1.142459 -16.220280 -5.103972  0.791954 0.592290 0.148329  0.192139 0.729736 1 62 1.000000
0  1.147941 -16.337662 -4.737977  0.785506 0.585236 0.201194  0.194824 0.720947 1 62 1.000000
0  1.297149 -16.485695 -5.114870  0.902474 0.416992 0.107975  0.198730 0.729736 1 62 1.000000
MI_1P_DEagle
0  1.297149 -16.485695 -5.114870  0.902474 0.416992 0.107975  0.198730 0.729736 1 62 1.000000
0  1.296063 -16.408169 -5.483890  0.898744 0.432485 0.072220  0.196899 0.738525 1 62 1.000000
0  1.142459 -16.220280 -5.103972  0.791954 0.592290 0.148329  0.192139 0.729736 1 62 1.000000
MI_1P_DEagle
0  1.147941 -16.337662 -4.737977  0.785506 0.585236 0.201194  0.194824 0.720947 1 62 1.000000
0  1.142459 -16.220280 -5.103972  0.791954 0.592290 0.148329  0.192139 0.729736 1 62 1.000000
0  0.896671 -16.080956 -4.715256  0.599186 0.753367 0.270948  0.186279 0.720947 1 62 1.000000
MI_1P_DEagle
0  0.894860 -16.251568 -4.284051  0.581584 0.754383 0.304412  0.188843 0.710938 1 62 1.000000
0  1.147941 -16.337662 -4.737977  0.785506 0.585236 0.201194  0.194824 0.720947 1 62 1.000000
0  0.896671 -16.080956 -4.715256  0.599186 0.753367 0.270948  0.186279 0.720947 1 62 1.000000
MI_1P_DEagle
0  1.138294 -16.144604 -5.476065  0.796520 0.597650 0.091490  0.190308 0.738525 1 62 1.000000
0  1.142459 -16.220280 -5.103972  0.791954 0.592290 0.148329  0.192139 0.729736 1 62 1.000000
0  1.296063 -16.408169 -5.483890  0.898744 0.432485 0.072220  0.196899 0.738525 1 62 1.000000
MI_1P_DEagle
0  1.299299 -16.371967 -5.811589  0.896178 0.441061 0.048278  0.196045 0.746338 1 62 1.000000
0  1.296063 -16.408169 -5.483890  0.898744 0.432485 0.072220  0.196899 0.738525 1 62 1.000000
0  1.417854 -16.682354 -5.809165  0.955848 0.290496 0.044351  0.203613 0.746338 1 62 1.000000
MI_1P_DEagle
0  1.299299 -16.371967 -5.811589  0.896178 0.441061 0.048278  0.196045 0.746338 1 62 1.000000
0  1.138294 -16.144604 -5.476065  0.796520 0.597650 0.091490  0.190308 0.738525 1 62 1.000000
0  1.296063 -16.408169 -5.483890  0.898744 0.432485 0.072220  0.196899 0.738525 1 62 1.000000
MI_1P_DEagle
0  1.417854 -16.682354 -5.809165  0.955848 0.290496 0.044351  0.203613 0.746338 1 62 1.000000
0  1.422835 -16.654003 -6.153659  0.954318 0.297499 0.027770  0.202881 0.754272 1 62 1.000000
0  1.299299 -16.371967 -5.811589  0.896178 0.441061 0.048278  0.196045 0.746338 1 62 1.000000
MI_1P_DEagle
0  1.422835 -16.654003 -6.153659  0.954318 0.297499 0.027770  0.202881 0.754272 1 62 1.000000
0  1.417854 -16.682354 -5.809165  0.955848 0.290496 0.044351  0.203613 0.746338 1 62 1.000000
0  1.523336 -17.083241 -6.134319  0.985552 0.166062 0.033326  0.213135 0.754272 1 62 1.000000
MI_1P_DEagle
0  0.897730 -15.961653 -5.085509  0.613941 0.763100 0.201878  0.184570 0.729736 1 62 1.000000
0  1.142459 -16.220280 -5.103972  0.791954 0.592290 0.148329  0.192139 0.729736 1 62 1.000000
0  1.138294 -16.144604 -5.476065  0.796520 0.597650 0.091490  0.190308 0.738525 1 62 1.000000
MI_1P_DEagle
0  0.897730 -15.961653 -5.085509  0.613941 0.763100 0.201878  0.184570 0.729736 1 62 1.000000
0  0.896671 -16.080956 -4.715256  0.599186 0.753367 0.270948  0.186279 0.720947 1 62 1.000000
0  1.142459 -16.220280 -5.103972  0.791954 0.592290 0.148329  0.192139 0.729736 1 62 1.000000
MI_1P_DEagle
0  1.140236 -16.111076 -5.810245  0.797280 0.601220 0.053652  0.189575 0.746338 1 62 1.000000
0  1.138294 -16.144604 -5.476065  0.796520 0.597650 0.091490  0.190308 0.738525 1 62 1.000000
0  1.299299 -16.371967 -5.811589  0.896178 0.441061 0.048278  0.196045 0.746338 1 62 1.000000
MI_1P_DEagle
0  1.302944 -16.347996 -6.166496  0.892926 0.449314 0.028291  0.195557 0.754272 1 62 1.000000
0  1.299299 -16.371967 -5.811589  0.896178 0.441061 0.048278  0.196045 0.746338 1 62 1.000000
0  1.422835 -16.654003 -6.153659  0.954318 0.297499 0.027770  0.202881 0.754272 1 62 1.000000
MI_1P_DEagle
0  1.299299 -16.371967 -5.811589  0.896178 0.441061 0.048278  0.196045 0.746338 1 62 1.000000
0  1.302944 -16.347996 -6.166496  0.892926 0.449314 0.028291  0.195557 0.754272 1 62 1.000000
0  1.140236 -16.111076 -5.810245  0.797280 0.601220 0.053652  0.189575 0.746338 1 62 1.000000
MI_1P_DEagle
0  1.424678 -16.635302 -6.523203  0.951210 0.308029 0.017817  0.202515 0.763062 1 62 1.000000
0  1.422835 -16.654003 -6.153659  0.954318 0.297499 0.027770  0.202881 0.754272 1 62 1.000000
0  1.523336 -17.083241 -6.134319  0.985552 0.166062 0.033326  0.213135 0.754272 1 62 1.000000
MI_1P_DEagle
0  1.422835 -16.654003 -6.153659  0.954318 0.297499 0.027770  0.202881 0.754272 1 62 1.000000
0  1.424678 -16.635302 -6.523203  0.951210 0.308029 0.017817  0.202515 0.763062 1 62 1.000000
0  1.302944 -16.347996 -6.166496  0.892926 0.449314 0.028291  0.195557 0.754272 1 62 1.000000
MI_1P_DEagle
0  1.138294 -16.144604 -5.476065  0.796520 0.597650 0.091490  0.190308 0.738525 1 62 1.000000
0  1.140236 -16.111076 -5.810245  0.797280 0.601220 0.053652  0.189575 0.746338 1 62 1.000000
0  0.898782 -15.883933 -5.461535  0.625714 0.770586 0.121161  0.183594 0.738525 1 62 1.000000
MI_1P_DEagle
0  0.897730 -15.961653 -5.085509  0.613941 0.763100 0.201878  0.184570 0.729736 1 62 1.000000
0  1.138294 -16.144604 -5.476065  0.796520 0.597650 0.091490  0.190308 0.738525 1 62 1.000000
0  0.898782 -15.883933 -5.461535  0.625714 0.770586 0.121161  0.183594 0.738525 1 62 1.000000
MI_1P_DEagle
0  1.424678 -16.635302 -6.523203  0.951210 0.308029 0.017817  0.202515 0.763062 1 62 1.000000
0  1.523336 -17.083241 -6.134319  0.985552 0.166062 0.033326  0.213135 0.754272 1 62 1.000000
0  1.539343 -17.059050 -6.859457  0.981486 0.188653 0.033086  0.212646 0.770630 1 62 1.000000
MI_1P_DEagle
0  1.523336 -17.083241 -6.134319  0.985552 0.166062 0.033326  0.213135 0.754272 1 62 1.000000
0  1.600828 -17.618336 -6.855570  0.995331 0.054756 -0.079482  0.225830 0.770630 1 62 1.000000
0  1.539343 -17.059050 -6.859457  0.981486 0.188653 0.033086  0.212646 0.770630 1 62 1.000000
MI_1P_DEagle
0  1.301915 -16.331791 -6.548463  0.888814 0.458169 0.009470  0.195190 0.763062 1 62 1.000000
0  1.302944 -16.347996 -6.166496  0.892926 0.449314 0.028291  0.195557 0.754272 1 62 1.000000
0  1.424678 -16.635302 -6.523203  0.951210 0.308029 0.017817  0.202515 0.763062 1 62 1.000000
MI_1P_DEagle
0  1.421794 -16.614395 -6.877179  0.938099 0.344980 -0.030968  0.202026 0.770630 1 62 1.000000
0  1.424678 -16.635302 -6.523203  0.951210 0.308029 0.017817  0.202515 0.763062 1 62 1.000000
0  1.539343 -17.059050 -6.859457  0.981486 0.188653 0.033086  0.212646 0.770630 1 62 1.000000
MI_1P_DEagle
0  1.424678 -16.635302 -6.523203  0.951210 0.308029 0.017817  0.202515 0.763062 1 62 1.000000
0  1.421794 -16.614395 -6.877179  0.938099 0.344980 -0.030968  0.202026 0.770630 1 62 1.000000
0  1.301915 -16.331791 -6.548463  0.888814 0.458169 0.009470  0.195190 0.763062 1 62 1.000000
MI_1P_DEagle
0  1.142733 -16.090214 -6.169689  0.794240 0.606976 0.027616  0.189087 0.754272 1 62 1.000000
0  1.140236 -16.111076 -5.810245  0.797280 0.601220 0.053652  0.189575 0.746338 1 62 1.000000
0  1.302944 -16.347996 -6.166496  0.892926 0.449314 0.028291  0.195557 0.754272 1 62 1.000000
MI_1P_DEagle
0  1.301915 -16.331791 -6.548463  0.888814 0.458169 0.009470  0.195190 0.763062 1 62 1.000000
0  1.142733 -16.090214 -6.169689  0.794240 0.606976 0.027616  0.189087 0.754272 1 62 1.000000
0  1.302944 -16.347996 -6.166496  0.892926 0.449314 0.028291  0.195557 0.754272 1 62 1.000000
MI_1P_DEagle
0  0.900445 -15.849627 -5.802105  0.630650 0.773384 0.064485  0.183228 0.746338 1 62 1.000000
0  0.898782 -15.883933 -5.461535  0.625714 0.770586 0.121161  0.183594 0.738525 1 62 1.000000
0  1.140236 -16.111076 -5.810245  0.797280 0.601220 0.053652  0.189575 0.746338 1 62 1.000000
MI_1P_DEagle
0  1.140236 -16.111076 -5.810245  0.797280 0.601220 0.053652  0.189575 0.746338 1 62 1.000000
0  1.142733 -16.090214 -6.169689  0.794240 0.606976 0.027616  0.189087 0.754272 1 62 1.000000
0  0.900445 -15.849627 -5.802105  0.630650 0.773384 0.064485  0.183228 0.746338 1 62 1.000000
MI_1P_DEagle
0  0.900445 -15.849627 -5.802105  0.630650 0.773384 0.064485  0.183228 0.746338 1 62 1.000000
0  0.600691 -15.670867 -5.790192  0.405808 0.910466 0.079825  0.178101 0.746338 1 62 1.000000
0  0.898782 -15.883933 -5.461535  0.625714 0.770586 0.121161  0.183594 0.738525 1 62 1.000000
MI_1P_DEagle
0  1.142108 -16.080002 -6.552562  0.789694 0.613452 0.007734  0.188843 0.763062 1 62 1.000000
0  1.142733 -16.090214 -6.169689  0.794240 0.606976 0.027616  0.189087 0.754272 1 62 1.000000
0  1.301915 -16.331791 -6.548463  0.888814 0.458169 0.009470  0.195190 0.763062 1 62 1.000000
MI_1P_DEagle
0  0.600092 -15.709156 -5.444720  0.398942 0.904942 0.148070  0.178101 0.738525 1 62 1.000000
0  0.898782 -15.883933 -5.461535  0.625714 0.770586 0.121161  0.183594 0.738525 1 62 1.000000
0  0.600691 -15.670867 -5.790192  0.405808 0.910466 0.079825  0.178101 0.746338 1 62 1.000000
MI_1P_DEagle
0  0.898782 -15.883933 -5.461535  0.625714 0.770586 0.121161  0.183594 0.738525 1 62 1.000000
0  0.600092 -15.709156 -5.444720  0.398942 0.904942 0.148070  0.178101 0.738525 1 62 1.000000
0  0.897730 -15.961653 -5.085509  0.613941 0.763100 0.201878  0.184570 0.729736 1 62 1.000000
MI_1P_DEagle
0  0.901909 -15.829603 -6.157734  0.631350 0.774938 0.029479  0.183105 0.754272 1 62 1.000000
0  0.900445 -15.849627 -5.802105  0.630650 0.773384 0.064485  0.183228 0.746338 1 62 1.000000
0  1.142733 -16.090214 -6.169689  0.794240 0.606976 0.027616  0.189087 0.754272 1 62 1.000000
MI_1P_DEagle
0  0.599255 -15.791883 -5.063914  0.389249 0.888298 0.243746  0.178101 0.729736 1 62 1.000000
0  0.897730 -15.961653 -5.085509  0.613941 0.763100 0.201878  0.184570 0.729736 1 62 1.000000
0  0.600092 -15.709156 -5.444720  0.398942 0.904942 0.148070  0.178101 0.738525 1 62 1.000000
MI_1P_DEagle
0  0.897730 -15.961653 -5.085509  0.613941 0.763100 0.201878  0.184570 0.729736 1 62 1.000000
0  0.599255 -15.791883 -5.063914  0.389249 0.888298 0.243746  0.178101 0.729736 1 62 1.000000
0  0.896671 -16.080956 -4.715256  0.599186 0.753367 0.270948  0.186279 0.720947 1 62 1.000000
MI_1P_DEagle
0  0.601143 -15.648695 -6.135642  0.409386 0.911613 0.036945  0.178101 0.754272 1 62 1.000000
0  0.900445 -15.849627 -5.802105  0.630650 0.773384 0.064485  0.183228 0.746338 1 62 1.000000
0  0.901909 -15.829603 -6.157734  0.631350 0.774938 0.029479  0.183105 0.754272 1 62 1.000000
MI_1P_DEagle
0  0.601143 -15.648695 -6.135642  0.409386 0.911613 0.036945  0.178101 0.754272 1 62 1.000000
0  0.600691 -15.670867 -5.790192  0.405808 0.910466 0.079825  0.178101 0.746338 1 62 1.000000
0  0.900445 -15.849627 -5.802105  0.630650 0.773384 0.064485  0.183228 0.746338 1 62 1.000000
MI_1P_DEagle
0  0.901909 -15.829603 -6.157734  0.631350 0.774938 0.029479  0.183105 0.754272 1 62 1.000000
0  1.142733 -16.090214 -6.169689  0.794240 0.606976 0.027616  0.189087 0.754272 1 62 1.000000
0  0.902684 -15.823935 -6.532979  0.629308 0.777143 0.004543  0.182983 0.763062 1 62 1.000000
MI_1P_DEagle
0  1.142108 -16.080002 -6.552562  0.789694 0.613452 0.007734  0.188843 0.763062 1 62 1.000000
0  0.902684 -15.823935 -6.532979  0.629308 0.777143 0.004543  0.182983 0.763062 1 62 1.000000
0  1.142733 -16.090214 -6.169689  0.794240 0.606976 0.027616  0.189087 0.754272 1 62 1.000000
MI_1P_DEagle
0  0.601143 -15.648695 -6.135642  0.409386 0.911613 0.036945  0.178101 0.754272 1 62 1.000000
0  0.901909 -15.829603 -6.157734  0.631350 0.774938 0.029479  0.183105 0.754272 1 62 1.000000
0  0.601411 -15.642600 -6.497937  0.409722 0.912200 0.004246  0.178101 0.763062 1 62 1.000000
MI_1P_DEagle
0  0.902684 -15.823935 -6.532979  0.629308 0.777143 0.004543  0.182983 0.763062 1 62 1.000000
0  0.601411 -15.642600 -6.497937  0.409722 0.912200 0.004246  0.178101 0.763062 1 62 1.000000
0  0.901909 -15.829603 -6.157734  0.631350 0.774938 0.029479  0.183105 0.754272 1 62 1.000000
MI_1P_DEagle
0  0.297024 -15.554036 -6.125916  0.193626 0.980174 0.042057  0.171021 0.754272 1 62 1.000000
0  0.600691 -15.670867 -5.790192  0.405808 0.910466 0.079825  0.178101 0.746338 1 62 1.000000
0  0.601143 -15.648695 -6.135642  0.409386 0.911613 0.036945  0.178101 0.754272 1 62 1.000000
MI_1P_DEagle
0  0.601411 -15.642600 -6.497937  0.409722 0.912200 0.004246  0.178101 0.763062 1 62 1.000000
0  0.297051 -15.547528 -6.481119  0.194258 0.980937 0.005171  0.171021 0.763062 1 62 1.000000
0  0.601143 -15.648695 -6.135642  0.409386 0.911613 0.036945  0.178101 0.754272 1 62 1.000000
MI_1P_DEagle
0  0.297024 -15.554036 -6.125916  0.193626 0.980174 0.042057  0.171021 0.754272 1 62 1.000000
0  0.601143 -15.648695 -6.135642  0.409386 0.911613 0.036945  0.178101 0.754272 1 62 1.000000
0  0.297051 -15.547528 -6.481119  0.194258 0.980937 0.005171  0.171021 0.763062 1 62 1.000000
MI_1P_DEagle
0  0.601411 -15.642600 -6.497937  0.409722 0.912200 0.004246  0.178101 0.763062 1 62 1.000000
0  0.902684 -15.823935 -6.532979  0.629308 0.777143 0.004543  0.182983 0.763062 1 62 1.000000
0  0.601559 -15.645307 -6.829987  0.399769 0.913182 -0.079270  0.178101 0.770630 1 62 1.000000
MI_1P_DEagle
0  0.297024 -15.554036 -6.125916  0.193626 0.980174 0.042057  0.171021 0.754272 1 62 1.000000
0  0.296980 -15.577285 -5.784346  0.191644 0.977406 0.089161  0.171021 0.746338 1 62 1.000000
0  0.600691 -15.670867 -5.790192  0.405808 0.910466 0.079825  0.178101 0.746338 1 62 1.000000
MI_1P_DEagle
0  0.600691 -15.670867 -5.790192  0.405808 0.910466 0.079825  0.178101 0.746338 1 62 1.000000
0  0.296980 -15.577285 -5.784346  0.191644 0.977406 0.089161  0.171021 0.746338 1 62 1.000000
0  0.600092 -15.709156 -5.444720  0.398942 0.904942 0.148070  0.178101 0.738525 1 62 1.000000
MI_1P_DEagle
0  0.902708 -15.825929 -6.867647  0.617201 0.783891 -0.067665  0.183105 0.770630 1 62 1.000000
0  0.601559 -15.645307 -6.829987  0.399769 0.913182 -0.079270  0.178101 0.770630 1 62 1.000000
0  0.902684 -15.823935 -6.532979  0.629308 0.777143 0.004543  0.182983 0.763062 1 62 1.000000
MI_1P_DEagle
0  0.902684 -15.823935 -6.532979  0.629308 0.777143 0.004543  0.182983 0.763062 1 62 1.000000
0  1.142108 -16.080002 -6.552562  0.789694 0.613452 0.007734  0.188843 0.763062 1 62 1.000000
0  0.902708 -15.825929 -6.867647  0.617201 0.783891 -0.067665  0.183105 0.770630 1 62 1.000000
MI_1P_DEagle
0  0.296919 -15.617579 -5.435139  0.188517 0.968593 0.162142  0.171021 0.738525 1 62 1.000000
0  0.600092 -15.709156 -5.444720  0.398942 0.904942 0.148070  0.178101 0.738525 1 62 1.000000
0  0.296980 -15.577285 -5.784346  0.191644 0.977406 0.089161  0.171021 0.746338 1 62 1.000000
MI_1P_DEagle
0  0.600092 -15.709156 -5.444720  0.398942 0.904942 0.148070  0.178101 0.738525 1 62 1.000000
0  0.296919 -15.617579 -5.435139  0.188517 0.968593 0.162142  0.171021 0.738525 1 62 1.000000
0  0.599255 -15.791883 -5.063914  0.389249 0.888298 0.243746  0.178101 0.729736 1 62 1.000000
MI_1P_DEagle
0  -0.006725 -15.527138 -6.124665  0.000000 0.999058 0.043391  0.162964 0.754272 1 62 1.000000
0  0.296980 -15.577285 -5.784346  0.191644 0.977406 0.089161  0.171021 0.746338 1 62 1.000000
0  0.297024 -15.554036 -6.125916  0.193626 0.980174 0.042057  0.171021 0.754272 1 62 1.000000
MI_1P_DEagle
0  0.296980 -15.577285 -5.784346  0.191644 0.977406 0.089161  0.171021 0.746338 1 62 1.000000
0  -0.006725 -15.550547 -5.783164  -0.000000 0.995798 0.091582  0.162964 0.746338 1 62 1.000000
0  0.296919 -15.617579 -5.435139  0.188517 0.968593 0.162142  0.171021 0.738525 1 62 1.000000
MI_1P_DEagle
0  -0.006725 -15.527138 -6.124665  0.000000 0.999058 0.043391  0.162964 0.754272 1 62 1.000000
0  -0.006725 -15.550547 -5.783164  -0.000000 0.995798 0.091582  0.162964 0.746338 1 62 1.000000
0  0.296980 -15.577285 -5.784346  0.191644 0.977406 0.089161  0.171021 0.746338 1 62 1.000000
MI_1P_DEagle
0  0.296836 -15.702567 -5.051404  0.184490 0.946862 0.263468  0.171021 0.729736 1 62 1.000000
0  0.599255 -15.791883 -5.063914  0.389249 0.888298 0.243746  0.178101 0.729736 1 62 1.000000
0  0.296919 -15.617579 -5.435139  0.188517 0.968593 0.162142  0.171021 0.738525 1 62 1.000000
MI_1P_DEagle
0  -0.006725 -15.591191 -5.432388  -0.000000 0.986166 0.165761  0.162964 0.738525 1 62 1.000000
0  0.296919 -15.617579 -5.435139  0.188517 0.968593 0.162142  0.171021 0.738525 1 62 1.000000
0  -0.006725 -15.550547 -5.783164  -0.000000 0.995798 0.091582  0.162964 0.746338 1 62 1.000000
MI_1P_DEagle
0  0.296919 -15.617579 -5.435139  0.188517 0.968593 0.162142  0.171021 0.738525 1 62 1.000000
0  -0.006725 -15.591191 -5.432388  -0.000000 0.986166 0.165761  0.162964 0.738525 1 62 1.000000
0  0.296836 -15.702567 -5.051404  0.184490 0.946862 0.263468  0.171021 0.729736 1 62 1.000000
MI_1P_DEagle
0  0.599255 -15.791883 -5.063914  0.389249 0.888298 0.243746  0.178101 0.729736 1 62 1.000000
0  0.296836 -15.702567 -5.051404  0.184490 0.946862 0.263468  0.171021 0.729736 1 62 1.000000
0  0.598307 -15.917161 -4.688384  0.377880 0.867855 0.322543  0.178833 0.720947 1 62 1.000000
MI_1P_DEagle
0  0.598307 -15.917161 -4.688384  0.377880 0.867855 0.322543  0.178833 0.720947 1 62 1.000000
0  0.896671 -16.080956 -4.715256  0.599186 0.753367 0.270948  0.186279 0.720947 1 62 1.000000
0  0.599255 -15.791883 -5.063914  0.389249 0.888298 0.243746  0.178101 0.729736 1 62 1.000000
MI_1P_DEagle
0  0.896671 -16.080956 -4.715256  0.599186 0.753367 0.270948  0.186279 0.720947 1 62 1.000000
0  0.598307 -15.917161 -4.688384  0.377880 0.867855 0.322543  0.178833 0.720947 1 62 1.000000
0  0.894860 -16.251568 -4.284051  0.581584 0.754383 0.304412  0.188843 0.710938 1 62 1.000000
MI_1P_DEagle
0  0.597140 -16.094505 -4.257856  0.363836 0.857812 0.363018  0.180054 0.710938 1 62 1.000000
0  0.894860 -16.251568 -4.284051  0.581584 0.754383 0.304412  0.188843 0.710938 1 62 1.000000
0  0.598307 -15.917161 -4.688384  0.377880 0.867855 0.322543  0.178833 0.720947 1 62 1.000000
MI_1P_DEagle
0  0.894860 -16.251568 -4.284051  0.581584 0.754383 0.304412  0.188843 0.710938 1 62 1.000000
0  0.597140 -16.094505 -4.257856  0.363836 0.857812 0.363018  0.180054 0.710938 1 62 1.000000
0  0.892441 -16.452463 -3.799208  0.559275 0.769344 0.308742  0.192139 0.699707 1 62 1.000000
MI_1P_DEagle
0  0.595787 -16.303783 -3.778010  0.347756 0.865037 0.361632  0.181885 0.699707 1 62 1.000000
0  0.892441 -16.452463 -3.799208  0.559275 0.769344 0.308742  0.192139 0.699707 1 62 1.000000
0  0.597140 -16.094505 -4.257856  0.363836 0.857812 0.363018  0.180054 0.710938 1 62 1.000000
MI_1P_DEagle
0  0.296741 -15.830813 -4.672781  0.179409 0.920434 0.347295  0.170776 0.720947 1 62 1.000000
0  0.598307 -15.917161 -4.688384  0.377880 0.867855 0.322543  0.178833 0.720947 1 62 1.000000
0  0.296836 -15.702567 -5.051404  0.184490 0.946862 0.263468  0.171021 0.729736 1 62 1.000000
MI_1P_DEagle
0  0.598307 -15.917161 -4.688384  0.377880 0.867855 0.322543  0.178833 0.720947 1 62 1.000000
0  0.296741 -15.830813 -4.672781  0.179409 0.920434 0.347295  0.170776 0.720947 1 62 1.000000
0  0.597140 -16.094505 -4.257856  0.363836 0.857812 0.363018  0.180054 0.710938 1 62 1.000000
MI_1P_DEagle
0  0.597140 -16.094505 -4.257856  0.363836 0.857812 0.363018  0.180054 0.710938 1 62 1.000000
0  0.296624 -16.011303 -4.242678  0.173126 0.904389 0.390011  0.171387 0.710938 1 62 1.000000
0  0.595787 -16.303783 -3.778010  0.347756 0.865037 0.361632  0.181885 0.699707 1 62 1.000000
MI_1P_DEagle
0  0.296624 -16.011303 -4.242678  0.173126 0.904389 0.390011  0.171387 0.710938 1 62 1.000000
0  0.597140 -16.094505 -4.257856  0.363836 0.857812 0.363018  0.180054 0.710938 1 62 1.000000
0  0.296741 -15.830813 -4.672781  0.179409 0.920434 0.347295  0.170776 0.720947 1 62 1.000000
MI_1P_DEagle
0  0.296488 -16.223820 -3.765698  0.166691 0.906722 0.387387  0.172363 0.699707 1 62 1.000000
0  0.595787 -16.303783 -3.778010  0.347756 0.865037 0.361632  0.181885 0.699707 1 62 1.000000
0  0.296624 -16.011303 -4.242678  0.173126 0.904389 0.390011  0.171387 0.710938 1 62 1.000000
MI_1P_DEagle
0  0.296836 -15.702567 -5.051404  0.184490 0.946862 0.263468  0.171021 0.729736 1 62 1.000000
0  -0.006725 -15.676464 -5.047745  -0.000001 0.963222 0.268705  0.162964 0.729736 1 62 1.000000
0  0.296741 -15.830813 -4.672781  0.179409 0.920434 0.347295  0.170776 0.720947 1 62 1.000000
MI_1P_DEagle
0  -0.006725 -15.676464 -5.047745  -0.000001 0.963222 0.268705  0.162964 0.729736 1 62 1.000000
0  0.296836 -15.702567 -5.051404  0.184490 0.946862 0.263468  0.171021 0.729736 1 62 1.000000
0  -0.006725 -15.591191 -5.432388  -0.000000 0.986166 0.165761  0.162964 0.738525 1 62 1.000000
MI_1P_DEagle
0  0.296741 -15.830813 -4.672781  0.179409 0.920434 0.347295  0.170776 0.720947 1 62 1.000000
0  -0.006725 -15.805140 -4.668213  0.000001 0.935226 0.354051  0.162964 0.720947 1 62 1.000000
0  0.296624 -16.011303 -4.242678  0.173126 0.904389 0.390011  0.171387 0.710938 1 62 1.000000
MI_1P_DEagle
0  -0.006725 -15.805140 -4.668213  0.000001 0.935226 0.354051  0.162964 0.720947 1 62 1.000000
0  0.296741 -15.830813 -4.672781  0.179409 0.920434 0.347295  0.170776 0.720947 1 62 1.000000
0  -0.006725 -15.676464 -5.047745  -0.000001 0.963222 0.268705  0.162964 0.729736 1 62 1.000000
MI_1P_DEagle
0  0.296624 -16.011303 -4.242678  0.173126 0.904389 0.390011  0.171387 0.710938 1 62 1.000000
0  -0.006725 -15.985989 -4.238236  0.000000 0.917637 0.397420  0.162964 0.710938 1 62 1.000000
0  0.296488 -16.223820 -3.765698  0.166691 0.906722 0.387387  0.172363 0.699707 1 62 1.000000
MI_1P_DEagle
0  -0.006725 -15.985989 -4.238236  0.000000 0.917637 0.397420  0.162964 0.710938 1 62 1.000000
0  0.296624 -16.011303 -4.242678  0.173126 0.904389 0.390011  0.171387 0.710938 1 62 1.000000
0  -0.006725 -15.805140 -4.668213  0.000001 0.935226 0.354051  0.162964 0.720947 1 62 1.000000
MI_1P_DEagle
0  -0.006725 -16.198782 -3.762079  0.000000 0.918853 0.394600  0.162964 0.699707 1 62 1.000000
0  0.296488 -16.223820 -3.765698  0.166691 0.906722 0.387387  0.172363 0.699707 1 62 1.000000
0  -0.006725 -15.985989 -4.238236  0.000000 0.917637 0.397420  0.162964 0.710938 1 62 1.000000
MI_1P_DEagle
0  0.296488 -16.223820 -3.765698  0.166691 0.906722 0.387387  0.172363 0.699707 1 62 1.000000
0  -0.006725 -16.198782 -3.762079  0.000000 0.918853 0.394600  0.162964 0.699707 1 62 1.000000
0  0.296323 -16.460575 -3.190082  0.159269 0.921305 0.354726  0.173706 0.685547 1 62 1.000000
MI_1P_DEagle
0  -0.006726 -16.435982 -3.187404  -0.000000 0.932539 0.361068  0.162964 0.685547 1 62 1.000000
0  0.296323 -16.460575 -3.190082  0.159269 0.921305 0.354726  0.173706 0.685547 1 62 1.000000
0  -0.006725 -16.198782 -3.762079  0.000000 0.918853 0.394600  0.162964 0.699707 1 62 1.000000
MI_1P_DEagle
0  -0.006725 -15.985989 -4.238236  0.000000 0.917637 0.397420  0.162964 0.710938 1 62 1.000000
0  -0.006725 -15.805140 -4.668213  0.000001 0.935226 0.354051  0.162964 0.720947 1 62 1.000000
0  -0.310074 -16.011303 -4.242678  -0.173126 0.904389 0.390011  0.154663 0.710938 1 62 1.000000
MI_1P_DEagle
0  -0.006725 -15.985989 -4.238236  0.000000 0.917637 0.397420  0.162964 0.710938 1 62 1.000000
0  -0.309939 -16.223820 -3.765698  -0.166691 0.906723 0.387386  0.153809 0.699707 1 62 1.000000
0  -0.006725 -16.198782 -3.762079  0.000000 0.918853 0.394600  0.162964 0.699707 1 62 1.000000
MI_1P_DEagle
0  -0.310074 -16.011303 -4.242678  -0.173126 0.904389 0.390011  0.154663 0.710938 1 62 1.000000
0  -0.309939 -16.223820 -3.765698  -0.166691 0.906723 0.387386  0.153809 0.699707 1 62 1.000000
0  -0.006725 -15.985989 -4.238236  0.000000 0.917637 0.397420  0.162964 0.710938 1 62 1.000000
MI_1P_DEagle
0  -0.309774 -16.460575 -3.190082  -0.159269 0.921305 0.354727  0.152466 0.685547 1 62 1.000000
0  -0.006726 -16.435982 -3.187404  -0.000000 0.932539 0.361068  0.162964 0.685547 1 62 1.000000
0  -0.006725 -16.198782 -3.762079  0.000000 0.918853 0.394600  0.162964 0.699707 1 62 1.000000
MI_1P_DEagle
0  -0.309939 -16.223820 -3.765698  -0.166691 0.906723 0.387386  0.153809 0.699707 1 62 1.000000
0  -0.309774 -16.460575 -3.190082  -0.159269 0.921305 0.354727  0.152466 0.685547 1 62 1.000000
0  -0.006725 -16.198782 -3.762079  0.000000 0.918853 0.394600  0.162964 0.699707 1 62 1.000000
MI_1P_DEagle
0  -0.309774 -16.460575 -3.190082  -0.159269 0.921305 0.354727  0.152466 0.685547 1 62 1.000000
0  -0.309602 -16.703457 -2.517336  -0.150915 0.935438 0.319658  0.151001 0.669189 1 62 1.000000
0  -0.006726 -16.435982 -3.187404  -0.000000 0.932539 0.361068  0.162964 0.685547 1 62 1.000000
MI_1P_DEagle
0  -0.309602 -16.703457 -2.517336  -0.150915 0.935438 0.319658  0.151001 0.669189 1 62 1.000000
0  -0.006726 -16.679350 -2.515692  -0.000000 0.945737 0.324933  0.162964 0.669189 1 62 1.000000
0  -0.006726 -16.435982 -3.187404  -0.000000 0.932539 0.361068  0.162964 0.685547 1 62 1.000000
MI_1P_DEagle
0  -0.309602 -16.703457 -2.517336  -0.150915 0.935438 0.319658  0.151001 0.669189 1 62 1.000000
0  -0.309458 -16.926640 -1.829105  -0.143083 0.943556 0.298711  0.149414 0.652100 1 62 1.000000
0  -0.006726 -16.679350 -2.515692  -0.000000 0.945737 0.324933  0.162964 0.669189 1 62 1.000000
MI_1P_DEagle
0  -0.309774 -16.460575 -3.190082  -0.159269 0.921305 0.354727  0.152466 0.685547 1 62 1.000000
0  -0.309939 -16.223820 -3.765698  -0.166691 0.906723 0.387386  0.153809 0.699707 1 62 1.000000
0  -0.607582 -16.536083 -3.199063  -0.328411 0.884118 0.332387  0.141724 0.685547 1 62 1.000000
MI_1P_DEagle
0  -0.604423 -16.993324 -1.829995  -0.283207 0.916156 0.283642  0.135986 0.652100 1 62 1.000000
0  -0.309458 -16.926640 -1.829105  -0.143083 0.943556 0.298711  0.149414 0.652100 1 62 1.000000
0  -0.309602 -16.703457 -2.517336  -0.150915 0.935438 0.319658  0.151001 0.669189 1 62 1.000000
MI_1P_DEagle
0  -0.604423 -16.993324 -1.829995  -0.283207 0.916156 0.283642  0.135986 0.652100 1 62 1.000000
0  -0.603790 -17.095205 -1.493598  -0.250862 0.845913 0.470637  0.134399 0.644531 1 62 1.000000
0  -0.309458 -16.926640 -1.829105  -0.143083 0.943556 0.298711  0.149414 0.652100 1 62 1.000000
MI_1P_DEagle
0  -0.309602 -16.703457 -2.517336  -0.150915 0.935438 0.319658  0.151001 0.669189 1 62 1.000000
0  -0.309774 -16.460575 -3.190082  -0.159269 0.921305 0.354727  0.152466 0.685547 1 62 1.000000
0  -0.605865 -16.774048 -2.522743  -0.305552 0.903219 0.301385  0.138916 0.669189 1 62 1.000000
MI_1P_DEagle
0  -0.605865 -16.774048 -2.522743  -0.305552 0.903219 0.301385  0.138916 0.669189 1 62 1.000000
0  -0.604423 -16.993324 -1.829995  -0.283207 0.916156 0.283642  0.135986 0.652100 1 62 1.000000
0  -0.309602 -16.703457 -2.517336  -0.150915 0.935438 0.319658  0.151001 0.669189 1 62 1.000000
MI_1P_DEagle
0  -0.607582 -16.536083 -3.199063  -0.328411 0.884118 0.332387  0.141724 0.685547 1 62 1.000000
0  -0.605865 -16.774048 -2.522743  -0.305552 0.903219 0.301385  0.138916 0.669189 1 62 1.000000
0  -0.309774 -16.460575 -3.190082  -0.159269 0.921305 0.354727  0.152466 0.685547 1 62 1.000000
MI_1P_DEagle
0  -0.604423 -16.993324 -1.829995  -0.283207 0.916156 0.283642  0.135986 0.652100 1 62 1.000000
0  -0.886992 -17.202021 -1.493061  -0.418656 0.802103 0.425862  0.120422 0.644531 1 62 1.000000
0  -0.603790 -17.095205 -1.493598  -0.250862 0.845913 0.470637  0.134399 0.644531 1 62 1.000000
MI_1P_DEagle
0  -0.886992 -17.202021 -1.493061  -0.418656 0.802103 0.425862  0.120422 0.644531 1 62 1.000000
0  -0.873928 -17.227654 -1.456476  -0.194484 0.422834 0.885092  0.120300 0.643799 1 62 1.000000
0  -0.603790 -17.095205 -1.493598  -0.250862 0.845913 0.470637  0.134399 0.644531 1 62 1.000000
MI_1P_DEagle
0  -0.889573 -17.105959 -1.831415  -0.479073 0.842803 0.245301  0.122681 0.652100 1 62 1.000000
0  -0.604423 -16.993324 -1.829995  -0.283207 0.916156 0.283642  0.135986 0.652100 1 62 1.000000
0  -0.605865 -16.774048 -2.522743  -0.305552 0.903219 0.301385  0.138916 0.669189 1 62 1.000000
MI_1P_DEagle
0  -0.889573 -17.105959 -1.831415  -0.479073 0.842803 0.245301  0.122681 0.652100 1 62 1.000000
0  -0.886992 -17.202021 -1.493061  -0.418656 0.802103 0.425862  0.120422 0.644531 1 62 1.000000
0  -0.604423 -16.993324 -1.829995  -0.283207 0.916156 0.283642  0.135986 0.652100 1 62 1.000000
MI_1P_DEagle
0  -0.894782 -16.897877 -2.531823  -0.513937 0.816497 0.263062  0.126465 0.669189 1 62 1.000000
0  -0.605865 -16.774048 -2.522743  -0.305552 0.903219 0.301385  0.138916 0.669189 1 62 1.000000
0  -0.607582 -16.536083 -3.199063  -0.328411 0.884118 0.332387  0.141724 0.685547 1 62 1.000000
MI_1P_DEagle
0  -0.894782 -16.897877 -2.531823  -0.513937 0.816497 0.263062  0.126465 0.669189 1 62 1.000000
0  -0.889573 -17.105959 -1.831415  -0.479073 0.842803 0.245301  0.122681 0.652100 1 62 1.000000
0  -0.605865 -16.774048 -2.522743  -0.305552 0.903219 0.301385  0.138916 0.669189 1 62 1.000000
MI_1P_DEagle
0  -0.886992 -17.202021 -1.493061  -0.418656 0.802103 0.425862  0.120422 0.644531 1 62 1.000000
0  -1.114813 -17.381222 -1.447500  -0.282472 0.504500 0.815898  0.106934 0.643799 1 62 1.000000
0  -0.873928 -17.227654 -1.456476  -0.194484 0.422834 0.885092  0.120300 0.643799 1 62 1.000000
MI_1P_DEagle
0  -1.114813 -17.381222 -1.447500  -0.282472 0.504500 0.815898  0.106934 0.643799 1 62 1.000000
0  -1.092667 -17.385834 -1.447814  0.033236 0.091621 0.995239  0.106995 0.643555 1 62 1.000000
0  -0.873928 -17.227654 -1.456476  -0.194484 0.422834 0.885092  0.120300 0.643799 1 62 1.000000
MI_1P_DEagle
0  -1.114813 -17.381222 -1.447500  -0.282472 0.504500 0.815898  0.106934 0.643799 1 62 1.000000
0  -1.139205 -17.442570 -1.431416  0.054797 0.421013 0.905398  0.106018 0.643555 1 62 1.000000
0  -1.092667 -17.385834 -1.447814  0.033236 0.091621 0.995239  0.106995 0.643555 1 62 1.000000
MI_1P_DEagle
0  -1.142408 -17.303150 -1.800897  -0.730852 0.660823 0.170787  0.108765 0.652100 1 62 1.000000
0  -0.886992 -17.202021 -1.493061  -0.418656 0.802103 0.425862  0.120422 0.644531 1 62 1.000000
0  -0.889573 -17.105959 -1.831415  -0.479073 0.842803 0.245301  0.122681 0.652100 1 62 1.000000
MI_1P_DEagle
0  -1.162393 -17.441040 -1.430767  -0.343843 0.616573 0.708244  0.105774 0.643799 1 62 1.000000
0  -1.139205 -17.442570 -1.431416  0.054797 0.421013 0.905398  0.106018 0.643555 1 62 1.000000
0  -1.114813 -17.381222 -1.447500  -0.282472 0.504500 0.815898  0.106934 0.643799 1 62 1.000000
MI_1P_DEagle
0  -1.139205 -17.442570 -1.431416  0.054797 0.421013 0.905398  0.106018 0.643555 1 62 1.000000
0  -1.162393 -17.441040 -1.430767  -0.343843 0.616573 0.708244  0.105774 0.643799 1 62 1.000000
0  -1.153769 -17.486277 -1.389149  0.039159 0.816162 0.576495  0.105408 0.642578 1 62 1.000000
MI_1P_DEagle
0  -1.114813 -17.381222 -1.447500  -0.282472 0.504500 0.815898  0.106934 0.643799 1 62 1.000000
0  -0.886992 -17.202021 -1.493061  -0.418656 0.802103 0.425862  0.120422 0.644531 1 62 1.000000
0  -1.150053 -17.381104 -1.480937  -0.663490 0.676734 0.319079  0.106934 0.644531 1 62 1.000000
MI_1P_DEagle
0  -1.114813 -17.381222 -1.447500  -0.282472 0.504500 0.815898  0.106934 0.643799 1 62 1.000000
0  -1.150053 -17.381104 -1.480937  -0.663490 0.676734 0.319079  0.106934 0.644531 1 62 1.000000
0  -1.162393 -17.441040 -1.430767  -0.343843 0.616573 0.708244  0.105774 0.643799 1 62 1.000000
MI_1P_DEagle
0  -1.142408 -17.303150 -1.800897  -0.730852 0.660823 0.170787  0.108765 0.652100 1 62 1.000000
0  -1.150053 -17.381104 -1.480937  -0.663490 0.676734 0.319079  0.106934 0.644531 1 62 1.000000
0  -0.886992 -17.202021 -1.493061  -0.418656 0.802103 0.425862  0.120422 0.644531 1 62 1.000000
MI_1P_DEagle
0  -1.176221 -17.485905 -1.388266  -0.351341 0.806568 0.475402  0.104797 0.642822 1 62 1.000000
0  -1.153769 -17.486277 -1.389149  0.039159 0.816162 0.576495  0.105408 0.642578 1 62 1.000000
0  -1.162393 -17.441040 -1.430767  -0.343843 0.616573 0.708244  0.105774 0.643799 1 62 1.000000
MI_1P_DEagle
0  -1.176221 -17.485905 -1.388266  -0.351341 0.806568 0.475402  0.104797 0.642822 1 62 1.000000
0  -1.158368 -17.518196 -1.304641  0.012250 0.953844 0.300051  0.104675 0.640625 1 62 1.000000
0  -1.153769 -17.486277 -1.389149  0.039159 0.816162 0.576495  0.105408 0.642578 1 62 1.000000
MI_1P_DEagle
0  -1.203756 -17.457203 -1.457806  -0.785257 0.552563 0.279367  0.105408 0.644531 1 62 1.000000
0  -1.162393 -17.441040 -1.430767  -0.343843 0.616573 0.708244  0.105774 0.643799 1 62 1.000000
0  -1.150053 -17.381104 -1.480937  -0.663490 0.676734 0.319079  0.106934 0.644531 1 62 1.000000
MI_1P_DEagle
0  -1.158368 -17.518196 -1.304641  0.012250 0.953844 0.300051  0.104675 0.640625 1 62 1.000000
0  -1.176221 -17.485905 -1.388266  -0.351341 0.806568 0.475402  0.104797 0.642822 1 62 1.000000
0  -1.180572 -17.518208 -1.303792  -0.341703 0.900122 0.270223  0.104126 0.640869 1 62 1.000000
MI_1P_DEagle
0  -1.158368 -17.518196 -1.304641  0.012250 0.953844 0.300051  0.104675 0.640625 1 62 1.000000
0  -1.180572 -17.518208 -1.303792  -0.341703 0.900122 0.270223  0.104126 0.640869 1 62 1.000000
0  -1.153950 -18.096455 1.065267  0.000511 0.971485 0.237100  0.090515 0.585205 1 62 1.000000
MI_1P_DEagle
0  -1.176221 -17.485905 -1.388266  -0.351341 0.806568 0.475402  0.104797 0.642822 1 62 1.000000
0  -1.162393 -17.441040 -1.430767  -0.343843 0.616573 0.708244  0.105774 0.643799 1 62 1.000000
0  -1.220224 -17.515017 -1.408312  -0.808650 0.538936 0.235865  0.104065 0.643311 1 62 1.000000
MI_1P_DEagle
0  -1.203756 -17.457203 -1.457806  -0.785257 0.552563 0.279367  0.105408 0.644531 1 62 1.000000
0  -1.220224 -17.515017 -1.408312  -0.808650 0.538936 0.235865  0.104065 0.643311 1 62 1.000000
0  -1.162393 -17.441040 -1.430767  -0.343843 0.616573 0.708244  0.105774 0.643799 1 62 1.000000
MI_1P_DEagle
0  -1.176221 -17.485905 -1.388266  -0.351341 0.806568 0.475402  0.104797 0.642822 1 62 1.000000
0  -1.225386 -17.552082 -1.319416  -0.787624 0.592434 0.169322  0.103210 0.641357 1 62 1.000000
0  -1.180572 -17.518208 -1.303792  -0.341703 0.900122 0.270223  0.104126 0.640869 1 62 1.000000
MI_1P_DEagle
0  -1.220224 -17.515017 -1.408312  -0.808650 0.538936 0.235865  0.104065 0.643311 1 62 1.000000
0  -1.225386 -17.552082 -1.319416  -0.787624 0.592434 0.169322  0.103210 0.641357 1 62 1.000000
0  -1.176221 -17.485905 -1.388266  -0.351341 0.806568 0.475402  0.104797 0.642822 1 62 1.000000
MI_1P_DEagle
0  -1.150053 -17.381104 -1.480937  -0.663490 0.676734 0.319079  0.106934 0.644531 1 62 1.000000
0  -1.283788 -17.561443 -1.737819  -0.912094 0.397883 0.098861  0.103088 0.651611 1 62 1.000000
0  -1.203756 -17.457203 -1.457806  -0.785257 0.552563 0.279367  0.105408 0.644531 1 62 1.000000
MI_1P_DEagle
0  -1.203756 -17.457203 -1.457806  -0.785257 0.552563 0.279367  0.105408 0.644531 1 62 1.000000
0  -1.283788 -17.561443 -1.737819  -0.912094 0.397883 0.098861  0.103088 0.651611 1 62 1.000000
0  -1.220224 -17.515017 -1.408312  -0.808650 0.538936 0.235865  0.104065 0.643311 1 62 1.000000
MI_1P_DEagle
0  -1.220224 -17.515017 -1.408312  -0.808650 0.538936 0.235865  0.104065 0.643311 1 62 1.000000
0  -1.283788 -17.561443 -1.737819  -0.912094 0.397883 0.098861  0.103088 0.651611 1 62 1.000000
0  -1.225386 -17.552082 -1.319416  -0.787624 0.592434 0.169322  0.103210 0.641357 1 62 1.000000
MI_1P_DEagle
0  -1.283788 -17.561443 -1.737819  -0.912094 0.397883 0.098861  0.103088 0.651611 1 62 1.000000
0  -1.150053 -17.381104 -1.480937  -0.663490 0.676734 0.319079  0.106934 0.644531 1 62 1.000000
0  -1.142408 -17.303150 -1.800897  -0.730852 0.660823 0.170787  0.108765 0.652100 1 62 1.000000
MI_1P_DEagle
0  -1.180572 -17.518208 -1.303792  -0.341703 0.900122 0.270223  0.104126 0.640869 1 62 1.000000
0  -1.225386 -17.552082 -1.319416  -0.787624 0.592434 0.169322  0.103210 0.641357 1 62 1.000000
0  -1.217973 -18.130941 1.065267  -0.802758 0.578883 0.143087  0.089233 0.585205 1 62 1.000000
MI_1P_DEagle
0  -1.175727 -18.096443 1.065267  -0.328705 0.917361 0.224502  0.090210 0.585205 1 62 1.000000
0  -1.153950 -18.096455 1.065267  0.000511 0.971485 0.237100  0.090515 0.585205 1 62 1.000000
0  -1.180572 -17.518208 -1.303792  -0.341703 0.900122 0.270223  0.104126 0.640869 1 62 1.000000
MI_1P_DEagle
0  -1.217973 -18.130941 1.065267  -0.802758 0.578883 0.143087  0.089233 0.585205 1 62 1.000000
0  -1.175727 -18.096443 1.065267  -0.328705 0.917361 0.224502  0.090210 0.585205 1 62 1.000000
0  -1.180572 -17.518208 -1.303792  -0.341703 0.900122 0.270223  0.104126 0.640869 1 62 1.000000
MI_1P_DEagle
0  -1.175727 -18.096443 1.065267  -0.328705 0.917361 0.224502  0.090210 0.585205 1 62 1.000000
0  -1.175421 -18.133007 1.215078  -0.289768 0.856712 0.426707  0.089111 0.581787 1 62 1.000000
0  -1.153950 -18.096455 1.065267  0.000511 0.971485 0.237100  0.090515 0.585205 1 62 1.000000
MI_1P_DEagle
0  -1.175421 -18.133007 1.215078  -0.289768 0.856712 0.426707  0.089111 0.581787 1 62 1.000000
0  -1.153670 -18.133007 1.215078  0.000000 0.880484 0.474077  0.089355 0.581787 1 62 1.000000
0  -1.153950 -18.096455 1.065267  0.000511 0.971485 0.237100  0.090515 0.585205 1 62 1.000000
MI_1P_DEagle
0  -1.153670 -18.133007 1.215078  0.000000 0.880484 0.474077  0.089355 0.581787 1 62 1.000000
0  -1.175421 -18.133007 1.215078  -0.289768 0.856712 0.426707  0.089111 0.581787 1 62 1.000000
0  -1.153654 -18.179306 1.264961  0.000000 0.399949 0.916538  0.088501 0.580322 1 62 1.000000
MI_1P_DEagle
0  -1.185536 -18.179306 1.264961  -0.337764 0.411762 0.846385  0.088013 0.580566 1 62 1.000000
0  -1.153654 -18.179306 1.264961  0.000000 0.399949 0.916538  0.088501 0.580322 1 62 1.000000
0  -1.175421 -18.133007 1.215078  -0.289768 0.856712 0.426707  0.089111 0.581787 1 62 1.000000
MI_1P_DEagle
0  -1.175421 -18.133007 1.215078  -0.289768 0.856712 0.426707  0.089111 0.581787 1 62 1.000000
0  -1.175727 -18.096443 1.065267  -0.328705 0.917361 0.224502  0.090210 0.585205 1 62 1.000000
0  -1.217508 -18.167307 1.215078  -0.776378 0.528705 0.343087  0.088318 0.581787 1 62 1.000000
MI_1P_DEagle
0  -1.217508 -18.167307 1.215078  -0.776378 0.528705 0.343087  0.088318 0.581787 1 62 1.000000
0  -1.185536 -18.179306 1.264961  -0.337764 0.411762 0.846385  0.088013 0.580566 1 62 1.000000
0  -1.175421 -18.133007 1.215078  -0.289768 0.856712 0.426707  0.089111 0.581787 1 62 1.000000
MI_1P_DEagle
0  -1.217973 -18.130941 1.065267  -0.802758 0.578883 0.143087  0.089233 0.585205 1 62 1.000000
0  -1.217508 -18.167307 1.215078  -0.776378 0.528705 0.343087  0.088318 0.581787 1 62 1.000000
0  -1.175727 -18.096443 1.065267  -0.328705 0.917361 0.224502  0.090210 0.585205 1 62 1.000000
MI_1P_DEagle
0  -1.217508 -18.167307 1.215078  -0.776378 0.528705 0.343087  0.088318 0.581787 1 62 1.000000
0  -1.279376 -18.330130 1.215078  -0.873957 0.273547 0.401710  0.084595 0.581787 1 62 1.000000
0  -1.185536 -18.179306 1.264961  -0.337764 0.411762 0.846385  0.088013 0.580566 1 62 1.000000
MI_1P_DEagle
0  -1.234193 -18.347927 1.264961  -0.375684 0.106619 0.920594  0.084106 0.580566 1 62 1.000000
0  -1.185536 -18.179306 1.264961  -0.337764 0.411762 0.846385  0.088013 0.580566 1 62 1.000000
0  -1.279376 -18.330130 1.215078  -0.873957 0.273547 0.401710  0.084595 0.581787 1 62 1.000000
MI_1P_DEagle
0  -1.279600 -18.291132 1.065267  -0.945090 0.316319 0.082143  0.085510 0.585205 1 62 1.000000
0  -1.217508 -18.167307 1.215078  -0.776378 0.528705 0.343087  0.088318 0.581787 1 62 1.000000
0  -1.217973 -18.130941 1.065267  -0.802758 0.578883 0.143087  0.089233 0.585205 1 62 1.000000
MI_1P_DEagle
0  -1.279600 -18.291132 1.065267  -0.945090 0.316319 0.082143  0.085510 0.585205 1 62 1.000000
0  -1.217973 -18.130941 1.065267  -0.802758 0.578883 0.143087  0.089233 0.585205 1 62 1.000000
0  -1.225386 -17.552082 -1.319416  -0.787624 0.592434 0.169322  0.103210 0.641357 1 62 1.000000
MI_1P_DEagle
0  -1.279600 -18.291132 1.065267  -0.945090 0.316319 0.082143  0.085510 0.585205 1 62 1.000000
0  -1.279376 -18.330130 1.215078  -0.873957 0.273547 0.401710  0.084595 0.581787 1 62 1.000000
0  -1.217508 -18.167307 1.215078  -0.776378 0.528705 0.343087  0.088318 0.581787 1 62 1.000000
MI_1P_DEagle
0  -1.225386 -17.552082 -1.319416  -0.787624 0.592434 0.169322  0.103210 0.641357 1 62 1.000000
0  -1.283788 -17.561443 -1.737819  -0.912094 0.397883 0.098861  0.103088 0.651611 1 62 1.000000
0  -1.279600 -18.291132 1.065267  -0.945090 0.316319 0.082143  0.085510 0.585205 1 62 1.000000
MI_1P_DEagle
0  -1.279376 -18.330130 1.215078  -0.873957 0.273547 0.401710  0.084595 0.581787 1 62 1.000000
0  -1.337238 -18.534262 1.215078  -0.879197 0.223360 0.420859  0.079834 0.581787 1 62 1.000000
0  -1.234193 -18.347927 1.264961  -0.375684 0.106619 0.920594  0.084106 0.580566 1 62 1.000000
MI_1P_DEagle
0  -1.288741 -18.555176 1.264961  -0.364358 0.090145 0.926886  0.079285 0.580566 1 62 1.000000
0  -1.234193 -18.347927 1.264961  -0.375684 0.106619 0.920594  0.084106 0.580566 1 62 1.000000
0  -1.337238 -18.534262 1.215078  -0.879197 0.223360 0.420859  0.079834 0.581787 1 62 1.000000
MI_1P_DEagle
0  -1.279600 -18.291132 1.065267  -0.945090 0.316319 0.082143  0.085510 0.585205 1 62 1.000000
0  -1.339072 -18.499020 1.065267  -0.965433 0.251124 0.069825  0.080688 0.585205 1 62 1.000000
0  -1.279376 -18.330130 1.215078  -0.873957 0.273547 0.401710  0.084595 0.581787 1 62 1.000000
MI_1P_DEagle
0  -1.337238 -18.534262 1.215078  -0.879197 0.223360 0.420859  0.079834 0.581787 1 62 1.000000
0  -1.279376 -18.330130 1.215078  -0.873957 0.273547 0.401710  0.084595 0.581787 1 62 1.000000
0  -1.339072 -18.499020 1.065267  -0.965433 0.251124 0.069825  0.080688 0.585205 1 62 1.000000
MI_1P_DEagle
0  -1.279600 -18.291132 1.065267  -0.945090 0.316319 0.082143  0.085510 0.585205 1 62 1.000000
0  -1.283788 -17.561443 -1.737819  -0.912094 0.397883 0.098861  0.103088 0.651611 1 62 1.000000
0  -1.339072 -18.499020 1.065267  -0.965433 0.251124 0.069825  0.080688 0.585205 1 62 1.000000
MI_1P_DEagle
0  -1.288741 -18.555176 1.264961  -0.364358 0.090145 0.926886  0.079285 0.580566 1 62 1.000000
0  -1.337238 -18.534262 1.215078  -0.879197 0.223360 0.420859  0.079834 0.581787 1 62 1.000000
0  -1.401487 -18.807949 1.215078  -0.894368 0.161069 0.417329  0.073486 0.581787 1 62 1.000000
MI_1P_DEagle
0  -1.349716 -18.820948 1.264961  -0.370784 0.066771 0.926316  0.073120 0.580566 1 62 1.000000
0  -1.288741 -18.555176 1.264961  -0.364358 0.090145 0.926886  0.079285 0.580566 1 62 1.000000
0  -1.401487 -18.807949 1.215078  -0.894368 0.161069 0.417329  0.073486 0.581787 1 62 1.000000
MI_1P_DEagle
0  -1.349716 -18.820948 1.264961  -0.370784 0.066771 0.926316  0.073120 0.580566 1 62 1.000000
0  -1.401487 -18.807949 1.215078  -0.894368 0.161069 0.417329  0.073486 0.581787 1 62 1.000000
0  -1.365673 -18.939548 1.264961  -0.364595 0.049217 0.929865  0.070312 0.580566 1 62 1.000000
MI_1P_DEagle
0  -1.339072 -18.499020 1.065267  -0.965433 0.251124 0.069825  0.080688 0.585205 1 62 1.000000
0  -1.404230 -18.777100 1.065267  -0.982233 0.179474 0.054846  0.074219 0.585205 1 62 1.000000
0  -1.337238 -18.534262 1.215078  -0.879197 0.223360 0.420859  0.079834 0.581787 1 62 1.000000
MI_1P_DEagle
0  -1.401487 -18.807949 1.215078  -0.894368 0.161069 0.417329  0.073486 0.581787 1 62 1.000000
0  -1.337238 -18.534262 1.215078  -0.879197 0.223360 0.420859  0.079834 0.581787 1 62 1.000000
0  -1.404230 -18.777100 1.065267  -0.982233 0.179474 0.054846  0.074219 0.585205 1 62 1.000000
MI_1P_DEagle
0  -1.375804 -17.792877 -1.936463  -0.962121 0.261830 0.075947  0.097778 0.655762 1 62 1.000000
0  -1.339072 -18.499020 1.065267  -0.965433 0.251124 0.069825  0.080688 0.585205 1 62 1.000000
0  -1.283788 -17.561443 -1.737819  -0.912094 0.397883 0.098861  0.103088 0.651611 1 62 1.000000
MI_1P_DEagle
0  -1.339072 -18.499020 1.065267  -0.965433 0.251124 0.069825  0.080688 0.585205 1 62 1.000000
0  -1.375804 -17.792877 -1.936463  -0.962121 0.261830 0.075947  0.097778 0.655762 1 62 1.000000
0  -1.404230 -18.777100 1.065267  -0.982233 0.179474 0.054846  0.074219 0.585205 1 62 1.000000
MI_1P_DEagle
0  -1.419351 -18.939526 1.215078  -0.900675 0.122122 0.416978  0.070435 0.581787 1 62 1.000000
0  -1.365673 -18.939548 1.264961  -0.364595 0.049217 0.929865  0.070312 0.580566 1 62 1.000000
0  -1.401487 -18.807949 1.215078  -0.894368 0.161069 0.417329  0.073486 0.581787 1 62 1.000000
MI_1P_DEagle
0  -1.365673 -18.939548 1.264961  -0.364595 0.049217 0.929865  0.070312 0.580566 1 62 1.000000
0  -1.419351 -18.939526 1.215078  -0.900675 0.122122 0.416978  0.070435 0.581787 1 62 1.000000
0  -1.382935 -19.067846 1.264961  -0.338620 -0.304001 0.890461  0.067322 0.580566 1 62 1.000000
MI_1P_DEagle
0  -1.419351 -18.939526 1.215078  -0.900675 0.122122 0.416978  0.070435 0.581787 1 62 1.000000
0  -1.401487 -18.807949 1.215078  -0.894368 0.161069 0.417329  0.073486 0.581787 1 62 1.000000
0  -1.426212 -18.942753 1.065267  -0.990405 0.131565 0.042301  0.070374 0.585205 1 62 1.000000
MI_1P_DEagle
0  -1.404230 -18.777100 1.065267  -0.982233 0.179474 0.054846  0.074219 0.585205 1 62 1.000000
0  -1.426212 -18.942753 1.065267  -0.990405 0.131565 0.042301  0.070374 0.585205 1 62 1.000000
0  -1.401487 -18.807949 1.215078  -0.894368 0.161069 0.417329  0.073486 0.581787 1 62 1.000000
MI_1P_DEagle
0  -1.436770 -19.067825 1.215078  -0.888384 -0.255098 0.381706  0.067444 0.581787 1 62 1.000000
0  -1.382935 -19.067846 1.264961  -0.338620 -0.304001 0.890461  0.067322 0.580566 1 62 1.000000
0  -1.419351 -18.939526 1.215078  -0.900675 0.122122 0.416978  0.070435 0.581787 1 62 1.000000
MI_1P_DEagle
0  -1.419351 -18.939526 1.215078  -0.900675 0.122122 0.416978  0.070435 0.581787 1 62 1.000000
0  -1.426212 -18.942753 1.065267  -0.990405 0.131565 0.042301  0.070374 0.585205 1 62 1.000000
0  -1.436770 -19.067825 1.215078  -0.888384 -0.255098 0.381706  0.067444 0.581787 1 62 1.000000
MI_1P_DEagle
0  -1.436770 -19.067825 1.215078  -0.888384 -0.255098 0.381706  0.067444 0.581787 1 62 1.000000
0  -1.390804 -19.119280 1.215078  -0.361537 -0.856165 0.369150  0.066162 0.581787 1 62 1.000000
0  -1.382935 -19.067846 1.264961  -0.338620 -0.304001 0.890461  0.067322 0.580566 1 62 1.000000
MI_1P_DEagle
0  -1.436770 -19.067825 1.215078  -0.888384 -0.255098 0.381706  0.067444 0.581787 1 62 1.000000
0  -1.443237 -19.071051 1.065267  -0.952852 -0.300091 0.044926  0.067383 0.585205 1 62 1.000000
0  -1.390804 -19.119280 1.215078  -0.361537 -0.856165 0.369150  0.066162 0.581787 1 62 1.000000
MI_1P_DEagle
0  -1.443237 -19.071051 1.065267  -0.952852 -0.300091 0.044926  0.067383 0.585205 1 62 1.000000
0  -1.436770 -19.067825 1.215078  -0.888384 -0.255098 0.381706  0.067444 0.581787 1 62 1.000000
0  -1.426212 -18.942753 1.065267  -0.990405 0.131565 0.042301  0.070374 0.585205 1 62 1.000000
MI_1P_DEagle
0  -1.397135 -19.121332 1.065267  -0.402282 -0.915039 0.029533  0.066101 0.585205 1 62 1.000000
0  -1.390804 -19.119280 1.215078  -0.361537 -0.856165 0.369150  0.066162 0.581787 1 62 1.000000
0  -1.443237 -19.071051 1.065267  -0.952852 -0.300091 0.044926  0.067383 0.585205 1 62 1.000000
MI_1P_DEagle
0  -1.397135 -19.121332 1.065267  -0.402282 -0.915039 0.029533  0.066101 0.585205 1 62 1.000000
0  -1.443237 -19.071051 1.065267  -0.952852 -0.300091 0.044926  0.067383 0.585205 1 62 1.000000
0  -1.414359 -19.126911 0.657695  -0.395492 -0.911740 0.110982  0.066101 0.594971 1 62 1.000000
MI_1P_DEagle
0  -1.461182 -19.080000 0.649607  -0.951828 -0.295878 0.080498  0.067261 0.594971 1 62 1.000000
0  -1.414359 -19.126911 0.657695  -0.395492 -0.911740 0.110982  0.066101 0.594971 1 62 1.000000
0  -1.443237 -19.071051 1.065267  -0.952852 -0.300091 0.044926  0.067383 0.585205 1 62 1.000000
MI_1P_DEagle
0  -1.426212 -18.942753 1.065267  -0.990405 0.131565 0.042301  0.070374 0.585205 1 62 1.000000
0  -1.461182 -19.080000 0.649607  -0.951828 -0.295878 0.080498  0.067261 0.594971 1 62 1.000000
0  -1.443237 -19.071051 1.065267  -0.952852 -0.300091 0.044926  0.067383 0.585205 1 62 1.000000
MI_1P_DEagle
0  -1.461182 -19.080000 0.649607  -0.951828 -0.295878 0.080498  0.067261 0.594971 1 62 1.000000
0  -1.419499 -19.150604 0.534571  -0.369557 -0.840520 0.396174  0.065552 0.597656 1 62 1.000000
0  -1.414359 -19.126911 0.657695  -0.395492 -0.911740 0.110982  0.066101 0.594971 1 62 1.000000
MI_1P_DEagle
0  -1.461182 -19.080000 0.649607  -0.951828 -0.295878 0.080498  0.067261 0.594971 1 62 1.000000
0  -1.426212 -18.942753 1.065267  -0.990405 0.131565 0.042301  0.070374 0.585205 1 62 1.000000
0  -1.446397 -18.950228 0.628606  -0.992027 0.120238 0.037740  0.070251 0.595459 1 62 1.000000
MI_1P_DEagle
0  -1.404230 -18.777100 1.065267  -0.982233 0.179474 0.054846  0.074219 0.585205 1 62 1.000000
0  -1.446397 -18.950228 0.628606  -0.992027 0.120238 0.037740  0.070251 0.595459 1 62 1.000000
0  -1.426212 -18.942753 1.065267  -0.990405 0.131565 0.042301  0.070374 0.585205 1 62 1.000000
MI_1P_DEagle
0  -1.419499 -19.150604 0.534571  -0.369557 -0.840520 0.396174  0.065552 0.597656 1 62 1.000000
0  -1.461182 -19.080000 0.649607  -0.951828 -0.295878 0.080498  0.067261 0.594971 1 62 1.000000
0  -1.468881 -19.117168 0.508591  -0.943660 -0.265290 0.197803  0.066406 0.598389 1 62 1.000000
MI_1P_DEagle
0  -1.461182 -19.080000 0.649607  -0.951828 -0.295878 0.080498  0.067261 0.594971 1 62 1.000000
0  -1.446397 -18.950228 0.628606  -0.992027 0.120238 0.037740  0.070251 0.595459 1 62 1.000000
0  -1.468881 -19.117168 0.508591  -0.943660 -0.265290 0.197803  0.066406 0.598389 1 62 1.000000
MI_1P_DEagle
0  -1.419499 -19.150604 0.534571  -0.369557 -0.840520 0.396174  0.065552 0.597656 1 62 1.000000
0  -1.468881 -19.117168 0.508591  -0.943660 -0.265290 0.197803  0.066406 0.598389 1 62 1.000000
0  -1.422125 -19.193373 0.477978  -0.376398 -0.556702 0.740546  0.064575 0.599121 1 62 1.000000
MI_1P_DEagle
0  -1.462039 -18.126867 -2.092619  -0.983822 0.169758 0.057247  0.090088 0.659424 1 62 1.000000
0  -1.446397 -18.950228 0.628606  -0.992027 0.120238 0.037740  0.070251 0.595459 1 62 1.000000
0  -1.404230 -18.777100 1.065267  -0.982233 0.179474 0.054846  0.074219 0.585205 1 62 1.000000
MI_1P_DEagle
0  -1.375804 -17.792877 -1.936463  -0.962121 0.261830 0.075947  0.097778 0.655762 1 62 1.000000
0  -1.462039 -18.126867 -2.092619  -0.983822 0.169758 0.057247  0.090088 0.659424 1 62 1.000000
0  -1.404230 -18.777100 1.065267  -0.982233 0.179474 0.054846  0.074219 0.585205 1 62 1.000000
MI_1P_DEagle
0  -1.468881 -19.117168 0.508591  -0.943660 -0.265290 0.197803  0.066406 0.598389 1 62 1.000000
0  -1.446397 -18.950228 0.628606  -0.992027 0.120238 0.037740  0.070251 0.595459 1 62 1.000000
0  -1.457253 -19.002455 0.404876  -0.994989 0.095782 0.028689  0.069092 0.600830 1 62 1.000000
MI_1P_DEagle
0  -1.462039 -18.126867 -2.092619  -0.983822 0.169758 0.057247  0.090088 0.659424 1 62 1.000000
0  -1.457253 -19.002455 0.404876  -0.994989 0.095782 0.028689  0.069092 0.600830 1 62 1.000000
0  -1.446397 -18.950228 0.628606  -0.992027 0.120238 0.037740  0.070251 0.595459 1 62 1.000000
MI_1P_DEagle
0  -1.474104 -19.177290 0.434431  -0.937435 -0.149467 0.314445  0.065002 0.600098 1 62 1.000000
0  -1.422125 -19.193373 0.477978  -0.376398 -0.556702 0.740546  0.064575 0.599121 1 62 1.000000
0  -1.468881 -19.117168 0.508591  -0.943660 -0.265290 0.197803  0.066406 0.598389 1 62 1.000000
MI_1P_DEagle
0  -1.457253 -19.002455 0.404876  -0.994989 0.095782 0.028689  0.069092 0.600830 1 62 1.000000
0  -1.474104 -19.177290 0.434431  -0.937435 -0.149467 0.314445  0.065002 0.600098 1 62 1.000000
0  -1.468881 -19.117168 0.508591  -0.943660 -0.265290 0.197803  0.066406 0.598389 1 62 1.000000
MI_1P_DEagle
0  -1.474104 -19.177290 0.434431  -0.937435 -0.149467 0.314445  0.065002 0.600098 1 62 1.000000
0  -1.476917 -19.252628 0.402998  -0.925302 -0.071853 0.372363  0.063232 0.600830 1 62 1.000000
0  -1.422125 -19.193373 0.477978  -0.376398 -0.556702 0.740546  0.064575 0.599121 1 62 1.000000
MI_1P_DEagle
0  -1.424372 -19.267927 0.448866  -0.376828 -0.204066 0.903525  0.062805 0.599854 1 62 1.000000
0  -1.422125 -19.193373 0.477978  -0.376398 -0.556702 0.740546  0.064575 0.599121 1 62 1.000000
0  -1.476917 -19.252628 0.402998  -0.925302 -0.071853 0.372363  0.063232 0.600830 1 62 1.000000
MI_1P_DEagle
0  -1.457253 -19.002455 0.404876  -0.994989 0.095782 0.028689  0.069092 0.600830 1 62 1.000000
0  -1.476975 -19.145359 0.285115  -0.997834 0.058488 0.030093  0.065796 0.604004 1 62 1.000000
0  -1.474104 -19.177290 0.434431  -0.937435 -0.149467 0.314445  0.065002 0.600098 1 62 1.000000
MI_1P_DEagle
0  -1.476975 -19.145359 0.285115  -0.997834 0.058488 0.030093  0.065796 0.604004 1 62 1.000000
0  -1.476917 -19.252628 0.402998  -0.925302 -0.071853 0.372363  0.063232 0.600830 1 62 1.000000
0  -1.474104 -19.177290 0.434431  -0.937435 -0.149467 0.314445  0.065002 0.600098 1 62 1.000000
MI_1P_DEagle
0  -1.476917 -19.252628 0.402998  -0.925302 -0.071853 0.372363  0.063232 0.600830 1 62 1.000000
0  -1.478816 -19.361778 0.390901  -0.918442 -0.015222 0.395263  0.060486 0.601318 1 62 1.000000
0  -1.424372 -19.267927 0.448866  -0.376828 -0.204066 0.903525  0.062805 0.599854 1 62 1.000000
MI_1P_DEagle
0  -1.476917 -19.252628 0.402998  -0.925302 -0.071853 0.372363  0.063232 0.600830 1 62 1.000000
0  -1.476975 -19.145359 0.285115  -0.997834 0.058488 0.030093  0.065796 0.604004 1 62 1.000000
0  -1.478816 -19.361778 0.390901  -0.918442 -0.015222 0.395263  0.060486 0.601318 1 62 1.000000
MI_1P_DEagle
0  -1.425982 -19.373655 0.439345  -0.370346 -0.044568 0.927824  0.060333 0.600342 1 62 1.000000
0  -1.424372 -19.267927 0.448866  -0.376828 -0.204066 0.903525  0.062805 0.599854 1 62 1.000000
0  -1.478816 -19.361778 0.390901  -0.918442 -0.015222 0.395263  0.060486 0.601318 1 62 1.000000
MI_1P_DEagle
0  -1.457253 -19.002455 0.404876  -0.994989 0.095782 0.028689  0.069092 0.600830 1 62 1.000000
0  -1.520215 -18.664467 -1.963645  -0.997325 0.064949 0.033531  0.077454 0.656494 1 62 1.000000
0  -1.476975 -19.145359 0.285115  -0.997834 0.058488 0.030093  0.065796 0.604004 1 62 1.000000
MI_1P_DEagle
0  -1.520215 -18.664467 -1.963645  -0.997325 0.064949 0.033531  0.077454 0.656494 1 62 1.000000
0  -1.457253 -19.002455 0.404876  -0.994989 0.095782 0.028689  0.069092 0.600830 1 62 1.000000
0  -1.462039 -18.126867 -2.092619  -0.983822 0.169758 0.057247  0.090088 0.659424 1 62 1.000000
MI_1P_DEagle
0  -1.425982 -19.373655 0.439345  -0.370346 -0.044568 0.927824  0.060333 0.600342 1 62 1.000000
0  -1.478816 -19.361778 0.390901  -0.918442 -0.015222 0.395263  0.060486 0.601318 1 62 1.000000
0  -1.479203 -19.568924 0.386502  -0.917239 -0.019245 0.397872  0.055817 0.601074 1 62 1.000000
MI_1P_DEagle
0  -1.426319 -19.575195 0.436926  -0.379016 -0.011785 0.925315  0.055603 0.600342 1 62 1.000000
0  -1.425982 -19.373655 0.439345  -0.370346 -0.044568 0.927824  0.060333 0.600342 1 62 1.000000
0  -1.479203 -19.568924 0.386502  -0.917239 -0.019245 0.397872  0.055817 0.601074 1 62 1.000000
MI_1P_DEagle
0  -1.478816 -19.361778 0.390901  -0.918442 -0.015222 0.395263  0.060486 0.601318 1 62 1.000000
0  -1.476975 -19.145359 0.285115  -0.997834 0.058488 0.030093  0.065796 0.604004 1 62 1.000000
0  -1.481393 -19.548784 0.277319  -0.999777 -0.014046 0.015791  0.056305 0.604004 1 62 1.000000
MI_1P_DEagle
0  -1.481393 -19.548784 0.277319  -0.999777 -0.014046 0.015791  0.056305 0.604004 1 62 1.000000
0  -1.479203 -19.568924 0.386502  -0.917239 -0.019245 0.397872  0.055817 0.601074 1 62 1.000000
0  -1.478816 -19.361778 0.390901  -0.918442 -0.015222 0.395263  0.060486 0.601318 1 62 1.000000
MI_1P_DEagle
0  -1.479203 -19.568924 0.386502  -0.917239 -0.019245 0.397872  0.055817 0.601074 1 62 1.000000
0  -1.459743 -20.130402 0.385220  -0.919408 -0.053443 0.389658  0.042572 0.601074 1 62 1.000000
0  -1.426319 -19.575195 0.436926  -0.379016 -0.011785 0.925315  0.055603 0.600342 1 62 1.000000
MI_1P_DEagle
0  -1.406991 -20.139517 0.436189  -0.386042 -0.023323 0.922186  0.042297 0.600342 1 62 1.000000
0  -1.426319 -19.575195 0.436926  -0.379016 -0.011785 0.925315  0.055603 0.600342 1 62 1.000000
0  -1.459743 -20.130402 0.385220  -0.919408 -0.053443 0.389658  0.042572 0.601074 1 62 1.000000
MI_1P_DEagle
0  -1.479203 -19.568924 0.386502  -0.917239 -0.019245 0.397872  0.055817 0.601074 1 62 1.000000
0  -1.481393 -19.548784 0.277319  -0.999777 -0.014046 0.015791  0.056305 0.604004 1 62 1.000000
0  -1.461803 -20.110880 0.276038  -0.998298 -0.057779 0.007970  0.043060 0.604004 1 62 1.000000
MI_1P_DEagle
0  -1.461803 -20.110880 0.276038  -0.998298 -0.057779 0.007970  0.043060 0.604004 1 62 1.000000
0  -1.459743 -20.130402 0.385220  -0.919408 -0.053443 0.389658  0.042572 0.601074 1 62 1.000000
0  -1.479203 -19.568924 0.386502  -0.917239 -0.019245 0.397872  0.055817 0.601074 1 62 1.000000
MI_1P_DEagle
0  -1.476975 -19.145359 0.285115  -0.997834 0.058488 0.030093  0.065796 0.604004 1 62 1.000000
0  -1.524227 -19.155052 -1.857213  -0.999767 -0.012975 0.017254  0.065918 0.654053 1 62 1.000000
0  -1.481393 -19.548784 0.277319  -0.999777 -0.014046 0.015791  0.056305 0.604004 1 62 1.000000
MI_1P_DEagle
0  -1.524227 -19.155052 -1.857213  -0.999767 -0.012975 0.017254  0.065918 0.654053 1 62 1.000000
0  -1.476975 -19.145359 0.285115  -0.997834 0.058488 0.030093  0.065796 0.604004 1 62 1.000000
0  -1.520215 -18.664467 -1.963645  -0.997325 0.064949 0.033531  0.077454 0.656494 1 62 1.000000
MI_1P_DEagle
0  -1.459743 -20.130402 0.385220  -0.919408 -0.053443 0.389658  0.042572 0.601074 1 62 1.000000
0  -1.419865 -20.630558 0.385184  -0.919368 -0.100512 0.380343  0.030762 0.601074 1 62 1.000000
0  -1.406991 -20.139517 0.436189  -0.386042 -0.023323 0.922186  0.042297 0.600342 1 62 1.000000
MI_1P_DEagle
0  -1.367237 -20.639488 0.436188  -0.388637 -0.043760 0.920351  0.030487 0.600342 1 62 1.000000
0  -1.406991 -20.139517 0.436189  -0.386042 -0.023323 0.922186  0.042297 0.600342 1 62 1.000000
0  -1.419865 -20.630558 0.385184  -0.919368 -0.100512 0.380343  0.030762 0.601074 1 62 1.000000
MI_1P_DEagle
0  -1.421606 -20.611717 0.276002  -0.994016 -0.109169 -0.003687  0.031235 0.604004 1 62 1.000000
0  -1.419865 -20.630558 0.385184  -0.919368 -0.100512 0.380343  0.030762 0.601074 1 62 1.000000
0  -1.459743 -20.130402 0.385220  -0.919408 -0.053443 0.389658  0.042572 0.601074 1 62 1.000000
MI_1P_DEagle
0  -1.459743 -20.130402 0.385220  -0.919408 -0.053443 0.389658  0.042572 0.601074 1 62 1.000000
0  -1.461803 -20.110880 0.276038  -0.998298 -0.057779 0.007970  0.043060 0.604004 1 62 1.000000
0  -1.421606 -20.611717 0.276002  -0.994016 -0.109169 -0.003687  0.031235 0.604004 1 62 1.000000
MI_1P_DEagle
0  -1.419865 -20.630558 0.385184  -0.919368 -0.100512 0.380343  0.030762 0.601074 1 62 1.000000
0  -1.364951 -21.028786 0.385162  -0.916501 -0.153047 0.369598  0.021332 0.601074 1 62 1.000000
0  -1.367237 -20.639488 0.436188  -0.388637 -0.043760 0.920351  0.030487 0.600342 1 62 1.000000
MI_1P_DEagle
0  -1.312496 -21.037594 0.436189  -0.389757 -0.066479 0.918515  0.021042 0.600342 1 62 1.000000
0  -1.367237 -20.639488 0.436188  -0.388637 -0.043760 0.920351  0.030487 0.600342 1 62 1.000000
0  -1.364951 -21.028786 0.385162  -0.916501 -0.153047 0.369598  0.021332 0.601074 1 62 1.000000
MI_1P_DEagle
0  -1.419865 -20.630558 0.385184  -0.919368 -0.100512 0.380343  0.030762 0.601074 1 62 1.000000
0  -1.421606 -20.611717 0.276002  -0.994016 -0.109169 -0.003687  0.031235 0.604004 1 62 1.000000
0  -1.366229 -21.010698 0.275978  -0.985991 -0.165946 -0.016816  0.021774 0.604004 1 62 1.000000
MI_1P_DEagle
0  -1.366229 -21.010698 0.275978  -0.985991 -0.165946 -0.016816  0.021774 0.604004 1 62 1.000000
0  -1.364951 -21.028786 0.385162  -0.916501 -0.153047 0.369598  0.021332 0.601074 1 62 1.000000
0  -1.419865 -20.630558 0.385184  -0.919368 -0.100512 0.380343  0.030762 0.601074 1 62 1.000000
MI_1P_DEagle
0  -1.364951 -21.028786 0.385162  -0.916501 -0.153047 0.369598  0.021332 0.601074 1 62 1.000000
0  -1.303811 -21.341114 0.385137  -0.915522 -0.198046 0.350139  0.013908 0.601074 1 62 1.000000
0  -1.312496 -21.037594 0.436189  -0.389757 -0.066479 0.918515  0.021042 0.600342 1 62 1.000000
MI_1P_DEagle
0  -1.253780 -21.349825 0.436189  -0.401074 -0.086074 0.911993  0.013634 0.600342 1 62 1.000000
0  -1.312496 -21.037594 0.436189  -0.389757 -0.066479 0.918515  0.021042 0.600342 1 62 1.000000
0  -1.303811 -21.341114 0.385137  -0.915522 -0.198046 0.350139  0.013908 0.601074 1 62 1.000000
MI_1P_DEagle
0  -1.364951 -21.028786 0.385162  -0.916501 -0.153047 0.369598  0.021332 0.601074 1 62 1.000000
0  -1.366229 -21.010698 0.275978  -0.985991 -0.165946 -0.016816  0.021774 0.604004 1 62 1.000000
0  -1.304623 -21.323097 0.275954  -0.976288 -0.214526 -0.028981  0.014351 0.604004 1 62 1.000000
MI_1P_DEagle
0  -1.304623 -21.323097 0.275954  -0.976288 -0.214526 -0.028981  0.014351 0.604004 1 62 1.000000
0  -1.303811 -21.341114 0.385137  -0.915522 -0.198046 0.350139  0.013908 0.601074 1 62 1.000000
0  -1.364951 -21.028786 0.385162  -0.916501 -0.153047 0.369598  0.021332 0.601074 1 62 1.000000
MI_1P_DEagle
0  -1.303811 -21.341114 0.385137  -0.915522 -0.198046 0.350139  0.013908 0.601074 1 62 1.000000
0  -1.197556 -21.783453 0.385113  -0.924091 -0.362159 0.122048  0.003368 0.601074 1 62 1.000000
0  -1.253780 -21.349825 0.436189  -0.401074 -0.086074 0.911993  0.013634 0.600342 1 62 1.000000
MI_1P_DEagle
0  -1.178347 -21.791933 0.436191  -0.474997 -0.445839 0.758686  0.003143 0.600342 1 62 1.000000
0  -1.253780 -21.349825 0.436189  -0.401074 -0.086074 0.911993  0.013634 0.600342 1 62 1.000000
0  -1.197556 -21.783453 0.385113  -0.924091 -0.362159 0.122048  0.003368 0.601074 1 62 1.000000
MI_1P_DEagle
0  -1.303811 -21.341114 0.385137  -0.915522 -0.198046 0.350139  0.013908 0.601074 1 62 1.000000
0  -1.304623 -21.323097 0.275954  -0.976288 -0.214526 -0.028981  0.014351 0.604004 1 62 1.000000
0  -1.197852 -21.765245 0.275930  -0.920459 -0.385885 -0.062038  0.003813 0.604004 1 62 1.000000
MI_1P_DEagle
0  -1.197852 -21.765245 0.275930  -0.920459 -0.385885 -0.062038  0.003813 0.604004 1 62 1.000000
0  -1.197556 -21.783453 0.385113  -0.924091 -0.362159 0.122048  0.003368 0.601074 1 62 1.000000
0  -1.303811 -21.341114 0.385137  -0.915522 -0.198046 0.350139  0.013908 0.601074 1 62 1.000000
MI_1P_DEagle
0  -1.170933 -21.826431 0.385110  -0.429961 -0.887330 0.166671  0.002329 0.601074 1 62 1.000000
0  -1.178347 -21.791933 0.436191  -0.474997 -0.445839 0.758686  0.003143 0.600342 1 62 1.000000
0  -1.197556 -21.783453 0.385113  -0.924091 -0.362159 0.122048  0.003368 0.601074 1 62 1.000000
MI_1P_DEagle
0  -1.178347 -21.791933 0.436191  -0.474997 -0.445839 0.758686  0.003143 0.600342 1 62 1.000000
0  -1.170933 -21.826431 0.385110  -0.429961 -0.887330 0.166671  0.002329 0.601074 1 62 1.000000
0  -1.155196 -21.791882 0.436190  0.000911 -0.468860 0.883272  0.002623 0.600098 1 62 1.000000
MI_1P_DEagle
0  -1.155307 -21.826431 0.385110  0.000000 -0.976986 0.213304  0.001953 0.601318 1 62 1.000000
0  -1.155196 -21.791882 0.436190  0.000911 -0.468860 0.883272  0.002623 0.600098 1 62 1.000000
0  -1.170933 -21.826431 0.385110  -0.429961 -0.887330 0.166671  0.002329 0.601074 1 62 1.000000
MI_1P_DEagle
0  -1.155307 -21.826431 0.385110  0.000000 -0.976986 0.213304  0.001953 0.601318 1 62 1.000000
0  -1.170933 -21.826431 0.385110  -0.429961 -0.887330 0.166671  0.002329 0.601074 1 62 1.000000
0  -1.155307 -21.808222 0.275927  0.000000 -0.986376 -0.164509  0.002411 0.604004 1 62 1.000000
MI_1P_DEagle
0  -1.170933 -21.826431 0.385110  -0.429961 -0.887330 0.166671  0.002329 0.601074 1 62 1.000000
0  -1.197556 -21.783453 0.385113  -0.924091 -0.362159 0.122048  0.003368 0.601074 1 62 1.000000
0  -1.171048 -21.808222 0.275927  -0.482761 -0.863955 -0.143260  0.002773 0.604004 1 62 1.000000
MI_1P_DEagle
0  -1.171048 -21.808222 0.275927  -0.482761 -0.863955 -0.143260  0.002773 0.604004 1 62 1.000000
0  -1.155307 -21.808222 0.275927  0.000000 -0.986376 -0.164509  0.002411 0.604004 1 62 1.000000
0  -1.170933 -21.826431 0.385110  -0.429961 -0.887330 0.166671  0.002329 0.601074 1 62 1.000000
MI_1P_DEagle
0  -1.197852 -21.765245 0.275930  -0.920459 -0.385885 -0.062038  0.003813 0.604004 1 62 1.000000
0  -1.171048 -21.808222 0.275927  -0.482761 -0.863955 -0.143260  0.002773 0.604004 1 62 1.000000
0  -1.197556 -21.783453 0.385113  -0.924091 -0.362159 0.122048  0.003368 0.601074 1 62 1.000000
MI_1P_DEagle
0  -1.155307 -21.808222 0.275927  0.000000 -0.986376 -0.164509  0.002411 0.604004 1 62 1.000000
0  -1.171048 -21.808222 0.275927  -0.482761 -0.863955 -0.143260  0.002773 0.604004 1 62 1.000000
0  -1.155307 -21.629951 -0.792942  0.000012 -0.986374 -0.164517  0.006832 0.629150 1 62 1.000000
MI_1P_DEagle
0  -1.172179 -21.629583 -0.795151  -0.469788 -0.870924 -0.144185  0.007133 0.629395 1 62 1.000000
0  -1.155307 -21.629951 -0.792942  0.000012 -0.986374 -0.164517  0.006832 0.629150 1 62 1.000000
0  -1.171048 -21.808222 0.275927  -0.482761 -0.863955 -0.143260  0.002773 0.604004 1 62 1.000000
MI_1P_DEagle
0  -1.171048 -21.808222 0.275927  -0.482761 -0.863955 -0.143260  0.002773 0.604004 1 62 1.000000
0  -1.197852 -21.765245 0.275930  -0.920459 -0.385885 -0.062038  0.003813 0.604004 1 62 1.000000
0  -1.172179 -21.629583 -0.795151  -0.469788 -0.870924 -0.144185  0.007133 0.629395 1 62 1.000000
MI_1P_DEagle
0  -1.155307 -21.629951 -0.792942  0.000012 -0.986374 -0.164517  0.006832 0.629150 1 62 1.000000
0  -1.172179 -21.629583 -0.795151  -0.469788 -0.870924 -0.144185  0.007133 0.629395 1 62 1.000000
0  -1.155307 -21.610588 -0.909044  0.011373 -0.968446 -0.248963  0.007298 0.632324 1 62 1.000000
MI_1P_DEagle
0  -1.172179 -21.629583 -0.795151  -0.469788 -0.870924 -0.144185  0.007133 0.629395 1 62 1.000000
0  -1.197852 -21.765245 0.275930  -0.920459 -0.385885 -0.062038  0.003813 0.604004 1 62 1.000000
0  -1.200872 -21.578699 -0.842629  -0.911975 -0.405244 -0.063861  0.008369 0.630615 1 62 1.000000
MI_1P_DEagle
0  -1.304623 -21.323097 0.275954  -0.976288 -0.214526 -0.028981  0.014351 0.604004 1 62 1.000000
0  -1.200872 -21.578699 -0.842629  -0.911975 -0.405244 -0.063861  0.008369 0.630615 1 62 1.000000
0  -1.197852 -21.765245 0.275930  -0.920459 -0.385885 -0.062038  0.003813 0.604004 1 62 1.000000
MI_1P_DEagle
0  -1.172301 -21.610220 -0.911252  -0.439188 -0.871602 -0.217770  0.007603 0.632324 1 62 1.000000
0  -1.155307 -21.610588 -0.909044  0.011373 -0.968446 -0.248963  0.007298 0.632324 1 62 1.000000
0  -1.172179 -21.629583 -0.795151  -0.469788 -0.870924 -0.144185  0.007133 0.629395 1 62 1.000000
MI_1P_DEagle
0  -1.200872 -21.578699 -0.842629  -0.911975 -0.405244 -0.063861  0.008369 0.630615 1 62 1.000000
0  -1.172301 -21.610220 -0.911252  -0.439188 -0.871602 -0.217770  0.007603 0.632324 1 62 1.000000
0  -1.172179 -21.629583 -0.795151  -0.469788 -0.870924 -0.144185  0.007133 0.629395 1 62 1.000000
MI_1P_DEagle
0  -1.155307 -21.610588 -0.909044  0.011373 -0.968446 -0.248963  0.007298 0.632324 1 62 1.000000
0  -1.172301 -21.610220 -0.911252  -0.439188 -0.871602 -0.217770  0.007603 0.632324 1 62 1.000000
0  -1.155310 -21.592707 -0.957490  0.001855 -0.869937 -0.493159  0.007679 0.633545 1 62 1.000000
MI_1P_DEagle
0  -1.200872 -21.578699 -0.842629  -0.911975 -0.405244 -0.063861  0.008369 0.630615 1 62 1.000000
0  -1.304623 -21.323097 0.275954  -0.976288 -0.214526 -0.028981  0.014351 0.604004 1 62 1.000000
0  -1.316173 -21.066637 -1.278240  -0.976123 -0.216161 -0.021416  0.020615 0.640625 1 62 1.000000
MI_1P_DEagle
0  -1.366229 -21.010698 0.275978  -0.985991 -0.165946 -0.016816  0.021774 0.604004 1 62 1.000000
0  -1.316173 -21.066637 -1.278240  -0.976123 -0.216161 -0.021416  0.020615 0.640625 1 62 1.000000
0  -1.304623 -21.323097 0.275954  -0.976288 -0.214526 -0.028981  0.014351 0.604004 1 62 1.000000
MI_1P_DEagle
0  -1.173830 -21.592064 -0.958543  -0.383890 -0.810922 -0.441626  0.008041 0.633301 1 62 1.000000
0  -1.155310 -21.592707 -0.957490  0.001855 -0.869937 -0.493159  0.007679 0.633545 1 62 1.000000
0  -1.172301 -21.610220 -0.911252  -0.439188 -0.871602 -0.217770  0.007603 0.632324 1 62 1.000000
MI_1P_DEagle
0  -1.155310 -21.592707 -0.957490  0.001855 -0.869937 -0.493159  0.007679 0.633545 1 62 1.000000
0  -1.173830 -21.592064 -0.958543  -0.383890 -0.810922 -0.441626  0.008041 0.633301 1 62 1.000000
0  -1.155320 -21.555683 -1.003165  -0.005010 -0.715156 -0.698946  0.008781 0.635010 1 62 1.000000
MI_1P_DEagle
0  -1.172301 -21.610220 -0.911252  -0.439188 -0.871602 -0.217770  0.007603 0.632324 1 62 1.000000
0  -1.200872 -21.578699 -0.842629  -0.911975 -0.405244 -0.063861  0.008369 0.630615 1 62 1.000000
0  -1.201186 -21.559336 -0.958730  -0.860097 -0.457705 -0.225252  0.008842 0.633301 1 62 1.000000
MI_1P_DEagle
0  -1.173830 -21.592064 -0.958543  -0.383890 -0.810922 -0.441626  0.008041 0.633301 1 62 1.000000
0  -1.172301 -21.610220 -0.911252  -0.439188 -0.871602 -0.217770  0.007603 0.632324 1 62 1.000000
0  -1.201186 -21.559336 -0.958730  -0.860097 -0.457705 -0.225252  0.008842 0.633301 1 62 1.000000
MI_1P_DEagle
0  -1.201186 -21.559336 -0.958730  -0.860097 -0.457705 -0.225252  0.008842 0.633301 1 62 1.000000
0  -1.200872 -21.578699 -0.842629  -0.911975 -0.405244 -0.063861  0.008369 0.630615 1 62 1.000000
0  -1.316173 -21.066637 -1.278240  -0.976123 -0.216161 -0.021416  0.020615 0.640625 1 62 1.000000
MI_1P_DEagle
0  -1.178318 -21.553471 -1.005170  -0.407805 -0.656774 -0.634305  0.008957 0.634521 1 62 1.000000
0  -1.155320 -21.555683 -1.003165  -0.005010 -0.715156 -0.698946  0.008781 0.635010 1 62 1.000000
0  -1.173830 -21.592064 -0.958543  -0.383890 -0.810922 -0.441626  0.008041 0.633301 1 62 1.000000
MI_1P_DEagle
0  -1.201186 -21.559336 -0.958730  -0.860097 -0.457705 -0.225252  0.008842 0.633301 1 62 1.000000
0  -1.178318 -21.553471 -1.005170  -0.407805 -0.656774 -0.634305  0.008957 0.634521 1 62 1.000000
0  -1.173830 -21.592064 -0.958543  -0.383890 -0.810922 -0.441626  0.008041 0.633301 1 62 1.000000
MI_1P_DEagle
0  -1.155320 -21.555683 -1.003165  -0.005010 -0.715156 -0.698946  0.008781 0.635010 1 62 1.000000
0  -1.178318 -21.553471 -1.005170  -0.407805 -0.656774 -0.634305  0.008957 0.634521 1 62 1.000000
0  -1.155332 -21.148062 -1.343756  0.000064 -0.755441 -0.655217  0.017944 0.643066 1 62 1.000000
MI_1P_DEagle
0  -1.225376 -21.148062 -1.343755  -0.205739 -0.759632 -0.616952  0.018356 0.642578 1 62 1.000000
0  -1.155332 -21.148062 -1.343756  0.000064 -0.755441 -0.655217  0.017944 0.643066 1 62 1.000000
0  -1.178318 -21.553471 -1.005170  -0.407805 -0.656774 -0.634305  0.008957 0.634521 1 62 1.000000
MI_1P_DEagle
0  -1.201186 -21.559336 -0.958730  -0.860097 -0.457705 -0.225252  0.008842 0.633301 1 62 1.000000
0  -1.225376 -21.148062 -1.343755  -0.205739 -0.759632 -0.616952  0.018356 0.642578 1 62 1.000000
0  -1.178318 -21.553471 -1.005170  -0.407805 -0.656774 -0.634305  0.008957 0.634521 1 62 1.000000
MI_1P_DEagle
0  -1.155332 -21.148062 -1.343756  0.000064 -0.755441 -0.655217  0.017944 0.643066 1 62 1.000000
0  -1.225376 -21.148062 -1.343755  -0.205739 -0.759632 -0.616952  0.018356 0.642578 1 62 1.000000
0  -1.155332 -21.094234 -1.430774  -0.000005 -0.929002 -0.370074  0.019012 0.645020 1 62 1.000000
MI_1P_DEagle
0  -1.300882 -21.129658 -1.316119  -0.798715 -0.521256 -0.300577  0.019119 0.641602 1 62 1.000000
0  -1.201186 -21.559336 -0.958730  -0.860097 -0.457705 -0.225252  0.008842 0.633301 1 62 1.000000
0  -1.316173 -21.066637 -1.278240  -0.976123 -0.216161 -0.021416  0.020615 0.640625 1 62 1.000000
MI_1P_DEagle
0  -1.225376 -21.148062 -1.343755  -0.205739 -0.759632 -0.616952  0.018356 0.642578 1 62 1.000000
0  -1.201186 -21.559336 -0.958730  -0.860097 -0.457705 -0.225252  0.008842 0.633301 1 62 1.000000
0  -1.300882 -21.129658 -1.316119  -0.798715 -0.521256 -0.300577  0.019119 0.641602 1 62 1.000000
MI_1P_DEagle
0  -1.230650 -21.094234 -1.430774  -0.182173 -0.916473 -0.356217  0.019623 0.644531 1 62 1.000000
0  -1.155332 -21.094234 -1.430774  -0.000005 -0.929002 -0.370074  0.019012 0.645020 1 62 1.000000
0  -1.225376 -21.148062 -1.343755  -0.205739 -0.759632 -0.616952  0.018356 0.642578 1 62 1.000000
MI_1P_DEagle
0  -1.155332 -21.094234 -1.430774  -0.000005 -0.929002 -0.370074  0.019012 0.645020 1 62 1.000000
0  -1.230650 -21.094234 -1.430774  -0.182173 -0.916473 -0.356217  0.019623 0.644531 1 62 1.000000
0  -1.155332 -21.075226 -1.522560  -0.000001 -1.000000 -0.000006  0.019302 0.646484 1 62 1.000000
MI_1P_DEagle
0  -1.225376 -21.148062 -1.343755  -0.205739 -0.759632 -0.616952  0.018356 0.642578 1 62 1.000000
0  -1.300882 -21.129658 -1.316119  -0.798715 -0.521256 -0.300577  0.019119 0.641602 1 62 1.000000
0  -1.313247 -21.067425 -1.415408  -0.793282 -0.579970 -0.185309  0.020615 0.644043 1 62 1.000000
MI_1P_DEagle
0  -1.230650 -21.094234 -1.430774  -0.182173 -0.916473 -0.356217  0.019623 0.644531 1 62 1.000000
0  -1.225376 -21.148062 -1.343755  -0.205739 -0.759632 -0.616952  0.018356 0.642578 1 62 1.000000
0  -1.313247 -21.067425 -1.415408  -0.793282 -0.579970 -0.185309  0.020615 0.644043 1 62 1.000000
MI_1P_DEagle
0  -1.316173 -21.066637 -1.278240  -0.976123 -0.216161 -0.021416  0.020615 0.640625 1 62 1.000000
0  -1.313247 -21.067425 -1.415408  -0.793282 -0.579970 -0.185309  0.020615 0.644043 1 62 1.000000
0  -1.300882 -21.129658 -1.316119  -0.798715 -0.521256 -0.300577  0.019119 0.641602 1 62 1.000000
MI_1P_DEagle
0  -1.231364 -21.075226 -1.522559  -0.179197 -0.983810 -0.002610  0.019974 0.646484 1 62 1.000000
0  -1.155332 -21.075226 -1.522560  -0.000001 -1.000000 -0.000006  0.019302 0.646484 1 62 1.000000
0  -1.230650 -21.094234 -1.430774  -0.182173 -0.916473 -0.356217  0.019623 0.644531 1 62 1.000000
MI_1P_DEagle
0  -1.328652 -20.994896 -1.372056  -0.978317 -0.205879 -0.022584  0.022339 0.642822 1 62 1.000000
0  -1.313247 -21.067425 -1.415408  -0.793282 -0.579970 -0.185309  0.020615 0.644043 1 62 1.000000
0  -1.316173 -21.066637 -1.278240  -0.976123 -0.216161 -0.021416  0.020615 0.640625 1 62 1.000000
MI_1P_DEagle
0  -1.366229 -21.010698 0.275978  -0.985991 -0.165946 -0.016816  0.021774 0.604004 1 62 1.000000
0  -1.328652 -20.994896 -1.372056  -0.978317 -0.205879 -0.022584  0.022339 0.642822 1 62 1.000000
0  -1.316173 -21.066637 -1.278240  -0.976123 -0.216161 -0.021416  0.020615 0.640625 1 62 1.000000
MI_1P_DEagle
0  -1.313247 -21.067425 -1.415408  -0.793282 -0.579970 -0.185309  0.020615 0.644043 1 62 1.000000
0  -1.315227 -21.044939 -1.521438  -0.795834 -0.604664 -0.032085  0.021164 0.646484 1 62 1.000000
0  -1.230650 -21.094234 -1.430774  -0.182173 -0.916473 -0.356217  0.019623 0.644531 1 62 1.000000
MI_1P_DEagle
0  -1.231364 -21.075226 -1.522559  -0.179197 -0.983810 -0.002610  0.019974 0.646484 1 62 1.000000
0  -1.230650 -21.094234 -1.430774  -0.182173 -0.916473 -0.356217  0.019623 0.644531 1 62 1.000000
0  -1.315227 -21.044939 -1.521438  -0.795834 -0.604664 -0.032085  0.021164 0.646484 1 62 1.000000
MI_1P_DEagle
0  -1.328652 -20.994896 -1.372056  -0.978317 -0.205879 -0.022584  0.022339 0.642822 1 62 1.000000
0  -1.335655 -20.945553 -1.515409  -0.977047 -0.210759 -0.030983  0.023529 0.646240 1 62 1.000000
0  -1.313247 -21.067425 -1.415408  -0.793282 -0.579970 -0.185309  0.020615 0.644043 1 62 1.000000
MI_1P_DEagle
0  -1.315227 -21.044939 -1.521438  -0.795834 -0.604664 -0.032085  0.021164 0.646484 1 62 1.000000
0  -1.313247 -21.067425 -1.415408  -0.793282 -0.579970 -0.185309  0.020615 0.644043 1 62 1.000000
0  -1.335655 -20.945553 -1.515409  -0.977047 -0.210759 -0.030983  0.023529 0.646240 1 62 1.000000
MI_1P_DEagle
0  -1.328652 -20.994896 -1.372056  -0.978317 -0.205879 -0.022584  0.022339 0.642822 1 62 1.000000
0  -1.366229 -21.010698 0.275978  -0.985991 -0.165946 -0.016816  0.021774 0.604004 1 62 1.000000
0  -1.387654 -20.707439 -1.554686  -0.982500 -0.185246 -0.019408  0.029205 0.647217 1 62 1.000000
MI_1P_DEagle
0  -1.328652 -20.994896 -1.372056  -0.978317 -0.205879 -0.022584  0.022339 0.642822 1 62 1.000000
0  -1.387654 -20.707439 -1.554686  -0.982500 -0.185246 -0.019408  0.029205 0.647217 1 62 1.000000
0  -1.335655 -20.945553 -1.515409  -0.977047 -0.210759 -0.030983  0.023529 0.646240 1 62 1.000000
MI_1P_DEagle
0  -1.421606 -20.611717 0.276002  -0.994016 -0.109169 -0.003687  0.031235 0.604004 1 62 1.000000
0  -1.387654 -20.707439 -1.554686  -0.982500 -0.185246 -0.019408  0.029205 0.647217 1 62 1.000000
0  -1.366229 -21.010698 0.275978  -0.985991 -0.165946 -0.016816  0.021774 0.604004 1 62 1.000000
MI_1P_DEagle
0  -1.231364 -21.075226 -1.522559  -0.179197 -0.983810 -0.002610  0.019974 0.646484 1 62 1.000000
0  -1.227195 -21.094234 -1.614346  -0.198911 -0.918620 0.341427  0.019531 0.648438 1 62 1.000000
0  -1.155332 -21.075226 -1.522560  -0.000001 -1.000000 -0.000006  0.019302 0.646484 1 62 1.000000
MI_1P_DEagle
0  -1.227195 -21.094234 -1.614346  -0.198911 -0.918620 0.341427  0.019531 0.648438 1 62 1.000000
0  -1.231364 -21.075226 -1.522559  -0.179197 -0.983810 -0.002610  0.019974 0.646484 1 62 1.000000
0  -1.315227 -21.044939 -1.521438  -0.795834 -0.604664 -0.032085  0.021164 0.646484 1 62 1.000000
MI_1P_DEagle
0  -1.155332 -21.094234 -1.614346  -0.000048 -0.928961 0.370177  0.018951 0.648193 1 62 1.000000
0  -1.155332 -21.075226 -1.522560  -0.000001 -1.000000 -0.000006  0.019302 0.646484 1 62 1.000000
0  -1.227195 -21.094234 -1.614346  -0.198911 -0.918620 0.341427  0.019531 0.648438 1 62 1.000000
MI_1P_DEagle
0  -1.315227 -21.044939 -1.521438  -0.795834 -0.604664 -0.032085  0.021164 0.646484 1 62 1.000000
0  -1.335655 -20.945553 -1.515409  -0.977047 -0.210759 -0.030983  0.023529 0.646240 1 62 1.000000
0  -1.305764 -21.065941 -1.632799  -0.806754 -0.579173 0.117078  0.020676 0.649170 1 62 1.000000
MI_1P_DEagle
0  -1.227195 -21.094234 -1.614346  -0.198911 -0.918620 0.341427  0.019531 0.648438 1 62 1.000000
0  -1.315227 -21.044939 -1.521438  -0.795834 -0.604664 -0.032085  0.021164 0.646484 1 62 1.000000
0  -1.305764 -21.065941 -1.632799  -0.806754 -0.579173 0.117078  0.020676 0.649170 1 62 1.000000
MI_1P_DEagle
0  -1.227195 -21.094234 -1.614346  -0.198911 -0.918620 0.341427  0.019531 0.648438 1 62 1.000000
0  -1.218913 -21.146286 -1.698467  -0.279396 -0.721881 0.633108  0.018417 0.650391 1 62 1.000000
0  -1.155332 -21.094234 -1.614346  -0.000048 -0.928961 0.370177  0.018951 0.648193 1 62 1.000000
MI_1P_DEagle
0  -1.218913 -21.146286 -1.698467  -0.279396 -0.721881 0.633108  0.018417 0.650391 1 62 1.000000
0  -1.227195 -21.094234 -1.614346  -0.198911 -0.918620 0.341427  0.019531 0.648438 1 62 1.000000
0  -1.305764 -21.065941 -1.632799  -0.806754 -0.579173 0.117078  0.020676 0.649170 1 62 1.000000
MI_1P_DEagle
0  -1.155332 -21.146286 -1.698436  -0.000829 -0.700513 0.713639  0.017899 0.649902 1 62 1.000000
0  -1.155332 -21.094234 -1.614346  -0.000048 -0.928961 0.370177  0.018951 0.648193 1 62 1.000000
0  -1.218913 -21.146286 -1.698467  -0.279396 -0.721881 0.633108  0.018417 0.650391 1 62 1.000000
MI_1P_DEagle
0  -1.305764 -21.065941 -1.632799  -0.806754 -0.579173 0.117078  0.020676 0.649170 1 62 1.000000
0  -1.335655 -20.945553 -1.515409  -0.977047 -0.210759 -0.030983  0.023529 0.646240 1 62 1.000000
0  -1.320208 -20.986839 -1.692224  -0.975027 -0.219549 -0.033474  0.022568 0.650391 1 62 1.000000
MI_1P_DEagle
0  -1.387654 -20.707439 -1.554686  -0.982500 -0.185246 -0.019408  0.029205 0.647217 1 62 1.000000
0  -1.320208 -20.986839 -1.692224  -0.975027 -0.219549 -0.033474  0.022568 0.650391 1 62 1.000000
0  -1.335655 -20.945553 -1.515409  -0.977047 -0.210759 -0.030983  0.023529 0.646240 1 62 1.000000
MI_1P_DEagle
0  -1.218913 -21.146286 -1.698467  -0.279396 -0.721881 0.633108  0.018417 0.650391 1 62 1.000000
0  -1.305764 -21.065941 -1.632799  -0.806754 -0.579173 0.117078  0.020676 0.649170 1 62 1.000000
0  -1.287097 -21.123657 -1.734506  -0.848099 -0.481539 0.221019  0.019302 0.651611 1 62 1.000000
MI_1P_DEagle
0  -1.305764 -21.065941 -1.632799  -0.806754 -0.579173 0.117078  0.020676 0.649170 1 62 1.000000
0  -1.320208 -20.986839 -1.692224  -0.975027 -0.219549 -0.033474  0.022568 0.650391 1 62 1.000000
0  -1.287097 -21.123657 -1.734506  -0.848099 -0.481539 0.221019  0.019302 0.651611 1 62 1.000000
MI_1P_DEagle
0  -1.155332 -21.146286 -1.698436  -0.000829 -0.700513 0.713639  0.017899 0.649902 1 62 1.000000
0  -1.218913 -21.146286 -1.698467  -0.279396 -0.721881 0.633108  0.018417 0.650391 1 62 1.000000
0  -1.203078 -21.256964 -1.764195  -0.406930 -0.391112 0.825494  0.015900 0.651855 1 62 1.000000
MI_1P_DEagle
0  -1.155331 -21.257427 -1.764217  -0.003069 -0.337091 0.941467  0.015686 0.651367 1 62 1.000000
0  -1.155332 -21.146286 -1.698436  -0.000829 -0.700513 0.713639  0.017899 0.649902 1 62 1.000000
0  -1.203078 -21.256964 -1.764195  -0.406930 -0.391112 0.825494  0.015900 0.651855 1 62 1.000000
MI_1P_DEagle
0  -1.287097 -21.123657 -1.734506  -0.848099 -0.481539 0.221019  0.019302 0.651611 1 62 1.000000
0  -1.251091 -21.248024 -1.812283  -0.894557 -0.347906 0.280588  0.016357 0.653320 1 62 1.000000
0  -1.218913 -21.146286 -1.698467  -0.279396 -0.721881 0.633108  0.018417 0.650391 1 62 1.000000
MI_1P_DEagle
0  -1.203078 -21.256964 -1.764195  -0.406930 -0.391112 0.825494  0.015900 0.651855 1 62 1.000000
0  -1.218913 -21.146286 -1.698467  -0.279396 -0.721881 0.633108  0.018417 0.650391 1 62 1.000000
0  -1.251091 -21.248024 -1.812283  -0.894557 -0.347906 0.280588  0.016357 0.653320 1 62 1.000000
MI_1P_DEagle
0  -1.203078 -21.256964 -1.764195  -0.406930 -0.391112 0.825494  0.015900 0.651855 1 62 1.000000
0  -1.179349 -21.422554 -1.790133  -0.498922 -0.313914 0.807796  0.012154 0.652832 1 62 1.000000
0  -1.155331 -21.257427 -1.764217  -0.003069 -0.337091 0.941467  0.015686 0.651367 1 62 1.000000
MI_1P_DEagle
0  -1.155320 -21.424406 -1.790272  -0.013370 -0.309414 0.950833  0.012108 0.652832 1 62 1.000000
0  -1.155331 -21.257427 -1.764217  -0.003069 -0.337091 0.941467  0.015686 0.651367 1 62 1.000000
0  -1.179349 -21.422554 -1.790133  -0.498922 -0.313914 0.807796  0.012154 0.652832 1 62 1.000000
MI_1P_DEagle
0  -1.179349 -21.422554 -1.790133  -0.498922 -0.313914 0.807796  0.012154 0.652832 1 62 1.000000
0  -1.203078 -21.256964 -1.764195  -0.406930 -0.391112 0.825494  0.015900 0.651855 1 62 1.000000
0  -1.203501 -21.413042 -1.835937  -0.907575 -0.393243 0.147201  0.012413 0.654053 1 62 1.000000
MI_1P_DEagle
0  -1.251091 -21.248024 -1.812283  -0.894557 -0.347906 0.280588  0.016357 0.653320 1 62 1.000000
0  -1.203501 -21.413042 -1.835937  -0.907575 -0.393243 0.147201  0.012413 0.654053 1 62 1.000000
0  -1.203078 -21.256964 -1.764195  -0.406930 -0.391112 0.825494  0.015900 0.651855 1 62 1.000000
MI_1P_DEagle
0  -1.179349 -21.422554 -1.790133  -0.498922 -0.313914 0.807796  0.012154 0.652832 1 62 1.000000
0  -1.174771 -21.451071 -1.803904  -0.437197 -0.745644 0.502866  0.011482 0.653320 1 62 1.000000
0  -1.155320 -21.424406 -1.790272  -0.013370 -0.309414 0.950833  0.012108 0.652832 1 62 1.000000
MI_1P_DEagle
0  -1.179349 -21.422554 -1.790133  -0.498922 -0.313914 0.807796  0.012154 0.652832 1 62 1.000000
0  -1.203501 -21.413042 -1.835937  -0.907575 -0.393243 0.147201  0.012413 0.654053 1 62 1.000000
0  -1.174771 -21.451071 -1.803904  -0.437197 -0.745644 0.502866  0.011482 0.653320 1 62 1.000000
MI_1P_DEagle
0  -1.155310 -21.451511 -1.804065  -0.008961 -0.823408 0.567379  0.011360 0.653076 1 62 1.000000
0  -1.155320 -21.424406 -1.790272  -0.013370 -0.309414 0.950833  0.012108 0.652832 1 62 1.000000
0  -1.174771 -21.451071 -1.803904  -0.437197 -0.745644 0.502866  0.011482 0.653320 1 62 1.000000
MI_1P_DEagle
0  -1.174771 -21.451071 -1.803904  -0.437197 -0.745644 0.502866  0.011482 0.653320 1 62 1.000000
0  -1.173277 -21.455460 -1.839163  -0.437588 -0.898639 -0.031055  0.011383 0.654053 1 62 1.000000
0  -1.155310 -21.451511 -1.804065  -0.008961 -0.823408 0.567379  0.011360 0.653076 1 62 1.000000
MI_1P_DEagle
0  -1.173277 -21.455460 -1.839163  -0.437588 -0.898639 -0.031055  0.011383 0.654053 1 62 1.000000
0  -1.174771 -21.451071 -1.803904  -0.437197 -0.745644 0.502866  0.011482 0.653320 1 62 1.000000
0  -1.203501 -21.413042 -1.835937  -0.907575 -0.393243 0.147201  0.012413 0.654053 1 62 1.000000
MI_1P_DEagle
0  -1.155307 -21.455376 -1.839668  0.003748 -0.999456 -0.032757  0.011169 0.654053 1 62 1.000000
0  -1.155310 -21.451511 -1.804065  -0.008961 -0.823408 0.567379  0.011360 0.653076 1 62 1.000000
0  -1.173277 -21.455460 -1.839163  -0.437588 -0.898639 -0.031055  0.011383 0.654053 1 62 1.000000
MI_1P_DEagle
0  -1.173277 -21.455460 -1.839163  -0.437588 -0.898639 -0.031055  0.011383 0.654053 1 62 1.000000
0  -1.173389 -21.440372 -1.927762  -0.458354 -0.876229 -0.148778  0.011749 0.656250 1 62 1.000000
0  -1.155307 -21.455376 -1.839668  0.003748 -0.999456 -0.032757  0.011169 0.654053 1 62 1.000000
MI_1P_DEagle
0  -1.173277 -21.455460 -1.839163  -0.437588 -0.898639 -0.031055  0.011383 0.654053 1 62 1.000000
0  -1.203501 -21.413042 -1.835937  -0.907575 -0.393243 0.147201  0.012413 0.654053 1 62 1.000000
0  -1.173389 -21.440372 -1.927762  -0.458354 -0.876229 -0.148778  0.011749 0.656250 1 62 1.000000
MI_1P_DEagle
0  -1.155307 -21.440289 -1.928267  -0.000113 -0.985809 -0.167873  0.011520 0.656250 1 62 1.000000
0  -1.155307 -21.455376 -1.839668  0.003748 -0.999456 -0.032757  0.011169 0.654053 1 62 1.000000
0  -1.173389 -21.440372 -1.927762  -0.458354 -0.876229 -0.148778  0.011749 0.656250 1 62 1.000000
MI_1P_DEagle
0  -1.204153 -21.397066 -1.924536  -0.900763 -0.428644 -0.069927  0.012802 0.656006 1 62 1.000000
0  -1.173389 -21.440372 -1.927762  -0.458354 -0.876229 -0.148778  0.011749 0.656250 1 62 1.000000
0  -1.203501 -21.413042 -1.835937  -0.907575 -0.393243 0.147201  0.012413 0.654053 1 62 1.000000
MI_1P_DEagle
0  -1.203501 -21.413042 -1.835937  -0.907575 -0.393243 0.147201  0.012413 0.654053 1 62 1.000000
0  -1.251091 -21.248024 -1.812283  -0.894557 -0.347906 0.280588  0.016357 0.653320 1 62 1.000000
0  -1.204153 -21.397066 -1.924536  -0.900763 -0.428644 -0.069927  0.012802 0.656006 1 62 1.000000
MI_1P_DEagle
0  -1.155307 -21.440289 -1.928267  -0.000113 -0.985809 -0.167873  0.011520 0.656250 1 62 1.000000
0  -1.173389 -21.440372 -1.927762  -0.458354 -0.876229 -0.148778  0.011749 0.656250 1 62 1.000000
0  -1.179759 -20.587986 -6.933046  -0.429356 -0.866127 -0.255885  0.032532 0.772949 1 62 1.000000
MI_1P_DEagle
0  -1.173389 -21.440372 -1.927762  -0.458354 -0.876229 -0.148778  0.011749 0.656250 1 62 1.000000
0  -1.204153 -21.397066 -1.924536  -0.900763 -0.428644 -0.069927  0.012802 0.656006 1 62 1.000000
0  -1.179759 -20.587986 -6.933046  -0.429356 -0.866127 -0.255885  0.032532 0.772949 1 62 1.000000
MI_1P_DEagle
0  -1.155307 -20.587986 -6.933046  0.000000 -0.943243 -0.332102  0.032135 0.773071 1 62 1.000000
0  -1.155307 -21.440289 -1.928267  -0.000113 -0.985809 -0.167873  0.011520 0.656250 1 62 1.000000
0  -1.179759 -20.587986 -6.933046  -0.429356 -0.866127 -0.255885  0.032532 0.772949 1 62 1.000000
MI_1P_DEagle
0  -1.155307 -20.587986 -6.933046  0.000000 -0.943243 -0.332102  0.032135 0.773071 1 62 1.000000
0  -1.179759 -20.587986 -6.933046  -0.429356 -0.866127 -0.255885  0.032532 0.772949 1 62 1.000000
0  -1.155307 -20.498890 -7.092937  0.440335 -0.673715 -0.593475  0.034180 0.777344 1 62 1.000000
MI_1P_DEagle
0  -1.254520 -21.227242 -1.883274  -0.964048 -0.263359 -0.035401  0.016846 0.655029 1 62 1.000000
0  -1.204153 -21.397066 -1.924536  -0.900763 -0.428644 -0.069927  0.012802 0.656006 1 62 1.000000
0  -1.251091 -21.248024 -1.812283  -0.894557 -0.347906 0.280588  0.016357 0.653320 1 62 1.000000
MI_1P_DEagle
0  -1.186328 -20.507278 -7.109166  0.041432 -0.714807 -0.698093  0.034454 0.777100 1 62 1.000000
0  -1.155307 -20.498890 -7.092937  0.440335 -0.673715 -0.593475  0.034180 0.777344 1 62 1.000000
0  -1.179759 -20.587986 -6.933046  -0.429356 -0.866127 -0.255885  0.032532 0.772949 1 62 1.000000
MI_1P_DEagle
0  -1.241895 -20.472359 -7.052899  -0.879422 -0.462899 -0.111096  0.035339 0.775757 1 62 1.000000
0  -1.179759 -20.587986 -6.933046  -0.429356 -0.866127 -0.255885  0.032532 0.772949 1 62 1.000000
0  -1.204153 -21.397066 -1.924536  -0.900763 -0.428644 -0.069927  0.012802 0.656006 1 62 1.000000
MI_1P_DEagle
0  -1.204153 -21.397066 -1.924536  -0.900763 -0.428644 -0.069927  0.012802 0.656006 1 62 1.000000
0  -1.254520 -21.227242 -1.883274  -0.964048 -0.263359 -0.035401  0.016846 0.655029 1 62 1.000000
0  -1.241895 -20.472359 -7.052899  -0.879422 -0.462899 -0.111096  0.035339 0.775757 1 62 1.000000
MI_1P_DEagle
0  -1.179759 -20.587986 -6.933046  -0.429356 -0.866127 -0.255885  0.032532 0.772949 1 62 1.000000
0  -1.219089 -20.497398 -7.098708  -0.617457 -0.631982 -0.468343  0.034821 0.776733 1 62 1.000000
0  -1.186328 -20.507278 -7.109166  0.041432 -0.714807 -0.698093  0.034454 0.777100 1 62 1.000000
MI_1P_DEagle
0  -1.179759 -20.587986 -6.933046  -0.429356 -0.866127 -0.255885  0.032532 0.772949 1 62 1.000000
0  -1.241895 -20.472359 -7.052899  -0.879422 -0.462899 -0.111096  0.035339 0.775757 1 62 1.000000
0  -1.219089 -20.497398 -7.098708  -0.617457 -0.631982 -0.468343  0.034821 0.776733 1 62 1.000000
MI_1P_DEagle
0  -1.155307 -20.498890 -7.092937  0.440335 -0.673715 -0.593475  0.034180 0.777344 1 62 1.000000
0  -1.186328 -20.507278 -7.109166  0.041432 -0.714807 -0.698093  0.034454 0.777100 1 62 1.000000
0  -1.185978 -20.366756 -7.183463  -0.004382 -0.368014 -0.929810  0.037109 0.779907 1 62 1.000000
MI_1P_DEagle
0  -1.219089 -20.497398 -7.098708  -0.617457 -0.631982 -0.468343  0.034821 0.776733 1 62 1.000000
0  -1.185978 -20.366756 -7.183463  -0.004382 -0.368014 -0.929810  0.037109 0.779907 1 62 1.000000
0  -1.186328 -20.507278 -7.109166  0.041432 -0.714807 -0.698093  0.034454 0.777100 1 62 1.000000
MI_1P_DEagle
0  -1.155307 -20.365347 -7.183183  0.029260 -0.375839 -0.926223  0.037079 0.780273 1 62 1.000000
0  -1.155307 -20.498890 -7.092937  0.440335 -0.673715 -0.593475  0.034180 0.777344 1 62 1.000000
0  -1.185978 -20.366756 -7.183463  -0.004382 -0.368014 -0.929810  0.037109 0.779907 1 62 1.000000
MI_1P_DEagle
0  -1.241895 -20.472359 -7.052899  -0.879422 -0.462899 -0.111096  0.035339 0.775757 1 62 1.000000
0  -1.279166 -20.372494 -7.113081  -0.916369 -0.386008 -0.106136  0.037750 0.777100 1 62 1.000000
0  -1.219089 -20.497398 -7.098708  -0.617457 -0.631982 -0.468343  0.034821 0.776733 1 62 1.000000
MI_1P_DEagle
0  -1.241895 -20.472359 -7.052899  -0.879422 -0.462899 -0.111096  0.035339 0.775757 1 62 1.000000
0  -1.254520 -21.227242 -1.883274  -0.964048 -0.263359 -0.035401  0.016846 0.655029 1 62 1.000000
0  -1.279166 -20.372494 -7.113081  -0.916369 -0.386008 -0.106136  0.037750 0.777100 1 62 1.000000
MI_1P_DEagle
0  -1.185978 -20.366756 -7.183463  -0.004382 -0.368014 -0.929810  0.037109 0.779907 1 62 1.000000
0  -1.219089 -20.497398 -7.098708  -0.617457 -0.631982 -0.468343  0.034821 0.776733 1 62 1.000000
0  -1.269433 -20.371141 -7.177913  -0.556797 -0.453283 -0.696069  0.037811 0.778320 1 62 1.000000
MI_1P_DEagle
0  -1.279166 -20.372494 -7.113081  -0.916369 -0.386008 -0.106136  0.037750 0.777100 1 62 1.000000
0  -1.269433 -20.371141 -7.177913  -0.556797 -0.453283 -0.696069  0.037811 0.778320 1 62 1.000000
0  -1.219089 -20.497398 -7.098708  -0.617457 -0.631982 -0.468343  0.034821 0.776733 1 62 1.000000
MI_1P_DEagle
0  -1.155307 -20.365347 -7.183183  0.029260 -0.375839 -0.926223  0.037079 0.780273 1 62 1.000000
0  -1.185978 -20.366756 -7.183463  -0.004382 -0.368014 -0.929810  0.037109 0.779907 1 62 1.000000
0  -1.186601 -20.133043 -7.227851  0.030253 -0.111551 -0.993298  0.042603 0.782104 1 62 1.000000
MI_1P_DEagle
0  -1.185978 -20.366756 -7.183463  -0.004382 -0.368014 -0.929810  0.037109 0.779907 1 62 1.000000
0  -1.269433 -20.371141 -7.177913  -0.556797 -0.453283 -0.696069  0.037811 0.778320 1 62 1.000000
0  -1.186601 -20.133043 -7.227851  0.030253 -0.111551 -0.993298  0.042603 0.782104 1 62 1.000000
MI_1P_DEagle
0  -1.155307 -20.124586 -7.226176  0.077284 -0.094909 -0.992481  0.042450 0.782471 1 62 1.000000
0  -1.155307 -20.365347 -7.183183  0.029260 -0.375839 -0.926223  0.037079 0.780273 1 62 1.000000
0  -1.186601 -20.133043 -7.227851  0.030253 -0.111551 -0.993298  0.042603 0.782104 1 62 1.000000
MI_1P_DEagle
0  -1.254520 -21.227242 -1.883274  -0.964048 -0.263359 -0.035401  0.016846 0.655029 1 62 1.000000
0  -1.296619 -21.074760 -1.810249  -0.970870 -0.237561 -0.031257  0.020477 0.653320 1 62 1.000000
0  -1.279166 -20.372494 -7.113081  -0.916369 -0.386008 -0.106136  0.037750 0.777100 1 62 1.000000
MI_1P_DEagle
0  -1.254520 -21.227242 -1.883274  -0.964048 -0.263359 -0.035401  0.016846 0.655029 1 62 1.000000
0  -1.251091 -21.248024 -1.812283  -0.894557 -0.347906 0.280588  0.016357 0.653320 1 62 1.000000
0  -1.296619 -21.074760 -1.810249  -0.970870 -0.237561 -0.031257  0.020477 0.653320 1 62 1.000000
MI_1P_DEagle
0  -1.287097 -21.123657 -1.734506  -0.848099 -0.481539 0.221019  0.019302 0.651611 1 62 1.000000
0  -1.296619 -21.074760 -1.810249  -0.970870 -0.237561 -0.031257  0.020477 0.653320 1 62 1.000000
0  -1.251091 -21.248024 -1.812283  -0.894557 -0.347906 0.280588  0.016357 0.653320 1 62 1.000000
MI_1P_DEagle
0  -1.296619 -21.074760 -1.810249  -0.970870 -0.237561 -0.031257  0.020477 0.653320 1 62 1.000000
0  -1.287097 -21.123657 -1.734506  -0.848099 -0.481539 0.221019  0.019302 0.651611 1 62 1.000000
0  -1.320208 -20.986839 -1.692224  -0.975027 -0.219549 -0.033474  0.022568 0.650391 1 62 1.000000
MI_1P_DEagle
0  -1.355403 -20.160473 -7.154720  -0.946872 -0.283929 -0.151055  0.042847 0.778076 1 62 1.000000
0  -1.279166 -20.372494 -7.113081  -0.916369 -0.386008 -0.106136  0.037750 0.777100 1 62 1.000000
0  -1.296619 -21.074760 -1.810249  -0.970870 -0.237561 -0.031257  0.020477 0.653320 1 62 1.000000
MI_1P_DEagle
0  -1.320208 -20.986839 -1.692224  -0.975027 -0.219549 -0.033474  0.022568 0.650391 1 62 1.000000
0  -1.355403 -20.160473 -7.154720  -0.946872 -0.283929 -0.151055  0.042847 0.778076 1 62 1.000000
0  -1.296619 -21.074760 -1.810249  -0.970870 -0.237561 -0.031257  0.020477 0.653320 1 62 1.000000
MI_1P_DEagle
0  -1.269433 -20.371141 -7.177913  -0.556797 -0.453283 -0.696069  0.037811 0.778320 1 62 1.000000
0  -1.279166 -20.372494 -7.113081  -0.916369 -0.386008 -0.106136  0.037750 0.777100 1 62 1.000000
0  -1.355403 -20.160473 -7.154720  -0.946872 -0.283929 -0.151055  0.042847 0.778076 1 62 1.000000
MI_1P_DEagle
0  -1.355403 -20.160473 -7.154720  -0.946872 -0.283929 -0.151055  0.042847 0.778076 1 62 1.000000
0  -1.320208 -20.986839 -1.692224  -0.975027 -0.219549 -0.033474  0.022568 0.650391 1 62 1.000000
0  -1.452108 -19.795116 -7.062040  -0.975199 -0.202006 -0.090449  0.051544 0.775757 1 62 1.000000
MI_1P_DEagle
0  -1.320208 -20.986839 -1.692224  -0.975027 -0.219549 -0.033474  0.022568 0.650391 1 62 1.000000
0  -1.387654 -20.707439 -1.554686  -0.982500 -0.185246 -0.019408  0.029205 0.647217 1 62 1.000000
0  -1.452108 -19.795116 -7.062040  -0.975199 -0.202006 -0.090449  0.051544 0.775757 1 62 1.000000
MI_1P_DEagle
0  -1.355403 -20.160473 -7.154720  -0.946872 -0.283929 -0.151055  0.042847 0.778076 1 62 1.000000
0  -1.338367 -20.155327 -7.224145  -0.583842 -0.222952 -0.780654  0.042938 0.779663 1 62 1.000000
0  -1.269433 -20.371141 -7.177913  -0.556797 -0.453283 -0.696069  0.037811 0.778320 1 62 1.000000
MI_1P_DEagle
0  -1.338367 -20.155327 -7.224145  -0.583842 -0.222952 -0.780654  0.042938 0.779663 1 62 1.000000
0  -1.186601 -20.133043 -7.227851  0.030253 -0.111551 -0.993298  0.042603 0.782104 1 62 1.000000
0  -1.269433 -20.371141 -7.177913  -0.556797 -0.453283 -0.696069  0.037811 0.778320 1 62 1.000000
MI_1P_DEagle
0  -1.338367 -20.155327 -7.224145  -0.583842 -0.222952 -0.780654  0.042938 0.779663 1 62 1.000000
0  -1.355403 -20.160473 -7.154720  -0.946872 -0.283929 -0.151055  0.042847 0.778076 1 62 1.000000
0  -1.444140 -19.782381 -7.126105  -0.887391 -0.098492 -0.450374  0.051849 0.777222 1 62 1.000000
MI_1P_DEagle
0  -1.452108 -19.795116 -7.062040  -0.975199 -0.202006 -0.090449  0.051544 0.775757 1 62 1.000000
0  -1.444140 -19.782381 -7.126105  -0.887391 -0.098492 -0.450374  0.051849 0.777222 1 62 1.000000
0  -1.355403 -20.160473 -7.154720  -0.946872 -0.283929 -0.151055  0.042847 0.778076 1 62 1.000000
MI_1P_DEagle
0  -1.186601 -20.133043 -7.227851  0.030253 -0.111551 -0.993298  0.042603 0.782104 1 62 1.000000
0  -1.338367 -20.155327 -7.224145  -0.583842 -0.222952 -0.780654  0.042938 0.779663 1 62 1.000000
0  -1.339182 -19.746899 -7.232074  -0.414187 -0.007042 -0.910164  0.052551 0.780884 1 62 1.000000
MI_1P_DEagle
0  -1.444140 -19.782381 -7.126105  -0.887391 -0.098492 -0.450374  0.051849 0.777222 1 62 1.000000
0  -1.339182 -19.746899 -7.232074  -0.414187 -0.007042 -0.910164  0.052551 0.780884 1 62 1.000000
0  -1.338367 -20.155327 -7.224145  -0.583842 -0.222952 -0.780654  0.042938 0.779663 1 62 1.000000
MI_1P_DEagle
0  -1.155307 -20.124586 -7.226176  0.077284 -0.094909 -0.992481  0.042450 0.782471 1 62 1.000000
0  -1.186601 -20.133043 -7.227851  0.030253 -0.111551 -0.993298  0.042603 0.782104 1 62 1.000000
0  -1.186750 -19.757868 -7.241627  -0.026333 -0.020319 -0.999447  0.052765 0.782837 1 62 1.000000
MI_1P_DEagle
0  -1.186750 -19.757868 -7.241627  -0.026333 -0.020319 -0.999447  0.052765 0.782837 1 62 1.000000
0  -1.186601 -20.133043 -7.227851  0.030253 -0.111551 -0.993298  0.042603 0.782104 1 62 1.000000
0  -1.339182 -19.746899 -7.232074  -0.414187 -0.007042 -0.910164  0.052551 0.780884 1 62 1.000000
MI_1P_DEagle
0  -1.155307 -19.756458 -7.241347  0.009800 -0.020239 -0.999747  0.052856 0.783325 1 62 1.000000
0  -1.155307 -20.124586 -7.226176  0.077284 -0.094909 -0.992481  0.042450 0.782471 1 62 1.000000
0  -1.186750 -19.757868 -7.241627  -0.026333 -0.020319 -0.999447  0.052765 0.782837 1 62 1.000000
MI_1P_DEagle
0  -1.155307 -19.756458 -7.241347  0.009800 -0.020239 -0.999747  0.052856 0.783325 1 62 1.000000
0  -1.186750 -19.757868 -7.241627  -0.026333 -0.020319 -0.999447  0.052765 0.782837 1 62 1.000000
0  -1.184027 -16.738987 -7.242986  -0.048000 0.008018 -0.998815  0.123108 0.782837 1 62 1.000000
MI_1P_DEagle
0  -1.186750 -19.757868 -7.241627  -0.026333 -0.020319 -0.999447  0.052765 0.782837 1 62 1.000000
0  -1.339182 -19.746899 -7.232074  -0.414187 -0.007042 -0.910164  0.052551 0.780884 1 62 1.000000
0  -1.184027 -16.738987 -7.242986  -0.048000 0.008018 -0.998815  0.123108 0.782837 1 62 1.000000
MI_1P_DEagle
0  -1.153217 -16.739529 -7.242980  0.000268 0.002335 -0.999997  0.123108 0.783325 1 62 1.000000
0  -1.155307 -19.756458 -7.241347  0.009800 -0.020239 -0.999747  0.052856 0.783325 1 62 1.000000
0  -1.184027 -16.738987 -7.242986  -0.048000 0.008018 -0.998815  0.123108 0.782837 1 62 1.000000
MI_1P_DEagle
0  -1.184027 -16.738987 -7.242986  -0.048000 0.008018 -0.998815  0.123108 0.782837 1 62 1.000000
0  -1.147643 -16.450710 -7.241512  -0.054324 0.022434 -0.998271  0.129883 0.782837 1 62 1.000000
0  -1.153217 -16.739529 -7.242980  0.000268 0.002335 -0.999997  0.123108 0.783325 1 62 1.000000
MI_1P_DEagle
0  -1.120993 -16.454306 -7.241518  0.001225 0.013349 -0.999910  0.129761 0.783325 1 62 1.000000
0  -1.153217 -16.739529 -7.242980  0.000268 0.002335 -0.999997  0.123108 0.783325 1 62 1.000000
0  -1.147643 -16.450710 -7.241512  -0.054324 0.022434 -0.998271  0.129883 0.782837 1 62 1.000000
MI_1P_DEagle
0  -1.147643 -16.450710 -7.241512  -0.054324 0.022434 -0.998271  0.129883 0.782837 1 62 1.000000
0  -1.084760 -16.280832 -7.237850  -0.040387 0.055887 -0.997620  0.133789 0.782837 1 62 1.000000
0  -1.120993 -16.454306 -7.241518  0.001225 0.013349 -0.999910  0.129761 0.783325 1 62 1.000000
MI_1P_DEagle
0  -1.059825 -16.284382 -7.238063  -0.004444 0.033460 -0.999430  0.133667 0.783325 1 62 1.000000
0  -1.120993 -16.454306 -7.241518  0.001225 0.013349 -0.999910  0.129761 0.783325 1 62 1.000000
0  -1.084760 -16.280832 -7.237850  -0.040387 0.055887 -0.997620  0.133789 0.782837 1 62 1.000000
MI_1P_DEagle
0  -1.147643 -16.450710 -7.241512  -0.054324 0.022434 -0.998271  0.129883 0.782837 1 62 1.000000
0  -1.184027 -16.738987 -7.242986  -0.048000 0.008018 -0.998815  0.123108 0.782837 1 62 1.000000
0  -1.292579 -16.453100 -7.225590  -0.569265 0.209441 -0.795030  0.130005 0.780884 1 62 1.000000
MI_1P_DEagle
0  -1.059825 -16.284382 -7.238063  -0.004444 0.033460 -0.999430  0.133667 0.783325 1 62 1.000000
0  -1.084760 -16.280832 -7.237850  -0.040387 0.055887 -0.997620  0.133789 0.782837 1 62 1.000000
0  -1.000744 -16.122681 -7.231575  -0.058909 0.109744 -0.992213  0.138062 0.782837 1 62 1.000000
MI_1P_DEagle
0  -1.000744 -16.122681 -7.231575  -0.058909 0.109744 -0.992213  0.138062 0.782837 1 62 1.000000
0  -0.977172 -16.126682 -7.232185  -0.011164 0.089600 -0.995915  0.138062 0.783325 1 62 1.000000
0  -1.059825 -16.284382 -7.238063  -0.004444 0.033460 -0.999430  0.133667 0.783325 1 62 1.000000
MI_1P_DEagle
0  -1.084760 -16.280832 -7.237850  -0.040387 0.055887 -0.997620  0.133789 0.782837 1 62 1.000000
0  -1.147643 -16.450710 -7.241512  -0.054324 0.022434 -0.998271  0.129883 0.782837 1 62 1.000000
0  -1.199583 -16.262154 -7.228814  -0.508133 0.305683 -0.805207  0.134277 0.780884 1 62 1.000000
MI_1P_DEagle
0  -1.292579 -16.453100 -7.225590  -0.569265 0.209441 -0.795030  0.130005 0.780884 1 62 1.000000
0  -1.199583 -16.262154 -7.228814  -0.508133 0.305683 -0.805207  0.134277 0.780884 1 62 1.000000
0  -1.147643 -16.450710 -7.241512  -0.054324 0.022434 -0.998271  0.129883 0.782837 1 62 1.000000
MI_1P_DEagle
0  -0.977172 -16.126682 -7.232185  -0.011164 0.089600 -0.995915  0.138062 0.783325 1 62 1.000000
0  -1.000744 -16.122681 -7.231575  -0.058909 0.109744 -0.992213  0.138062 0.782837 1 62 1.000000
0  -0.806054 -15.932493 -7.211155  -0.036793 0.189814 -0.981130  0.142578 0.782837 1 62 1.000000
MI_1P_DEagle
0  -0.806054 -15.932493 -7.211155  -0.036793 0.189814 -0.981130  0.142578 0.782837 1 62 1.000000
0  -0.785858 -15.943560 -7.213153  -0.009040 0.161878 -0.986769  0.142578 0.783325 1 62 1.000000
0  -0.977172 -16.126682 -7.232185  -0.011164 0.089600 -0.995915  0.138062 0.783325 1 62 1.000000
MI_1P_DEagle
0  -1.000744 -16.122681 -7.231575  -0.058909 0.109744 -0.992213  0.138062 0.782837 1 62 1.000000
0  -1.084760 -16.280832 -7.237850  -0.040387 0.055887 -0.997620  0.133789 0.782837 1 62 1.000000
0  -1.075564 -16.067940 -7.216434  -0.478273 0.443888 -0.757772  0.138062 0.780884 1 62 1.000000
MI_1P_DEagle
0  -1.199583 -16.262154 -7.228814  -0.508133 0.305683 -0.805207  0.134277 0.780884 1 62 1.000000
0  -1.075564 -16.067940 -7.216434  -0.478273 0.443888 -0.757772  0.138062 0.780884 1 62 1.000000
0  -1.084760 -16.280832 -7.237850  -0.040387 0.055887 -0.997620  0.133789 0.782837 1 62 1.000000
MI_1P_DEagle
0  -0.806054 -15.932493 -7.211155  -0.036793 0.189814 -0.981130  0.142578 0.782837 1 62 1.000000
0  -1.000744 -16.122681 -7.231575  -0.058909 0.109744 -0.992213  0.138062 0.782837 1 62 1.000000
0  -0.897944 -15.880657 -7.194006  -0.381570 0.571415 -0.726560  0.142456 0.780884 1 62 1.000000
MI_1P_DEagle
0  -1.075564 -16.067940 -7.216434  -0.478273 0.443888 -0.757772  0.138062 0.780884 1 62 1.000000
0  -0.897944 -15.880657 -7.194006  -0.381570 0.571415 -0.726560  0.142456 0.780884 1 62 1.000000
0  -1.000744 -16.122681 -7.231575  -0.058909 0.109744 -0.992213  0.138062 0.782837 1 62 1.000000
MI_1P_DEagle
0  -0.785858 -15.943560 -7.213153  -0.009040 0.161878 -0.986769  0.142578 0.783325 1 62 1.000000
0  -0.806054 -15.932493 -7.211155  -0.036793 0.189814 -0.981130  0.142578 0.782837 1 62 1.000000
0  -0.559059 -15.798584 -7.186252  -0.005659 0.225375 -0.974256  0.147705 0.782837 1 62 1.000000
MI_1P_DEagle
0  -0.559059 -15.798584 -7.186252  -0.005659 0.225375 -0.974256  0.147705 0.782837 1 62 1.000000
0  -0.547945 -15.817261 -7.189753  0.010067 0.190153 -0.981703  0.147705 0.783325 1 62 1.000000
0  -0.785858 -15.943560 -7.213153  -0.009040 0.161878 -0.986769  0.142578 0.783325 1 62 1.000000
MI_1P_DEagle
0  -0.897944 -15.880657 -7.194006  -0.381570 0.571415 -0.726560  0.142456 0.780884 1 62 1.000000
0  -0.609454 -15.711991 -7.162302  -0.224328 0.652724 -0.723622  0.147705 0.780884 1 62 1.000000
0  -0.806054 -15.932493 -7.211155  -0.036793 0.189814 -0.981130  0.142578 0.782837 1 62 1.000000
MI_1P_DEagle
0  -0.559059 -15.798584 -7.186252  -0.005659 0.225375 -0.974256  0.147705 0.782837 1 62 1.000000
0  -0.806054 -15.932493 -7.211155  -0.036793 0.189814 -0.981130  0.142578 0.782837 1 62 1.000000
0  -0.609454 -15.711991 -7.162302  -0.224328 0.652724 -0.723622  0.147705 0.780884 1 62 1.000000
MI_1P_DEagle
0  -0.559059 -15.798584 -7.186252  -0.005659 0.225375 -0.974256  0.147705 0.782837 1 62 1.000000
0  -0.287953 -15.719231 -7.165078  0.008845 0.236326 -0.971634  0.154663 0.782837 1 62 1.000000
0  -0.547945 -15.817261 -7.189753  0.010067 0.190153 -0.981703  0.147705 0.783325 1 62 1.000000
MI_1P_DEagle
0  -0.283474 -15.741024 -7.169455  0.015590 0.200103 -0.979651  0.154663 0.783325 1 62 1.000000
0  -0.547945 -15.817261 -7.189753  0.010067 0.190153 -0.981703  0.147705 0.783325 1 62 1.000000
0  -0.287953 -15.719231 -7.165078  0.008845 0.236326 -0.971634  0.154663 0.782837 1 62 1.000000
MI_1P_DEagle
0  -0.609454 -15.711991 -7.162302  -0.224328 0.652724 -0.723622  0.147705 0.780884 1 62 1.000000
0  -0.308260 -15.618479 -7.137150  -0.096787 0.684256 -0.722791  0.154663 0.780884 1 62 1.000000
0  -0.559059 -15.798584 -7.186252  -0.005659 0.225375 -0.974256  0.147705 0.782837 1 62 1.000000
MI_1P_DEagle
0  -0.287953 -15.719231 -7.165078  0.008845 0.236326 -0.971634  0.154663 0.782837 1 62 1.000000
0  -0.559059 -15.798584 -7.186252  -0.005659 0.225375 -0.974256  0.147705 0.782837 1 62 1.000000
0  -0.308260 -15.618479 -7.137150  -0.096787 0.684256 -0.722791  0.154663 0.780884 1 62 1.000000
MI_1P_DEagle
0  -0.609454 -15.711991 -7.162302  -0.224328 0.652724 -0.723622  0.147705 0.780884 1 62 1.000000
0  -0.897944 -15.880657 -7.194006  -0.381570 0.571415 -0.726560  0.142456 0.780884 1 62 1.000000
0  -0.615056 -15.691572 -7.104756  -0.374843 0.893881 -0.245906  0.147705 0.778809 1 62 1.000000
MI_1P_DEagle
0  -0.609454 -15.711991 -7.162302  -0.224328 0.652724 -0.723622  0.147705 0.780884 1 62 1.000000
0  -0.615056 -15.691572 -7.104756  -0.374843 0.893881 -0.245906  0.147705 0.778809 1 62 1.000000
0  -0.308260 -15.618479 -7.137150  -0.096787 0.684256 -0.722791  0.154663 0.780884 1 62 1.000000
MI_1P_DEagle
0  -0.287953 -15.719231 -7.165078  0.008845 0.236326 -0.971634  0.154663 0.782837 1 62 1.000000
0  -0.006725 -15.693856 -7.155942  -0.000002 0.241284 -0.970455  0.162964 0.782837 1 62 1.000000
0  -0.283474 -15.741024 -7.169455  0.015590 0.200103 -0.979651  0.154663 0.783325 1 62 1.000000
MI_1P_DEagle
0  -0.006725 -15.715995 -7.160577  -0.000005 0.204898 -0.978783  0.162964 0.783325 1 62 1.000000
0  -0.283474 -15.741024 -7.169455  0.015590 0.200103 -0.979651  0.154663 0.783325 1 62 1.000000
0  -0.006725 -15.693856 -7.155942  -0.000002 0.241284 -0.970455  0.162964 0.782837 1 62 1.000000
MI_1P_DEagle
0  -0.006725 -15.715995 -7.160577  -0.000005 0.204898 -0.978783  0.162964 0.783325 1 62 1.000000
0  -0.006725 -15.693856 -7.155942  -0.000002 0.241284 -0.970455  0.162964 0.782837 1 62 1.000000
0  0.270025 -15.741025 -7.169455  -0.015592 0.200114 -0.979648  0.171021 0.783325 1 62 1.000000
MI_1P_DEagle
0  -0.308260 -15.618479 -7.137150  -0.096787 0.684256 -0.722791  0.154663 0.780884 1 62 1.000000
0  -0.006725 -15.591496 -7.126839  -0.000000 0.691618 -0.722263  0.162964 0.780884 1 62 1.000000
0  -0.287953 -15.719231 -7.165078  0.008845 0.236326 -0.971634  0.154663 0.782837 1 62 1.000000
MI_1P_DEagle
0  -0.006725 -15.693856 -7.155942  -0.000002 0.241284 -0.970455  0.162964 0.782837 1 62 1.000000
0  -0.287953 -15.719231 -7.165078  0.008845 0.236326 -0.971634  0.154663 0.782837 1 62 1.000000
0  -0.006725 -15.591496 -7.126839  -0.000000 0.691618 -0.722263  0.162964 0.780884 1 62 1.000000
MI_1P_DEagle
0  0.274502 -15.719232 -7.165078  -0.008846 0.236331 -0.971632  0.171021 0.782837 1 62 1.000000
0  0.270025 -15.741025 -7.169455  -0.015592 0.200114 -0.979648  0.171021 0.783325 1 62 1.000000
0  -0.006725 -15.693856 -7.155942  -0.000002 0.241284 -0.970455  0.162964 0.782837 1 62 1.000000
MI_1P_DEagle
0  -0.006725 -15.591496 -7.126839  -0.000000 0.691618 -0.722263  0.162964 0.780884 1 62 1.000000
0  0.274502 -15.719232 -7.165078  -0.008846 0.236331 -0.971632  0.171021 0.782837 1 62 1.000000
0  -0.006725 -15.693856 -7.155942  -0.000002 0.241284 -0.970455  0.162964 0.782837 1 62 1.000000
MI_1P_DEagle
0  0.274502 -15.719232 -7.165078  -0.008846 0.236331 -0.971632  0.171021 0.782837 1 62 1.000000
0  0.534496 -15.817262 -7.189753  -0.010084 0.190134 -0.981706  0.178101 0.783325 1 62 1.000000
0  0.270025 -15.741025 -7.169455  -0.015592 0.200114 -0.979648  0.171021 0.783325 1 62 1.000000
MI_1P_DEagle
0  -0.308260 -15.618479 -7.137150  -0.096787 0.684256 -0.722791  0.154663 0.780884 1 62 1.000000
0  -0.310520 -15.596318 -7.079163  -0.174619 0.949798 -0.259600  0.154663 0.778809 1 62 1.000000
0  -0.006725 -15.591496 -7.126839  -0.000000 0.691618 -0.722263  0.162964 0.780884 1 62 1.000000
MI_1P_DEagle
0  -0.310520 -15.596318 -7.079163  -0.174619 0.949798 -0.259600  0.154663 0.778809 1 62 1.000000
0  -0.308260 -15.618479 -7.137150  -0.096787 0.684256 -0.722791  0.154663 0.780884 1 62 1.000000
0  -0.615056 -15.691572 -7.104756  -0.374843 0.893881 -0.245906  0.147705 0.778809 1 62 1.000000
MI_1P_DEagle
0  0.534496 -15.817262 -7.189753  -0.010084 0.190134 -0.981706  0.178101 0.783325 1 62 1.000000
0  0.274502 -15.719232 -7.165078  -0.008846 0.236331 -0.971632  0.171021 0.782837 1 62 1.000000
0  0.545608 -15.798584 -7.186252  0.005650 0.225366 -0.974258  0.177979 0.782837 1 62 1.000000
MI_1P_DEagle
0  0.545608 -15.798584 -7.186252  0.005650 0.225366 -0.974258  0.177979 0.782837 1 62 1.000000
0  0.772407 -15.943561 -7.213153  0.009038 0.161876 -0.986770  0.183228 0.783325 1 62 1.000000
0  0.534496 -15.817262 -7.189753  -0.010084 0.190134 -0.981706  0.178101 0.783325 1 62 1.000000
MI_1P_DEagle
0  0.294810 -15.618479 -7.137150  0.096787 0.684255 -0.722791  0.171021 0.780884 1 62 1.000000
0  0.274502 -15.719232 -7.165078  -0.008846 0.236331 -0.971632  0.171021 0.782837 1 62 1.000000
0  -0.006725 -15.591496 -7.126839  -0.000000 0.691618 -0.722263  0.162964 0.780884 1 62 1.000000
MI_1P_DEagle
0  0.274502 -15.719232 -7.165078  -0.008846 0.236331 -0.971632  0.171021 0.782837 1 62 1.000000
0  0.294810 -15.618479 -7.137150  0.096787 0.684255 -0.722791  0.171021 0.780884 1 62 1.000000
0  0.545608 -15.798584 -7.186252  0.005650 0.225366 -0.974258  0.177979 0.782837 1 62 1.000000
MI_1P_DEagle
0  0.772407 -15.943561 -7.213153  0.009038 0.161876 -0.986770  0.183228 0.783325 1 62 1.000000
0  0.545608 -15.798584 -7.186252  0.005650 0.225366 -0.974258  0.177979 0.782837 1 62 1.000000
0  0.792604 -15.932494 -7.211155  0.036788 0.189817 -0.981130  0.183228 0.782837 1 62 1.000000
MI_1P_DEagle
0  0.792604 -15.932494 -7.211155  0.036788 0.189817 -0.981130  0.183228 0.782837 1 62 1.000000
0  0.963722 -16.126682 -7.232185  0.011169 0.089597 -0.995915  0.188354 0.783325 1 62 1.000000
0  0.772407 -15.943561 -7.213153  0.009038 0.161876 -0.986770  0.183228 0.783325 1 62 1.000000
MI_1P_DEagle
0  0.596004 -15.711991 -7.162302  0.224329 0.652723 -0.723622  0.178101 0.780884 1 62 1.000000
0  0.545608 -15.798584 -7.186252  0.005650 0.225366 -0.974258  0.177979 0.782837 1 62 1.000000
0  0.294810 -15.618479 -7.137150  0.096787 0.684255 -0.722791  0.171021 0.780884 1 62 1.000000
MI_1P_DEagle
0  0.545608 -15.798584 -7.186252  0.005650 0.225366 -0.974258  0.177979 0.782837 1 62 1.000000
0  0.596004 -15.711991 -7.162302  0.224329 0.652723 -0.723622  0.178101 0.780884 1 62 1.000000
0  0.792604 -15.932494 -7.211155  0.036788 0.189817 -0.981130  0.183228 0.782837 1 62 1.000000
MI_1P_DEagle
0  0.963722 -16.126682 -7.232185  0.011169 0.089597 -0.995915  0.188354 0.783325 1 62 1.000000
0  0.792604 -15.932494 -7.211155  0.036788 0.189817 -0.981130  0.183228 0.782837 1 62 1.000000
0  0.987294 -16.122683 -7.231575  0.058893 0.109742 -0.992214  0.188354 0.782837 1 62 1.000000
MI_1P_DEagle
0  0.963722 -16.126682 -7.232185  0.011169 0.089597 -0.995915  0.188354 0.783325 1 62 1.000000
0  0.987294 -16.122683 -7.231575  0.058893 0.109742 -0.992214  0.188354 0.782837 1 62 1.000000
0  1.046375 -16.284384 -7.238063  0.004441 0.033462 -0.999430  0.193359 0.783325 1 62 1.000000
MI_1P_DEagle
0  0.884493 -15.880658 -7.194006  0.381571 0.571408 -0.726564  0.183228 0.780884 1 62 1.000000
0  0.792604 -15.932494 -7.211155  0.036788 0.189817 -0.981130  0.183228 0.782837 1 62 1.000000
0  0.596004 -15.711991 -7.162302  0.224329 0.652723 -0.723622  0.178101 0.780884 1 62 1.000000
MI_1P_DEagle
0  0.792604 -15.932494 -7.211155  0.036788 0.189817 -0.981130  0.183228 0.782837 1 62 1.000000
0  0.884493 -15.880658 -7.194006  0.381571 0.571408 -0.726564  0.183228 0.780884 1 62 1.000000
0  0.987294 -16.122683 -7.231575  0.058893 0.109742 -0.992214  0.188354 0.782837 1 62 1.000000
MI_1P_DEagle
0  0.596004 -15.711991 -7.162302  0.224329 0.652723 -0.723622  0.178101 0.780884 1 62 1.000000
0  0.294810 -15.618479 -7.137150  0.096787 0.684255 -0.722791  0.171021 0.780884 1 62 1.000000
0  0.601606 -15.691572 -7.104756  0.374843 0.893881 -0.245904  0.178101 0.778809 1 62 1.000000
MI_1P_DEagle
0  0.596004 -15.711991 -7.162302  0.224329 0.652723 -0.723622  0.178101 0.780884 1 62 1.000000
0  0.601606 -15.691572 -7.104756  0.374843 0.893881 -0.245904  0.178101 0.778809 1 62 1.000000
0  0.884493 -15.880658 -7.194006  0.381571 0.571408 -0.726564  0.183228 0.780884 1 62 1.000000
MI_1P_DEagle
0  1.071310 -16.280834 -7.237850  0.040387 0.055887 -0.997620  0.193359 0.782837 1 62 1.000000
0  1.046375 -16.284384 -7.238063  0.004441 0.033462 -0.999430  0.193359 0.783325 1 62 1.000000
0  0.987294 -16.122683 -7.231575  0.058893 0.109742 -0.992214  0.188354 0.782837 1 62 1.000000
MI_1P_DEagle
0  1.071310 -16.280834 -7.237850  0.040387 0.055887 -0.997620  0.193359 0.782837 1 62 1.000000
0  1.107543 -16.454308 -7.241518  -0.001250 0.013348 -0.999910  0.197510 0.783325 1 62 1.000000
0  1.046375 -16.284384 -7.238063  0.004441 0.033462 -0.999430  0.193359 0.783325 1 62 1.000000
MI_1P_DEagle
0  1.062113 -16.067940 -7.216434  0.478273 0.443890 -0.757771  0.188354 0.780884 1 62 1.000000
0  0.987294 -16.122683 -7.231575  0.058893 0.109742 -0.992214  0.188354 0.782837 1 62 1.000000
0  0.884493 -15.880658 -7.194006  0.381571 0.571408 -0.726564  0.183228 0.780884 1 62 1.000000
MI_1P_DEagle
0  0.987294 -16.122683 -7.231575  0.058893 0.109742 -0.992214  0.188354 0.782837 1 62 1.000000
0  1.062113 -16.067940 -7.216434  0.478273 0.443890 -0.757771  0.188354 0.780884 1 62 1.000000
0  1.071310 -16.280834 -7.237850  0.040387 0.055887 -0.997620  0.193359 0.782837 1 62 1.000000
MI_1P_DEagle
0  1.107543 -16.454308 -7.241518  -0.001250 0.013348 -0.999910  0.197510 0.783325 1 62 1.000000
0  1.071310 -16.280834 -7.237850  0.040387 0.055887 -0.997620  0.193359 0.782837 1 62 1.000000
0  1.134193 -16.450710 -7.241512  0.054314 0.022434 -0.998272  0.197510 0.782837 1 62 1.000000
MI_1P_DEagle
0  1.107543 -16.454308 -7.241518  -0.001250 0.013348 -0.999910  0.197510 0.783325 1 62 1.000000
0  1.134193 -16.450710 -7.241512  0.054314 0.022434 -0.998272  0.197510 0.782837 1 62 1.000000
0  1.139766 -16.739529 -7.242980  -0.000268 0.002335 -0.999997  0.204224 0.783325 1 62 1.000000
MI_1P_DEagle
0  1.071310 -16.280834 -7.237850  0.040387 0.055887 -0.997620  0.193359 0.782837 1 62 1.000000
0  1.062113 -16.067940 -7.216434  0.478273 0.443890 -0.757771  0.188354 0.780884 1 62 1.000000
0  1.186133 -16.262154 -7.228814  0.508131 0.305680 -0.805209  0.193237 0.780884 1 62 1.000000
MI_1P_DEagle
0  1.071310 -16.280834 -7.237850  0.040387 0.055887 -0.997620  0.193359 0.782837 1 62 1.000000
0  1.186133 -16.262154 -7.228814  0.508131 0.305680 -0.805209  0.193237 0.780884 1 62 1.000000
0  1.134193 -16.450710 -7.241512  0.054314 0.022434 -0.998272  0.197510 0.782837 1 62 1.000000
MI_1P_DEagle
0  0.884493 -15.880658 -7.194006  0.381571 0.571408 -0.726564  0.183228 0.780884 1 62 1.000000
0  0.896320 -15.865499 -7.137219  0.594109 0.772652 -0.223703  0.183350 0.778809 1 62 1.000000
0  1.062113 -16.067940 -7.216434  0.478273 0.443890 -0.757771  0.188354 0.780884 1 62 1.000000
MI_1P_DEagle
0  0.896320 -15.865499 -7.137219  0.594109 0.772652 -0.223703  0.183350 0.778809 1 62 1.000000
0  0.884493 -15.880658 -7.194006  0.381571 0.571408 -0.726564  0.183228 0.780884 1 62 1.000000
0  0.601606 -15.691572 -7.104756  0.374843 0.893881 -0.245904  0.178101 0.778809 1 62 1.000000
MI_1P_DEagle
0  1.170577 -16.738987 -7.242986  0.047998 0.008018 -0.998815  0.204224 0.782837 1 62 1.000000
0  1.139766 -16.739529 -7.242980  -0.000268 0.002335 -0.999997  0.204224 0.783325 1 62 1.000000
0  1.134193 -16.450710 -7.241512  0.054314 0.022434 -0.998272  0.197510 0.782837 1 62 1.000000
MI_1P_DEagle
0  1.139766 -16.739529 -7.242980  -0.000268 0.002335 -0.999997  0.204224 0.783325 1 62 1.000000
0  1.170577 -16.738987 -7.242986  0.047998 0.008018 -0.998815  0.204224 0.782837 1 62 1.000000
0  1.141854 -19.756458 -7.241347  -0.009780 -0.020240 -0.999747  0.274170 0.783325 1 62 1.000000
MI_1P_DEagle
0  1.279129 -16.453102 -7.225590  0.569270 0.209440 -0.795026  0.197876 0.780884 1 62 1.000000
0  1.134193 -16.450710 -7.241512  0.054314 0.022434 -0.998272  0.197510 0.782837 1 62 1.000000
0  1.186133 -16.262154 -7.228814  0.508131 0.305680 -0.805209  0.193237 0.780884 1 62 1.000000
MI_1P_DEagle
0  1.279129 -16.453102 -7.225590  0.569270 0.209440 -0.795026  0.197876 0.780884 1 62 1.000000
0  1.170577 -16.738987 -7.242986  0.047998 0.008018 -0.998815  0.204224 0.782837 1 62 1.000000
0  1.134193 -16.450710 -7.241512  0.054314 0.022434 -0.998272  0.197510 0.782837 1 62 1.000000
MI_1P_DEagle
0  1.173298 -19.757866 -7.241627  0.026342 -0.020319 -0.999447  0.274414 0.782837 1 62 1.000000
0  1.141854 -19.756458 -7.241347  -0.009780 -0.020240 -0.999747  0.274170 0.783325 1 62 1.000000
0  1.170577 -16.738987 -7.242986  0.047998 0.008018 -0.998815  0.204224 0.782837 1 62 1.000000
MI_1P_DEagle
0  1.173298 -19.757866 -7.241627  0.026342 -0.020319 -0.999447  0.274414 0.782837 1 62 1.000000
0  1.141854 -20.124588 -7.226176  -0.077319 -0.094911 -0.992478  0.283936 0.781128 1 62 1.000000
0  1.141854 -19.756458 -7.241347  -0.009780 -0.020240 -0.999747  0.274170 0.783325 1 62 1.000000
MI_1P_DEagle
0  1.141854 -20.124588 -7.226176  -0.077319 -0.094911 -0.992478  0.283936 0.781128 1 62 1.000000
0  1.173298 -19.757866 -7.241627  0.026342 -0.020319 -0.999447  0.274414 0.782837 1 62 1.000000
0  1.173148 -20.133043 -7.227851  -0.030270 -0.111549 -0.993298  0.283691 0.780640 1 62 1.000000
MI_1P_DEagle
0  1.173148 -20.133043 -7.227851  -0.030270 -0.111549 -0.993298  0.283691 0.780640 1 62 1.000000
0  1.141854 -20.365349 -7.183183  -0.029222 -0.375852 -0.926219  0.289551 0.778687 1 62 1.000000
0  1.141854 -20.124588 -7.226176  -0.077319 -0.094911 -0.992478  0.283936 0.781128 1 62 1.000000
MI_1P_DEagle
0  1.325730 -19.746899 -7.232074  0.414188 -0.007043 -0.910164  0.274414 0.780884 1 62 1.000000
0  1.173298 -19.757866 -7.241627  0.026342 -0.020319 -0.999447  0.274414 0.782837 1 62 1.000000
0  1.170577 -16.738987 -7.242986  0.047998 0.008018 -0.998815  0.204224 0.782837 1 62 1.000000
MI_1P_DEagle
0  1.325730 -19.746899 -7.232074  0.414188 -0.007043 -0.910164  0.274414 0.780884 1 62 1.000000
0  1.173148 -20.133043 -7.227851  -0.030270 -0.111549 -0.993298  0.283691 0.780640 1 62 1.000000
0  1.173298 -19.757866 -7.241627  0.026342 -0.020319 -0.999447  0.274414 0.782837 1 62 1.000000
MI_1P_DEagle
0  1.141854 -20.365349 -7.183183  -0.029222 -0.375852 -0.926219  0.289551 0.778687 1 62 1.000000
0  1.173148 -20.133043 -7.227851  -0.030270 -0.111549 -0.993298  0.283691 0.780640 1 62 1.000000
0  1.172526 -20.366756 -7.183463  0.004402 -0.368012 -0.929811  0.289307 0.778198 1 62 1.000000
MI_1P_DEagle
0  1.172526 -20.366756 -7.183463  0.004402 -0.368012 -0.929811  0.289307 0.778198 1 62 1.000000
0  1.141854 -20.498892 -7.092937  -0.440299 -0.673727 -0.593488  0.292236 0.774658 1 62 1.000000
0  1.141854 -20.365349 -7.183183  -0.029222 -0.375852 -0.926219  0.289551 0.778687 1 62 1.000000
MI_1P_DEagle
0  1.172526 -20.366756 -7.183463  0.004402 -0.368012 -0.929811  0.289307 0.778198 1 62 1.000000
0  1.173148 -20.133043 -7.227851  -0.030270 -0.111549 -0.993298  0.283691 0.780640 1 62 1.000000
0  1.255981 -20.371141 -7.177913  0.556795 -0.453281 -0.696072  0.289062 0.776367 1 62 1.000000
MI_1P_DEagle
0  1.141854 -20.498892 -7.092937  -0.440299 -0.673727 -0.593488  0.292236 0.774658 1 62 1.000000
0  1.172526 -20.366756 -7.183463  0.004402 -0.368012 -0.929811  0.289307 0.778198 1 62 1.000000
0  1.172876 -20.507278 -7.109166  -0.041413 -0.714797 -0.698104  0.291748 0.774414 1 62 1.000000
MI_1P_DEagle
0  1.324915 -20.155329 -7.224145  0.583843 -0.222955 -0.780652  0.283936 0.778687 1 62 1.000000
0  1.255981 -20.371141 -7.177913  0.556795 -0.453281 -0.696072  0.289062 0.776367 1 62 1.000000
0  1.173148 -20.133043 -7.227851  -0.030270 -0.111549 -0.993298  0.283691 0.780640 1 62 1.000000
MI_1P_DEagle
0  1.173148 -20.133043 -7.227851  -0.030270 -0.111549 -0.993298  0.283691 0.780640 1 62 1.000000
0  1.325730 -19.746899 -7.232074  0.414188 -0.007043 -0.910164  0.274414 0.780884 1 62 1.000000
0  1.324915 -20.155329 -7.224145  0.583843 -0.222955 -0.780652  0.283936 0.778687 1 62 1.000000
MI_1P_DEagle
0  1.205637 -20.497398 -7.098708  0.617460 -0.631976 -0.468348  0.291504 0.774048 1 62 1.000000
0  1.172876 -20.507278 -7.109166  -0.041413 -0.714797 -0.698104  0.291748 0.774414 1 62 1.000000
0  1.172526 -20.366756 -7.183463  0.004402 -0.368012 -0.929811  0.289307 0.778198 1 62 1.000000
MI_1P_DEagle
0  1.255981 -20.371141 -7.177913  0.556795 -0.453281 -0.696072  0.289062 0.776367 1 62 1.000000
0  1.205637 -20.497398 -7.098708  0.617460 -0.631976 -0.468348  0.291504 0.774048 1 62 1.000000
0  1.172526 -20.366756 -7.183463  0.004402 -0.368012 -0.929811  0.289307 0.778198 1 62 1.000000
MI_1P_DEagle
0  1.172876 -20.507278 -7.109166  -0.041413 -0.714797 -0.698104  0.291748 0.774414 1 62 1.000000
0  1.166307 -20.587988 -6.933046  0.429791 -0.866108 -0.255220  0.293701 0.770264 1 62 1.000000
0  1.141854 -20.498892 -7.092937  -0.440299 -0.673727 -0.593488  0.292236 0.774658 1 62 1.000000
MI_1P_DEagle
0  1.172876 -20.507278 -7.109166  -0.041413 -0.714797 -0.698104  0.291748 0.774414 1 62 1.000000
0  1.205637 -20.497398 -7.098708  0.617460 -0.631976 -0.468348  0.291504 0.774048 1 62 1.000000
0  1.166307 -20.587988 -6.933046  0.429791 -0.866108 -0.255220  0.293701 0.770264 1 62 1.000000
MI_1P_DEagle
0  1.141854 -20.587988 -6.933046  -0.000000 -0.943401 -0.331654  0.294189 0.770508 1 62 1.000000
0  1.141854 -20.498892 -7.092937  -0.440299 -0.673727 -0.593488  0.292236 0.774658 1 62 1.000000
0  1.166307 -20.587988 -6.933046  0.429791 -0.866108 -0.255220  0.293701 0.770264 1 62 1.000000
MI_1P_DEagle
0  1.255981 -20.371141 -7.177913  0.556795 -0.453281 -0.696072  0.289062 0.776367 1 62 1.000000
0  1.265714 -20.372494 -7.113081  0.916506 -0.385799 -0.105721  0.289062 0.774902 1 62 1.000000
0  1.205637 -20.497398 -7.098708  0.617460 -0.631976 -0.468348  0.291504 0.774048 1 62 1.000000
MI_1P_DEagle
0  1.166307 -20.587988 -6.933046  0.429791 -0.866108 -0.255220  0.293701 0.770264 1 62 1.000000
0  1.157881 -21.765289 0.019835  0.480280 -0.864909 -0.145822  0.321045 0.607910 1 62 1.000000
0  1.141854 -20.587988 -6.933046  -0.000000 -0.943401 -0.331654  0.294189 0.770508 1 62 1.000000
MI_1P_DEagle
0  1.157881 -21.765289 0.019835  0.480280 -0.864909 -0.145822  0.321045 0.607910 1 62 1.000000
0  1.141854 -21.765617 0.021802  -0.000307 -0.985966 -0.166943  0.321289 0.607910 1 62 1.000000
0  1.141854 -20.587988 -6.933046  -0.000000 -0.943401 -0.331654  0.294189 0.770508 1 62 1.000000
MI_1P_DEagle
0  1.228442 -20.472359 -7.052899  0.879455 -0.462877 -0.110924  0.291016 0.772949 1 62 1.000000
0  1.166307 -20.587988 -6.933046  0.429791 -0.866108 -0.255220  0.293701 0.770264 1 62 1.000000
0  1.205637 -20.497398 -7.098708  0.617460 -0.631976 -0.468348  0.291504 0.774048 1 62 1.000000
MI_1P_DEagle
0  1.228442 -20.472359 -7.052899  0.879455 -0.462877 -0.110924  0.291016 0.772949 1 62 1.000000
0  1.205637 -20.497398 -7.098708  0.617460 -0.631976 -0.468348  0.291504 0.774048 1 62 1.000000
0  1.265714 -20.372494 -7.113081  0.916506 -0.385799 -0.105721  0.289062 0.774902 1 62 1.000000
MI_1P_DEagle
0  1.166307 -20.587988 -6.933046  0.429791 -0.866108 -0.255220  0.293701 0.770264 1 62 1.000000
0  1.228442 -20.472359 -7.052899  0.879455 -0.462877 -0.110924  0.291016 0.772949 1 62 1.000000
0  1.185369 -21.722261 0.023341  0.916649 -0.394530 -0.064040  0.320068 0.607910 1 62 1.000000
MI_1P_DEagle
0  1.185369 -21.722261 0.023341  0.916649 -0.394530 -0.064040  0.320068 0.607910 1 62 1.000000
0  1.157881 -21.765289 0.019835  0.480280 -0.864909 -0.145822  0.321045 0.607910 1 62 1.000000
0  1.166307 -20.587988 -6.933046  0.429791 -0.866108 -0.255220  0.293701 0.770264 1 62 1.000000
MI_1P_DEagle
0  1.228442 -20.472359 -7.052899  0.879455 -0.462877 -0.110924  0.291016 0.772949 1 62 1.000000
0  1.265714 -20.372494 -7.113081  0.916506 -0.385799 -0.105721  0.289062 0.774902 1 62 1.000000
0  1.235521 -21.530468 0.047002  0.970518 -0.238510 -0.034752  0.315674 0.607910 1 62 1.000000
MI_1P_DEagle
0  1.185369 -21.722261 0.023341  0.916649 -0.394530 -0.064040  0.320068 0.607910 1 62 1.000000
0  1.228442 -20.472359 -7.052899  0.879455 -0.462877 -0.110924  0.291016 0.772949 1 62 1.000000
0  1.235521 -21.530468 0.047002  0.970518 -0.238510 -0.034752  0.315674 0.607910 1 62 1.000000
MI_1P_DEagle
0  1.157881 -21.765289 0.019835  0.480280 -0.864909 -0.145822  0.321045 0.607910 1 62 1.000000
0  1.157775 -21.780039 0.106942  0.424575 -0.883047 -0.199911  0.321777 0.605957 1 62 1.000000
0  1.141854 -21.765617 0.021802  -0.000307 -0.985966 -0.166943  0.321289 0.607910 1 62 1.000000
MI_1P_DEagle
0  1.141854 -21.780367 0.108909  -0.000146 -0.986189 -0.165625  0.322021 0.606201 1 62 1.000000
0  1.141854 -21.765617 0.021802  -0.000307 -0.985966 -0.166943  0.321289 0.607910 1 62 1.000000
0  1.157775 -21.780039 0.106942  0.424575 -0.883047 -0.199911  0.321777 0.605957 1 62 1.000000
MI_1P_DEagle
0  1.184838 -21.737648 0.110448  0.861766 -0.357212 -0.360222  0.320557 0.605713 1 62 1.000000
0  1.157881 -21.765289 0.019835  0.480280 -0.864909 -0.145822  0.321045 0.607910 1 62 1.000000
0  1.185369 -21.722261 0.023341  0.916649 -0.394530 -0.064040  0.320068 0.607910 1 62 1.000000
MI_1P_DEagle
0  1.184838 -21.737648 0.110448  0.861766 -0.357212 -0.360222  0.320557 0.605713 1 62 1.000000
0  1.157775 -21.780039 0.106942  0.424575 -0.883047 -0.199911  0.321777 0.605957 1 62 1.000000
0  1.157881 -21.765289 0.019835  0.480280 -0.864909 -0.145822  0.321045 0.607910 1 62 1.000000
MI_1P_DEagle
0  1.157775 -21.780039 0.106942  0.424575 -0.883047 -0.199911  0.321777 0.605957 1 62 1.000000
0  1.157709 -21.790611 0.170333  0.157140 -0.953035 -0.258902  0.322510 0.604736 1 62 1.000000
0  1.141854 -21.780367 0.108909  -0.000146 -0.986189 -0.165625  0.322021 0.606201 1 62 1.000000
MI_1P_DEagle
0  1.141854 -21.790905 0.172096  -0.000018 -0.986373 -0.164522  0.322998 0.604980 1 62 1.000000
0  1.141854 -21.780367 0.108909  -0.000146 -0.986189 -0.165625  0.322021 0.606201 1 62 1.000000
0  1.157709 -21.790611 0.170333  0.157140 -0.953035 -0.258902  0.322510 0.604736 1 62 1.000000
MI_1P_DEagle
0  1.141854 -21.826433 0.385110  0.032719 -0.977801 0.206965  0.326416 0.601562 1 62 1.000000
0  1.141854 -21.790905 0.172096  -0.000018 -0.986373 -0.164522  0.322998 0.604980 1 62 1.000000
0  1.157709 -21.790611 0.170333  0.157140 -0.953035 -0.258902  0.322510 0.604736 1 62 1.000000
MI_1P_DEagle
0  1.157709 -21.790611 0.170333  0.157140 -0.953035 -0.258902  0.322510 0.604736 1 62 1.000000
0  1.387571 -21.789921 0.233354  0.237512 -0.823751 -0.514803  0.320557 0.600098 1 62 1.000000
0  1.141854 -21.826433 0.385110  0.032719 -0.977801 0.206965  0.326416 0.601562 1 62 1.000000
MI_1P_DEagle
0  1.157775 -21.780039 0.106942  0.424575 -0.883047 -0.199911  0.321777 0.605957 1 62 1.000000
0  1.209561 -21.741890 0.142358  0.538402 -0.416242 -0.732711  0.320557 0.604736 1 62 1.000000
0  1.157709 -21.790611 0.170333  0.157140 -0.953035 -0.258902  0.322510 0.604736 1 62 1.000000
MI_1P_DEagle
0  1.209561 -21.741890 0.142358  0.538402 -0.416242 -0.732711  0.320557 0.604736 1 62 1.000000
0  1.387571 -21.789921 0.233354  0.237512 -0.823751 -0.514803  0.320557 0.600098 1 62 1.000000
0  1.157709 -21.790611 0.170333  0.157140 -0.953035 -0.258902  0.322510 0.604736 1 62 1.000000
MI_1P_DEagle
0  1.209561 -21.741890 0.142358  0.538402 -0.416242 -0.732711  0.320557 0.604736 1 62 1.000000
0  1.157775 -21.780039 0.106942  0.424575 -0.883047 -0.199911  0.321777 0.605957 1 62 1.000000
0  1.184838 -21.737648 0.110448  0.861766 -0.357212 -0.360222  0.320557 0.605713 1 62 1.000000
MI_1P_DEagle
0  1.209561 -21.741890 0.142358  0.538402 -0.416242 -0.732711  0.320557 0.604736 1 62 1.000000
0  1.383409 -21.743078 0.201375  0.328109 -0.282384 -0.901445  0.319580 0.600830 1 62 1.000000
0  1.387571 -21.789921 0.233354  0.237512 -0.823751 -0.514803  0.320557 0.600098 1 62 1.000000
MI_1P_DEagle
0  1.256053 -21.547407 0.158288  0.552501 -0.058687 -0.831443  0.316162 0.604980 1 62 1.000000
0  1.383409 -21.743078 0.201375  0.328109 -0.282384 -0.901445  0.319580 0.600830 1 62 1.000000
0  1.209561 -21.741890 0.142358  0.538402 -0.416242 -0.732711  0.320557 0.604736 1 62 1.000000
MI_1P_DEagle
0  1.209561 -21.741890 0.142358  0.538402 -0.416242 -0.732711  0.320557 0.604736 1 62 1.000000
0  1.184838 -21.737648 0.110448  0.861766 -0.357212 -0.360222  0.320557 0.605713 1 62 1.000000
0  1.256053 -21.547407 0.158288  0.552501 -0.058687 -0.831443  0.316162 0.604980 1 62 1.000000
MI_1P_DEagle
0  1.383409 -21.743078 0.201375  0.328109 -0.282384 -0.901445  0.319580 0.600830 1 62 1.000000
0  1.256053 -21.547407 0.158288  0.552501 -0.058687 -0.831443  0.316162 0.604980 1 62 1.000000
0  1.557253 -21.630033 0.260474  0.556647 -0.095435 -0.825249  0.316406 0.597412 1 62 1.000000
MI_1P_DEagle
0  1.557253 -21.630033 0.260474  0.556647 -0.095435 -0.825249  0.316406 0.597412 1 62 1.000000
0  1.256053 -21.547407 0.158288  0.552501 -0.058687 -0.831443  0.316162 0.604980 1 62 1.000000
0  1.570664 -21.547321 0.265089  0.569057 -0.019300 -0.822071  0.314697 0.597412 1 62 1.000000
MI_1P_DEagle
0  1.185369 -21.722261 0.023341  0.916649 -0.394530 -0.064040  0.320068 0.607910 1 62 1.000000
0  1.235154 -21.544554 0.134108  0.909943 -0.186137 -0.370618  0.315918 0.605713 1 62 1.000000
0  1.184838 -21.737648 0.110448  0.861766 -0.357212 -0.360222  0.320557 0.605713 1 62 1.000000
MI_1P_DEagle
0  1.235154 -21.544554 0.134108  0.909943 -0.186137 -0.370618  0.315918 0.605713 1 62 1.000000
0  1.256053 -21.547407 0.158288  0.552501 -0.058687 -0.831443  0.316162 0.604980 1 62 1.000000
0  1.184838 -21.737648 0.110448  0.861766 -0.357212 -0.360222  0.320557 0.605713 1 62 1.000000
MI_1P_DEagle
0  1.235521 -21.530468 0.047002  0.970518 -0.238510 -0.034752  0.315674 0.607910 1 62 1.000000
0  1.235154 -21.544554 0.134108  0.909943 -0.186137 -0.370618  0.315918 0.605713 1 62 1.000000
0  1.185369 -21.722261 0.023341  0.916649 -0.394530 -0.064040  0.320068 0.607910 1 62 1.000000
MI_1P_DEagle
0  1.256053 -21.547407 0.158288  0.552501 -0.058687 -0.831443  0.316162 0.604980 1 62 1.000000
0  1.235154 -21.544554 0.134108  0.909943 -0.186137 -0.370618  0.315918 0.605713 1 62 1.000000
0  1.308679 -21.305622 0.176334  0.574340 -0.060704 -0.816363  0.310547 0.604980 1 62 1.000000
MI_1P_DEagle
0  1.570664 -21.547321 0.265089  0.569057 -0.019300 -0.822071  0.314697 0.597412 1 62 1.000000
0  1.256053 -21.547407 0.158288  0.552501 -0.058687 -0.831443  0.316162 0.604980 1 62 1.000000
0  1.308679 -21.305622 0.176334  0.574340 -0.060704 -0.816363  0.310547 0.604980 1 62 1.000000
MI_1P_DEagle
0  1.235521 -21.530468 0.047002  0.970518 -0.238510 -0.034752  0.315674 0.607910 1 62 1.000000
0  1.292489 -21.301817 0.154789  0.925571 -0.174369 -0.336028  0.310547 0.605713 1 62 1.000000
0  1.235154 -21.544554 0.134108  0.909943 -0.186137 -0.370618  0.315918 0.605713 1 62 1.000000
MI_1P_DEagle
0  1.292489 -21.301817 0.154789  0.925571 -0.174369 -0.336028  0.310547 0.605713 1 62 1.000000
0  1.308679 -21.305622 0.176334  0.574340 -0.060704 -0.816363  0.310547 0.604980 1 62 1.000000
0  1.235154 -21.544554 0.134108  0.909943 -0.186137 -0.370618  0.315918 0.605713 1 62 1.000000
MI_1P_DEagle
0  1.365342 -20.996662 0.195801  0.616585 -0.056377 -0.785267  0.303467 0.604980 1 62 1.000000
0  1.570664 -21.547321 0.265089  0.569057 -0.019300 -0.822071  0.314697 0.597412 1 62 1.000000
0  1.308679 -21.305622 0.176334  0.574340 -0.060704 -0.816363  0.310547 0.604980 1 62 1.000000
MI_1P_DEagle
0  1.308679 -21.305622 0.176334  0.574340 -0.060704 -0.816363  0.310547 0.604980 1 62 1.000000
0  1.292489 -21.301817 0.154789  0.925571 -0.174369 -0.336028  0.310547 0.605713 1 62 1.000000
0  1.365342 -20.996662 0.195801  0.616585 -0.056377 -0.785267  0.303467 0.604980 1 62 1.000000
MI_1P_DEagle
0  1.293079 -21.288216 0.067683  0.976749 -0.212712 -0.026752  0.310303 0.607910 1 62 1.000000
0  1.292489 -21.301817 0.154789  0.925571 -0.174369 -0.336028  0.310547 0.605713 1 62 1.000000
0  1.235521 -21.530468 0.047002  0.970518 -0.238510 -0.034752  0.315674 0.607910 1 62 1.000000
MI_1P_DEagle
0  1.235521 -21.530468 0.047002  0.970518 -0.238510 -0.034752  0.315674 0.607910 1 62 1.000000
0  1.265714 -20.372494 -7.113081  0.916506 -0.385799 -0.105721  0.289062 0.774902 1 62 1.000000
0  1.293079 -21.288216 0.067683  0.976749 -0.212712 -0.026752  0.310303 0.607910 1 62 1.000000
MI_1P_DEagle
0  1.354210 -20.992836 0.176839  0.949437 -0.142716 -0.279646  0.303467 0.605713 1 62 1.000000
0  1.365342 -20.996662 0.195801  0.616585 -0.056377 -0.785267  0.303467 0.604980 1 62 1.000000
0  1.292489 -21.301817 0.154789  0.925571 -0.174369 -0.336028  0.310547 0.605713 1 62 1.000000
MI_1P_DEagle
0  1.293079 -21.288216 0.067683  0.976749 -0.212712 -0.026752  0.310303 0.607910 1 62 1.000000
0  1.354210 -20.992836 0.176839  0.949437 -0.142716 -0.279646  0.303467 0.605713 1 62 1.000000
0  1.292489 -21.301817 0.154789  0.925571 -0.174369 -0.336028  0.310547 0.605713 1 62 1.000000
MI_1P_DEagle
0  1.416342 -20.595728 0.213415  0.690498 -0.048977 -0.721675  0.294434 0.605469 1 62 1.000000
0  1.570664 -21.547321 0.265089  0.569057 -0.019300 -0.822071  0.314697 0.597412 1 62 1.000000
0  1.365342 -20.996662 0.195801  0.616585 -0.056377 -0.785267  0.303467 0.604980 1 62 1.000000
MI_1P_DEagle
0  1.365342 -20.996662 0.195801  0.616585 -0.056377 -0.785267  0.303467 0.604980 1 62 1.000000
0  1.354210 -20.992836 0.176839  0.949437 -0.142716 -0.279646  0.303467 0.605713 1 62 1.000000
0  1.416342 -20.595728 0.213415  0.690498 -0.048977 -0.721675  0.294434 0.605469 1 62 1.000000
MI_1P_DEagle
0  1.570664 -21.547321 0.265089  0.569057 -0.019300 -0.822071  0.314697 0.597412 1 62 1.000000
0  1.416342 -20.595728 0.213415  0.690498 -0.048977 -0.721675  0.294434 0.605469 1 62 1.000000
0  1.566874 -20.176889 0.264830  0.570318 0.028142 -0.820942  0.284668 0.603271 1 62 1.000000
MI_1P_DEagle
0  1.566874 -20.176889 0.264830  0.570318 0.028142 -0.820942  0.284668 0.603271 1 62 1.000000
0  1.604297 -20.162647 0.308811  0.942496 0.119403 -0.312160  0.284424 0.602051 1 62 1.000000
0  1.570664 -21.547321 0.265089  0.569057 -0.019300 -0.822071  0.314697 0.597412 1 62 1.000000
MI_1P_DEagle
0  1.409742 -20.591827 0.194501  0.978941 -0.100983 -0.177419  0.294189 0.605957 1 62 1.000000
0  1.416342 -20.595728 0.213415  0.690498 -0.048977 -0.721675  0.294434 0.605469 1 62 1.000000
0  1.354210 -20.992836 0.176839  0.949437 -0.142716 -0.279646  0.303467 0.605713 1 62 1.000000
MI_1P_DEagle
0  1.566874 -20.176889 0.264830  0.570318 0.028142 -0.820942  0.284668 0.603271 1 62 1.000000
0  1.552748 -20.109484 0.260085  0.562973 0.126092 -0.816800  0.283447 0.603516 1 62 1.000000
0  1.604297 -20.162647 0.308811  0.942496 0.119403 -0.312160  0.284424 0.602051 1 62 1.000000
MI_1P_DEagle
0  1.587523 -20.096889 0.302598  0.887523 0.367934 -0.277357  0.283203 0.602295 1 62 1.000000
0  1.604297 -20.162647 0.308811  0.942496 0.119403 -0.312160  0.284424 0.602051 1 62 1.000000
0  1.552748 -20.109484 0.260085  0.562973 0.126092 -0.816800  0.283447 0.603516 1 62 1.000000
MI_1P_DEagle
0  1.566874 -20.176889 0.264830  0.570318 0.028142 -0.820942  0.284668 0.603271 1 62 1.000000
0  1.416342 -20.595728 0.213415  0.690498 -0.048977 -0.721675  0.294434 0.605469 1 62 1.000000
0  1.453456 -20.121017 0.226369  0.741039 -0.040164 -0.670260  0.283447 0.605469 1 62 1.000000
MI_1P_DEagle
0  1.566874 -20.176889 0.264830  0.570318 0.028142 -0.820942  0.284668 0.603271 1 62 1.000000
0  1.453456 -20.121017 0.226369  0.741039 -0.040164 -0.670260  0.283447 0.605469 1 62 1.000000
0  1.552748 -20.109484 0.260085  0.562973 0.126092 -0.816800  0.283447 0.603516 1 62 1.000000
MI_1P_DEagle
0  1.416342 -20.595728 0.213415  0.690498 -0.048977 -0.721675  0.294434 0.605469 1 62 1.000000
0  1.409742 -20.591827 0.194501  0.978941 -0.100983 -0.177419  0.294189 0.605957 1 62 1.000000
0  1.453456 -20.121017 0.226369  0.741039 -0.040164 -0.670260  0.283447 0.605469 1 62 1.000000
MI_1P_DEagle
0  1.552748 -20.109484 0.260085  0.562973 0.126092 -0.816800  0.283447 0.603516 1 62 1.000000
0  1.516532 -20.053104 0.247833  0.529046 0.261442 -0.807315  0.281982 0.604004 1 62 1.000000
0  1.587523 -20.096889 0.302598  0.887523 0.367934 -0.277357  0.283203 0.602295 1 62 1.000000
MI_1P_DEagle
0  1.552748 -20.109484 0.260085  0.562973 0.126092 -0.816800  0.283447 0.603516 1 62 1.000000
0  1.453456 -20.121017 0.226369  0.741039 -0.040164 -0.670260  0.283447 0.605469 1 62 1.000000
0  1.516532 -20.053104 0.247833  0.529046 0.261442 -0.807315  0.281982 0.604004 1 62 1.000000
MI_1P_DEagle
0  1.544383 -20.030434 0.295244  0.735273 0.644587 -0.209479  0.281738 0.602783 1 62 1.000000
0  1.587523 -20.096889 0.302598  0.887523 0.367934 -0.277357  0.283203 0.602295 1 62 1.000000
0  1.516532 -20.053104 0.247833  0.529046 0.261442 -0.807315  0.281982 0.604004 1 62 1.000000
MI_1P_DEagle
0  1.516532 -20.053104 0.247833  0.529046 0.261442 -0.807315  0.281982 0.604004 1 62 1.000000
0  1.461306 -20.010704 0.229118  0.873169 0.169107 -0.457141  0.280762 0.604980 1 62 1.000000
0  1.544383 -20.030434 0.295244  0.735273 0.644587 -0.209479  0.281738 0.602783 1 62 1.000000
MI_1P_DEagle
0  1.516532 -20.053104 0.247833  0.529046 0.261442 -0.807315  0.281982 0.604004 1 62 1.000000
0  1.453456 -20.121017 0.226369  0.741039 -0.040164 -0.670260  0.283447 0.605469 1 62 1.000000
0  1.461306 -20.010704 0.229118  0.873169 0.169107 -0.457141  0.280762 0.604980 1 62 1.000000
MI_1P_DEagle
0  1.544383 -20.030434 0.295244  0.735273 0.644587 -0.209479  0.281738 0.602783 1 62 1.000000
0  1.461306 -20.010704 0.229118  0.873169 0.169107 -0.457141  0.280762 0.604980 1 62 1.000000
0  1.464683 -19.967981 0.281707  0.905443 0.413457 -0.096058  0.279785 0.603516 1 62 1.000000
MI_1P_DEagle
0  1.449260 -20.110394 0.204337  0.991609 -0.070010 -0.108677  0.283203 0.605957 1 62 1.000000
0  1.461306 -20.010704 0.229118  0.873169 0.169107 -0.457141  0.280762 0.604980 1 62 1.000000
0  1.453456 -20.121017 0.226369  0.741039 -0.040164 -0.670260  0.283447 0.605469 1 62 1.000000
MI_1P_DEagle
0  1.449260 -20.110394 0.204337  0.991609 -0.070010 -0.108677  0.283203 0.605957 1 62 1.000000
0  1.453456 -20.121017 0.226369  0.741039 -0.040164 -0.670260  0.283447 0.605469 1 62 1.000000
0  1.409742 -20.591827 0.194501  0.978941 -0.100983 -0.177419  0.294189 0.605957 1 62 1.000000
MI_1P_DEagle
0  1.461306 -20.010704 0.229118  0.873169 0.169107 -0.457141  0.280762 0.604980 1 62 1.000000
0  1.456534 -19.987223 0.206828  0.998170 -0.009328 -0.059755  0.280273 0.605469 1 62 1.000000
0  1.464683 -19.967981 0.281707  0.905443 0.413457 -0.096058  0.279785 0.603516 1 62 1.000000
MI_1P_DEagle
0  1.456534 -19.987223 0.206828  0.998170 -0.009328 -0.059755  0.280273 0.605469 1 62 1.000000
0  1.461306 -20.010704 0.229118  0.873169 0.169107 -0.457141  0.280762 0.604980 1 62 1.000000
0  1.449260 -20.110394 0.204337  0.991609 -0.070010 -0.108677  0.283203 0.605957 1 62 1.000000
MI_1P_DEagle
0  1.457808 -19.930080 0.271426  0.999141 0.040694 -0.007811  0.278809 0.603760 1 62 1.000000
0  1.464683 -19.967981 0.281707  0.905443 0.413457 -0.096058  0.279785 0.603516 1 62 1.000000
0  1.456534 -19.987223 0.206828  0.998170 -0.009328 -0.059755  0.280273 0.605469 1 62 1.000000
MI_1P_DEagle
0  1.457808 -19.930080 0.271426  0.999141 0.040694 -0.007811  0.278809 0.603760 1 62 1.000000
0  1.456534 -19.987223 0.206828  0.998170 -0.009328 -0.059755  0.280273 0.605469 1 62 1.000000
0  1.468290 -19.548141 0.277432  0.999818 -0.009949 0.016302  0.270264 0.603760 1 62 1.000000
MI_1P_DEagle
0  1.411128 -20.576864 0.107393  0.993888 -0.110327 -0.003935  0.293945 0.607910 1 62 1.000000
0  1.449260 -20.110394 0.204337  0.991609 -0.070010 -0.108677  0.283203 0.605957 1 62 1.000000
0  1.409742 -20.591827 0.194501  0.978941 -0.100983 -0.177419  0.294189 0.605957 1 62 1.000000
MI_1P_DEagle
0  1.458589 -19.963892 0.112930  0.998986 -0.043575 0.011312  0.279785 0.607910 1 62 1.000000
0  1.468290 -19.548141 0.277432  0.999818 -0.009949 0.016302  0.270264 0.603760 1 62 1.000000
0  1.456534 -19.987223 0.206828  0.998170 -0.009328 -0.059755  0.280273 0.605469 1 62 1.000000
MI_1P_DEagle
0  1.451038 -20.093441 0.110440  0.997476 -0.070803 0.005380  0.282959 0.607910 1 62 1.000000
0  1.456534 -19.987223 0.206828  0.998170 -0.009328 -0.059755  0.280273 0.605469 1 62 1.000000
0  1.449260 -20.110394 0.204337  0.991609 -0.070010 -0.108677  0.283203 0.605957 1 62 1.000000
MI_1P_DEagle
0  1.456534 -19.987223 0.206828  0.998170 -0.009328 -0.059755  0.280273 0.605469 1 62 1.000000
0  1.451038 -20.093441 0.110440  0.997476 -0.070803 0.005380  0.282959 0.607910 1 62 1.000000
0  1.458589 -19.963892 0.112930  0.998986 -0.043575 0.011312  0.279785 0.607910 1 62 1.000000
MI_1P_DEagle
0  1.451038 -20.093441 0.110440  0.997476 -0.070803 0.005380  0.282959 0.607910 1 62 1.000000
0  1.449260 -20.110394 0.204337  0.991609 -0.070010 -0.108677  0.283203 0.605957 1 62 1.000000
0  1.411128 -20.576864 0.107393  0.993888 -0.110327 -0.003935  0.293945 0.607910 1 62 1.000000
MI_1P_DEagle
0  1.468290 -19.548141 0.277432  0.999818 -0.009949 0.016302  0.270264 0.603760 1 62 1.000000
0  1.458589 -19.963892 0.112930  0.998986 -0.043575 0.011312  0.279785 0.607910 1 62 1.000000
0  1.610870 -18.234989 -6.845135  0.995520 -0.010925 -0.093915  0.240234 0.770264 1 62 1.000000
MI_1P_DEagle
0  1.463524 -19.145359 0.285115  0.997766 0.059869 0.029644  0.260986 0.603760 1 62 1.000000
0  1.468290 -19.548141 0.277432  0.999818 -0.009949 0.016302  0.270264 0.603760 1 62 1.000000
0  1.610870 -18.234989 -6.845135  0.995520 -0.010925 -0.093915  0.240234 0.770264 1 62 1.000000
MI_1P_DEagle
0  1.610870 -18.234989 -6.845135  0.995520 -0.010925 -0.093915  0.240234 0.770264 1 62 1.000000
0  1.600828 -17.618336 -6.855570  0.995331 0.054756 -0.079482  0.225830 0.770630 1 62 1.000000
0  1.463524 -19.145359 0.285115  0.997766 0.059869 0.029644  0.260986 0.603760 1 62 1.000000
MI_1P_DEagle
0  1.458589 -19.963892 0.112930  0.998986 -0.043575 0.011312  0.279785 0.607910 1 62 1.000000
0  1.451038 -20.093441 0.110440  0.997476 -0.070803 0.005380  0.282959 0.607910 1 62 1.000000
0  1.583501 -18.830420 -6.885078  0.993001 -0.066850 -0.097361  0.253906 0.770752 1 62 1.000000
MI_1P_DEagle
0  1.610870 -18.234989 -6.845135  0.995520 -0.010925 -0.093915  0.240234 0.770264 1 62 1.000000
0  1.458589 -19.963892 0.112930  0.998986 -0.043575 0.011312  0.279785 0.607910 1 62 1.000000
0  1.583501 -18.830420 -6.885078  0.993001 -0.066850 -0.097361  0.253906 0.770752 1 62 1.000000
MI_1P_DEagle
0  1.451038 -20.093441 0.110440  0.997476 -0.070803 0.005380  0.282959 0.607910 1 62 1.000000
0  1.411128 -20.576864 0.107393  0.993888 -0.110327 -0.003935  0.293945 0.607910 1 62 1.000000
0  1.523607 -19.362415 -6.962967  0.986652 -0.133126 -0.093783  0.266113 0.772217 1 62 1.000000
MI_1P_DEagle
0  1.583501 -18.830420 -6.885078  0.993001 -0.066850 -0.097361  0.253906 0.770752 1 62 1.000000
0  1.451038 -20.093441 0.110440  0.997476 -0.070803 0.005380  0.282959 0.607910 1 62 1.000000
0  1.523607 -19.362415 -6.962967  0.986652 -0.133126 -0.093783  0.266113 0.772217 1 62 1.000000
MI_1P_DEagle
0  1.411128 -20.576864 0.107393  0.993888 -0.110327 -0.003935  0.293945 0.607910 1 62 1.000000
0  1.409742 -20.591827 0.194501  0.978941 -0.100983 -0.177419  0.294189 0.605957 1 62 1.000000
0  1.355226 -20.978424 0.089732  0.985961 -0.166221 -0.015884  0.303223 0.607910 1 62 1.000000
MI_1P_DEagle
0  1.355226 -20.978424 0.089732  0.985961 -0.166221 -0.015884  0.303223 0.607910 1 62 1.000000
0  1.409742 -20.591827 0.194501  0.978941 -0.100983 -0.177419  0.294189 0.605957 1 62 1.000000
0  1.354210 -20.992836 0.176839  0.949437 -0.142716 -0.279646  0.303467 0.605713 1 62 1.000000
MI_1P_DEagle
0  1.355226 -20.978424 0.089732  0.985961 -0.166221 -0.015884  0.303223 0.607910 1 62 1.000000
0  1.354210 -20.992836 0.176839  0.949437 -0.142716 -0.279646  0.303467 0.605713 1 62 1.000000
0  1.293079 -21.288216 0.067683  0.976749 -0.212712 -0.026752  0.310303 0.607910 1 62 1.000000
MI_1P_DEagle
0  1.411128 -20.576864 0.107393  0.993888 -0.110327 -0.003935  0.293945 0.607910 1 62 1.000000
0  1.355226 -20.978424 0.089732  0.985961 -0.166221 -0.015884  0.303223 0.607910 1 62 1.000000
0  1.438655 -19.795118 -7.062040  0.975226 -0.201801 -0.090613  0.275879 0.774780 1 62 1.000000
MI_1P_DEagle
0  1.355226 -20.978424 0.089732  0.985961 -0.166221 -0.015884  0.303223 0.607910 1 62 1.000000
0  1.293079 -21.288216 0.067683  0.976749 -0.212712 -0.026752  0.310303 0.607910 1 62 1.000000
0  1.438655 -19.795118 -7.062040  0.975226 -0.201801 -0.090613  0.275879 0.774780 1 62 1.000000
MI_1P_DEagle
0  1.523607 -19.362415 -6.962967  0.986652 -0.133126 -0.093783  0.266113 0.772217 1 62 1.000000
0  1.411128 -20.576864 0.107393  0.993888 -0.110327 -0.003935  0.293945 0.607910 1 62 1.000000
0  1.438655 -19.795118 -7.062040  0.975226 -0.201801 -0.090613  0.275879 0.774780 1 62 1.000000
MI_1P_DEagle
0  1.341951 -20.160473 -7.154720  0.946804 -0.284152 -0.151063  0.284180 0.776611 1 62 1.000000
0  1.438655 -19.795118 -7.062040  0.975226 -0.201801 -0.090613  0.275879 0.774780 1 62 1.000000
0  1.293079 -21.288216 0.067683  0.976749 -0.212712 -0.026752  0.310303 0.607910 1 62 1.000000
MI_1P_DEagle
0  1.341951 -20.160473 -7.154720  0.946804 -0.284152 -0.151063  0.284180 0.776611 1 62 1.000000
0  1.293079 -21.288216 0.067683  0.976749 -0.212712 -0.026752  0.310303 0.607910 1 62 1.000000
0  1.265714 -20.372494 -7.113081  0.916506 -0.385799 -0.105721  0.289062 0.774902 1 62 1.000000
MI_1P_DEagle
0  1.255981 -20.371141 -7.177913  0.556795 -0.453281 -0.696072  0.289062 0.776367 1 62 1.000000
0  1.341951 -20.160473 -7.154720  0.946804 -0.284152 -0.151063  0.284180 0.776611 1 62 1.000000
0  1.265714 -20.372494 -7.113081  0.916506 -0.385799 -0.105721  0.289062 0.774902 1 62 1.000000
MI_1P_DEagle
0  1.324915 -20.155329 -7.224145  0.583843 -0.222955 -0.780652  0.283936 0.778687 1 62 1.000000
0  1.341951 -20.160473 -7.154720  0.946804 -0.284152 -0.151063  0.284180 0.776611 1 62 1.000000
0  1.255981 -20.371141 -7.177913  0.556795 -0.453281 -0.696072  0.289062 0.776367 1 62 1.000000
MI_1P_DEagle
0  1.438655 -19.795118 -7.062040  0.975226 -0.201801 -0.090613  0.275879 0.774780 1 62 1.000000
0  1.341951 -20.160473 -7.154720  0.946804 -0.284152 -0.151063  0.284180 0.776611 1 62 1.000000
0  1.430688 -19.782381 -7.126105  0.887391 -0.098492 -0.450374  0.275635 0.776367 1 62 1.000000
MI_1P_DEagle
0  1.324915 -20.155329 -7.224145  0.583843 -0.222955 -0.780652  0.283936 0.778687 1 62 1.000000
0  1.430688 -19.782381 -7.126105  0.887391 -0.098492 -0.450374  0.275635 0.776367 1 62 1.000000
0  1.341951 -20.160473 -7.154720  0.946804 -0.284152 -0.151063  0.284180 0.776611 1 62 1.000000
MI_1P_DEagle
0  1.438655 -19.795118 -7.062040  0.975226 -0.201801 -0.090613  0.275879 0.774780 1 62 1.000000
0  1.430688 -19.782381 -7.126105  0.887391 -0.098492 -0.450374  0.275635 0.776367 1 62 1.000000
0  1.523607 -19.362415 -6.962967  0.986652 -0.133126 -0.093783  0.266113 0.772217 1 62 1.000000
MI_1P_DEagle
0  1.324915 -20.155329 -7.224145  0.583843 -0.222955 -0.780652  0.283936 0.778687 1 62 1.000000
0  1.325730 -19.746899 -7.232074  0.414188 -0.007043 -0.910164  0.274414 0.780884 1 62 1.000000
0  1.430688 -19.782381 -7.126105  0.887391 -0.098492 -0.450374  0.275635 0.776367 1 62 1.000000
MI_1P_DEagle
0  1.512657 -19.345436 -7.031505  0.888056 -0.049827 -0.457026  0.265625 0.773804 1 62 1.000000
0  1.523607 -19.362415 -6.962967  0.986652 -0.133126 -0.093783  0.266113 0.772217 1 62 1.000000
0  1.430688 -19.782381 -7.126105  0.887391 -0.098492 -0.450374  0.275635 0.776367 1 62 1.000000
MI_1P_DEagle
0  1.430688 -19.782381 -7.126105  0.887391 -0.098492 -0.450374  0.275635 0.776367 1 62 1.000000
0  1.325730 -19.746899 -7.232074  0.414188 -0.007043 -0.910164  0.274414 0.780884 1 62 1.000000
0  1.512657 -19.345436 -7.031505  0.888056 -0.049827 -0.457026  0.265625 0.773804 1 62 1.000000
MI_1P_DEagle
0  1.523607 -19.362415 -6.962967  0.986652 -0.133126 -0.093783  0.266113 0.772217 1 62 1.000000
0  1.512657 -19.345436 -7.031505  0.888056 -0.049827 -0.457026  0.265625 0.773804 1 62 1.000000
0  1.583501 -18.830420 -6.885078  0.993001 -0.066850 -0.097361  0.253906 0.770752 1 62 1.000000
MI_1P_DEagle
0  1.568755 -18.815769 -6.959161  0.888932 -0.021502 -0.457534  0.253418 0.772461 1 62 1.000000
0  1.583501 -18.830420 -6.885078  0.993001 -0.066850 -0.097361  0.253906 0.770752 1 62 1.000000
0  1.512657 -19.345436 -7.031505  0.888056 -0.049827 -0.457026  0.265625 0.773804 1 62 1.000000
MI_1P_DEagle
0  1.512657 -19.345436 -7.031505  0.888056 -0.049827 -0.457026  0.265625 0.773804 1 62 1.000000
0  1.325730 -19.746899 -7.232074  0.414188 -0.007043 -0.910164  0.274414 0.780884 1 62 1.000000
0  1.568755 -18.815769 -6.959161  0.888932 -0.021502 -0.457534  0.253418 0.772461 1 62 1.000000
MI_1P_DEagle
0  1.583501 -18.830420 -6.885078  0.993001 -0.066850 -0.097361  0.253906 0.770752 1 62 1.000000
0  1.568755 -18.815769 -6.959161  0.888932 -0.021502 -0.457534  0.253418 0.772461 1 62 1.000000
0  1.610870 -18.234989 -6.845135  0.995520 -0.010925 -0.093915  0.240234 0.770264 1 62 1.000000
MI_1P_DEagle
0  1.594462 -18.223104 -6.921791  0.896604 -0.002595 -0.442825  0.239868 0.771606 1 62 1.000000
0  1.610870 -18.234989 -6.845135  0.995520 -0.010925 -0.093915  0.240234 0.770264 1 62 1.000000
0  1.568755 -18.815769 -6.959161  0.888932 -0.021502 -0.457534  0.253418 0.772461 1 62 1.000000
MI_1P_DEagle
0  1.568755 -18.815769 -6.959161  0.888932 -0.021502 -0.457534  0.253418 0.772461 1 62 1.000000
0  1.325730 -19.746899 -7.232074  0.414188 -0.007043 -0.910164  0.274414 0.780884 1 62 1.000000
0  1.594462 -18.223104 -6.921791  0.896604 -0.002595 -0.442825  0.239868 0.771606 1 62 1.000000
MI_1P_DEagle
0  1.594462 -18.223104 -6.921791  0.896604 -0.002595 -0.442825  0.239868 0.771606 1 62 1.000000
0  1.600828 -17.618336 -6.855570  0.995331 0.054756 -0.079482  0.225830 0.770630 1 62 1.000000
0  1.610870 -18.234989 -6.845135  0.995520 -0.010925 -0.093915  0.240234 0.770264 1 62 1.000000
MI_1P_DEagle
0  1.325730 -19.746899 -7.232074  0.414188 -0.007043 -0.910164  0.274414 0.780884 1 62 1.000000
0  1.322625 -16.748274 -7.229360  0.455963 0.035997 -0.889270  0.204834 0.780884 1 62 1.000000
0  1.594462 -18.223104 -6.921791  0.896604 -0.002595 -0.442825  0.239868 0.771606 1 62 1.000000
MI_1P_DEagle
0  1.322625 -16.748274 -7.229360  0.455963 0.035997 -0.889270  0.204834 0.780884 1 62 1.000000
0  1.325730 -19.746899 -7.232074  0.414188 -0.007043 -0.910164  0.274414 0.780884 1 62 1.000000
0  1.170577 -16.738987 -7.242986  0.047998 0.008018 -0.998815  0.204224 0.782837 1 62 1.000000
MI_1P_DEagle
0  1.585631 -17.614185 -6.931477  0.900880 0.025186 -0.433337  0.226074 0.771973 1 62 1.000000
0  1.600828 -17.618336 -6.855570  0.995331 0.054756 -0.079482  0.225830 0.770630 1 62 1.000000
0  1.594462 -18.223104 -6.921791  0.896604 -0.002595 -0.442825  0.239868 0.771606 1 62 1.000000
MI_1P_DEagle
0  1.585631 -17.614185 -6.931477  0.900880 0.025186 -0.433337  0.226074 0.771973 1 62 1.000000
0  1.594462 -18.223104 -6.921791  0.896604 -0.002595 -0.442825  0.239868 0.771606 1 62 1.000000
0  1.322625 -16.748274 -7.229360  0.455963 0.035997 -0.889270  0.204834 0.780884 1 62 1.000000
MI_1P_DEagle
0  1.170577 -16.738987 -7.242986  0.047998 0.008018 -0.998815  0.204224 0.782837 1 62 1.000000
0  1.279129 -16.453102 -7.225590  0.569270 0.209440 -0.795026  0.197876 0.780884 1 62 1.000000
0  1.322625 -16.748274 -7.229360  0.455963 0.035997 -0.889270  0.204834 0.780884 1 62 1.000000
MI_1P_DEagle
0  1.600828 -17.618336 -6.855570  0.995331 0.054756 -0.079482  0.225830 0.770630 1 62 1.000000
0  1.585631 -17.614185 -6.931477  0.900880 0.025186 -0.433337  0.226074 0.771973 1 62 1.000000
0  1.544504 -17.070133 -6.919688  0.984696 0.169442 -0.040784  0.212891 0.771484 1 62 1.000000
MI_1P_DEagle
0  1.544504 -17.070133 -6.919688  0.984696 0.169442 -0.040784  0.212891 0.771484 1 62 1.000000
0  1.539343 -17.059050 -6.859457  0.981486 0.188653 0.033086  0.212646 0.770630 1 62 1.000000
0  1.600828 -17.618336 -6.855570  0.995331 0.054756 -0.079482  0.225830 0.770630 1 62 1.000000
MI_1P_DEagle
0  1.585631 -17.614185 -6.931477  0.900880 0.025186 -0.433337  0.226074 0.771973 1 62 1.000000
0  1.322625 -16.748274 -7.229360  0.455963 0.035997 -0.889270  0.204834 0.780884 1 62 1.000000
0  1.536879 -17.086670 -6.990726  0.910098 0.076744 -0.407225  0.213379 0.772705 1 62 1.000000
MI_1P_DEagle
0  1.536879 -17.086670 -6.990726  0.910098 0.076744 -0.407225  0.213379 0.772705 1 62 1.000000
0  1.544504 -17.070133 -6.919688  0.984696 0.169442 -0.040784  0.212891 0.771484 1 62 1.000000
0  1.585631 -17.614185 -6.931477  0.900880 0.025186 -0.433337  0.226074 0.771973 1 62 1.000000
MI_1P_DEagle
0  1.441626 -16.725019 -7.097929  0.881346 0.186962 -0.433906  0.204590 0.774902 1 62 1.000000
0  1.536879 -17.086670 -6.990726  0.910098 0.076744 -0.407225  0.213379 0.772705 1 62 1.000000
0  1.322625 -16.748274 -7.229360  0.455963 0.035997 -0.889270  0.204834 0.780884 1 62 1.000000
MI_1P_DEagle
0  1.544504 -17.070133 -6.919688  0.984696 0.169442 -0.040784  0.212891 0.771484 1 62 1.000000
0  1.536879 -17.086670 -6.990726  0.910098 0.076744 -0.407225  0.213379 0.772705 1 62 1.000000
0  1.441626 -16.725019 -7.097929  0.881346 0.186962 -0.433906  0.204590 0.774902 1 62 1.000000
MI_1P_DEagle
0  1.279129 -16.453102 -7.225590  0.569270 0.209440 -0.795026  0.197876 0.780884 1 62 1.000000
0  1.441626 -16.725019 -7.097929  0.881346 0.186962 -0.433906  0.204590 0.774902 1 62 1.000000
0  1.322625 -16.748274 -7.229360  0.455963 0.035997 -0.889270  0.204834 0.780884 1 62 1.000000
MI_1P_DEagle
0  1.544504 -17.070133 -6.919688  0.984696 0.169442 -0.040784  0.212891 0.771484 1 62 1.000000
0  1.439788 -16.680824 -7.035571  0.932705 0.338748 -0.123738  0.203613 0.773438 1 62 1.000000
0  1.539343 -17.059050 -6.859457  0.981486 0.188653 0.033086  0.212646 0.770630 1 62 1.000000
MI_1P_DEagle
0  1.441626 -16.725019 -7.097929  0.881346 0.186962 -0.433906  0.204590 0.774902 1 62 1.000000
0  1.439788 -16.680824 -7.035571  0.932705 0.338748 -0.123738  0.203613 0.773438 1 62 1.000000
0  1.544504 -17.070133 -6.919688  0.984696 0.169442 -0.040784  0.212891 0.771484 1 62 1.000000
MI_1P_DEagle
0  1.279129 -16.453102 -7.225590  0.569270 0.209440 -0.795026  0.197876 0.780884 1 62 1.000000
0  1.439788 -16.680824 -7.035571  0.932705 0.338748 -0.123738  0.203613 0.773438 1 62 1.000000
0  1.441626 -16.725019 -7.097929  0.881346 0.186962 -0.433906  0.204590 0.774902 1 62 1.000000
MI_1P_DEagle
0  1.421794 -16.614395 -6.877179  0.938099 0.344980 -0.030968  0.202026 0.770630 1 62 1.000000
0  1.539343 -17.059050 -6.859457  0.981486 0.188653 0.033086  0.212646 0.770630 1 62 1.000000
0  1.439788 -16.680824 -7.035571  0.932705 0.338748 -0.123738  0.203613 0.773438 1 62 1.000000
MI_1P_DEagle
0  1.279129 -16.453102 -7.225590  0.569270 0.209440 -0.795026  0.197876 0.780884 1 62 1.000000
0  1.301366 -16.431158 -7.159231  0.879656 0.381695 -0.283749  0.197388 0.778809 1 62 1.000000
0  1.439788 -16.680824 -7.035571  0.932705 0.338748 -0.123738  0.203613 0.773438 1 62 1.000000
MI_1P_DEagle
0  1.439788 -16.680824 -7.035571  0.932705 0.338748 -0.123738  0.203613 0.773438 1 62 1.000000
0  1.301366 -16.431158 -7.159231  0.879656 0.381695 -0.283749  0.197388 0.778809 1 62 1.000000
0  1.421794 -16.614395 -6.877179  0.938099 0.344980 -0.030968  0.202026 0.770630 1 62 1.000000
MI_1P_DEagle
0  1.279129 -16.453102 -7.225590  0.569270 0.209440 -0.795026  0.197876 0.780884 1 62 1.000000
0  1.186133 -16.262154 -7.228814  0.508131 0.305680 -0.805209  0.193237 0.780884 1 62 1.000000
0  1.301366 -16.431158 -7.159231  0.879656 0.381695 -0.283749  0.197388 0.778809 1 62 1.000000
MI_1P_DEagle
0  1.421794 -16.614395 -6.877179  0.938099 0.344980 -0.030968  0.202026 0.770630 1 62 1.000000
0  1.301366 -16.431158 -7.159231  0.879656 0.381695 -0.283749  0.197388 0.778809 1 62 1.000000
0  1.280735 -16.293543 -6.891723  0.875850 0.477089 -0.072615  0.194214 0.770630 1 62 1.000000
MI_1P_DEagle
0  1.280735 -16.293543 -6.891723  0.875850 0.477089 -0.072615  0.194214 0.770630 1 62 1.000000
0  1.301915 -16.331791 -6.548463  0.888814 0.458169 0.009470  0.195190 0.763062 1 62 1.000000
0  1.421794 -16.614395 -6.877179  0.938099 0.344980 -0.030968  0.202026 0.770630 1 62 1.000000
MI_1P_DEagle
0  1.280735 -16.293543 -6.891723  0.875850 0.477089 -0.072615  0.194214 0.770630 1 62 1.000000
0  1.142108 -16.080002 -6.552562  0.789694 0.613452 0.007734  0.188843 0.763062 1 62 1.000000
0  1.301915 -16.331791 -6.548463  0.888814 0.458169 0.009470  0.195190 0.763062 1 62 1.000000
MI_1P_DEagle
0  1.211690 -16.256748 -7.172928  0.831240 0.480117 -0.280227  0.193115 0.778809 1 62 1.000000
0  1.301366 -16.431158 -7.159231  0.879656 0.381695 -0.283749  0.197388 0.778809 1 62 1.000000
0  1.186133 -16.262154 -7.228814  0.508131 0.305680 -0.805209  0.193237 0.780884 1 62 1.000000
MI_1P_DEagle
0  1.211690 -16.256748 -7.172928  0.831240 0.480117 -0.280227  0.193115 0.778809 1 62 1.000000
0  1.280735 -16.293543 -6.891723  0.875850 0.477089 -0.072615  0.194214 0.770630 1 62 1.000000
0  1.301366 -16.431158 -7.159231  0.879656 0.381695 -0.283749  0.197388 0.778809 1 62 1.000000
MI_1P_DEagle
0  1.186133 -16.262154 -7.228814  0.508131 0.305680 -0.805209  0.193237 0.780884 1 62 1.000000
0  1.062113 -16.067940 -7.216434  0.478273 0.443890 -0.757771  0.188354 0.780884 1 62 1.000000
0  1.211690 -16.256748 -7.172928  0.831240 0.480117 -0.280227  0.193115 0.778809 1 62 1.000000
MI_1P_DEagle
0  1.128923 -16.064140 -6.890196  0.779832 0.622665 -0.064425  0.188477 0.770630 1 62 1.000000
0  1.142108 -16.080002 -6.552562  0.789694 0.613452 0.007734  0.188843 0.763062 1 62 1.000000
0  1.280735 -16.293543 -6.891723  0.875850 0.477089 -0.072615  0.194214 0.770630 1 62 1.000000
MI_1P_DEagle
0  1.280735 -16.293543 -6.891723  0.875850 0.477089 -0.072615  0.194214 0.770630 1 62 1.000000
0  1.211690 -16.256748 -7.172928  0.831240 0.480117 -0.280227  0.193115 0.778809 1 62 1.000000
0  1.128923 -16.064140 -6.890196  0.779832 0.622665 -0.064425  0.188477 0.770630 1 62 1.000000
MI_1P_DEagle
0  1.128923 -16.064140 -6.890196  0.779832 0.622665 -0.064425  0.188477 0.770630 1 62 1.000000
0  0.902708 -15.825929 -6.867647  0.617201 0.783891 -0.067665  0.183105 0.770630 1 62 1.000000
0  1.142108 -16.080002 -6.552562  0.789694 0.613452 0.007734  0.188843 0.763062 1 62 1.000000
MI_1P_DEagle
0  1.084822 -16.063719 -7.160356  0.753011 0.615401 -0.232929  0.188354 0.778809 1 62 1.000000
0  1.211690 -16.256748 -7.172928  0.831240 0.480117 -0.280227  0.193115 0.778809 1 62 1.000000
0  1.062113 -16.067940 -7.216434  0.478273 0.443890 -0.757771  0.188354 0.780884 1 62 1.000000
MI_1P_DEagle
0  1.084822 -16.063719 -7.160356  0.753011 0.615401 -0.232929  0.188354 0.778809 1 62 1.000000
0  1.128923 -16.064140 -6.890196  0.779832 0.622665 -0.064425  0.188477 0.770630 1 62 1.000000
0  1.211690 -16.256748 -7.172928  0.831240 0.480117 -0.280227  0.193115 0.778809 1 62 1.000000
MI_1P_DEagle
0  1.084822 -16.063719 -7.160356  0.753011 0.615401 -0.232929  0.188354 0.778809 1 62 1.000000
0  1.062113 -16.067940 -7.216434  0.478273 0.443890 -0.757771  0.188354 0.780884 1 62 1.000000
0  0.896320 -15.865499 -7.137219  0.594109 0.772652 -0.223703  0.183350 0.778809 1 62 1.000000
MI_1P_DEagle
0  1.084822 -16.063719 -7.160356  0.753011 0.615401 -0.232929  0.188354 0.778809 1 62 1.000000
0  0.896320 -15.865499 -7.137219  0.594109 0.772652 -0.223703  0.183350 0.778809 1 62 1.000000
0  1.128923 -16.064140 -6.890196  0.779832 0.622665 -0.064425  0.188477 0.770630 1 62 1.000000
MI_1P_DEagle
0  0.902708 -15.825929 -6.867647  0.617201 0.783891 -0.067665  0.183105 0.770630 1 62 1.000000
0  1.128923 -16.064140 -6.890196  0.779832 0.622665 -0.064425  0.188477 0.770630 1 62 1.000000
0  0.896320 -15.865499 -7.137219  0.594109 0.772652 -0.223703  0.183350 0.778809 1 62 1.000000
MI_1P_DEagle
0  0.896320 -15.865499 -7.137219  0.594109 0.772652 -0.223703  0.183350 0.778809 1 62 1.000000
0  0.601606 -15.691572 -7.104756  0.374843 0.893881 -0.245904  0.178101 0.778809 1 62 1.000000
0  0.902708 -15.825929 -6.867647  0.617201 0.783891 -0.067665  0.183105 0.770630 1 62 1.000000
MI_1P_DEagle
0  0.601559 -15.645307 -6.829987  0.399769 0.913182 -0.079270  0.178101 0.770630 1 62 1.000000
0  0.902708 -15.825929 -6.867647  0.617201 0.783891 -0.067665  0.183105 0.770630 1 62 1.000000
0  0.601606 -15.691572 -7.104756  0.374843 0.893881 -0.245904  0.178101 0.778809 1 62 1.000000
MI_1P_DEagle
0  0.601606 -15.691572 -7.104756  0.374843 0.893881 -0.245904  0.178101 0.778809 1 62 1.000000
0  0.297071 -15.596318 -7.079163  0.174621 0.949798 -0.259599  0.171021 0.778809 1 62 1.000000
0  0.601559 -15.645307 -6.829987  0.399769 0.913182 -0.079270  0.178101 0.770630 1 62 1.000000
MI_1P_DEagle
0  0.297071 -15.596318 -7.079163  0.174621 0.949798 -0.259599  0.171021 0.778809 1 62 1.000000
0  0.601606 -15.691572 -7.104756  0.374843 0.893881 -0.245904  0.178101 0.778809 1 62 1.000000
0  0.294810 -15.618479 -7.137150  0.096787 0.684255 -0.722791  0.171021 0.780884 1 62 1.000000
MI_1P_DEagle
0  0.297071 -15.596318 -7.079163  0.174621 0.949798 -0.259599  0.171021 0.778809 1 62 1.000000
0  0.294810 -15.618479 -7.137150  0.096787 0.684255 -0.722791  0.171021 0.780884 1 62 1.000000
0  -0.006725 -15.591496 -7.126839  -0.000000 0.691618 -0.722263  0.162964 0.780884 1 62 1.000000
MI_1P_DEagle
0  0.297066 -15.550093 -6.808268  0.189248 0.978206 -0.085427  0.171021 0.770630 1 62 1.000000
0  0.601559 -15.645307 -6.829987  0.399769 0.913182 -0.079270  0.178101 0.770630 1 62 1.000000
0  0.297071 -15.596318 -7.079163  0.174621 0.949798 -0.259599  0.171021 0.778809 1 62 1.000000
MI_1P_DEagle
0  0.601559 -15.645307 -6.829987  0.399769 0.913182 -0.079270  0.178101 0.770630 1 62 1.000000
0  0.297066 -15.550093 -6.808268  0.189248 0.978206 -0.085427  0.171021 0.770630 1 62 1.000000
0  0.601411 -15.642600 -6.497937  0.409722 0.912200 0.004246  0.178101 0.763062 1 62 1.000000
MI_1P_DEagle
0  -0.006725 -15.591496 -7.126839  -0.000000 0.691618 -0.722263  0.162964 0.780884 1 62 1.000000
0  -0.006725 -15.569009 -7.068721  -0.000000 0.964826 -0.262891  0.162964 0.778809 1 62 1.000000
0  0.297071 -15.596318 -7.079163  0.174621 0.949798 -0.259599  0.171021 0.778809 1 62 1.000000
MI_1P_DEagle
0  0.297071 -15.596318 -7.079163  0.174621 0.949798 -0.259599  0.171021 0.778809 1 62 1.000000
0  -0.006725 -15.569009 -7.068721  -0.000000 0.964826 -0.262891  0.162964 0.778809 1 62 1.000000
0  0.297066 -15.550093 -6.808268  0.189248 0.978206 -0.085427  0.171021 0.770630 1 62 1.000000
MI_1P_DEagle
0  0.297051 -15.547528 -6.481119  0.194258 0.980937 0.005171  0.171021 0.763062 1 62 1.000000
0  0.601411 -15.642600 -6.497937  0.409722 0.912200 0.004246  0.178101 0.763062 1 62 1.000000
0  0.297066 -15.550093 -6.808268  0.189248 0.978206 -0.085427  0.171021 0.770630 1 62 1.000000
MI_1P_DEagle
0  -0.006725 -15.591496 -7.126839  -0.000000 0.691618 -0.722263  0.162964 0.780884 1 62 1.000000
0  -0.310520 -15.596318 -7.079163  -0.174619 0.949798 -0.259600  0.154663 0.778809 1 62 1.000000
0  -0.006725 -15.569009 -7.068721  -0.000000 0.964826 -0.262891  0.162964 0.778809 1 62 1.000000
MI_1P_DEagle
0  0.297066 -15.550093 -6.808268  0.189248 0.978206 -0.085427  0.171021 0.770630 1 62 1.000000
0  -0.006725 -15.523033 -6.802176  0.000000 0.996144 -0.087729  0.162964 0.770630 1 62 1.000000
0  0.297051 -15.547528 -6.481119  0.194258 0.980937 0.005171  0.171021 0.763062 1 62 1.000000
MI_1P_DEagle
0  -0.006725 -15.523033 -6.802176  0.000000 0.996144 -0.087729  0.162964 0.770630 1 62 1.000000
0  0.297066 -15.550093 -6.808268  0.189248 0.978206 -0.085427  0.171021 0.770630 1 62 1.000000
0  -0.006725 -15.569009 -7.068721  -0.000000 0.964826 -0.262891  0.162964 0.778809 1 62 1.000000
MI_1P_DEagle
0  -0.310520 -15.596318 -7.079163  -0.174619 0.949798 -0.259600  0.154663 0.778809 1 62 1.000000
0  -0.310516 -15.550093 -6.808268  -0.189245 0.978207 -0.085428  0.154663 0.770630 1 62 1.000000
0  -0.006725 -15.569009 -7.068721  -0.000000 0.964826 -0.262891  0.162964 0.778809 1 62 1.000000
MI_1P_DEagle
0  -0.006725 -15.523033 -6.802176  0.000000 0.996144 -0.087729  0.162964 0.770630 1 62 1.000000
0  -0.006725 -15.569009 -7.068721  -0.000000 0.964826 -0.262891  0.162964 0.778809 1 62 1.000000
0  -0.310516 -15.550093 -6.808268  -0.189245 0.978207 -0.085428  0.154663 0.770630 1 62 1.000000
MI_1P_DEagle
0  -0.006725 -15.520559 -6.478063  0.000000 0.999985 0.005491  0.162964 0.763062 1 62 1.000000
0  0.297051 -15.547528 -6.481119  0.194258 0.980937 0.005171  0.171021 0.763062 1 62 1.000000
0  -0.006725 -15.523033 -6.802176  0.000000 0.996144 -0.087729  0.162964 0.770630 1 62 1.000000
MI_1P_DEagle
0  0.297051 -15.547528 -6.481119  0.194258 0.980937 0.005171  0.171021 0.763062 1 62 1.000000
0  -0.006725 -15.520559 -6.478063  0.000000 0.999985 0.005491  0.162964 0.763062 1 62 1.000000
0  0.297024 -15.554036 -6.125916  0.193626 0.980174 0.042057  0.171021 0.754272 1 62 1.000000
MI_1P_DEagle
0  -0.006725 -15.527138 -6.124665  0.000000 0.999058 0.043391  0.162964 0.754272 1 62 1.000000
0  0.297024 -15.554036 -6.125916  0.193626 0.980174 0.042057  0.171021 0.754272 1 62 1.000000
0  -0.006725 -15.520559 -6.478063  0.000000 0.999985 0.005491  0.162964 0.763062 1 62 1.000000
MI_1P_DEagle
0  -0.006725 -15.523033 -6.802176  0.000000 0.996144 -0.087729  0.162964 0.770630 1 62 1.000000
0  -0.310501 -15.547528 -6.481119  -0.194257 0.980937 0.005170  0.154663 0.763062 1 62 1.000000
0  -0.006725 -15.520559 -6.478063  0.000000 0.999985 0.005491  0.162964 0.763062 1 62 1.000000
MI_1P_DEagle
0  -0.310516 -15.550093 -6.808268  -0.189245 0.978207 -0.085428  0.154663 0.770630 1 62 1.000000
0  -0.310501 -15.547528 -6.481119  -0.194257 0.980937 0.005170  0.154663 0.763062 1 62 1.000000
0  -0.006725 -15.523033 -6.802176  0.000000 0.996144 -0.087729  0.162964 0.770630 1 62 1.000000
MI_1P_DEagle
0  -0.006725 -15.520559 -6.478063  0.000000 0.999985 0.005491  0.162964 0.763062 1 62 1.000000
0  -0.310475 -15.554036 -6.125916  -0.193624 0.980174 0.042056  0.154663 0.754272 1 62 1.000000
0  -0.006725 -15.527138 -6.124665  0.000000 0.999058 0.043391  0.162964 0.754272 1 62 1.000000
MI_1P_DEagle
0  -0.310501 -15.547528 -6.481119  -0.194257 0.980937 0.005170  0.154663 0.763062 1 62 1.000000
0  -0.310475 -15.554036 -6.125916  -0.193624 0.980174 0.042056  0.154663 0.754272 1 62 1.000000
0  -0.006725 -15.520559 -6.478063  0.000000 0.999985 0.005491  0.162964 0.763062 1 62 1.000000
MI_1P_DEagle
0  -0.310520 -15.596318 -7.079163  -0.174619 0.949798 -0.259600  0.154663 0.778809 1 62 1.000000
0  -0.615010 -15.645305 -6.829987  -0.399766 0.913183 -0.079266  0.147705 0.770630 1 62 1.000000
0  -0.310516 -15.550093 -6.808268  -0.189245 0.978207 -0.085428  0.154663 0.770630 1 62 1.000000
MI_1P_DEagle
0  -0.615056 -15.691572 -7.104756  -0.374843 0.893881 -0.245906  0.147705 0.778809 1 62 1.000000
0  -0.615010 -15.645305 -6.829987  -0.399766 0.913183 -0.079266  0.147705 0.770630 1 62 1.000000
0  -0.310520 -15.596318 -7.079163  -0.174619 0.949798 -0.259600  0.154663 0.778809 1 62 1.000000
MI_1P_DEagle
0  -0.310501 -15.547528 -6.481119  -0.194257 0.980937 0.005170  0.154663 0.763062 1 62 1.000000
0  -0.310516 -15.550093 -6.808268  -0.189245 0.978207 -0.085428  0.154663 0.770630 1 62 1.000000
0  -0.614861 -15.642599 -6.497937  -0.409720 0.912201 0.004249  0.147705 0.763062 1 62 1.000000
MI_1P_DEagle
0  -0.615010 -15.645305 -6.829987  -0.399766 0.913183 -0.079266  0.147705 0.770630 1 62 1.000000
0  -0.614861 -15.642599 -6.497937  -0.409720 0.912201 0.004249  0.147705 0.763062 1 62 1.000000
0  -0.310516 -15.550093 -6.808268  -0.189245 0.978207 -0.085428  0.154663 0.770630 1 62 1.000000
MI_1P_DEagle
0  -0.310501 -15.547528 -6.481119  -0.194257 0.980937 0.005170  0.154663 0.763062 1 62 1.000000
0  -0.614594 -15.648694 -6.135642  -0.409384 0.911614 0.036944  0.147705 0.754272 1 62 1.000000
0  -0.310475 -15.554036 -6.125916  -0.193624 0.980174 0.042056  0.154663 0.754272 1 62 1.000000
MI_1P_DEagle
0  -0.614861 -15.642599 -6.497937  -0.409720 0.912201 0.004249  0.147705 0.763062 1 62 1.000000
0  -0.614594 -15.648694 -6.135642  -0.409384 0.911614 0.036944  0.147705 0.754272 1 62 1.000000
0  -0.310501 -15.547528 -6.481119  -0.194257 0.980937 0.005170  0.154663 0.763062 1 62 1.000000
MI_1P_DEagle
0  -0.310475 -15.554036 -6.125916  -0.193624 0.980174 0.042056  0.154663 0.754272 1 62 1.000000
0  -0.310429 -15.577285 -5.784346  -0.191642 0.977407 0.089158  0.154663 0.746338 1 62 1.000000
0  -0.006725 -15.527138 -6.124665  0.000000 0.999058 0.043391  0.162964 0.754272 1 62 1.000000
MI_1P_DEagle
0  -0.310429 -15.577285 -5.784346  -0.191642 0.977407 0.089158  0.154663 0.746338 1 62 1.000000
0  -0.006725 -15.550547 -5.783164  -0.000000 0.995798 0.091582  0.162964 0.746338 1 62 1.000000
0  -0.006725 -15.527138 -6.124665  0.000000 0.999058 0.043391  0.162964 0.754272 1 62 1.000000
MI_1P_DEagle
0  -0.614594 -15.648694 -6.135642  -0.409384 0.911614 0.036944  0.147705 0.754272 1 62 1.000000
0  -0.614142 -15.670866 -5.790192  -0.405806 0.910467 0.079823  0.147705 0.746338 1 62 1.000000
0  -0.310475 -15.554036 -6.125916  -0.193624 0.980174 0.042056  0.154663 0.754272 1 62 1.000000
MI_1P_DEagle
0  -0.614142 -15.670866 -5.790192  -0.405806 0.910467 0.079823  0.147705 0.746338 1 62 1.000000
0  -0.310429 -15.577285 -5.784346  -0.191642 0.977407 0.089158  0.154663 0.746338 1 62 1.000000
0  -0.310475 -15.554036 -6.125916  -0.193624 0.980174 0.042056  0.154663 0.754272 1 62 1.000000
MI_1P_DEagle
0  -0.310429 -15.577285 -5.784346  -0.191642 0.977407 0.089158  0.154663 0.746338 1 62 1.000000
0  -0.310369 -15.617579 -5.435139  -0.188514 0.968593 0.162143  0.154663 0.738525 1 62 1.000000
0  -0.006725 -15.550547 -5.783164  -0.000000 0.995798 0.091582  0.162964 0.746338 1 62 1.000000
MI_1P_DEagle
0  -0.006725 -15.550547 -5.783164  -0.000000 0.995798 0.091582  0.162964 0.746338 1 62 1.000000
0  -0.310369 -15.617579 -5.435139  -0.188514 0.968593 0.162143  0.154663 0.738525 1 62 1.000000
0  -0.006725 -15.591191 -5.432388  -0.000000 0.986166 0.165761  0.162964 0.738525 1 62 1.000000
MI_1P_DEagle
0  -0.614142 -15.670866 -5.790192  -0.405806 0.910467 0.079823  0.147705 0.746338 1 62 1.000000
0  -0.613542 -15.709154 -5.444720  -0.398939 0.904943 0.148073  0.147705 0.738525 1 62 1.000000
0  -0.310429 -15.577285 -5.784346  -0.191642 0.977407 0.089158  0.154663 0.746338 1 62 1.000000
MI_1P_DEagle
0  -0.310369 -15.617579 -5.435139  -0.188514 0.968593 0.162143  0.154663 0.738525 1 62 1.000000
0  -0.310429 -15.577285 -5.784346  -0.191642 0.977407 0.089158  0.154663 0.746338 1 62 1.000000
0  -0.613542 -15.709154 -5.444720  -0.398939 0.904943 0.148073  0.147705 0.738525 1 62 1.000000
MI_1P_DEagle
0  -0.310369 -15.617579 -5.435139  -0.188514 0.968593 0.162143  0.154663 0.738525 1 62 1.000000
0  -0.310286 -15.702568 -5.051404  -0.184489 0.946864 0.263463  0.154663 0.729736 1 62 1.000000
0  -0.006725 -15.591191 -5.432388  -0.000000 0.986166 0.165761  0.162964 0.738525 1 62 1.000000
MI_1P_DEagle
0  -0.006725 -15.676464 -5.047745  -0.000001 0.963222 0.268705  0.162964 0.729736 1 62 1.000000
0  -0.006725 -15.591191 -5.432388  -0.000000 0.986166 0.165761  0.162964 0.738525 1 62 1.000000
0  -0.310286 -15.702568 -5.051404  -0.184489 0.946864 0.263463  0.154663 0.729736 1 62 1.000000
MI_1P_DEagle
0  -0.613542 -15.709154 -5.444720  -0.398939 0.904943 0.148073  0.147705 0.738525 1 62 1.000000
0  -0.612706 -15.791883 -5.063914  -0.389248 0.888298 0.243748  0.147705 0.729736 1 62 1.000000
0  -0.310369 -15.617579 -5.435139  -0.188514 0.968593 0.162143  0.154663 0.738525 1 62 1.000000
MI_1P_DEagle
0  -0.310286 -15.702568 -5.051404  -0.184489 0.946864 0.263463  0.154663 0.729736 1 62 1.000000
0  -0.310369 -15.617579 -5.435139  -0.188514 0.968593 0.162143  0.154663 0.738525 1 62 1.000000
0  -0.612706 -15.791883 -5.063914  -0.389248 0.888298 0.243748  0.147705 0.729736 1 62 1.000000
MI_1P_DEagle
0  -0.310286 -15.702568 -5.051404  -0.184489 0.946864 0.263463  0.154663 0.729736 1 62 1.000000
0  -0.310191 -15.830812 -4.672781  -0.179406 0.920435 0.347295  0.155151 0.720947 1 62 1.000000
0  -0.006725 -15.676464 -5.047745  -0.000001 0.963222 0.268705  0.162964 0.729736 1 62 1.000000
MI_1P_DEagle
0  -0.006725 -15.676464 -5.047745  -0.000001 0.963222 0.268705  0.162964 0.729736 1 62 1.000000
0  -0.310191 -15.830812 -4.672781  -0.179406 0.920435 0.347295  0.155151 0.720947 1 62 1.000000
0  -0.006725 -15.805140 -4.668213  0.000001 0.935226 0.354051  0.162964 0.720947 1 62 1.000000
MI_1P_DEagle
0  -0.310191 -15.830812 -4.672781  -0.179406 0.920435 0.347295  0.155151 0.720947 1 62 1.000000
0  -0.310074 -16.011303 -4.242678  -0.173126 0.904389 0.390011  0.154663 0.710938 1 62 1.000000
0  -0.006725 -15.805140 -4.668213  0.000001 0.935226 0.354051  0.162964 0.720947 1 62 1.000000
MI_1P_DEagle
0  -0.310191 -15.830812 -4.672781  -0.179406 0.920435 0.347295  0.155151 0.720947 1 62 1.000000
0  -0.310286 -15.702568 -5.051404  -0.184489 0.946864 0.263463  0.154663 0.729736 1 62 1.000000
0  -0.611758 -15.917159 -4.688384  -0.377880 0.867855 0.322544  0.147339 0.720947 1 62 1.000000
MI_1P_DEagle
0  -0.612706 -15.791883 -5.063914  -0.389248 0.888298 0.243748  0.147705 0.729736 1 62 1.000000
0  -0.611758 -15.917159 -4.688384  -0.377880 0.867855 0.322544  0.147339 0.720947 1 62 1.000000
0  -0.310286 -15.702568 -5.051404  -0.184489 0.946864 0.263463  0.154663 0.729736 1 62 1.000000
MI_1P_DEagle
0  -0.310074 -16.011303 -4.242678  -0.173126 0.904389 0.390011  0.154663 0.710938 1 62 1.000000
0  -0.310191 -15.830812 -4.672781  -0.179406 0.920435 0.347295  0.155151 0.720947 1 62 1.000000
0  -0.610589 -16.094505 -4.257856  -0.363835 0.857812 0.363019  0.146118 0.710938 1 62 1.000000
MI_1P_DEagle
0  -0.611758 -15.917159 -4.688384  -0.377880 0.867855 0.322544  0.147339 0.720947 1 62 1.000000
0  -0.610589 -16.094505 -4.257856  -0.363835 0.857812 0.363019  0.146118 0.710938 1 62 1.000000
0  -0.310191 -15.830812 -4.672781  -0.179406 0.920435 0.347295  0.155151 0.720947 1 62 1.000000
MI_1P_DEagle
0  -0.610589 -16.094505 -4.257856  -0.363835 0.857812 0.363019  0.146118 0.710938 1 62 1.000000
0  -0.609237 -16.303783 -3.778010  -0.347755 0.865038 0.361630  0.144287 0.699707 1 62 1.000000
0  -0.310074 -16.011303 -4.242678  -0.173126 0.904389 0.390011  0.154663 0.710938 1 62 1.000000
MI_1P_DEagle
0  -0.309939 -16.223820 -3.765698  -0.166691 0.906723 0.387386  0.153809 0.699707 1 62 1.000000
0  -0.310074 -16.011303 -4.242678  -0.173126 0.904389 0.390011  0.154663 0.710938 1 62 1.000000
0  -0.609237 -16.303783 -3.778010  -0.347755 0.865038 0.361630  0.144287 0.699707 1 62 1.000000
MI_1P_DEagle
0  -0.609237 -16.303783 -3.778010  -0.347755 0.865038 0.361630  0.144287 0.699707 1 62 1.000000
0  -0.607582 -16.536083 -3.199063  -0.328411 0.884118 0.332387  0.141724 0.685547 1 62 1.000000
0  -0.309939 -16.223820 -3.765698  -0.166691 0.906723 0.387386  0.153809 0.699707 1 62 1.000000
MI_1P_DEagle
0  -0.900686 -16.673027 -3.214371  -0.538876 0.792601 0.285299  0.130371 0.685547 1 62 1.000000
0  -0.607582 -16.536083 -3.199063  -0.328411 0.884118 0.332387  0.141724 0.685547 1 62 1.000000
0  -0.609237 -16.303783 -3.778010  -0.347755 0.865038 0.361630  0.144287 0.699707 1 62 1.000000
MI_1P_DEagle
0  -0.900686 -16.673027 -3.214371  -0.538876 0.792601 0.285299  0.130371 0.685547 1 62 1.000000
0  -0.894782 -16.897877 -2.531823  -0.513937 0.816497 0.263062  0.126465 0.669189 1 62 1.000000
0  -0.607582 -16.536083 -3.199063  -0.328411 0.884118 0.332387  0.141724 0.685547 1 62 1.000000
MI_1P_DEagle
0  -0.610589 -16.094505 -4.257856  -0.363835 0.857812 0.363019  0.146118 0.710938 1 62 1.000000
0  -0.905892 -16.452461 -3.799208  -0.559273 0.769346 0.308741  0.134033 0.699707 1 62 1.000000
0  -0.609237 -16.303783 -3.778010  -0.347755 0.865038 0.361630  0.144287 0.699707 1 62 1.000000
MI_1P_DEagle
0  -0.905892 -16.452461 -3.799208  -0.559273 0.769346 0.308741  0.134033 0.699707 1 62 1.000000
0  -0.900686 -16.673027 -3.214371  -0.538876 0.792601 0.285299  0.130371 0.685547 1 62 1.000000
0  -0.609237 -16.303783 -3.778010  -0.347755 0.865038 0.361630  0.144287 0.699707 1 62 1.000000
MI_1P_DEagle
0  -0.610589 -16.094505 -4.257856  -0.363835 0.857812 0.363019  0.146118 0.710938 1 62 1.000000
0  -0.611758 -15.917159 -4.688384  -0.377880 0.867855 0.322544  0.147339 0.720947 1 62 1.000000
0  -0.908310 -16.251568 -4.284051  -0.581584 0.754383 0.304412  0.137329 0.710938 1 62 1.000000
MI_1P_DEagle
0  -0.908310 -16.251568 -4.284051  -0.581584 0.754383 0.304412  0.137329 0.710938 1 62 1.000000
0  -0.905892 -16.452461 -3.799208  -0.559273 0.769346 0.308741  0.134033 0.699707 1 62 1.000000
0  -0.610589 -16.094505 -4.257856  -0.363835 0.857812 0.363019  0.146118 0.710938 1 62 1.000000
MI_1P_DEagle
0  -0.894782 -16.897877 -2.531823  -0.513937 0.816497 0.263062  0.126465 0.669189 1 62 1.000000
0  -0.900686 -16.673027 -3.214371  -0.538876 0.792601 0.285299  0.130371 0.685547 1 62 1.000000
0  -1.144880 -17.107044 -2.539334  -0.747555 0.635212 0.194080  0.113403 0.669189 1 62 1.000000
MI_1P_DEagle
0  -0.894782 -16.897877 -2.531823  -0.513937 0.816497 0.263062  0.126465 0.669189 1 62 1.000000
0  -1.144880 -17.107044 -2.539334  -0.747555 0.635212 0.194080  0.113403 0.669189 1 62 1.000000
0  -0.889573 -17.105959 -1.831415  -0.479073 0.842803 0.245301  0.122681 0.652100 1 62 1.000000
MI_1P_DEagle
0  -1.142408 -17.303150 -1.800897  -0.730852 0.660823 0.170787  0.108765 0.652100 1 62 1.000000
0  -0.889573 -17.105959 -1.831415  -0.479073 0.842803 0.245301  0.122681 0.652100 1 62 1.000000
0  -1.144880 -17.107044 -2.539334  -0.747555 0.635212 0.194080  0.113403 0.669189 1 62 1.000000
MI_1P_DEagle
0  -0.900686 -16.673027 -3.214371  -0.538876 0.792601 0.285299  0.130371 0.685547 1 62 1.000000
0  -0.905892 -16.452461 -3.799208  -0.559273 0.769346 0.308741  0.134033 0.699707 1 62 1.000000
0  -1.157203 -16.901129 -3.227204  -0.763480 0.610215 0.211507  0.118286 0.685547 1 62 1.000000
MI_1P_DEagle
0  -1.157203 -16.901129 -3.227204  -0.763480 0.610215 0.211507  0.118286 0.685547 1 62 1.000000
0  -1.144880 -17.107044 -2.539334  -0.747555 0.635212 0.194080  0.113403 0.669189 1 62 1.000000
0  -0.900686 -16.673027 -3.214371  -0.538876 0.792601 0.285299  0.130371 0.685547 1 62 1.000000
MI_1P_DEagle
0  -1.167436 -16.696224 -3.817205  -0.773703 0.591895 0.225928  0.123108 0.699707 1 62 1.000000
0  -1.157203 -16.901129 -3.227204  -0.763480 0.610215 0.211507  0.118286 0.685547 1 62 1.000000
0  -0.905892 -16.452461 -3.799208  -0.559273 0.769346 0.308741  0.134033 0.699707 1 62 1.000000
MI_1P_DEagle
0  -0.905892 -16.452461 -3.799208  -0.559273 0.769346 0.308741  0.134033 0.699707 1 62 1.000000
0  -0.908310 -16.251568 -4.284051  -0.581584 0.754383 0.304412  0.137329 0.710938 1 62 1.000000
0  -1.167436 -16.696224 -3.817205  -0.773703 0.591895 0.225928  0.123108 0.699707 1 62 1.000000
MI_1P_DEagle
0  -1.157203 -16.901129 -3.227204  -0.763480 0.610215 0.211507  0.118286 0.685547 1 62 1.000000
0  -1.303325 -17.150013 -3.235206  -0.908405 0.394471 0.138535  0.113037 0.685547 1 62 1.000000
0  -1.144880 -17.107044 -2.539334  -0.747555 0.635212 0.194080  0.113403 0.669189 1 62 1.000000
MI_1P_DEagle
0  -1.144880 -17.107044 -2.539334  -0.747555 0.635212 0.194080  0.113403 0.669189 1 62 1.000000
0  -1.291789 -17.349369 -2.544193  -0.905703 0.406003 0.121918  0.108215 0.669189 1 62 1.000000
0  -1.142408 -17.303150 -1.800897  -0.730852 0.660823 0.170787  0.108765 0.652100 1 62 1.000000
MI_1P_DEagle
0  -1.291789 -17.349369 -2.544193  -0.905703 0.406003 0.121918  0.108215 0.669189 1 62 1.000000
0  -1.144880 -17.107044 -2.539334  -0.747555 0.635212 0.194080  0.113403 0.669189 1 62 1.000000
0  -1.303325 -17.150013 -3.235206  -0.908405 0.394471 0.138535  0.113037 0.685547 1 62 1.000000
MI_1P_DEagle
0  -1.283788 -17.561443 -1.737819  -0.912094 0.397883 0.098861  0.103088 0.651611 1 62 1.000000
0  -1.142408 -17.303150 -1.800897  -0.730852 0.660823 0.170787  0.108765 0.652100 1 62 1.000000
0  -1.291789 -17.349369 -2.544193  -0.905703 0.406003 0.121918  0.108215 0.669189 1 62 1.000000
MI_1P_DEagle
0  -1.283788 -17.561443 -1.737819  -0.912094 0.397883 0.098861  0.103088 0.651611 1 62 1.000000
0  -1.291789 -17.349369 -2.544193  -0.905703 0.406003 0.121918  0.108215 0.669189 1 62 1.000000
0  -1.375804 -17.792877 -1.936463  -0.962121 0.261830 0.075947  0.097778 0.655762 1 62 1.000000
MI_1P_DEagle
0  -1.303325 -17.150013 -3.235206  -0.908405 0.394471 0.138535  0.113037 0.685547 1 62 1.000000
0  -1.157203 -16.901129 -3.227204  -0.763480 0.610215 0.211507  0.118286 0.685547 1 62 1.000000
0  -1.312822 -16.951004 -3.828057  -0.910151 0.386594 0.148898  0.117798 0.699707 1 62 1.000000
MI_1P_DEagle
0  -1.167436 -16.696224 -3.817205  -0.773703 0.591895 0.225928  0.123108 0.699707 1 62 1.000000
0  -1.312822 -16.951004 -3.828057  -0.910151 0.386594 0.148898  0.117798 0.699707 1 62 1.000000
0  -1.157203 -16.901129 -3.227204  -0.763480 0.610215 0.211507  0.118286 0.685547 1 62 1.000000
MI_1P_DEagle
0  -1.383692 -17.640488 -2.547108  -0.961237 0.262716 0.083683  0.101501 0.669189 1 62 1.000000
0  -1.375804 -17.792877 -1.936463  -0.962121 0.261830 0.075947  0.097778 0.655762 1 62 1.000000
0  -1.291789 -17.349369 -2.544193  -0.905703 0.406003 0.121918  0.108215 0.669189 1 62 1.000000
MI_1P_DEagle
0  -1.462039 -18.126867 -2.092619  -0.983822 0.169758 0.057247  0.090088 0.659424 1 62 1.000000
0  -1.375804 -17.792877 -1.936463  -0.962121 0.261830 0.075947  0.097778 0.655762 1 62 1.000000
0  -1.383692 -17.640488 -2.547108  -0.961237 0.262716 0.083683  0.101501 0.669189 1 62 1.000000
MI_1P_DEagle
0  -1.303325 -17.150013 -3.235206  -0.908405 0.394471 0.138535  0.113037 0.685547 1 62 1.000000
0  -1.394915 -17.448568 -3.240167  -0.962431 0.255712 0.091314  0.106079 0.685547 1 62 1.000000
0  -1.291789 -17.349369 -2.544193  -0.905703 0.406003 0.121918  0.108215 0.669189 1 62 1.000000
MI_1P_DEagle
0  -1.383692 -17.640488 -2.547108  -0.961237 0.262716 0.083683  0.101501 0.669189 1 62 1.000000
0  -1.291789 -17.349369 -2.544193  -0.905703 0.406003 0.121918  0.108215 0.669189 1 62 1.000000
0  -1.394915 -17.448568 -3.240167  -0.962431 0.255712 0.091314  0.106079 0.685547 1 62 1.000000
MI_1P_DEagle
0  -1.394915 -17.448568 -3.240167  -0.962431 0.255712 0.091314  0.106079 0.685547 1 62 1.000000
0  -1.303325 -17.150013 -3.235206  -0.908405 0.394471 0.138535  0.113037 0.685547 1 62 1.000000
0  -1.404837 -17.255478 -3.834926  -0.963816 0.246894 0.100513  0.110779 0.699707 1 62 1.000000
MI_1P_DEagle
0  -1.312822 -16.951004 -3.828057  -0.910151 0.386594 0.148898  0.117798 0.699707 1 62 1.000000
0  -1.404837 -17.255478 -3.834926  -0.963816 0.246894 0.100513  0.110779 0.699707 1 62 1.000000
0  -1.303325 -17.150013 -3.235206  -0.908405 0.394471 0.138535  0.113037 0.685547 1 62 1.000000
MI_1P_DEagle
0  -1.394915 -17.448568 -3.240167  -0.962431 0.255712 0.091314  0.106079 0.685547 1 62 1.000000
0  -1.494526 -17.672426 -3.839837  -0.985801 0.155755 0.062740  0.101074 0.699707 1 62 1.000000
0  -1.383692 -17.640488 -2.547108  -0.961237 0.262716 0.083683  0.101501 0.669189 1 62 1.000000
MI_1P_DEagle
0  -1.383692 -17.640488 -2.547108  -0.961237 0.262716 0.083683  0.101501 0.669189 1 62 1.000000
0  -1.494526 -17.672426 -3.839837  -0.985801 0.155755 0.062740  0.101074 0.699707 1 62 1.000000
0  -1.462039 -18.126867 -2.092619  -0.983822 0.169758 0.057247  0.090088 0.659424 1 62 1.000000
MI_1P_DEagle
0  -1.494526 -17.672426 -3.839837  -0.985801 0.155755 0.062740  0.101074 0.699707 1 62 1.000000
0  -1.394915 -17.448568 -3.240167  -0.962431 0.255712 0.091314  0.106079 0.685547 1 62 1.000000
0  -1.404837 -17.255478 -3.834926  -0.963816 0.246894 0.100513  0.110779 0.699707 1 62 1.000000
MI_1P_DEagle
0  -1.494526 -17.672426 -3.839837  -0.985801 0.155755 0.062740  0.101074 0.699707 1 62 1.000000
0  -1.520215 -18.664467 -1.963645  -0.997325 0.064949 0.033531  0.077454 0.656494 1 62 1.000000
0  -1.462039 -18.126867 -2.092619  -0.983822 0.169758 0.057247  0.090088 0.659424 1 62 1.000000
MI_1P_DEagle
0  -1.404837 -17.255478 -3.834926  -0.963816 0.246894 0.100513  0.110779 0.699707 1 62 1.000000
0  -1.312822 -16.951004 -3.828057  -0.910151 0.386594 0.148898  0.117798 0.699707 1 62 1.000000
0  -1.411388 -17.073208 -4.328165  -0.962883 0.250043 0.101665  0.115112 0.710938 1 62 1.000000
MI_1P_DEagle
0  -1.494526 -17.672426 -3.839837  -0.985801 0.155755 0.062740  0.101074 0.699707 1 62 1.000000
0  -1.404837 -17.255478 -3.834926  -0.963816 0.246894 0.100513  0.110779 0.699707 1 62 1.000000
0  -1.411388 -17.073208 -4.328165  -0.962883 0.250043 0.101665  0.115112 0.710938 1 62 1.000000
MI_1P_DEagle
0  -1.313241 -16.763941 -4.319671  -0.907267 0.392747 0.150385  0.122253 0.710938 1 62 1.000000
0  -1.411388 -17.073208 -4.328165  -0.962883 0.250043 0.101665  0.115112 0.710938 1 62 1.000000
0  -1.312822 -16.951004 -3.828057  -0.910151 0.386594 0.148898  0.117798 0.699707 1 62 1.000000
MI_1P_DEagle
0  -1.312822 -16.951004 -3.828057  -0.910151 0.386594 0.148898  0.117798 0.699707 1 62 1.000000
0  -1.167436 -16.696224 -3.817205  -0.773703 0.591895 0.225928  0.123108 0.699707 1 62 1.000000
0  -1.313241 -16.763941 -4.319671  -0.907267 0.392747 0.150385  0.122253 0.710938 1 62 1.000000
MI_1P_DEagle
0  -1.411388 -17.073208 -4.328165  -0.962883 0.250043 0.101665  0.115112 0.710938 1 62 1.000000
0  -1.518767 -17.254988 -5.127066  -0.988239 0.142308 0.055973  0.111084 0.729736 1 62 1.000000
0  -1.494526 -17.672426 -3.839837  -0.985801 0.155755 0.062740  0.101074 0.699707 1 62 1.000000
MI_1P_DEagle
0  -1.165362 -16.505024 -4.306410  -0.780701 0.584019 0.222323  0.127563 0.710938 1 62 1.000000
0  -1.313241 -16.763941 -4.319671  -0.907267 0.392747 0.150385  0.122253 0.710938 1 62 1.000000
0  -1.167436 -16.696224 -3.817205  -0.773703 0.591895 0.225928  0.123108 0.699707 1 62 1.000000
MI_1P_DEagle
0  -1.165362 -16.505024 -4.306410  -0.780701 0.584019 0.222323  0.127563 0.710938 1 62 1.000000
0  -1.167436 -16.696224 -3.817205  -0.773703 0.591895 0.225928  0.123108 0.699707 1 62 1.000000
0  -0.908310 -16.251568 -4.284051  -0.581584 0.754383 0.304412  0.137329 0.710938 1 62 1.000000
MI_1P_DEagle
0  -1.411388 -17.073208 -4.328165  -0.962883 0.250043 0.101665  0.115112 0.710938 1 62 1.000000
0  -1.313241 -16.763941 -4.319671  -0.907267 0.392747 0.150385  0.122253 0.710938 1 62 1.000000
0  -1.416941 -16.915939 -4.760602  -0.961537 0.256381 0.098563  0.118896 0.720947 1 62 1.000000
MI_1P_DEagle
0  -1.416941 -16.915939 -4.760602  -0.961537 0.256381 0.098563  0.118896 0.720947 1 62 1.000000
0  -1.518767 -17.254988 -5.127066  -0.988239 0.142308 0.055973  0.111084 0.729736 1 62 1.000000
0  -1.411388 -17.073208 -4.328165  -0.962883 0.250043 0.101665  0.115112 0.710938 1 62 1.000000
MI_1P_DEagle
0  -1.165362 -16.505024 -4.306410  -0.780701 0.584019 0.222323  0.127563 0.710938 1 62 1.000000
0  -1.312592 -16.601025 -4.751684  -0.904908 0.402309 0.138886  0.126099 0.720947 1 62 1.000000
0  -1.313241 -16.763941 -4.319671  -0.907267 0.392747 0.150385  0.122253 0.710938 1 62 1.000000
MI_1P_DEagle
0  -1.312592 -16.601025 -4.751684  -0.904908 0.402309 0.138886  0.126099 0.720947 1 62 1.000000
0  -1.416941 -16.915939 -4.760602  -0.961537 0.256381 0.098563  0.118896 0.720947 1 62 1.000000
0  -1.313241 -16.763941 -4.319671  -0.907267 0.392747 0.150385  0.122253 0.710938 1 62 1.000000
MI_1P_DEagle
0  -1.165362 -16.505024 -4.306410  -0.780701 0.584019 0.222323  0.127563 0.710938 1 62 1.000000
0  -0.908310 -16.251568 -4.284051  -0.581584 0.754383 0.304412  0.137329 0.710938 1 62 1.000000
0  -1.161392 -16.337662 -4.737977  -0.785505 0.585237 0.201194  0.131470 0.720947 1 62 1.000000
MI_1P_DEagle
0  -1.312592 -16.601025 -4.751684  -0.904908 0.402309 0.138886  0.126099 0.720947 1 62 1.000000
0  -1.165362 -16.505024 -4.306410  -0.780701 0.584019 0.222323  0.127563 0.710938 1 62 1.000000
0  -1.161392 -16.337662 -4.737977  -0.785505 0.585237 0.201194  0.131470 0.720947 1 62 1.000000
MI_1P_DEagle
0  -1.416941 -16.915939 -4.760602  -0.961537 0.256381 0.098563  0.118896 0.720947 1 62 1.000000
0  -1.312592 -16.601025 -4.751684  -0.904908 0.402309 0.138886  0.126099 0.720947 1 62 1.000000
0  -1.421404 -16.802963 -5.121844  -0.960024 0.267849 0.081312  0.121582 0.729736 1 62 1.000000
MI_1P_DEagle
0  -1.416941 -16.915939 -4.760602  -0.961537 0.256381 0.098563  0.118896 0.720947 1 62 1.000000
0  -1.421404 -16.802963 -5.121844  -0.960024 0.267849 0.081312  0.121582 0.729736 1 62 1.000000
0  -1.518767 -17.254988 -5.127066  -0.988239 0.142308 0.055973  0.111084 0.729736 1 62 1.000000
MI_1P_DEagle
0  -1.310600 -16.485693 -5.114870  -0.902473 0.416993 0.107973  0.128906 0.729736 1 62 1.000000
0  -1.421404 -16.802963 -5.121844  -0.960024 0.267849 0.081312  0.121582 0.729736 1 62 1.000000
0  -1.312592 -16.601025 -4.751684  -0.904908 0.402309 0.138886  0.126099 0.720947 1 62 1.000000
MI_1P_DEagle
0  -1.312592 -16.601025 -4.751684  -0.904908 0.402309 0.138886  0.126099 0.720947 1 62 1.000000
0  -1.161392 -16.337662 -4.737977  -0.785505 0.585237 0.201194  0.131470 0.720947 1 62 1.000000
0  -1.310600 -16.485693 -5.114870  -0.902473 0.416993 0.107973  0.128906 0.729736 1 62 1.000000
MI_1P_DEagle
0  -1.518767 -17.254988 -5.127066  -0.988239 0.142308 0.055973  0.111084 0.729736 1 62 1.000000
0  -1.421404 -16.802963 -5.121844  -0.960024 0.267849 0.081312  0.121582 0.729736 1 62 1.000000
0  -1.426263 -16.722626 -5.488362  -0.958592 0.278277 0.060527  0.123535 0.738525 1 62 1.000000
MI_1P_DEagle
0  -1.421404 -16.802963 -5.121844  -0.960024 0.267849 0.081312  0.121582 0.729736 1 62 1.000000
0  -1.310600 -16.485693 -5.114870  -0.902473 0.416993 0.107973  0.128906 0.729736 1 62 1.000000
0  -1.426263 -16.722626 -5.488362  -0.958592 0.278277 0.060527  0.123535 0.738525 1 62 1.000000
MI_1P_DEagle
0  -0.910121 -16.080956 -4.715256  -0.599188 0.753366 0.270948  0.140015 0.720947 1 62 1.000000
0  -1.161392 -16.337662 -4.737977  -0.785505 0.585237 0.201194  0.131470 0.720947 1 62 1.000000
0  -0.908310 -16.251568 -4.284051  -0.581584 0.754383 0.304412  0.137329 0.710938 1 62 1.000000
MI_1P_DEagle
0  -0.910121 -16.080956 -4.715256  -0.599188 0.753366 0.270948  0.140015 0.720947 1 62 1.000000
0  -0.908310 -16.251568 -4.284051  -0.581584 0.754383 0.304412  0.137329 0.710938 1 62 1.000000
0  -0.611758 -15.917159 -4.688384  -0.377880 0.867855 0.322544  0.147339 0.720947 1 62 1.000000
MI_1P_DEagle
0  -0.611758 -15.917159 -4.688384  -0.377880 0.867855 0.322544  0.147339 0.720947 1 62 1.000000
0  -0.612706 -15.791883 -5.063914  -0.389248 0.888298 0.243748  0.147705 0.729736 1 62 1.000000
0  -0.910121 -16.080956 -4.715256  -0.599188 0.753366 0.270948  0.140015 0.720947 1 62 1.000000
MI_1P_DEagle
0  -1.155909 -16.220280 -5.103972  -0.791953 0.592291 0.148329  0.134277 0.729736 1 62 1.000000
0  -1.310600 -16.485693 -5.114870  -0.902473 0.416993 0.107973  0.128906 0.729736 1 62 1.000000
0  -1.161392 -16.337662 -4.737977  -0.785505 0.585237 0.201194  0.131470 0.720947 1 62 1.000000
MI_1P_DEagle
0  -0.910121 -16.080956 -4.715256  -0.599188 0.753366 0.270948  0.140015 0.720947 1 62 1.000000
0  -1.155909 -16.220280 -5.103972  -0.791953 0.592291 0.148329  0.134277 0.729736 1 62 1.000000
0  -1.161392 -16.337662 -4.737977  -0.785505 0.585237 0.201194  0.131470 0.720947 1 62 1.000000
MI_1P_DEagle
0  -0.911180 -15.961653 -5.085509  -0.613942 0.763099 0.201880  0.141235 0.729736 1 62 1.000000
0  -0.910121 -16.080956 -4.715256  -0.599188 0.753366 0.270948  0.140015 0.720947 1 62 1.000000
0  -0.612706 -15.791883 -5.063914  -0.389248 0.888298 0.243748  0.147705 0.729736 1 62 1.000000
MI_1P_DEagle
0  -1.155909 -16.220280 -5.103972  -0.791953 0.592291 0.148329  0.134277 0.729736 1 62 1.000000
0  -0.910121 -16.080956 -4.715256  -0.599188 0.753366 0.270948  0.140015 0.720947 1 62 1.000000
0  -0.911180 -15.961653 -5.085509  -0.613942 0.763099 0.201880  0.141235 0.729736 1 62 1.000000
MI_1P_DEagle
0  -0.612706 -15.791883 -5.063914  -0.389248 0.888298 0.243748  0.147705 0.729736 1 62 1.000000
0  -0.613542 -15.709154 -5.444720  -0.398939 0.904943 0.148073  0.147705 0.738525 1 62 1.000000
0  -0.911180 -15.961653 -5.085509  -0.613942 0.763099 0.201880  0.141235 0.729736 1 62 1.000000
MI_1P_DEagle
0  -1.310600 -16.485693 -5.114870  -0.902473 0.416993 0.107973  0.128906 0.729736 1 62 1.000000
0  -1.155909 -16.220280 -5.103972  -0.791953 0.592291 0.148329  0.134277 0.729736 1 62 1.000000
0  -1.309513 -16.408169 -5.483890  -0.898744 0.432485 0.072222  0.130737 0.738525 1 62 1.000000
MI_1P_DEagle
0  -1.309513 -16.408169 -5.483890  -0.898744 0.432485 0.072222  0.130737 0.738525 1 62 1.000000
0  -1.426263 -16.722626 -5.488362  -0.958592 0.278277 0.060527  0.123535 0.738525 1 62 1.000000
0  -1.310600 -16.485693 -5.114870  -0.902473 0.416993 0.107973  0.128906 0.729736 1 62 1.000000
MI_1P_DEagle
0  -1.155909 -16.220280 -5.103972  -0.791953 0.592291 0.148329  0.134277 0.729736 1 62 1.000000
0  -0.911180 -15.961653 -5.085509  -0.613942 0.763099 0.201880  0.141235 0.729736 1 62 1.000000
0  -1.151744 -16.144604 -5.476065  -0.796521 0.597648 0.091493  0.136108 0.738525 1 62 1.000000
MI_1P_DEagle
0  -1.151744 -16.144604 -5.476065  -0.796521 0.597648 0.091493  0.136108 0.738525 1 62 1.000000
0  -1.309513 -16.408169 -5.483890  -0.898744 0.432485 0.072222  0.130737 0.738525 1 62 1.000000
0  -1.155909 -16.220280 -5.103972  -0.791953 0.592291 0.148329  0.134277 0.729736 1 62 1.000000
MI_1P_DEagle
0  -0.912233 -15.883931 -5.461535  -0.625714 0.770585 0.121161  0.142212 0.738525 1 62 1.000000
0  -0.911180 -15.961653 -5.085509  -0.613942 0.763099 0.201880  0.141235 0.729736 1 62 1.000000
0  -0.613542 -15.709154 -5.444720  -0.398939 0.904943 0.148073  0.147705 0.738525 1 62 1.000000
MI_1P_DEagle
0  -0.912233 -15.883931 -5.461535  -0.625714 0.770585 0.121161  0.142212 0.738525 1 62 1.000000
0  -1.151744 -16.144604 -5.476065  -0.796521 0.597648 0.091493  0.136108 0.738525 1 62 1.000000
0  -0.911180 -15.961653 -5.085509  -0.613942 0.763099 0.201880  0.141235 0.729736 1 62 1.000000
MI_1P_DEagle
0  -0.614142 -15.670866 -5.790192  -0.405806 0.910467 0.079823  0.147705 0.746338 1 62 1.000000
0  -0.912233 -15.883931 -5.461535  -0.625714 0.770585 0.121161  0.142212 0.738525 1 62 1.000000
0  -0.613542 -15.709154 -5.444720  -0.398939 0.904943 0.148073  0.147705 0.738525 1 62 1.000000
MI_1P_DEagle
0  -1.309513 -16.408169 -5.483890  -0.898744 0.432485 0.072222  0.130737 0.738525 1 62 1.000000
0  -1.151744 -16.144604 -5.476065  -0.796521 0.597648 0.091493  0.136108 0.738525 1 62 1.000000
0  -1.312749 -16.371964 -5.811589  -0.896177 0.441061 0.048281  0.131714 0.746338 1 62 1.000000
MI_1P_DEagle
0  -0.913894 -15.849625 -5.802105  -0.630649 0.773385 0.064484  0.142456 0.746338 1 62 1.000000
0  -0.912233 -15.883931 -5.461535  -0.625714 0.770585 0.121161  0.142212 0.738525 1 62 1.000000
0  -0.614142 -15.670866 -5.790192  -0.405806 0.910467 0.079823  0.147705 0.746338 1 62 1.000000
MI_1P_DEagle
0  -0.913894 -15.849625 -5.802105  -0.630649 0.773385 0.064484  0.142456 0.746338 1 62 1.000000
0  -0.614142 -15.670866 -5.790192  -0.405806 0.910467 0.079823  0.147705 0.746338 1 62 1.000000
0  -0.614594 -15.648694 -6.135642  -0.409384 0.911614 0.036944  0.147705 0.754272 1 62 1.000000
MI_1P_DEagle
0  -1.151744 -16.144604 -5.476065  -0.796521 0.597648 0.091493  0.136108 0.738525 1 62 1.000000
0  -0.912233 -15.883931 -5.461535  -0.625714 0.770585 0.121161  0.142212 0.738525 1 62 1.000000
0  -1.153687 -16.111074 -5.810245  -0.797279 0.601222 0.053650  0.136841 0.746338 1 62 1.000000
MI_1P_DEagle
0  -0.913894 -15.849625 -5.802105  -0.630649 0.773385 0.064484  0.142456 0.746338 1 62 1.000000
0  -1.153687 -16.111074 -5.810245  -0.797279 0.601222 0.053650  0.136841 0.746338 1 62 1.000000
0  -0.912233 -15.883931 -5.461535  -0.625714 0.770585 0.121161  0.142212 0.738525 1 62 1.000000
MI_1P_DEagle
0  -1.153687 -16.111074 -5.810245  -0.797279 0.601222 0.053650  0.136841 0.746338 1 62 1.000000
0  -1.312749 -16.371964 -5.811589  -0.896177 0.441061 0.048281  0.131714 0.746338 1 62 1.000000
0  -1.151744 -16.144604 -5.476065  -0.796521 0.597648 0.091493  0.136108 0.738525 1 62 1.000000
MI_1P_DEagle
0  -0.915360 -15.829602 -6.157734  -0.631351 0.774937 0.029480  0.142700 0.754272 1 62 1.000000
0  -0.913894 -15.849625 -5.802105  -0.630649 0.773385 0.064484  0.142456 0.746338 1 62 1.000000
0  -0.614594 -15.648694 -6.135642  -0.409384 0.911614 0.036944  0.147705 0.754272 1 62 1.000000
MI_1P_DEagle
0  -0.614861 -15.642599 -6.497937  -0.409720 0.912201 0.004249  0.147705 0.763062 1 62 1.000000
0  -0.915360 -15.829602 -6.157734  -0.631351 0.774937 0.029480  0.142700 0.754272 1 62 1.000000
0  -0.614594 -15.648694 -6.135642  -0.409384 0.911614 0.036944  0.147705 0.754272 1 62 1.000000
MI_1P_DEagle
0  -1.153687 -16.111074 -5.810245  -0.797279 0.601222 0.053650  0.136841 0.746338 1 62 1.000000
0  -0.913894 -15.849625 -5.802105  -0.630649 0.773385 0.064484  0.142456 0.746338 1 62 1.000000
0  -1.156184 -16.090214 -6.169689  -0.794240 0.606977 0.027613  0.137451 0.754272 1 62 1.000000
MI_1P_DEagle
0  -0.915360 -15.829602 -6.157734  -0.631351 0.774937 0.029480  0.142700 0.754272 1 62 1.000000
0  -1.156184 -16.090214 -6.169689  -0.794240 0.606977 0.027613  0.137451 0.754272 1 62 1.000000
0  -0.913894 -15.849625 -5.802105  -0.630649 0.773385 0.064484  0.142456 0.746338 1 62 1.000000
MI_1P_DEagle
0  -0.916133 -15.823934 -6.532979  -0.629308 0.777143 0.004541  0.142700 0.763062 1 62 1.000000
0  -0.915360 -15.829602 -6.157734  -0.631351 0.774937 0.029480  0.142700 0.754272 1 62 1.000000
0  -0.614861 -15.642599 -6.497937  -0.409720 0.912201 0.004249  0.147705 0.763062 1 62 1.000000
MI_1P_DEagle
0  -0.916133 -15.823934 -6.532979  -0.629308 0.777143 0.004541  0.142700 0.763062 1 62 1.000000
0  -1.156184 -16.090214 -6.169689  -0.794240 0.606977 0.027613  0.137451 0.754272 1 62 1.000000
0  -0.915360 -15.829602 -6.157734  -0.631351 0.774937 0.029480  0.142700 0.754272 1 62 1.000000
MI_1P_DEagle
0  -0.615010 -15.645305 -6.829987  -0.399766 0.913183 -0.079266  0.147705 0.770630 1 62 1.000000
0  -0.916133 -15.823934 -6.532979  -0.629308 0.777143 0.004541  0.142700 0.763062 1 62 1.000000
0  -0.614861 -15.642599 -6.497937  -0.409720 0.912201 0.004249  0.147705 0.763062 1 62 1.000000
MI_1P_DEagle
0  -1.156184 -16.090214 -6.169689  -0.794240 0.606977 0.027613  0.137451 0.754272 1 62 1.000000
0  -1.316394 -16.347994 -6.166496  -0.892926 0.449314 0.028291  0.132324 0.754272 1 62 1.000000
0  -1.153687 -16.111074 -5.810245  -0.797279 0.601222 0.053650  0.136841 0.746338 1 62 1.000000
MI_1P_DEagle
0  -1.312749 -16.371964 -5.811589  -0.896177 0.441061 0.048281  0.131714 0.746338 1 62 1.000000
0  -1.153687 -16.111074 -5.810245  -0.797279 0.601222 0.053650  0.136841 0.746338 1 62 1.000000
0  -1.316394 -16.347994 -6.166496  -0.892926 0.449314 0.028291  0.132324 0.754272 1 62 1.000000
MI_1P_DEagle
0  -0.916157 -15.825927 -6.867647  -0.617202 0.783889 -0.067669  0.142578 0.770630 1 62 1.000000
0  -0.916133 -15.823934 -6.532979  -0.629308 0.777143 0.004541  0.142700 0.763062 1 62 1.000000
0  -0.615010 -15.645305 -6.829987  -0.399766 0.913183 -0.079266  0.147705 0.770630 1 62 1.000000
MI_1P_DEagle
0  -0.615010 -15.645305 -6.829987  -0.399766 0.913183 -0.079266  0.147705 0.770630 1 62 1.000000
0  -0.615056 -15.691572 -7.104756  -0.374843 0.893881 -0.245906  0.147705 0.778809 1 62 1.000000
0  -0.916157 -15.825927 -6.867647  -0.617202 0.783889 -0.067669  0.142578 0.770630 1 62 1.000000
MI_1P_DEagle
0  -1.155558 -16.080002 -6.552562  -0.789694 0.613453 0.007731  0.137695 0.763062 1 62 1.000000
0  -1.156184 -16.090214 -6.169689  -0.794240 0.606977 0.027613  0.137451 0.754272 1 62 1.000000
0  -0.916133 -15.823934 -6.532979  -0.629308 0.777143 0.004541  0.142700 0.763062 1 62 1.000000
MI_1P_DEagle
0  -0.916133 -15.823934 -6.532979  -0.629308 0.777143 0.004541  0.142700 0.763062 1 62 1.000000
0  -0.916157 -15.825927 -6.867647  -0.617202 0.783889 -0.067669  0.142578 0.770630 1 62 1.000000
0  -1.155558 -16.080002 -6.552562  -0.789694 0.613453 0.007731  0.137695 0.763062 1 62 1.000000
MI_1P_DEagle
0  -0.909770 -15.865500 -7.137219  -0.594109 0.772653 -0.223701  0.142456 0.778809 1 62 1.000000
0  -0.916157 -15.825927 -6.867647  -0.617202 0.783889 -0.067669  0.142578 0.770630 1 62 1.000000
0  -0.615056 -15.691572 -7.104756  -0.374843 0.893881 -0.245906  0.147705 0.778809 1 62 1.000000
MI_1P_DEagle
0  -0.909770 -15.865500 -7.137219  -0.594109 0.772653 -0.223701  0.142456 0.778809 1 62 1.000000
0  -0.615056 -15.691572 -7.104756  -0.374843 0.893881 -0.245906  0.147705 0.778809 1 62 1.000000
0  -0.897944 -15.880657 -7.194006  -0.381570 0.571415 -0.726560  0.142456 0.780884 1 62 1.000000
MI_1P_DEagle
0  -0.909770 -15.865500 -7.137219  -0.594109 0.772653 -0.223701  0.142456 0.778809 1 62 1.000000
0  -0.897944 -15.880657 -7.194006  -0.381570 0.571415 -0.726560  0.142456 0.780884 1 62 1.000000
0  -1.075564 -16.067940 -7.216434  -0.478273 0.443888 -0.757772  0.138062 0.780884 1 62 1.000000
MI_1P_DEagle
0  -0.909770 -15.865500 -7.137219  -0.594109 0.772653 -0.223701  0.142456 0.778809 1 62 1.000000
0  -1.142372 -16.064140 -6.890196  -0.779831 0.622666 -0.064425  0.138062 0.770630 1 62 1.000000
0  -0.916157 -15.825927 -6.867647  -0.617202 0.783889 -0.067669  0.142578 0.770630 1 62 1.000000
MI_1P_DEagle
0  -1.142372 -16.064140 -6.890196  -0.779831 0.622666 -0.064425  0.138062 0.770630 1 62 1.000000
0  -1.155558 -16.080002 -6.552562  -0.789694 0.613453 0.007731  0.137695 0.763062 1 62 1.000000
0  -0.916157 -15.825927 -6.867647  -0.617202 0.783889 -0.067669  0.142578 0.770630 1 62 1.000000
MI_1P_DEagle
0  -1.075564 -16.067940 -7.216434  -0.478273 0.443888 -0.757772  0.138062 0.780884 1 62 1.000000
0  -1.098272 -16.063717 -7.160356  -0.753008 0.615402 -0.232935  0.138184 0.778809 1 62 1.000000
0  -0.909770 -15.865500 -7.137219  -0.594109 0.772653 -0.223701  0.142456 0.778809 1 62 1.000000
MI_1P_DEagle
0  -1.098272 -16.063717 -7.160356  -0.753008 0.615402 -0.232935  0.138184 0.778809 1 62 1.000000
0  -1.142372 -16.064140 -6.890196  -0.779831 0.622666 -0.064425  0.138062 0.770630 1 62 1.000000
0  -0.909770 -15.865500 -7.137219  -0.594109 0.772653 -0.223701  0.142456 0.778809 1 62 1.000000
MI_1P_DEagle
0  -1.075564 -16.067940 -7.216434  -0.478273 0.443888 -0.757772  0.138062 0.780884 1 62 1.000000
0  -1.225139 -16.256748 -7.172928  -0.831241 0.480121 -0.280218  0.134521 0.778809 1 62 1.000000
0  -1.098272 -16.063717 -7.160356  -0.753008 0.615402 -0.232935  0.138184 0.778809 1 62 1.000000
MI_1P_DEagle
0  -1.098272 -16.063717 -7.160356  -0.753008 0.615402 -0.232935  0.138184 0.778809 1 62 1.000000
0  -1.225139 -16.256748 -7.172928  -0.831241 0.480121 -0.280218  0.134521 0.778809 1 62 1.000000
0  -1.142372 -16.064140 -6.890196  -0.779831 0.622666 -0.064425  0.138062 0.770630 1 62 1.000000
MI_1P_DEagle
0  -1.199583 -16.262154 -7.228814  -0.508133 0.305683 -0.805207  0.134277 0.780884 1 62 1.000000
0  -1.225139 -16.256748 -7.172928  -0.831241 0.480121 -0.280218  0.134521 0.778809 1 62 1.000000
0  -1.075564 -16.067940 -7.216434  -0.478273 0.443888 -0.757772  0.138062 0.780884 1 62 1.000000
MI_1P_DEagle
0  -1.142372 -16.064140 -6.890196  -0.779831 0.622666 -0.064425  0.138062 0.770630 1 62 1.000000
0  -1.294185 -16.293541 -6.891723  -0.875849 0.477092 -0.072615  0.133667 0.770630 1 62 1.000000
0  -1.155558 -16.080002 -6.552562  -0.789694 0.613453 0.007731  0.137695 0.763062 1 62 1.000000
MI_1P_DEagle
0  -1.294185 -16.293541 -6.891723  -0.875849 0.477092 -0.072615  0.133667 0.770630 1 62 1.000000
0  -1.142372 -16.064140 -6.890196  -0.779831 0.622666 -0.064425  0.138062 0.770630 1 62 1.000000
0  -1.225139 -16.256748 -7.172928  -0.831241 0.480121 -0.280218  0.134521 0.778809 1 62 1.000000
MI_1P_DEagle
0  -1.199583 -16.262154 -7.228814  -0.508133 0.305683 -0.805207  0.134277 0.780884 1 62 1.000000
0  -1.314817 -16.431156 -7.159231  -0.879653 0.381697 -0.283757  0.130493 0.778809 1 62 1.000000
0  -1.225139 -16.256748 -7.172928  -0.831241 0.480121 -0.280218  0.134521 0.778809 1 62 1.000000
MI_1P_DEagle
0  -1.225139 -16.256748 -7.172928  -0.831241 0.480121 -0.280218  0.134521 0.778809 1 62 1.000000
0  -1.314817 -16.431156 -7.159231  -0.879653 0.381697 -0.283757  0.130493 0.778809 1 62 1.000000
0  -1.294185 -16.293541 -6.891723  -0.875849 0.477092 -0.072615  0.133667 0.770630 1 62 1.000000
MI_1P_DEagle
0  -1.314817 -16.431156 -7.159231  -0.879653 0.381697 -0.283757  0.130493 0.778809 1 62 1.000000
0  -1.199583 -16.262154 -7.228814  -0.508133 0.305683 -0.805207  0.134277 0.780884 1 62 1.000000
0  -1.292579 -16.453100 -7.225590  -0.569265 0.209441 -0.795030  0.130005 0.780884 1 62 1.000000
MI_1P_DEagle
0  -1.315366 -16.331791 -6.548463  -0.888814 0.458171 0.009468  0.132690 0.763062 1 62 1.000000
0  -1.155558 -16.080002 -6.552562  -0.789694 0.613453 0.007731  0.137695 0.763062 1 62 1.000000
0  -1.294185 -16.293541 -6.891723  -0.875849 0.477092 -0.072615  0.133667 0.770630 1 62 1.000000
MI_1P_DEagle
0  -1.155558 -16.080002 -6.552562  -0.789694 0.613453 0.007731  0.137695 0.763062 1 62 1.000000
0  -1.315366 -16.331791 -6.548463  -0.888814 0.458171 0.009468  0.132690 0.763062 1 62 1.000000
0  -1.156184 -16.090214 -6.169689  -0.794240 0.606977 0.027613  0.137451 0.754272 1 62 1.000000
MI_1P_DEagle
0  -1.316394 -16.347994 -6.166496  -0.892926 0.449314 0.028291  0.132324 0.754272 1 62 1.000000
0  -1.156184 -16.090214 -6.169689  -0.794240 0.606977 0.027613  0.137451 0.754272 1 62 1.000000
0  -1.315366 -16.331791 -6.548463  -0.888814 0.458171 0.009468  0.132690 0.763062 1 62 1.000000
MI_1P_DEagle
0  -1.435244 -16.614395 -6.877179  -0.938099 0.344980 -0.030968  0.126343 0.770630 1 62 1.000000
0  -1.294185 -16.293541 -6.891723  -0.875849 0.477092 -0.072615  0.133667 0.770630 1 62 1.000000
0  -1.314817 -16.431156 -7.159231  -0.879653 0.381697 -0.283757  0.130493 0.778809 1 62 1.000000
MI_1P_DEagle
0  -1.294185 -16.293541 -6.891723  -0.875849 0.477092 -0.072615  0.133667 0.770630 1 62 1.000000
0  -1.435244 -16.614395 -6.877179  -0.938099 0.344980 -0.030968  0.126343 0.770630 1 62 1.000000
0  -1.315366 -16.331791 -6.548463  -0.888814 0.458171 0.009468  0.132690 0.763062 1 62 1.000000
MI_1P_DEagle
0  -1.315366 -16.331791 -6.548463  -0.888814 0.458171 0.009468  0.132690 0.763062 1 62 1.000000
0  -1.438129 -16.635300 -6.523203  -0.951210 0.308030 0.017817  0.125732 0.763062 1 62 1.000000
0  -1.316394 -16.347994 -6.166496  -0.892926 0.449314 0.028291  0.132324 0.754272 1 62 1.000000
MI_1P_DEagle
0  -1.438129 -16.635300 -6.523203  -0.951210 0.308030 0.017817  0.125732 0.763062 1 62 1.000000
0  -1.315366 -16.331791 -6.548463  -0.888814 0.458171 0.009468  0.132690 0.763062 1 62 1.000000
0  -1.435244 -16.614395 -6.877179  -0.938099 0.344980 -0.030968  0.126343 0.770630 1 62 1.000000
MI_1P_DEagle
0  -1.436285 -16.654003 -6.153659  -0.954318 0.297498 0.027772  0.125244 0.754272 1 62 1.000000
0  -1.316394 -16.347994 -6.166496  -0.892926 0.449314 0.028291  0.132324 0.754272 1 62 1.000000
0  -1.438129 -16.635300 -6.523203  -0.951210 0.308030 0.017817  0.125732 0.763062 1 62 1.000000
MI_1P_DEagle
0  -1.316394 -16.347994 -6.166496  -0.892926 0.449314 0.028291  0.132324 0.754272 1 62 1.000000
0  -1.436285 -16.654003 -6.153659  -0.954318 0.297498 0.027772  0.125244 0.754272 1 62 1.000000
0  -1.312749 -16.371964 -5.811589  -0.896177 0.441061 0.048281  0.131714 0.746338 1 62 1.000000
MI_1P_DEagle
0  -1.435244 -16.614395 -6.877179  -0.938099 0.344980 -0.030968  0.126343 0.770630 1 62 1.000000
0  -1.314817 -16.431156 -7.159231  -0.879653 0.381697 -0.283757  0.130493 0.778809 1 62 1.000000
0  -1.453239 -16.680824 -7.035571  -0.932705 0.338748 -0.123735  0.124817 0.774780 1 62 1.000000
MI_1P_DEagle
0  -1.314817 -16.431156 -7.159231  -0.879653 0.381697 -0.283757  0.130493 0.778809 1 62 1.000000
0  -1.292579 -16.453100 -7.225590  -0.569265 0.209441 -0.795030  0.130005 0.780884 1 62 1.000000
0  -1.453239 -16.680824 -7.035571  -0.932705 0.338748 -0.123735  0.124817 0.774780 1 62 1.000000
MI_1P_DEagle
0  -1.431304 -16.682352 -5.809165  -0.955848 0.290496 0.044350  0.124573 0.746338 1 62 1.000000
0  -1.312749 -16.371964 -5.811589  -0.896177 0.441061 0.048281  0.131714 0.746338 1 62 1.000000
0  -1.436285 -16.654003 -6.153659  -0.954318 0.297498 0.027772  0.125244 0.754272 1 62 1.000000
MI_1P_DEagle
0  -1.312749 -16.371964 -5.811589  -0.896177 0.441061 0.048281  0.131714 0.746338 1 62 1.000000
0  -1.431304 -16.682352 -5.809165  -0.955848 0.290496 0.044350  0.124573 0.746338 1 62 1.000000
0  -1.309513 -16.408169 -5.483890  -0.898744 0.432485 0.072222  0.130737 0.738525 1 62 1.000000
MI_1P_DEagle
0  -1.426263 -16.722626 -5.488362  -0.958592 0.278277 0.060527  0.123535 0.738525 1 62 1.000000
0  -1.309513 -16.408169 -5.483890  -0.898744 0.432485 0.072222  0.130737 0.738525 1 62 1.000000
0  -1.431304 -16.682352 -5.809165  -0.955848 0.290496 0.044350  0.124573 0.746338 1 62 1.000000
MI_1P_DEagle
0  -1.536786 -17.083239 -6.134319  -0.985552 0.166063 0.033326  0.115295 0.754272 1 62 1.000000
0  -1.431304 -16.682352 -5.809165  -0.955848 0.290496 0.044350  0.124573 0.746338 1 62 1.000000
0  -1.436285 -16.654003 -6.153659  -0.954318 0.297498 0.027772  0.125244 0.754272 1 62 1.000000
MI_1P_DEagle
0  -1.431304 -16.682352 -5.809165  -0.955848 0.290496 0.044350  0.124573 0.746338 1 62 1.000000
0  -1.536786 -17.083239 -6.134319  -0.985552 0.166063 0.033326  0.115295 0.754272 1 62 1.000000
0  -1.426263 -16.722626 -5.488362  -0.958592 0.278277 0.060527  0.123535 0.738525 1 62 1.000000
MI_1P_DEagle
0  -1.536786 -17.083239 -6.134319  -0.985552 0.166063 0.033326  0.115295 0.754272 1 62 1.000000
0  -1.436285 -16.654003 -6.153659  -0.954318 0.297498 0.027772  0.125244 0.754272 1 62 1.000000
0  -1.438129 -16.635300 -6.523203  -0.951210 0.308030 0.017817  0.125732 0.763062 1 62 1.000000
MI_1P_DEagle
0  -1.518767 -17.254988 -5.127066  -0.988239 0.142308 0.055973  0.111084 0.729736 1 62 1.000000
0  -1.426263 -16.722626 -5.488362  -0.958592 0.278277 0.060527  0.123535 0.738525 1 62 1.000000
0  -1.536786 -17.083239 -6.134319  -0.985552 0.166063 0.033326  0.115295 0.754272 1 62 1.000000
MI_1P_DEagle
0  -1.552794 -17.059048 -6.859457  -0.981486 0.188655 0.033094  0.115967 0.770630 1 62 1.000000
0  -1.438129 -16.635300 -6.523203  -0.951210 0.308030 0.017817  0.125732 0.763062 1 62 1.000000
0  -1.435244 -16.614395 -6.877179  -0.938099 0.344980 -0.030968  0.126343 0.770630 1 62 1.000000
MI_1P_DEagle
0  -1.552794 -17.059048 -6.859457  -0.981486 0.188655 0.033094  0.115967 0.770630 1 62 1.000000
0  -1.536786 -17.083239 -6.134319  -0.985552 0.166063 0.033326  0.115295 0.754272 1 62 1.000000
0  -1.438129 -16.635300 -6.523203  -0.951210 0.308030 0.017817  0.125732 0.763062 1 62 1.000000
MI_1P_DEagle
0  -1.453239 -16.680824 -7.035571  -0.932705 0.338748 -0.123735  0.124817 0.774780 1 62 1.000000
0  -1.552794 -17.059048 -6.859457  -0.981486 0.188655 0.033094  0.115967 0.770630 1 62 1.000000
0  -1.435244 -16.614395 -6.877179  -0.938099 0.344980 -0.030968  0.126343 0.770630 1 62 1.000000
MI_1P_DEagle
0  -1.614279 -17.618336 -6.855570  -0.995327 0.054761 -0.079528  0.102905 0.770630 1 62 1.000000
0  -1.518767 -17.254988 -5.127066  -0.988239 0.142308 0.055973  0.111084 0.729736 1 62 1.000000
0  -1.536786 -17.083239 -6.134319  -0.985552 0.166063 0.033326  0.115295 0.754272 1 62 1.000000
MI_1P_DEagle
0  -1.552794 -17.059048 -6.859457  -0.981486 0.188655 0.033094  0.115967 0.770630 1 62 1.000000
0  -1.614279 -17.618336 -6.855570  -0.995327 0.054761 -0.079528  0.102905 0.770630 1 62 1.000000
0  -1.536786 -17.083239 -6.134319  -0.985552 0.166063 0.033326  0.115295 0.754272 1 62 1.000000
MI_1P_DEagle
0  -1.614279 -17.618336 -6.855570  -0.995327 0.054761 -0.079528  0.102905 0.770630 1 62 1.000000
0  -1.494526 -17.672426 -3.839837  -0.985801 0.155755 0.062740  0.101074 0.699707 1 62 1.000000
0  -1.518767 -17.254988 -5.127066  -0.988239 0.142308 0.055973  0.111084 0.729736 1 62 1.000000
MI_1P_DEagle
0  -1.520215 -18.664467 -1.963645  -0.997325 0.064949 0.033531  0.077454 0.656494 1 62 1.000000
0  -1.494526 -17.672426 -3.839837  -0.985801 0.155755 0.062740  0.101074 0.699707 1 62 1.000000
0  -1.614279 -17.618336 -6.855570  -0.995327 0.054761 -0.079528  0.102905 0.770630 1 62 1.000000
MI_1P_DEagle
0  -1.557955 -17.070131 -6.919688  -0.984696 0.169445 -0.040771  0.115723 0.771973 1 62 1.000000
0  -1.552794 -17.059048 -6.859457  -0.981486 0.188655 0.033094  0.115967 0.770630 1 62 1.000000
0  -1.453239 -16.680824 -7.035571  -0.932705 0.338748 -0.123735  0.124817 0.774780 1 62 1.000000
MI_1P_DEagle
0  -1.614279 -17.618336 -6.855570  -0.995327 0.054761 -0.079528  0.102905 0.770630 1 62 1.000000
0  -1.552794 -17.059048 -6.859457  -0.981486 0.188655 0.033094  0.115967 0.770630 1 62 1.000000
0  -1.557955 -17.070131 -6.919688  -0.984696 0.169445 -0.040771  0.115723 0.771973 1 62 1.000000
MI_1P_DEagle
0  -1.453239 -16.680824 -7.035571  -0.932705 0.338748 -0.123735  0.124817 0.774780 1 62 1.000000
0  -1.455077 -16.725018 -7.097929  -0.881346 0.186963 -0.433905  0.123779 0.776245 1 62 1.000000
0  -1.557955 -17.070131 -6.919688  -0.984696 0.169445 -0.040771  0.115723 0.771973 1 62 1.000000
MI_1P_DEagle
0  -1.455077 -16.725018 -7.097929  -0.881346 0.186963 -0.433905  0.123779 0.776245 1 62 1.000000
0  -1.453239 -16.680824 -7.035571  -0.932705 0.338748 -0.123735  0.124817 0.774780 1 62 1.000000
0  -1.292579 -16.453100 -7.225590  -0.569265 0.209441 -0.795030  0.130005 0.780884 1 62 1.000000
MI_1P_DEagle
0  -1.550330 -17.086668 -6.990726  -0.910098 0.076743 -0.407224  0.115356 0.773682 1 62 1.000000
0  -1.557955 -17.070131 -6.919688  -0.984696 0.169445 -0.040771  0.115723 0.771973 1 62 1.000000
0  -1.455077 -16.725018 -7.097929  -0.881346 0.186963 -0.433905  0.123779 0.776245 1 62 1.000000
MI_1P_DEagle
0  -1.336075 -16.748272 -7.229360  -0.455964 0.035996 -0.889270  0.123108 0.780884 1 62 1.000000
0  -1.455077 -16.725018 -7.097929  -0.881346 0.186963 -0.433905  0.123779 0.776245 1 62 1.000000
0  -1.292579 -16.453100 -7.225590  -0.569265 0.209441 -0.795030  0.130005 0.780884 1 62 1.000000
MI_1P_DEagle
0  -1.336075 -16.748272 -7.229360  -0.455964 0.035996 -0.889270  0.123108 0.780884 1 62 1.000000
0  -1.550330 -17.086668 -6.990726  -0.910098 0.076743 -0.407224  0.115356 0.773682 1 62 1.000000
0  -1.455077 -16.725018 -7.097929  -0.881346 0.186963 -0.433905  0.123779 0.776245 1 62 1.000000
MI_1P_DEagle
0  -1.184027 -16.738987 -7.242986  -0.048000 0.008018 -0.998815  0.123108 0.782837 1 62 1.000000
0  -1.336075 -16.748272 -7.229360  -0.455964 0.035996 -0.889270  0.123108 0.780884 1 62 1.000000
0  -1.292579 -16.453100 -7.225590  -0.569265 0.209441 -0.795030  0.130005 0.780884 1 62 1.000000
MI_1P_DEagle
0  -1.550330 -17.086668 -6.990726  -0.910098 0.076743 -0.407224  0.115356 0.773682 1 62 1.000000
0  -1.599082 -17.614187 -6.931477  -0.900880 0.025185 -0.433336  0.103027 0.772339 1 62 1.000000
0  -1.557955 -17.070131 -6.919688  -0.984696 0.169445 -0.040771  0.115723 0.771973 1 62 1.000000
MI_1P_DEagle
0  -1.550330 -17.086668 -6.990726  -0.910098 0.076743 -0.407224  0.115356 0.773682 1 62 1.000000
0  -1.336075 -16.748272 -7.229360  -0.455964 0.035996 -0.889270  0.123108 0.780884 1 62 1.000000
0  -1.599082 -17.614187 -6.931477  -0.900880 0.025185 -0.433336  0.103027 0.772339 1 62 1.000000
MI_1P_DEagle
0  -1.614279 -17.618336 -6.855570  -0.995327 0.054761 -0.079528  0.102905 0.770630 1 62 1.000000
0  -1.557955 -17.070131 -6.919688  -0.984696 0.169445 -0.040771  0.115723 0.771973 1 62 1.000000
0  -1.599082 -17.614187 -6.931477  -0.900880 0.025185 -0.433336  0.103027 0.772339 1 62 1.000000
MI_1P_DEagle
0  -1.336075 -16.748272 -7.229360  -0.455964 0.035996 -0.889270  0.123108 0.780884 1 62 1.000000
0  -1.184027 -16.738987 -7.242986  -0.048000 0.008018 -0.998815  0.123108 0.782837 1 62 1.000000
0  -1.339182 -19.746899 -7.232074  -0.414187 -0.007042 -0.910164  0.052551 0.780884 1 62 1.000000
MI_1P_DEagle
0  -1.336075 -16.748272 -7.229360  -0.455964 0.035996 -0.889270  0.123108 0.780884 1 62 1.000000
0  -1.607913 -18.223104 -6.921791  -0.896604 -0.002594 -0.442825  0.088684 0.772217 1 62 1.000000
0  -1.599082 -17.614187 -6.931477  -0.900880 0.025185 -0.433336  0.103027 0.772339 1 62 1.000000
MI_1P_DEagle
0  -1.614279 -17.618336 -6.855570  -0.995327 0.054761 -0.079528  0.102905 0.770630 1 62 1.000000
0  -1.599082 -17.614187 -6.931477  -0.900880 0.025185 -0.433336  0.103027 0.772339 1 62 1.000000
0  -1.607913 -18.223104 -6.921791  -0.896604 -0.002594 -0.442825  0.088684 0.772217 1 62 1.000000
MI_1P_DEagle
0  -1.607913 -18.223104 -6.921791  -0.896604 -0.002594 -0.442825  0.088684 0.772217 1 62 1.000000
0  -1.336075 -16.748272 -7.229360  -0.455964 0.035996 -0.889270  0.123108 0.780884 1 62 1.000000
0  -1.339182 -19.746899 -7.232074  -0.414187 -0.007042 -0.910164  0.052551 0.780884 1 62 1.000000
MI_1P_DEagle
0  -1.614279 -17.618336 -6.855570  -0.995327 0.054761 -0.079528  0.102905 0.770630 1 62 1.000000
0  -1.624321 -18.234989 -6.845135  -0.995539 -0.011122 -0.093689  0.088440 0.770386 1 62 1.000000
0  -1.520215 -18.664467 -1.963645  -0.997325 0.064949 0.033531  0.077454 0.656494 1 62 1.000000
MI_1P_DEagle
0  -1.607913 -18.223104 -6.921791  -0.896604 -0.002594 -0.442825  0.088684 0.772217 1 62 1.000000
0  -1.624321 -18.234989 -6.845135  -0.995539 -0.011122 -0.093689  0.088440 0.770386 1 62 1.000000
0  -1.614279 -17.618336 -6.855570  -0.995327 0.054761 -0.079528  0.102905 0.770630 1 62 1.000000
MI_1P_DEagle
0  -1.524227 -19.155052 -1.857213  -0.999767 -0.012975 0.017254  0.065918 0.654053 1 62 1.000000
0  -1.520215 -18.664467 -1.963645  -0.997325 0.064949 0.033531  0.077454 0.656494 1 62 1.000000
0  -1.624321 -18.234989 -6.845135  -0.995539 -0.011122 -0.093689  0.088440 0.770386 1 62 1.000000
MI_1P_DEagle
0  -1.607913 -18.223104 -6.921791  -0.896604 -0.002594 -0.442825  0.088684 0.772217 1 62 1.000000
0  -1.339182 -19.746899 -7.232074  -0.414187 -0.007042 -0.910164  0.052551 0.780884 1 62 1.000000
0  -1.582207 -18.815769 -6.959161  -0.888935 -0.021502 -0.457529  0.074707 0.773193 1 62 1.000000
MI_1P_DEagle
0  -1.607913 -18.223104 -6.921791  -0.896604 -0.002594 -0.442825  0.088684 0.772217 1 62 1.000000
0  -1.582207 -18.815769 -6.959161  -0.888935 -0.021502 -0.457529  0.074707 0.773193 1 62 1.000000
0  -1.624321 -18.234989 -6.845135  -0.995539 -0.011122 -0.093689  0.088440 0.770386 1 62 1.000000
MI_1P_DEagle
0  -1.582207 -18.815769 -6.959161  -0.888935 -0.021502 -0.457529  0.074707 0.773193 1 62 1.000000
0  -1.339182 -19.746899 -7.232074  -0.414187 -0.007042 -0.910164  0.052551 0.780884 1 62 1.000000
0  -1.526109 -19.345436 -7.031505  -0.888055 -0.049826 -0.457029  0.062195 0.774902 1 62 1.000000
MI_1P_DEagle
0  -1.526109 -19.345436 -7.031505  -0.888055 -0.049826 -0.457029  0.062195 0.774902 1 62 1.000000
0  -1.339182 -19.746899 -7.232074  -0.414187 -0.007042 -0.910164  0.052551 0.780884 1 62 1.000000
0  -1.444140 -19.782381 -7.126105  -0.887391 -0.098492 -0.450374  0.051849 0.777222 1 62 1.000000
MI_1P_DEagle
0  -1.596952 -18.830420 -6.885078  -0.993045 -0.066715 -0.097007  0.074402 0.771362 1 62 1.000000
0  -1.624321 -18.234989 -6.845135  -0.995539 -0.011122 -0.093689  0.088440 0.770386 1 62 1.000000
0  -1.582207 -18.815769 -6.959161  -0.888935 -0.021502 -0.457529  0.074707 0.773193 1 62 1.000000
MI_1P_DEagle
0  -1.596952 -18.830420 -6.885078  -0.993045 -0.066715 -0.097007  0.074402 0.771362 1 62 1.000000
0  -1.582207 -18.815769 -6.959161  -0.888935 -0.021502 -0.457529  0.074707 0.773193 1 62 1.000000
0  -1.526109 -19.345436 -7.031505  -0.888055 -0.049826 -0.457029  0.062195 0.774902 1 62 1.000000
MI_1P_DEagle
0  -1.624321 -18.234989 -6.845135  -0.995539 -0.011122 -0.093689  0.088440 0.770386 1 62 1.000000
0  -1.596952 -18.830420 -6.885078  -0.993045 -0.066715 -0.097007  0.074402 0.771362 1 62 1.000000
0  -1.524227 -19.155052 -1.857213  -0.999767 -0.012975 0.017254  0.065918 0.654053 1 62 1.000000
MI_1P_DEagle
0  -1.526109 -19.345436 -7.031505  -0.888055 -0.049826 -0.457029  0.062195 0.774902 1 62 1.000000
0  -1.444140 -19.782381 -7.126105  -0.887391 -0.098492 -0.450374  0.051849 0.777222 1 62 1.000000
0  -1.537059 -19.362415 -6.962967  -0.986658 -0.133084 -0.093785  0.061798 0.773315 1 62 1.000000
MI_1P_DEagle
0  -1.526109 -19.345436 -7.031505  -0.888055 -0.049826 -0.457029  0.062195 0.774902 1 62 1.000000
0  -1.537059 -19.362415 -6.962967  -0.986658 -0.133084 -0.093785  0.061798 0.773315 1 62 1.000000
0  -1.596952 -18.830420 -6.885078  -0.993045 -0.066715 -0.097007  0.074402 0.771362 1 62 1.000000
MI_1P_DEagle
0  -1.452108 -19.795116 -7.062040  -0.975199 -0.202006 -0.090449  0.051544 0.775757 1 62 1.000000
0  -1.537059 -19.362415 -6.962967  -0.986658 -0.133084 -0.093785  0.061798 0.773315 1 62 1.000000
0  -1.444140 -19.782381 -7.126105  -0.887391 -0.098492 -0.450374  0.051849 0.777222 1 62 1.000000
MI_1P_DEagle
0  -1.499749 -19.751366 -1.734583  -0.997922 -0.064057 0.006951  0.051849 0.651123 1 62 1.000000
0  -1.524227 -19.155052 -1.857213  -0.999767 -0.012975 0.017254  0.065918 0.654053 1 62 1.000000
0  -1.596952 -18.830420 -6.885078  -0.993045 -0.066715 -0.097007  0.074402 0.771362 1 62 1.000000
MI_1P_DEagle
0  -1.596952 -18.830420 -6.885078  -0.993045 -0.066715 -0.097007  0.074402 0.771362 1 62 1.000000
0  -1.537059 -19.362415 -6.962967  -0.986658 -0.133084 -0.093785  0.061798 0.773315 1 62 1.000000
0  -1.499749 -19.751366 -1.734583  -0.997922 -0.064057 0.006951  0.051849 0.651123 1 62 1.000000
MI_1P_DEagle
0  -1.499749 -19.751366 -1.734583  -0.997922 -0.064057 0.006951  0.051849 0.651123 1 62 1.000000
0  -1.481393 -19.548784 0.277319  -0.999777 -0.014046 0.015791  0.056305 0.604004 1 62 1.000000
0  -1.524227 -19.155052 -1.857213  -0.999767 -0.012975 0.017254  0.065918 0.654053 1 62 1.000000
MI_1P_DEagle
0  -1.481393 -19.548784 0.277319  -0.999777 -0.014046 0.015791  0.056305 0.604004 1 62 1.000000
0  -1.499749 -19.751366 -1.734583  -0.997922 -0.064057 0.006951  0.051849 0.651123 1 62 1.000000
0  -1.461803 -20.110880 0.276038  -0.998298 -0.057779 0.007970  0.043060 0.604004 1 62 1.000000
MI_1P_DEagle
0  -1.452108 -19.795116 -7.062040  -0.975199 -0.202006 -0.090449  0.051544 0.775757 1 62 1.000000
0  -1.452025 -20.282555 -1.631292  -0.992673 -0.120717 -0.005292  0.039276 0.648926 1 62 1.000000
0  -1.537059 -19.362415 -6.962967  -0.986658 -0.133084 -0.093785  0.061798 0.773315 1 62 1.000000
MI_1P_DEagle
0  -1.452025 -20.282555 -1.631292  -0.992673 -0.120717 -0.005292  0.039276 0.648926 1 62 1.000000
0  -1.499749 -19.751366 -1.734583  -0.997922 -0.064057 0.006951  0.051849 0.651123 1 62 1.000000
0  -1.537059 -19.362415 -6.962967  -0.986658 -0.133084 -0.093785  0.061798 0.773315 1 62 1.000000
MI_1P_DEagle
0  -1.452025 -20.282555 -1.631292  -0.992673 -0.120717 -0.005292  0.039276 0.648926 1 62 1.000000
0  -1.461803 -20.110880 0.276038  -0.998298 -0.057779 0.007970  0.043060 0.604004 1 62 1.000000
0  -1.499749 -19.751366 -1.734583  -0.997922 -0.064057 0.006951  0.051849 0.651123 1 62 1.000000
MI_1P_DEagle
0  -1.452025 -20.282555 -1.631292  -0.992673 -0.120717 -0.005292  0.039276 0.648926 1 62 1.000000
0  -1.452108 -19.795116 -7.062040  -0.975199 -0.202006 -0.090449  0.051544 0.775757 1 62 1.000000
0  -1.387654 -20.707439 -1.554686  -0.982500 -0.185246 -0.019408  0.029205 0.647217 1 62 1.000000
MI_1P_DEagle
0  -1.461803 -20.110880 0.276038  -0.998298 -0.057779 0.007970  0.043060 0.604004 1 62 1.000000
0  -1.452025 -20.282555 -1.631292  -0.992673 -0.120717 -0.005292  0.039276 0.648926 1 62 1.000000
0  -1.421606 -20.611717 0.276002  -0.994016 -0.109169 -0.003687  0.031235 0.604004 1 62 1.000000
MI_1P_DEagle
0  -1.387654 -20.707439 -1.554686  -0.982500 -0.185246 -0.019408  0.029205 0.647217 1 62 1.000000
0  -1.421606 -20.611717 0.276002  -0.994016 -0.109169 -0.003687  0.031235 0.604004 1 62 1.000000
0  -1.452025 -20.282555 -1.631292  -0.992673 -0.120717 -0.005292  0.039276 0.648926 1 62 1.000000
end
