version 1
nodes
0 "blender_implicit" -1
1 "b_root" -1
2 "b_ch_middle" 1
3 "b_ch_spine1" 2
4 "b_ch_spine2" 3
5 "b_ch_l_clavical" 4
6 "b_ch_l_upperarm" 5
7 "b_ch_l_forearm" 6
8 "b_ch_l_forearm_twist1" 7
9 "b_ch_l_forearm_twist2" 7
10 "b_ch_l_forearm_twist3" 7
11 "b_ch_l_forearm_twist4" 7
12 "b_ch_l_forearm_twist5" 7
13 "b_ch_l_forearm_twist6" 7
14 "b_ch_l_forearm_twist7" 7
15 "b_ch_l_hand" 7
16 "b_ch_l_finger_00" 15
17 "b_ch_l_finger_01" 16
18 "b_ch_l_finger_02" 17
19 "b_ch_l_finger_40" 15
20 "b_ch_l_finger_41" 19
21 "b_ch_l_finger_42" 20
22 "b_ch_l_finger_20" 15
23 "b_ch_l_finger_21" 22
24 "b_ch_l_finger_22" 23
25 "b_ch_l_finger_30" 15
26 "b_ch_l_finger_31" 25
27 "b_ch_l_finger_32" 26
28 "b_ch_l_finger_10" 15
29 "b_ch_l_finger_11" 28
30 "b_ch_l_finger_12" 29
31 "b_ch_r_clavical" 4
32 "b_ch_r_upperarm" 31
33 "b_ch_r_forearm" 32
34 "b_ch_r_forearm_twist1" 33
35 "b_ch_r_forearm_twist2" 33
36 "b_ch_r_forearm_twist3" 33
37 "b_ch_r_forearm_twist4" 33
38 "b_ch_r_forearm_twist5" 33
39 "b_ch_r_forearm_twist6" 33
40 "b_ch_r_forearm_twist7" 33
41 "b_ch_r_hand" 33
42 "b_ch_r_finger_00" 41
43 "b_ch_r_finger_01" 42
44 "b_ch_r_finger_02" 43
45 "b_ch_r_finger_10" 41
46 "b_ch_r_finger_11" 45
47 "b_ch_r_finger_12" 46
48 "b_ch_r_finger_20" 41
49 "b_ch_r_finger_21" 48
50 "b_ch_r_finger_22" 49
51 "b_ch_r_finger_30" 41
52 "b_ch_r_finger_31" 51
53 "b_ch_r_finger_32" 52
54 "b_ch_r_finger_40" 41
55 "b_ch_r_finger_41" 54
56 "b_ch_r_finger_42" 55
57 "b_camera" 1
58 "b_wpn" 1
59 "b_wpn_bipod" 58
60 "b_wpn_bipod_l" 59
61 "b_wpn_bipod_r" 59
62 "b_wpn_bipod_base" 59
63 "b_wpn_bipod_base_r" 62
64 "b_wpn_bipod_spring_base_r" 63
65 "b_wpn_bipod_base_l" 62
66 "b_wpn_bipod_spring_base_l" 65
67 "b_wpn_bipod_spring_l" 62
68 "b_wpn_bipod_spring_r" 62
69 "b_wpn_bolt" 58
70 "b_wpn_chargehandle" 58
71 "b_wpn_eject" 58
72 "b_wpn_fireselect" 58
73 "b_wpn_foregrip" 58
74 "b_wpn_gl" 58
75 "b_wpn_gl_slide" 74
76 "b_wpn_gl_trigger" 74
77 "b_wpn_gl_round" 74
78 "b_wpn_gl_casing" 74
79 "b_wpn_gl_slidelock" 74
80 "b_wpn_gl_muzzle" 74
81 "b_wpn_gl_sight_back" 74
82 "b_wpn_gl_sight_front" 74
83 "b_wpn_hammer" 58
84 "b_wpn_laserflash" 58
85 "b_wpn_laserflash_beam" 84
86 "b_wpn_lid" 58
87 "b_wpn_mag" 58
88 "b_wpn_mag_b1" 87
89 "b_wpn_mag_casing_1" 88
90 "b_wpn_mag_bullet_1" 88
91 "b_wpn_mag_b2" 87
92 "b_wpn_mag_casing_2" 91
93 "b_wpn_mag_bullet_2" 91
94 "b_wpn_mag_b3" 87
95 "b_wpn_mag_casing_3" 94
96 "b_wpn_mag_bullet_3" 94
97 "b_wpn_mag_b4" 87
98 "b_wpn_mag_casing_4" 97
99 "b_wpn_mag_bullet_4" 97
100 "b_wpn_mag_b5" 87
101 "b_wpn_mag_casing_5" 100
102 "b_wpn_mag_bullet_5" 100
103 "b_wpn_mag_b6" 87
104 "b_wpn_mag_casing_6" 103
105 "b_wpn_mag_bullet_6" 103
106 "b_wpn_mag_b7" 87
107 "b_wpn_mag_b8" 87
108 "b_wpn_mag_b9" 87
109 "b_wpn_mag_follow" 87
110 "b_wpn_mag_b13" 87
111 "b_wpn_mag_b10" 87
112 "b_wpn_mag_b11" 87
113 "b_wpn_mag_b12" 87
114 "b_wpn_mag_b14" 87
115 "b_wpn_mag_b15" 87
116 "b_wpn_mag_tab" 87
117 "b_wpn_mag_b_link1" 87
118 "b_wpn_mag_b_link2" 87
119 "b_wpn_mag_b_link3" 87
120 "b_wpn_mag_b_link4" 87
121 "b_wpn_mag_b_link5" 87
122 "b_wpn_mag_b_link6" 87
123 "b_wpn_mag_b_link7" 87
124 "b_wpn_mag_b_link8" 87
125 "b_wpn_mag_b_link9" 87
126 "b_wpn_mag_b_link10" 87
127 "b_wpn_mag_b_link11" 87
128 "b_wpn_mag_b_link12" 87
129 "b_wpn_mag_b_link13" 87
130 "b_wpn_mag_b16" 87
131 "b_wpn_mag_b17" 87
132 "b_wpn_mag_b18" 87
133 "b_wpn_mag_b19" 87
134 "b_wpn_mag_b20" 87
135 "b_wpn_mag_b21" 87
136 "b_wpn_mag_b22" 87
137 "b_wpn_mag_b23" 87
138 "b_wpn_mag_b24" 87
139 "b_wpn_mag_b25" 87
140 "b_wpn_mag_b26" 87
141 "b_wpn_mag_b27" 87
142 "b_wpn_mag_b28" 87
143 "b_wpn_mag_b29" 87
144 "b_wpn_mag_b30" 87
145 "b_wpn_mag_spring_bottom" 87
146 "b_wpn_mag_b31" 87
147 "b_wpn_mag_b32" 87
148 "b_wpn_mag_b35" 87
149 "b_wpn_mag_b33" 87
150 "b_wpn_mag_b34" 87
151 "b_wpn_mag_b36" 87
152 "b_wpn_mag_b37" 87
153 "b_wpn_mag_b38" 87
154 "b_wpn_mag_b39" 87
155 "b_wpn_mag_b40" 87
156 "b_wpn_mag_b41" 87
157 "b_wpn_mag_b42" 87
158 "b_wpn_mag_b50" 87
159 "b_wpn_mag_b49" 87
160 "b_wpn_mag_b48" 87
161 "b_wpn_mag_b47" 87
162 "b_wpn_mag_b45" 87
163 "b_wpn_mag_b44" 87
164 "b_wpn_mag_b43" 87
165 "b_wpn_mag_b46" 87
166 "b_wpn_magrelease" 58
167 "b_wpn_muzzle" 58
168 "b_wpn_optic" 58
169 "b_wpn_pin" 58
170 "b_wpn_ring" 58
171 "b_wpn_slide" 58
172 "b_wpn_sliderelease" 58
173 "b_wpn_spec_1" 58
174 "b_wpn_spec_2" 58
175 "b_wpn_spoon" 58
176 "b_wpn_suppressor" 58
177 "b_wpn_suppressor_muzzle" 176
178 "b_wpn_trigger" 58
179 "ik_hand_wpn_l" 58
180 "ik_hand_wpn_r" 58
181 "b_wpn_laser" 58
182 "b_wpn_laser_beam" 181
183 "b_wpn_flash" 58
184 "b_wpn_flash_beam" 183
185 "b_wpn_stock" 58
186 "b_wpn_barrel" 58
187 "b_wpn_chain_01" 58
188 "b_wpn_chain_02" 187
189 "b_wpn_chain_03" 188
190 "b_wpn_chain_04" 189
191 "b_wpn_chain_05" 190
192 "b_wpn_chain_06" 191
193 "b_wpn_bayonet" 58
194 "b_wpn_mag_2" 58
195 "b_wpn_gripod" 58
196 "b_wpn_gripod_base" 195
197 "b_wpn_gripod_base_r" 196
198 "b_wpn_gripod_base_l" 196
199 "ik_hand_root" 1
200 "ik_hand_r" 199
201 "ik_hand_l" 199
end
skeleton
time 0
0  0 0 0  0 0 0
1  0.000000 0.000000 0.000000  0.000000 -0.000000 -0.000000
2  -0.000000 -0.000000 -55.423229  0.000000 -0.000000 -1.570730
3  -0.012872 0.000000 8.235027  -0.784749 -1.570710 -0.785986
4  16.163124 -0.010663 0.007211  -0.594297 0.000409 -0.000125
5  16.163132 -0.000000 3.830524  -0.580429 -0.765273 -2.715980
6  14.868236 0.000001 -0.000001  -0.276840 0.032810 -1.545506
7  26.391956 -0.000002 -0.000001  -0.000000 0.000000 -1.069861
8  -0.000000 -0.000003 0.000001  -0.210539 -0.000000 -0.000000
9  3.093512 -0.000002 0.000002  -0.421086 -0.000000 -0.000000
10  6.187019 -0.000002 0.000003  -0.631685 0.000000 -0.000000
11  9.280531 -0.000003 0.000002  -0.842268 -0.000000 -0.000000
12  12.374042 -0.000007 0.000002  -1.052805 -0.000000 -0.000000
13  15.467557 -0.000004 0.000003  -1.263364 -0.000000 -0.000000
14  18.561058 -0.000005 0.000003  -1.473942 -0.000000 -0.000000
15  21.654573 -0.000008 0.000004  3.050059 0.071795 0.871775
16  1.410070 0.800535 -2.089135  1.926816 0.229617 0.446891
17  3.954712 -0.000000 0.000004  0.032650 -0.305879 0.082888
18  3.101557 -0.000001 0.000001  0.038488 -0.173200 0.020373
19  6.164472 -0.898154 2.575012  -0.464106 -0.015897 1.186542
20  2.805846 -0.000003 -0.000005  -0.000000 -0.000000 0.521973
21  2.307444 -0.000002 0.000002  0.000000 -0.000000 0.361287
22  7.145094 -0.676341 -1.382427  0.048305 -0.466031 0.179016
23  3.672216 0.000001 0.000002  0.000000 0.000000 1.094786
24  2.676517 0.000004 0.000000  -0.000000 0.000000 0.976405
25  6.831176 -0.870863 0.599916  -0.198432 -0.274957 0.706750
26  3.657083 0.000003 -0.000002  0.000000 0.000000 1.196110
27  2.496794 0.000001 -0.000002  -0.000000 -0.000000 0.510610
28  7.183360 -0.532083 -3.267611  0.092002 -0.569205 -0.163901
29  3.511593 -0.000001 0.000003  -0.000000 -0.000000 0.459239
30  2.199406 0.000002 -0.000002  0.000000 -0.000000 0.877656
31  16.163136 0.000000 -3.830527  1.570796 0.636219 -1.571592
32  14.868245 -0.000000 -0.000001  0.529228 -0.503583 -2.225656
33  26.391951 0.000001 0.000004  0.000000 0.000000 -1.925711
34  0.000002 0.000001 -0.000003  0.137931 0.000000 -0.000000
35  3.093511 -0.000000 -0.000001  0.275907 0.000000 0.000000
36  6.187020 0.000001 -0.000001  0.413910 0.000000 0.000000
37  9.280531 0.000001 0.000001  0.551917 0.000000 0.000000
38  12.374037 0.000001 -0.000001  0.689890 -0.000000 -0.000000
39  15.467546 0.000001 0.000001  0.827845 0.000000 -0.000000
40  18.561064 0.000001 -0.000001  0.965846 0.000000 -0.000000
41  21.654564 -0.000002 0.000001  2.353684 -0.204304 0.869065
42  1.410071 0.800529 2.089143  -1.966491 -0.287076 0.559263
43  3.954710 -0.000002 -0.000001  0.000000 0.000000 0.375132
44  3.101565 -0.000001 0.000000  -0.000000 0.000000 0.790793
45  7.183346 -0.532091 3.267612  0.185268 0.155560 -0.149743
46  3.511590 -0.000001 -0.000001  0.000000 0.000000 1.069577
47  2.199411 0.000001 -0.000000  0.000000 0.000000 0.903220
48  7.145093 -0.676347 1.382427  0.255424 0.283825 0.886075
49  3.672211 -0.000000 -0.000001  -0.000000 0.000000 1.435616
50  2.676522 0.000000 -0.000000  0.000000 0.000000 1.062915
51  6.831168 -0.870865 -0.599913  0.339890 0.115856 1.057859
52  3.657082 -0.000002 0.000003  -0.000000 -0.000000 1.252193
53  2.496792 0.000002 0.000001  0.000000 0.000000 0.840195
54  6.164461 -0.898152 -2.575012  0.409526 -0.061317 1.152482
55  2.805846 -0.000000 0.000001  0.000000 -0.000000 0.666009
56  2.307447 -0.000003 -0.000002  -0.000000 -0.000000 0.844543
57  0.000000 0.000000 -0.000000  0.000000 -0.000000 0.000000
58  -6.062462 -36.005470 -11.237169  -0.000000 -0.000000 -0.000000
59  -0.000000 -19.069481 4.681032  0.000000 -0.000000 0.000000
60  1.986525 0.000015 -3.123737  -2.705260 -0.000000 -1.570797
61  -1.986692 0.000015 -3.123745  0.436333 0.000001 1.570797
62  -0.000000 -0.000000 -0.000000  0.000000 -0.000000 0.000000
63  -1.530660 0.861427 -3.109957  0.392682 0.000010 1.570745
64  -11.344157 1.135888 0.869268  0.000328 -0.024963 -0.026314
65  1.907532 0.861423 -2.954427  -0.392858 -0.000004 1.570778
66  -11.350055 -0.729404 0.864870  0.000154 -0.025335 0.026430
67  1.754236 4.036762 -1.682666  0.392549 -0.010099 -1.546344
68  -1.755140 4.036762 -1.682665  -0.392547 -0.010382 -1.594901
69  -0.164555 5.734789 5.880446  0.000000 -0.000000 -1.570730
70  1.203548 5.503727 4.339431  0.000000 -0.000000 0.000000
71  -1.260175 5.668898 5.788551  0.070161 -0.418898 2.970131
72  1.185469 17.272331 1.821940  0.000000 0.000000 0.000000
73  0.060216 10.324389 74.469055  0.000008 -0.000000 0.000000
74  0.052673 -3.972626 3.515848  1.570735 -0.000061 -1.570735
75  4.804179 -3.856469 -0.006877  -0.000000 0.000000 0.000000
76  -6.013987 -4.624462 -0.000000  0.000000 0.000000 -0.000000
77  -65.574097 -37.156052 0.002938  -0.786960 1.570710 0.783776
78  1.602679 -3.785216 0.003047  -0.786476 1.570710 0.784259
79  11.681366 -1.114744 -1.027844  -0.785238 1.570710 0.785498
80  19.766771 -3.800925 -0.000000  -0.000000 0.000000 0.000000
81  3.258440 5.856954 -3.403523  -0.000000 -0.000000 -0.000000
82  15.153048 5.860581 -3.403521  -0.000000 -0.000000 0.000000
83  6.064256 77.294952 36.365795  1.570796 -0.000000 1.570796
84  -2.662412 1.445755 40.667957  -0.000000 3.141591 1.570796
85  8.352067 2.772897 0.000541  -3.141589 0.000002 0.000000
86  6.064256 72.973694 32.593250  1.570796 -0.000000 1.570796
87  -0.113678 5.957336 -0.188892  0.000000 0.000000 -0.000000
88  0.097225 0.210960 3.469586  -0.000000 -0.000000 0.000000
89  0.000001 1.310211 -0.000000  0.000000 -0.000000 0.000000
90  0.000000 0.582260 0.000000  0.000000 -0.000000 0.000000
91  0.036297 1.284880 7.928798  -0.000000 -0.000001 0.000000
92  0.000001 1.310212 -0.000001  0.000000 -0.000000 0.000000
93  0.000000 0.582261 -0.000000  0.000000 -0.000000 0.000000
94  5.969323 3.427460 -6.170650  -0.000000 -0.000001 -1.570797
95  -1.310212 0.000001 0.000001  0.000000 0.000000 -0.000000
96  -0.582260 0.000000 0.000000  0.000000 0.000000 -0.000000
97  5.969323 9.397400 -6.170660  -0.000000 -0.000001 -1.570796
98  -1.310212 -0.000000 0.000000  0.000000 0.000000 -0.000000
99  -0.582261 -0.000001 0.000000  0.000000 0.000000 -0.000000
100  5.969322 15.223769 -6.170670  0.000000 -0.000001 -1.570796
101  -1.310212 0.000002 0.000002  -0.000000 0.000000 -0.000000
102  -0.582261 0.000001 -0.000000  -0.000000 0.000000 -0.000000
103  5.969323 20.835569 -6.170671  0.000000 -0.000001 -1.570796
104  -1.310212 0.000001 0.000003  -0.000000 0.000000 -0.000000
105  -0.582261 0.000000 0.000003  -0.000000 0.000000 -0.000000
106  5.969324 26.771208 -6.170671  0.000000 -0.000001 -1.570796
107  5.969323 32.597595 -6.170675  0.000000 -0.000001 -1.570796
108  5.969323 38.209396 -6.170685  0.000000 -0.000001 -1.570800
109  5.969322 49.488464 -6.170683  0.000000 -0.000001 -1.570800
110  -0.539090 -0.556808 -0.017363  -0.042462 2.681156 1.551919
111  -6.799123 -0.556807 0.818549  -0.272420 2.701993 1.452460
112  -4.615283 -0.556822 0.270328  -0.117230 2.684609 1.518878
113  -2.650969 -0.556808 0.063010  -0.042463 2.681158 1.551919
114  27.110336 1.284857 12.007548  0.000000 -0.000000 -0.000000
115  28.133425 1.284857 12.007547  0.000001 -0.000000 -0.000000
116  12.812886 2.241785 12.007549  -0.000000 -0.000001 -0.000001
117  -9.955966 -0.319624 4.380214  -0.000001 -0.000000 -0.000001
118  -11.316472 -0.319624 4.380215  -0.000003 -0.000000 0.000000
119  -12.667809 -0.319622 4.380215  -0.000003 -0.000000 0.000001
120  -14.022140 -0.319622 4.380215  0.000010 -0.000000 -0.000011
121  -15.373239 -0.319622 4.380214  0.000015 -0.000000 -0.000015
122  -16.724142 -0.319622 4.380214  -0.000009 -0.000000 0.000006
123  -18.074572 -0.319622 4.380214  -0.000006 0.000000 0.000004
124  -19.423716 -0.319620 4.380214  0.000002 0.000000 -0.000004
125  -20.775270 -0.319620 4.380214  0.000003 0.000000 -0.000004
126  -22.126671 -0.319620 4.380215  0.000003 -0.000000 -0.000004
127  -23.478123 -0.319620 4.380215  0.000005 -0.000000 -0.000006
128  -24.830620 -0.319618 4.380215  0.000036 -0.000000 -0.000038
129  -26.182030 -0.319618 4.380215  -0.000011 0.000000 0.000011
130  0.529180 -0.167130 0.629484  -0.101270 -0.000000 0.000000
131  -0.211444 -0.241684 0.155361  -0.145847 -0.000000 0.000000
132  0.529190 -0.280701 -0.110292  -0.145847 -0.000000 0.000000
133  -0.173927 -0.337326 -0.638495  -0.181751 -0.000000 0.000000
134  0.529189 -0.399246 -0.975393  -0.181751 -0.000000 0.000000
135  -0.211444 -0.464478 -1.431042  -0.192399 -0.000000 0.000000
136  0.529189 -0.515808 -1.694583  -0.192399 -0.000000 0.000000
137  -0.173928 -0.612152 -2.231911  -0.216703 -0.000000 0.000000
138  0.529188 -0.685806 -2.566440  -0.216703 -0.000000 0.000000
139  -0.211445 -0.769562 -3.027870  -0.237349 -0.000000 0.000000
140  0.529188 -0.832687 -3.288847  -0.237349 -0.000000 0.000000
141  -0.173937 -0.945282 -3.779564  -0.233859 0.000000 0.000000
142  0.529179 -1.024658 -4.112780  -0.233859 0.000000 0.000000
143  -0.211443 -1.132187 -4.577547  -0.262919 -0.000000 0.000000
144  0.529190 -1.201965 -4.836824  -0.262919 0.000000 0.000000
145  -0.000004 -2.810944 -10.636629  0.258454 0.000000 3.141592
146  -0.192455 -1.345779 -5.370045  -0.280373 0.000000 0.000000
147  0.533984 -1.413513 -5.605104  -0.276883 0.000000 0.000000
148  -0.206618 -1.795761 -6.909779  -0.287354 0.000000 0.000000
149  -0.205805 -1.564819 -6.138256  -0.290843 0.000000 0.000000
150  0.530460 -1.643677 -6.395214  -0.290844 0.000000 0.000000
151  0.535311 -1.790710 -7.204132  -0.287354 -0.000000 0.000000
152  -0.202703 -2.030487 -7.702829  -0.286180 -0.000000 0.000000
153  0.509548 -2.118896 -8.011625  -0.298398 -0.000000 0.000000
154  -0.202703 -2.255280 -8.465172  -0.283134 -0.000000 0.000000
155  0.509548 -2.352982 -8.771158  -0.295352 -0.000000 0.000000
156  -0.202704 -2.481598 -9.235472  -0.285437 -0.000000 0.000000
157  0.509547 -2.588684 -9.538637  -0.297654 -0.000000 0.000000
158  0.170123 -21.222092 -1.001141  -0.000001 -0.000001 0.000000
159  0.170123 -20.843864 -0.397182  -0.000001 -0.000001 0.000000
160  0.170123 -20.489746 -1.001141  -0.000001 -0.000001 0.000000
161  0.170124 -20.111069 -0.397182  -0.000001 -0.000001 0.000000
162  0.170123 -19.380089 -0.397186  -0.000001 -0.000001 0.000000
163  0.170123 -19.025108 -1.001145  -0.000001 -0.000001 0.000000
164  0.170123 -18.646660 -0.396447  -0.000001 -0.000001 0.000000
165  0.170124 -19.755760 -1.001142  -0.000001 -0.000001 0.000000
166  -0.015974 10.035400 1.098089  0.000000 0.000000 0.000000
167  -0.104322 -52.163574 4.437344  1.570735 -0.000061 -1.570735
168  0.064652 27.351290 72.195206  0.000000 -0.000000 -0.000001
169  6.064260 95.114014 31.645500  0.000000 -0.000001 1.570796
170  -0.103716 -26.907867 3.305357  0.000000 -0.000000 -1.570730
171  6.064257 69.096558 37.164318  1.570796 -0.000000 1.570796
172  1.974302 11.989233 4.589250  0.000000 -0.000000 -0.000000
173  1.941734 0.883633 4.309755  0.000000 0.000000 -1.483525
174  -0.115679 1.104774 6.744191  0.000000 0.000000 -0.000000
175  6.064260 89.329803 31.613916  0.000000 -0.000001 1.570796
176  0.059886 2.255333 54.398010  0.000000 0.000000 0.000000
177  0.003496 -22.270645 0.000149  1.570797 0.000000 -1.570797
178  0.104010 14.792242 1.530319  0.000000 -0.000000 0.000000
179  3.000466 -2.985229 1.028915  2.067399 -0.085866 -1.929635
180  -2.951666 25.811069 -3.742310  -0.096365 0.008023 -1.450340
181  -2.662413 1.445759 33.628742  -0.000000 3.141591 1.570796
182  8.352069 2.772897 0.000541  -3.141589 0.000002 0.000000
183  -2.662412 1.445755 40.667957  -0.000000 3.141591 1.570796
184  8.352067 2.772897 0.000541  -3.141589 0.000002 0.000000
185  -1.431356 16.384779 4.137811  0.000001 -0.000000 0.000000
186  -0.001844 0.521683 -0.140289  0.000000 -0.000000 -0.000000
187  7.323109 -5.136192 -5.166237  0.000000 0.000000 -0.610865
188  2.698278 0.000000 0.000000  -0.000012 0.000000 0.000001
189  2.834157 -0.000002 0.000001  0.000013 0.000000 0.000000
190  2.648919 0.000001 0.000002  -0.000001 -0.000001 0.000000
191  2.667500 -0.000002 0.000001  0.000000 0.000000 -0.000000
192  2.426705 -0.000004 0.000001  -0.000000 0.000000 -0.000000
193  -0.494744 -44.353447 -1.302299  1.570797 0.000000 -1.570797
194  11.545938 73.768417 -3.792009  0.000000 -0.000000 -0.000000
195  0.055851 -6.877708 2.864592  0.000000 -0.000000 0.000000
196  -0.000000 0.000000 -1.529051  -0.000000 -0.000000 -0.000000
197  -0.078942 -0.000000 0.000000  -0.000000 -0.000000 1.570730
198  0.097092 -0.000000 0.000000  0.000001 -3.141592 1.570796
199  0.000000 0.000000 -0.000000  0.000000 -0.000000 -0.000000
200  -9.014128 -10.194401 -14.979465  -0.096365 0.008023 -1.450341
201  -3.062006 -38.990696 -10.208246  2.067501 -0.085732 -1.929700
time 1
0  0 0 0  0 0 0
1  0.000000 0.000000 0.000000  0.000000 -0.000000 -0.000000
2  -0.000000 -0.000000 -55.423229  0.000000 -0.000000 -1.570730
3  -0.012872 0.000000 8.235027  -0.784749 -1.570710 -0.785986
4  16.163124 -0.010663 0.007211  -0.594297 0.000409 -0.000125
5  16.163132 -0.000000 3.830524  -0.575842 -0.766401 -2.719304
6  14.868230 0.000000 0.000000  -0.274691 0.038789 -1.519742
7  26.391954 -0.000005 0.000001  -0.000000 0.000000 -1.104235
8  0.000004 0.000004 0.000001  -0.202316 -0.000000 -0.000000
9  3.093514 0.000004 0.000000  -0.404685 -0.000000 -0.000000
10  6.187018 0.000001 0.000001  -0.607012 -0.000000 -0.000000
11  9.280535 -0.000001 0.000002  -0.809349 -0.000000 -0.000000
12  12.374045 0.000001 0.000001  -1.011680 -0.000000 -0.000000
13  15.467557 -0.000001 0.000001  -1.214038 -0.000000 -0.000000
14  18.561062 0.000004 0.000001  -1.416410 -0.000000 -0.000000
15  21.654575 -0.000001 0.000001  3.130599 0.055770 0.810621
16  1.410067 0.800535 -2.089137  1.884945 0.252135 0.367885
17  3.954713 -0.000000 0.000004  0.037875 -0.275387 0.058118
18  3.101556 0.000000 0.000001  0.040327 -0.142174 -0.003423
19  6.164473 -0.898154 2.575010  -0.451576 -0.114740 0.985954
20  2.805847 0.000003 -0.000004  -0.000000 0.000000 0.522352
21  2.307444 -0.000003 0.000001  -0.000000 0.000000 0.361659
22  7.145095 -0.676343 -1.382429  0.091224 -0.441354 0.090095
23  3.672215 0.000000 0.000000  0.000000 0.000000 0.962126
24  2.676517 -0.000007 -0.000002  -0.000000 -0.000000 0.838591
25  6.831180 -0.870864 0.599913  -0.151255 -0.303281 0.540796
26  3.657081 0.000004 0.000000  0.000000 0.000000 1.088002
27  2.496798 0.000000 0.000003  -0.000000 -0.000000 0.511178
28  7.183356 -0.532085 -3.267612  0.128170 -0.517381 -0.221416
29  3.511594 -0.000001 -0.000003  -0.000000 -0.000000 0.395281
30  2.199400 0.000003 0.000001  0.000000 0.000000 0.763422
31  16.163136 0.000000 -3.830527  1.570796 0.636219 -1.571592
32  14.868245 -0.000000 -0.000001  0.527465 -0.505514 -2.223812
33  26.391954 0.000003 0.000002  0.000000 0.000000 -1.925390
34  -0.000001 -0.000001 0.000000  0.137197 0.000000 -0.000000
35  3.093509 -0.000002 -0.000002  0.274428 0.000000 0.000000
36  6.187022 -0.000002 0.000002  0.411666 0.000000 0.000000
37  9.280531 -0.000000 0.000001  0.548936 0.000000 0.000000
38  12.374037 -0.000002 -0.000000  0.686130 0.000000 -0.000000
39  15.467547 -0.000001 -0.000001  0.823380 0.000000 -0.000000
40  18.561066 -0.000001 -0.000002  0.960611 0.000000 0.000000
41  21.654564 -0.000000 -0.000001  2.350592 -0.203331 0.866141
42  1.410071 0.800529 2.089142  -1.966491 -0.287076 0.559263
43  3.954710 0.000002 -0.000001  0.000000 0.000000 0.375132
44  3.101565 -0.000000 0.000000  -0.000000 0.000000 0.790793
45  7.183347 -0.532093 3.267612  0.185268 0.155560 -0.149743
46  3.511591 -0.000001 -0.000001  0.000000 -0.000000 1.069577
47  2.199410 0.000001 0.000001  -0.000000 0.000000 0.903220
48  7.145095 -0.676347 1.382427  0.255424 0.283825 0.886075
49  3.672210 -0.000000 -0.000001  -0.000000 -0.000000 1.435616
50  2.676521 0.000000 0.000001  0.000000 -0.000000 1.062915
51  6.831169 -0.870865 -0.599912  0.339890 0.115856 1.057859
52  3.657083 0.000001 0.000001  -0.000000 -0.000000 1.252192
53  2.496793 0.000000 0.000001  0.000000 0.000000 0.840195
54  6.164461 -0.898153 -2.575014  0.409526 -0.061317 1.152482
55  2.805847 0.000000 -0.000001  0.000000 0.000000 0.666009
56  2.307447 -0.000001 0.000000  -0.000000 0.000000 0.844543
57  0.000000 0.000000 -0.000000  -0.000733 -0.000610 0.000366
58  -6.074778 -36.004166 -11.306974  -0.000366 0.002869 0.000244
59  -0.000001 -19.069479 4.681029  0.000000 -0.000000 -0.000000
60  1.986524 0.000018 -3.123738  -2.705260 -0.000000 -1.570797
61  -1.986692 0.000020 -3.123744  0.436333 0.000001 1.570797
62  -0.000000 0.000001 -0.000000  0.000000 -0.000000 -0.000000
63  -1.530659 0.861427 -3.109956  0.392682 0.000010 1.570745
64  -11.344161 1.135888 0.869270  0.000328 -0.024963 -0.026314
65  1.907532 0.861425 -2.954427  -0.392858 -0.000004 1.570778
66  -11.350045 -0.729405 0.864873  0.000154 -0.025335 0.026430
67  1.754236 4.036763 -1.682666  0.392549 -0.010099 -1.546344
68  -1.755140 4.036763 -1.682666  -0.392547 -0.010382 -1.594901
69  -0.164556 5.734794 5.880446  0.000000 0.000000 -1.570730
70  1.203548 5.503729 4.339431  0.000000 -0.000000 -0.000000
71  -1.260175 5.668900 5.788551  0.070161 -0.418898 2.970131
72  1.185468 17.272333 1.821940  0.000000 -0.000000 -0.000000
73  0.060216 10.324391 74.469048  0.000008 -0.000000 0.000000
74  0.052673 -3.972623 3.515846  1.570735 -0.000061 -1.570735
75  4.804185 -3.856470 -0.006877  -0.000000 0.000000 0.000000
76  -6.013989 -4.624462 -0.000000  0.000000 0.000000 -0.000000
77  -65.574097 -37.156055 0.002938  -0.786960 1.570710 0.783776
78  1.602677 -3.785216 0.003048  -0.786474 1.570710 0.784261
79  11.681368 -1.114744 -1.027844  -0.785238 1.570710 0.785498
80  19.766769 -3.800925 0.000000  -0.000000 0.000000 0.000000
81  3.258439 5.856954 -3.403523  -0.000000 -0.000000 -0.000000
82  15.153044 5.860581 -3.403520  0.000000 -0.000000 0.000000
83  6.064256 77.294960 36.365795  1.570796 -0.000000 1.570796
84  -2.662412 1.445760 40.667961  0.000000 3.141591 1.570796
85  8.352067 2.772897 0.000541  -3.141589 0.000002 0.000000
86  6.064256 72.973701 32.593250  1.570796 -0.000000 1.570796
87  -0.113679 5.957337 -0.188893  0.000000 -0.000000 -0.000000
88  0.097225 0.210961 3.469588  0.000000 -0.000000 -0.000000
89  0.000001 1.310212 -0.000000  0.000000 -0.000000 0.000000
90  0.000000 0.582261 0.000001  0.000000 -0.000000 0.000000
91  0.036298 1.284880 7.928799  -0.000000 -0.000001 0.000000
92  0.000000 1.310212 -0.000001  0.000000 -0.000000 0.000000
93  -0.000001 0.582261 -0.000000  0.000000 -0.000000 0.000000
94  5.969324 3.427459 -6.170650  -0.000000 -0.000001 -1.570797
95  -1.310215 0.000001 0.000000  0.000000 -0.000000 -0.000000
96  -0.582263 0.000000 0.000001  0.000000 -0.000000 -0.000000
97  5.969323 9.397400 -6.170659  -0.000000 -0.000001 -1.570796
98  -1.310214 -0.000000 0.000000  0.000000 0.000000 -0.000000
99  -0.582263 -0.000001 0.000000  0.000000 0.000000 -0.000000
100  5.969322 15.223768 -6.170669  0.000000 -0.000001 -1.570796
101  -1.310211 0.000002 0.000003  -0.000000 0.000000 -0.000000
102  -0.582260 0.000001 0.000001  -0.000000 0.000000 -0.000000
103  5.969324 20.835569 -6.170671  0.000000 -0.000001 -1.570796
104  -1.310213 0.000001 0.000003  -0.000000 0.000000 -0.000000
105  -0.582262 0.000000 0.000003  -0.000000 0.000000 -0.000000
106  5.969324 26.771206 -6.170671  0.000000 -0.000001 -1.570796
107  5.969323 32.597595 -6.170674  0.000000 -0.000001 -1.570796
108  5.969324 38.209396 -6.170684  0.000000 -0.000001 -1.570800
109  5.969323 49.488461 -6.170681  0.000000 -0.000001 -1.570800
110  -0.539090 -0.556809 -0.017363  -0.042462 2.681156 1.551919
111  -6.799124 -0.556807 0.818550  -0.272420 2.701993 1.452460
112  -4.615282 -0.556823 0.270328  -0.117230 2.684609 1.518878
113  -2.650969 -0.556808 0.063011  -0.042463 2.681158 1.551919
114  27.110336 1.284855 12.007549  0.000000 -0.000000 -0.000000
115  28.133425 1.284856 12.007548  0.000001 -0.000000 -0.000000
116  12.812886 2.241786 12.007550  0.000000 -0.000001 -0.000001
117  -9.955965 -0.319623 4.380215  -0.000001 -0.000000 -0.000001
118  -11.316471 -0.319624 4.380216  -0.000003 -0.000000 -0.000000
119  -12.667810 -0.319622 4.380216  -0.000003 -0.000000 0.000001
120  -14.022141 -0.319622 4.380216  0.000010 -0.000000 -0.000011
121  -15.373240 -0.319623 4.380215  0.000015 -0.000000 -0.000015
122  -16.724142 -0.319622 4.380215  -0.000009 -0.000000 0.000006
123  -18.074570 -0.319621 4.380215  -0.000006 -0.000000 0.000004
124  -19.423716 -0.319621 4.380216  0.000002 0.000000 -0.000004
125  -20.775270 -0.319621 4.380215  0.000003 0.000000 -0.000004
126  -22.126671 -0.319620 4.380216  0.000003 -0.000000 -0.000004
127  -23.478123 -0.319619 4.380216  0.000005 -0.000000 -0.000006
128  -24.830620 -0.319619 4.380216  0.000036 -0.000000 -0.000038
129  -26.182028 -0.319618 4.380216  -0.000011 -0.000000 0.000011
130  0.529180 -0.167131 0.629485  -0.101270 -0.000000 0.000000
131  -0.211444 -0.241684 0.155362  -0.145847 -0.000000 0.000000
132  0.529190 -0.280700 -0.110292  -0.145847 -0.000000 0.000000
133  -0.173926 -0.337327 -0.638494  -0.181751 -0.000000 0.000000
134  0.529190 -0.399245 -0.975393  -0.181751 -0.000000 0.000000
135  -0.211444 -0.464478 -1.431041  -0.192399 -0.000000 0.000000
136  0.529189 -0.515809 -1.694582  -0.192399 -0.000000 0.000000
137  -0.173928 -0.612153 -2.231911  -0.216703 -0.000000 0.000000
138  0.529188 -0.685806 -2.566439  -0.216703 -0.000000 0.000000
139  -0.211445 -0.769563 -3.027870  -0.237349 -0.000000 0.000000
140  0.529188 -0.832687 -3.288846  -0.237349 -0.000000 0.000000
141  -0.173937 -0.945282 -3.779563  -0.233859 0.000000 0.000000
142  0.529179 -1.024657 -4.112781  -0.233859 0.000000 0.000000
143  -0.211443 -1.132188 -4.577548  -0.262919 -0.000000 0.000000
144  0.529190 -1.201966 -4.836823  -0.262919 0.000000 0.000000
145  -0.000004 -2.810942 -10.636629  0.258454 0.000000 3.141592
146  -0.192455 -1.345779 -5.370044  -0.280373 0.000000 0.000000
147  0.533984 -1.413512 -5.605106  -0.276883 0.000000 0.000000
148  -0.206618 -1.795761 -6.909780  -0.287354 0.000000 0.000000
149  -0.205805 -1.564820 -6.138254  -0.290843 0.000000 0.000000
150  0.530460 -1.643677 -6.395216  -0.290844 0.000000 0.000000
151  0.535312 -1.790711 -7.204133  -0.287354 -0.000000 0.000000
152  -0.202703 -2.030486 -7.702830  -0.286180 -0.000000 0.000000
153  0.509548 -2.118894 -8.011624  -0.298398 -0.000000 0.000000
154  -0.202703 -2.255277 -8.465172  -0.283134 -0.000000 0.000000
155  0.509548 -2.352980 -8.771159  -0.295352 -0.000000 0.000000
156  -0.202704 -2.481596 -9.235471  -0.285437 -0.000000 0.000000
157  0.509547 -2.588683 -9.538638  -0.297654 -0.000000 0.000000
158  0.170123 -21.222090 -1.001139  -0.000001 -0.000001 0.000000
159  0.170123 -20.843863 -0.397182  -0.000001 -0.000001 0.000000
160  0.170123 -20.489744 -1.001140  -0.000001 -0.000001 0.000000
161  0.170124 -20.111067 -0.397182  -0.000001 -0.000001 0.000000
162  0.170123 -19.380087 -0.397187  -0.000001 -0.000001 0.000000
163  0.170123 -19.025106 -1.001145  -0.000001 -0.000001 0.000000
164  0.170123 -18.646658 -0.396446  -0.000001 -0.000001 0.000000
165  0.170124 -19.755758 -1.001141  -0.000001 -0.000001 0.000000
166  -0.015974 10.035402 1.098089  0.000000 -0.000000 -0.000000
167  -0.104323 -52.163567 4.437344  1.570735 -0.000061 -1.570735
168  0.064652 27.351294 72.195206  0.000000 -0.000000 -0.000001
169  6.064260 95.114021 31.645502  -0.000000 -0.000001 1.570796
170  -0.103716 -26.907866 3.305357  0.000000 0.000000 -1.570730
171  6.064256 69.096565 37.164318  1.570796 -0.000000 1.570796
172  1.974302 11.989235 4.589251  0.000000 -0.000000 -0.000000
173  1.941734 0.883640 4.309755  0.000000 0.000000 -1.483525
174  -0.115679 1.104780 6.744191  0.000000 -0.000000 -0.000000
175  6.064260 89.329811 31.613918  -0.000000 -0.000001 1.570796
176  0.059886 2.255337 54.398018  -0.000000 -0.000000 0.000000
177  0.003496 -22.270643 0.000146  1.570797 -0.000000 -1.570797
178  0.104009 14.792247 1.530320  0.000000 -0.000000 -0.000000
179  3.266029 -2.856179 0.610346  2.158947 -0.151194 -1.958315
180  -2.951666 25.811073 -3.742309  -0.096365 0.008023 -1.450340
181  -2.662413 1.445765 33.628742  0.000000 3.141591 1.570796
182  8.352067 2.772897 0.000542  -3.141589 0.000002 0.000000
183  -2.662412 1.445760 40.667961  0.000000 3.141591 1.570796
184  8.352067 2.772897 0.000541  -3.141589 0.000002 0.000000
185  -1.431356 16.384783 4.137812  0.000001 -0.000000 0.000000
186  -0.001845 0.521689 -0.140290  0.000000 -0.000000 -0.000000
187  7.323108 -5.136186 -5.166237  0.000000 0.000000 -0.610865
188  2.698278 -0.000003 0.000002  -0.000012 0.000000 0.000001
189  2.834161 -0.000004 0.000001  0.000013 0.000000 -0.000000
190  2.648918 0.000002 0.000002  -0.000001 -0.000001 0.000000
191  2.667501 -0.000002 -0.000001  -0.000000 0.000000 0.000000
192  2.426704 -0.000006 -0.000001  -0.000000 0.000000 -0.000000
193  -0.494744 -44.353443 -1.302299  1.570797 -0.000000 -1.570797
194  11.545937 73.768425 -3.792011  0.000000 -0.000000 -0.000000
195  0.055852 -6.877701 2.864591  0.000000 -0.000000 -0.000000
196  0.000000 0.000003 -1.529049  0.000000 -0.000000 -0.000000
197  -0.078942 0.000003 0.000000  0.000000 0.000000 1.570730
198  0.097092 0.000002 0.000001  0.000001 -3.141592 1.570796
199  0.000000 0.000000 -0.000000  0.000000 -0.000000 -0.000000
200  -9.045103 -10.195366 -15.050193  -0.099266 0.008000 -1.449987
201  -2.806141 -38.859127 -10.704977  2.156521 -0.152420 -1.957735
time 2
0  0 0 0  0 0 0
1  0.000000 0.000000 0.000000  0.000000 -0.000000 -0.000000
2  -0.000000 -0.000000 -55.423229  0.000000 -0.000000 -1.570730
3  -0.012872 0.000000 8.235027  -0.784749 -1.570710 -0.785986
4  16.163124 -0.010663 0.007211  -0.594297 0.000409 -0.000125
5  16.163132 -0.000000 3.830524  -0.566638 -0.768621 -2.725977
6  14.868236 0.000000 -0.000001  -0.272588 0.040846 -1.494883
7  26.391954 -0.000005 0.000000  -0.000000 0.000000 -1.137382
8  -0.000000 0.000004 -0.000000  -0.194097 -0.000000 -0.000000
9  3.093513 0.000003 -0.000001  -0.388187 -0.000000 -0.000000
10  6.187022 0.000001 0.000001  -0.582243 -0.000000 -0.000000
11  9.280533 0.000003 0.000000  -0.776330 0.000000 -0.000000
12  12.374044 -0.000002 0.000001  -0.970466 -0.000000 -0.000000
13  15.467559 -0.000001 0.000001  -1.164521 -0.000000 -0.000000
14  18.561060 -0.000001 0.000002  -1.358615 -0.000000 -0.000000
15  21.654575 -0.000002 0.000002  -3.073880 0.046612 0.748343
16  1.410071 0.800537 -2.089137  1.839667 0.271701 0.284161
17  3.954713 0.000001 0.000002  0.042457 -0.244366 0.032432
18  3.101557 -0.000001 0.000001  0.041367 -0.110164 -0.028390
19  6.164476 -0.898152 2.575010  -0.418486 -0.211404 0.775585
20  2.805847 0.000001 -0.000002  0.000000 -0.000000 0.523048
21  2.307441 -0.000002 0.000001  -0.000000 -0.000000 0.362404
22  7.145097 -0.676340 -1.382429  0.132177 -0.413034 0.001205
23  3.672216 -0.000001 -0.000001  0.000000 0.000000 0.826445
24  2.676517 0.000004 0.000002  -0.000000 -0.000000 0.697549
25  6.831185 -0.870861 0.599913  -0.098287 -0.324308 0.367629
26  3.657081 0.000001 -0.000003  0.000000 0.000000 0.978271
27  2.496792 -0.000005 -0.000000  -0.000000 -0.000000 0.512251
28  7.183361 -0.532082 -3.267613  0.160933 -0.463163 -0.276493
29  3.511591 0.000002 0.000002  0.000000 0.000000 0.329254
30  2.199406 0.000001 0.000004  -0.000000 0.000000 0.646279
31  16.163136 0.000000 -3.830527  1.574723 0.633878 -1.564962
32  14.868241 -0.000000 0.000000  0.524231 -0.508774 -2.220448
33  26.391954 0.000001 0.000001  0.000000 0.000000 -1.923682
34  -0.000002 0.000000 0.000000  0.134811 0.000000 -0.000000
35  3.093509 -0.000002 0.000002  0.269685 0.000000 0.000000
36  6.187021 0.000000 0.000002  0.404498 0.000000 0.000000
37  9.280531 0.000000 0.000000  0.539367 0.000000 -0.000000
38  12.374036 -0.000000 0.000001  0.674217 0.000000 -0.000000
39  15.467543 0.000001 0.000003  0.809083 -0.000000 -0.000000
40  18.561062 -0.000001 0.000002  0.943923 0.000000 0.000000
41  21.654562 0.000000 0.000002  2.343880 -0.197839 0.853285
42  1.410072 0.800528 2.089145  -1.966491 -0.287076 0.559263
43  3.954709 -0.000001 -0.000001  0.000000 0.000000 0.375132
44  3.101564 -0.000003 -0.000001  -0.000000 0.000000 0.790793
45  7.183346 -0.532092 3.267614  0.176997 0.167426 -0.200867
46  3.511592 -0.000000 -0.000000  0.000000 0.000000 1.008681
47  2.199412 0.000002 -0.000001  0.000000 -0.000000 0.915721
48  7.145096 -0.676348 1.382430  0.255424 0.283825 0.886075
49  3.672212 -0.000001 0.000001  -0.000000 -0.000000 1.435616
50  2.676522 -0.000001 -0.000000  -0.000000 -0.000000 1.062915
51  6.831168 -0.870865 -0.599911  0.339890 0.115856 1.057859
52  3.657082 -0.000001 -0.000000  -0.000000 -0.000000 1.252192
53  2.496795 -0.000001 -0.000001  0.000000 0.000000 0.840195
54  6.164460 -0.898155 -2.575011  0.409526 -0.061317 1.152482
55  2.805847 -0.000001 0.000001  0.000000 0.000000 0.666009
56  2.307447 -0.000003 -0.000002  -0.000000 0.000000 0.844543
57  0.000000 0.000000 -0.000000  -0.002565 -0.002257 0.001346
58  -6.121843 -35.995209 -11.455727  -0.002924 0.009707 0.001146
59  0.000000 -19.069487 4.681033  0.000000 -0.000000 -0.000000
60  1.986525 0.000018 -3.123738  -2.705260 -0.000000 -1.570797
61  -1.986692 0.000018 -3.123746  0.436333 0.000001 1.570797
62  0.000000 0.000002 -0.000001  0.000000 -0.000000 -0.000000
63  -1.530659 0.861429 -3.109959  0.392682 0.000010 1.570745
64  -11.344159 1.135888 0.869268  0.000328 -0.024963 -0.026314
65  1.907532 0.861421 -2.954428  -0.392858 -0.000004 1.570778
66  -11.350053 -0.729404 0.864872  0.000154 -0.025335 0.026430
67  1.754237 4.036763 -1.682667  0.392549 -0.010099 -1.546344
68  -1.755139 4.036766 -1.682667  -0.392547 -0.010382 -1.594901
69  -0.164556 5.734789 5.880447  0.000000 -0.000000 -1.570730
70  1.203548 5.503725 4.339432  0.000000 -0.000000 -0.000000
71  -1.260175 5.668898 5.788552  0.070161 -0.418898 2.970131
72  1.185469 17.272331 1.821941  0.000000 -0.000000 -0.000000
73  0.060217 10.324387 74.469063  0.000008 -0.000000 0.000000
74  0.052673 -3.972627 3.515848  1.570735 -0.000061 -1.570735
75  4.804182 -3.856468 -0.006877  -0.000000 0.000000 0.000000
76  -6.013987 -4.624461 0.000000  0.000000 0.000000 -0.000000
77  -65.574097 -37.156052 0.002938  -0.786958 1.570710 0.783772
78  1.602686 -3.785215 0.003048  -0.786474 1.570710 0.784258
79  11.681373 -1.114743 -1.027844  -0.785236 1.570710 0.785496
80  19.766773 -3.800924 0.000000  -0.000000 0.000000 0.000000
81  3.258446 5.856954 -3.403523  -0.000000 -0.000000 -0.000000
82  15.153051 5.860581 -3.403521  -0.000000 -0.000000 -0.000000
83  6.064257 77.294952 36.365795  1.570796 -0.000000 1.570796
84  -2.662411 1.445759 40.667961  0.000000 3.141591 1.570796
85  8.352070 2.772897 0.000539  -3.141589 0.000002 -0.000000
86  6.064256 72.973694 32.593254  1.570796 -0.000000 1.570796
87  -0.113679 5.957333 -0.188891  0.000000 -0.000000 -0.000000
88  0.097225 0.210961 3.469588  0.000000 -0.000000 -0.000000
89  0.000001 1.310212 -0.000001  0.000000 -0.000000 0.000000
90  0.000000 0.582259 -0.000000  0.000000 -0.000000 0.000000
91  0.036297 1.284882 7.928800  0.000000 -0.000001 0.000000
92  0.000000 1.310211 -0.000001  0.000000 0.000000 0.000000
93  -0.000000 0.582259 0.000000  0.000000 0.000000 0.000000
94  5.969323 3.427461 -6.170649  -0.000000 -0.000001 -1.570797
95  -1.310215 0.000001 0.000002  0.000000 0.000000 -0.000000
96  -0.582264 0.000000 0.000002  0.000000 0.000000 -0.000000
97  5.969323 9.397399 -6.170660  -0.000000 -0.000001 -1.570796
98  -1.310213 -0.000000 0.000001  0.000000 0.000000 -0.000000
99  -0.582262 -0.000001 0.000001  0.000000 0.000000 -0.000000
100  5.969321 15.223769 -6.170670  0.000000 -0.000001 -1.570796
101  -1.310212 0.000002 0.000001  -0.000000 0.000000 -0.000000
102  -0.582260 0.000001 -0.000002  -0.000000 0.000000 -0.000000
103  5.969323 20.835569 -6.170670  0.000000 -0.000001 -1.570796
104  -1.310212 0.000001 0.000002  -0.000000 0.000000 -0.000000
105  -0.582260 0.000000 0.000001  -0.000000 0.000000 -0.000000
106  5.969323 26.771210 -6.170671  0.000000 -0.000001 -1.570796
107  5.969322 32.597595 -6.170674  0.000000 -0.000001 -1.570796
108  5.969323 38.209393 -6.170687  0.000000 -0.000001 -1.570800
109  5.969322 49.488464 -6.170684  0.000000 -0.000001 -1.570800
110  -0.539090 -0.556809 -0.017362  -0.042462 2.681156 1.551919
111  -6.799124 -0.556807 0.818550  -0.272420 2.701993 1.452460
112  -4.615284 -0.556824 0.270328  -0.117230 2.684609 1.518878
113  -2.650969 -0.556808 0.063012  -0.042463 2.681158 1.551919
114  27.110336 1.284856 12.007549  0.000000 -0.000000 -0.000000
115  28.133425 1.284855 12.007548  0.000001 -0.000000 -0.000000
116  12.812887 2.241785 12.007550  0.000000 -0.000001 -0.000001
117  -9.955970 -0.319623 4.380215  -0.000001 -0.000000 -0.000001
118  -11.316475 -0.319623 4.380216  -0.000003 -0.000000 -0.000000
119  -12.667811 -0.319621 4.380216  -0.000003 -0.000000 0.000001
120  -14.022143 -0.319621 4.380216  0.000010 -0.000000 -0.000011
121  -15.373240 -0.319622 4.380214  0.000015 -0.000000 -0.000015
122  -16.724142 -0.319621 4.380215  -0.000009 -0.000000 0.000006
123  -18.074572 -0.319619 4.380216  -0.000006 -0.000000 0.000004
124  -19.423717 -0.319619 4.380215  0.000002 0.000000 -0.000004
125  -20.775272 -0.319620 4.380215  0.000003 0.000000 -0.000004
126  -22.126671 -0.319619 4.380216  0.000003 -0.000000 -0.000004
127  -23.478123 -0.319619 4.380216  0.000005 -0.000000 -0.000006
128  -24.830620 -0.319619 4.380216  0.000036 -0.000000 -0.000038
129  -26.182030 -0.319618 4.380215  -0.000011 -0.000000 0.000011
130  0.529180 -0.167130 0.629484  -0.101270 -0.000000 0.000000
131  -0.211444 -0.241682 0.155361  -0.145847 -0.000000 0.000000
132  0.529189 -0.280701 -0.110291  -0.145847 -0.000000 0.000000
133  -0.173927 -0.337327 -0.638495  -0.181751 -0.000000 0.000000
134  0.529189 -0.399245 -0.975394  -0.181751 -0.000000 0.000000
135  -0.211444 -0.464477 -1.431042  -0.192399 -0.000000 0.000000
136  0.529189 -0.515809 -1.694583  -0.192400 -0.000000 0.000000
137  -0.173928 -0.612151 -2.231911  -0.216703 -0.000000 0.000000
138  0.529188 -0.685805 -2.566439  -0.216703 -0.000000 0.000000
139  -0.211446 -0.769562 -3.027870  -0.237349 -0.000000 0.000000
140  0.529188 -0.832686 -3.288846  -0.237349 -0.000000 0.000000
141  -0.173938 -0.945283 -3.779563  -0.233859 0.000000 0.000000
142  0.529179 -1.024655 -4.112780  -0.233859 0.000000 0.000000
143  -0.211443 -1.132187 -4.577548  -0.262919 -0.000000 0.000000
144  0.529190 -1.201965 -4.836823  -0.262919 0.000000 0.000000
145  -0.000005 -2.810941 -10.636629  0.258454 0.000000 3.141592
146  -0.192455 -1.345779 -5.370044  -0.280373 0.000000 0.000000
147  0.533983 -1.413511 -5.605103  -0.276883 0.000000 0.000000
148  -0.206619 -1.795759 -6.909780  -0.287354 0.000000 0.000000
149  -0.205805 -1.564819 -6.138256  -0.290843 0.000000 0.000000
150  0.530459 -1.643676 -6.395216  -0.290844 0.000000 0.000000
151  0.535311 -1.790708 -7.204133  -0.287354 -0.000000 0.000000
152  -0.202703 -2.030483 -7.702830  -0.286180 -0.000000 0.000000
153  0.509548 -2.118895 -8.011625  -0.298398 -0.000000 0.000000
154  -0.202704 -2.255280 -8.465174  -0.283134 -0.000000 0.000000
155  0.509547 -2.352981 -8.771157  -0.295352 -0.000000 0.000000
156  -0.202704 -2.481597 -9.235471  -0.285437 -0.000000 0.000000
157  0.509546 -2.588683 -9.538638  -0.297654 -0.000000 0.000000
158  0.170123 -21.222095 -1.001140  -0.000001 -0.000001 0.000000
159  0.170122 -20.843866 -0.397182  -0.000001 -0.000001 0.000000
160  0.170123 -20.489746 -1.001141  -0.000001 -0.000001 0.000000
161  0.170124 -20.111067 -0.397182  -0.000001 -0.000001 0.000000
162  0.170122 -19.380093 -0.397186  -0.000001 -0.000001 0.000000
163  0.170123 -19.025108 -1.001146  -0.000001 -0.000001 0.000000
164  0.170123 -18.646662 -0.396447  -0.000001 -0.000001 0.000000
165  0.170124 -19.755760 -1.001141  -0.000001 -0.000001 0.000000
166  -0.015973 10.035398 1.098090  0.000000 -0.000000 -0.000000
167  -0.104323 -52.163574 4.437345  1.570735 -0.000061 -1.570735
168  0.064653 27.351290 72.195213  0.000000 -0.000000 -0.000001
169  6.064261 95.114006 31.645504  -0.000000 -0.000001 1.570796
170  -0.103716 -26.907879 3.305357  -0.000000 -0.000000 -1.570730
171  6.064257 69.096558 37.164318  1.570796 -0.000000 1.570796
172  1.974303 11.989232 4.589252  0.000000 -0.000000 -0.000000
173  1.941734 0.883637 4.309756  0.000000 0.000000 -1.483525
174  -0.115679 1.104775 6.744192  0.000000 -0.000000 -0.000000
175  6.064261 89.329803 31.613918  -0.000000 -0.000001 1.570796
176  0.059886 2.255335 54.398014  0.000000 -0.000000 0.000000
177  0.003497 -22.270647 0.000151  1.570797 -0.000000 -1.570797
178  0.104010 14.792241 1.530320  0.000000 -0.000000 -0.000000
179  3.515796 -2.708783 0.399828  2.253976 -0.211885 -1.997057
180  -2.951666 25.811071 -3.742310  -0.096365 0.008023 -1.450340
181  -2.662412 1.445757 33.628746  0.000000 3.141591 1.570796
182  8.352065 2.772897 0.000540  -3.141589 0.000002 -0.000000
183  -2.662411 1.445759 40.667961  0.000000 3.141591 1.570796
184  8.352070 2.772897 0.000539  -3.141589 0.000002 -0.000000
185  -1.431356 16.384779 4.137812  0.000001 -0.000000 0.000000
186  -0.001845 0.521683 -0.140289  0.000000 -0.000000 -0.000000
187  7.323109 -5.136192 -5.166236  0.000000 0.000000 -0.610865
188  2.698277 0.000004 0.000002  -0.000012 0.000000 0.000001
189  2.834157 0.000001 0.000000  0.000013 0.000000 0.000000
190  2.648921 0.000002 0.000001  -0.000001 -0.000001 0.000000
191  2.667497 0.000000 -0.000000  0.000000 0.000000 0.000000
192  2.426694 -0.000002 0.000002  -0.000000 0.000000 -0.000000
193  -0.494744 -44.353455 -1.302298  1.570797 0.000000 -1.570797
194  11.545938 73.768417 -3.792009  0.000000 -0.000000 -0.000000
195  0.055852 -6.877707 2.864593  0.000000 -0.000000 -0.000000
196  -0.000000 -0.000001 -1.529050  0.000000 -0.000000 -0.000000
197  -0.078942 0.000002 0.000000  0.000000 0.000000 1.570730
198  0.097092 0.000002 0.000001  0.000001 -3.141592 1.570796
199  0.000000 0.000000 -0.000000  0.000000 -0.000000 -0.000000
200  -9.141190 -10.198818 -15.244917  -0.106382 0.006310 -1.449183
201  -2.599039 -38.698631 -11.082210  2.246208 -0.218408 -1.994250
time 3
0  0 0 0  0 0 0
1  0.000000 0.000000 0.000000  0.000000 -0.000000 -0.000000
2  -0.000000 -0.000000 -55.423229  0.000000 -0.000000 -1.570730
3  -0.012872 0.000000 8.235027  -0.784749 -1.570710 -0.785986
4  16.163124 -0.010663 0.007211  -0.594297 0.000409 -0.000125
5  16.163132 -0.000000 3.830524  -0.559707 -0.770257 -2.731009
6  14.868234 0.000000 0.000000  -0.270510 0.044790 -1.469620
7  26.391953 -0.000004 -0.000002  -0.000000 0.000000 -1.171178
8  -0.000000 -0.000000 0.000002  -0.185207 -0.000000 -0.000000
9  3.093512 -0.000004 0.000002  -0.370411 -0.000000 -0.000000
10  6.187019 -0.000004 0.000002  -0.555597 -0.000000 -0.000000
11  9.280534 -0.000002 0.000003  -0.740782 0.000000 -0.000000
12  12.374044 -0.000003 0.000003  -0.926009 -0.000000 -0.000000
13  15.467556 -0.000004 0.000003  -1.111268 -0.000000 -0.000000
14  18.561058 -0.000002 0.000003  -1.296465 -0.000000 -0.000000
15  21.654573 -0.000007 0.000004  -2.993445 0.041486 0.685556
16  1.410072 0.800533 -2.089138  1.793344 0.287470 0.200845
17  3.954714 -0.000000 0.000002  0.046140 -0.213476 0.007704
18  3.101558 -0.000001 0.000002  0.041670 -0.078622 -0.052661
19  6.164469 -0.898153 2.575009  -0.364770 -0.297883 0.559676
20  2.805846 -0.000002 -0.000001  0.000000 0.000000 0.523616
21  2.307445 -0.000003 -0.000003  0.000000 0.000000 0.362962
22  7.145089 -0.676342 -1.382428  0.169214 -0.381811 -0.084061
23  3.672213 -0.000001 0.000001  0.000000 0.000000 0.692291
24  2.676519 0.000006 -0.000001  0.000000 -0.000000 0.558137
25  6.831179 -0.870865 0.599912  -0.042627 -0.336078 0.194948
26  3.657080 -0.000001 0.000001  0.000000 0.000000 0.869303
27  2.496794 -0.000003 0.000000  -0.000000 -0.000000 0.513071
28  7.183353 -0.532082 -3.267612  0.189064 -0.407873 -0.327590
29  3.511596 -0.000001 0.000000  -0.000000 0.000000 0.264265
30  2.199402 0.000000 -0.000001  0.000000 -0.000000 0.530571
31  16.163136 0.000000 -3.830527  1.583227 0.628654 -1.550456
32  14.868242 -0.000000 -0.000000  0.521927 -0.512936 -2.216968
33  26.391951 0.000002 0.000001  0.000000 0.000000 -1.920165
34  0.000000 0.000001 0.000001  0.130896 0.000000 -0.000000
35  3.093510 -0.000002 -0.000001  0.261802 0.000000 0.000000
36  6.187021 0.000000 0.000001  0.392729 0.000000 0.000000
37  9.280533 0.000001 0.000002  0.523616 0.000000 -0.000000
38  12.374037 -0.000001 -0.000000  0.654524 -0.000000 -0.000000
39  15.467547 0.000000 0.000002  0.785439 -0.000000 0.000000
40  18.561066 -0.000000 -0.000000  0.916402 -0.000000 -0.000000
41  21.654564 0.000000 0.000001  2.335634 -0.187012 0.828712
42  1.410071 0.800530 2.089142  -1.966491 -0.287076 0.559263
43  3.954710 0.000000 0.000000  0.000000 0.000000 0.375132
44  3.101566 -0.000001 -0.000001  -0.000000 0.000000 0.790793
45  7.183347 -0.532092 3.267610  0.165738 0.183914 -0.264023
46  3.511595 -0.000000 -0.000002  0.000000 0.000000 0.943581
47  2.199414 0.000000 0.000000  0.000000 -0.000000 0.943306
48  7.145092 -0.676347 1.382427  0.255424 0.283825 0.886075
49  3.672213 -0.000000 0.000000  -0.000000 -0.000000 1.435616
50  2.676521 -0.000002 0.000001  0.000000 -0.000000 1.062915
51  6.831167 -0.870865 -0.599913  0.339890 0.115856 1.057859
52  3.657082 -0.000001 -0.000002  -0.000000 -0.000000 1.252193
53  2.496794 0.000000 0.000000  0.000000 0.000000 0.840195
54  6.164459 -0.898152 -2.575015  0.409526 -0.061317 1.152482
55  2.805846 0.000000 0.000000  -0.000000 -0.000000 0.666009
56  2.307446 0.000000 -0.000002  -0.000000 0.000000 0.844543
57  0.000000 0.000000 -0.000000  -0.005010 -0.004145 0.002269
58  -6.218268 -35.970734 -11.592383  -0.009866 0.017897 0.002536
59  -0.000000 -19.069468 4.681028  0.000000 -0.000000 -0.000000
60  1.986524 0.000016 -3.123738  -2.705260 -0.000000 -1.570797
61  -1.986692 0.000017 -3.123746  0.436333 0.000001 1.570797
62  -0.000000 0.000001 -0.000001  0.000000 -0.000000 -0.000000
63  -1.530660 0.861424 -3.109957  0.392682 0.000010 1.570745
64  -11.344157 1.135888 0.869269  0.000328 -0.024963 -0.026314
65  1.907531 0.861421 -2.954428  -0.392858 -0.000004 1.570778
66  -11.350048 -0.729404 0.864870  0.000154 -0.025335 0.026430
67  1.754236 4.036760 -1.682665  0.392549 -0.010099 -1.546344
68  -1.755141 4.036764 -1.682665  -0.392547 -0.010382 -1.594901
69  -0.164555 5.734792 5.880447  0.000000 0.000000 -1.570730
70  1.203548 5.503730 4.339432  0.000000 -0.000000 -0.000000
71  -1.260174 5.668901 5.788551  0.070161 -0.418898 2.970131
72  1.185469 17.272335 1.821940  0.000000 -0.000000 -0.000000
73  0.060217 10.324394 74.469055  0.000008 -0.000000 0.000000
74  0.052674 -3.972623 3.515843  1.570735 -0.000061 -1.570735
75  4.804182 -3.856469 -0.006877  -0.000000 0.000000 0.000000
76  -6.013988 -4.624462 -0.000001  0.000000 0.000000 -0.000000
77  -65.574097 -37.156052 0.002937  -0.786946 1.570710 0.783779
78  1.602680 -3.785216 0.003047  -0.786458 1.570710 0.784254
79  11.681369 -1.114745 -1.027845  -0.785214 1.570710 0.785489
80  19.766771 -3.800926 -0.000001  -0.000000 0.000000 -0.000000
81  3.258442 5.856953 -3.403524  -0.000000 -0.000000 -0.000000
82  15.153045 5.860580 -3.403521  0.000000 -0.000000 -0.000000
83  6.064256 77.294968 36.365799  1.570796 -0.000000 1.570796
84  -2.662412 1.445757 40.667957  0.000000 3.141591 1.570796
85  8.352066 2.772896 0.000542  -3.141589 0.000002 0.000000
86  6.064257 72.973694 32.593250  1.570796 -0.000000 1.570796
87  -0.113679 5.957340 -0.188892  0.000000 -0.000000 -0.000000
88  0.097225 0.210963 3.469586  0.000000 -0.000000 -0.000000
89  0.000001 1.310214 0.000001  0.000000 -0.000000 0.000000
90  0.000002 0.582263 0.000001  0.000000 -0.000000 0.000000
91  0.036298 1.284881 7.928798  0.000000 -0.000001 0.000000
92  0.000001 1.310209 0.000000  0.000000 -0.000000 0.000000
93  0.000000 0.582258 0.000001  0.000000 -0.000000 0.000000
94  5.969323 3.427459 -6.170650  -0.000000 -0.000001 -1.570797
95  -1.310207 0.000001 0.000003  0.000000 0.000000 -0.000000
96  -0.582256 0.000000 0.000003  0.000000 0.000000 -0.000000
97  5.969323 9.397398 -6.170658  -0.000000 -0.000001 -1.570796
98  -1.310210 -0.000000 0.000000  0.000000 0.000000 -0.000000
99  -0.582259 -0.000001 -0.000000  0.000000 0.000000 -0.000000
100  5.969322 15.223771 -6.170671  0.000000 -0.000001 -1.570796
101  -1.310210 0.000002 0.000004  -0.000000 0.000000 -0.000000
102  -0.582259 0.000001 0.000004  -0.000000 0.000000 -0.000000
103  5.969323 20.835571 -6.170673  0.000000 -0.000001 -1.570796
104  -1.310212 0.000001 0.000003  -0.000000 0.000000 -0.000000
105  -0.582261 0.000000 0.000005  -0.000000 0.000000 -0.000000
106  5.969324 26.771210 -6.170671  0.000000 -0.000001 -1.570796
107  5.969323 32.597595 -6.170676  0.000000 -0.000001 -1.570796
108  5.969323 38.209400 -6.170686  0.000000 -0.000001 -1.570800
109  5.969322 49.488468 -6.170685  0.000000 -0.000001 -1.570800
110  -0.539090 -0.556806 -0.017363  -0.042462 2.681156 1.551919
111  -6.799123 -0.556807 0.818550  -0.272420 2.701993 1.452460
112  -4.615283 -0.556822 0.270328  -0.117230 2.684609 1.518878
113  -2.650969 -0.556808 0.063010  -0.042463 2.681158 1.551919
114  27.110338 1.284856 12.007548  0.000000 -0.000000 -0.000000
115  28.133425 1.284856 12.007547  0.000001 -0.000000 -0.000000
116  12.812886 2.241786 12.007549  0.000000 -0.000001 -0.000001
117  -9.955969 -0.319624 4.380215  -0.000001 -0.000000 -0.000001
118  -11.316473 -0.319622 4.380215  -0.000003 -0.000000 0.000000
119  -12.667809 -0.319623 4.380214  -0.000003 -0.000000 0.000001
120  -14.022141 -0.319622 4.380215  0.000010 -0.000000 -0.000011
121  -15.373240 -0.319623 4.380214  0.000015 -0.000000 -0.000015
122  -16.724140 -0.319623 4.380215  -0.000009 -0.000000 0.000006
123  -18.074574 -0.319622 4.380214  -0.000006 -0.000000 0.000004
124  -19.423716 -0.319619 4.380214  0.000002 0.000000 -0.000004
125  -20.775269 -0.319619 4.380214  0.000003 0.000000 -0.000004
126  -22.126673 -0.319619 4.380215  0.000003 -0.000000 -0.000004
127  -23.478123 -0.319620 4.380215  0.000005 -0.000000 -0.000006
128  -24.830620 -0.319619 4.380215  0.000036 -0.000000 -0.000038
129  -26.182028 -0.319618 4.380215  -0.000011 0.000000 0.000011
130  0.529180 -0.167129 0.629484  -0.101270 -0.000000 0.000000
131  -0.211444 -0.241683 0.155361  -0.145847 -0.000000 0.000000
132  0.529190 -0.280701 -0.110293  -0.145847 -0.000000 0.000000
133  -0.173927 -0.337326 -0.638495  -0.181751 -0.000000 0.000000
134  0.529189 -0.399244 -0.975394  -0.181751 -0.000000 0.000000
135  -0.211444 -0.464476 -1.431042  -0.192399 -0.000000 0.000000
136  0.529189 -0.515806 -1.694582  -0.192399 -0.000000 0.000000
137  -0.173928 -0.612150 -2.231911  -0.216703 -0.000000 0.000000
138  0.529188 -0.685805 -2.566440  -0.216703 -0.000000 0.000000
139  -0.211445 -0.769559 -3.027871  -0.237349 -0.000000 0.000000
140  0.529188 -0.832685 -3.288847  -0.237349 -0.000000 0.000000
141  -0.173937 -0.945279 -3.779565  -0.233859 0.000000 0.000000
142  0.529179 -1.024657 -4.112780  -0.233859 0.000000 0.000000
143  -0.211443 -1.132186 -4.577549  -0.262919 -0.000000 0.000000
144  0.529189 -1.201963 -4.836824  -0.262919 0.000000 0.000000
145  -0.000005 -2.810942 -10.636629  0.258454 0.000000 3.141592
146  -0.192455 -1.345779 -5.370044  -0.280373 0.000000 0.000000
147  0.533984 -1.413511 -5.605104  -0.276883 0.000000 0.000000
148  -0.206618 -1.795760 -6.909777  -0.287354 0.000000 0.000000
149  -0.205805 -1.564819 -6.138256  -0.290843 0.000000 0.000000
150  0.530459 -1.643676 -6.395216  -0.290844 0.000000 0.000000
151  0.535311 -1.790709 -7.204134  -0.287354 -0.000000 0.000000
152  -0.202704 -2.030485 -7.702831  -0.286180 -0.000000 0.000000
153  0.509548 -2.118897 -8.011625  -0.298398 -0.000000 0.000000
154  -0.202703 -2.255280 -8.465172  -0.283134 -0.000000 0.000000
155  0.509548 -2.352979 -8.771160  -0.295352 -0.000000 0.000000
156  -0.202704 -2.481594 -9.235470  -0.285437 -0.000000 0.000000
157  0.509547 -2.588684 -9.538638  -0.297654 -0.000000 0.000000
158  0.170122 -21.222094 -1.001140  -0.000001 -0.000001 0.000000
159  0.170122 -20.843864 -0.397183  -0.000001 -0.000001 0.000000
160  0.170122 -20.489748 -1.001141  -0.000001 -0.000001 0.000000
161  0.170124 -20.111069 -0.397182  -0.000001 -0.000001 0.000000
162  0.170123 -19.380089 -0.397186  -0.000001 -0.000001 0.000000
163  0.170123 -19.025108 -1.001146  -0.000001 -0.000001 0.000000
164  0.170123 -18.646660 -0.396447  -0.000001 -0.000001 0.000000
165  0.170124 -19.755762 -1.001141  -0.000001 -0.000001 0.000000
166  -0.015973 10.035407 1.098090  0.000000 -0.000000 -0.000000
167  -0.104322 -52.163582 4.437345  1.570735 -0.000061 -1.570735
168  0.064652 27.351295 72.195206  -0.000000 -0.000000 -0.000001
169  6.064261 95.114029 31.645500  -0.000000 -0.000001 1.570796
170  -0.103716 -26.907867 3.305358  0.000000 0.000000 -1.570730
171  6.064257 69.096565 37.164318  1.570796 -0.000000 1.570796
172  1.974303 11.989235 4.589251  0.000000 -0.000000 -0.000000
173  1.941735 0.883635 4.309755  0.000000 -0.000000 -1.483525
174  -0.115678 1.104777 6.744192  0.000000 -0.000000 -0.000000
175  6.064261 89.329811 31.613914  -0.000000 -0.000001 1.570796
176  0.059887 2.255337 54.398010  0.000000 -0.000000 0.000000
177  0.003497 -22.270643 0.000150  1.570797 0.000000 -1.570797
178  0.104011 14.792247 1.530320  0.000000 -0.000000 -0.000000
179  3.849261 -2.571827 0.116364  2.352150 -0.264085 -2.041135
180  -2.951666 25.811075 -3.742310  -0.096365 0.008023 -1.450340
181  -2.662412 1.445763 33.628742  0.000000 3.141591 1.570796
182  8.352066 2.772897 0.000544  -3.141589 0.000002 0.000000
183  -2.662412 1.445757 40.667957  0.000000 3.141591 1.570796
184  8.352066 2.772896 0.000542  -3.141589 0.000002 0.000000
185  -1.431356 16.384781 4.137812  0.000001 -0.000000 0.000000
186  -0.001844 0.521689 -0.140288  0.000000 -0.000000 -0.000000
187  7.323109 -5.136188 -5.166237  0.000000 0.000000 -0.610865
188  2.698281 -0.000003 -0.000000  -0.000012 0.000000 0.000000
189  2.834160 0.000002 -0.000002  0.000013 0.000000 0.000000
190  2.648922 -0.000002 -0.000001  -0.000001 -0.000001 0.000000
191  2.667499 -0.000002 0.000001  0.000000 0.000000 -0.000000
192  2.426700 -0.000009 0.000001  0.000000 0.000000 -0.000000
193  -0.494743 -44.353451 -1.302298  1.570797 0.000000 -1.570797
194  11.545938 73.768425 -3.792008  0.000000 -0.000000 -0.000000
195  0.055852 -6.877702 2.864591  0.000000 -0.000000 -0.000000
196  -0.000001 -0.000007 -1.529050  0.000000 -0.000000 -0.000000
197  -0.078942 -0.000001 0.000001  -0.000000 -0.000000 1.570730
198  0.097092 -0.000001 0.000001  0.000001 -3.141592 1.570796
199  0.000000 0.000000 -0.000000  0.000000 -0.000000 -0.000000
200  -9.308114 -10.206009 -15.537051  -0.115370 0.000319 -1.447666
201  -2.360430 -38.531269 -11.519573  2.340321 -0.280804 -2.035326
time 4
0  0 0 0  0 0 0
1  0.000000 0.000000 0.000000  0.000000 -0.000000 -0.000000
2  -0.000000 -0.000000 -55.423229  0.000000 -0.000000 -1.570730
3  -0.012872 0.000000 8.235027  -0.784749 -1.570710 -0.785986
4  16.163124 -0.010663 0.007211  -0.594297 0.000409 -0.000125
5  16.163132 -0.000000 3.830524  -0.562020 -0.769715 -2.729329
6  14.868233 0.000001 0.000001  -0.267744 0.056395 -1.442245
7  26.391953 -0.000002 -0.000001  -0.000000 0.000000 -1.207506
8  -0.000001 0.000002 -0.000000  -0.175033 -0.000000 -0.000000
9  3.093512 -0.000001 0.000002  -0.350124 -0.000000 -0.000000
10  6.187018 -0.000004 0.000002  -0.525196 -0.000000 -0.000000
11  9.280532 -0.000004 0.000002  -0.700277 0.000000 -0.000000
12  12.374041 -0.000006 0.000001  -0.875364 -0.000000 -0.000000
13  15.467554 -0.000004 0.000003  -1.050477 -0.000000 -0.000000
14  18.561054 -0.000005 0.000002  -1.225505 -0.000000 -0.000000
15  21.654572 -0.000003 0.000002  -2.907410 0.038011 0.622396
16  1.410070 0.800535 -2.089136  1.748879 0.299130 0.123514
17  3.954710 -0.000003 0.000001  0.048683 -0.183390 -0.014104
18  3.101559 -0.000002 0.000001  0.041352 -0.048930 -0.074311
19  6.164474 -0.898154 2.575012  -0.294014 -0.367311 0.344647
20  2.805842 0.000004 0.000000  0.000000 0.000000 0.523427
21  2.307444 0.000005 0.000001  0.000000 -0.000000 0.362776
22  7.145094 -0.676340 -1.382428  0.201008 -0.348765 -0.162855
23  3.672219 -0.000001 -0.000001  0.000000 0.000000 0.564171
24  2.676513 -0.000004 0.000003  -0.000000 -0.000000 0.425206
25  6.831182 -0.870864 0.599914  0.011758 -0.338272 0.030874
26  3.657084 -0.000003 -0.000000  0.000000 0.000000 0.763685
27  2.496793 -0.000000 0.000000  -0.000000 -0.000000 0.512819
28  7.183358 -0.532085 -3.267611  0.212067 -0.353025 -0.373614
29  3.511601 0.000001 -0.000001  0.000000 -0.000000 0.203482
30  2.199406 -0.000002 -0.000001  0.000000 0.000000 0.420711
31  16.163136 0.000000 -3.830527  1.591543 0.623332 -1.536060
32  14.868242 -0.000000 0.000001  0.517930 -0.518549 -2.210403
33  26.391953 0.000002 0.000005  0.000000 0.000000 -1.914854
34  0.000001 -0.000001 0.000002  0.126186 0.000000 -0.000000
35  3.093511 -0.000001 -0.000001  0.252448 0.000000 0.000000
36  6.187023 -0.000001 0.000000  0.378674 0.000000 0.000000
37  9.280535 -0.000001 -0.000001  0.504935 -0.000000 0.000000
38  12.374038 0.000000 0.000000  0.631171 -0.000000 -0.000000
39  15.467548 -0.000000 0.000002  0.757375 0.000000 0.000000
40  18.561066 -0.000002 -0.000000  0.883661 0.000000 0.000000
41  21.654566 -0.000002 0.000002  2.328387 -0.171206 0.794491
42  1.410072 0.800529 2.089144  -1.966491 -0.287076 0.559263
43  3.954710 -0.000002 -0.000001  0.000000 0.000000 0.375132
44  3.101564 -0.000001 -0.000001  -0.000000 0.000000 0.790793
45  7.183349 -0.532092 3.267613  0.152951 0.200103 -0.329928
46  3.511593 -0.000002 0.000001  0.000000 0.000000 0.875229
47  2.199414 -0.000001 0.000001  -0.000000 -0.000000 0.970811
48  7.145094 -0.676347 1.382430  0.255424 0.283825 0.886075
49  3.672213 -0.000000 -0.000001  -0.000000 -0.000000 1.435616
50  2.676518 -0.000002 0.000001  0.000000 0.000000 1.062915
51  6.831169 -0.870865 -0.599911  0.339890 0.115856 1.057859
52  3.657083 0.000000 -0.000000  -0.000000 -0.000000 1.252193
53  2.496796 -0.000001 -0.000001  0.000000 0.000000 0.840195
54  6.164461 -0.898152 -2.575010  0.409526 -0.061317 1.152482
55  2.805847 0.000002 0.000002  -0.000000 0.000000 0.666009
56  2.307447 0.000001 0.000002  0.000000 0.000000 0.844543
57  0.000000 0.000000 -0.000000  -0.007393 -0.005728 0.002707
58  -6.378220 -35.921875 -11.625795  -0.023507 0.024775 0.004470
59  -0.000000 -19.069485 4.681030  -0.000000 0.000000 -0.000000
60  1.986524 0.000015 -3.123738  -2.705260 -0.000000 -1.570797
61  -1.986692 0.000016 -3.123745  0.436333 0.000001 1.570797
62  -0.000001 -0.000000 -0.000000  -0.000000 0.000000 -0.000000
63  -1.530660 0.861428 -3.109958  0.392682 0.000010 1.570745
64  -11.344159 1.135887 0.869267  0.000328 -0.024963 -0.026314
65  1.907531 0.861420 -2.954427  -0.392858 -0.000004 1.570778
66  -11.350055 -0.729405 0.864872  0.000154 -0.025335 0.026430
67  1.754236 4.036760 -1.682667  0.392549 -0.010099 -1.546344
68  -1.755140 4.036761 -1.682666  -0.392547 -0.010382 -1.594901
69  -0.164556 5.734788 5.880445  -0.000000 -0.000000 -1.570730
70  1.203548 5.503724 4.339430  -0.000000 0.000000 -0.000000
71  -1.260174 5.668896 5.788550  0.070161 -0.418898 2.970131
72  1.185468 17.272331 1.821940  -0.000000 0.000000 -0.000000
73  0.060216 10.324384 74.469055  0.000008 0.000000 0.000000
74  0.052674 -3.972631 3.515843  1.570735 -0.000061 -1.570735
75  4.804181 -3.856469 -0.006877  -0.000000 0.000000 0.000000
76  -6.013986 -4.624462 -0.000000  0.000000 0.000000 -0.000000
77  -65.574089 -37.156055 0.002938  -0.786964 1.570710 0.783756
78  1.602683 -3.785217 0.003048  -0.786468 1.570710 0.784254
79  11.681365 -1.114744 -1.027844  -0.785234 1.570710 0.785483
80  19.766773 -3.800925 0.000000  -0.000000 0.000000 0.000000
81  3.258443 5.856954 -3.403523  -0.000000 -0.000000 -0.000000
82  15.153049 5.860581 -3.403521  0.000000 -0.000000 0.000000
83  6.064255 77.294945 36.365795  1.570796 0.000000 1.570796
84  -2.662412 1.445751 40.667961  -0.000000 3.141591 1.570796
85  8.352063 2.772897 0.000540  -3.141589 0.000002 -0.000000
86  6.064256 72.973686 32.593250  1.570796 0.000000 1.570796
87  -0.113679 5.957345 -0.188893  -0.000000 0.000000 -0.000000
88  0.097225 0.210961 3.469585  -0.000000 0.000000 -0.000000
89  0.000001 1.310213 -0.000001  0.000000 0.000000 0.000000
90  0.000000 0.582261 -0.000001  0.000000 0.000000 0.000000
91  0.036298 1.284881 7.928796  -0.000000 -0.000001 0.000000
92  0.000001 1.310213 -0.000001  0.000000 0.000000 0.000000
93  0.000000 0.582263 0.000000  0.000000 0.000000 0.000000
94  5.969323 3.427459 -6.170651  -0.000000 -0.000001 -1.570797
95  -1.310213 0.000001 -0.000001  0.000000 0.000000 -0.000000
96  -0.582261 0.000000 0.000000  0.000000 0.000000 -0.000000
97  5.969323 9.397400 -6.170663  -0.000000 -0.000001 -1.570796
98  -1.310212 -0.000000 0.000002  0.000000 0.000000 -0.000000
99  -0.582260 -0.000001 0.000003  0.000000 0.000000 -0.000000
100  5.969322 15.223767 -6.170672  -0.000000 -0.000001 -1.570796
101  -1.310211 0.000002 0.000002  -0.000000 0.000000 -0.000000
102  -0.582260 0.000001 0.000002  -0.000000 0.000000 -0.000000
103  5.969324 20.835566 -6.170673  -0.000000 -0.000001 -1.570796
104  -1.310212 0.000001 0.000002  -0.000000 0.000000 -0.000000
105  -0.582262 0.000000 0.000004  -0.000000 0.000000 -0.000000
106  5.969324 26.771204 -6.170674  -0.000000 -0.000001 -1.570796
107  5.969323 32.597591 -6.170677  -0.000000 -0.000001 -1.570796
108  5.969323 38.209393 -6.170688  -0.000000 -0.000001 -1.570800
109  5.969322 49.488461 -6.170687  -0.000000 -0.000001 -1.570800
110  -0.539090 -0.556811 -0.017365  -0.042462 2.681156 1.551919
111  -6.799123 -0.556806 0.818548  -0.272420 2.701993 1.452460
112  -4.615282 -0.556824 0.270326  -0.117230 2.684609 1.518878
113  -2.650969 -0.556809 0.063007  -0.042463 2.681158 1.551919
114  27.110334 1.284854 12.007546  -0.000000 -0.000000 -0.000000
115  28.133423 1.284853 12.007545  0.000001 -0.000000 -0.000000
116  12.812886 2.241784 12.007547  -0.000000 -0.000001 -0.000001
117  -9.955967 -0.319624 4.380212  -0.000001 -0.000000 -0.000001
118  -11.316472 -0.319625 4.380212  -0.000003 -0.000000 -0.000000
119  -12.667809 -0.319624 4.380212  -0.000003 -0.000000 0.000001
120  -14.022140 -0.319623 4.380213  0.000010 -0.000000 -0.000011
121  -15.373239 -0.319622 4.380212  0.000015 -0.000000 -0.000015
122  -16.724142 -0.319621 4.380212  -0.000009 -0.000000 0.000006
123  -18.074572 -0.319621 4.380213  -0.000006 0.000000 0.000004
124  -19.423714 -0.319621 4.380213  0.000002 0.000000 -0.000004
125  -20.775270 -0.319623 4.380212  0.000003 0.000000 -0.000004
126  -22.126669 -0.319622 4.380213  0.000003 0.000000 -0.000004
127  -23.478123 -0.319621 4.380213  0.000005 0.000000 -0.000006
128  -24.830618 -0.319621 4.380213  0.000036 0.000000 -0.000038
129  -26.182028 -0.319620 4.380213  -0.000011 0.000000 0.000011
130  0.529180 -0.167131 0.629482  -0.101270 -0.000000 0.000000
131  -0.211443 -0.241684 0.155358  -0.145847 -0.000000 0.000000
132  0.529190 -0.280704 -0.110296  -0.145847 -0.000000 0.000000
133  -0.173926 -0.337326 -0.638498  -0.181751 -0.000000 0.000000
134  0.529190 -0.399249 -0.975396  -0.181751 -0.000000 0.000000
135  -0.211443 -0.464478 -1.431043  -0.192399 -0.000000 0.000000
136  0.529189 -0.515808 -1.694585  -0.192400 -0.000000 0.000000
137  -0.173927 -0.612154 -2.231913  -0.216703 -0.000000 0.000000
138  0.529188 -0.685807 -2.566442  -0.216703 -0.000000 0.000000
139  -0.211445 -0.769563 -3.027873  -0.237349 -0.000000 0.000000
140  0.529188 -0.832690 -3.288848  -0.237349 -0.000000 0.000000
141  -0.173937 -0.945283 -3.779566  -0.233859 0.000000 0.000000
142  0.529179 -1.024660 -4.112782  -0.233859 0.000000 0.000000
143  -0.211443 -1.132186 -4.577550  -0.262919 -0.000000 0.000000
144  0.529190 -1.201966 -4.836826  -0.262919 0.000000 0.000000
145  -0.000004 -2.810942 -10.636632  0.258454 0.000000 3.141592
146  -0.192455 -1.345780 -5.370048  -0.280373 0.000000 0.000000
147  0.533984 -1.413513 -5.605106  -0.276883 0.000000 0.000000
148  -0.206618 -1.795763 -6.909780  -0.287354 0.000000 0.000000
149  -0.205804 -1.564819 -6.138258  -0.290843 0.000000 0.000000
150  0.530460 -1.643678 -6.395215  -0.290844 0.000000 0.000000
151  0.535312 -1.790710 -7.204134  -0.287354 -0.000000 0.000000
152  -0.202703 -2.030487 -7.702831  -0.286180 -0.000000 0.000000
153  0.509549 -2.118898 -8.011625  -0.298398 -0.000000 0.000000
154  -0.202703 -2.255280 -8.465175  -0.283134 -0.000000 0.000000
155  0.509548 -2.352979 -8.771163  -0.295352 -0.000000 0.000000
156  -0.202704 -2.481598 -9.235472  -0.285437 -0.000000 0.000000
157  0.509547 -2.588684 -9.538640  -0.297654 -0.000000 0.000000
158  0.170123 -21.222092 -1.001143  -0.000001 -0.000001 0.000000
159  0.170123 -20.843863 -0.397185  -0.000001 -0.000001 0.000000
160  0.170123 -20.489746 -1.001143  -0.000001 -0.000001 0.000000
161  0.170124 -20.111071 -0.397185  -0.000001 -0.000001 0.000000
162  0.170123 -19.380089 -0.397189  -0.000001 -0.000001 0.000000
163  0.170123 -19.025106 -1.001148  -0.000001 -0.000001 0.000000
164  0.170123 -18.646662 -0.396450  -0.000001 -0.000001 0.000000
165  0.170124 -19.755764 -1.001144  -0.000001 -0.000001 0.000000
166  -0.015974 10.035397 1.098090  -0.000000 0.000000 -0.000000
167  -0.104323 -52.163574 4.437343  1.570735 -0.000061 -1.570735
168  0.064653 27.351286 72.195206  -0.000000 -0.000000 -0.000001
169  6.064260 95.114006 31.645498  0.000000 -0.000001 1.570796
170  -0.103716 -26.907854 3.305356  -0.000000 -0.000000 -1.570730
171  6.064256 69.096558 37.164318  1.570796 0.000000 1.570796
172  1.974302 11.989233 4.589250  0.000000 0.000000 -0.000000
173  1.941735 0.883633 4.309754  -0.000000 0.000000 -1.483525
174  -0.115679 1.104773 6.744191  -0.000000 0.000000 -0.000000
175  6.064260 89.329796 31.613914  0.000000 -0.000001 1.570796
176  0.059886 2.255333 54.398010  -0.000000 0.000000 0.000000
177  0.003497 -22.270643 0.000149  1.570797 -0.000000 -1.570797
178  0.104010 14.792239 1.530319  -0.000000 0.000000 -0.000000
179  4.372676 -2.452872 -0.515576  -0.689295 -2.837045 1.056142
180  -2.951666 25.811066 -3.742311  -0.096365 0.008023 -1.450340
181  -2.662413 1.445755 33.628742  -0.000000 3.141591 1.570796
182  8.352065 2.772897 0.000540  -3.141589 0.000002 -0.000000
183  -2.662412 1.445751 40.667961  -0.000000 3.141591 1.570796
184  8.352063 2.772897 0.000540  -3.141589 0.000002 -0.000000
185  -1.431356 16.384775 4.137811  0.000001 0.000000 0.000000
186  -0.001845 0.521681 -0.140289  0.000000 0.000000 -0.000000
187  7.323108 -5.136196 -5.166237  -0.000000 0.000000 -0.610865
188  2.698279 -0.000005 0.000000  -0.000012 0.000000 0.000001
189  2.834157 -0.000002 -0.000001  0.000013 0.000000 -0.000000
190  2.648921 0.000004 0.000001  -0.000001 -0.000001 0.000000
191  2.667496 0.000001 -0.000003  -0.000000 0.000000 0.000000
192  2.426703 0.000004 -0.000000  0.000000 0.000000 -0.000000
193  -0.494744 -44.353439 -1.302299  1.570797 -0.000000 -1.570797
194  11.545937 73.768417 -3.792010  0.000000 0.000000 -0.000000
195  0.055851 -6.877710 2.864590  -0.000000 0.000000 -0.000000
196  -0.000000 -0.000001 -1.529051  -0.000000 0.000000 -0.000000
197  -0.078943 0.000000 -0.000000  -0.000000 0.000000 1.570730
198  0.097092 -0.000000 -0.000001  0.000001 -3.141592 1.570796
199  0.000000 0.000000 -0.000000  0.000000 -0.000000 -0.000000
200  -9.552240 -10.219978 -15.899714  -0.123800 -0.012371 -1.445484
201  -2.007233 -38.366596 -12.191843  -0.699784 -2.804595 1.064185
time 5
0  0 0 0  0 0 0
1  0.000000 0.000000 0.000000  0.000000 -0.000000 -0.000000
2  -0.000000 -0.000000 -55.423229  0.000000 -0.000000 -1.570730
3  -0.012872 0.000000 8.235027  -0.784749 -1.570710 -0.785986
4  16.163124 -0.010663 0.007211  -0.594297 0.000409 -0.000125
5  16.163132 -0.000000 3.830524  -0.580429 -0.765273 -2.715980
6  14.868236 0.000001 -0.000001  -0.262918 0.081468 -1.411189
7  26.391954 -0.000003 -0.000001  -0.000000 0.000000 -1.248278
8  0.000000 -0.000002 0.000000  -0.163088 -0.000000 -0.000000
9  3.093512 -0.000004 0.000000  -0.326161 -0.000000 -0.000000
10  6.187016 -0.000005 -0.000001  -0.489318 -0.000000 -0.000000
11  9.280532 -0.000005 0.000002  -0.652397 0.000000 -0.000000
12  12.374041 -0.000004 0.000001  -0.815528 -0.000000 -0.000000
13  15.467554 -0.000007 0.000002  -0.978618 -0.000000 -0.000000
14  18.561056 -0.000009 0.000002  -1.141732 -0.000000 -0.000000
15  21.654570 -0.000009 0.000001  -2.811648 0.034372 0.558576
16  1.410073 0.800534 -2.089137  1.709071 0.307335 0.057524
17  3.954711 -0.000000 0.000003  0.050252 -0.154962 -0.031277
18  3.101563 0.000001 0.000001  0.040814 -0.022513 -0.091644
19  6.164472 -0.898154 2.575011  -0.213576 -0.415540 0.140559
20  2.805847 0.000005 0.000001  -0.000000 -0.000000 0.521973
21  2.307442 -0.000001 -0.000001  0.000000 0.000000 0.361287
22  7.145098 -0.676341 -1.382429  0.226713 -0.315413 -0.232365
23  3.672216 -0.000001 -0.000002  0.000000 0.000000 0.446587
24  2.676517 0.000005 -0.000000  -0.000000 0.000000 0.303603
25  6.831182 -0.870864 0.599914  0.061201 -0.332174 -0.116438
26  3.657085 -0.000003 0.000000  0.000000 0.000000 0.663878
27  2.496795 0.000000 -0.000002  -0.000000 -0.000000 0.510610
28  7.183361 -0.532084 -3.267612  0.229574 -0.300274 -0.413589
29  3.511588 0.000002 -0.000001  0.000000 0.000000 0.150048
30  2.199401 -0.000001 0.000000  0.000000 0.000000 0.321275
31  16.163136 0.000000 -3.830527  1.595262 0.620883 -1.529553
32  14.868244 -0.000000 -0.000000  0.508583 -0.527596 -2.197792
33  26.391954 0.000003 0.000004  0.000000 0.000000 -1.907767
34  0.000001 0.000001 0.000001  0.121416 0.000000 -0.000000
35  3.093513 -0.000001 0.000002  0.242791 -0.000000 0.000000
36  6.187021 0.000002 0.000001  0.364265 0.000000 0.000000
37  9.280534 0.000001 0.000002  0.485670 0.000000 -0.000000
38  12.374038 0.000002 0.000003  0.607076 0.000000 -0.000000
39  15.467549 0.000002 0.000001  0.728553 0.000000 -0.000000
40  18.561066 0.000002 0.000002  0.849965 -0.000000 0.000000
41  21.654566 0.000000 0.000003  2.324763 -0.149763 0.751858
42  1.410072 0.800531 2.089143  -1.966491 -0.287076 0.559263
43  3.954710 -0.000000 -0.000001  0.000000 -0.000000 0.375132
44  3.101564 -0.000003 -0.000000  0.000000 0.000000 0.790793
45  7.183349 -0.532091 3.267612  0.141008 0.211221 -0.388944
46  3.511592 -0.000002 -0.000000  0.000000 0.000000 0.804636
47  2.199412 -0.000002 0.000000  -0.000000 0.000000 0.983322
48  7.145096 -0.676347 1.382428  0.255424 0.283825 0.886075
49  3.672210 -0.000001 0.000000  -0.000000 -0.000000 1.435616
50  2.676520 0.000000 -0.000000  -0.000000 0.000000 1.062915
51  6.831170 -0.870865 -0.599914  0.339890 0.115856 1.057859
52  3.657082 -0.000000 -0.000002  -0.000000 -0.000000 1.252192
53  2.496796 -0.000001 -0.000001  0.000000 0.000000 0.840195
54  6.164460 -0.898151 -2.575012  0.409526 -0.061317 1.152482
55  2.805848 -0.000002 0.000001  0.000000 -0.000000 0.666009
56  2.307446 0.000001 -0.000001  -0.000000 0.000000 0.844543
57  0.000000 0.000000 -0.000000  -0.009285 -0.006398 0.002288
58  -6.616697 -35.837662 -11.515919  -0.045937 0.027630 0.006753
59  0.000000 -19.069487 4.681026  -0.000000 0.000000 0.000000
60  1.986525 0.000020 -3.123738  -2.705260 -0.000000 -1.570797
61  -1.986692 0.000022 -3.123745  0.436333 0.000001 1.570797
62  0.000000 0.000002 -0.000001  -0.000000 0.000000 0.000000
63  -1.530660 0.861430 -3.109957  0.392682 0.000010 1.570745
64  -11.344161 1.135888 0.869269  0.000328 -0.024963 -0.026314
65  1.907532 0.861423 -2.954426  -0.392858 -0.000004 1.570778
66  -11.350050 -0.729404 0.864871  0.000154 -0.025335 0.026430
67  1.754237 4.036766 -1.682666  0.392549 -0.010099 -1.546344
68  -1.755140 4.036760 -1.682666  -0.392547 -0.010382 -1.594901
69  -0.164555 5.734790 5.880445  -0.000000 -0.000000 -1.570730
70  1.203549 5.503732 4.339430  -0.000000 0.000000 0.000000
71  -1.260174 5.668900 5.788550  0.070161 -0.418898 2.970131
72  1.185469 17.272333 1.821939  -0.000000 0.000000 0.000000
73  0.060217 10.324390 74.469048  0.000008 -0.000000 0.000000
74  0.052674 -3.972616 3.515847  1.570735 -0.000061 -1.570735
75  4.804186 -3.856469 -0.006877  -0.000000 0.000000 -0.000000
76  -6.013986 -4.624461 -0.000000  0.000000 0.000000 -0.000000
77  -65.574089 -37.156044 0.002938  -0.786948 1.570710 0.783796
78  1.602682 -3.785215 0.003048  -0.786466 1.570710 0.784275
79  11.681370 -1.114744 -1.027844  -0.785225 1.570710 0.785513
80  19.766773 -3.800925 -0.000001  -0.000000 0.000000 -0.000000
81  3.258446 5.856953 -3.403523  -0.000000 -0.000000 -0.000000
82  15.153049 5.860580 -3.403521  0.000000 -0.000000 -0.000000
83  6.064256 77.294960 36.365791  1.570796 0.000000 1.570796
84  -2.662411 1.445756 40.667957  -0.000000 3.141591 1.570796
85  8.352068 2.772895 0.000538  -3.141589 0.000002 0.000000
86  6.064256 72.973694 32.593250  1.570796 0.000000 1.570796
87  -0.113678 5.957349 -0.188894  -0.000000 0.000000 0.000000
88  0.097225 0.210959 3.469586  -0.000000 0.000000 0.000000
89  0.000001 1.310213 -0.000001  0.000000 -0.000000 0.000000
90  0.000001 0.582261 -0.000001  0.000000 -0.000000 0.000000
91  0.036298 1.284881 7.928798  0.000000 -0.000001 0.000000
92  0.000001 1.310210 -0.000001  0.000000 -0.000000 0.000000
93  -0.000000 0.582258 -0.000000  0.000000 -0.000000 0.000000
94  5.969324 3.427457 -6.170650  -0.000000 -0.000001 -1.570797
95  -1.310213 0.000001 -0.000000  0.000000 0.000000 -0.000000
96  -0.582260 0.000000 0.000001  0.000000 0.000000 -0.000000
97  5.969323 9.397399 -6.170660  -0.000000 -0.000001 -1.570796
98  -1.310210 -0.000000 0.000001  0.000000 0.000000 -0.000000
99  -0.582260 -0.000001 0.000002  0.000000 0.000000 -0.000000
100  5.969323 15.223768 -6.170671  -0.000000 -0.000001 -1.570796
101  -1.310212 0.000002 0.000005  -0.000000 0.000000 -0.000000
102  -0.582260 0.000001 0.000002  -0.000000 0.000000 -0.000000
103  5.969324 20.835567 -6.170673  -0.000000 -0.000001 -1.570796
104  -1.310212 0.000001 0.000000  -0.000000 0.000000 -0.000000
105  -0.582260 0.000000 -0.000001  -0.000000 0.000000 -0.000000
106  5.969325 26.771206 -6.170672  -0.000000 -0.000001 -1.570796
107  5.969323 32.597595 -6.170674  -0.000000 -0.000001 -1.570796
108  5.969324 38.209393 -6.170684  0.000000 -0.000001 -1.570800
109  5.969323 49.488461 -6.170683  0.000000 -0.000001 -1.570800
110  -0.539089 -0.556811 -0.017363  -0.042462 2.681156 1.551919
111  -6.799122 -0.556807 0.818550  -0.272420 2.701993 1.452460
112  -4.615282 -0.556823 0.270328  -0.117230 2.684609 1.518878
113  -2.650968 -0.556809 0.063010  -0.042463 2.681158 1.551919
114  27.110336 1.284856 12.007548  -0.000000 -0.000000 0.000000
115  28.133423 1.284854 12.007547  0.000001 -0.000000 0.000000
116  12.812886 2.241784 12.007549  -0.000000 -0.000001 -0.000001
117  -9.955964 -0.319625 4.380214  -0.000001 -0.000000 -0.000001
118  -11.316472 -0.319625 4.380214  -0.000003 -0.000000 0.000000
119  -12.667809 -0.319625 4.380215  -0.000003 -0.000000 0.000001
120  -14.022139 -0.319623 4.380215  0.000010 -0.000000 -0.000011
121  -15.373239 -0.319623 4.380214  0.000015 -0.000000 -0.000015
122  -16.724142 -0.319623 4.380214  -0.000009 -0.000000 0.000006
123  -18.074570 -0.319622 4.380214  -0.000006 0.000000 0.000004
124  -19.423714 -0.319622 4.380214  0.000002 0.000000 -0.000004
125  -20.775269 -0.319622 4.380214  0.000003 0.000000 -0.000004
126  -22.126669 -0.319620 4.380215  0.000003 -0.000000 -0.000004
127  -23.478121 -0.319622 4.380215  0.000005 -0.000000 -0.000006
128  -24.830618 -0.319620 4.380215  0.000036 0.000000 -0.000038
129  -26.182024 -0.319621 4.380214  -0.000011 0.000000 0.000011
130  0.529180 -0.167131 0.629484  -0.101270 -0.000000 0.000000
131  -0.211443 -0.241685 0.155361  -0.145847 -0.000000 0.000000
132  0.529191 -0.280702 -0.110293  -0.145847 -0.000000 0.000000
133  -0.173926 -0.337326 -0.638496  -0.181751 -0.000000 0.000000
134  0.529190 -0.399247 -0.975394  -0.181751 -0.000000 0.000000
135  -0.211443 -0.464480 -1.431042  -0.192399 -0.000000 0.000000
136  0.529190 -0.515808 -1.694583  -0.192400 -0.000000 0.000000
137  -0.173928 -0.612154 -2.231911  -0.216703 -0.000000 0.000000
138  0.529189 -0.685808 -2.566440  -0.216703 -0.000000 0.000000
139  -0.211444 -0.769563 -3.027870  -0.237349 -0.000000 0.000000
140  0.529189 -0.832689 -3.288848  -0.237349 -0.000000 0.000000
141  -0.173936 -0.945282 -3.779565  -0.233859 0.000000 0.000000
142  0.529180 -1.024658 -4.112782  -0.233859 0.000000 0.000000
143  -0.211443 -1.132186 -4.577548  -0.262919 -0.000000 0.000000
144  0.529191 -1.201965 -4.836825  -0.262919 0.000000 0.000000
145  -0.000004 -2.810941 -10.636631  0.258454 0.000000 3.141592
146  -0.192454 -1.345780 -5.370046  -0.280373 0.000000 0.000000
147  0.533985 -1.413515 -5.605105  -0.276883 0.000000 0.000000
148  -0.206617 -1.795763 -6.909780  -0.287354 0.000000 0.000000
149  -0.205804 -1.564821 -6.138258  -0.290843 0.000000 0.000000
150  0.530460 -1.643677 -6.395214  -0.290844 0.000000 0.000000
151  0.535312 -1.790712 -7.204133  -0.287354 -0.000000 0.000000
152  -0.202703 -2.030486 -7.702828  -0.286180 -0.000000 0.000000
153  0.509548 -2.118900 -8.011624  -0.298398 -0.000000 0.000000
154  -0.202703 -2.255282 -8.465172  -0.283134 -0.000000 0.000000
155  0.509549 -2.352981 -8.771158  -0.295352 -0.000000 0.000000
156  -0.202703 -2.481599 -9.235472  -0.285437 -0.000000 0.000000
157  0.509547 -2.588684 -9.538637  -0.297654 -0.000000 0.000000
158  0.170123 -21.222092 -1.001140  -0.000001 -0.000001 0.000000
159  0.170123 -20.843866 -0.397182  -0.000001 -0.000001 0.000000
160  0.170123 -20.489744 -1.001141  -0.000001 -0.000001 0.000000
161  0.170124 -20.111067 -0.397182  -0.000001 -0.000001 0.000000
162  0.170123 -19.380087 -0.397186  -0.000001 -0.000001 0.000000
163  0.170123 -19.025110 -1.001144  -0.000001 -0.000001 0.000000
164  0.170124 -18.646660 -0.396447  -0.000001 -0.000001 0.000000
165  0.170124 -19.755762 -1.001142  -0.000001 -0.000001 0.000000
166  -0.015973 10.035404 1.098089  -0.000000 0.000000 0.000000
167  -0.104323 -52.163570 4.437343  1.570735 -0.000061 -1.570735
168  0.064653 27.351294 72.195206  0.000000 -0.000000 -0.000001
169  6.064260 95.114014 31.645498  0.000000 -0.000001 1.570796
170  -0.103716 -26.907869 3.305356  -0.000000 -0.000000 -1.570730
171  6.064257 69.096558 37.164318  1.570796 0.000000 1.570796
172  1.974303 11.989234 4.589250  0.000000 0.000000 0.000000
173  1.941734 0.883637 4.309754  0.000000 -0.000000 -1.483525
174  -0.115678 1.104779 6.744191  -0.000000 0.000000 0.000000
175  6.064260 89.329803 31.613916  0.000000 -0.000001 1.570796
176  0.059887 2.255336 54.398006  -0.000000 -0.000000 0.000000
177  0.003495 -22.270647 0.000147  1.570797 0.000000 -1.570797
178  0.104010 14.792245 1.530319  -0.000000 0.000000 0.000000
179  5.193509 -2.313030 -1.717935  -0.589362 -2.810468 1.017230
180  -2.951665 25.811068 -3.742307  -0.096365 0.008023 -1.450340
181  -2.662412 1.445758 33.628742  -0.000000 3.141591 1.570796
182  8.352073 2.772896 0.000538  -3.141589 0.000002 0.000000
183  -2.662411 1.445756 40.667957  -0.000000 3.141591 1.570796
184  8.352068 2.772895 0.000538  -3.141589 0.000002 0.000000
185  -1.431356 16.384781 4.137811  0.000001 0.000000 0.000000
186  -0.001844 0.521684 -0.140290  0.000000 0.000000 -0.000000
187  7.323109 -5.136191 -5.166238  0.000000 0.000000 -0.610865
188  2.698277 -0.000003 0.000001  -0.000012 0.000000 0.000001
189  2.834158 0.000001 0.000001  0.000013 0.000000 0.000000
190  2.648919 0.000001 -0.000001  -0.000001 -0.000001 0.000000
191  2.667498 0.000000 0.000002  0.000000 0.000000 -0.000000
192  2.426701 -0.000002 0.000001  0.000000 0.000000 -0.000000
193  -0.494743 -44.353447 -1.302299  1.570797 -0.000000 -1.570797
194  11.545938 73.768417 -3.792010  0.000000 0.000000 0.000000
195  0.055852 -6.877704 2.864591  -0.000000 0.000000 0.000000
196  -0.000000 -0.000004 -1.529050  -0.000000 0.000000 0.000000
197  -0.078942 -0.000005 0.000001  -0.000000 0.000000 1.570730
198  0.097092 -0.000002 0.000000  0.000001 -3.141592 1.570796
199  0.000000 0.000000 -0.000000  0.000000 -0.000000 -0.000000
200  -9.877968 -10.247391 -16.356369  -0.129369 -0.034237 -1.442447
201  -1.453598 -38.192051 -13.268938  -0.588707 -2.756947 1.024426
time 6
0  0 0 0  0 0 0
1  0.000000 0.000000 0.000000  0.000000 -0.000000 -0.000000
2  -0.000000 -0.000000 -55.423229  0.000000 -0.000000 -1.570730
3  -0.012872 0.000000 8.235027  -0.784749 -1.570710 -0.785986
4  16.163124 -0.010663 0.007211  -0.594297 0.000409 -0.000125
5  16.163132 -0.000000 3.830524  -0.724927 -0.722160 -2.612674
6  14.868234 0.000001 0.000002  -0.235452 0.207129 -1.351355
7  26.391954 -0.000005 0.000000  -0.000000 0.000000 -1.448536
8  0.000003 0.000001 -0.000001  -0.140378 -0.000000 -0.000000
9  3.093518 0.000001 -0.000000  -0.280776 -0.000000 -0.000000
10  6.187022 0.000002 -0.000002  -0.421148 -0.000000 -0.000000
11  9.280535 -0.000001 -0.000001  -0.561503 -0.000000 -0.000000
12  12.374045 -0.000000 -0.000001  -0.701902 -0.000000 -0.000000
13  15.467560 -0.000004 -0.000000  -0.842335 -0.000000 -0.000000
14  18.561062 -0.000002 0.000002  -0.982700 -0.000000 -0.000000
15  21.654575 -0.000004 -0.000000  -2.645402 -0.007328 0.493776
16  1.410067 0.800536 -2.089139  1.721133 0.311704 0.100351
17  3.954714 0.000001 0.000007  0.048168 -0.143581 -0.008545
18  3.101561 0.000000 0.000001  0.043381 -0.026459 -0.070071
19  6.164471 -0.898155 2.575009  -0.192958 -0.410351 0.134119
20  2.805844 0.000001 0.000002  -0.000000 0.000000 0.510295
21  2.307443 0.000003 0.000000  0.000000 0.000000 0.349628
22  7.145093 -0.676344 -1.382429  0.223754 -0.301110 -0.232867
23  3.672220 -0.000002 0.000000  0.000000 0.000000 0.431702
24  2.676514 0.000001 0.000001  -0.000000 -0.000000 0.291136
25  6.831178 -0.870864 0.599912  0.065314 -0.325018 -0.108094
26  3.657079 0.000003 -0.000003  0.000000 0.000000 0.625074
27  2.496794 -0.000004 0.000002  -0.000000 -0.000000 0.492968
28  7.183358 -0.532088 -3.267612  0.223630 -0.278594 -0.415659
29  3.511598 -0.000001 0.000001  -0.000000 -0.000000 0.164926
30  2.199405 -0.000002 0.000002  0.000000 -0.000000 0.319853
31  16.163136 0.000000 -3.830527  1.590045 0.624307 -1.538670
32  14.868242 -0.000000 -0.000001  0.488341 -0.543028 -2.172904
33  26.391951 0.000001 0.000003  -0.000000 0.000000 -1.897674
34  0.000003 0.000003 0.000000  0.117442 0.000000 -0.000000
35  3.093513 0.000000 0.000001  0.234922 -0.000000 0.000000
36  6.187024 0.000002 -0.000002  0.352356 0.000000 0.000000
37  9.280535 0.000004 -0.000001  0.469839 0.000000 0.000000
38  12.374041 0.000000 -0.000001  0.587278 -0.000000 -0.000000
39  15.467552 0.000001 -0.000001  0.704763 -0.000000 0.000000
40  18.561066 0.000001 0.000001  0.822181 0.000000 0.000000
41  21.654568 0.000001 0.000002  2.332478 -0.120801 0.698347
42  1.410071 0.800528 2.089142  -1.966491 -0.287076 0.559263
43  3.954709 -0.000001 -0.000001  0.000000 0.000000 0.375132
44  3.101565 -0.000002 0.000000  0.000000 0.000000 0.790793
45  7.183349 -0.532093 3.267610  0.133036 0.213383 -0.430995
46  3.511594 -0.000001 0.000001  0.000000 0.000000 0.732865
47  2.199413 -0.000001 -0.000000  0.000000 0.000000 0.965846
48  7.145091 -0.676349 1.382428  0.255424 0.283825 0.886075
49  3.672210 0.000001 0.000002  -0.000000 -0.000000 1.435616
50  2.676523 -0.000000 0.000000  0.000000 0.000000 1.062915
51  6.831169 -0.870866 -0.599911  0.339890 0.115856 1.057859
52  3.657082 0.000001 0.000003  -0.000000 -0.000000 1.252193
53  2.496793 -0.000000 0.000000  0.000000 0.000000 0.840195
54  6.164459 -0.898153 -2.575013  0.409526 -0.061317 1.152482
55  2.805848 0.000003 0.000002  -0.000000 -0.000000 0.666009
56  2.307446 0.000001 0.000001  0.000000 -0.000000 0.844543
57  0.000000 0.000000 -0.000000  -0.010013 -0.005855 0.000945
58  -7.052708 -35.703232 -11.267701  -0.079406 0.018826 0.009515
59  0.000000 -19.069466 4.681033  0.000000 -0.000000 -0.000000
60  1.986524 0.000016 -3.123738  -2.705260 -0.000000 -1.570797
61  -1.986693 0.000019 -3.123745  0.436333 0.000001 1.570797
62  -0.000001 0.000000 -0.000001  0.000000 -0.000000 -0.000000
63  -1.530659 0.861425 -3.109958  0.392682 0.000010 1.570745
64  -11.344160 1.135887 0.869270  0.000328 -0.024963 -0.026314
65  1.907532 0.861423 -2.954428  -0.392858 -0.000004 1.570778
66  -11.350050 -0.729405 0.864871  0.000154 -0.025335 0.026430
67  1.754236 4.036766 -1.682666  0.392549 -0.010099 -1.546344
68  -1.755141 4.036764 -1.682667  -0.392547 -0.010382 -1.594901
69  -0.164555 5.734787 5.880445  0.000000 0.000000 -1.570730
70  1.203549 5.503724 4.339430  0.000000 -0.000000 -0.000000
71  -1.260174 5.668898 5.788551  0.070161 -0.418898 2.970131
72  1.185469 17.272327 1.821939  0.000000 -0.000000 -0.000000
73  0.060217 10.324389 74.469055  0.000008 -0.000000 0.000000
74  0.052674 -3.972634 3.515843  1.570735 -0.000061 -1.570735
75  4.804187 -3.856469 -0.006877  -0.000000 0.000000 -0.000000
76  -6.013985 -4.624462 0.000000  0.000000 0.000000 -0.000000
77  -65.574089 -37.156048 0.002938  -0.786958 1.570710 0.783778
78  1.602681 -3.785215 0.003048  -0.786481 1.570710 0.784265
79  11.681371 -1.114743 -1.027843  -0.785229 1.570710 0.785511
80  19.766768 -3.800924 -0.000000  -0.000000 0.000000 -0.000000
81  3.258441 5.856954 -3.403523  -0.000000 -0.000000 -0.000000
82  15.153049 5.860581 -3.403521  -0.000000 -0.000000 -0.000000
83  6.064257 77.294960 36.365795  1.570796 0.000000 1.570796
84  -2.662411 1.445751 40.667957  0.000000 3.141591 1.570796
85  8.352066 2.772896 0.000543  -3.141589 0.000002 0.000000
86  6.064257 72.973694 32.593250  1.570796 0.000000 1.570796
87  -0.113678 5.957337 -0.188891  0.000000 -0.000000 -0.000000
88  0.097225 0.210964 3.469588  0.000000 -0.000000 -0.000000
89  0.000001 1.310214 -0.000001  0.000000 -0.000000 0.000000
90  0.000001 0.582264 0.000000  0.000000 -0.000000 0.000000
91  0.036297 1.284881 7.928799  -0.000000 -0.000001 0.000000
92  0.000001 1.310212 0.000000  0.000000 0.000000 0.000000
93  -0.000000 0.582260 0.000000  0.000000 0.000000 0.000000
94  5.969323 3.427460 -6.170650  -0.000000 -0.000001 -1.570797
95  -1.310215 0.000001 -0.000001  0.000000 0.000000 -0.000000
96  -0.582263 0.000000 -0.000002  0.000000 0.000000 -0.000000
97  5.969323 9.397399 -6.170658  -0.000000 -0.000001 -1.570796
98  -1.310211 0.000000 0.000000  0.000000 0.000000 -0.000000
99  -0.582260 -0.000001 0.000000  0.000000 0.000000 -0.000000
100  5.969322 15.223770 -6.170671  0.000000 -0.000001 -1.570796
101  -1.310213 0.000002 0.000003  -0.000000 0.000000 -0.000000
102  -0.582261 0.000001 0.000001  -0.000000 0.000000 -0.000000
103  5.969324 20.835571 -6.170669  0.000000 -0.000001 -1.570796
104  -1.310212 0.000001 0.000002  -0.000000 0.000000 -0.000000
105  -0.582261 0.000000 0.000004  -0.000000 0.000000 -0.000000
106  5.969324 26.771210 -6.170671  0.000000 -0.000001 -1.570796
107  5.969323 32.597595 -6.170673  0.000000 -0.000001 -1.570796
108  5.969323 38.209393 -6.170687  0.000000 -0.000001 -1.570800
109  5.969323 49.488461 -6.170683  0.000000 -0.000001 -1.570800
110  -0.539090 -0.556810 -0.017363  -0.042462 2.681156 1.551919
111  -6.799124 -0.556805 0.818550  -0.272420 2.701993 1.452460
112  -4.615284 -0.556822 0.270327  -0.117230 2.684609 1.518878
113  -2.650970 -0.556807 0.063009  -0.042463 2.681158 1.551919
114  27.110336 1.284858 12.007548  0.000000 -0.000000 -0.000000
115  28.133427 1.284855 12.007547  0.000001 -0.000000 -0.000000
116  12.812886 2.241785 12.007549  0.000000 -0.000001 -0.000001
117  -9.955967 -0.319621 4.380214  -0.000001 -0.000000 -0.000001
118  -11.316472 -0.319621 4.380215  -0.000003 -0.000000 -0.000000
119  -12.667811 -0.319621 4.380215  -0.000003 -0.000000 0.000001
120  -14.022141 -0.319620 4.380215  0.000010 -0.000000 -0.000011
121  -15.373239 -0.319620 4.380214  0.000015 -0.000000 -0.000015
122  -16.724144 -0.319620 4.380214  -0.000009 -0.000000 0.000006
123  -18.074572 -0.319618 4.380215  -0.000006 -0.000000 0.000004
124  -19.423716 -0.319619 4.380214  0.000002 0.000000 -0.000004
125  -20.775270 -0.319619 4.380215  0.000003 0.000000 -0.000004
126  -22.126671 -0.319618 4.380215  0.000003 -0.000000 -0.000004
127  -23.478123 -0.319618 4.380215  0.000005 -0.000000 -0.000006
128  -24.830622 -0.319618 4.380215  0.000036 0.000000 -0.000038
129  -26.182030 -0.319616 4.380215  -0.000011 -0.000000 0.000011
130  0.529180 -0.167127 0.629484  -0.101270 -0.000000 0.000000
131  -0.211444 -0.241685 0.155361  -0.145847 -0.000000 0.000000
132  0.529190 -0.280699 -0.110293  -0.145847 -0.000000 0.000000
133  -0.173927 -0.337326 -0.638495  -0.181751 -0.000000 0.000000
134  0.529189 -0.399246 -0.975394  -0.181751 -0.000000 0.000000
135  -0.211444 -0.464477 -1.431042  -0.192399 -0.000000 0.000000
136  0.529190 -0.515807 -1.694583  -0.192400 -0.000000 0.000000
137  -0.173928 -0.612150 -2.231912  -0.216703 -0.000000 0.000000
138  0.529188 -0.685804 -2.566440  -0.216703 -0.000000 0.000000
139  -0.211445 -0.769559 -3.027870  -0.237349 -0.000000 0.000000
140  0.529188 -0.832686 -3.288847  -0.237349 -0.000000 0.000000
141  -0.173937 -0.945280 -3.779564  -0.233859 0.000000 0.000000
142  0.529179 -1.024657 -4.112779  -0.233859 0.000000 0.000000
143  -0.211443 -1.132185 -4.577546  -0.262919 -0.000000 0.000000
144  0.529190 -1.201962 -4.836826  -0.262919 0.000000 0.000000
145  -0.000004 -2.810939 -10.636632  0.258454 0.000000 3.141592
146  -0.192455 -1.345776 -5.370045  -0.280373 0.000000 0.000000
147  0.533984 -1.413512 -5.605106  -0.276883 0.000000 0.000000
148  -0.206618 -1.795760 -6.909777  -0.287354 0.000000 0.000000
149  -0.205805 -1.564817 -6.138256  -0.290843 0.000000 0.000000
150  0.530460 -1.643674 -6.395215  -0.290844 0.000000 0.000000
151  0.535312 -1.790707 -7.204134  -0.287354 -0.000000 0.000000
152  -0.202703 -2.030487 -7.702831  -0.286180 -0.000000 0.000000
153  0.509548 -2.118891 -8.011623  -0.298398 -0.000000 0.000000
154  -0.202704 -2.255278 -8.465170  -0.283134 -0.000000 0.000000
155  0.509548 -2.352978 -8.771158  -0.295352 -0.000000 0.000000
156  -0.202704 -2.481596 -9.235471  -0.285437 -0.000000 0.000000
157  0.509546 -2.588682 -9.538640  -0.297654 -0.000000 0.000000
158  0.170123 -21.222090 -1.001139  -0.000001 -0.000001 0.000000
159  0.170122 -20.843861 -0.397183  -0.000001 -0.000001 0.000000
160  0.170122 -20.489742 -1.001140  -0.000001 -0.000001 0.000000
161  0.170123 -20.111067 -0.397182  -0.000001 -0.000001 0.000000
162  0.170122 -19.380085 -0.397186  -0.000001 -0.000001 0.000000
163  0.170123 -19.025106 -1.001145  -0.000001 -0.000001 0.000000
164  0.170123 -18.646656 -0.396447  -0.000001 -0.000001 0.000000
165  0.170124 -19.755758 -1.001141  -0.000001 -0.000001 0.000000
166  -0.015973 10.035401 1.098089  0.000000 -0.000000 -0.000000
167  -0.104322 -52.163574 4.437344  1.570735 -0.000061 -1.570735
168  0.064652 27.351288 72.195206  0.000000 -0.000000 -0.000001
169  6.064261 95.114014 31.645498  -0.000000 -0.000001 1.570796
170  -0.103716 -26.907864 3.305355  0.000000 0.000000 -1.570730
171  6.064258 69.096558 37.164322  1.570796 0.000000 1.570796
172  1.974303 11.989230 4.589250  0.000000 -0.000000 -0.000000
173  1.941735 0.883632 4.309755  0.000000 0.000000 -1.483525
174  -0.115678 1.104772 6.744191  0.000000 -0.000000 -0.000000
175  6.064261 89.329811 31.613920  -0.000000 -0.000001 1.570796
176  0.059887 2.255334 54.398010  0.000000 -0.000000 0.000000
177  0.003496 -22.270641 0.000144  1.570797 -0.000000 -1.570797
178  0.104010 14.792242 1.530320  0.000000 -0.000000 -0.000000
179  7.855577 0.694074 -4.755884  -0.438800 -2.725507 0.978226
180  -2.951666 25.811071 -3.742309  -0.096365 0.008023 -1.450340
181  -2.662412 1.445755 33.628746  0.000000 3.141591 1.570796
182  8.352072 2.772896 0.000541  -3.141589 0.000002 0.000000
183  -2.662411 1.445751 40.667957  0.000000 3.141591 1.570796
184  8.352066 2.772896 0.000543  -3.141589 0.000002 0.000000
185  -1.431355 16.384777 4.137811  0.000001 -0.000000 0.000000
186  -0.001844 0.521680 -0.140290  0.000000 -0.000000 -0.000000
187  7.323109 -5.136189 -5.166237  0.000000 0.000000 -0.610865
188  2.698278 -0.000001 -0.000002  -0.000012 0.000000 0.000001
189  2.834163 -0.000001 -0.000001  0.000013 0.000000 -0.000000
190  2.648918 -0.000002 0.000001  -0.000001 -0.000001 0.000000
191  2.667499 0.000007 0.000002  0.000000 0.000000 0.000000
192  2.426705 -0.000001 0.000002  0.000000 0.000000 -0.000000
193  -0.494744 -44.353447 -1.302299  1.570797 -0.000000 -1.570797
194  11.545938 73.768425 -3.792009  0.000000 -0.000000 -0.000000
195  0.055852 -6.877710 2.864591  0.000000 -0.000000 -0.000000
196  0.000000 0.000005 -1.529050  0.000000 -0.000000 -0.000000
197  -0.078942 -0.000002 0.000001  -0.000000 -0.000000 1.570730
198  0.097092 0.000000 0.000000  0.000001 -3.141592 1.570796
199  0.000000 0.000000 -0.000000  0.000000 -0.000000 -0.000000
200  -10.354863 -10.300663 -16.989016  -0.124689 -0.068541 -1.439184
201  0.707651 -35.314705 -16.210976  -0.406198 -2.649472 0.974167
time 7
0  0 0 0  0 0 0
1  0.000000 0.000000 0.000000  0.000000 -0.000000 -0.000000
2  -0.000000 -0.000000 -55.423229  0.000000 -0.000000 -1.570730
3  -0.012872 0.000000 8.235027  -0.784749 -1.570710 -0.785986
4  16.163124 -0.010663 0.007211  -0.594297 0.000409 -0.000125
5  16.163132 -0.000000 3.830524  -0.861179 -0.666315 -2.518588
6  14.868234 0.000001 0.000001  -0.183683 0.329129 -1.291767
7  26.391953 -0.000002 -0.000001  -0.000000 0.000000 -1.615869
8  0.000005 0.000002 0.000004  -0.117075 -0.000000 0.000000
9  3.093513 0.000001 0.000003  -0.234123 -0.000000 -0.000000
10  6.187021 -0.000001 0.000004  -0.351240 0.000000 -0.000000
11  9.280535 -0.000002 0.000004  -0.468333 0.000000 -0.000000
12  12.374046 -0.000004 0.000004  -0.585430 -0.000000 -0.000000
13  15.467560 -0.000003 0.000005  -0.702487 -0.000000 -0.000000
14  18.561058 -0.000002 0.000004  -0.819585 -0.000000 -0.000000
15  21.654573 -0.000006 0.000004  -2.473924 -0.038285 0.422465
16  1.410075 0.800533 -2.089136  1.734317 0.315084 0.145183
17  3.954713 0.000001 0.000002  0.046253 -0.132520 0.015654
18  3.101561 -0.000000 0.000001  0.045985 -0.031351 -0.046887
19  6.164472 -0.898151 2.575011  -0.174266 -0.404287 0.132327
20  2.805845 -0.000000 0.000001  0.000000 -0.000000 0.498571
21  2.307444 0.000003 0.000001  -0.000000 0.000000 0.337920
22  7.145097 -0.676341 -1.382429  0.220335 -0.287489 -0.232188
23  3.672223 -0.000003 -0.000001  0.000000 0.000000 0.419588
24  2.676518 -0.000003 -0.000000  -0.000000 0.000000 0.281516
25  6.831183 -0.870865 0.599916  0.068408 -0.318105 -0.096484
26  3.657081 0.000001 -0.000001  0.000000 0.000000 0.588043
27  2.496795 0.000001 0.000001  -0.000000 -0.000000 0.475364
28  7.183358 -0.532080 -3.267612  0.217442 -0.257890 -0.417239
29  3.511593 0.000001 0.000001  -0.000000 0.000000 0.181836
30  2.199400 -0.000001 0.000001  0.000000 -0.000000 0.320904
31  16.163136 0.000000 -3.830527  1.570796 0.636219 -1.571592
32  14.868245 -0.000000 -0.000001  0.451052 -0.566674 -2.130974
33  26.391951 0.000002 0.000001  -0.000000 0.000000 -1.882771
34  0.000001 -0.000000 0.000000  0.114507 0.000000 -0.000000
35  3.093511 -0.000001 0.000002  0.229023 0.000000 0.000000
36  6.187023 -0.000001 -0.000001  0.343556 0.000000 0.000000
37  9.280533 0.000000 -0.000000  0.458111 0.000000 0.000000
38  12.374035 0.000001 0.000001  0.572628 0.000000 -0.000000
39  15.467550 0.000000 -0.000002  0.687167 0.000000 0.000000
40  18.561066 -0.000000 -0.000001  0.801719 0.000000 0.000000
41  21.654566 -0.000002 0.000000  2.352976 -0.078739 0.632743
42  1.410071 0.800530 2.089145  -1.966491 -0.287076 0.559263
43  3.954710 -0.000002 -0.000001  -0.000000 -0.000000 0.375132
44  3.101566 0.000000 -0.000001  -0.000000 0.000000 0.790793
45  7.183348 -0.532091 3.267613  0.132056 0.202564 -0.446192
46  3.511594 -0.000000 -0.000001  0.000000 0.000000 0.660909
47  2.199415 0.000001 -0.000001  0.000000 0.000000 0.903220
48  7.145091 -0.676347 1.382430  0.255424 0.283825 0.886075
49  3.672210 -0.000001 -0.000000  -0.000000 -0.000000 1.435616
50  2.676520 0.000001 0.000001  -0.000000 0.000000 1.062915
51  6.831168 -0.870865 -0.599909  0.339890 0.115856 1.057859
52  3.657084 -0.000005 -0.000001  -0.000000 -0.000000 1.252193
53  2.496795 -0.000002 -0.000002  0.000000 0.000000 0.840195
54  6.164459 -0.898152 -2.575011  0.409526 -0.061317 1.152482
55  2.805847 0.000001 0.000002  0.000000 -0.000000 0.666009
56  2.307448 0.000001 -0.000002  0.000000 -0.000000 0.844543
57  0.000000 0.000000 -0.000000  -0.009581 -0.004338 -0.000834
58  -7.761336 -35.505432 -10.828559  -0.128910 -0.004757 0.012540
59  -0.000000 -19.069487 4.681029  -0.000000 -0.000000 0.000000
60  1.986525 0.000013 -3.123739  -2.705260 -0.000000 -1.570797
61  -1.986693 0.000015 -3.123745  0.436333 0.000001 1.570797
62  -0.000000 0.000002 -0.000000  -0.000000 -0.000000 0.000000
63  -1.530660 0.861428 -3.109957  0.392682 0.000010 1.570745
64  -11.344177 1.135888 0.869267  0.000328 -0.024963 -0.026314
65  1.907532 0.861424 -2.954428  -0.392858 -0.000004 1.570778
66  -11.350050 -0.729404 0.864872  0.000154 -0.025335 0.026430
67  1.754236 4.036766 -1.682665  0.392549 -0.010099 -1.546344
68  -1.755140 4.036763 -1.682667  -0.392547 -0.010382 -1.594901
69  -0.164555 5.734795 5.880446  0.000000 0.000000 -1.570730
70  1.203549 5.503730 4.339431  -0.000000 -0.000000 0.000000
71  -1.260174 5.668900 5.788550  0.070161 -0.418898 2.970131
72  1.185469 17.272337 1.821940  -0.000000 -0.000000 0.000000
73  0.060216 10.324394 74.469055  0.000008 -0.000000 0.000000
74  0.052673 -3.972629 3.515849  1.570735 -0.000061 -1.570735
75  4.804182 -3.856470 -0.006876  -0.000000 0.000000 -0.000000
76  -6.013991 -4.624462 0.000000  0.000000 0.000000 -0.000000
77  -65.574097 -37.156052 0.002938  -0.786968 1.570710 0.783786
78  1.602677 -3.785217 0.003048  -0.786479 1.570710 0.784259
79  11.681365 -1.114744 -1.027844  -0.785247 1.570710 0.785499
80  19.766768 -3.800926 0.000000  -0.000000 0.000000 -0.000000
81  3.258439 5.856954 -3.403523  -0.000000 -0.000000 -0.000000
82  15.153045 5.860580 -3.403520  0.000000 -0.000000 -0.000000
83  6.064257 77.294960 36.365799  1.570796 0.000000 1.570796
84  -2.662411 1.445760 40.667957  -0.000000 3.141591 1.570796
85  8.352066 2.772894 0.000538  -3.141589 0.000002 -0.000000
86  6.064257 72.973701 32.593250  1.570796 0.000000 1.570796
87  -0.113678 5.957339 -0.188893  -0.000000 -0.000000 0.000000
88  0.097225 0.210964 3.469587  -0.000000 -0.000000 0.000000
89  0.000002 1.310209 -0.000001  0.000000 -0.000000 0.000000
90  0.000001 0.582259 -0.000001  0.000000 -0.000000 0.000000
91  0.036297 1.284881 7.928798  -0.000000 -0.000001 0.000000
92  0.000001 1.310213 -0.000001  0.000000 -0.000000 0.000000
93  0.000000 0.582263 -0.000001  0.000000 -0.000000 0.000000
94  5.969323 3.427460 -6.170652  -0.000000 -0.000001 -1.570797
95  -1.310209 0.000001 -0.000001  0.000000 -0.000000 -0.000000
96  -0.582259 0.000000 -0.000002  0.000000 -0.000000 -0.000000
97  5.969322 9.397399 -6.170660  -0.000000 -0.000001 -1.570796
98  -1.310212 0.000000 -0.000002  0.000000 0.000000 -0.000000
99  -0.582260 -0.000000 -0.000000  0.000000 0.000000 -0.000000
100  5.969321 15.223770 -6.170671  0.000000 -0.000001 -1.570796
101  -1.310211 0.000002 0.000002  -0.000000 0.000000 -0.000000
102  -0.582259 0.000001 0.000002  -0.000000 0.000000 -0.000000
103  5.969323 20.835569 -6.170672  0.000000 -0.000001 -1.570796
104  -1.310211 0.000002 0.000004  -0.000000 0.000000 -0.000000
105  -0.582260 0.000000 0.000004  -0.000000 0.000000 -0.000000
106  5.969324 26.771208 -6.170674  0.000000 -0.000001 -1.570796
107  5.969322 32.597599 -6.170675  0.000000 -0.000001 -1.570796
108  5.969323 38.209396 -6.170688  0.000000 -0.000001 -1.570800
109  5.969322 49.488464 -6.170686  0.000000 -0.000001 -1.570800
110  -0.539091 -0.556807 -0.017364  -0.042462 2.681156 1.551919
111  -6.799123 -0.556806 0.818549  -0.272420 2.701993 1.452460
112  -4.615282 -0.556822 0.270326  -0.117230 2.684609 1.518878
113  -2.650968 -0.556807 0.063009  -0.042463 2.681158 1.551919
114  27.110338 1.284857 12.007548  -0.000000 -0.000000 0.000000
115  28.133423 1.284856 12.007547  0.000001 -0.000000 0.000000
116  12.812886 2.241786 12.007549  -0.000000 -0.000001 -0.000001
117  -9.955968 -0.319623 4.380214  -0.000001 -0.000000 -0.000001
118  -11.316474 -0.319622 4.380214  -0.000003 -0.000000 0.000000
119  -12.667810 -0.319622 4.380214  -0.000003 -0.000000 0.000001
120  -14.022141 -0.319620 4.380214  0.000010 -0.000000 -0.000011
121  -15.373238 -0.319621 4.380213  0.000015 -0.000000 -0.000015
122  -16.724144 -0.319621 4.380214  -0.000009 -0.000000 0.000006
123  -18.074574 -0.319620 4.380214  -0.000006 -0.000000 0.000004
124  -19.423716 -0.319619 4.380214  0.000002 0.000000 -0.000004
125  -20.775272 -0.319619 4.380214  0.000003 0.000000 -0.000004
126  -22.126673 -0.319620 4.380214  0.000003 -0.000000 -0.000004
127  -23.478123 -0.319617 4.380214  0.000005 -0.000000 -0.000006
128  -24.830620 -0.319619 4.380214  0.000036 -0.000000 -0.000038
129  -26.182028 -0.319616 4.380214  -0.000011 -0.000000 0.000011
130  0.529179 -0.167129 0.629483  -0.101270 -0.000000 0.000000
131  -0.211444 -0.241683 0.155359  -0.145847 -0.000000 0.000000
132  0.529190 -0.280702 -0.110293  -0.145847 -0.000000 0.000000
133  -0.173927 -0.337324 -0.638497  -0.181751 -0.000000 0.000000
134  0.529189 -0.399245 -0.975395  -0.181751 -0.000000 0.000000
135  -0.211444 -0.464476 -1.431043  -0.192399 -0.000000 0.000000
136  0.529189 -0.515808 -1.694585  -0.192400 -0.000000 0.000000
137  -0.173928 -0.612152 -2.231912  -0.216703 -0.000000 0.000000
138  0.529188 -0.685805 -2.566440  -0.216703 -0.000000 0.000000
139  -0.211445 -0.769561 -3.027872  -0.237349 -0.000000 0.000000
140  0.529188 -0.832686 -3.288847  -0.237349 -0.000000 0.000000
141  -0.173937 -0.945280 -3.779566  -0.233859 0.000000 0.000000
142  0.529179 -1.024658 -4.112781  -0.233859 0.000000 0.000000
143  -0.211444 -1.132187 -4.577547  -0.262919 -0.000000 0.000000
144  0.529190 -1.201965 -4.836826  -0.262919 0.000000 0.000000
145  -0.000005 -2.810942 -10.636632  0.258454 0.000000 3.141592
146  -0.192455 -1.345778 -5.370046  -0.280373 0.000000 0.000000
147  0.533984 -1.413514 -5.605106  -0.276883 0.000000 0.000000
148  -0.206618 -1.795757 -6.909779  -0.287354 0.000000 0.000000
149  -0.205805 -1.564816 -6.138258  -0.290843 0.000000 0.000000
150  0.530459 -1.643676 -6.395216  -0.290844 0.000000 0.000000
151  0.535312 -1.790711 -7.204133  -0.287354 -0.000000 0.000000
152  -0.202704 -2.030486 -7.702830  -0.286180 -0.000000 0.000000
153  0.509548 -2.118897 -8.011625  -0.298398 -0.000000 0.000000
154  -0.202703 -2.255279 -8.465172  -0.283134 -0.000000 0.000000
155  0.509548 -2.352976 -8.771161  -0.295352 -0.000000 0.000000
156  -0.202704 -2.481594 -9.235474  -0.285437 -0.000000 0.000000
157  0.509546 -2.588680 -9.538641  -0.297654 -0.000000 0.000000
158  0.170123 -21.222092 -1.001141  -0.000001 -0.000001 0.000000
159  0.170122 -20.843863 -0.397184  -0.000001 -0.000001 0.000000
160  0.170123 -20.489748 -1.001142  -0.000001 -0.000001 0.000000
161  0.170124 -20.111069 -0.397184  -0.000001 -0.000001 0.000000
162  0.170123 -19.380091 -0.397188  -0.000001 -0.000001 0.000000
163  0.170123 -19.025106 -1.001147  -0.000001 -0.000001 0.000000
164  0.170122 -18.646664 -0.396448  -0.000001 -0.000001 0.000000
165  0.170124 -19.755764 -1.001143  -0.000001 -0.000001 0.000000
166  -0.015973 10.035405 1.098089  -0.000000 -0.000000 0.000000
167  -0.104322 -52.163570 4.437344  1.570735 -0.000061 -1.570735
168  0.064652 27.351294 72.195213  -0.000000 -0.000000 -0.000001
169  6.064260 95.114014 31.645502  -0.000000 -0.000001 1.570796
170  -0.103715 -26.907862 3.305356  0.000000 0.000000 -1.570730
171  6.064257 69.096565 37.164318  1.570796 0.000000 1.570796
172  1.974303 11.989237 4.589250  0.000000 -0.000000 0.000000
173  1.941735 0.883637 4.309755  -0.000000 -0.000000 -1.483525
174  -0.115679 1.104782 6.744192  -0.000000 -0.000000 0.000000
175  6.064261 89.329803 31.613918  -0.000000 -0.000001 1.570796
176  0.059886 2.255337 54.398014  -0.000000 -0.000000 0.000000
177  0.003497 -22.270649 0.000147  1.570797 -0.000000 -1.570797
178  0.104011 14.792247 1.530319  -0.000000 -0.000000 0.000000
179  10.500250 4.051125 -7.940967  -0.315335 -2.668756 0.960992
180  -2.951665 25.811075 -3.742308  -0.096365 0.008023 -1.450340
181  -2.662412 1.445760 33.628742  -0.000000 3.141591 1.570796
182  8.352067 2.772894 0.000539  -3.141589 0.000002 -0.000000
183  -2.662411 1.445760 40.667957  -0.000000 3.141591 1.570796
184  8.352066 2.772894 0.000538  -3.141589 0.000002 -0.000000
185  -1.431355 16.384783 4.137810  0.000001 -0.000000 0.000000
186  -0.001844 0.521688 -0.140290  0.000000 -0.000000 -0.000000
187  7.323109 -5.136188 -5.166238  -0.000000 0.000000 -0.610865
188  2.698279 0.000000 0.000001  -0.000012 0.000000 0.000000
189  2.834160 -0.000001 -0.000001  0.000013 0.000000 0.000000
190  2.648922 -0.000003 0.000001  -0.000001 -0.000001 0.000000
191  2.667500 0.000002 0.000002  -0.000000 0.000000 0.000000
192  2.426708 -0.000011 -0.000001  -0.000000 0.000000 -0.000000
193  -0.494743 -44.353443 -1.302300  1.570797 -0.000000 -1.570797
194  11.545938 73.768425 -3.792009  0.000000 -0.000000 0.000000
195  0.055852 -6.877701 2.864591  -0.000000 -0.000000 0.000000
196  0.000000 -0.000002 -1.529051  -0.000000 -0.000000 0.000000
197  -0.078942 -0.000000 -0.000001  -0.000000 0.000000 1.570730
198  0.097092 -0.000004 -0.000001  0.000001 -3.141592 1.570796
199  0.000000 0.000000 -0.000000  0.000000 -0.000000 -0.000000
200  -10.994719 -10.428608 -17.873158  -0.107161 -0.120538 -1.437441
201  2.740481 -32.376949 -19.174215  -0.222740 -2.567703 0.926898
time 8
0  0 0 0  0 0 0
1  0.000000 0.000000 0.000000  0.000000 -0.000000 -0.000000
2  -0.000000 -0.000000 -55.423229  0.000000 -0.000000 -1.570730
3  -0.012872 0.000000 8.235027  -0.784749 -1.570710 -0.785986
4  16.163124 -0.010663 0.007211  -0.594297 0.000409 -0.000125
5  16.163132 -0.000000 3.830524  -0.986516 -0.599286 -2.436189
6  14.868233 0.000001 -0.000001  -0.103962 0.443512 -1.221832
7  26.391953 -0.000003 -0.000003  -0.000000 0.000000 -1.756382
8  -0.000005 0.000002 -0.000001  -0.093543 -0.000000 -0.000000
9  3.093510 0.000001 0.000001  -0.187107 -0.000000 -0.000000
10  6.187021 0.000002 0.000000  -0.280653 -0.000000 -0.000000
11  9.280531 -0.000001 -0.000001  -0.374262 -0.000000 -0.000000
12  12.374041 -0.000001 -0.000000  -0.467831 -0.000000 -0.000000
13  15.467554 0.000000 -0.000000  -0.561376 -0.000000 -0.000000
14  18.561056 0.000001 0.000001  -0.654975 -0.000000 -0.000000
15  21.654570 -0.000004 0.000001  -2.298692 -0.057037 0.346560
16  1.410070 0.800536 -2.089141  1.748536 0.317585 0.191858
17  3.954713 0.000002 0.000000  0.044474 -0.121713 0.041087
18  3.101560 -0.000002 0.000001  0.048533 -0.037002 -0.022699
19  6.164472 -0.898151 2.575005  -0.157061 -0.397602 0.134414
20  2.805842 0.000003 0.000002  0.000000 -0.000000 0.486865
21  2.307444 0.000004 -0.000001  -0.000000 -0.000000 0.326161
22  7.145095 -0.676339 -1.382435  0.216593 -0.274264 -0.230508
23  3.672218 -0.000002 0.000000  0.000000 0.000000 0.409733
24  2.676517 -0.000005 0.000001  0.000000 0.000000 0.273997
25  6.831179 -0.870859 0.599907  0.070821 -0.311405 -0.082356
26  3.657083 0.000001 -0.000000  0.000000 0.000000 0.552424
27  2.496794 0.000001 0.000001  -0.000000 -0.000000 0.457672
28  7.183358 -0.532081 -3.267617  0.210895 -0.237860 -0.418332
29  3.511594 0.000002 0.000001  -0.000000 -0.000000 0.200230
30  2.199404 -0.000003 -0.000002  0.000000 -0.000000 0.323934
31  16.163136 0.000000 -3.830527  1.528740 0.654008 -1.640651
32  14.868241 -0.000000 -0.000001  0.388271 -0.593315 -2.070134
33  26.391951 0.000001 0.000004  0.000000 0.000000 -1.865761
34  0.000002 -0.000001 0.000001  0.113162 0.000000 -0.000000
35  3.093514 -0.000005 0.000001  0.226381 -0.000000 0.000000
36  6.187024 -0.000002 0.000001  0.339591 -0.000000 0.000000
37  9.280536 -0.000002 0.000002  0.452848 -0.000000 0.000000
38  12.374041 -0.000003 0.000003  0.566014 -0.000000 -0.000000
39  15.467552 -0.000002 0.000000  0.679264 -0.000000 -0.000000
40  18.561068 -0.000002 0.000002  0.792447 -0.000000 0.000000
41  21.654570 -0.000004 0.000003  2.385227 -0.023490 0.565031
42  1.410071 0.800530 2.089145  -1.966491 -0.287076 0.559263
43  3.954710 -0.000001 -0.000001  0.000000 -0.000000 0.375132
44  3.101565 -0.000002 -0.000001  -0.000000 0.000000 0.790793
45  7.183347 -0.532093 3.267611  0.140599 0.172966 -0.425113
46  3.511594 -0.000000 0.000001  0.000000 0.000000 0.582498
47  2.199412 0.000001 0.000001  -0.000000 -0.000000 0.772046
48  7.145093 -0.676348 1.382429  0.255424 0.283825 0.886075
49  3.672211 -0.000002 -0.000001  -0.000000 -0.000000 1.435616
50  2.676521 0.000001 0.000000  -0.000000 -0.000000 1.062915
51  6.831168 -0.870865 -0.599909  0.339890 0.115856 1.057859
52  3.657083 -0.000000 0.000001  -0.000000 -0.000000 1.252193
53  2.496794 -0.000000 0.000000  0.000000 0.000000 0.840195
54  6.164460 -0.898153 -2.575012  0.409526 -0.061317 1.152482
55  2.805848 -0.000004 0.000001  0.000000 -0.000000 0.666008
56  2.307450 -0.000000 -0.000001  -0.000000 -0.000000 0.844543
57  0.000000 0.000000 -0.000000  -0.008420 -0.002210 -0.003104
58  -8.700859 -35.205849 -10.114409  -0.195922 -0.038986 0.015855
59  0.000000 -19.069475 4.681032  -0.000000 0.000000 -0.000000
60  1.986525 0.000015 -3.123736  -2.705260 -0.000000 -1.570797
61  -1.986691 0.000016 -3.123744  0.436333 0.000001 1.570797
62  0.000000 -0.000001 0.000001  -0.000000 0.000000 -0.000000
63  -1.530659 0.861425 -3.109957  0.392682 0.000010 1.570745
64  -11.344172 1.135887 0.869269  0.000328 -0.024963 -0.026314
65  1.907532 0.861424 -2.954426  -0.392858 -0.000004 1.570778
66  -11.350049 -0.729406 0.864871  0.000154 -0.025335 0.026430
67  1.754237 4.036763 -1.682666  0.392549 -0.010099 -1.546344
68  -1.755139 4.036761 -1.682664  -0.392547 -0.010382 -1.594901
69  -0.164555 5.734789 5.880445  0.000000 -0.000000 -1.570730
70  1.203549 5.503726 4.339430  -0.000000 0.000000 -0.000000
71  -1.260174 5.668899 5.788550  0.070161 -0.418898 2.970131
72  1.185469 17.272329 1.821939  -0.000000 0.000000 -0.000000
73  0.060217 10.324389 74.469048  0.000008 0.000000 0.000000
74  0.052673 -3.972628 3.515837  1.570735 -0.000061 -1.570735
75  4.804183 -3.856469 -0.006879  -0.000000 0.000000 0.000000
76  -6.013988 -4.624461 0.000000  0.000000 0.000000 -0.000000
77  -65.574089 -37.156052 0.002936  -0.786972 1.570710 0.783785
78  1.602682 -3.785217 0.003046  -0.786473 1.570710 0.784282
79  11.681366 -1.114743 -1.027845  -0.785257 1.570710 0.785553
80  19.766771 -3.800925 -0.000001  -0.000000 0.000000 0.000000
81  3.258438 5.856954 -3.403524  -0.000000 -0.000000 -0.000000
82  15.153046 5.860581 -3.403522  0.000000 -0.000000 0.000000
83  6.064256 77.294945 36.365791  1.570796 -0.000000 1.570796
84  -2.662411 1.445756 40.667953  -0.000000 3.141591 1.570796
85  8.352065 2.772897 0.000540  -3.141589 0.000002 -0.000000
86  6.064255 72.973686 32.593246  1.570796 -0.000000 1.570796
87  -0.113677 5.957337 -0.188894  -0.000000 0.000000 -0.000000
88  0.097226 0.210958 3.469587  -0.000000 0.000000 -0.000000
89  0.000001 1.310211 -0.000000  0.000000 0.000000 0.000000
90  0.000001 0.582261 -0.000001  0.000000 0.000000 0.000000
91  0.036297 1.284878 7.928799  0.000000 -0.000001 0.000000
92  -0.000001 1.310209 0.000000  0.000000 -0.000000 0.000000
93  -0.000001 0.582258 0.000001  0.000000 -0.000000 0.000000
94  5.969323 3.427454 -6.170648  -0.000000 -0.000001 -1.570797
95  -1.310213 0.000001 0.000002  0.000000 -0.000000 -0.000000
96  -0.582262 0.000000 0.000001  0.000000 -0.000000 -0.000000
97  5.969324 9.397396 -6.170658  -0.000000 -0.000001 -1.570796
98  -1.310211 -0.000000 0.000003  0.000000 0.000000 -0.000000
99  -0.582261 -0.000001 0.000000  0.000000 0.000000 -0.000000
100  5.969322 15.223766 -6.170667  -0.000000 -0.000001 -1.570796
101  -1.310212 0.000002 0.000004  -0.000000 0.000000 -0.000000
102  -0.582261 0.000001 0.000002  -0.000000 0.000000 -0.000000
103  5.969323 20.835566 -6.170670  -0.000000 -0.000001 -1.570796
104  -1.310210 0.000002 0.000005  -0.000000 0.000000 -0.000000
105  -0.582260 0.000000 0.000002  -0.000000 0.000000 -0.000000
106  5.969324 26.771206 -6.170669  -0.000000 -0.000001 -1.570796
107  5.969323 32.597591 -6.170674  -0.000000 -0.000001 -1.570796
108  5.969324 38.209393 -6.170683  -0.000000 -0.000001 -1.570800
109  5.969323 49.488457 -6.170684  -0.000000 -0.000001 -1.570800
110  -0.539090 -0.556810 -0.017361  -0.042462 2.681156 1.551919
111  -6.799122 -0.556808 0.818551  -0.272420 2.701993 1.452460
112  -4.615281 -0.556825 0.270329  -0.117230 2.684609 1.518878
113  -2.650968 -0.556811 0.063012  -0.042463 2.681158 1.551919
114  27.110338 1.284854 12.007549  -0.000000 -0.000000 -0.000000
115  28.133425 1.284854 12.007548  0.000001 -0.000000 -0.000000
116  12.812886 2.241783 12.007550  -0.000000 -0.000001 -0.000001
117  -9.955967 -0.319625 4.380216  -0.000001 -0.000000 -0.000001
118  -11.316472 -0.319623 4.380217  -0.000003 -0.000000 -0.000000
119  -12.667810 -0.319624 4.380216  -0.000003 -0.000000 0.000001
120  -14.022140 -0.319623 4.380216  0.000010 -0.000000 -0.000011
121  -15.373239 -0.319624 4.380215  0.000015 -0.000000 -0.000015
122  -16.724138 -0.319622 4.380216  -0.000009 -0.000000 0.000006
123  -18.074568 -0.319620 4.380216  -0.000006 -0.000000 0.000004
124  -19.423714 -0.319621 4.380216  0.000002 0.000000 -0.000004
125  -20.775269 -0.319621 4.380216  0.000003 0.000000 -0.000004
126  -22.126667 -0.319619 4.380216  0.000003 0.000000 -0.000004
127  -23.478119 -0.319621 4.380216  0.000005 0.000000 -0.000006
128  -24.830618 -0.319621 4.380216  0.000036 0.000000 -0.000038
129  -26.182024 -0.319619 4.380216  -0.000011 0.000000 0.000011
130  0.529180 -0.167131 0.629485  -0.101270 -0.000000 0.000000
131  -0.211443 -0.241687 0.155363  -0.145847 -0.000000 0.000000
132  0.529191 -0.280703 -0.110291  -0.145847 -0.000000 0.000000
133  -0.173926 -0.337329 -0.638494  -0.181751 -0.000000 0.000000
134  0.529190 -0.399247 -0.975392  -0.181751 -0.000000 0.000000
135  -0.211443 -0.464478 -1.431039  -0.192399 -0.000000 0.000000
136  0.529190 -0.515809 -1.694581  -0.192399 -0.000000 0.000000
137  -0.173928 -0.612154 -2.231909  -0.216703 -0.000000 0.000000
138  0.529189 -0.685807 -2.566437  -0.216703 -0.000000 0.000000
139  -0.211445 -0.769563 -3.027869  -0.237349 -0.000000 0.000000
140  0.529189 -0.832689 -3.288845  -0.237349 -0.000000 0.000000
141  -0.173937 -0.945283 -3.779562  -0.233859 0.000000 0.000000
142  0.529179 -1.024659 -4.112779  -0.233859 0.000000 0.000000
143  -0.211444 -1.132189 -4.577545  -0.262919 -0.000000 0.000000
144  0.529191 -1.201966 -4.836825  -0.262919 0.000000 0.000000
145  -0.000004 -2.810944 -10.636629  0.258454 0.000000 3.141592
146  -0.192455 -1.345779 -5.370043  -0.280373 0.000000 0.000000
147  0.533985 -1.413514 -5.605102  -0.276883 0.000000 0.000000
148  -0.206618 -1.795761 -6.909776  -0.287354 0.000000 0.000000
149  -0.205804 -1.564817 -6.138254  -0.290843 0.000000 0.000000
150  0.530460 -1.643677 -6.395212  -0.290844 0.000000 0.000000
151  0.535312 -1.790710 -7.204129  -0.287354 -0.000000 0.000000
152  -0.202702 -2.030485 -7.702827  -0.286180 -0.000000 0.000000
153  0.509549 -2.118898 -8.011621  -0.298398 -0.000000 0.000000
154  -0.202703 -2.255281 -8.465171  -0.283134 -0.000000 0.000000
155  0.509548 -2.352984 -8.771158  -0.295352 -0.000000 0.000000
156  -0.202703 -2.481596 -9.235468  -0.285437 -0.000000 0.000000
157  0.509547 -2.588683 -9.538636  -0.297654 -0.000000 0.000000
158  0.170123 -21.222094 -1.001140  -0.000001 -0.000001 0.000000
159  0.170123 -20.843868 -0.397182  -0.000001 -0.000001 0.000000
160  0.170123 -20.489742 -1.001138  -0.000001 -0.000001 0.000000
161  0.170123 -20.111069 -0.397181  -0.000001 -0.000001 0.000000
162  0.170124 -19.380091 -0.397185  -0.000001 -0.000001 0.000000
163  0.170123 -19.025105 -1.001143  -0.000001 -0.000001 0.000000
164  0.170124 -18.646662 -0.396446  -0.000001 -0.000001 0.000000
165  0.170125 -19.755760 -1.001140  -0.000001 -0.000001 0.000000
166  -0.015973 10.035402 1.098089  -0.000000 0.000000 -0.000000
167  -0.104322 -52.163567 4.437344  1.570735 -0.000061 -1.570735
168  0.064653 27.351290 72.195198  -0.000000 -0.000000 -0.000001
169  6.064260 95.114006 31.645494  0.000000 -0.000001 1.570796
170  -0.103715 -26.907862 3.305355  0.000000 -0.000000 -1.570730
171  6.064257 69.096550 37.164310  1.570796 -0.000000 1.570796
172  1.974303 11.989234 4.589249  0.000000 0.000000 -0.000000
173  1.941735 0.883631 4.309753  -0.000000 0.000000 -1.483525
174  -0.115678 1.104775 6.744190  -0.000000 0.000000 -0.000000
175  6.064261 89.329803 31.613911  0.000000 -0.000001 1.570796
176  0.059886 2.255335 54.398003  -0.000000 0.000000 0.000000
177  0.003497 -22.270647 0.000147  1.570797 0.000000 -1.570797
178  0.104010 14.792242 1.530318  -0.000000 0.000000 -0.000000
179  12.934442 7.935155 -11.226121  -0.217251 -2.644939 0.967181
180  -2.951665 25.811068 -3.742307  -0.096365 0.008023 -1.450340
181  -2.662412 1.445760 33.628738  -0.000000 3.141591 1.570796
182  8.352065 2.772897 0.000543  -3.141589 0.000002 -0.000000
183  -2.662411 1.445756 40.667953  -0.000000 3.141591 1.570796
184  8.352065 2.772897 0.000540  -3.141589 0.000002 -0.000000
185  -1.431356 16.384781 4.137809  0.000001 0.000000 0.000000
186  -0.001844 0.521683 -0.140290  0.000000 0.000000 -0.000000
187  7.323109 -5.136189 -5.166238  0.000000 0.000000 -0.610865
188  2.698280 -0.000003 -0.000002  -0.000012 0.000000 0.000001
189  2.834159 -0.000003 0.000002  0.000013 0.000000 -0.000000
190  2.648921 -0.000002 -0.000000  -0.000001 -0.000001 0.000000
191  2.667502 -0.000006 0.000000  0.000000 0.000000 0.000000
192  2.426700 -0.000004 0.000001  0.000000 0.000000 -0.000000
193  -0.494743 -44.353447 -1.302300  1.570797 -0.000000 -1.570797
194  11.545937 73.768410 -3.792010  0.000000 0.000000 -0.000000
195  0.055852 -6.877707 2.864590  -0.000000 0.000000 -0.000000
196  0.000001 0.000002 -1.529051  -0.000000 0.000000 -0.000000
197  -0.078941 0.000001 -0.000000  0.000000 0.000000 1.570730
198  0.097091 0.000000 0.000000  0.000001 -3.141592 1.570796
199  0.000000 0.000000 -0.000000  0.000000 -0.000000 -0.000000
200  -11.701670 -10.661861 -18.918699  -0.080767 -0.191060 -1.439683
201  4.622895 -29.395536 -22.156401  -0.039940 -2.512663 0.884273
time 9
0  0 0 0  0 0 0
1  0.000000 0.000000 0.000000  0.000000 -0.000000 -0.000000
2  -0.000000 -0.000000 -55.423229  0.000000 -0.000000 -1.570730
3  -0.012872 0.000000 8.235027  -0.784749 -1.570710 -0.785986
4  16.163124 -0.010663 0.007211  -0.594297 0.000409 -0.000125
5  16.163132 -0.000000 3.830524  -1.099947 -0.523144 -2.366339
6  14.868233 0.000001 -0.000001  0.008301 0.544095 -1.132518
7  26.391953 -0.000001 -0.000002  -0.000000 0.000000 -1.871821
8  0.000002 -0.000000 0.000000  -0.070146 -0.000000 -0.000000
9  3.093513 -0.000002 -0.000001  -0.140378 -0.000000 -0.000000
10  6.187022 -0.000001 -0.000000  -0.210539 -0.000000 -0.000000
11  9.280533 -0.000003 0.000000  -0.280776 -0.000000 -0.000000
12  12.374045 -0.000005 0.000001  -0.350930 -0.000000 -0.000000
13  15.467558 -0.000008 0.000002  -0.421148 -0.000000 -0.000000
14  18.561056 -0.000006 -0.000000  -0.491331 -0.000000 -0.000000
15  21.654575 -0.000005 0.000003  -2.121606 -0.062674 0.268431
16  1.410071 0.800535 -2.089139  1.763472 0.319190 0.239900
17  3.954712 -0.000003 0.000001  0.042944 -0.111143 0.067025
18  3.101563 0.000000 0.000003  0.050999 -0.043162 0.002075
19  6.164474 -0.898152 2.575008  -0.140786 -0.390473 0.139332
20  2.805845 0.000001 0.000002  0.000000 0.000000 0.475050
21  2.307442 0.000003 0.000001  0.000000 0.000000 0.314352
22  7.145095 -0.676341 -1.382433  0.212565 -0.261414 -0.227963
23  3.672218 0.000000 -0.000001  0.000000 0.000000 0.401321
24  2.676513 -0.000002 0.000002  -0.000000 0.000000 0.268083
25  6.831182 -0.870863 0.599909  0.072757 -0.304781 -0.066120
26  3.657079 0.000002 -0.000001  0.000000 0.000000 0.517805
27  2.496793 -0.000002 0.000004  -0.000000 -0.000000 0.439892
28  7.183361 -0.532085 -3.267614  0.204188 -0.218451 -0.419024
29  3.511596 0.000000 0.000002  -0.000000 0.000000 0.219564
30  2.199403 -0.000001 -0.000000  0.000000 -0.000000 0.328264
31  16.163136 0.000000 -3.830527  1.463166 0.671682 -1.743503
32  14.868240 -0.000000 -0.000001  0.300445 -0.616134 -1.992978
33  26.391953 0.000003 0.000004  0.000000 0.000000 -1.850466
34  0.000001 0.000000 -0.000002  0.113223 0.000000 -0.000000
35  3.093512 -0.000003 -0.000001  0.226443 0.000000 0.000000
36  6.187025 -0.000001 -0.000001  0.339715 0.000000 0.000000
37  9.280534 0.000001 0.000000  0.452973 -0.000000 -0.000000
38  12.374039 -0.000001 -0.000003  0.566205 -0.000000 -0.000000
39  15.467548 -0.000000 -0.000001  0.679458 -0.000000 -0.000000
40  18.561064 -0.000001 -0.000001  0.792711 0.000000 0.000000
41  21.654566 -0.000002 -0.000002  2.425280 0.043567 0.504526
42  1.410071 0.800527 2.089146  -1.966491 -0.287076 0.559263
43  3.954708 -0.000001 -0.000001  0.000000 -0.000000 0.375132
44  3.101566 0.000001 -0.000000  -0.000000 -0.000000 0.790793
45  7.183348 -0.532094 3.267612  0.155160 0.126268 -0.374701
46  3.511592 -0.000001 -0.000003  -0.000000 0.000000 0.495548
47  2.199412 -0.000003 -0.000000  0.000000 0.000000 0.579631
48  7.145093 -0.676349 1.382429  0.255424 0.283825 0.886075
49  3.672209 0.000002 0.000001  -0.000000 -0.000000 1.435616
50  2.676519 -0.000001 0.000002  -0.000000 0.000000 1.062915
51  6.831167 -0.870867 -0.599913  0.339890 0.115856 1.057859
52  3.657082 -0.000002 -0.000001  -0.000000 -0.000000 1.252192
53  2.496794 -0.000000 0.000001  0.000000 0.000000 0.840195
54  6.164459 -0.898154 -2.575011  0.409526 -0.061317 1.152482
55  2.805849 -0.000001 -0.000003  0.000000 -0.000000 0.666009
56  2.307445 -0.000001 -0.000003  0.000000 0.000000 0.844543
57  0.000000 0.000000 -0.000000  -0.006654 0.000287 -0.005433
58  -9.830135 -34.773682 -9.156452  -0.276914 -0.079592 0.019423
59  -0.000001 -19.069471 4.681033  0.000000 0.000000 -0.000000
60  1.986525 0.000014 -3.123738  -2.705260 -0.000000 -1.570797
61  -1.986691 0.000013 -3.123745  0.436333 0.000001 1.570797
62  0.000001 -0.000000 -0.000000  0.000000 0.000000 -0.000000
63  -1.530659 0.861424 -3.109959  0.392682 0.000010 1.570745
64  -11.344165 1.135888 0.869266  0.000328 -0.024963 -0.026314
65  1.907533 0.861424 -2.954427  -0.392858 -0.000004 1.570778
66  -11.350049 -0.729405 0.864871  0.000154 -0.025335 0.026430
67  1.754238 4.036763 -1.682667  0.392549 -0.010099 -1.546344
68  -1.755139 4.036761 -1.682667  -0.392547 -0.010382 -1.594901
69  -0.164556 5.734793 5.880446  -0.000000 -0.000000 -1.570730
70  1.203547 5.503725 4.339429  0.000000 0.000000 -0.000000
71  -1.260174 5.668898 5.788550  0.070161 -0.418898 2.970131
72  1.185467 17.272331 1.821939  0.000000 0.000000 -0.000000
73  0.060216 10.324387 74.469055  0.000008 0.000000 0.000000
74  0.052672 -3.972630 3.515837  1.570735 -0.000061 -1.570735
75  4.804182 -3.856468 -0.006877  -0.000000 0.000000 0.000000
76  -6.013988 -4.624460 0.000000  0.000000 0.000000 0.000000
77  -65.574097 -37.156052 0.002938  -0.786926 1.570710 0.783768
78  1.602683 -3.785216 0.003046  -0.786507 1.570710 0.784259
79  11.681366 -1.114742 -1.027843  -0.785270 1.570710 0.785467
80  19.766768 -3.800924 -0.000001  -0.000000 0.000000 0.000000
81  3.258441 5.856954 -3.403523  -0.000000 -0.000000 -0.000000
82  15.153050 5.860581 -3.403521  -0.000000 -0.000000 0.000000
83  6.064255 77.294960 36.365799  1.570796 -0.000000 1.570796
84  -2.662412 1.445755 40.667957  -0.000000 3.141591 1.570796
85  8.352066 2.772896 0.000543  -3.141589 0.000002 -0.000000
86  6.064255 72.973694 32.593254  1.570796 -0.000000 1.570796
87  -0.113679 5.957332 -0.188898  0.000000 0.000000 -0.000000
88  0.097226 0.210963 3.469588  0.000000 0.000000 -0.000000
89  0.000001 1.310211 -0.000000  0.000000 0.000000 0.000000
90  0.000000 0.582260 0.000001  0.000000 0.000000 0.000000
91  0.036299 1.284884 7.928800  0.000000 -0.000001 0.000000
92  0.000001 1.310212 -0.000001  0.000000 0.000000 0.000000
93  0.000001 0.582261 -0.000000  0.000000 0.000000 0.000000
94  5.969325 3.427460 -6.170647  -0.000000 -0.000001 -1.570797
95  -1.310210 0.000001 -0.000001  0.000000 0.000000 -0.000000
96  -0.582260 0.000000 -0.000001  0.000000 0.000000 -0.000000
97  5.969325 9.397401 -6.170659  -0.000000 -0.000001 -1.570796
98  -1.310210 -0.000000 -0.000001  0.000000 0.000000 -0.000000
99  -0.582258 -0.000001 -0.000001  0.000000 0.000000 -0.000000
100  5.969324 15.223771 -6.170669  -0.000000 -0.000001 -1.570796
101  -1.310211 0.000002 0.000001  -0.000000 0.000000 -0.000000
102  -0.582261 0.000001 -0.000001  -0.000000 0.000000 -0.000000
103  5.969325 20.835571 -6.170671  -0.000000 -0.000001 -1.570796
104  -1.310212 0.000002 0.000003  -0.000000 0.000000 -0.000000
105  -0.582262 0.000000 0.000003  -0.000000 0.000000 -0.000000
106  5.969326 26.771212 -6.170671  -0.000000 -0.000001 -1.570796
107  5.969324 32.597595 -6.170675  -0.000000 -0.000001 -1.570796
108  5.969325 38.209396 -6.170684  -0.000000 -0.000001 -1.570800
109  5.969324 49.488468 -6.170681  -0.000000 -0.000001 -1.570800
110  -0.539089 -0.556807 -0.017361  -0.042462 2.681156 1.551919
111  -6.799121 -0.556803 0.818550  -0.272420 2.701993 1.452460
112  -4.615282 -0.556820 0.270329  -0.117230 2.684609 1.518878
113  -2.650968 -0.556806 0.063012  -0.042463 2.681158 1.551919
114  27.110338 1.284858 12.007549  0.000000 -0.000000 -0.000000
115  28.133427 1.284857 12.007548  0.000001 -0.000000 -0.000000
116  12.812887 2.241787 12.007551  0.000000 -0.000001 -0.000001
117  -9.955963 -0.319621 4.380216  -0.000001 -0.000000 -0.000001
118  -11.316472 -0.319621 4.380216  -0.000003 -0.000000 0.000000
119  -12.667809 -0.319621 4.380216  -0.000003 -0.000000 0.000001
120  -14.022141 -0.319622 4.380217  0.000010 -0.000000 -0.000011
121  -15.373239 -0.319619 4.380215  0.000015 -0.000000 -0.000015
122  -16.724140 -0.319618 4.380216  -0.000009 -0.000000 0.000006
123  -18.074570 -0.319619 4.380215  -0.000006 0.000000 0.000004
124  -19.423716 -0.319619 4.380216  0.000002 0.000000 -0.000004
125  -20.775269 -0.319618 4.380216  0.000003 0.000000 -0.000004
126  -22.126669 -0.319619 4.380216  0.000003 0.000000 -0.000004
127  -23.478123 -0.319616 4.380218  0.000005 0.000000 -0.000006
128  -24.830620 -0.319617 4.380217  0.000036 0.000000 -0.000038
129  -26.182028 -0.319615 4.380217  -0.000011 0.000000 0.000011
130  0.529181 -0.167129 0.629485  -0.101270 -0.000000 0.000000
131  -0.211442 -0.241681 0.155363  -0.145847 -0.000000 0.000000
132  0.529191 -0.280701 -0.110291  -0.145847 -0.000000 0.000000
133  -0.173926 -0.337323 -0.638495  -0.181751 -0.000000 0.000000
134  0.529191 -0.399244 -0.975392  -0.181751 -0.000000 0.000000
135  -0.211443 -0.464475 -1.431040  -0.192399 -0.000000 0.000000
136  0.529190 -0.515805 -1.694582  -0.192399 -0.000000 0.000000
137  -0.173927 -0.612151 -2.231909  -0.216703 -0.000000 0.000000
138  0.529189 -0.685803 -2.566438  -0.216703 -0.000000 0.000000
139  -0.211444 -0.769558 -3.027868  -0.237349 -0.000000 0.000000
140  0.529189 -0.832685 -3.288846  -0.237349 -0.000000 0.000000
141  -0.173935 -0.945279 -3.779562  -0.233859 0.000000 0.000000
142  0.529180 -1.024657 -4.112778  -0.233859 0.000000 0.000000
143  -0.211441 -1.132182 -4.577547  -0.262919 -0.000000 0.000000
144  0.529192 -1.201963 -4.836823  -0.262919 0.000000 0.000000
145  -0.000004 -2.810941 -10.636628  0.258454 0.000000 3.141592
146  -0.192454 -1.345777 -5.370044  -0.280373 0.000000 0.000000
147  0.533985 -1.413509 -5.605102  -0.276883 0.000000 0.000000
148  -0.206616 -1.795758 -6.909779  -0.287354 0.000000 0.000000
149  -0.205804 -1.564818 -6.138257  -0.290843 0.000000 0.000000
150  0.530461 -1.643673 -6.395214  -0.290844 0.000000 0.000000
151  0.535313 -1.790707 -7.204130  -0.287354 -0.000000 0.000000
152  -0.202702 -2.030484 -7.702829  -0.286180 -0.000000 0.000000
153  0.509550 -2.118896 -8.011623  -0.298398 -0.000000 0.000000
154  -0.202701 -2.255277 -8.465173  -0.283134 -0.000000 0.000000
155  0.509550 -2.352978 -8.771159  -0.295352 -0.000000 0.000000
156  -0.202703 -2.481592 -9.235468  -0.285437 -0.000000 0.000000
157  0.509548 -2.588682 -9.538634  -0.297654 -0.000000 0.000000
158  0.170124 -21.222086 -1.001138  -0.000001 -0.000001 0.000000
159  0.170124 -20.843864 -0.397183  -0.000001 -0.000001 0.000000
160  0.170124 -20.489744 -1.001139  -0.000001 -0.000001 0.000000
161  0.170125 -20.111071 -0.397182  -0.000001 -0.000001 0.000000
162  0.170123 -19.380089 -0.397186  -0.000001 -0.000001 0.000000
163  0.170125 -19.025106 -1.001144  -0.000001 -0.000001 0.000000
164  0.170124 -18.646658 -0.396446  -0.000001 -0.000001 0.000000
165  0.170125 -19.755760 -1.001141  -0.000001 -0.000001 0.000000
166  -0.015973 10.035403 1.098090  0.000000 0.000000 -0.000000
167  -0.104323 -52.163586 4.437340  1.570735 -0.000061 -1.570735
168  0.064652 27.351292 72.195206  -0.000000 -0.000000 -0.000001
169  6.064260 95.114021 31.645504  0.000000 -0.000001 1.570796
170  -0.103717 -26.907869 3.305357  -0.000000 -0.000000 -1.570730
171  6.064255 69.096565 37.164322  1.570796 -0.000000 1.570796
172  1.974302 11.989234 4.589250  0.000000 0.000000 -0.000000
173  1.941734 0.883635 4.309753  -0.000000 0.000000 -1.483525
174  -0.115679 1.104779 6.744191  0.000000 0.000000 -0.000000
175  6.064260 89.329811 31.613920  0.000000 -0.000001 1.570796
176  0.059885 2.255335 54.398010  0.000000 0.000000 0.000000
177  0.003498 -22.270647 0.000149  1.570797 0.000000 -1.570797
178  0.104009 14.792245 1.530320  0.000000 0.000000 -0.000000
179  15.007956 12.474479 -14.384300  -0.137371 -2.658228 0.991723
180  -2.951666 25.811073 -3.742309  -0.096365 0.008023 -1.450340
181  -2.662414 1.445760 33.628742  -0.000000 3.141591 1.570796
182  8.352063 2.772896 0.000542  -3.141589 0.000002 -0.000000
183  -2.662412 1.445755 40.667957  -0.000000 3.141591 1.570796
184  8.352066 2.772896 0.000543  -3.141589 0.000002 -0.000000
185  -1.431357 16.384779 4.137812  0.000001 0.000000 0.000000
186  -0.001846 0.521683 -0.140290  0.000000 0.000000 -0.000000
187  7.323109 -5.136192 -5.166237  -0.000000 0.000000 -0.610865
188  2.698275 -0.000000 -0.000002  -0.000012 0.000000 0.000000
189  2.834158 0.000000 -0.000000  0.000013 0.000000 0.000000
190  2.648915 -0.000003 0.000001  -0.000001 -0.000001 0.000000
191  2.667495 0.000001 -0.000001  -0.000000 0.000000 -0.000000
192  2.426700 0.000000 0.000001  -0.000000 0.000000 -0.000000
193  -0.494744 -44.353447 -1.302298  1.570797 0.000000 -1.570797
194  11.545937 73.768425 -3.792009  0.000000 0.000000 -0.000000
195  0.055850 -6.877709 2.864591  0.000000 0.000000 -0.000000
196  0.000000 -0.000008 -1.529053  0.000000 0.000000 -0.000000
197  -0.078941 0.000002 -0.000001  0.000000 -0.000000 1.570730
198  0.097093 0.000004 -0.000000  0.000001 -3.141592 1.570796
199  0.000000 0.000000 -0.000000  0.000000 -0.000000 -0.000000
200  -12.388025 -11.014946 -20.014986  -0.048350 -0.275885 -1.448449
201  6.341809 -26.391422 -25.155357  0.138279 -2.486881 0.850413
time 10
0  0 0 0  0 0 0
1  0.000000 0.000000 0.000000  0.000000 -0.000000 -0.000000
2  -0.000000 -0.000000 -55.423229  0.000000 -0.000000 -1.570730
3  -0.012872 0.000000 8.235027  -0.784749 -1.570710 -0.785986
4  16.163124 -0.010663 0.007211  -0.594297 0.000409 -0.000125
5  16.163132 -0.000000 3.830524  -1.201681 -0.440173 -2.308747
6  14.868235 0.000001 -0.000001  0.155922 0.622264 -1.018306
7  26.391949 -0.000007 -0.000003  -0.000000 -0.000000 -1.961984
8  -0.000000 0.000002 0.000005  -0.047247 -0.000000 -0.000000
9  3.093512 0.000004 0.000000  -0.094521 -0.000000 -0.000000
10  6.187017 0.000001 0.000002  -0.141847 -0.000000 -0.000000
11  9.280531 0.000000 0.000004  -0.189130 -0.000000 -0.000000
12  12.374043 -0.000003 0.000005  -0.236397 -0.000000 -0.000000
13  15.467556 -0.000002 0.000003  -0.283674 -0.000000 -0.000000
14  18.561058 -0.000003 0.000005  -0.330987 -0.000000 -0.000000
15  21.654573 -0.000001 0.000004  -1.944795 -0.054960 0.190680
16  1.410074 0.800535 -2.089138  1.779113 0.320169 0.289054
17  3.954711 0.000005 0.000004  0.041688 -0.100744 0.092987
18  3.101562 0.000003 0.000003  0.053255 -0.049574 0.026959
19  6.164476 -0.898152 2.575007  -0.125132 -0.382952 0.146328
20  2.805846 0.000002 -0.000000  0.000000 -0.000000 0.463126
21  2.307442 -0.000000 0.000002  -0.000000 0.000000 0.302430
22  7.145098 -0.676342 -1.382430  0.208322 -0.248657 -0.224781
23  3.672218 0.000000 -0.000004  0.000000 0.000000 0.393787
24  2.676517 -0.000000 0.000001  0.000000 0.000000 0.263157
25  6.831183 -0.870862 0.599912  0.074397 -0.298147 -0.048424
26  3.657082 0.000001 -0.000002  0.000000 0.000000 0.483784
27  2.496794 0.000000 0.000002  -0.000000 -0.000000 0.421960
28  7.183362 -0.532083 -3.267615  0.197271 -0.199273 -0.419511
29  3.511592 0.000001 -0.000001  -0.000000 0.000000 0.239409
30  2.199405 0.000000 0.000000  0.000000 -0.000000 0.333524
31  16.163136 0.000000 -3.830527  1.380643 0.686585 -1.866387
32  14.868243 0.000000 -0.000000  0.197113 -0.633402 -1.904711
33  26.391951 0.000000 0.000009  0.000000 0.000000 -1.838341
34  -0.000002 0.000000 0.000003  0.113040 0.000000 -0.000000
35  3.093510 -0.000001 0.000004  0.226135 0.000000 0.000000
36  6.187021 -0.000001 0.000001  0.339158 0.000000 0.000000
37  9.280531 -0.000001 0.000002  0.452284 0.000000 -0.000000
38  12.374035 -0.000000 0.000001  0.565315 0.000000 -0.000000
39  15.467546 0.000000 0.000002  0.678423 -0.000000 -0.000000
40  18.561062 -0.000001 0.000003  0.791455 0.000000 -0.000000
41  21.654562 -0.000000 0.000004  2.461974 0.123308 0.452985
42  1.410070 0.800530 2.089145  -1.966491 -0.287076 0.559263
43  3.954708 0.000002 -0.000002  0.000000 -0.000000 0.375132
44  3.101564 -0.000001 -0.000001  -0.000000 -0.000000 0.790793
45  7.183348 -0.532090 3.267613  0.170062 0.070106 -0.308724
46  3.511590 -0.000001 -0.000004  0.000000 -0.000000 0.407426
47  2.199411 -0.000001 0.000000  0.000000 -0.000000 0.357130
48  7.145096 -0.676347 1.382431  0.255424 0.283825 0.886075
49  3.672210 0.000002 0.000000  -0.000000 -0.000000 1.435616
50  2.676522 -0.000001 0.000001  -0.000000 0.000000 1.062915
51  6.831169 -0.870865 -0.599912  0.339890 0.115856 1.057859
52  3.657081 -0.000001 0.000002  -0.000000 -0.000000 1.252193
53  2.496796 0.000002 0.000002  0.000000 0.000000 0.840195
54  6.164460 -0.898151 -2.575012  0.409526 -0.061317 1.152482
55  2.805847 -0.000000 -0.000002  0.000000 0.000000 0.666009
56  2.307446 0.000002 -0.000002  -0.000000 -0.000000 0.844543
57  0.000000 0.000000 -0.000000  -0.004590 0.003034 -0.007698
58  -11.097419 -34.197128 -8.091476  -0.368640 -0.122304 0.023202
59  0.000001 -19.069489 4.681026  0.000000 -0.000000 0.000000
60  1.986525 0.000016 -3.123740  -2.705260 -0.000000 -1.570797
61  -1.986691 0.000019 -3.123746  0.436333 0.000001 1.570797
62  0.000001 0.000002 -0.000001  0.000000 -0.000000 0.000000
63  -1.530659 0.861432 -3.109959  0.392682 0.000010 1.570745
64  -11.344168 1.135889 0.869270  0.000328 -0.024963 -0.026314
65  1.907533 0.861424 -2.954429  -0.392858 -0.000004 1.570778
66  -11.350046 -0.729405 0.864872  0.000154 -0.025335 0.026430
67  1.754238 4.036764 -1.682667  0.392549 -0.010099 -1.546344
68  -1.755139 4.036764 -1.682667  -0.392547 -0.010382 -1.594901
69  -0.164556 5.734786 5.880444  0.000000 -0.000000 -1.570730
70  1.203548 5.503720 4.339427  0.000000 -0.000000 0.000000
71  -1.260175 5.668898 5.788550  0.070161 -0.418898 2.970131
72  1.185469 17.272331 1.821939  0.000000 -0.000000 0.000000
73  0.060217 10.324387 74.469055  0.000008 -0.000000 0.000000
74  0.052673 -3.972623 3.515838  1.570735 -0.000061 -1.570735
75  4.804176 -3.856468 -0.006877  -0.000000 0.000000 0.000000
76  -6.013990 -4.624460 0.000001  0.000000 0.000000 -0.000000
77  -65.574097 -37.156048 0.002938  -0.787036 1.570710 0.783798
78  1.602683 -3.785216 0.003049  -0.786435 1.570710 0.784301
79  11.681363 -1.114744 -1.027844  -0.785261 1.570710 0.785520
80  19.766769 -3.800925 0.000000  -0.000000 0.000000 -0.000000
81  3.258441 5.856953 -3.403522  -0.000000 -0.000000 -0.000000
82  15.153049 5.860580 -3.403520  0.000000 -0.000000 -0.000000
83  6.064256 77.294960 36.365799  1.570796 -0.000000 1.570796
84  -2.662411 1.445753 40.667961  0.000000 3.141591 1.570796
85  8.352066 2.772894 0.000542  -3.141589 0.000002 -0.000000
86  6.064255 72.973694 32.593250  1.570796 -0.000000 1.570796
87  -0.113679 5.957332 -0.188893  0.000000 -0.000000 0.000000
88  0.097226 0.210961 3.469585  0.000000 -0.000000 0.000000
89  0.000002 1.310211 -0.000003  0.000000 -0.000000 0.000000
90  0.000002 0.582262 -0.000002  0.000000 -0.000000 0.000000
91  0.036299 1.284881 7.928799  0.000000 -0.000001 0.000000
92  0.000000 1.310211 -0.000000  0.000000 -0.000000 0.000000
93  -0.000000 0.582262 0.000000  0.000000 -0.000000 0.000000
94  5.969324 3.427460 -6.170652  -0.000000 -0.000001 -1.570797
95  -1.310211 0.000001 -0.000003  0.000000 -0.000000 -0.000000
96  -0.582260 0.000000 -0.000002  0.000000 -0.000000 -0.000000
97  5.969324 9.397402 -6.170661  -0.000000 -0.000001 -1.570796
98  -1.310212 -0.000001 -0.000005  0.000000 0.000000 -0.000000
99  -0.582261 -0.000002 -0.000004  0.000000 0.000000 -0.000000
100  5.969323 15.223771 -6.170671  0.000000 -0.000001 -1.570796
101  -1.310213 0.000002 -0.000001  -0.000000 0.000000 -0.000000
102  -0.582261 0.000001 -0.000001  -0.000000 0.000000 -0.000000
103  5.969324 20.835571 -6.170672  0.000000 -0.000001 -1.570796
104  -1.310214 0.000001 -0.000002  -0.000000 0.000000 -0.000000
105  -0.582262 -0.000000 0.000001  -0.000000 0.000000 -0.000000
106  5.969325 26.771212 -6.170673  0.000000 -0.000001 -1.570796
107  5.969324 32.597599 -6.170678  0.000000 -0.000001 -1.570796
108  5.969325 38.209396 -6.170687  0.000000 -0.000001 -1.570800
109  5.969323 49.488468 -6.170691  0.000000 -0.000001 -1.570800
110  -0.539088 -0.556807 -0.017362  -0.042462 2.681156 1.551919
111  -6.799122 -0.556806 0.818549  -0.272420 2.701993 1.452460
112  -4.615282 -0.556822 0.270327  -0.117230 2.684609 1.518878
113  -2.650967 -0.556807 0.063009  -0.042463 2.681158 1.551919
114  27.110338 1.284856 12.007549  0.000000 -0.000000 -0.000000
115  28.133427 1.284858 12.007549  0.000001 -0.000000 -0.000000
116  12.812887 2.241787 12.007550  -0.000000 -0.000001 -0.000001
117  -9.955966 -0.319622 4.380214  -0.000001 -0.000000 -0.000001
118  -11.316471 -0.319622 4.380215  -0.000003 -0.000000 0.000000
119  -12.667809 -0.319622 4.380214  -0.000003 -0.000000 0.000001
120  -14.022140 -0.319621 4.380214  0.000009 -0.000000 -0.000011
121  -15.373240 -0.319620 4.380214  0.000015 -0.000000 -0.000015
122  -16.724140 -0.319619 4.380215  -0.000009 -0.000000 0.000006
123  -18.074572 -0.319620 4.380214  -0.000006 -0.000000 0.000004
124  -19.423716 -0.319619 4.380215  0.000002 0.000000 -0.000004
125  -20.775270 -0.319619 4.380215  0.000003 0.000000 -0.000004
126  -22.126673 -0.319617 4.380215  0.000003 -0.000000 -0.000004
127  -23.478125 -0.319619 4.380215  0.000005 -0.000000 -0.000006
128  -24.830622 -0.319617 4.380214  0.000036 -0.000000 -0.000038
129  -26.182026 -0.319617 4.380215  -0.000011 -0.000000 0.000011
130  0.529180 -0.167128 0.629483  -0.101270 -0.000000 0.000000
131  -0.211443 -0.241680 0.155360  -0.145847 -0.000000 0.000000
132  0.529191 -0.280699 -0.110294  -0.145847 -0.000000 0.000000
133  -0.173926 -0.337326 -0.638496  -0.181751 -0.000000 0.000000
134  0.529190 -0.399245 -0.975395  -0.181751 -0.000000 0.000000
135  -0.211443 -0.464478 -1.431043  -0.192399 -0.000000 0.000000
136  0.529190 -0.515806 -1.694584  -0.192400 -0.000000 0.000000
137  -0.173927 -0.612151 -2.231911  -0.216703 -0.000000 0.000000
138  0.529189 -0.685806 -2.566442  -0.216703 -0.000000 0.000000
139  -0.211443 -0.769559 -3.027872  -0.237349 -0.000000 0.000000
140  0.529188 -0.832685 -3.288848  -0.237349 -0.000000 0.000000
141  -0.173935 -0.945281 -3.779566  -0.233859 0.000000 0.000000
142  0.529180 -1.024656 -4.112782  -0.233859 0.000000 0.000000
143  -0.211443 -1.132185 -4.577548  -0.262919 -0.000000 0.000000
144  0.529190 -1.201963 -4.836825  -0.262919 0.000000 0.000000
145  -0.000003 -2.810944 -10.636632  0.258454 0.000000 3.141592
146  -0.192454 -1.345778 -5.370047  -0.280373 0.000000 0.000000
147  0.533985 -1.413511 -5.605107  -0.276883 0.000000 0.000000
148  -0.206617 -1.795760 -6.909781  -0.287354 0.000000 0.000000
149  -0.205803 -1.564816 -6.138257  -0.290843 0.000000 0.000000
150  0.530460 -1.643674 -6.395216  -0.290844 0.000000 0.000000
151  0.535313 -1.790707 -7.204134  -0.287354 -0.000000 0.000000
152  -0.202702 -2.030484 -7.702830  -0.286180 -0.000000 0.000000
153  0.509549 -2.118896 -8.011626  -0.298398 -0.000000 0.000000
154  -0.202702 -2.255278 -8.465175  -0.283134 -0.000000 0.000000
155  0.509549 -2.352979 -8.771159  -0.295352 -0.000000 0.000000
156  -0.202704 -2.481596 -9.235472  -0.285437 -0.000000 0.000000
157  0.509547 -2.588681 -9.538639  -0.297654 -0.000000 0.000000
158  0.170123 -21.222090 -1.001141  -0.000001 -0.000001 0.000000
159  0.170123 -20.843864 -0.397183  -0.000001 -0.000001 0.000000
160  0.170123 -20.489744 -1.001141  -0.000001 -0.000001 0.000000
161  0.170124 -20.111069 -0.397184  -0.000001 -0.000001 0.000000
162  0.170124 -19.380087 -0.397186  -0.000001 -0.000001 0.000000
163  0.170124 -19.025106 -1.001146  -0.000001 -0.000001 0.000000
164  0.170124 -18.646664 -0.396449  -0.000001 -0.000001 0.000000
165  0.170124 -19.755760 -1.001143  -0.000001 -0.000001 0.000000
166  -0.015973 10.035398 1.098088  0.000000 -0.000000 0.000000
167  -0.104323 -52.163582 4.437343  1.570735 -0.000061 -1.570735
168  0.064652 27.351290 72.195206  -0.000000 -0.000000 -0.000001
169  6.064260 95.114006 31.645498  -0.000000 -0.000001 1.570796
170  -0.103717 -26.907866 3.305355  0.000000 -0.000000 -1.570730
171  6.064257 69.096558 37.164322  1.570796 -0.000000 1.570796
172  1.974303 11.989231 4.589249  0.000000 -0.000000 0.000000
173  1.941733 0.883632 4.309753  0.000000 -0.000000 -1.483525
174  -0.115680 1.104776 6.744190  0.000000 -0.000000 0.000000
175  6.064260 89.329803 31.613916  -0.000000 -0.000001 1.570796
176  0.059886 2.255333 54.398018  0.000000 -0.000000 0.000000
177  0.003497 -22.270649 0.000149  1.570797 0.000000 -1.570797
178  0.104009 14.792241 1.530318  0.000000 -0.000000 0.000000
179  16.644032 17.696421 -17.042542  -0.066201 -2.713941 1.023752
180  -2.951667 25.811068 -3.742311  -0.096365 0.008023 -1.450340
181  -2.662411 1.445755 33.628746  0.000000 3.141591 1.570796
182  8.352066 2.772895 0.000541  -3.141589 0.000002 -0.000000
183  -2.662411 1.445753 40.667961  0.000000 3.141591 1.570796
184  8.352066 2.772894 0.000542  -3.141589 0.000002 -0.000000
185  -1.431357 16.384779 4.137810  0.000001 -0.000000 0.000000
186  -0.001845 0.521685 -0.140289  0.000000 -0.000000 -0.000000
187  7.323108 -5.136193 -5.166240  -0.000000 0.000000 -0.610865
188  2.698277 0.000002 0.000001  -0.000012 0.000000 0.000001
189  2.834160 -0.000005 0.000002  0.000013 0.000000 0.000000
190  2.648919 -0.000002 -0.000000  -0.000001 -0.000001 0.000000
191  2.667498 -0.000002 0.000001  0.000000 -0.000000 -0.000000
192  2.426702 -0.000003 0.000002  -0.000000 0.000000 -0.000000
193  -0.494745 -44.353451 -1.302299  1.570797 0.000000 -1.570797
194  11.545937 73.768417 -3.792016  0.000000 -0.000000 0.000000
195  0.055851 -6.877708 2.864590  0.000000 -0.000000 0.000000
196  0.000001 0.000004 -1.529052  0.000000 -0.000000 0.000000
197  -0.078942 -0.000000 -0.000002  -0.000000 -0.000000 1.570730
198  0.097092 0.000004 -0.000002  0.000001 -3.141592 1.570796
199  0.000000 0.000000 -0.000000  0.000000 -0.000000 -0.000000
200  -12.993910 -11.507072 -21.148790  -0.012457 -0.370707 -1.465292
201  7.894153 -23.387457 -28.168978  0.306802 -2.493047 0.830233
time 11
0  0 0 0  0 0 0
1  0.000000 0.000000 0.000000  0.000000 -0.000000 -0.000000
2  -0.000000 -0.000000 -55.423229  0.000000 -0.000000 -1.570730
3  -0.012872 0.000000 8.235027  -0.784749 -1.570710 -0.785986
4  16.163124 -0.010663 0.007211  -0.594297 0.000409 -0.000125
5  16.163132 -0.000000 3.830524  -1.292608 -0.352684 -2.262467
6  14.868234 0.000001 -0.000000  0.334601 0.668747 -0.881727
7  26.391953 -0.000006 0.000001  -0.000000 0.000000 -2.025159
8  -0.000002 0.000007 0.000004  -0.025026 -0.000000 -0.000000
9  3.093512 0.000002 0.000005  -0.050117 -0.000000 -0.000000
10  6.187019 0.000002 0.000005  -0.075215 -0.000000 -0.000000
11  9.280531 0.000004 0.000004  -0.100265 -0.000000 -0.000000
12  12.374039 0.000001 0.000002  -0.125330 -0.000000 -0.000000
13  15.467554 0.000000 0.000003  -0.150415 -0.000000 -0.000000
14  18.561054 0.000000 0.000006  -0.175462 -0.000000 -0.000000
15  21.654570 0.000001 0.000007  -1.770356 -0.034366 0.115870
16  1.410071 0.800537 -2.089139  1.794990 0.320525 0.338864
17  3.954713 0.000001 0.000002  0.040727 -0.090448 0.118437
18  3.101563 0.000002 0.000004  0.055373 -0.055976 0.051416
19  6.164475 -0.898151 2.575011  -0.109591 -0.375278 0.154447
20  2.805846 0.000001 0.000001  -0.000000 0.000000 0.450969
21  2.307444 0.000001 -0.000000  -0.000000 -0.000000 0.290334
22  7.145098 -0.676341 -1.382431  0.203894 -0.235974 -0.221094
23  3.672221 -0.000001 -0.000005  0.000000 0.000000 0.386508
24  2.676517 -0.000001 0.000004  -0.000000 -0.000000 0.258601
25  6.831185 -0.870864 0.599911  0.075887 -0.291486 -0.029727
26  3.657082 -0.000001 0.000001  0.000000 0.000000 0.449905
27  2.496794 -0.000001 -0.000002  -0.000000 -0.000000 0.403688
28  7.183361 -0.532083 -3.267613  0.190110 -0.180137 -0.419836
29  3.511593 -0.000000 0.000000  0.000000 0.000000 0.259155
30  2.199400 0.000001 0.000002  -0.000000 -0.000000 0.339034
31  16.163136 0.000000 -3.830527  1.289030 0.698263 -1.994663
32  14.868243 -0.000001 0.000001  0.089486 -0.645051 -1.810543
33  26.391951 0.000003 0.000005  0.000000 0.000000 -1.828510
34  0.000001 0.000000 0.000001  0.111267 0.000000 -0.000000
35  3.093513 -0.000002 -0.000001  0.222512 0.000000 0.000000
36  6.187023 -0.000001 0.000003  0.333833 0.000000 0.000000
37  9.280535 -0.000002 0.000004  0.445084 0.000000 0.000000
38  12.374039 -0.000001 -0.000002  0.556359 0.000000 -0.000000
39  15.467547 0.000000 -0.000001  0.667624 -0.000000 -0.000000
40  18.561066 -0.000002 0.000003  0.778902 0.000000 0.000000
41  21.654566 -0.000002 0.000003  2.485110 0.213621 0.406414
42  1.410071 0.800529 2.089144  -1.966491 -0.287076 0.559263
43  3.954712 -0.000003 -0.000000  0.000000 0.000000 0.375132
44  3.101565 -0.000001 -0.000001  -0.000000 -0.000000 0.790793
45  7.183346 -0.532093 3.267612  0.181500 0.012740 -0.239928
46  3.511590 -0.000001 -0.000001  0.000000 0.000000 0.325418
47  2.199410 -0.000000 0.000001  -0.000000 0.000000 0.135789
48  7.145092 -0.676349 1.382427  0.255424 0.283825 0.886075
49  3.672212 0.000001 0.000003  -0.000000 -0.000000 1.435616
50  2.676518 -0.000000 -0.000002  0.000000 0.000000 1.062915
51  6.831169 -0.870866 -0.599912  0.339890 0.115856 1.057859
52  3.657080 0.000002 0.000003  -0.000000 -0.000000 1.252192
53  2.496795 0.000001 -0.000003  0.000000 0.000000 0.840195
54  6.164459 -0.898153 -2.575012  0.409526 -0.061317 1.152482
55  2.805846 -0.000000 0.000000  0.000000 -0.000000 0.666009
56  2.307448 0.000002 -0.000001  -0.000000 0.000000 0.844543
57  0.000000 0.000000 -0.000000  -0.002285 0.005544 -0.009528
58  -12.432387 -33.472153 -7.062771  -0.467649 -0.162903 0.027175
59  -0.000003 -19.069475 4.681036  -0.000000 0.000000 0.000000
60  1.986525 0.000014 -3.123739  -2.705260 -0.000000 -1.570797
61  -1.986692 0.000015 -3.123747  0.436333 0.000001 1.570797
62  -0.000001 -0.000002 -0.000002  -0.000000 0.000000 0.000000
63  -1.530660 0.861423 -3.109961  0.392682 0.000010 1.570745
64  -11.344168 1.135889 0.869270  0.000328 -0.024963 -0.026314
65  1.907531 0.861420 -2.954429  -0.392858 -0.000004 1.570778
66  -11.350051 -0.729408 0.864873  0.000154 -0.025335 0.026430
67  1.754236 4.036760 -1.682669  0.392549 -0.010099 -1.546344
68  -1.755139 4.036760 -1.682668  -0.392547 -0.010382 -1.594901
69  -0.164557 5.734790 5.880447  0.000000 -0.000000 -1.570730
70  1.203546 5.503727 4.339432  -0.000000 0.000000 0.000000
71  -1.260176 5.668897 5.788552  0.070161 -0.418898 2.970131
72  1.185467 17.272331 1.821941  -0.000000 0.000000 0.000000
73  0.060216 10.324386 74.469055  0.000008 0.000000 0.000000
74  0.052672 -3.972622 3.515842  1.570735 -0.000061 -1.570735
75  4.804179 -3.856469 -0.006877  -0.000000 0.000000 0.000000
76  -6.013990 -4.624461 0.000000  0.000000 0.000000 0.000000
77  -65.574097 -37.156052 0.002937  -0.787113 1.570710 0.783722
78  1.602681 -3.785217 0.003048  -0.786511 1.570710 0.784110
79  11.681368 -1.114744 -1.027844  -0.785086 1.570710 0.785337
80  19.766768 -3.800925 -0.000001  -0.000000 0.000000 0.000000
81  3.258438 5.856954 -3.403524  -0.000000 -0.000000 -0.000000
82  15.153046 5.860580 -3.403522  0.000000 -0.000000 0.000000
83  6.064255 77.294960 36.365799  1.570796 -0.000000 1.570796
84  -2.662414 1.445753 40.667957  -0.000000 3.141591 1.570796
85  8.352066 2.772896 0.000542  -3.141589 0.000002 0.000000
86  6.064256 72.973694 32.593254  1.570796 -0.000000 1.570796
87  -0.113679 5.957328 -0.188889  -0.000000 0.000000 0.000000
88  0.097223 0.210962 3.469586  -0.000000 0.000000 0.000000
89  0.000001 1.310212 0.000000  0.000000 -0.000000 0.000000
90  -0.000001 0.582262 0.000002  0.000000 -0.000000 0.000000
91  0.036296 1.284880 7.928798  0.000000 -0.000001 0.000000
92  0.000001 1.310210 -0.000000  0.000000 0.000000 0.000000
93  0.000000 0.582259 0.000000  0.000000 0.000000 0.000000
94  5.969322 3.427458 -6.170650  -0.000000 -0.000001 -1.570797
95  -1.310211 0.000001 0.000001  0.000000 0.000000 -0.000000
96  -0.582261 0.000000 -0.000000  0.000000 0.000000 -0.000000
97  5.969321 9.397400 -6.170659  -0.000000 -0.000001 -1.570796
98  -1.310211 -0.000000 0.000001  0.000000 0.000000 -0.000000
99  -0.582261 -0.000001 -0.000002  0.000000 0.000000 -0.000000
100  5.969320 15.223768 -6.170671  -0.000000 -0.000001 -1.570796
101  -1.310211 0.000002 0.000002  -0.000000 0.000000 -0.000000
102  -0.582261 0.000001 0.000001  -0.000000 0.000000 -0.000000
103  5.969322 20.835569 -6.170670  -0.000000 -0.000001 -1.570796
104  -1.310211 0.000001 0.000001  -0.000000 0.000000 -0.000000
105  -0.582260 -0.000000 0.000001  -0.000000 0.000000 -0.000000
106  5.969323 26.771208 -6.170671  -0.000000 -0.000001 -1.570796
107  5.969322 32.597595 -6.170675  -0.000000 -0.000001 -1.570796
108  5.969322 38.209396 -6.170685  -0.000000 -0.000001 -1.570800
109  5.969321 49.488464 -6.170684  -0.000000 -0.000001 -1.570800
110  -0.539090 -0.556808 -0.017362  -0.042462 2.681156 1.551919
111  -6.799126 -0.556807 0.818549  -0.272420 2.701993 1.452460
112  -4.615282 -0.556824 0.270327  -0.117230 2.684609 1.518878
113  -2.650970 -0.556809 0.063010  -0.042463 2.681158 1.551919
114  27.110336 1.284856 12.007547  -0.000000 -0.000000 -0.000000
115  28.133427 1.284854 12.007545  0.000001 -0.000000 -0.000000
116  12.812886 2.241783 12.007548  -0.000000 -0.000001 -0.000001
117  -9.955968 -0.319624 4.380215  -0.000001 -0.000000 -0.000001
118  -11.316476 -0.319625 4.380214  -0.000003 -0.000000 -0.000000
119  -12.667813 -0.319624 4.380215  -0.000003 -0.000000 0.000001
120  -14.022142 -0.319623 4.380213  0.000010 -0.000000 -0.000011
121  -15.373241 -0.319624 4.380214  0.000015 -0.000000 -0.000015
122  -16.724146 -0.319622 4.380214  -0.000009 -0.000000 0.000006
123  -18.074575 -0.319623 4.380214  -0.000006 0.000000 0.000004
124  -19.423719 -0.319622 4.380215  0.000002 0.000000 -0.000004
125  -20.775274 -0.319621 4.380214  0.000003 0.000000 -0.000004
126  -22.126673 -0.319620 4.380215  0.000003 0.000000 -0.000004
127  -23.478123 -0.319620 4.380215  0.000005 -0.000000 -0.000006
128  -24.830624 -0.319620 4.380214  0.000036 0.000000 -0.000038
129  -26.182030 -0.319619 4.380214  -0.000011 0.000000 0.000011
130  0.529178 -0.167132 0.629484  -0.101270 -0.000000 0.000000
131  -0.211445 -0.241683 0.155362  -0.145847 -0.000000 0.000000
132  0.529189 -0.280702 -0.110294  -0.145847 -0.000000 0.000000
133  -0.173928 -0.337328 -0.638496  -0.181751 -0.000000 0.000000
134  0.529188 -0.399246 -0.975393  -0.181751 -0.000000 0.000000
135  -0.211446 -0.464478 -1.431042  -0.192399 -0.000000 0.000000
136  0.529188 -0.515810 -1.694583  -0.192399 -0.000000 0.000000
137  -0.173929 -0.612154 -2.231910  -0.216703 -0.000000 0.000000
138  0.529187 -0.685806 -2.566440  -0.216703 -0.000000 0.000000
139  -0.211446 -0.769561 -3.027870  -0.237349 -0.000000 0.000000
140  0.529186 -0.832688 -3.288847  -0.237349 -0.000000 0.000000
141  -0.173939 -0.945283 -3.779565  -0.233859 0.000000 0.000000
142  0.529177 -1.024661 -4.112781  -0.233859 0.000000 0.000000
143  -0.211445 -1.132187 -4.577548  -0.262919 -0.000000 0.000000
144  0.529188 -1.201964 -4.836824  -0.262919 0.000000 0.000000
145  -0.000006 -2.810942 -10.636629  0.258454 0.000000 3.141592
146  -0.192456 -1.345780 -5.370046  -0.280373 0.000000 0.000000
147  0.533983 -1.413513 -5.605105  -0.276883 0.000000 0.000000
148  -0.206619 -1.795759 -6.909779  -0.287354 0.000000 0.000000
149  -0.205806 -1.564819 -6.138257  -0.290843 0.000000 0.000000
150  0.530458 -1.643677 -6.395215  -0.290844 0.000000 0.000000
151  0.535311 -1.790711 -7.204132  -0.287354 -0.000000 0.000000
152  -0.202705 -2.030488 -7.702829  -0.286180 -0.000000 0.000000
153  0.509547 -2.118896 -8.011625  -0.298398 -0.000000 0.000000
154  -0.202705 -2.255276 -8.465172  -0.283134 -0.000000 0.000000
155  0.509547 -2.352985 -8.771160  -0.295352 -0.000000 0.000000
156  -0.202704 -2.481597 -9.235470  -0.285437 -0.000000 0.000000
157  0.509545 -2.588683 -9.538640  -0.297654 -0.000000 0.000000
158  0.170122 -21.222094 -1.001141  -0.000001 -0.000001 0.000000
159  0.170120 -20.843864 -0.397183  -0.000001 -0.000001 0.000000
160  0.170121 -20.489752 -1.001143  -0.000001 -0.000001 0.000000
161  0.170122 -20.111071 -0.397185  -0.000001 -0.000001 0.000000
162  0.170121 -19.380091 -0.397188  -0.000001 -0.000001 0.000000
163  0.170121 -19.025110 -1.001146  -0.000001 -0.000001 0.000000
164  0.170121 -18.646664 -0.396449  -0.000001 -0.000001 0.000000
165  0.170122 -19.755766 -1.001142  -0.000001 -0.000001 0.000000
166  -0.015974 10.035399 1.098092  -0.000000 0.000000 0.000000
167  -0.104324 -52.163586 4.437341  1.570735 -0.000061 -1.570735
168  0.064652 27.351292 72.195213  0.000000 -0.000000 -0.000001
169  6.064260 95.114014 31.645504  0.000000 -0.000001 1.570796
170  -0.103717 -26.907871 3.305355  0.000000 -0.000000 -1.570730
171  6.064257 69.096558 37.164322  1.570796 -0.000000 1.570796
172  1.974302 11.989234 4.589252  0.000001 0.000000 0.000000
173  1.941734 0.883632 4.309757  -0.000000 0.000000 -1.483525
174  -0.115679 1.104778 6.744193  -0.000000 0.000000 0.000000
175  6.064260 89.329811 31.613918  0.000000 -0.000001 1.570796
176  0.059887 2.255336 54.398014  -0.000000 0.000000 0.000000
177  0.003496 -22.270647 0.000148  1.570797 0.000000 -1.570797
178  0.104008 14.792240 1.530322  -0.000000 0.000000 0.000000
179  17.859932 23.481655 -18.827761  0.004243 -2.814567 1.049647
180  -2.951667 25.811071 -3.742306  -0.096365 0.008023 -1.450340
181  -2.662414 1.445759 33.628742  -0.000000 3.141591 1.570796
182  8.352064 2.772898 0.000541  -3.141589 0.000002 0.000000
183  -2.662414 1.445753 40.667957  -0.000000 3.141591 1.570796
184  8.352066 2.772896 0.000542  -3.141589 0.000002 0.000000
185  -1.431357 16.384779 4.137812  0.000001 0.000000 0.000000
186  -0.001846 0.521684 -0.140287  0.000000 0.000000 -0.000000
187  7.323108 -5.136189 -5.166236  0.000000 0.000000 -0.610865
188  2.698277 -0.000002 0.000001  -0.000012 0.000000 0.000000
189  2.834157 -0.000000 0.000004  0.000013 0.000000 0.000000
190  2.648918 0.000002 0.000001  -0.000001 -0.000001 0.000000
191  2.667499 -0.000000 0.000001  -0.000000 -0.000000 0.000000
192  2.426705 -0.000005 0.000002  -0.000000 0.000000 -0.000000
193  -0.494745 -44.353443 -1.302299  1.570797 -0.000000 -1.570797
194  11.545937 73.768417 -3.792011  0.000000 0.000000 0.000000
195  0.055850 -6.877707 2.864594  -0.000000 0.000000 0.000000
196  -0.000000 -0.000004 -1.529049  -0.000000 0.000000 0.000000
197  -0.078942 -0.000004 -0.000003  0.000000 -0.000000 1.570730
198  0.097092 -0.000005 -0.000003  0.000001 -3.141592 1.570796
199  0.000000 0.000000 -0.000000  0.000000 -0.000000 -0.000000
200  -13.495346 -12.140942 -22.319866  0.024639 -0.471239 -1.490648
201  9.287231 -20.405651 -31.195202  0.461531 -2.533022 0.826828
time 12
0  0 0 0  0 0 0
1  0.000000 0.000000 0.000000  0.000000 -0.000000 -0.000000
2  -0.000000 -0.000000 -55.423229  0.000000 -0.000000 -1.570730
3  -0.012872 0.000000 8.235027  -0.784749 -1.570710 -0.785986
4  16.163124 -0.010663 0.007211  -0.594297 0.000409 -0.000125
5  16.163132 -0.000000 3.830524  -1.373890 -0.262899 -2.226282
6  14.868230 -0.000000 -0.000002  0.528128 0.677479 -0.737838
7  26.391949 -0.000003 -0.000004  -0.000000 0.000000 -2.059275
8  0.000002 0.000003 -0.000000  -0.003662 -0.000000 -0.000000
9  3.093510 0.000006 -0.000004  -0.007325 -0.000000 -0.000000
10  6.187018 0.000004 -0.000004  -0.010987 -0.000000 -0.000000
11  9.280533 0.000000 -0.000000  -0.014649 -0.000000 -0.000000
12  12.374043 0.000000 -0.000001  -0.018311 -0.000000 -0.000000
13  15.467557 0.000001 0.000001  -0.021974 -0.000000 -0.000000
14  18.561058 -0.000003 0.000001  -0.025636 -0.000000 -0.000000
15  21.654572 -0.000002 0.000001  -1.600100 -0.002011 0.046255
16  1.410072 0.800536 -2.089134  1.811159 0.320512 0.389136
17  3.954711 0.000003 0.000002  0.040064 -0.080252 0.142954
18  3.101562 0.000001 0.000003  0.057256 -0.062282 0.074905
19  6.164471 -0.898154 2.575015  -0.093749 -0.367531 0.162867
20  2.805842 0.000003 0.000002  0.000000 0.000000 0.438641
21  2.307444 -0.000002 -0.000002  -0.000000 0.000000 0.278003
22  7.145099 -0.676344 -1.382426  0.199354 -0.223148 -0.217139
23  3.672218 -0.000000 0.000005  0.000000 0.000000 0.378798
24  2.676515 -0.000001 0.000002  0.000000 0.000000 0.253863
25  6.831182 -0.870863 0.599919  0.077589 -0.284710 -0.010756
26  3.657083 -0.000001 -0.000002  0.000000 0.000000 0.415782
27  2.496794 0.000000 0.000001  -0.000000 -0.000000 0.385077
28  7.183359 -0.532083 -3.267609  0.182826 -0.160942 -0.420131
29  3.511592 0.000000 0.000000  0.000000 -0.000000 0.278311
30  2.199405 -0.000001 -0.000001  0.000000 0.000000 0.344423
31  16.163136 0.000000 -3.830527  1.196707 0.709750 -2.113801
32  14.868242 0.000000 0.000001  -0.009159 -0.653392 -1.716247
33  26.391953 0.000003 0.000006  0.000000 0.000000 -1.817847
34  0.000000 -0.000001 0.000001  0.106743 0.000000 -0.000000
35  3.093510 -0.000003 0.000001  0.213547 0.000000 0.000000
36  6.187021 -0.000001 0.000001  0.320348 0.000000 0.000000
37  9.280531 0.000000 -0.000002  0.427142 0.000000 0.000000
38  12.374037 -0.000002 0.000000  0.533923 0.000000 -0.000000
39  15.467546 -0.000002 0.000002  0.640746 -0.000000 -0.000000
40  18.561062 -0.000001 0.000002  0.747531 0.000000 -0.000000
41  21.654564 -0.000003 0.000003  2.484466 0.310213 0.354720
42  1.410071 0.800530 2.089143  -1.966491 -0.287076 0.559263
43  3.954709 -0.000001 0.000001  0.000000 0.000000 0.375132
44  3.101564 -0.000001 -0.000001  0.000000 0.000000 0.790793
45  7.183347 -0.532092 3.267613  0.188243 -0.037018 -0.180631
46  3.511591 -0.000001 0.000002  -0.000000 0.000000 0.256939
47  2.199410 -0.000001 0.000001  0.000000 -0.000000 -0.053109
48  7.145093 -0.676348 1.382427  0.255424 0.283825 0.886075
49  3.672210 -0.000001 0.000003  -0.000000 0.000000 1.435616
50  2.676520 -0.000000 0.000004  -0.000000 -0.000000 1.062915
51  6.831169 -0.870866 -0.599914  0.339890 0.115856 1.057859
52  3.657082 0.000000 0.000001  -0.000000 -0.000000 1.252192
53  2.496793 -0.000001 -0.000002  0.000000 0.000000 0.840195
54  6.164461 -0.898153 -2.575014  0.409526 -0.061316 1.152482
55  2.805846 0.000000 0.000002  0.000000 0.000000 0.666009
56  2.307448 -0.000001 -0.000001  0.000000 0.000000 0.844543
57  0.000000 0.000000 -0.000000  -0.000042 0.007752 -0.010804
58  -13.741536 -32.605591 -6.198225  -0.570599 -0.197148 0.031160
59  -0.000004 -19.069487 4.681022  0.000000 0.000000 0.000000
60  1.986525 0.000026 -3.123740  -2.705260 -0.000000 -1.570797
61  -1.986693 0.000021 -3.123749  0.436333 0.000001 1.570797
62  -0.000000 0.000004 -0.000003  0.000000 0.000000 0.000000
63  -1.530659 0.861431 -3.109960  0.392682 0.000010 1.570745
64  -11.344168 1.135889 0.869269  0.000328 -0.024963 -0.026314
65  1.907532 0.861429 -2.954430  -0.392858 -0.000004 1.570778
66  -11.350047 -0.729407 0.864871  0.000154 -0.025335 0.026430
67  1.754236 4.036768 -1.682667  0.392549 -0.010099 -1.546344
68  -1.755138 4.036772 -1.682667  -0.392547 -0.010382 -1.594901
69  -0.164557 5.734789 5.880446  -0.000000 0.000000 -1.570730
70  1.203546 5.503727 4.339431  0.000000 0.000000 0.000000
71  -1.260176 5.668895 5.788550  0.070161 -0.418898 2.970131
72  1.185467 17.272329 1.821943  0.000000 0.000000 0.000000
73  0.060213 10.324387 74.469055  0.000008 0.000000 0.000000
74  0.052671 -3.972622 3.515849  1.570735 -0.000061 -1.570735
75  4.804183 -3.856469 -0.006879  -0.000000 0.000000 0.000000
76  -6.013986 -4.624462 -0.000000  0.000000 0.000000 -0.000000
77  -65.574104 -37.156052 0.002938  -0.786922 1.570710 0.783752
78  1.602681 -3.785215 0.003048  -0.786435 1.570710 0.784377
79  11.681372 -1.114746 -1.027845  -0.785154 1.570710 0.785596
80  19.766773 -3.800926 -0.000000  -0.000000 0.000000 0.000000
81  3.258444 5.856952 -3.403523  -0.000000 -0.000000 -0.000000
82  15.153050 5.860580 -3.403521  -0.000000 -0.000000 0.000000
83  6.064253 77.294945 36.365799  1.570796 -0.000000 1.570796
84  -2.662412 1.445755 40.667953  -0.000000 3.141591 1.570796
85  8.352065 2.772898 0.000543  -3.141589 0.000002 0.000000
86  6.064255 72.973686 32.593254  1.570796 -0.000000 1.570796
87  -0.113681 5.957340 -0.188890  0.000000 0.000000 0.000000
88  0.097224 0.210964 3.469586  0.000000 0.000000 0.000000
89  0.000000 1.310212 0.000001  0.000000 0.000000 0.000000
90  -0.000000 0.582262 0.000001  0.000000 0.000000 0.000000
91  0.036296 1.284883 7.928799  0.000000 -0.000001 0.000000
92  0.000000 1.310211 0.000000  0.000000 0.000000 0.000000
93  -0.000000 0.582260 0.000000  0.000000 0.000000 0.000000
94  5.969324 3.427458 -6.170650  -0.000000 -0.000000 -1.570797
95  -1.310211 0.000001 -0.000001  0.000000 0.000000 -0.000000
96  -0.582260 0.000000 -0.000001  0.000000 0.000000 -0.000000
97  5.969322 9.397399 -6.170658  -0.000000 -0.000000 -1.570796
98  -1.310211 -0.000000 -0.000003  0.000000 0.000000 -0.000000
99  -0.582260 -0.000001 -0.000002  0.000000 0.000000 -0.000000
100  5.969321 15.223769 -6.170669  -0.000000 -0.000000 -1.570796
101  -1.310211 0.000003 0.000000  -0.000000 0.000000 -0.000000
102  -0.582260 0.000002 0.000001  -0.000000 0.000000 -0.000000
103  5.969324 20.835569 -6.170670  -0.000000 -0.000000 -1.570796
104  -1.310212 0.000002 0.000004  -0.000000 0.000000 -0.000000
105  -0.582260 0.000000 0.000004  -0.000000 0.000000 -0.000000
106  5.969323 26.771208 -6.170669  -0.000000 -0.000000 -1.570796
107  5.969322 32.597595 -6.170671  -0.000000 -0.000000 -1.570796
108  5.969322 38.209396 -6.170682  -0.000000 -0.000000 -1.570800
109  5.969323 49.488464 -6.170679  -0.000000 -0.000000 -1.570800
110  -0.539090 -0.556807 -0.017363  -0.042462 2.681156 1.551919
111  -6.799124 -0.556805 0.818551  -0.272420 2.701993 1.452460
112  -4.615284 -0.556821 0.270329  -0.117230 2.684609 1.518878
113  -2.650970 -0.556807 0.063011  -0.042463 2.681158 1.551919
114  27.110336 1.284855 12.007547  0.000000 -0.000000 0.000000
115  28.133427 1.284858 12.007546  0.000001 -0.000000 0.000000
116  12.812885 2.241787 12.007549  0.000000 -0.000001 -0.000001
117  -9.955969 -0.319623 4.380215  -0.000001 -0.000000 -0.000001
118  -11.316473 -0.319622 4.380216  -0.000003 -0.000000 0.000000
119  -12.667810 -0.319621 4.380215  -0.000003 -0.000000 0.000001
120  -14.022141 -0.319621 4.380215  0.000010 -0.000000 -0.000011
121  -15.373241 -0.319621 4.380214  0.000015 -0.000000 -0.000015
122  -16.724142 -0.319621 4.380214  -0.000009 -0.000000 0.000006
123  -18.074570 -0.319621 4.380214  -0.000006 0.000000 0.000004
124  -19.423716 -0.319619 4.380215  0.000002 0.000000 -0.000004
125  -20.775270 -0.319619 4.380215  0.000003 0.000000 -0.000004
126  -22.126675 -0.319620 4.380216  0.000003 0.000000 -0.000004
127  -23.478123 -0.319619 4.380215  0.000005 0.000000 -0.000006
128  -24.830622 -0.319618 4.380216  0.000036 0.000000 -0.000038
129  -26.182026 -0.319618 4.380216  -0.000011 0.000000 0.000011
130  0.529179 -0.167127 0.629485  -0.101270 -0.000000 0.000000
131  -0.211445 -0.241684 0.155362  -0.145847 -0.000000 0.000000
132  0.529190 -0.280700 -0.110292  -0.145847 -0.000000 0.000000
133  -0.173927 -0.337326 -0.638495  -0.181751 -0.000000 0.000000
134  0.529190 -0.399244 -0.975393  -0.181751 -0.000000 0.000000
135  -0.211444 -0.464476 -1.431041  -0.192399 -0.000000 0.000000
136  0.529189 -0.515806 -1.694583  -0.192399 -0.000000 0.000000
137  -0.173928 -0.612151 -2.231910  -0.216703 -0.000000 0.000000
138  0.529187 -0.685803 -2.566440  -0.216703 -0.000000 0.000000
139  -0.211445 -0.769561 -3.027870  -0.237349 -0.000000 0.000000
140  0.529188 -0.832684 -3.288846  -0.237349 -0.000000 0.000000
141  -0.173937 -0.945279 -3.779562  -0.233859 0.000000 0.000000
142  0.529179 -1.024655 -4.112779  -0.233859 0.000000 0.000000
143  -0.211444 -1.132185 -4.577545  -0.262919 -0.000000 0.000000
144  0.529190 -1.201962 -4.836824  -0.262919 0.000000 0.000000
145  -0.000004 -2.810941 -10.636627  0.258454 0.000000 3.141592
146  -0.192455 -1.345777 -5.370044  -0.280373 0.000000 0.000000
147  0.533983 -1.413513 -5.605104  -0.276883 0.000000 0.000000
148  -0.206619 -1.795761 -6.909780  -0.287354 0.000000 0.000000
149  -0.205805 -1.564816 -6.138254  -0.290843 0.000000 0.000000
150  0.530459 -1.643674 -6.395213  -0.290844 0.000000 0.000000
151  0.535311 -1.790707 -7.204132  -0.287354 -0.000000 0.000000
152  -0.202703 -2.030484 -7.702827  -0.286180 -0.000000 0.000000
153  0.509547 -2.118892 -8.011621  -0.298398 -0.000000 0.000000
154  -0.202704 -2.255278 -8.465172  -0.283134 -0.000000 0.000000
155  0.509548 -2.352981 -8.771158  -0.295352 -0.000000 0.000000
156  -0.202704 -2.481593 -9.235470  -0.285437 -0.000000 0.000000
157  0.509546 -2.588684 -9.538639  -0.297653 -0.000000 0.000000
158  0.170121 -21.222086 -1.001139  -0.000001 -0.000001 0.000000
159  0.170122 -20.843863 -0.397183  -0.000001 -0.000001 0.000000
160  0.170121 -20.489744 -1.001142  -0.000001 -0.000001 0.000000
161  0.170122 -20.111067 -0.397185  -0.000001 -0.000001 0.000000
162  0.170122 -19.380085 -0.397188  -0.000001 -0.000001 0.000000
163  0.170122 -19.025105 -1.001148  -0.000001 -0.000001 0.000000
164  0.170122 -18.646658 -0.396447  -0.000001 -0.000001 0.000000
165  0.170123 -19.755758 -1.001141  -0.000001 -0.000001 0.000000
166  -0.015975 10.035398 1.098091  0.000000 0.000000 0.000000
167  -0.104324 -52.163570 4.437340  1.570735 -0.000061 -1.570735
168  0.064649 27.351284 72.195206  0.000000 -0.000000 -0.000001
169  6.064260 95.114006 31.645506  0.000000 -0.000001 1.570796
170  -0.103717 -26.907866 3.305356  -0.000000 0.000000 -1.570730
171  6.064255 69.096550 37.164322  1.570796 -0.000000 1.570796
172  1.974302 11.989232 4.589252  0.000001 0.000000 0.000000
173  1.941732 0.883631 4.309756  0.000000 0.000000 -1.483525
174  -0.115681 1.104776 6.744192  0.000000 0.000000 0.000000
175  6.064260 89.329796 31.613918  0.000000 -0.000001 1.570796
176  0.059883 2.255335 54.398003  0.000000 0.000000 0.000000
177  0.003495 -22.270643 0.000145  1.570797 0.000000 -1.570797
178  0.104008 14.792237 1.530321  0.000000 0.000000 0.000000
179  18.769133 29.566267 -19.447691  0.076618 -2.957728 1.057140
180  -2.951667 25.811066 -3.742304  -0.096365 0.008023 -1.450340
181  -2.662415 1.445756 33.628742  -0.000000 3.141591 1.570796
182  8.352065 2.772898 0.000540  -3.141589 0.000002 0.000000
183  -2.662412 1.445755 40.667953  -0.000000 3.141591 1.570796
184  8.352065 2.772898 0.000543  -3.141589 0.000002 0.000000
185  -1.431358 16.384777 4.137813  0.000001 0.000000 0.000000
186  -0.001846 0.521681 -0.140288  0.000000 0.000000 0.000000
187  7.323107 -5.136190 -5.166233  0.000000 0.000000 -0.610865
188  2.698277 -0.000002 0.000003  -0.000012 0.000000 0.000000
189  2.834160 -0.000001 -0.000001  0.000013 0.000000 0.000000
190  2.648916 -0.000001 -0.000000  -0.000001 -0.000001 0.000000
191  2.667499 -0.000004 -0.000003  -0.000000 0.000000 0.000000
192  2.426703 -0.000007 -0.000002  -0.000000 0.000000 -0.000000
193  -0.494746 -44.353443 -1.302301  1.570797 0.000000 -1.570797
194  11.545937 73.768410 -3.792002  0.000000 0.000000 0.000000
195  0.055849 -6.877707 2.864592  0.000000 0.000000 0.000000
196  0.000000 0.000001 -1.529054  0.000000 0.000000 0.000000
197  -0.078942 0.000003 -0.000000  0.000000 -0.000000 1.570730
198  0.097092 0.000002 -0.000002  0.000001 -3.141592 1.570796
199  0.000000 0.000000 -0.000000  0.000000 -0.000000 -0.000000
200  -13.902193 -12.900600 -23.536526  0.059976 -0.573688 -1.522759
201  10.538238 -17.464441 -34.232048  0.601290 -2.606870 0.839234
time 13
0  0 0 0  0 0 0
1  0.000000 0.000000 0.000000  0.000000 -0.000000 -0.000000
2  -0.000000 -0.000000 -55.423229  0.000000 -0.000000 -1.570730
3  -0.012872 0.000000 8.235027  -0.784749 -1.570710 -0.785986
4  16.163124 -0.010663 0.007211  -0.594297 0.000409 -0.000125
5  16.163132 -0.000000 3.830524  -1.446698 -0.172909 -2.198920
6  14.868234 0.000001 0.000000  0.713407 0.650744 -0.608855
7  26.391956 -0.000004 -0.000000  -0.000000 0.000000 -2.062954
8  -0.000000 0.000001 0.000000  0.016907 -0.000000 -0.000000
9  3.093511 0.000000 0.000000  0.033816 -0.000000 -0.000000
10  6.187016 -0.000002 0.000003  0.050727 -0.000000 -0.000000
11  9.280530 -0.000002 0.000003  0.067642 0.000000 -0.000000
12  12.374039 0.000001 0.000000  0.084562 -0.000000 -0.000000
13  15.467552 -0.000002 0.000004  0.101487 -0.000000 -0.000000
14  18.561052 0.000000 0.000000  0.118359 -0.000000 -0.000000
15  21.654572 -0.000005 0.000004  -1.435387 0.040482 -0.016402
16  1.410072 0.800538 -2.089140  1.827383 0.320374 0.439448
17  3.954712 -0.000001 0.000001  0.039708 -0.070088 0.165936
18  3.101562 0.000001 0.000005  0.058949 -0.068104 0.096951
19  6.164473 -0.898150 2.575009  -0.077163 -0.359719 0.170582
20  2.805843 -0.000003 -0.000004  0.000000 -0.000000 0.426080
21  2.307444 0.000001 -0.000005  0.000000 0.000000 0.265374
22  7.145095 -0.676340 -1.382432  0.194709 -0.210109 -0.212975
23  3.672220 0.000001 -0.000002  0.000000 0.000000 0.369977
24  2.676517 -0.000001 -0.000002  0.000000 0.000000 0.248326
25  6.831182 -0.870861 0.599910  0.079562 -0.277809 0.008115
26  3.657081 0.000001 -0.000003  0.000000 0.000000 0.381098
27  2.496793 -0.000005 -0.000010  -0.000000 -0.000000 0.366066
28  7.183358 -0.532079 -3.267613  0.175346 -0.141317 -0.420484
29  3.511594 0.000002 -0.000003  0.000000 -0.000000 0.296381
30  2.199400 -0.000000 -0.000002  0.000000 -0.000000 0.349132
31  16.163136 0.000000 -3.830527  1.111581 0.727892 -2.210749
32  14.868240 -0.000001 -0.000000  -0.081970 -0.662635 -1.629413
33  26.391951 0.000002 0.000002  0.000000 0.000000 -1.801447
34  0.000006 -0.000005 -0.000005  0.099104 0.000000 0.000000
35  3.093513 -0.000005 -0.000000  0.198206 0.000000 0.000000
36  6.187024 -0.000002 0.000002  0.297368 0.000000 0.000000
37  9.280536 -0.000003 0.000001  0.396463 -0.000000 0.000000
38  12.374042 -0.000006 -0.000000  0.495611 -0.000000 -0.000000
39  15.467548 -0.000003 -0.000002  0.594743 -0.000000 0.000000
40  18.561068 -0.000004 -0.000002  0.693848 -0.000000 0.000000
41  21.654568 -0.000005 -0.000002  2.449851 0.404855 0.284036
42  1.410070 0.800529 2.089143  -1.966491 -0.287076 0.559263
43  3.954712 -0.000001 0.000001  0.000000 -0.000000 0.375132
44  3.101566 -0.000001 -0.000001  -0.000000 0.000000 0.790793
45  7.183345 -0.532093 3.267610  0.190987 -0.069911 -0.142948
46  3.511590 -0.000002 -0.000002  0.000000 -0.000000 0.209311
47  2.199410 -0.000000 0.000001  0.000000 -0.000000 -0.178526
48  7.145091 -0.676347 1.382428  0.255424 0.283825 0.886075
49  3.672210 -0.000003 -0.000003  -0.000000 -0.000000 1.435616
50  2.676520 0.000000 0.000000  0.000000 0.000000 1.062915
51  6.831168 -0.870865 -0.599913  0.339890 0.115856 1.057859
52  3.657079 0.000003 0.000000  -0.000000 -0.000000 1.252192
53  2.496793 -0.000002 -0.000001  0.000000 0.000000 0.840195
54  6.164457 -0.898152 -2.575014  0.409526 -0.061317 1.152482
55  2.805845 0.000001 0.000001  -0.000000 0.000000 0.666009
56  2.307450 -0.000000 -0.000001  0.000000 -0.000000 0.844543
57  0.000000 0.000000 -0.000000  0.002023 0.009228 -0.011283
58  -14.907950 -31.616920 -5.528732  -0.674065 -0.220783 0.035242
59  -0.000002 -19.069489 4.681024  -0.000000 -0.000000 -0.000000
60  1.986524 0.000018 -3.123738  -2.705260 -0.000000 -1.570797
61  -1.986691 0.000015 -3.123745  0.436333 0.000001 1.570797
62  0.000000 0.000002 0.000001  -0.000000 -0.000000 -0.000000
63  -1.530658 0.861431 -3.109955  0.392682 0.000010 1.570745
64  -11.344162 1.135887 0.869272  0.000328 -0.024963 -0.026314
65  1.907531 0.861421 -2.954426  -0.392858 -0.000004 1.570778
66  -11.350047 -0.729403 0.864869  0.000154 -0.025335 0.026430
67  1.754237 4.036762 -1.682666  0.392549 -0.010099 -1.546344
68  -1.755139 4.036762 -1.682665  -0.392547 -0.010382 -1.594901
69  -0.164557 5.734787 5.880446  -0.000000 0.000000 -1.570730
70  1.203548 5.503724 4.339432  -0.000000 -0.000000 -0.000000
71  -1.260176 5.668897 5.788552  0.070161 -0.418898 2.970131
72  1.185468 17.272331 1.821943  -0.000000 -0.000000 -0.000000
73  0.060214 10.324389 74.469055  0.000008 -0.000000 -0.000000
74  0.052671 -3.972634 3.515845  1.570735 -0.000061 -1.570735
75  4.804182 -3.856469 -0.006877  -0.000000 0.000000 0.000000
76  -6.013988 -4.624462 0.000002  0.000000 0.000000 0.000000
77  -65.574097 -37.156055 0.002939  -0.787227 1.570710 0.783798
78  1.602684 -3.785219 0.003047  -0.786496 1.570710 0.784438
79  11.681368 -1.114744 -1.027844  -0.785337 1.570710 0.785551
80  19.766771 -3.800925 -0.000001  -0.000000 0.000000 0.000000
81  3.258439 5.856956 -3.403522  -0.000000 -0.000000 -0.000000
82  15.153048 5.860580 -3.403521  -0.000000 -0.000000 0.000000
83  6.064255 77.294952 36.365795  1.570796 0.000000 1.570796
84  -2.662412 1.445753 40.667961  -0.000000 3.141591 1.570796
85  8.352066 2.772895 0.000542  -3.141589 0.000002 0.000000
86  6.064253 72.973694 32.593250  1.570796 0.000000 1.570796
87  -0.113679 5.957330 -0.188887  -0.000000 -0.000000 -0.000000
88  0.097224 0.210962 3.469586  -0.000000 -0.000000 -0.000000
89  0.000002 1.310209 0.000001  0.000000 -0.000000 0.000000
90  0.000001 0.582257 0.000000  0.000000 -0.000000 0.000000
91  0.036297 1.284878 7.928797  0.000000 -0.000001 0.000000
92  -0.000001 1.310211 0.000003  0.000000 -0.000000 0.000000
93  -0.000001 0.582259 0.000002  0.000000 -0.000000 0.000000
94  5.969322 3.427457 -6.170651  -0.000000 -0.000001 -1.570797
95  -1.310211 0.000000 -0.000004  0.000000 -0.000000 -0.000000
96  -0.582260 -0.000000 -0.000003  0.000000 -0.000000 -0.000000
97  5.969321 9.397398 -6.170660  -0.000000 -0.000001 -1.570796
98  -1.310214 -0.000000 -0.000000  0.000000 0.000000 -0.000000
99  -0.582261 -0.000001 -0.000001  0.000000 0.000000 -0.000000
100  5.969320 15.223767 -6.170671  0.000000 -0.000001 -1.570796
101  -1.310213 0.000003 0.000000  -0.000000 0.000000 -0.000000
102  -0.582260 0.000002 -0.000001  -0.000000 0.000000 -0.000000
103  5.969323 20.835567 -6.170670  0.000000 -0.000001 -1.570796
104  -1.310213 0.000003 0.000001  -0.000000 0.000000 -0.000000
105  -0.582262 0.000002 0.000004  -0.000000 0.000000 -0.000000
106  5.969322 26.771208 -6.170672  0.000000 -0.000001 -1.570796
107  5.969321 32.597595 -6.170674  0.000000 -0.000001 -1.570796
108  5.969322 38.209396 -6.170685  0.000000 -0.000001 -1.570800
109  5.969321 49.488464 -6.170683  0.000000 -0.000001 -1.570800
110  -0.539091 -0.556810 -0.017363  -0.042462 2.681156 1.551919
111  -6.799126 -0.556808 0.818549  -0.272420 2.701993 1.452460
112  -4.615282 -0.556822 0.270327  -0.117230 2.684609 1.518878
113  -2.650969 -0.556808 0.063010  -0.042463 2.681158 1.551919
114  27.110336 1.284855 12.007548  -0.000000 -0.000000 -0.000000
115  28.133423 1.284855 12.007546  0.000001 -0.000000 -0.000000
116  12.812885 2.241784 12.007548  0.000000 -0.000001 -0.000001
117  -9.955969 -0.319623 4.380213  -0.000001 -0.000000 -0.000001
118  -11.316476 -0.319623 4.380214  -0.000003 -0.000000 0.000000
119  -12.667812 -0.319623 4.380214  -0.000003 -0.000000 0.000001
120  -14.022143 -0.319623 4.380215  0.000010 -0.000000 -0.000011
121  -15.373241 -0.319624 4.380212  0.000015 -0.000000 -0.000015
122  -16.724144 -0.319621 4.380213  -0.000009 -0.000000 0.000006
123  -18.074574 -0.319620 4.380215  -0.000006 -0.000000 0.000004
124  -19.423719 -0.319621 4.380214  0.000002 0.000000 -0.000004
125  -20.775269 -0.319619 4.380213  0.000003 0.000000 -0.000004
126  -22.126673 -0.319621 4.380215  0.000003 -0.000000 -0.000004
127  -23.478125 -0.319619 4.380215  0.000005 0.000000 -0.000006
128  -24.830620 -0.319618 4.380215  0.000036 -0.000000 -0.000038
129  -26.182028 -0.319619 4.380215  -0.000011 0.000000 0.000011
130  0.529178 -0.167130 0.629484  -0.101270 -0.000000 0.000000
131  -0.211446 -0.241685 0.155361  -0.145847 -0.000000 0.000000
132  0.529189 -0.280701 -0.110295  -0.145847 -0.000000 0.000000
133  -0.173928 -0.337327 -0.638497  -0.181751 -0.000000 0.000000
134  0.529189 -0.399248 -0.975395  -0.181751 -0.000000 0.000000
135  -0.211445 -0.464478 -1.431043  -0.192399 -0.000000 0.000000
136  0.529188 -0.515810 -1.694584  -0.192399 -0.000000 0.000000
137  -0.173930 -0.612152 -2.231910  -0.216703 -0.000000 0.000000
138  0.529187 -0.685807 -2.566440  -0.216703 -0.000000 0.000000
139  -0.211446 -0.769561 -3.027871  -0.237349 -0.000000 0.000000
140  0.529187 -0.832687 -3.288848  -0.237349 -0.000000 0.000000
141  -0.173939 -0.945281 -3.779564  -0.233859 0.000000 0.000000
142  0.529178 -1.024658 -4.112780  -0.233859 0.000000 0.000000
143  -0.211444 -1.132187 -4.577549  -0.262919 -0.000000 0.000000
144  0.529189 -1.201965 -4.836823  -0.262919 0.000000 0.000000
145  -0.000006 -2.810942 -10.636629  0.258454 0.000000 3.141592
146  -0.192456 -1.345780 -5.370047  -0.280373 0.000000 0.000000
147  0.533981 -1.413513 -5.605106  -0.276883 0.000000 0.000000
148  -0.206619 -1.795762 -6.909781  -0.287354 0.000000 0.000000
149  -0.205806 -1.564820 -6.138258  -0.290843 0.000000 0.000000
150  0.530459 -1.643676 -6.395214  -0.290844 0.000000 0.000000
151  0.535309 -1.790711 -7.204134  -0.287354 -0.000000 0.000000
152  -0.202705 -2.030488 -7.702831  -0.286180 -0.000000 0.000000
153  0.509547 -2.118894 -8.011623  -0.298398 -0.000000 0.000000
154  -0.202704 -2.255277 -8.465173  -0.283134 -0.000000 0.000000
155  0.509546 -2.352981 -8.771158  -0.295352 -0.000000 0.000000
156  -0.202706 -2.481598 -9.235474  -0.285437 -0.000000 0.000000
157  0.509546 -2.588686 -9.538640  -0.297654 -0.000000 0.000000
158  0.170121 -21.222095 -1.001143  -0.000001 -0.000001 0.000000
159  0.170122 -20.843864 -0.397184  -0.000001 -0.000001 0.000000
160  0.170121 -20.489746 -1.001143  -0.000001 -0.000001 0.000000
161  0.170123 -20.111065 -0.397181  -0.000001 -0.000001 0.000000
162  0.170122 -19.380089 -0.397188  -0.000001 -0.000001 0.000000
163  0.170122 -19.025108 -1.001145  -0.000001 -0.000001 0.000000
164  0.170121 -18.646660 -0.396447  -0.000001 -0.000001 0.000000
165  0.170123 -19.755760 -1.001141  -0.000001 -0.000001 0.000000
166  -0.015973 10.035398 1.098091  -0.000000 -0.000000 -0.000000
167  -0.104324 -52.163578 4.437348  1.570735 -0.000061 -1.570735
168  0.064651 27.351288 72.195206  -0.000000 -0.000000 -0.000001
169  6.064260 95.114014 31.645502  -0.000000 -0.000001 1.570796
170  -0.103715 -26.907875 3.305358  -0.000000 0.000000 -1.570730
171  6.064256 69.096558 37.164318  1.570796 0.000000 1.570796
172  1.974302 11.989230 4.589251  0.000000 -0.000000 -0.000000
173  1.941733 0.883634 4.309757  0.000000 0.000000 -1.483525
174  -0.115680 1.104775 6.744192  -0.000000 -0.000000 -0.000000
175  6.064260 89.329796 31.613918  -0.000000 -0.000001 1.570796
176  0.059885 2.255334 54.398010  -0.000000 -0.000000 -0.000000
177  0.003498 -22.270643 0.000145  1.570797 -0.000000 -1.570797
178  0.104010 14.792239 1.530321  -0.000000 -0.000000 -0.000000
179  19.551357 35.623474 -18.804962  0.147628 -3.137408 1.036525
180  -2.951667 25.811069 -3.742310  -0.096365 0.008023 -1.450340
181  -2.662414 1.445755 33.628742  -0.000000 3.141591 1.570796
182  8.352066 2.772896 0.000541  -3.141589 0.000002 0.000000
183  -2.662412 1.445753 40.667961  -0.000000 3.141591 1.570796
184  8.352066 2.772895 0.000542  -3.141589 0.000002 0.000000
185  -1.431357 16.384777 4.137812  0.000001 -0.000000 0.000000
186  -0.001845 0.521681 -0.140288  0.000000 -0.000000 -0.000000
187  7.323108 -5.136193 -5.166238  0.000000 0.000000 -0.610865
188  2.698277 0.000000 -0.000000  -0.000012 0.000000 0.000001
189  2.834158 0.000000 0.000001  0.000013 0.000000 0.000000
190  2.648917 0.000002 0.000001  -0.000001 -0.000001 0.000000
191  2.667496 0.000001 -0.000001  0.000000 0.000000 0.000000
192  2.426703 -0.000000 -0.000000  0.000000 0.000000 -0.000000
193  -0.494744 -44.353451 -1.302298  1.570797 -0.000000 -1.570797
194  11.545936 73.768417 -3.792008  0.000000 -0.000000 -0.000000
195  0.055850 -6.877712 2.864590  -0.000000 -0.000000 -0.000000
196  -0.000001 0.000002 -1.529053  -0.000000 -0.000000 -0.000000
197  -0.078943 0.000002 -0.000002  -0.000000 0.000000 1.570730
198  0.097091 0.000000 -0.000002  0.000001 -3.141592 1.570796
199  0.000000 0.000000 -0.000000  0.000000 -0.000000 -0.000000
200  -14.247677 -13.752781 -24.747618  0.089385 -0.674833 -1.557427
201  11.672937 -14.576351 -37.277596  0.727657 -2.712044 0.862477
time 14
0  0 0 0  0 0 0
1  0.000000 0.000000 0.000000  0.000000 -0.000000 -0.000000
2  -0.000000 -0.000000 -55.423229  0.000000 -0.000000 -1.570730
3  -0.012872 0.000000 8.235027  -0.784749 -1.570710 -0.785986
4  16.163124 -0.010663 0.007211  -0.594297 0.000409 -0.000125
5  16.163132 -0.000000 3.830524  -1.512064 -0.084669 -2.179165
6  14.868235 0.000000 -0.000000  0.872594 0.599881 -0.511850
7  26.391956 -0.000005 -0.000003  -0.000000 0.000000 -2.035806
8  0.000002 -0.000004 0.000002  0.036685 -0.000000 -0.000000
9  3.093513 -0.000003 0.000002  0.073444 -0.000000 -0.000000
10  6.187020 -0.000003 0.000002  0.110167 -0.000000 -0.000000
11  9.280536 -0.000008 0.000005  0.146865 0.000000 -0.000000
12  12.374044 -0.000003 0.000003  0.183613 -0.000000 -0.000000
13  15.467561 -0.000009 0.000006  0.220301 -0.000000 -0.000000
14  18.561060 -0.000010 0.000005  0.257063 -0.000000 -0.000000
15  21.654575 -0.000008 0.000004  -1.277090 0.091174 -0.070897
16  1.410074 0.800540 -2.089138  1.843477 0.320132 0.489574
17  3.954716 -0.000002 0.000004  0.039646 -0.059951 0.186898
18  3.101562 0.000003 -0.000001  0.060388 -0.073226 0.117075
19  6.164477 -0.898154 2.575006  -0.059533 -0.351931 0.176872
20  2.805847 -0.000001 0.000002  -0.000000 0.000000 0.413100
21  2.307442 -0.000002 -0.000001  -0.000000 0.000000 0.252448
22  7.145097 -0.676338 -1.382433  0.190086 -0.196570 -0.208900
23  3.672218 0.000001 0.000002  0.000000 0.000000 0.359426
24  2.676515 -0.000001 -0.000001  0.000000 0.000000 0.241500
25  6.831184 -0.870861 0.599910  0.082022 -0.270582 0.026253
26  3.657083 0.000003 0.000002  0.000000 0.000000 0.345352
27  2.496791 0.000003 -0.000005  -0.000000 -0.000000 0.346592
28  7.183361 -0.532081 -3.267614  0.167653 -0.121128 -0.421083
29  3.511592 0.000001 -0.000004  0.000000 0.000000 0.312807
30  2.199403 0.000002 -0.000002  0.000000 0.000000 0.352542
31  16.163136 0.000000 -3.830527  1.030024 0.757749 -2.289682
32  14.868241 -0.000000 0.000000  -0.124177 -0.675378 -1.548772
33  26.391951 0.000000 0.000005  0.000000 0.000000 -1.779485
34  -0.000002 -0.000000 -0.000002  0.088655 0.000000 0.000000
35  3.093510 -0.000003 -0.000001  0.177301 0.000000 0.000000
36  6.187021 -0.000002 -0.000002  0.265928 0.000000 0.000000
37  9.280533 -0.000002 -0.000001  0.354587 0.000000 0.000000
38  12.374036 -0.000003 0.000001  0.443270 0.000000 0.000000
39  15.467545 -0.000002 -0.000001  0.531899 0.000000 0.000000
40  18.561062 0.000000 0.000002  0.620586 0.000000 0.000000
41  21.654562 -0.000003 0.000000  2.375889 0.484595 0.186588
42  1.410073 0.800530 2.089144  -1.966491 -0.287076 0.559263
43  3.954711 0.000002 -0.000000  0.000000 -0.000000 0.375132
44  3.101566 -0.000002 -0.000001  -0.000000 0.000000 0.790793
45  7.183350 -0.532091 3.267612  0.191840 -0.085697 -0.126158
46  3.511593 -0.000001 -0.000001  0.000000 0.000000 0.183797
47  2.199410 -0.000002 0.000000  0.000000 0.000000 -0.239655
48  7.145096 -0.676345 1.382431  0.255424 0.283825 0.886075
49  3.672210 -0.000001 -0.000001  -0.000000 -0.000000 1.435616
50  2.676517 -0.000001 0.000002  -0.000000 0.000000 1.062915
51  6.831170 -0.870864 -0.599912  0.339890 0.115856 1.057859
52  3.657080 0.000000 0.000000  -0.000000 -0.000000 1.252193
53  2.496794 0.000000 -0.000001  0.000000 0.000000 0.840195
54  6.164462 -0.898150 -2.575014  0.409526 -0.061316 1.152482
55  2.805847 -0.000002 0.000001  0.000000 -0.000000 0.666009
56  2.307447 -0.000001 -0.000000  0.000000 -0.000000 0.844543
57  0.000000 0.000000 -0.000000  0.003792 0.009787 -0.010968
58  -15.795293 -30.538368 -5.046395  -0.774690 -0.229579 0.039311
59  0.000002 -19.069489 4.681030  0.000000 0.000000 0.000000
60  1.986526 0.000022 -3.123739  -2.705260 -0.000000 -1.570797
61  -1.986693 0.000020 -3.123747  0.436333 0.000001 1.570797
62  0.000000 0.000004 -0.000000  0.000000 0.000000 0.000000
63  -1.530660 0.861434 -3.109956  0.392682 0.000010 1.570745
64  -11.344163 1.135885 0.869267  0.000328 -0.024963 -0.026314
65  1.907531 0.861427 -2.954427  -0.392858 -0.000004 1.570778
66  -11.350047 -0.729406 0.864871  0.000154 -0.025335 0.026430
67  1.754238 4.036767 -1.682664  0.392549 -0.010099 -1.546344
68  -1.755141 4.036767 -1.682666  -0.392547 -0.010382 -1.594901
69  -0.164557 5.734788 5.880445  -0.000000 0.000000 -1.570730
70  1.203549 5.503727 4.339430  0.000000 0.000000 0.000000
71  -1.260174 5.668897 5.788549  0.070161 -0.418898 2.970131
72  1.185469 17.272329 1.821941  0.000000 0.000000 0.000000
73  0.060219 10.324386 74.469055  0.000008 0.000000 0.000000
74  0.052672 -3.972628 3.515843  1.570735 -0.000061 -1.570735
75  4.804182 -3.856467 -0.006877  -0.000000 0.000000 -0.000000
76  -6.013986 -4.624459 0.000000  0.000000 0.000000 -0.000000
77  -65.574089 -37.156040 0.002935  -0.787257 1.570710 0.783844
78  1.602683 -3.785217 0.003046  -0.786648 1.570710 0.784377
79  11.681369 -1.114745 -1.027845  -0.785276 1.570710 0.785703
80  19.766771 -3.800925 -0.000001  -0.000000 -0.000000 -0.000000
81  3.258441 5.856952 -3.403524  -0.000000 -0.000000 -0.000001
82  15.153048 5.860580 -3.403521  -0.000000 -0.000000 0.000000
83  6.064256 77.294952 36.365799  1.570796 -0.000000 1.570796
84  -2.662412 1.445752 40.667957  -0.000000 3.141591 1.570796
85  8.352069 2.772897 0.000540  -3.141589 0.000002 0.000000
86  6.064256 72.973694 32.593254  1.570796 -0.000000 1.570796
87  -0.113679 5.957335 -0.188892  0.000000 0.000000 0.000000
88  0.097225 0.210963 3.469582  0.000000 0.000000 0.000000
89  0.000000 1.310211 0.000001  0.000000 0.000000 0.000000
90  0.000001 0.582261 0.000002  0.000000 0.000000 0.000000
91  0.036296 1.284882 7.928795  0.000000 -0.000001 0.000000
92  0.000002 1.310211 -0.000001  0.000000 -0.000000 0.000000
93  0.000001 0.582259 -0.000001  0.000000 -0.000000 0.000000
94  5.969322 3.427461 -6.170653  -0.000000 -0.000001 -1.570797
95  -1.310211 0.000002 -0.000001  0.000000 0.000000 -0.000000
96  -0.582258 0.000000 0.000000  0.000000 0.000000 -0.000000
97  5.969322 9.397400 -6.170662  -0.000001 -0.000001 -1.570796
98  -1.310213 -0.000001 0.000001  0.000000 0.000000 -0.000000
99  -0.582262 -0.000002 -0.000000  0.000000 0.000001 -0.000000
100  5.969321 15.223770 -6.170672  -0.000000 -0.000001 -1.570796
101  -1.310213 0.000002 -0.000001  -0.000000 0.000000 -0.000000
102  -0.582263 0.000000 -0.000003  -0.000000 0.000001 -0.000000
103  5.969321 20.835571 -6.170674  -0.000000 -0.000001 -1.570796
104  -1.310213 0.000000 -0.000002  -0.000000 0.000000 -0.000000
105  -0.582261 -0.000001 0.000001  -0.000000 0.000001 -0.000000
106  5.969323 26.771210 -6.170675  -0.000000 -0.000001 -1.570796
107  5.969322 32.597595 -6.170678  -0.000000 -0.000001 -1.570796
108  5.969322 38.209396 -6.170687  -0.000000 -0.000001 -1.570800
109  5.969322 49.488468 -6.170686  -0.000000 -0.000001 -1.570800
110  -0.539091 -0.556808 -0.017365  -0.042462 2.681156 1.551919
111  -6.799125 -0.556806 0.818545  -0.272420 2.701993 1.452460
112  -4.615282 -0.556823 0.270325  -0.117230 2.684609 1.518878
113  -2.650969 -0.556806 0.063007  -0.042463 2.681158 1.551919
114  27.110334 1.284856 12.007544  0.000000 -0.000000 0.000000
115  28.133425 1.284857 12.007545  0.000001 -0.000000 0.000000
116  12.812886 2.241786 12.007545  0.000000 -0.000001 -0.000001
117  -9.955969 -0.319623 4.380210  -0.000001 -0.000000 -0.000001
118  -11.316473 -0.319622 4.380211  -0.000003 -0.000000 0.000000
119  -12.667810 -0.319622 4.380211  -0.000003 -0.000000 0.000001
120  -14.022141 -0.319622 4.380211  0.000010 -0.000000 -0.000011
121  -15.373240 -0.319621 4.380210  0.000015 -0.000000 -0.000015
122  -16.724142 -0.319621 4.380209  -0.000009 -0.000000 0.000006
123  -18.074574 -0.319622 4.380211  -0.000006 0.000000 0.000004
124  -19.423716 -0.319620 4.380211  0.000002 0.000000 -0.000004
125  -20.775270 -0.319620 4.380210  0.000003 0.000000 -0.000004
126  -22.126669 -0.319618 4.380212  0.000003 0.000000 -0.000004
127  -23.478121 -0.319618 4.380210  0.000005 -0.000000 -0.000006
128  -24.830618 -0.319618 4.380211  0.000036 0.000000 -0.000038
129  -26.182030 -0.319616 4.380212  -0.000011 0.000000 0.000011
130  0.529180 -0.167131 0.629480  -0.101270 -0.000000 0.000000
131  -0.211444 -0.241682 0.155358  -0.145847 -0.000000 0.000000
132  0.529189 -0.280699 -0.110296  -0.145847 -0.000000 0.000000
133  -0.173927 -0.337324 -0.638499  -0.181751 -0.000000 0.000000
134  0.529189 -0.399244 -0.975398  -0.181751 -0.000000 0.000000
135  -0.211444 -0.464476 -1.431046  -0.192399 -0.000000 0.000000
136  0.529189 -0.515808 -1.694587  -0.192399 -0.000000 0.000000
137  -0.173929 -0.612151 -2.231914  -0.216703 -0.000000 0.000000
138  0.529187 -0.685805 -2.566443  -0.216703 -0.000000 0.000000
139  -0.211446 -0.769560 -3.027874  -0.237349 -0.000000 0.000000
140  0.529188 -0.832686 -3.288849  -0.237349 -0.000000 0.000000
141  -0.173938 -0.945282 -3.779566  -0.233859 0.000000 0.000000
142  0.529179 -1.024656 -4.112782  -0.233859 0.000000 0.000000
143  -0.211444 -1.132186 -4.577552  -0.262919 -0.000000 0.000000
144  0.529188 -1.201963 -4.836828  -0.262919 0.000000 0.000000
145  -0.000005 -2.810941 -10.636631  0.258454 0.000000 3.141592
146  -0.192456 -1.345777 -5.370049  -0.280373 0.000000 0.000000
147  0.533983 -1.413512 -5.605108  -0.276883 0.000000 0.000000
148  -0.206618 -1.795760 -6.909782  -0.287354 0.000000 0.000000
149  -0.205805 -1.564819 -6.138260  -0.290843 0.000000 0.000000
150  0.530459 -1.643675 -6.395219  -0.290844 0.000000 0.000000
151  0.535311 -1.790708 -7.204137  -0.287354 -0.000000 0.000000
152  -0.202704 -2.030487 -7.702834  -0.286180 -0.000000 0.000000
153  0.509547 -2.118894 -8.011627  -0.298398 -0.000000 0.000000
154  -0.202705 -2.255277 -8.465174  -0.283134 -0.000000 0.000000
155  0.509548 -2.352982 -8.771163  -0.295352 -0.000000 0.000000
156  -0.202705 -2.481594 -9.235474  -0.285437 -0.000000 0.000000
157  0.509547 -2.588681 -9.538642  -0.297654 -0.000000 0.000000
158  0.170123 -21.222088 -1.001142  -0.000001 -0.000001 0.000000
159  0.170121 -20.843864 -0.397189  -0.000001 -0.000001 0.000000
160  0.170120 -20.489746 -1.001145  -0.000001 -0.000001 0.000000
161  0.170122 -20.111069 -0.397190  -0.000001 -0.000001 0.000000
162  0.170122 -19.380087 -0.397188  -0.000001 -0.000001 0.000000
163  0.170123 -19.025108 -1.001148  -0.000001 -0.000001 0.000000
164  0.170122 -18.646660 -0.396451  -0.000001 -0.000001 0.000000
165  0.170122 -19.755760 -1.001147  -0.000001 -0.000001 0.000000
166  -0.015973 10.035399 1.098088  0.000000 0.000000 0.000000
167  -0.104324 -52.163582 4.437337  1.570735 -0.000061 -1.570735
168  0.064651 27.351290 72.195206  0.000000 -0.000000 -0.000001
169  6.064261 95.114006 31.645504  0.000000 -0.000001 1.570796
170  -0.103715 -26.907866 3.305356  -0.000000 0.000000 -1.570730
171  6.064256 69.096558 37.164318  1.570796 -0.000000 1.570796
172  1.974302 11.989232 4.589250  0.000001 0.000000 0.000000
173  1.941735 0.883633 4.309755  0.000000 0.000000 -1.483525
174  -0.115678 1.104775 6.744191  0.000000 0.000000 0.000000
175  6.064262 89.329803 31.613924  0.000000 -0.000001 1.570796
176  0.059886 2.255332 54.398010  0.000000 0.000000 0.000000
177  0.003494 -22.270647 0.000145  1.570797 0.000000 -1.570797
178  0.104010 14.792242 1.530320  0.000000 0.000000 0.000000
179  20.436354 41.307053 -16.955744  0.205657 2.944385 0.979174
180  -2.951665 25.811068 -3.742310  -0.096365 0.008023 -1.450340
181  -2.662412 1.445756 33.628742  -0.000000 3.141591 1.570796
182  8.352069 2.772899 0.000538  -3.141589 0.000002 0.000000
183  -2.662412 1.445752 40.667957  -0.000000 3.141591 1.570796
184  8.352069 2.772897 0.000540  -3.141589 0.000002 0.000000
185  -1.431355 16.384779 4.137811  0.000001 0.000000 0.000000
186  -0.001845 0.521682 -0.140290  0.000000 0.000000 0.000000
187  7.323108 -5.136194 -5.166238  0.000000 0.000000 -0.610865
188  2.698279 -0.000001 -0.000001  -0.000012 0.000000 0.000000
189  2.834160 -0.000003 -0.000000  0.000013 0.000000 0.000000
190  2.648919 0.000000 -0.000003  -0.000001 -0.000001 0.000000
191  2.667499 -0.000004 0.000001  0.000000 -0.000000 0.000000
192  2.426705 -0.000000 -0.000000  -0.000000 -0.000000 -0.000000
193  -0.494745 -44.353447 -1.302301  1.570797 0.000000 -1.570797
194  11.545938 73.768417 -3.792004  0.000000 0.000000 0.000000
195  0.055850 -6.877711 2.864591  0.000000 0.000000 0.000000
196  -0.000001 0.000001 -1.529051  0.000000 0.000000 0.000000
197  -0.078942 0.000001 -0.000000  0.000000 -0.000000 1.570730
198  0.097091 0.000001 0.000001  0.000001 -3.141592 1.570796
199  0.000000 0.000000 -0.000000  0.000000 -0.000000 -0.000000
200  -14.573938 -14.650833 -25.903597  0.106211 -0.772537 -1.587022
201  12.723798 -11.746185 -40.329960  0.842857 -2.843319 0.889890
time 15
0  0 0 0  0 0 0
1  0.000000 0.000000 0.000000  0.000000 -0.000000 -0.000000
2  -0.000000 -0.000000 -55.423229  0.000000 -0.000000 -1.570730
3  -0.012872 0.000000 8.235027  -0.784749 -1.570710 -0.785986
4  16.163124 -0.010663 0.007211  -0.594297 0.000409 -0.000125
5  16.163132 -0.000000 3.830524  -1.570799 0.000002 -2.165879
6  14.868233 0.000002 -0.000002  1.000086 0.540048 -0.450981
7  26.391953 -0.000003 -0.000003  -0.000000 0.000000 -1.978770
8  0.000000 0.000003 -0.000004  0.055795 -0.000000 -0.000000
9  3.093512 -0.000000 -0.000001  0.111634 -0.000000 -0.000000
10  6.187018 -0.000000 -0.000002  0.167498 -0.000000 -0.000000
11  9.280530 0.000005 -0.000001  0.223310 -0.000000 -0.000000
12  12.374043 -0.000003 0.000001  0.279173 -0.000000 -0.000000
13  15.467556 -0.000003 0.000001  0.335010 -0.000000 -0.000000
14  18.561058 -0.000007 0.000003  0.390862 -0.000000 -0.000000
15  21.654572 -0.000003 0.000003  -1.125650 0.147976 -0.116558
16  1.410072 0.800540 -2.089141  1.859440 0.320111 0.539240
17  3.954713 -0.000002 0.000006  0.039859 -0.049834 0.205355
18  3.101562 0.000002 -0.000003  0.061761 -0.077447 0.134727
19  6.164473 -0.898142 2.575007  -0.040467 -0.344181 0.180815
20  2.805842 -0.000000 -0.000003  0.000000 -0.000000 0.399826
21  2.307441 0.000001 0.000000  0.000000 0.000000 0.239163
22  7.145098 -0.676335 -1.382432  0.185441 -0.182592 -0.204982
23  3.672218 0.000001 -0.000003  0.000000 0.000000 0.346467
24  2.676516 -0.000001 0.000000  0.000000 0.000000 0.232648
25  6.831182 -0.870852 0.599912  0.085211 -0.263144 0.043199
26  3.657079 0.000000 -0.000004  0.000000 0.000000 0.308173
27  2.496794 -0.000001 -0.000003  -0.000000 -0.000000 0.326470
28  7.183361 -0.532076 -3.267615  0.159819 -0.100170 -0.421930
29  3.511595 0.000001 0.000000  0.000000 -0.000000 0.327089
30  2.199402 0.000000 0.000003  0.000000 -0.000000 0.354216
31  16.163136 0.000000 -3.830527  0.942049 0.795739 -2.365881
32  14.868239 -0.000000 0.000000  -0.145342 -0.691266 -1.470536
33  26.391953 0.000003 0.000004  0.000000 0.000000 -1.760211
34  -0.000001 0.000001 0.000002  0.076559 0.000000 -0.000000
35  3.093510 -0.000003 -0.000001  0.153169 0.000000 0.000000
36  6.187020 0.000001 0.000003  0.229760 0.000000 0.000000
37  9.280533 -0.000001 -0.000002  0.306382 -0.000000 0.000000
38  12.374035 -0.000002 0.000001  0.383025 -0.000000 -0.000000
39  15.467546 -0.000002 0.000001  0.459615 -0.000000 -0.000000
40  18.561066 -0.000004 0.000001  0.536202 0.000000 0.000000
41  21.654562 -0.000003 0.000001  2.272258 0.542218 0.073232
42  1.410070 0.800529 2.089144  -1.966491 -0.287076 0.559263
43  3.954708 -0.000004 -0.000001  0.000000 -0.000000 0.375132
44  3.101565 0.000000 -0.000000  -0.000000 -0.000000 0.790793
45  7.183344 -0.532092 3.267613  0.192100 -0.091828 -0.119646
46  3.511593 0.000001 -0.000000  0.000000 0.000000 0.173869
47  2.199414 0.000000 0.000002  -0.000000 0.000000 -0.263403
48  7.145094 -0.676346 1.382430  0.255424 0.283825 0.886075
49  3.672208 0.000000 -0.000002  -0.000000 -0.000000 1.435616
50  2.676522 -0.000000 -0.000002  0.000000 0.000000 1.062915
51  6.831169 -0.870865 -0.599912  0.339890 0.115856 1.057859
52  3.657082 0.000001 0.000001  -0.000000 -0.000000 1.252192
53  2.496796 -0.000001 -0.000000  0.000000 0.000000 0.840195
54  6.164458 -0.898152 -2.575011  0.409526 -0.061317 1.152482
55  2.805846 0.000000 0.000002  -0.000000 0.000000 0.666009
56  2.307445 -0.000003 -0.000001  0.000000 0.000000 0.844543
57  0.000000 0.000000 -0.000000  0.004959 0.009059 -0.010171
58  -16.293106 -29.415314 -4.741554  -0.869127 -0.228431 0.043275
59  0.000000 -19.069477 4.681030  0.000000 -0.000000 0.000000
60  1.986526 0.000014 -3.123740  -2.705260 -0.000000 -1.570797
61  -1.986693 0.000016 -3.123745  0.436333 0.000001 1.570797
62  0.000000 -0.000001 0.000000  0.000000 -0.000000 0.000000
63  -1.530657 0.861428 -3.109957  0.392682 0.000010 1.570745
64  -11.344160 1.135888 0.869268  0.000328 -0.024963 -0.026314
65  1.907531 0.861422 -2.954429  -0.392858 -0.000004 1.570778
66  -11.350044 -0.729407 0.864871  0.000154 -0.025335 0.026430
67  1.754236 4.036763 -1.682664  0.392549 -0.010099 -1.546344
68  -1.755140 4.036761 -1.682664  -0.392547 -0.010382 -1.594901
69  -0.164556 5.734788 5.880445  -0.000000 0.000000 -1.570730
70  1.203547 5.503727 4.339433  0.000000 -0.000000 0.000000
71  -1.260174 5.668899 5.788551  0.070161 -0.418898 2.970131
72  1.185470 17.272327 1.821940  0.000000 -0.000000 0.000000
73  0.060217 10.324388 74.469055  0.000008 -0.000000 0.000000
74  0.052673 -3.972627 3.515837  1.570735 -0.000061 -1.570735
75  4.804186 -3.856470 -0.006875  -0.000000 0.000000 -0.000000
76  -6.013986 -4.624458 0.000001  0.000000 0.000000 -0.000000
77  -65.574081 -37.156044 0.002939  -0.786709 1.570710 0.783798
78  1.602682 -3.785213 0.003048  -0.786236 1.570710 0.784285
79  11.681368 -1.114741 -1.027843  -0.785124 1.570710 0.785474
80  19.766771 -3.800926 0.000002  -0.000000 0.000000 -0.000000
81  3.258441 5.856954 -3.403522  -0.000000 -0.000000 -0.000000
82  15.153049 5.860581 -3.403520  0.000000 -0.000000 -0.000000
83  6.064257 77.294937 36.365795  1.570796 -0.000000 1.570796
84  -2.662414 1.445755 40.667953  -0.000000 3.141591 1.570796
85  8.352069 2.772896 0.000541  -3.141589 0.000002 0.000000
86  6.064254 72.973679 32.593250  1.570796 -0.000000 1.570796
87  -0.113679 5.957339 -0.188892  0.000000 -0.000000 0.000000
88  0.097225 0.210963 3.469586  0.000000 -0.000000 0.000000
89  -0.000001 1.310212 0.000001  0.000000 0.000000 0.000000
90  -0.000001 0.582261 0.000003  0.000000 0.000000 0.000000
91  0.036298 1.284881 7.928797  0.000000 -0.000001 0.000000
92  0.000002 1.310212 -0.000000  0.000000 0.000000 0.000000
93  0.000002 0.582261 0.000001  0.000000 0.000000 0.000000
94  5.969324 3.427459 -6.170652  -0.000000 -0.000000 -1.570797
95  -1.310211 0.000000 0.000001  0.000000 -0.000000 -0.000000
96  -0.582260 -0.000001 0.000002  0.000000 -0.000000 -0.000000
97  5.969323 9.397400 -6.170660  -0.000000 -0.000001 -1.570796
98  -1.310213 0.000001 0.000002  0.000000 0.000000 -0.000000
99  -0.582261 -0.000000 0.000004  0.000000 0.000000 -0.000000
100  5.969322 15.223770 -6.170669  0.000000 -0.000001 -1.570796
101  -1.310213 0.000002 -0.000000  -0.000000 0.000000 -0.000000
102  -0.582263 0.000001 -0.000001  -0.000000 0.000000 -0.000000
103  5.969325 20.835567 -6.170671  0.000000 -0.000001 -1.570796
104  -1.310212 0.000001 0.000001  -0.000000 0.000000 -0.000000
105  -0.582261 0.000000 0.000005  -0.000000 0.000000 -0.000000
106  5.969325 26.771206 -6.170671  0.000000 -0.000001 -1.570796
107  5.969324 32.597591 -6.170672  0.000000 -0.000001 -1.570796
108  5.969324 38.209393 -6.170683  -0.000000 -0.000001 -1.570800
109  5.969324 49.488457 -6.170681  -0.000000 -0.000001 -1.570800
110  -0.539089 -0.556807 -0.017366  -0.042462 2.681156 1.551919
111  -6.799122 -0.556806 0.818548  -0.272420 2.701993 1.452460
112  -4.615280 -0.556820 0.270327  -0.117230 2.684609 1.518878
113  -2.650967 -0.556807 0.063008  -0.042463 2.681158 1.551919
114  27.110336 1.284858 12.007546  0.000000 -0.000000 0.000000
115  28.133425 1.284857 12.007544  0.000001 -0.000000 0.000000
116  12.812886 2.241786 12.007546  0.000000 -0.000001 -0.000001
117  -9.955965 -0.319622 4.380213  -0.000001 -0.000000 -0.000001
118  -11.316469 -0.319621 4.380213  -0.000003 -0.000000 0.000000
119  -12.667808 -0.319622 4.380212  -0.000003 -0.000000 0.000001
120  -14.022136 -0.319621 4.380213  0.000010 -0.000000 -0.000011
121  -15.373236 -0.319621 4.380211  0.000015 -0.000000 -0.000015
122  -16.724140 -0.319621 4.380212  -0.000009 -0.000000 0.000006
123  -18.074568 -0.319620 4.380213  -0.000006 0.000000 0.000004
124  -19.423716 -0.319619 4.380214  0.000002 0.000000 -0.000004
125  -20.775265 -0.319619 4.380213  0.000003 0.000000 -0.000004
126  -22.126667 -0.319619 4.380213  0.000003 0.000000 -0.000004
127  -23.478119 -0.319617 4.380213  0.000005 -0.000000 -0.000006
128  -24.830620 -0.319619 4.380212  0.000036 0.000000 -0.000038
129  -26.182022 -0.319618 4.380213  -0.000011 -0.000000 0.000011
130  0.529181 -0.167130 0.629482  -0.101270 -0.000000 0.000000
131  -0.211443 -0.241683 0.155359  -0.145847 -0.000000 0.000000
132  0.529191 -0.280700 -0.110294  -0.145847 -0.000000 0.000000
133  -0.173927 -0.337326 -0.638498  -0.181751 -0.000000 0.000000
134  0.529190 -0.399246 -0.975394  -0.181751 -0.000000 0.000000
135  -0.211442 -0.464477 -1.431044  -0.192399 -0.000000 0.000000
136  0.529190 -0.515806 -1.694585  -0.192399 -0.000000 0.000000
137  -0.173926 -0.612150 -2.231912  -0.216703 -0.000000 0.000000
138  0.529189 -0.685806 -2.566442  -0.216703 -0.000000 0.000000
139  -0.211444 -0.769561 -3.027872  -0.237349 -0.000000 0.000000
140  0.529190 -0.832685 -3.288847  -0.237349 -0.000000 0.000000
141  -0.173937 -0.945281 -3.779567  -0.233859 0.000000 0.000000
142  0.529181 -1.024656 -4.112781  -0.233859 0.000000 0.000000
143  -0.211442 -1.132185 -4.577547  -0.262919 -0.000000 0.000000
144  0.529191 -1.201963 -4.836828  -0.262919 0.000000 0.000000
145  -0.000003 -2.810943 -10.636631  0.258454 0.000000 3.141592
146  -0.192455 -1.345778 -5.370045  -0.280373 0.000000 0.000000
147  0.533984 -1.413510 -5.605105  -0.276883 0.000000 0.000000
148  -0.206616 -1.795758 -6.909781  -0.287354 0.000000 0.000000
149  -0.205803 -1.564817 -6.138258  -0.290843 0.000000 0.000000
150  0.530460 -1.643674 -6.395216  -0.290844 0.000000 0.000000
151  0.535313 -1.790710 -7.204136  -0.287354 -0.000000 0.000000
152  -0.202703 -2.030483 -7.702829  -0.286180 -0.000000 0.000000
153  0.509549 -2.118895 -8.011624  -0.298398 -0.000000 0.000000
154  -0.202703 -2.255277 -8.465172  -0.283134 -0.000000 0.000000
155  0.509549 -2.352980 -8.771159  -0.295352 -0.000000 0.000000
156  -0.202703 -2.481596 -9.235475  -0.285437 -0.000000 0.000000
157  0.509547 -2.588681 -9.538639  -0.297654 -0.000000 0.000000
158  0.170124 -21.222088 -1.001142  -0.000001 -0.000001 0.000000
159  0.170125 -20.843861 -0.397186  -0.000001 -0.000001 0.000000
160  0.170124 -20.489740 -1.001143  -0.000001 -0.000001 0.000000
161  0.170125 -20.111065 -0.397183  -0.000001 -0.000001 0.000000
162  0.170123 -19.380085 -0.397187  -0.000001 -0.000001 0.000000
163  0.170123 -19.025105 -1.001148  -0.000001 -0.000001 0.000000
164  0.170124 -18.646656 -0.396449  -0.000001 -0.000001 0.000000
165  0.170126 -19.755758 -1.001146  -0.000001 -0.000001 0.000000
166  -0.015973 10.035399 1.098089  0.000000 -0.000000 0.000000
167  -0.104323 -52.163567 4.437344  1.570735 -0.000061 -1.570735
168  0.064654 27.351286 72.195198  0.000000 -0.000000 -0.000001
169  6.064260 95.113998 31.645506  0.000000 -0.000001 1.570796
170  -0.103719 -26.907856 3.305346  -0.000000 0.000000 -1.570730
171  6.064255 69.096550 37.164322  1.570796 -0.000000 1.570796
172  1.974302 11.989231 4.589251  0.000001 -0.000000 0.000000
173  1.941733 0.883635 4.309755  0.000000 0.000000 -1.483525
174  -0.115679 1.104775 6.744191  0.000000 -0.000000 0.000000
175  6.064260 89.329796 31.613914  0.000000 -0.000001 1.570796
176  0.059885 2.255335 54.398010  0.000000 -0.000000 0.000000
177  0.003495 -22.270639 0.000147  1.570797 0.000000 -1.570797
178  0.104009 14.792238 1.530318  0.000000 -0.000000 0.000000
179  21.323299 46.436798 -14.201871  0.232459 2.737417 0.879628
180  -2.951667 25.811066 -3.742306  -0.096365 0.008023 -1.450340
181  -2.662414 1.445758 33.628738  -0.000000 3.141591 1.570796
182  8.352068 2.772895 0.000541  -3.141589 0.000002 0.000000
183  -2.662414 1.445755 40.667953  -0.000000 3.141591 1.570796
184  8.352069 2.772896 0.000541  -3.141589 0.000002 0.000000
185  -1.431356 16.384777 4.137813  0.000001 -0.000000 0.000000
186  -0.001845 0.521683 -0.140288  0.000000 -0.000000 0.000000
187  7.323108 -5.136191 -5.166237  0.000000 0.000000 -0.610865
188  2.698277 -0.000004 0.000004  -0.000012 0.000000 0.000001
189  2.834159 -0.000003 0.000001  0.000013 0.000000 0.000000
190  2.648918 -0.000001 -0.000001  -0.000001 -0.000001 0.000000
191  2.667499 -0.000002 0.000005  -0.000000 -0.000000 0.000000
192  2.426705 -0.000006 -0.000000  -0.000000 0.000000 -0.000000
193  -0.494745 -44.353439 -1.302301  1.570797 0.000000 -1.570797
194  11.545938 73.768402 -3.792005  0.000000 -0.000000 0.000000
195  0.055849 -6.877707 2.864593  0.000000 -0.000000 0.000000
196  0.000001 0.000000 -1.529051  0.000000 -0.000000 0.000000
197  -0.078940 -0.000000 -0.000004  0.000000 -0.000000 1.570730
198  0.097092 -0.000000 -0.000006  0.000001 -3.141592 1.570796
199  0.000000 0.000000 -0.000000  0.000000 -0.000000 -0.000000
200  -14.755870 -15.533329 -26.964405  0.113732 -0.864308 -1.609931
201  13.727618 -8.969994 -43.387352  -2.193870 -0.147733 -2.225914
time 16
0  0 0 0  0 0 0
1  0.000000 0.000000 0.000000  0.000000 -0.000000 -0.000000
2  -0.000000 -0.000000 -55.423229  0.000000 -0.000000 -1.570730
3  -0.012872 0.000000 8.235027  -0.784749 -1.570710 -0.785986
4  16.163124 -0.010663 0.007211  -0.594297 0.000409 -0.000125
5  16.163132 -0.000000 3.830524  -1.444894 -0.175246 -2.199533
6  14.868232 0.000002 0.000002  0.978441 0.367969 -0.163450
7  26.391951 -0.000002 -0.000001  -0.000000 0.000000 -1.792822
8  -0.000003 -0.000006 0.000002  0.043340 -0.000000 -0.000000
9  3.093511 -0.000005 -0.000000  0.086761 -0.000000 -0.000000
10  6.187016 -0.000007 0.000002  0.130162 -0.000000 -0.000000
11  9.280531 -0.000009 0.000000  0.173563 0.000000 -0.000000
12  12.374041 -0.000009 0.000004  0.216924 -0.000000 -0.000000
13  15.467554 -0.000013 0.000002  0.260325 -0.000000 -0.000000
14  18.561054 -0.000007 0.000004  0.303727 -0.000000 -0.000000
15  21.654570 -0.000013 0.000004  -1.226790 0.091350 -0.137338
16  1.410073 0.800535 -2.089139  1.888548 0.368920 0.605315
17  3.954713 0.000002 0.000001  0.043160 -0.047878 0.096899
18  3.101562 0.000000 0.000004  0.057618 -0.045096 0.028385
19  6.164473 -0.898158 2.575008  0.025184 -0.319611 0.138455
20  2.805844 -0.000003 -0.000006  -0.000000 -0.000000 0.357564
21  2.307442 -0.000000 0.000000  -0.000000 -0.000000 0.196857
22  7.145096 -0.676345 -1.382432  0.169579 -0.151183 -0.186821
23  3.672217 0.000001 0.000006  0.000000 0.000000 0.249741
24  2.676517 -0.000006 0.000001  0.000000 -0.000000 0.164436
25  6.831183 -0.870863 0.599916  0.101237 -0.239226 0.053020
26  3.657082 0.000002 0.000003  0.000000 0.000000 0.224170
27  2.496794 -0.000000 -0.000003  -0.000000 -0.000001 0.266236
28  7.183361 -0.532084 -3.267616  0.136058 -0.055034 -0.423173
29  3.511594 -0.000007 -0.000002  -0.000000 -0.000000 0.247649
30  2.199403 -0.000006 -0.000002  0.000000 -0.000000 0.299405
31  16.163136 0.000000 -3.830527  0.846095 0.838039 -2.444007
32  14.868242 -0.000000 -0.000002  -0.149632 -0.709404 -1.394304
33  26.391951 0.000003 0.000004  0.000000 0.000000 -1.747136
34  0.000001 -0.000003 -0.000003  0.064344 0.000000 -0.000000
35  3.093509 -0.000004 0.000001  0.128694 0.000000 0.000000
36  6.187021 -0.000003 -0.000002  0.193055 0.000000 -0.000000
37  9.280534 -0.000005 -0.000001  0.257370 -0.000000 0.000000
38  12.374035 -0.000003 0.000001  0.321769 -0.000000 -0.000000
39  15.467548 -0.000004 -0.000003  0.386134 0.000000 -0.000000
40  18.561064 -0.000005 -0.000001  0.450468 0.000000 0.000000
41  21.654564 -0.000004 0.000002  2.156286 0.575856 -0.043985
42  1.410070 0.800528 2.089144  -1.966491 -0.287076 0.559263
43  3.954711 -0.000003 0.000002  0.000000 -0.000000 0.375132
44  3.101566 -0.000002 -0.000002  -0.000000 0.000000 0.790793
45  7.183346 -0.532094 3.267612  0.192035 -0.091003 -0.120606
46  3.511594 0.000001 0.000001  -0.000000 0.000000 0.175278
47  2.199412 -0.000000 -0.000005  -0.000000 0.000000 -0.260017
48  7.145091 -0.676348 1.382428  0.255424 0.283825 0.886074
49  3.672209 -0.000002 0.000001  -0.000000 0.000000 1.435616
50  2.676520 -0.000002 -0.000002  -0.000000 -0.000000 1.062915
51  6.831166 -0.870865 -0.599913  0.339890 0.115856 1.057859
52  3.657080 0.000001 0.000002  -0.000000 -0.000000 1.252192
53  2.496793 -0.000001 -0.000004  0.000000 0.000000 0.840195
54  6.164456 -0.898153 -2.575012  0.409526 -0.061317 1.152482
55  2.805847 0.000002 -0.000001  0.000000 0.000000 0.666009
56  2.307445 -0.000001 -0.000004  0.000000 -0.000000 0.844543
57  0.000000 0.000000 -0.000000  0.005400 0.007226 -0.008892
58  -16.543859 -28.304642 -4.605647  -0.953898 -0.225021 0.047186
59  0.000003 -19.069483 4.681024  -0.000000 -0.000000 0.000000
60  1.986526 0.000017 -3.123736  -2.705260 -0.000000 -1.570797
61  -1.986690 0.000017 -3.123743  0.436333 0.000001 1.570797
62  0.000003 -0.000001 0.000001  -0.000000 -0.000000 0.000000
63  -1.530657 0.861428 -3.109954  0.392682 0.000010 1.570745
64  -11.344163 1.135889 0.869269  0.000328 -0.024963 -0.026314
65  1.907533 0.861423 -2.954426  -0.392858 -0.000004 1.570778
66  -11.350048 -0.729403 0.864869  0.000154 -0.025335 0.026430
67  1.754238 4.036761 -1.682665  0.392549 -0.010099 -1.546344
68  -1.755139 4.036760 -1.682666  -0.392547 -0.010382 -1.594901
69  -0.164552 5.734790 5.880448  0.000000 -0.000000 -1.570730
70  1.203551 5.503726 4.339430  -0.000000 -0.000000 0.000000
71  -1.260174 5.668898 5.788552  0.070161 -0.418898 2.970131
72  1.185472 17.272331 1.821941  -0.000000 -0.000000 0.000000
73  0.060217 10.324389 74.469063  0.000008 -0.000000 0.000000
74  0.052674 -3.972630 3.515843  1.570735 -0.000061 -1.570735
75  4.804184 -3.856466 -0.006878  -0.000000 0.000000 0.000000
76  -6.013985 -4.624458 0.000000  0.000000 0.000000 -0.000000
77  -65.574097 -37.156052 0.002939  -0.787105 1.570710 0.783737
78  1.602686 -3.785215 0.003049  -0.786435 1.570710 0.784316
79  11.681372 -1.114742 -1.027846  -0.785276 1.570710 0.785444
80  19.766775 -3.800924 -0.000002  -0.000000 0.000000 0.000000
81  3.258443 5.856956 -3.403525  -0.000000 -0.000000 -0.000000
82  15.153051 5.860583 -3.403522  -0.000000 -0.000000 0.000000
83  6.064258 77.294952 36.365799  1.570796 0.000000 1.570796
84  -2.662409 1.445753 40.667965  0.000000 3.141591 1.570796
85  8.352064 2.772894 0.000542  -3.141589 0.000002 0.000000
86  6.064256 72.973694 32.593246  1.570796 0.000000 1.570796
87  -0.113678 5.957336 -0.188891  -0.000000 -0.000000 0.000000
88  0.097228 0.210963 3.469585  -0.000000 -0.000000 0.000000
89  0.000001 1.310212 -0.000001  0.000000 -0.000000 0.000000
90  0.000001 0.582260 -0.000000  0.000000 -0.000000 0.000000
91  0.036298 1.284881 7.928797  -0.000000 -0.000001 0.000000
92  0.000001 1.310210 -0.000001  0.000000 -0.000000 0.000000
93  0.000001 0.582259 -0.000001  0.000000 -0.000000 0.000000
94  5.969324 3.427459 -6.170654  -0.000000 -0.000001 -1.570797
95  -1.310212 0.000001 -0.000000  0.000000 -0.000000 -0.000000
96  -0.582260 0.000000 0.000000  0.000000 -0.000000 -0.000000
97  5.969324 9.397399 -6.170660  -0.000000 -0.000001 -1.570796
98  -1.310209 -0.000000 0.000001  0.000000 0.000000 -0.000000
99  -0.582258 -0.000001 -0.000000  0.000000 0.000000 -0.000000
100  5.969323 15.223768 -6.170673  0.000000 -0.000001 -1.570796
101  -1.310214 0.000001 -0.000004  -0.000000 0.000000 -0.000000
102  -0.582262 0.000001 -0.000002  -0.000000 0.000000 -0.000000
103  5.969324 20.835569 -6.170675  0.000000 -0.000001 -1.570796
104  -1.310212 0.000002 0.000002  -0.000000 0.000000 -0.000000
105  -0.582261 -0.000000 0.000003  -0.000000 0.000000 -0.000000
106  5.969324 26.771208 -6.170675  0.000000 -0.000001 -1.570796
107  5.969324 32.597595 -6.170677  0.000000 -0.000001 -1.570796
108  5.969324 38.209396 -6.170690  0.000000 -0.000001 -1.570800
109  5.969323 49.488464 -6.170688  0.000000 -0.000001 -1.570800
110  -0.539090 -0.556807 -0.017363  -0.042462 2.681156 1.551919
111  -6.799124 -0.556806 0.818548  -0.272420 2.701993 1.452460
112  -4.615282 -0.556821 0.270326  -0.117230 2.684609 1.518878
113  -2.650970 -0.556807 0.063010  -0.042463 2.681158 1.551919
114  27.110336 1.284856 12.007547  -0.000000 -0.000000 -0.000000
115  28.133427 1.284856 12.007547  0.000001 -0.000000 -0.000000
116  12.812886 2.241786 12.007549  -0.000000 -0.000001 -0.000001
117  -9.955965 -0.319623 4.380212  -0.000001 -0.000000 -0.000001
118  -11.316473 -0.319623 4.380213  -0.000003 -0.000000 0.000000
119  -12.667810 -0.319623 4.380213  -0.000003 -0.000000 0.000001
120  -14.022141 -0.319622 4.380214  0.000009 -0.000000 -0.000011
121  -15.373241 -0.319622 4.380213  0.000015 -0.000000 -0.000015
122  -16.724144 -0.319621 4.380212  -0.000009 -0.000000 0.000006
123  -18.074574 -0.319621 4.380211  -0.000006 -0.000000 0.000004
124  -19.423719 -0.319621 4.380214  0.000002 0.000000 -0.000004
125  -20.775270 -0.319620 4.380213  0.000003 0.000000 -0.000004
126  -22.126673 -0.319620 4.380213  0.000003 -0.000000 -0.000004
127  -23.478123 -0.319619 4.380212  0.000005 -0.000000 -0.000006
128  -24.830620 -0.319620 4.380212  0.000036 -0.000000 -0.000038
129  -26.182028 -0.319619 4.380213  -0.000011 -0.000000 0.000011
130  0.529179 -0.167130 0.629481  -0.101270 -0.000000 0.000000
131  -0.211443 -0.241683 0.155359  -0.145847 -0.000000 0.000000
132  0.529190 -0.280700 -0.110294  -0.145847 -0.000000 0.000000
133  -0.173927 -0.337326 -0.638497  -0.181751 -0.000000 0.000000
134  0.529190 -0.399246 -0.975395  -0.181751 -0.000000 0.000000
135  -0.211443 -0.464477 -1.431043  -0.192399 -0.000000 0.000000
136  0.529189 -0.515808 -1.694586  -0.192399 -0.000000 0.000000
137  -0.173928 -0.612151 -2.231914  -0.216703 -0.000000 0.000000
138  0.529190 -0.685807 -2.566442  -0.216703 -0.000000 0.000000
139  -0.211444 -0.769561 -3.027874  -0.237349 -0.000000 0.000000
140  0.529189 -0.832686 -3.288849  -0.237350 -0.000000 0.000000
141  -0.173936 -0.945282 -3.779566  -0.233859 0.000000 0.000000
142  0.529180 -1.024658 -4.112780  -0.233859 0.000000 0.000000
143  -0.211443 -1.132185 -4.577549  -0.262919 -0.000000 0.000000
144  0.529190 -1.201966 -4.836827  -0.262919 0.000000 0.000000
145  -0.000004 -2.810941 -10.636632  0.258454 0.000000 3.141592
146  -0.192455 -1.345779 -5.370046  -0.280373 0.000000 0.000000
147  0.533985 -1.413513 -5.605108  -0.276883 0.000000 0.000000
148  -0.206617 -1.795760 -6.909781  -0.287354 0.000000 0.000000
149  -0.205804 -1.564817 -6.138258  -0.290843 0.000000 0.000000
150  0.530461 -1.643677 -6.395218  -0.290844 0.000000 0.000000
151  0.535312 -1.790710 -7.204136  -0.287354 -0.000000 0.000000
152  -0.202703 -2.030485 -7.702832  -0.286180 -0.000000 0.000000
153  0.509549 -2.118893 -8.011624  -0.298398 -0.000000 0.000000
154  -0.202703 -2.255279 -8.465174  -0.283134 -0.000000 0.000000
155  0.509549 -2.352982 -8.771162  -0.295352 -0.000000 0.000000
156  -0.202703 -2.481596 -9.235473  -0.285437 -0.000000 0.000000
157  0.509547 -2.588681 -9.538640  -0.297654 -0.000000 0.000000
158  0.170123 -21.222090 -1.001140  -0.000001 -0.000001 0.000000
159  0.170122 -20.843863 -0.397182  -0.000001 -0.000001 0.000000
160  0.170122 -20.489746 -1.001141  -0.000001 -0.000001 0.000000
161  0.170125 -20.111069 -0.397185  -0.000001 -0.000001 0.000000
162  0.170123 -19.380089 -0.397186  -0.000001 -0.000001 0.000000
163  0.170124 -19.025108 -1.001145  -0.000001 -0.000001 0.000000
164  0.170125 -18.646658 -0.396447  -0.000001 -0.000001 0.000000
165  0.170124 -19.755758 -1.001141  -0.000001 -0.000001 0.000000
166  -0.015973 10.035399 1.098090  -0.000000 -0.000000 0.000000
167  -0.104322 -52.163578 4.437352  1.570735 -0.000061 -1.570735
168  0.064655 27.351290 72.195213  -0.000000 -0.000000 -0.000001
169  6.064262 95.114014 31.645498  -0.000000 -0.000001 1.570796
170  -0.103715 -26.907873 3.305356  0.000000 -0.000000 -1.570730
171  6.064260 69.096565 37.164318  1.570796 0.000000 1.570796
172  1.974305 11.989233 4.589251  0.000000 -0.000000 0.000000
173  1.941736 0.883631 4.309756  0.000000 -0.000000 -1.483525
174  -0.115678 1.104775 6.744193  -0.000000 -0.000000 0.000000
175  6.064262 89.329811 31.613913  -0.000000 -0.000001 1.570796
176  0.059889 2.255334 54.398014  -0.000000 -0.000000 0.000000
177  0.003494 -22.270649 0.000152  1.570797 -0.000000 -1.570797
178  0.104010 14.792240 1.530321  -0.000000 -0.000000 0.000000
179  24.873074 54.030533 -14.063141  -0.083271 2.344890 0.773826
180  -2.951664 25.811068 -3.742313  -0.096365 0.008023 -1.450340
181  -2.662409 1.445757 33.628742  0.000000 3.141591 1.570796
182  8.352064 2.772897 0.000543  -3.141589 0.000002 0.000000
183  -2.662409 1.445753 40.667965  0.000000 3.141591 1.570796
184  8.352064 2.772894 0.000542  -3.141589 0.000002 0.000000
185  -1.431353 16.384779 4.137814  0.000001 -0.000000 0.000000
186  -0.001843 0.521681 -0.140289  0.000000 -0.000000 0.000000
187  7.323111 -5.136191 -5.166235  -0.000000 0.000000 -0.610865
188  2.698279 -0.000000 0.000001  -0.000012 0.000000 0.000000
189  2.834161 -0.000000 0.000001  0.000013 0.000000 0.000000
190  2.648921 -0.000001 0.000000  -0.000001 -0.000001 0.000000
191  2.667498 -0.000003 0.000001  -0.000000 -0.000000 0.000000
192  2.426702 -0.000002 0.000001  0.000000 -0.000000 -0.000000
193  -0.494741 -44.353451 -1.302296  1.570797 -0.000000 -1.570797
194  11.545939 73.768417 -3.792015  0.000000 -0.000000 0.000000
195  0.055854 -6.877708 2.864593  -0.000000 -0.000000 0.000000
196  0.000001 0.000003 -1.529047  -0.000000 -0.000000 0.000000
197  -0.078940 0.000003 -0.000000  -0.000000 0.000000 1.570730
198  0.097095 0.000004 0.000000  0.000001 -3.141592 1.570796
199  0.000000 0.000000 -0.000000  0.000000 -0.000000 -0.000000
200  -14.802708 -16.331219 -27.897982  0.120868 -0.946923 -1.630715
201  18.378979 -6.850639 -49.947250  -2.405876 0.126568 -2.033440
time 17
0  0 0 0  0 0 0
1  0.000000 0.000000 0.000000  0.000000 -0.000000 -0.000000
2  -0.000000 -0.000000 -55.423229  0.000000 -0.000000 -1.570730
3  -0.012872 0.000000 8.235027  -0.784749 -1.570710 -0.785986
4  16.163124 -0.010663 0.007211  -0.594297 0.000409 -0.000125
5  16.163132 -0.000000 3.830524  -1.264546 -0.381107 -2.276154
6  14.868234 0.000000 0.000001  0.904961 0.226631 0.188504
7  26.391953 -0.000002 0.000003  -0.000000 0.000000 -1.553455
8  -0.000002 0.000001 0.000004  0.026552 -0.000000 -0.000000
9  3.093512 0.000002 0.000005  0.053170 -0.000000 -0.000000
10  6.187018 0.000006 0.000002  0.079736 -0.000000 -0.000000
11  9.280531 -0.000003 0.000005  0.106316 0.000000 -0.000000
12  12.374043 -0.000001 0.000003  0.132914 -0.000000 -0.000000
13  15.467556 -0.000003 0.000006  0.159476 -0.000000 -0.000000
14  18.561056 0.000000 0.000005  0.186065 -0.000000 -0.000000
15  21.654570 -0.000000 0.000007  -1.360465 0.014858 -0.149692
16  1.410074 0.800541 -2.089137  1.926491 0.430705 0.683241
17  3.954714 0.000002 0.000005  0.047230 -0.046251 -0.040547
18  3.101562 0.000001 -0.000001  0.047864 -0.006864 -0.106511
19  6.164474 -0.898147 2.575013  0.100171 -0.287181 0.083661
20  2.805847 0.000002 -0.000006  0.000000 0.000000 0.302677
21  2.307445 0.000004 0.000000  -0.000000 0.000000 0.142031
22  7.145100 -0.676334 -1.382422  0.152682 -0.114630 -0.172919
23  3.672218 -0.000001 -0.000004  0.000000 0.000000 0.130345
24  2.676518 -0.000003 0.000004  0.000000 0.000000 0.078331
25  6.831185 -0.870855 0.599920  0.121033 -0.211104 0.056351
26  3.657079 -0.000003 -0.000007  0.000000 0.000001 0.123006
27  2.496799 -0.000002 -0.000004  -0.000000 -0.000000 0.190970
28  7.183361 -0.532077 -3.267609  0.108499 -0.003814 -0.432306
29  3.511595 0.000001 0.000004  -0.000000 -0.000000 0.145213
30  2.199407 0.000004 0.000005  0.000000 0.000000 0.227794
31  16.163136 0.000000 -3.830527  0.741319 0.880408 -2.527742
32  14.868239 0.000001 0.000001  -0.141778 -0.725549 -1.316286
33  26.391953 0.000001 0.000002  0.000000 0.000000 -1.742201
34  0.000003 -0.000004 0.000002  0.053231 0.000000 -0.000000
35  3.093515 -0.000008 -0.000002  0.106438 0.000000 0.000000
36  6.187026 -0.000008 -0.000001  0.159721 0.000000 0.000000
37  9.280536 -0.000004 -0.000000  0.212933 -0.000000 0.000000
38  12.374041 -0.000006 0.000000  0.266174 -0.000000 -0.000000
39  15.467552 -0.000007 0.000002  0.319420 0.000000 0.000000
40  18.561066 -0.000003 0.000000  0.372647 0.000000 0.000000
41  21.654566 -0.000007 0.000002  2.044775 0.582317 -0.154796
42  1.410070 0.800531 2.089144  -1.966491 -0.287076 0.559263
43  3.954710 -0.000005 -0.000001  0.000000 -0.000000 0.375132
44  3.101562 -0.000002 -0.000002  -0.000000 -0.000000 0.790793
45  7.183346 -0.532092 3.267612  0.191840 -0.085697 -0.126158
46  3.511591 0.000000 0.000002  0.000000 0.000000 0.183797
47  2.199412 -0.000002 -0.000003  0.000000 -0.000000 -0.239655
48  7.145091 -0.676346 1.382427  0.255424 0.283825 0.886075
49  3.672211 0.000002 0.000003  -0.000000 0.000000 1.435616
50  2.676520 -0.000001 0.000002  0.000000 0.000000 1.062915
51  6.831168 -0.870865 -0.599915  0.339890 0.115856 1.057859
52  3.657082 0.000002 -0.000002  -0.000000 -0.000000 1.252193
53  2.496797 0.000001 -0.000004  0.000000 0.000000 0.840195
54  6.164455 -0.898152 -2.575013  0.409526 -0.061317 1.152482
55  2.805845 0.000001 0.000003  -0.000000 0.000000 0.666009
56  2.307448 -0.000000 0.000000  0.000000 0.000000 0.844543
57  0.000000 0.000000 -0.000000  0.004560 0.004899 -0.007130
58  -16.730440 -27.269119 -4.619459  -1.025782 -0.219634 0.050931
59  0.000001 -19.069487 4.681026  -0.000000 -0.000000 -0.000000
60  1.986522 0.000015 -3.123739  -2.705260 -0.000000 -1.570797
61  -1.986694 0.000020 -3.123744  0.436333 0.000001 1.570797
62  -0.000003 0.000000 0.000000  -0.000000 -0.000000 -0.000000
63  -1.530662 0.861428 -3.109956  0.392682 0.000010 1.570745
64  -11.344170 1.135887 0.869264  0.000328 -0.024963 -0.026314
65  1.907529 0.861421 -2.954429  -0.392858 -0.000004 1.570778
66  -11.350051 -0.729405 0.864871  0.000154 -0.025335 0.026430
67  1.754235 4.036763 -1.682666  0.392549 -0.010099 -1.546344
68  -1.755141 4.036762 -1.682665  -0.392547 -0.010382 -1.594901
69  -0.164553 5.734790 5.880446  -0.000000 0.000000 -1.570730
70  1.203551 5.503726 4.339434  -0.000000 -0.000000 -0.000000
71  -1.260174 5.668900 5.788552  0.070161 -0.418898 2.970131
72  1.185470 17.272331 1.821939  -0.000000 -0.000000 -0.000000
73  0.060218 10.324389 74.469055  0.000008 -0.000000 -0.000000
74  0.052674 -3.972628 3.515846  1.570735 -0.000061 -1.570735
75  4.804180 -3.856467 -0.006876  -0.000000 0.000000 -0.000000
76  -6.013990 -4.624462 0.000001  0.000000 0.000000 -0.000000
77  -65.574089 -37.156048 0.002940  -0.787105 1.570710 0.783951
78  1.602679 -3.785217 0.003050  -0.786481 1.570710 0.784392
79  11.681369 -1.114746 -1.027841  -0.785276 1.570710 0.785596
80  19.766769 -3.800928 -0.000000  -0.000000 0.000000 -0.000000
81  3.258437 5.856954 -3.403523  -0.000000 -0.000000 -0.000000
82  15.153045 5.860579 -3.403521  -0.000000 -0.000000 0.000000
83  6.064257 77.294952 36.365795  1.570796 0.000000 1.570796
84  -2.662410 1.445755 40.667957  -0.000000 3.141591 1.570796
85  8.352068 2.772897 0.000541  -3.141589 0.000002 0.000000
86  6.064259 72.973694 32.593246  1.570796 0.000000 1.570796
87  -0.113678 5.957341 -0.188894  -0.000000 -0.000000 -0.000000
88  0.097224 0.210962 3.469588  -0.000000 -0.000000 -0.000000
89  0.000000 1.310211 0.000002  0.000000 -0.000000 0.000000
90  -0.000000 0.582259 0.000002  0.000000 -0.000000 0.000000
91  0.036297 1.284880 7.928800  -0.000000 -0.000001 0.000000
92  -0.000001 1.310210 0.000001  0.000000 0.000000 0.000000
93  -0.000001 0.582259 0.000000  0.000000 0.000000 0.000000
94  5.969323 3.427459 -6.170650  -0.000000 -0.000001 -1.570797
95  -1.310211 -0.000000 -0.000000  0.000000 0.000000 -0.000000
96  -0.582260 -0.000001 -0.000001  0.000000 0.000000 -0.000000
97  5.969323 9.397400 -6.170660  -0.000000 -0.000001 -1.570796
98  -1.310210 -0.000001 -0.000000  0.000000 0.000000 -0.000000
99  -0.582260 -0.000002 -0.000001  0.000000 0.000000 -0.000000
100  5.969322 15.223768 -6.170671  0.000000 -0.000001 -1.570796
101  -1.310210 0.000002 0.000004  -0.000000 0.000000 -0.000000
102  -0.582259 0.000001 0.000001  -0.000000 0.000000 -0.000000
103  5.969323 20.835571 -6.170670  0.000000 -0.000001 -1.570796
104  -1.310210 0.000001 0.000001  -0.000000 0.000000 -0.000000
105  -0.582259 0.000000 0.000005  -0.000000 0.000000 -0.000000
106  5.969323 26.771208 -6.170673  0.000000 -0.000001 -1.570796
107  5.969323 32.597595 -6.170674  0.000000 -0.000001 -1.570796
108  5.969322 38.209396 -6.170684  0.000000 -0.000001 -1.570800
109  5.969322 49.488468 -6.170683  0.000000 -0.000001 -1.570800
110  -0.539089 -0.556808 -0.017363  -0.042462 2.681156 1.551919
111  -6.799124 -0.556806 0.818550  -0.272420 2.701993 1.452460
112  -4.615283 -0.556823 0.270329  -0.117230 2.684609 1.518878
113  -2.650970 -0.556807 0.063012  -0.042463 2.681158 1.551919
114  27.110336 1.284856 12.007549  -0.000000 -0.000000 0.000000
115  28.133427 1.284855 12.007547  0.000001 -0.000000 0.000000
116  12.812887 2.241786 12.007550  0.000000 -0.000001 -0.000001
117  -9.955968 -0.319624 4.380216  -0.000001 -0.000000 -0.000001
118  -11.316474 -0.319624 4.380214  -0.000003 -0.000000 0.000000
119  -12.667811 -0.319623 4.380216  -0.000003 -0.000000 0.000001
120  -14.022141 -0.319623 4.380215  0.000010 -0.000000 -0.000011
121  -15.373240 -0.319623 4.380216  0.000015 -0.000000 -0.000015
122  -16.724142 -0.319622 4.380214  -0.000009 -0.000000 0.000006
123  -18.074574 -0.319621 4.380215  -0.000006 0.000000 0.000004
124  -19.423717 -0.319620 4.380214  0.000002 0.000000 -0.000004
125  -20.775272 -0.319621 4.380214  0.000003 0.000000 -0.000004
126  -22.126669 -0.319621 4.380216  0.000003 -0.000000 -0.000004
127  -23.478123 -0.319621 4.380216  0.000005 0.000000 -0.000006
128  -24.830622 -0.319619 4.380215  0.000036 0.000000 -0.000038
129  -26.182032 -0.319620 4.380216  -0.000011 0.000000 0.000011
130  0.529179 -0.167130 0.629484  -0.101270 -0.000000 0.000000
131  -0.211445 -0.241684 0.155361  -0.145847 -0.000000 0.000000
132  0.529190 -0.280701 -0.110293  -0.145847 -0.000000 0.000000
133  -0.173928 -0.337326 -0.638495  -0.181751 -0.000000 0.000000
134  0.529189 -0.399246 -0.975392  -0.181751 -0.000000 0.000000
135  -0.211443 -0.464478 -1.431041  -0.192399 -0.000000 0.000000
136  0.529189 -0.515808 -1.694582  -0.192399 -0.000000 0.000000
137  -0.173928 -0.612152 -2.231912  -0.216703 -0.000000 0.000000
138  0.529187 -0.685808 -2.566441  -0.216703 -0.000000 0.000000
139  -0.211445 -0.769560 -3.027869  -0.237349 -0.000000 0.000000
140  0.529188 -0.832688 -3.288846  -0.237349 -0.000000 0.000000
141  -0.173937 -0.945282 -3.779563  -0.233859 0.000000 0.000000
142  0.529179 -1.024658 -4.112778  -0.233859 0.000000 0.000000
143  -0.211443 -1.132187 -4.577547  -0.262919 -0.000000 0.000000
144  0.529190 -1.201966 -4.836823  -0.262919 0.000000 0.000000
145  -0.000005 -2.810942 -10.636630  0.258454 0.000000 3.141592
146  -0.192455 -1.345780 -5.370045  -0.280373 0.000000 0.000000
147  0.533983 -1.413513 -5.605104  -0.276883 0.000000 0.000000
148  -0.206618 -1.795760 -6.909779  -0.287354 0.000000 0.000000
149  -0.205804 -1.564818 -6.138254  -0.290843 0.000000 0.000000
150  0.530461 -1.643677 -6.395213  -0.290844 0.000000 0.000000
151  0.535312 -1.790710 -7.204134  -0.287354 -0.000000 0.000000
152  -0.202703 -2.030486 -7.702828  -0.286180 -0.000000 0.000000
153  0.509548 -2.118896 -8.011625  -0.298398 -0.000000 0.000000
154  -0.202704 -2.255278 -8.465170  -0.283134 -0.000000 0.000000
155  0.509549 -2.352979 -8.771156  -0.295352 -0.000000 0.000000
156  -0.202705 -2.481597 -9.235470  -0.285437 -0.000000 0.000000
157  0.509547 -2.588682 -9.538637  -0.297653 -0.000000 0.000000
158  0.170123 -21.222092 -1.001140  -0.000001 -0.000001 0.000000
159  0.170123 -20.843864 -0.397180  -0.000001 -0.000001 0.000000
160  0.170123 -20.489746 -1.001141  -0.000001 -0.000001 0.000000
161  0.170124 -20.111069 -0.397180  -0.000001 -0.000001 0.000000
162  0.170123 -19.380091 -0.397187  -0.000001 -0.000001 0.000000
163  0.170123 -19.025108 -1.001144  -0.000001 -0.000001 0.000000
164  0.170123 -18.646662 -0.396447  -0.000001 -0.000001 0.000000
165  0.170124 -19.755760 -1.001140  -0.000001 -0.000001 0.000000
166  -0.015973 10.035400 1.098089  -0.000000 -0.000000 -0.000000
167  -0.104322 -52.163574 4.437343  1.570735 -0.000061 -1.570735
168  0.064653 27.351292 72.195206  0.000000 -0.000000 -0.000001
169  6.064260 95.114014 31.645502  0.000000 -0.000001 1.570796
170  -0.103717 -26.907862 3.305360  -0.000000 0.000000 -1.570730
171  6.064259 69.096558 37.164322  1.570796 0.000000 1.570796
172  1.974303 11.989233 4.589251  0.000000 -0.000000 -0.000000
173  1.941737 0.883632 4.309755  -0.000000 0.000000 -1.483525
174  -0.115679 1.104775 6.744192  -0.000000 -0.000000 -0.000000
175  6.064260 89.329811 31.613913  0.000000 -0.000001 1.570796
176  0.059888 2.255334 54.398010  -0.000000 -0.000000 -0.000000
177  0.003495 -22.270643 0.000147  1.570797 -0.000000 -1.570797
178  0.104012 14.792242 1.530320  -0.000000 -0.000000 -0.000000
179  28.750721 63.168495 -10.753237  -0.812798 1.948382 0.235158
180  -2.951665 25.811068 -3.742308  -0.096365 0.008023 -1.450340
181  -2.662410 1.445758 33.628742  -0.000000 3.141591 1.570796
182  8.352066 2.772900 0.000541  -3.141589 0.000002 0.000000
183  -2.662410 1.445755 40.667957  -0.000000 3.141591 1.570796
184  8.352068 2.772897 0.000541  -3.141589 0.000002 0.000000
185  -1.431354 16.384779 4.137811  0.000001 -0.000000 0.000000
186  -0.001843 0.521683 -0.140288  0.000000 -0.000000 -0.000000
187  7.323110 -5.136192 -5.166237  0.000000 0.000000 -0.610865
188  2.698279 0.000000 0.000002  -0.000012 0.000000 0.000000
189  2.834159 -0.000001 -0.000004  0.000013 0.000000 0.000000
190  2.648919 -0.000002 0.000001  -0.000001 -0.000001 0.000000
191  2.667498 -0.000002 0.000003  0.000000 -0.000000 0.000000
192  2.426703 -0.000002 -0.000001  0.000000 0.000000 -0.000000
193  -0.494741 -44.353447 -1.302300  1.570797 -0.000000 -1.570797
194  11.545938 73.768417 -3.792009  0.000000 -0.000000 -0.000000
195  0.055853 -6.877708 2.864594  -0.000000 -0.000000 -0.000000
196  0.000002 0.000003 -1.529051  -0.000000 -0.000000 -0.000000
197  -0.078943 0.000001 0.000003  0.000000 0.000000 1.570730
198  0.097092 0.000001 0.000001  0.000001 -3.141592 1.570796
199  0.000000 0.000000 -0.000000  0.000000 -0.000000 -0.000000
200  -14.900127 -16.982252 -28.697594  0.126120 -1.017182 -1.647171
201  23.062660 -1.658108 -56.514381  0.562971 2.644659 1.320341
time 18
0  0 0 0  0 0 0
1  0.000000 0.000000 0.000000  0.000000 -0.000000 -0.000000
2  -0.000000 -0.000000 -55.423229  0.000000 -0.000000 -1.570730
3  -0.012872 0.000000 8.235027  -0.784749 -1.570710 -0.785986
4  16.163124 -0.010663 0.007211  -0.594297 0.000409 -0.000125
5  16.163132 -0.000000 3.830524  -1.033882 -0.569432 -2.406396
6  14.868234 0.000001 0.000001  0.802779 0.169334 0.551075
7  26.391956 -0.000005 -0.000001  -0.000000 0.000000 -1.314983
8  0.000002 0.000002 0.000000  0.007996 -0.000000 -0.000000
9  3.093513 0.000002 -0.000000  0.016114 -0.000000 -0.000000
10  6.187023 0.000000 0.000002  0.024171 -0.000000 -0.000000
11  9.280534 0.000000 0.000000  0.032229 0.000000 -0.000000
12  12.374043 -0.000002 0.000004  0.040287 -0.000000 -0.000000
13  15.467557 0.000000 0.000001  0.048285 -0.000000 -0.000000
14  18.561058 -0.000000 0.000004  0.056344 -0.000000 -0.000000
15  21.654575 -0.000004 0.000001  -1.506834 -0.066589 -0.145443
16  1.410063 0.800536 -2.089135  1.969389 0.486476 0.761814
17  3.954712 -0.000011 0.000003  0.050914 -0.044850 -0.176154
18  3.101563 0.000001 0.000003  0.032895 0.030100 -0.240019
19  6.164461 -0.898152 2.575009  0.171035 -0.252018 0.035528
20  2.805844 0.000005 -0.000003  0.000000 -0.000000 0.252263
21  2.307445 -0.000001 0.000001  0.000000 -0.000000 0.091588
22  7.145086 -0.676340 -1.382428  0.136203 -0.078922 -0.155654
23  3.672217 -0.000003 -0.000001  0.000000 0.000000 0.014832
24  2.676515 -0.000002 -0.000001  0.000000 -0.000000 -0.003723
25  6.831169 -0.870864 0.599913  0.140117 -0.183875 0.063394
26  3.657079 0.000000 -0.000001  -0.000000 0.000000 0.027406
27  2.496796 0.000001 0.000007  -0.000000 -0.000000 0.120377
28  7.183352 -0.532081 -3.267606  0.081054 0.045928 -0.438640
29  3.511590 0.000002 -0.000002  -0.000000 -0.000000 0.045171
30  2.199402 -0.000002 -0.000003  -0.000000 0.000000 0.159659
31  16.163136 0.000000 -3.830527  0.628190 0.918269 -2.618964
32  14.868242 0.000000 0.000000  -0.128460 -0.738545 -1.235525
33  26.391951 0.000002 0.000001  0.000000 0.000000 -1.749039
34  -0.000001 0.000001 0.000001  0.043889 0.000000 -0.000000
35  3.093511 -0.000002 -0.000001  0.087799 0.000000 0.000000
36  6.187019 0.000002 0.000003  0.131691 0.000000 0.000000
37  9.280531 -0.000001 -0.000003  0.175585 0.000000 -0.000000
38  12.374036 0.000000 0.000001  0.219502 -0.000000 -0.000000
39  15.467546 0.000000 -0.000002  0.263403 -0.000000 -0.000000
40  18.561064 -0.000002 -0.000001  0.307308 -0.000000 0.000000
41  21.654564 -0.000001 0.000002  1.950152 0.565715 -0.244206
42  1.410071 0.800529 2.089142  -1.966491 -0.287076 0.559263
43  3.954708 -0.000002 -0.000000  0.000000 0.000000 0.375132
44  3.101564 -0.000001 -0.000001  -0.000000 -0.000000 0.790793
45  7.183346 -0.532093 3.267611  0.191464 -0.078686 -0.133625
46  3.511592 -0.000003 -0.000002  0.000000 0.000000 0.195139
47  2.199413 -0.000003 -0.000000  0.000000 0.000000 -0.212503
48  7.145093 -0.676346 1.382426  0.255424 0.283825 0.886075
49  3.672211 0.000000 -0.000002  -0.000000 -0.000000 1.435616
50  2.676519 -0.000001 -0.000001  -0.000000 0.000000 1.062915
51  6.831166 -0.870866 -0.599915  0.339890 0.115856 1.057859
52  3.657081 0.000000 -0.000001  -0.000000 -0.000000 1.252192
53  2.496794 -0.000001 -0.000005  0.000000 0.000000 0.840195
54  6.164458 -0.898153 -2.575015  0.409526 -0.061317 1.152482
55  2.805848 -0.000000 0.000001  -0.000000 -0.000000 0.666009
56  2.307450 -0.000001 -0.000001  0.000000 -0.000000 0.844543
57  0.000000 0.000000 -0.000000  0.002679 0.002509 -0.005063
58  -16.850100 -26.374107 -4.757935  -1.081274 -0.212554 0.054510
59  0.000001 -19.069481 4.681032  -0.000000 0.000000 -0.000000
60  1.986525 0.000020 -3.123735  -2.705260 -0.000000 -1.570797
61  -1.986693 0.000019 -3.123745  0.436333 0.000001 1.570797
62  0.000001 0.000003 0.000001  -0.000000 0.000000 -0.000000
63  -1.530658 0.861430 -3.109955  0.392682 0.000010 1.570745
64  -11.344167 1.135885 0.869267  0.000328 -0.024963 -0.026314
65  1.907531 0.861427 -2.954424  -0.392858 -0.000004 1.570778
66  -11.350052 -0.729406 0.864867  0.000154 -0.025335 0.026430
67  1.754237 4.036762 -1.682665  0.392549 -0.010099 -1.546344
68  -1.755139 4.036765 -1.682664  -0.392547 -0.010382 -1.594901
69  -0.164557 5.734788 5.880444  -0.000000 -0.000000 -1.570730
70  1.203546 5.503726 4.339430  -0.000000 0.000000 -0.000000
71  -1.260176 5.668897 5.788549  0.070161 -0.418898 2.970131
72  1.185467 17.272331 1.821937  -0.000000 0.000000 -0.000000
73  0.060216 10.324390 74.469055  0.000008 0.000000 -0.000000
74  0.052671 -3.972623 3.515840  1.570735 -0.000061 -1.570735
75  4.804183 -3.856467 -0.006879  -0.000000 0.000000 0.000000
76  -6.013986 -4.624459 -0.000003  0.000000 0.000000 0.000000
77  -65.574089 -37.156044 0.002936  -0.786846 1.570710 0.783935
78  1.602682 -3.785210 0.003046  -0.786434 1.570710 0.784438
79  11.681369 -1.114743 -1.027846  -0.785459 1.570710 0.785581
80  19.766771 -3.800921 -0.000001  -0.000000 -0.000000 0.000000
81  3.258440 5.856956 -3.403526  -0.000000 -0.000000 -0.000000
82  15.153049 5.860581 -3.403523  0.000000 -0.000000 0.000000
83  6.064254 77.294952 36.365799  1.570796 -0.000000 1.570796
84  -2.662414 1.445755 40.667957  -0.000000 3.141591 1.570796
85  8.352065 2.772898 0.000542  -3.141589 0.000002 -0.000000
86  6.064255 72.973694 32.593254  1.570796 -0.000000 1.570796
87  -0.113680 5.957335 -0.188894  -0.000000 0.000000 -0.000000
88  0.097229 0.210962 3.469586  -0.000000 0.000000 -0.000000
89  0.000000 1.310211 0.000001  0.000000 0.000000 0.000000
90  -0.000000 0.582262 0.000000  0.000000 0.000000 0.000000
91  0.036299 1.284881 7.928796  0.000000 -0.000001 0.000000
92  0.000003 1.310211 0.000000  0.000000 0.000000 0.000000
93  0.000001 0.582260 0.000000  0.000000 0.000000 0.000000
94  5.969326 3.427459 -6.170651  -0.000000 -0.000001 -1.570797
95  -1.310212 0.000001 0.000001  0.000000 -0.000000 -0.000000
96  -0.582261 0.000000 0.000000  0.000000 -0.000000 -0.000000
97  5.969324 9.397400 -6.170660  -0.000000 -0.000001 -1.570796
98  -1.310212 -0.000000 -0.000001  0.000000 0.000000 -0.000000
99  -0.582260 -0.000001 -0.000002  0.000000 0.000000 -0.000000
100  5.969325 15.223769 -6.170673  -0.000000 -0.000001 -1.570796
101  -1.310211 0.000002 0.000000  -0.000000 0.000000 -0.000000
102  -0.582261 0.000001 0.000002  -0.000000 0.000000 -0.000000
103  5.969324 20.835569 -6.170674  -0.000000 -0.000001 -1.570796
104  -1.310210 0.000000 0.000001  -0.000000 0.000000 -0.000000
105  -0.582259 -0.000001 0.000004  -0.000000 0.000000 -0.000000
106  5.969325 26.771212 -6.170675  -0.000000 -0.000001 -1.570796
107  5.969325 32.597595 -6.170675  -0.000000 -0.000001 -1.570796
108  5.969324 38.209396 -6.170688  -0.000000 -0.000001 -1.570800
109  5.969324 49.488468 -6.170684  -0.000000 -0.000001 -1.570800
110  -0.539086 -0.556808 -0.017364  -0.042462 2.681156 1.551919
111  -6.799122 -0.556806 0.818548  -0.272420 2.701993 1.452460
112  -4.615282 -0.556822 0.270325  -0.117230 2.684609 1.518878
113  -2.650967 -0.556806 0.063010  -0.042463 2.681158 1.551919
114  27.110338 1.284857 12.007548  -0.000000 -0.000000 0.000000
115  28.133427 1.284857 12.007546  0.000001 -0.000000 0.000000
116  12.812887 2.241786 12.007549  0.000000 -0.000001 -0.000001
117  -9.955966 -0.319624 4.380214  -0.000001 -0.000000 -0.000001
118  -11.316470 -0.319623 4.380212  -0.000003 -0.000000 -0.000000
119  -12.667810 -0.319624 4.380213  -0.000003 -0.000000 0.000001
120  -14.022140 -0.319623 4.380214  0.000010 -0.000000 -0.000011
121  -15.373238 -0.319621 4.380214  0.000015 -0.000000 -0.000015
122  -16.724140 -0.319621 4.380213  -0.000009 -0.000000 0.000006
123  -18.074572 -0.319621 4.380214  -0.000006 0.000000 0.000004
124  -19.423714 -0.319621 4.380215  0.000002 0.000000 -0.000004
125  -20.775270 -0.319619 4.380214  0.000003 0.000000 -0.000004
126  -22.126671 -0.319619 4.380213  0.000003 0.000000 -0.000004
127  -23.478119 -0.319619 4.380213  0.000005 0.000000 -0.000006
128  -24.830620 -0.319620 4.380213  0.000036 -0.000000 -0.000038
129  -26.182024 -0.319618 4.380214  -0.000011 0.000000 0.000011
130  0.529181 -0.167130 0.629482  -0.101270 -0.000000 0.000000
131  -0.211442 -0.241683 0.155362  -0.145847 -0.000000 0.000000
132  0.529192 -0.280701 -0.110294  -0.145847 -0.000000 0.000000
133  -0.173924 -0.337324 -0.638497  -0.181751 -0.000000 0.000000
134  0.529191 -0.399245 -0.975394  -0.181751 -0.000000 0.000000
135  -0.211442 -0.464477 -1.431043  -0.192399 -0.000000 0.000000
136  0.529192 -0.515809 -1.694585  -0.192399 -0.000000 0.000000
137  -0.173926 -0.612152 -2.231911  -0.216703 -0.000000 0.000000
138  0.529190 -0.685806 -2.566442  -0.216703 -0.000000 0.000000
139  -0.211443 -0.769561 -3.027872  -0.237349 -0.000000 0.000000
140  0.529190 -0.832686 -3.288849  -0.237349 -0.000000 0.000000
141  -0.173934 -0.945280 -3.779565  -0.233859 0.000000 0.000000
142  0.529181 -1.024657 -4.112781  -0.233859 0.000000 0.000000
143  -0.211442 -1.132185 -4.577548  -0.262919 -0.000000 0.000000
144  0.529192 -1.201964 -4.836827  -0.262919 0.000000 0.000000
145  -0.000002 -2.810940 -10.636628  0.258454 0.000000 3.141592
146  -0.192453 -1.345778 -5.370047  -0.280373 0.000000 0.000000
147  0.533986 -1.413512 -5.605106  -0.276883 0.000000 0.000000
148  -0.206616 -1.795759 -6.909780  -0.287354 0.000000 0.000000
149  -0.205802 -1.564818 -6.138258  -0.290843 0.000000 0.000000
150  0.530463 -1.643675 -6.395215  -0.290844 0.000000 0.000000
151  0.535314 -1.790708 -7.204133  -0.287354 -0.000000 0.000000
152  -0.202701 -2.030486 -7.702831  -0.286180 -0.000000 0.000000
153  0.509550 -2.118895 -8.011625  -0.298398 -0.000000 0.000000
154  -0.202701 -2.255280 -8.465177  -0.283134 -0.000000 0.000000
155  0.509550 -2.352979 -8.771160  -0.295352 -0.000000 0.000000
156  -0.202702 -2.481595 -9.235472  -0.285437 -0.000000 0.000000
157  0.509548 -2.588682 -9.538637  -0.297654 -0.000000 0.000000
158  0.170125 -21.222092 -1.001143  -0.000001 -0.000001 0.000000
159  0.170125 -20.843864 -0.397184  -0.000001 -0.000001 0.000000
160  0.170124 -20.489746 -1.001140  -0.000001 -0.000001 0.000000
161  0.170126 -20.111067 -0.397185  -0.000001 -0.000001 0.000000
162  0.170125 -19.380089 -0.397187  -0.000001 -0.000001 0.000000
163  0.170125 -19.025108 -1.001146  -0.000001 -0.000001 0.000000
164  0.170125 -18.646658 -0.396447  -0.000001 -0.000001 0.000000
165  0.170126 -19.755760 -1.001145  -0.000001 -0.000001 0.000000
166  -0.015975 10.035398 1.098089  -0.000000 0.000000 -0.000000
167  -0.104324 -52.163582 4.437342  1.570735 -0.000061 -1.570735
168  0.064651 27.351288 72.195206  0.000000 -0.000000 -0.000001
169  6.064258 95.114021 31.645498  0.000000 -0.000001 1.570796
170  -0.103719 -26.907866 3.305348  -0.000000 -0.000000 -1.570730
171  6.064256 69.096558 37.164322  1.570796 -0.000000 1.570796
172  1.974302 11.989233 4.589250  0.000000 0.000000 -0.000000
173  1.941734 0.883632 4.309754  -0.000000 0.000000 -1.483525
174  -0.115680 1.104774 6.744189  -0.000000 0.000000 -0.000000
175  6.064258 89.329811 31.613914  0.000000 -0.000001 1.570796
176  0.059885 2.255336 54.398010  -0.000000 0.000000 -0.000000
177  0.003500 -22.270649 0.000150  1.570797 0.000000 -1.570797
178  0.104008 14.792243 1.530320  -0.000000 0.000000 -0.000000
179  32.056751 69.974869 -3.698013  0.858496 1.159839 2.045020
180  -2.951667 25.811069 -3.742311  -0.096365 0.008023 -1.450340
181  -2.662414 1.445758 33.628742  -0.000000 3.141591 1.570796
182  8.352066 2.772897 0.000542  -3.141589 0.000002 -0.000000
183  -2.662414 1.445755 40.667957  -0.000000 3.141591 1.570796
184  8.352065 2.772898 0.000542  -3.141589 0.000002 -0.000000
185  -1.431358 16.384779 4.137809  0.000001 0.000000 0.000000
186  -0.001845 0.521683 -0.140290  0.000000 0.000000 -0.000000
187  7.323107 -5.136193 -5.166240  0.000000 0.000000 -0.610865
188  2.698279 -0.000001 -0.000002  -0.000012 0.000000 0.000001
189  2.834161 -0.000002 -0.000002  0.000013 0.000000 0.000000
190  2.648919 -0.000001 -0.000004  -0.000001 -0.000001 0.000000
191  2.667500 -0.000002 -0.000001  0.000000 0.000000 -0.000000
192  2.426704 -0.000003 -0.000002  -0.000000 0.000000 -0.000000
193  -0.494744 -44.353447 -1.302300  1.570797 -0.000000 -1.570797
194  11.545935 73.768417 -3.792009  0.000000 0.000000 -0.000000
195  0.055850 -6.877708 2.864590  -0.000000 0.000000 -0.000000
196  0.000001 0.000002 -1.529048  -0.000000 0.000000 -0.000000
197  -0.078943 0.000002 0.000002  0.000000 0.000000 1.570730
198  0.097092 0.000002 0.000002  0.000001 -3.141592 1.570796
199  0.000000 0.000000 -0.000000  0.000000 -0.000000 -0.000000
200  -15.041998 -17.429825 -29.368011  0.126419 -1.071802 -1.655729
201  26.201561 5.655354 -60.061295  0.531436 2.268428 1.592144
time 19
0  0 0 0  0 0 0
1  0.000000 0.000000 0.000000  0.000000 -0.000000 -0.000000
2  -0.000000 -0.000000 -55.423229  0.000000 -0.000000 -1.570730
3  -0.012872 0.000000 8.235027  -0.784749 -1.570710 -0.785986
4  16.163124 -0.010663 0.007211  -0.594297 0.000409 -0.000125
5  16.163132 -0.000000 3.830524  -0.780550 -0.701302 -2.573796
6  14.868234 0.000000 0.000001  0.709427 0.193146 0.849812
7  26.391956 -0.000003 -0.000002  -0.000000 0.000000 -1.131231
8  0.000009 0.000005 0.000002  -0.009522 -0.000000 -0.000000
9  3.093514 0.000004 0.000001  -0.019044 -0.000000 -0.000000
10  6.187023 0.000002 0.000000  -0.028627 -0.000000 -0.000000
11  9.280538 0.000000 0.000003  -0.038150 0.000000 -0.000000
12  12.374050 0.000002 0.000000  -0.047735 -0.000000 -0.000000
13  15.467564 0.000001 0.000003  -0.057261 -0.000000 -0.000000
14  18.561062 -0.000003 0.000004  -0.066848 -0.000000 -0.000000
15  21.654581 0.000000 0.000004  -1.647234 -0.136517 -0.123309
16  1.410070 0.800535 -2.089137  2.007545 0.519030 0.825439
17  3.954715 -0.000002 0.000004  0.053385 -0.044233 -0.279229
18  3.101564 -0.000001 0.000002  0.017012 0.060116 -0.341788
19  6.164479 -0.898150 2.575015  0.226856 -0.222827 0.010673
20  2.805845 0.000004 -0.000000  0.000000 -0.000000 0.223433
21  2.307438 0.000002 -0.000000  -0.000000 0.000000 0.062818
22  7.145091 -0.676339 -1.382429  0.121992 -0.049900 -0.126996
23  3.672217 -0.000003 0.000002  -0.000000 0.000000 -0.070085
24  2.676512 -0.000001 -0.000001  0.000000 -0.000000 -0.059947
25  6.831182 -0.870863 0.599915  0.154339 -0.162897 0.083907
26  3.657082 0.000000 0.000000  -0.000000 0.000000 -0.039860
27  2.496791 0.000001 0.000001  -0.000000 -0.000000 0.074299
28  7.183356 -0.532080 -3.267612  0.058715 0.087558 -0.430678
29  3.511584 0.000004 0.000006  0.000000 -0.000000 -0.027040
30  2.199400 -0.000005 -0.000004  0.000000 0.000000 0.115180
31  16.163136 0.000000 -3.830527  0.509652 0.947019 -2.716506
32  14.868241 -0.000000 0.000000  -0.116068 -0.746896 -1.151944
33  26.391954 0.000003 0.000004  0.000000 0.000000 -1.769049
34  0.000002 0.000002 0.000002  0.036868 0.000000 -0.000000
35  3.093515 -0.000002 -0.000001  0.073811 -0.000000 0.000000
36  6.187025 -0.000002 -0.000003  0.110717 0.000000 0.000000
37  9.280539 -0.000003 -0.000004  0.147660 -0.000000 0.000000
38  12.374043 -0.000006 -0.000004  0.184532 -0.000000 -0.000000
39  15.467552 -0.000002 -0.000001  0.221468 0.000000 -0.000000
40  18.561069 -0.000004 -0.000002  0.258355 -0.000000 0.000000
41  21.654570 -0.000002 0.000001  1.880631 0.532715 -0.301447
42  1.410068 0.800528 2.089141  -1.966491 -0.287076 0.559263
43  3.954709 -0.000004 -0.000001  0.000000 0.000000 0.375132
44  3.101564 -0.000002 0.000000  -0.000000 -0.000000 0.790793
45  7.183345 -0.532092 3.267610  0.191127 -0.072563 -0.140140
46  3.511592 -0.000002 -0.000002  -0.000000 0.000000 0.205077
47  2.199415 0.000000 0.000001  -0.000000 0.000000 -0.188701
48  7.145091 -0.676349 1.382425  0.255424 0.283825 0.886075
49  3.672212 0.000000 -0.000002  -0.000000 -0.000000 1.435616
50  2.676523 -0.000003 -0.000002  0.000000 -0.000000 1.062915
51  6.831168 -0.870867 -0.599916  0.339890 0.115856 1.057859
52  3.657080 -0.000001 -0.000003  -0.000000 -0.000000 1.252192
53  2.496795 0.000001 0.000004  0.000000 0.000000 0.840195
54  6.164457 -0.898153 -2.575016  0.409526 -0.061317 1.152482
55  2.805848 -0.000001 -0.000003  0.000000 -0.000000 0.666009
56  2.307448 -0.000002 -0.000002  -0.000000 -0.000000 0.844543
57  0.000000 0.000000 -0.000000  0.000793 0.000672 -0.002685
58  -16.902538 -25.709106 -4.993278  -1.117044 -0.204013 0.057849
59  0.000005 -19.069473 4.681035  0.000000 -0.000000 0.000000
60  1.986528 0.000017 -3.123740  -2.705260 -0.000000 -1.570797
61  -1.986690 0.000015 -3.123750  0.436333 0.000001 1.570797
62  0.000003 0.000000 -0.000003  0.000000 -0.000000 0.000000
63  -1.530657 0.861428 -3.109961  0.392682 0.000010 1.570745
64  -11.344165 1.135886 0.869266  0.000328 -0.024963 -0.026314
65  1.907533 0.861424 -2.954428  -0.392858 -0.000004 1.570778
66  -11.350048 -0.729403 0.864872  0.000154 -0.025335 0.026430
67  1.754238 4.036762 -1.682671  0.392549 -0.010099 -1.546344
68  -1.755138 4.036762 -1.682670  -0.392547 -0.010382 -1.594901
69  -0.164555 5.734789 5.880446  0.000000 0.000000 -1.570730
70  1.203550 5.503726 4.339429  0.000000 -0.000000 0.000000
71  -1.260174 5.668898 5.788549  0.070161 -0.418898 2.970131
72  1.185470 17.272333 1.821941  0.000000 -0.000000 0.000000
73  0.060217 10.324387 74.469063  0.000008 -0.000000 0.000000
74  0.052674 -3.972623 3.515834  1.570735 -0.000061 -1.570735
75  4.804184 -3.856468 -0.006874  -0.000000 0.000000 -0.000000
76  -6.013986 -4.624462 0.000002  0.000000 0.000000 -0.000000
77  -65.574104 -37.156059 0.002939  -0.787074 1.570710 0.783752
78  1.602686 -3.785219 0.003048  -0.786587 1.570710 0.784057
79  11.681371 -1.114744 -1.027844  -0.785108 1.570710 0.785474
80  19.766773 -3.800924 0.000002  -0.000000 -0.000000 -0.000000
81  3.258443 5.856952 -3.403522  -0.000000 -0.000000 -0.000000
82  15.153049 5.860580 -3.403521  0.000000 -0.000000 -0.000000
83  6.064258 77.294945 36.365799  1.570796 -0.000000 1.570796
84  -2.662410 1.445755 40.667961  -0.000000 3.141591 1.570796
85  8.352066 2.772895 0.000540  -3.141589 0.000002 0.000000
86  6.064259 72.973694 32.593250  1.570796 -0.000000 1.570796
87  -0.113677 5.957335 -0.188890  0.000000 -0.000000 0.000000
88  0.097225 0.210962 3.469585  0.000000 -0.000000 0.000000
89  0.000002 1.310213 0.000002  0.000000 -0.000000 0.000000
90  0.000001 0.582261 0.000001  0.000000 -0.000000 0.000000
91  0.036298 1.284880 7.928798  0.000000 -0.000001 0.000000
92  0.000001 1.310211 0.000000  0.000000 -0.000000 0.000000
93  -0.000000 0.582260 0.000000  0.000000 -0.000000 0.000000
94  5.969325 3.427459 -6.170650  -0.000000 -0.000001 -1.570797
95  -1.310211 0.000001 -0.000002  0.000000 -0.000000 -0.000000
96  -0.582260 -0.000000 -0.000002  0.000000 0.000000 -0.000000
97  5.969324 9.397401 -6.170658  -0.000000 -0.000001 -1.570796
98  -1.310211 0.000000 -0.000000  0.000000 0.000000 -0.000000
99  -0.582260 -0.000000 -0.000001  0.000000 0.000000 -0.000000
100  5.969324 15.223770 -6.170669  0.000000 -0.000001 -1.570796
101  -1.310213 0.000002 -0.000003  -0.000000 0.000000 -0.000000
102  -0.582261 0.000001 -0.000002  -0.000000 0.000001 -0.000000
103  5.969325 20.835571 -6.170671  0.000000 -0.000001 -1.570796
104  -1.310214 0.000001 0.000001  -0.000000 0.000000 -0.000000
105  -0.582261 -0.000001 0.000003  -0.000000 0.000001 -0.000000
106  5.969325 26.771210 -6.170671  0.000000 -0.000001 -1.570796
107  5.969325 32.597595 -6.170671  0.000000 -0.000001 -1.570796
108  5.969324 38.209400 -6.170689  -0.000000 -0.000001 -1.570800
109  5.969324 49.488468 -6.170683  -0.000000 -0.000001 -1.570800
110  -0.539089 -0.556807 -0.017364  -0.042462 2.681156 1.551919
111  -6.799121 -0.556806 0.818549  -0.272420 2.701993 1.452460
112  -4.615281 -0.556822 0.270327  -0.117230 2.684609 1.518878
113  -2.650970 -0.556806 0.063010  -0.042463 2.681158 1.551919
114  27.110338 1.284857 12.007548  0.000000 -0.000000 -0.000000
115  28.133427 1.284857 12.007547  0.000001 -0.000000 -0.000000
116  12.812887 2.241786 12.007549  0.000000 -0.000001 -0.000001
117  -9.955967 -0.319623 4.380215  -0.000001 -0.000000 -0.000001
118  -11.316471 -0.319623 4.380214  -0.000003 -0.000000 -0.000000
119  -12.667810 -0.319622 4.380216  -0.000003 -0.000000 0.000001
120  -14.022141 -0.319622 4.380216  0.000010 -0.000000 -0.000011
121  -15.373239 -0.319621 4.380215  0.000015 -0.000000 -0.000015
122  -16.724138 -0.319620 4.380213  -0.000009 -0.000000 0.000006
123  -18.074570 -0.319620 4.380215  -0.000006 -0.000000 0.000004
124  -19.423714 -0.319620 4.380215  0.000002 0.000000 -0.000004
125  -20.775272 -0.319619 4.380213  0.000003 0.000000 -0.000004
126  -22.126671 -0.319619 4.380214  0.000003 0.000000 -0.000004
127  -23.478125 -0.319618 4.380216  0.000005 0.000000 -0.000006
128  -24.830624 -0.319619 4.380216  0.000036 0.000000 -0.000038
129  -26.182030 -0.319618 4.380215  -0.000011 0.000000 0.000011
130  0.529180 -0.167129 0.629484  -0.101270 -0.000000 0.000000
131  -0.211444 -0.241682 0.155361  -0.145847 -0.000000 0.000000
132  0.529191 -0.280700 -0.110295  -0.145847 -0.000000 0.000000
133  -0.173925 -0.337325 -0.638494  -0.181751 -0.000000 0.000000
134  0.529191 -0.399246 -0.975393  -0.181751 -0.000000 0.000000
135  -0.211443 -0.464476 -1.431042  -0.192399 -0.000000 0.000000
136  0.529190 -0.515807 -1.694584  -0.192399 -0.000000 0.000000
137  -0.173926 -0.612152 -2.231912  -0.216703 -0.000000 0.000000
138  0.529189 -0.685805 -2.566439  -0.216703 -0.000000 0.000000
139  -0.211444 -0.769560 -3.027871  -0.237349 -0.000000 0.000000
140  0.529189 -0.832685 -3.288846  -0.237349 -0.000000 0.000000
141  -0.173937 -0.945280 -3.779564  -0.233859 0.000000 0.000000
142  0.529180 -1.024657 -4.112782  -0.233859 0.000000 0.000000
143  -0.211442 -1.132184 -4.577547  -0.262919 -0.000000 0.000000
144  0.529191 -1.201963 -4.836824  -0.262919 0.000000 0.000000
145  -0.000003 -2.810940 -10.636629  0.258454 0.000000 3.141592
146  -0.192455 -1.345778 -5.370046  -0.280373 0.000000 0.000000
147  0.533985 -1.413511 -5.605106  -0.276883 0.000000 0.000000
148  -0.206616 -1.795760 -6.909781  -0.287354 0.000000 0.000000
149  -0.205804 -1.564817 -6.138257  -0.290843 0.000000 0.000000
150  0.530462 -1.643676 -6.395215  -0.290844 0.000000 0.000000
151  0.535313 -1.790708 -7.204134  -0.287354 -0.000000 0.000000
152  -0.202702 -2.030486 -7.702831  -0.286180 -0.000000 0.000000
153  0.509549 -2.118893 -8.011625  -0.298398 -0.000000 0.000000
154  -0.202703 -2.255278 -8.465173  -0.283134 -0.000000 0.000000
155  0.509548 -2.352980 -8.771160  -0.295352 -0.000000 0.000000
156  -0.202702 -2.481594 -9.235470  -0.285437 -0.000000 0.000000
157  0.509548 -2.588681 -9.538639  -0.297654 -0.000000 0.000000
158  0.170123 -21.222090 -1.001139  -0.000001 -0.000001 0.000000
159  0.170122 -20.843864 -0.397183  -0.000001 -0.000001 0.000000
160  0.170124 -20.489746 -1.001141  -0.000001 -0.000001 0.000000
161  0.170125 -20.111069 -0.397185  -0.000001 -0.000001 0.000000
162  0.170124 -19.380089 -0.397189  -0.000001 -0.000001 0.000000
163  0.170123 -19.025108 -1.001146  -0.000001 -0.000001 0.000000
164  0.170124 -18.646660 -0.396446  -0.000001 -0.000001 0.000000
165  0.170124 -19.755758 -1.001140  -0.000001 -0.000001 0.000000
166  -0.015972 10.035400 1.098089  0.000000 -0.000000 0.000000
167  -0.104321 -52.163582 4.437340  1.570735 -0.000061 -1.570735
168  0.064654 27.351288 72.195206  0.000000 -0.000000 -0.000001
169  6.064264 95.114014 31.645504  -0.000000 -0.000001 1.570796
170  -0.103715 -26.907869 3.305348  0.000000 0.000000 -1.570730
171  6.064257 69.096558 37.164318  1.570796 -0.000000 1.570796
172  1.974303 11.989235 4.589251  0.000000 -0.000000 0.000000
173  1.941736 0.883631 4.309754  0.000000 0.000000 -1.483525
174  -0.115677 1.104775 6.744190  0.000000 -0.000000 0.000000
175  6.064260 89.329803 31.613920  -0.000000 -0.000001 1.570796
176  0.059885 2.255333 54.398010  0.000000 -0.000000 0.000000
177  0.003497 -22.270645 0.000148  1.570797 0.000000 -1.570797
178  0.104012 14.792243 1.530322  0.000000 -0.000000 0.000000
179  34.259090 72.386696 3.506234  0.321697 0.857659 1.593208
180  -2.951664 25.811071 -3.742308  -0.096365 0.008023 -1.450340
181  -2.662411 1.445758 33.628742  -0.000000 3.141591 1.570796
182  8.352067 2.772896 0.000541  -3.141589 0.000002 0.000000
183  -2.662410 1.445755 40.667961  -0.000000 3.141591 1.570796
184  8.352066 2.772895 0.000540  -3.141589 0.000002 0.000000
185  -1.431355 16.384781 4.137810  0.000001 -0.000000 0.000000
186  -0.001844 0.521683 -0.140290  0.000000 -0.000000 0.000000
187  7.323110 -5.136193 -5.166240  0.000000 0.000000 -0.610865
188  2.698277 0.000000 -0.000003  -0.000012 0.000000 0.000001
189  2.834159 -0.000001 0.000002  0.000013 0.000000 0.000000
190  2.648919 0.000001 -0.000003  -0.000001 -0.000001 0.000000
191  2.667499 -0.000000 0.000003  -0.000000 -0.000000 -0.000000
192  2.426703 -0.000003 0.000002  -0.000000 0.000000 -0.000000
193  -0.494743 -44.353443 -1.302300  1.570797 0.000000 -1.570797
194  11.545938 73.768417 -3.792006  0.000000 -0.000000 0.000000
195  0.055852 -6.877709 2.864588  0.000000 -0.000000 0.000000
196  0.000001 0.000001 -1.529050  0.000000 -0.000000 0.000000
197  -0.078940 -0.000000 0.000002  0.000000 -0.000000 1.570730
198  0.097094 -0.000001 0.000002  0.000001 -3.141592 1.570796
199  0.000000 0.000000 -0.000000  0.000000 -0.000000 -0.000000
200  -15.222187 -17.649565 -29.916063  0.118809 -1.107666 -1.653100
201  27.425167 11.794579 -60.259369  -2.379857 1.127289 -1.100827
time 20
0  0 0 0  0 0 0
1  0.000000 0.000000 0.000000  0.000000 -0.000000 -0.000000
2  -0.000000 -0.000000 -55.423229  0.000000 -0.000000 -1.570730
3  -0.012872 0.000000 8.235027  -0.784749 -1.570710 -0.785986
4  16.163124 -0.010663 0.007211  -0.594297 0.000409 -0.000125
5  16.163132 -0.000000 3.830524  -0.580429 -0.765273 -2.715980
6  14.868236 0.000001 -0.000001  0.628891 0.248124 1.009696
7  26.391953 -0.000005 0.000000  -0.000000 0.000000 -1.056408
8  -0.000003 -0.000001 0.000002  -0.023561 -0.000000 -0.000000
9  3.093507 -0.000001 0.000001  -0.047125 -0.000000 -0.000000
10  6.187016 -0.000001 0.000001  -0.070696 -0.000000 -0.000000
11  9.280527 -0.000003 0.000002  -0.094276 0.000000 -0.000000
12  12.374040 -0.000004 0.000000  -0.117809 -0.000000 -0.000000
13  15.467549 -0.000004 0.000001  -0.141357 -0.000000 -0.000000
14  18.561050 -0.000004 0.000000  -0.164987 -0.000000 -0.000000
15  21.654570 -0.000005 0.000002  -1.761053 -0.179745 -0.089036
16  1.410068 0.800536 -2.089139  2.027536 0.513270 0.855082
17  3.954713 0.000001 0.000004  0.053647 -0.045181 -0.318851
18  3.101563 -0.000003 0.000001  0.007010 0.079134 -0.380814
19  6.164469 -0.898152 2.575009  0.257891 -0.209942 0.024109
20  2.805853 0.000001 0.000000  -0.000000 -0.000000 0.233324
21  2.307424 0.000000 -0.000002  0.000000 0.000000 0.072650
22  7.145095 -0.676341 -1.382430  0.112011 -0.033327 -0.078865
23  3.672214 -0.000000 0.000003  -0.000000 0.000000 -0.097881
24  2.676518 0.000003 0.000003  -0.000000 0.000000 -0.068497
25  6.831179 -0.870863 0.599912  0.159692 -0.153707 0.127257
26  3.657086 0.000003 -0.000003  -0.000000 0.000000 -0.056039
27  2.496794 0.000005 0.000003  -0.000000 -0.000000 0.072467
28  7.183358 -0.532081 -3.267612  0.047149 0.114451 -0.396466
29  3.511603 -0.000001 -0.000001  0.000000 -0.000000 -0.046026
30  2.199401 -0.000003 0.000001  0.000000 0.000000 0.114690
31  16.163136 0.000000 -3.830527  0.392201 0.962592 -2.815137
32  14.868241 -0.000001 0.000001  -0.110992 -0.747433 -1.065075
33  26.391958 0.000003 0.000002  0.000000 0.000000 -1.804201
34  -0.000002 0.000007 0.000002  0.032656 0.000000 -0.000000
35  3.093512 0.000001 0.000000  0.065382 0.000000 0.000000
36  6.187021 0.000003 -0.000000  0.098065 0.000000 0.000000
37  9.280533 0.000002 -0.000002  0.130773 -0.000000 -0.000000
38  12.374037 0.000003 0.000001  0.163456 0.000000 -0.000000
39  15.467545 0.000005 0.000002  0.196182 -0.000000 -0.000000
40  18.561062 0.000003 -0.000002  0.228838 0.000000 -0.000000
41  21.654564 0.000000 0.000001  1.839859 0.490228 -0.318842
42  1.410072 0.800532 2.089145  -1.966491 -0.287076 0.559263
43  3.954711 -0.000004 -0.000001  0.000000 0.000000 0.375132
44  3.101568 -0.000003 -0.000000  0.000000 -0.000000 0.790793
45  7.183347 -0.532089 3.267615  0.190987 -0.069911 -0.142948
46  3.511591 -0.000003 0.000001  0.000000 0.000000 0.209311
47  2.199412 -0.000004 -0.000001  -0.000000 0.000000 -0.178526
48  7.145093 -0.676343 1.382431  0.255424 0.283825 0.886075
49  3.672211 0.000000 0.000002  -0.000000 0.000000 1.435616
50  2.676520 -0.000000 -0.000001  -0.000000 0.000000 1.062915
51  6.831169 -0.870863 -0.599912  0.339890 0.115856 1.057859
52  3.657082 -0.000000 -0.000003  -0.000000 0.000000 1.252193
53  2.496795 -0.000001 -0.000001  0.000000 0.000000 0.840195
54  6.164461 -0.898148 -2.575009  0.409526 -0.061317 1.152482
55  2.805845 0.000002 -0.000001  -0.000000 -0.000000 0.666009
56  2.307449 0.000001 0.000000  -0.000000 -0.000000 0.844543
57  0.000000 0.000000 -0.000000  0.000000 -0.000000 0.000000
58  -16.889015 -25.326431 -5.299617  -1.129753 -0.194310 0.060902
59  -0.000000 -19.069466 4.681033  0.000000 0.000000 0.000000
60  1.986526 0.000016 -3.123740  -2.705260 -0.000000 -1.570797
61  -1.986691 0.000016 -3.123749  0.436333 0.000001 1.570797
62  -0.000000 -0.000001 -0.000001  0.000000 0.000000 0.000000
63  -1.530661 0.861426 -3.109961  0.392682 0.000010 1.570745
64  -11.344166 1.135886 0.869265  0.000328 -0.024963 -0.026314
65  1.907531 0.861423 -2.954428  -0.392858 -0.000004 1.570778
66  -11.350044 -0.729405 0.864873  0.000154 -0.025335 0.026430
67  1.754236 4.036761 -1.682668  0.392549 -0.010099 -1.546344
68  -1.755141 4.036761 -1.682668  -0.392547 -0.010382 -1.594901
69  -0.164557 5.734789 5.880445  0.000000 0.000000 -1.570730
70  1.203549 5.503724 4.339431  0.000000 0.000000 0.000000
71  -1.260177 5.668899 5.788552  0.070161 -0.418898 2.970131
72  1.185469 17.272329 1.821940  0.000000 0.000000 0.000000
73  0.060217 10.324389 74.469055  0.000008 0.000000 0.000000
74  0.052669 -3.972628 3.515842  1.570735 -0.000061 -1.570735
75  4.804183 -3.856467 -0.006876  -0.000000 0.000000 0.000000
76  -6.013987 -4.624459 0.000000  0.000000 0.000000 0.000000
77  -65.574089 -37.156048 0.002938  -0.786831 1.570710 0.783767
78  1.602683 -3.785217 0.003047  -0.786404 1.570710 0.784240
79  11.681369 -1.114742 -1.027843  -0.785261 1.570710 0.785551
80  19.766771 -3.800920 -0.000001  -0.000000 0.000000 0.000000
81  3.258440 5.856957 -3.403524  -0.000000 -0.000000 -0.000000
82  15.153049 5.860582 -3.403520  0.000000 -0.000000 -0.000000
83  6.064256 77.294952 36.365791  1.570796 -0.000000 1.570796
84  -2.662413 1.445754 40.667953  -0.000000 3.141591 1.570796
85  8.352066 2.772897 0.000542  -3.141589 0.000002 0.000000
86  6.064256 72.973686 32.593246  1.570796 -0.000000 1.570796
87  -0.113683 5.957345 -0.188897  0.000000 0.000000 0.000000
88  0.097224 0.210961 3.469583  0.000000 0.000000 0.000000
89  0.000001 1.310211 0.000001  0.000000 0.000000 0.000000
90  -0.000000 0.582259 -0.000001  0.000000 0.000000 0.000000
91  0.036297 1.284879 7.928796  0.000000 -0.000001 0.000000
92  0.000001 1.310211 0.000001  0.000000 -0.000000 0.000000
93  0.000001 0.582260 0.000001  0.000000 -0.000000 0.000000
94  5.969322 3.427458 -6.170654  -0.000000 -0.000001 -1.570797
95  -1.310211 0.000001 0.000003  0.000000 -0.000000 -0.000000
96  -0.582261 0.000001 0.000000  0.000000 0.000000 -0.000000
97  5.969322 9.397396 -6.170663  -0.000000 -0.000001 -1.570796
98  -1.310212 -0.000000 0.000000  0.000000 0.000000 -0.000000
99  -0.582261 -0.000001 -0.000001  0.000000 0.000000 -0.000000
100  5.969321 15.223767 -6.170673  -0.000000 -0.000001 -1.570796
101  -1.310210 0.000003 -0.000002  -0.000000 0.000000 -0.000000
102  -0.582258 0.000002 -0.000003  -0.000000 0.000000 -0.000000
103  5.969322 20.835567 -6.170673  -0.000000 -0.000001 -1.570796
104  -1.310211 0.000001 0.000001  -0.000000 0.000000 -0.000000
105  -0.582259 0.000000 0.000001  -0.000000 0.000000 -0.000000
106  5.969322 26.771206 -6.170675  -0.000000 -0.000001 -1.570796
107  5.969324 32.597591 -6.170676  -0.000000 -0.000001 -1.570796
108  5.969322 38.209396 -6.170687  -0.000000 -0.000001 -1.570800
109  5.969322 49.488461 -6.170687  -0.000000 -0.000001 -1.570800
110  -0.539091 -0.556808 -0.017367  -0.042462 2.681156 1.551919
111  -6.799123 -0.556806 0.818549  -0.272420 2.701993 1.452460
112  -4.615285 -0.556823 0.270325  -0.117230 2.684609 1.518878
113  -2.650970 -0.556809 0.063007  -0.042463 2.681158 1.551919
114  27.110334 1.284857 12.007546  0.000000 -0.000000 0.000000
115  28.133421 1.284856 12.007544  0.000001 -0.000000 0.000000
116  12.812885 2.241785 12.007545  0.000000 -0.000001 -0.000001
117  -9.955970 -0.319627 4.380210  -0.000001 -0.000000 -0.000001
118  -11.316476 -0.319624 4.380212  -0.000003 -0.000000 0.000000
119  -12.667813 -0.319625 4.380213  -0.000003 -0.000000 0.000001
120  -14.022141 -0.319623 4.380210  0.000010 -0.000000 -0.000011
121  -15.373240 -0.319622 4.380213  0.000015 -0.000000 -0.000015
122  -16.724146 -0.319623 4.380212  -0.000009 -0.000000 0.000006
123  -18.074572 -0.319622 4.380211  -0.000006 0.000000 0.000004
124  -19.423717 -0.319623 4.380211  0.000002 0.000000 -0.000004
125  -20.775270 -0.319621 4.380212  0.000003 0.000000 -0.000004
126  -22.126675 -0.319622 4.380210  0.000003 0.000000 -0.000004
127  -23.478125 -0.319620 4.380211  0.000005 0.000000 -0.000006
128  -24.830618 -0.319620 4.380211  0.000036 0.000000 -0.000038
129  -26.182028 -0.319621 4.380212  -0.000011 -0.000000 0.000011
130  0.529179 -0.167131 0.629480  -0.101270 -0.000000 0.000000
131  -0.211446 -0.241685 0.155358  -0.145847 -0.000000 0.000000
132  0.529189 -0.280701 -0.110295  -0.145847 -0.000000 0.000000
133  -0.173927 -0.337326 -0.638498  -0.181751 -0.000000 0.000000
134  0.529188 -0.399246 -0.975396  -0.181751 -0.000000 0.000000
135  -0.211444 -0.464478 -1.431046  -0.192399 -0.000000 0.000000
136  0.529188 -0.515808 -1.694585  -0.192400 -0.000000 0.000000
137  -0.173928 -0.612152 -2.231913  -0.216703 -0.000000 0.000000
138  0.529187 -0.685807 -2.566442  -0.216703 -0.000000 0.000000
139  -0.211445 -0.769562 -3.027873  -0.237349 -0.000000 0.000000
140  0.529187 -0.832687 -3.288850  -0.237349 -0.000000 0.000000
141  -0.173938 -0.945282 -3.779567  -0.233859 0.000000 0.000000
142  0.529178 -1.024658 -4.112783  -0.233859 0.000000 0.000000
143  -0.211444 -1.132187 -4.577549  -0.262919 -0.000000 0.000000
144  0.529189 -1.201965 -4.836827  -0.262919 0.000000 0.000000
145  -0.000005 -2.810944 -10.636633  0.258454 0.000000 3.141592
146  -0.192455 -1.345778 -5.370045  -0.280373 0.000000 0.000000
147  0.533983 -1.413513 -5.605107  -0.276883 0.000000 0.000000
148  -0.206618 -1.795761 -6.909782  -0.287354 0.000000 0.000000
149  -0.205805 -1.564819 -6.138258  -0.290843 0.000000 0.000000
150  0.530458 -1.643677 -6.395216  -0.290844 0.000000 0.000000
151  0.535311 -1.790708 -7.204133  -0.287354 -0.000000 0.000000
152  -0.202705 -2.030488 -7.702834  -0.286180 -0.000000 0.000000
153  0.509547 -2.118895 -8.011627  -0.298398 -0.000000 0.000000
154  -0.202703 -2.255279 -8.465176  -0.283134 -0.000000 0.000000
155  0.509546 -2.352980 -8.771162  -0.295352 -0.000000 0.000000
156  -0.202705 -2.481597 -9.235474  -0.285437 -0.000000 0.000000
157  0.509545 -2.588683 -9.538641  -0.297654 -0.000000 0.000000
158  0.170122 -21.222088 -1.001142  -0.000001 -0.000001 0.000000
159  0.170121 -20.843863 -0.397183  -0.000001 -0.000001 0.000000
160  0.170122 -20.489746 -1.001146  -0.000001 -0.000001 0.000000
161  0.170123 -20.111069 -0.397187  -0.000001 -0.000001 0.000000
162  0.170122 -19.380087 -0.397189  -0.000001 -0.000001 0.000000
163  0.170122 -19.025106 -1.001148  -0.000001 -0.000001 0.000000
164  0.170122 -18.646660 -0.396450  -0.000001 -0.000001 0.000000
165  0.170124 -19.755758 -1.001143  -0.000001 -0.000001 0.000000
166  -0.015973 10.035400 1.098088  0.000000 0.000000 0.000000
167  -0.104325 -52.163570 4.437343  1.570735 -0.000061 -1.570735
168  0.064651 27.351290 72.195198  0.000000 -0.000000 -0.000001
169  6.064258 95.114014 31.645496  0.000000 -0.000001 1.570796
170  -0.103715 -26.907871 3.305347  0.000000 0.000000 -1.570730
171  6.064257 69.096550 37.164318  1.570796 -0.000000 1.570796
172  1.974300 11.989231 4.589250  0.000000 0.000000 0.000000
173  1.941734 0.883633 4.309754  -0.000000 0.000000 -1.483525
174  -0.115681 1.104777 6.744190  0.000000 0.000000 0.000000
175  6.064259 89.329803 31.613911  0.000000 -0.000001 1.570796
176  0.059887 2.255337 54.398006  0.000000 0.000000 0.000000
177  0.003495 -22.270641 0.000146  1.570797 0.000000 -1.570797
178  0.104010 14.792241 1.530319  0.000000 0.000000 0.000000
179  35.552433 71.834969 5.961134  0.107551 0.708113 1.437058
180  -2.951665 25.811068 -3.742309  -0.096365 0.008023 -1.450340
181  -2.662414 1.445758 33.628738  -0.000000 3.141591 1.570796
182  8.352065 2.772896 0.000542  -3.141589 0.000002 0.000000
183  -2.662413 1.445754 40.667953  -0.000000 3.141591 1.570796
184  8.352066 2.772897 0.000542  -3.141589 0.000002 0.000000
185  -1.431355 16.384777 4.137810  0.000001 0.000000 0.000000
186  -0.001844 0.521683 -0.140289  0.000000 0.000000 0.000000
187  7.323109 -5.136191 -5.166236  0.000000 0.000000 -0.610865
188  2.698276 -0.000000 -0.000001  -0.000012 0.000000 0.000001
189  2.834160 -0.000002 -0.000001  0.000013 0.000000 -0.000000
190  2.648919 -0.000000 0.000000  -0.000001 -0.000001 0.000000
191  2.667500 -0.000004 -0.000003  0.000000 0.000000 -0.000000
192  2.426704 -0.000002 -0.000002  0.000000 0.000000 -0.000000
193  -0.494745 -44.353439 -1.302298  1.570797 0.000000 -1.570797
194  11.545936 73.768410 -3.792008  0.000000 0.000000 0.000000
195  0.055850 -6.877708 2.864591  0.000000 0.000000 0.000000
196  0.000001 0.000000 -1.529052  0.000000 0.000000 0.000000
197  -0.078942 -0.000001 0.000000  0.000000 -0.000000 1.570730
198  0.097091 0.000000 -0.000001  0.000001 -3.141592 1.570796
199  0.000000 0.000000 -0.000000  0.000000 -0.000000 -0.000000
200  -15.437523 -17.590418 -30.339020  0.100581 -1.121270 -1.636135
201  27.765549 13.517506 -59.676941  -2.116826 1.170197 -0.692784
time 21
0  0 0 0  0 0 0
1  0.000000 0.000000 0.000000  0.000000 -0.000000 -0.000000
2  -0.000000 -0.000000 -55.423229  0.000000 -0.000000 -1.570730
3  -0.012872 0.000000 8.235027  -0.784749 -1.570710 -0.785986
4  16.163124 -0.010663 0.007211  -0.594297 0.000409 -0.000125
5  16.163132 -0.000000 3.830524  -0.481354 -0.786614 -2.788191
6  14.868235 0.000001 -0.000000  0.555470 0.269778 1.076813
7  26.391953 -0.000002 0.000000  -0.000000 0.000000 -1.164008
8  -0.000006 -0.000000 0.000000  -0.028872 -0.000000 -0.000000
9  3.093509 -0.000002 0.000000  -0.057810 -0.000000 -0.000000
10  6.187016 -0.000004 -0.000001  -0.086700 -0.000000 -0.000000
11  9.280527 -0.000002 0.000000  -0.115669 0.000000 -0.000000
12  12.374043 -0.000005 0.000001  -0.144539 -0.000000 -0.000000
13  15.467549 -0.000005 0.000001  -0.173502 -0.000000 -0.000000
14  18.561056 -0.000005 -0.000000  -0.202378 -0.000000 -0.000000
15  21.654572 -0.000006 0.000002  -1.803167 -0.109064 0.084424
16  1.410074 0.800533 -2.089136  2.023701 0.459961 0.841625
17  3.954710 -0.000000 0.000005  0.051131 -0.048458 -0.280958
18  3.101561 0.000000 0.000002  0.006809 0.087491 -0.342476
19  6.164477 -0.898154 2.575010  0.261014 -0.218323 0.085976
20  2.805847 -0.000001 -0.000001  0.000000 0.000000 0.293789
21  2.307443 0.000003 -0.000001  -0.000000 0.000000 0.133159
22  7.145094 -0.676345 -1.382431  0.105728 -0.031260 -0.000676
23  3.672226 -0.000001 0.000000  -0.000000 0.000000 -0.054940
24  2.676523 -0.000002 0.000001  -0.000000 0.000000 -0.016480
25  6.831184 -0.870864 0.599913  0.153691 -0.158015 0.203832
26  3.657071 -0.000001 -0.000002  -0.000000 0.000000 -0.007996
27  2.496798 -0.000005 0.000002  -0.000000 -0.000000 0.127471
28  7.183362 -0.532084 -3.267612  0.048610 0.124817 -0.324110
29  3.511588 0.000005 0.000002  -0.000000 -0.000000 0.001343
30  2.199391 -0.000011 0.000000  0.000000 -0.000000 0.170561
31  16.163136 0.000000 -3.830527  0.392201 0.962592 -2.815137
32  14.868241 -0.000001 0.000001  -0.123623 -0.743956 -1.044124
33  26.391953 -0.000001 0.000001  0.000000 0.000000 -1.809922
34  0.000001 0.000002 0.000000  0.033022 0.000000 -0.000000
35  3.093510 0.000002 -0.000001  0.065993 0.000000 0.000000
36  6.187025 0.000000 0.000000  0.099042 0.000000 0.000000
37  9.280535 0.000002 -0.000001  0.132058 -0.000000 0.000000
38  12.374039 -0.000000 -0.000004  0.165109 -0.000000 -0.000000
39  15.467552 0.000000 -0.000000  0.198145 -0.000000 0.000000
40  18.561066 -0.000001 0.000001  0.231112 0.000000 0.000000
41  21.654566 -0.000001 -0.000000  1.839976 0.478540 -0.328662
42  1.410072 0.800529 2.089144  -1.966491 -0.287076 0.559263
43  3.954712 -0.000002 -0.000003  0.000000 -0.000000 0.375132
44  3.101566 -0.000004 -0.000001  -0.000000 -0.000000 0.790793
45  7.183349 -0.532092 3.267610  0.190987 -0.069911 -0.142948
46  3.511592 -0.000002 0.000001  0.000000 0.000000 0.209311
47  2.199410 -0.000003 -0.000000  0.000000 0.000000 -0.178526
48  7.145093 -0.676350 1.382427  0.255424 0.283825 0.886075
49  3.672210 0.000000 -0.000001  -0.000000 0.000000 1.435616
50  2.676520 0.000000 -0.000003  -0.000000 -0.000000 1.062915
51  6.831169 -0.870866 -0.599914  0.339890 0.115856 1.057859
52  3.657083 -0.000002 0.000000  -0.000000 -0.000000 1.252193
53  2.496794 -0.000001 0.000000  0.000000 0.000000 0.840195
54  6.164462 -0.898154 -2.575016  0.409526 -0.061317 1.152482
55  2.805847 0.000001 0.000002  0.000000 -0.000000 0.666009
56  2.307450 -0.000002 -0.000003  -0.000000 -0.000000 0.844543
57  0.000000 0.000000 -0.000000  0.000122 0.000122 0.002686
58  -16.831366 -25.155663 -5.577148  -1.127421 -0.183587 0.063612
59  -0.000000 -19.069481 4.681027  0.000000 0.000000 -0.000000
60  1.986525 0.000016 -3.123734  -2.705260 -0.000000 -1.570797
61  -1.986692 0.000016 -3.123742  0.436333 0.000001 1.570797
62  -0.000000 -0.000000 0.000003  0.000000 0.000000 -0.000000
63  -1.530659 0.861429 -3.109954  0.392682 0.000010 1.570745
64  -11.344169 1.135883 0.869268  0.000328 -0.024963 -0.026314
65  1.907533 0.861424 -2.954423  -0.392858 -0.000004 1.570778
66  -11.350049 -0.729404 0.864874  0.000154 -0.025335 0.026430
67  1.754234 4.036762 -1.682664  0.392549 -0.010099 -1.546344
68  -1.755140 4.036761 -1.682662  -0.392547 -0.010382 -1.594901
69  -0.164555 5.734790 5.880445  -0.000000 0.000000 -1.570730
70  1.203550 5.503726 4.339430  0.000000 0.000000 -0.000000
71  -1.260176 5.668900 5.788550  0.070161 -0.418898 2.970131
72  1.185469 17.272333 1.821941  0.000000 0.000000 -0.000000
73  0.060216 10.324388 74.469055  0.000008 0.000000 -0.000000
74  0.052674 -3.972625 3.515851  1.570735 -0.000061 -1.570735
75  4.804184 -3.856467 -0.006875  -0.000000 0.000000 -0.000000
76  -6.013986 -4.624460 0.000001  0.000000 0.000000 -0.000000
77  -65.574089 -37.156048 0.002938  -0.786998 1.570710 0.783645
78  1.602684 -3.785218 0.003046  -0.786419 1.570710 0.784301
79  11.681372 -1.114744 -1.027843  -0.785368 1.570710 0.785398
80  19.766773 -3.800927 0.000001  -0.000000 0.000000 -0.000000
81  3.258443 5.856953 -3.403523  -0.000000 -0.000000 -0.000000
82  15.153049 5.860582 -3.403521  0.000000 -0.000000 -0.000000
83  6.064259 77.294960 36.365795  1.570796 -0.000000 1.570796
84  -2.662413 1.445755 40.667957  -0.000000 3.141591 1.570796
85  8.352068 2.772899 0.000541  -3.141589 0.000002 0.000000
86  6.064258 72.973701 32.593246  1.570796 -0.000000 1.570796
87  -0.113679 5.957346 -0.188893  0.000000 0.000000 -0.000000
88  0.097226 0.210963 3.469586  0.000000 0.000000 -0.000000
89  0.000001 1.310212 -0.000001  0.000000 0.000000 0.000000
90  0.000001 0.582260 -0.000002  0.000000 0.000000 0.000000
91  0.036300 1.284881 7.928798  0.000000 -0.000001 0.000000
92  0.000001 1.310211 0.000000  0.000000 0.000000 0.000000
93  -0.000000 0.582261 0.000000  0.000000 0.000000 0.000000
94  5.969324 3.427462 -6.170650  -0.000000 -0.000001 -1.570797
95  -1.310209 0.000002 0.000000  0.000000 -0.000000 -0.000000
96  -0.582261 -0.000000 0.000001  0.000000 -0.000000 -0.000000
97  5.969324 9.397402 -6.170659  -0.000000 -0.000001 -1.570796
98  -1.310210 -0.000001 -0.000000  0.000000 0.000000 -0.000000
99  -0.582259 -0.000002 0.000001  0.000000 0.000000 -0.000000
100  5.969323 15.223770 -6.170670  -0.000000 -0.000001 -1.570796
101  -1.310211 0.000002 -0.000000  -0.000000 0.000000 -0.000000
102  -0.582260 0.000001 -0.000002  -0.000000 0.000000 -0.000000
103  5.969324 20.835573 -6.170671  -0.000000 -0.000001 -1.570796
104  -1.310208 0.000001 0.000001  -0.000000 0.000000 -0.000000
105  -0.582258 -0.000000 0.000003  -0.000000 0.000000 -0.000000
106  5.969325 26.771210 -6.170675  -0.000000 -0.000001 -1.570796
107  5.969323 32.597599 -6.170677  -0.000000 -0.000001 -1.570796
108  5.969323 38.209400 -6.170686  -0.000000 -0.000001 -1.570800
109  5.969323 49.488472 -6.170684  -0.000000 -0.000001 -1.570800
110  -0.539089 -0.556807 -0.017362  -0.042462 2.681156 1.551919
111  -6.799124 -0.556805 0.818549  -0.272420 2.701993 1.452460
112  -4.615281 -0.556823 0.270326  -0.117230 2.684609 1.518878
113  -2.650968 -0.556808 0.063008  -0.042463 2.681158 1.551919
114  27.110340 1.284857 12.007548  0.000000 -0.000000 -0.000000
115  28.133427 1.284856 12.007546  0.000001 -0.000000 -0.000000
116  12.812886 2.241786 12.007548  -0.000000 -0.000001 -0.000001
117  -9.955966 -0.319623 4.380213  -0.000001 -0.000000 -0.000001
118  -11.316471 -0.319623 4.380215  -0.000003 -0.000000 -0.000000
119  -12.667811 -0.319622 4.380215  -0.000003 -0.000000 0.000001
120  -14.022140 -0.319621 4.380214  0.000010 -0.000000 -0.000011
121  -15.373239 -0.319620 4.380214  0.000015 -0.000000 -0.000015
122  -16.724144 -0.319620 4.380213  -0.000009 -0.000000 0.000006
123  -18.074574 -0.319620 4.380214  -0.000006 0.000000 0.000004
124  -19.423716 -0.319619 4.380213  0.000002 0.000000 -0.000004
125  -20.775269 -0.319619 4.380213  0.000003 0.000000 -0.000004
126  -22.126669 -0.319618 4.380213  0.000003 0.000000 -0.000004
127  -23.478121 -0.319617 4.380214  0.000005 0.000000 -0.000006
128  -24.830620 -0.319618 4.380213  0.000036 -0.000000 -0.000038
129  -26.182022 -0.319616 4.380215  -0.000011 -0.000000 0.000011
130  0.529182 -0.167128 0.629484  -0.101270 -0.000000 0.000000
131  -0.211441 -0.241683 0.155360  -0.145847 -0.000000 0.000000
132  0.529191 -0.280699 -0.110293  -0.145847 -0.000000 -0.000000
133  -0.173926 -0.337326 -0.638497  -0.181751 -0.000000 0.000000
134  0.529191 -0.399245 -0.975393  -0.181751 -0.000000 0.000000
135  -0.211442 -0.464475 -1.431043  -0.192399 -0.000000 0.000000
136  0.529190 -0.515806 -1.694583  -0.192400 -0.000000 0.000000
137  -0.173928 -0.612151 -2.231911  -0.216703 -0.000000 0.000000
138  0.529189 -0.685805 -2.566441  -0.216703 -0.000000 -0.000000
139  -0.211444 -0.769561 -3.027872  -0.237349 -0.000000 0.000000
140  0.529188 -0.832686 -3.288850  -0.237349 -0.000000 -0.000000
141  -0.173937 -0.945281 -3.779567  -0.233859 0.000000 0.000000
142  0.529181 -1.024656 -4.112782  -0.233859 0.000000 0.000000
143  -0.211443 -1.132184 -4.577549  -0.262919 -0.000000 0.000000
144  0.529191 -1.201964 -4.836826  -0.262919 0.000000 -0.000000
145  -0.000003 -2.810941 -10.636631  0.258454 0.000000 3.141592
146  -0.192454 -1.345778 -5.370046  -0.280373 0.000000 0.000000
147  0.533985 -1.413512 -5.605108  -0.276883 0.000000 0.000000
148  -0.206617 -1.795759 -6.909781  -0.287354 0.000000 0.000000
149  -0.205804 -1.564816 -6.138256  -0.290843 0.000000 0.000000
150  0.530462 -1.643674 -6.395215  -0.290844 0.000000 0.000000
151  0.535313 -1.790709 -7.204134  -0.287354 -0.000000 0.000000
152  -0.202702 -2.030485 -7.702831  -0.286180 -0.000000 0.000000
153  0.509549 -2.118895 -8.011625  -0.298398 -0.000000 0.000000
154  -0.202703 -2.255277 -8.465174  -0.283134 -0.000000 0.000000
155  0.509548 -2.352978 -8.771160  -0.295352 -0.000000 0.000000
156  -0.202703 -2.481595 -9.235474  -0.285437 -0.000000 0.000000
157  0.509548 -2.588682 -9.538639  -0.297654 -0.000000 0.000000
158  0.170124 -21.222092 -1.001142  -0.000001 -0.000001 0.000000
159  0.170123 -20.843864 -0.397184  -0.000001 -0.000001 0.000000
160  0.170124 -20.489746 -1.001141  -0.000001 -0.000001 0.000000
161  0.170126 -20.111071 -0.397184  -0.000001 -0.000001 0.000000
162  0.170124 -19.380089 -0.397187  -0.000001 -0.000001 0.000000
163  0.170124 -19.025108 -1.001145  -0.000001 -0.000001 0.000000
164  0.170126 -18.646660 -0.396449  -0.000001 -0.000001 0.000000
165  0.170125 -19.755760 -1.001145  -0.000001 -0.000001 0.000000
166  -0.015972 10.035402 1.098088  0.000000 0.000000 -0.000000
167  -0.104321 -52.163578 4.437343  1.570735 -0.000061 -1.570735
168  0.064652 27.351290 72.195206  0.000000 -0.000000 -0.000001
169  6.064263 95.114014 31.645504  0.000000 -0.000001 1.570796
170  -0.103714 -26.907879 3.305357  -0.000000 0.000000 -1.570730
171  6.064257 69.096565 37.164318  1.570796 -0.000000 1.570796
172  1.974304 11.989234 4.589249  0.000000 0.000000 -0.000000
173  1.941736 0.883636 4.309751  0.000000 0.000000 -1.483525
174  -0.115677 1.104775 6.744190  0.000000 0.000000 -0.000000
175  6.064261 89.329811 31.613918  0.000000 -0.000001 1.570796
176  0.059887 2.255335 54.398010  0.000000 0.000000 -0.000000
177  0.003495 -22.270651 0.000144  1.570797 0.000000 -1.570797
178  0.104011 14.792244 1.530321  0.000000 0.000000 -0.000000
179  36.366863 69.341911 4.009633  0.057211 0.613790 1.423889
180  -2.951665 25.811073 -3.742308  -0.096365 0.008023 -1.450340
181  -2.662411 1.445757 33.628742  -0.000000 3.141591 1.570796
182  8.352067 2.772899 0.000541  -3.141589 0.000002 0.000000
183  -2.662413 1.445755 40.667957  -0.000000 3.141591 1.570796
184  8.352068 2.772899 0.000541  -3.141589 0.000002 0.000000
185  -1.431356 16.384779 4.137811  0.000001 0.000000 0.000000
186  -0.001844 0.521683 -0.140290  0.000000 0.000000 -0.000000
187  7.323110 -5.136192 -5.166237  -0.000000 0.000000 -0.610865
188  2.698277 -0.000001 0.000001  -0.000012 0.000000 0.000000
189  2.834160 -0.000002 -0.000003  0.000013 0.000000 -0.000000
190  2.648918 -0.000001 0.000003  -0.000001 -0.000001 0.000000
191  2.667498 -0.000001 0.000003  -0.000000 0.000000 -0.000000
192  2.426701 -0.000004 0.000001  -0.000000 0.000000 -0.000000
193  -0.494742 -44.353447 -1.302300  1.570797 0.000000 -1.570797
194  11.545938 73.768425 -3.792011  0.000000 0.000000 -0.000000
195  0.055852 -6.877708 2.864590  0.000000 0.000000 -0.000000
196  -0.000002 0.000001 -1.529050  0.000000 0.000000 -0.000000
197  -0.078945 0.000001 -0.000002  0.000000 -0.000000 1.570730
198  0.097091 0.000001 -0.000001  0.000001 -3.141592 1.570796
199  0.000000 0.000000 -0.000000  0.000000 -0.000000 -0.000000
200  -15.675558 -17.374672 -30.618031  0.075510 -1.120208 -1.610436
201  27.830603 11.125008 -58.830780  -1.952729 1.220578 -0.466199
time 22
0  0 0 0  0 0 0
1  0.000000 0.000000 0.000000  0.000000 -0.000000 -0.000000
2  -0.000000 -0.000000 -55.423229  0.000000 -0.000000 -1.570730
3  -0.012872 0.000000 8.235027  -0.784749 -1.570710 -0.785986
4  16.163124 -0.010663 0.007211  -0.594297 0.000409 -0.000125
5  16.163132 -0.000000 3.830524  -0.452871 -0.791623 -2.809090
6  14.868235 0.000002 0.000001  0.477288 0.257849 1.101063
7  26.391956 -0.000005 -0.000001  -0.000000 0.000000 -1.410711
8  -0.000002 0.000000 0.000002  -0.029299 -0.000000 -0.000000
9  3.093507 -0.000001 -0.000001  -0.058604 -0.000000 -0.000000
10  6.187017 -0.000002 0.000000  -0.087861 -0.000000 -0.000000
11  9.280531 -0.000001 0.000003  -0.117197 -0.000000 -0.000000
12  12.374041 -0.000004 0.000002  -0.146498 -0.000000 -0.000000
13  15.467557 -0.000003 0.000000  -0.175830 -0.000000 -0.000000
14  18.561054 -0.000004 0.000000  -0.205139 -0.000000 -0.000000
15  21.654568 -0.000005 0.000001  -1.799119 -0.036063 0.244466
16  1.410070 0.800533 -2.089138  2.007023 0.370893 0.799909
17  3.954714 0.000002 -0.000004  0.046258 -0.053344 -0.188397
18  3.101563 -0.000002 0.000001  0.013658 0.088909 -0.249511
19  6.164477 -0.898153 2.575009  0.242933 -0.240202 0.185103
20  2.805841 0.000000 -0.000000  -0.000000 -0.000000 0.392666
21  2.307444 0.000004 0.000000  -0.000000 -0.000000 0.231973
22  7.145094 -0.676343 -1.382431  0.100552 -0.039016 0.102732
23  3.672222 0.000001 -0.000002  0.000000 0.000000 0.038944
24  2.676515 -0.000002 0.000003  0.000000 0.000000 0.079919
25  6.831175 -0.870863 0.599911  0.138135 -0.170594 0.307481
26  3.657082 0.000000 -0.000000  0.000000 0.000000 0.087250
27  2.496791 0.000002 0.000002  -0.000000 -0.000000 0.224784
28  7.183358 -0.532084 -3.267613  0.058676 0.123078 -0.221385
29  3.511595 -0.000002 0.000002  0.000000 -0.000000 0.096537
30  2.199406 0.000002 -0.000002  0.000000 -0.000000 0.268145
31  16.163136 0.000000 -3.830527  0.392199 0.962593 -2.815140
32  14.868238 0.000001 0.000001  -0.129319 -0.738782 -1.029993
33  26.391956 0.000003 0.000003  0.000000 0.000000 -1.816556
34  0.000005 -0.000001 -0.000003  0.033816 0.000000 -0.000000
35  3.093513 0.000002 0.000003  0.067642 0.000000 0.000000
36  6.187024 -0.000000 -0.000001  0.101487 0.000000 0.000000
37  9.280536 0.000003 -0.000001  0.135361 -0.000000 -0.000000
38  12.374041 0.000003 0.000000  0.169152 0.000000 -0.000000
39  15.467548 0.000002 0.000000  0.202991 -0.000000 0.000000
40  18.561066 0.000002 -0.000002  0.236889 0.000000 0.000000
41  21.654568 0.000003 -0.000000  1.844961 0.464388 -0.327855
42  1.410071 0.800530 2.089144  -1.966491 -0.287076 0.559263
43  3.954710 -0.000000 0.000002  0.000000 0.000000 0.375132
44  3.101567 0.000001 0.000000  -0.000000 0.000000 0.790793
45  7.183349 -0.532091 3.267611  0.190987 -0.069911 -0.142948
46  3.511593 0.000002 -0.000002  0.000000 0.000000 0.209311
47  2.199413 -0.000000 0.000003  -0.000000 0.000000 -0.178526
48  7.145095 -0.676347 1.382427  0.255424 0.283825 0.886074
49  3.672211 0.000002 -0.000000  -0.000000 -0.000000 1.435616
50  2.676520 -0.000001 -0.000002  -0.000000 -0.000000 1.062915
51  6.831172 -0.870866 -0.599911  0.339890 0.115856 1.057859
52  3.657084 -0.000003 0.000002  -0.000000 0.000000 1.252193
53  2.496793 -0.000001 -0.000001  0.000000 0.000000 0.840195
54  6.164459 -0.898152 -2.575013  0.409526 -0.061317 1.152482
55  2.805845 0.000001 0.000002  0.000000 -0.000000 0.666009
56  2.307448 -0.000001 -0.000001  0.000000 -0.000000 0.844543
57  0.000000 0.000000 -0.000000  0.000551 0.000609 0.005249
58  -16.754995 -25.099953 -5.708406  -1.121314 -0.172180 0.065937
59  -0.000001 -19.069481 4.681027  -0.000000 -0.000000 -0.000000
60  1.986525 0.000016 -3.123735  -2.705260 -0.000000 -1.570797
61  -1.986693 0.000016 -3.123747  0.436333 0.000001 1.570797
62  -0.000001 -0.000001 -0.000001  -0.000000 -0.000000 -0.000000
63  -1.530659 0.861426 -3.109960  0.392682 0.000010 1.570745
64  -11.344163 1.135889 0.869268  0.000328 -0.024963 -0.026314
65  1.907534 0.861421 -2.954427  -0.392858 -0.000004 1.570778
66  -11.350048 -0.729403 0.864872  0.000154 -0.025335 0.026430
67  1.754236 4.036761 -1.682666  0.392549 -0.010099 -1.546344
68  -1.755139 4.036760 -1.682666  -0.392547 -0.010382 -1.594901
69  -0.164555 5.734789 5.880445  0.000000 0.000000 -1.570730
70  1.203548 5.503726 4.339433  -0.000000 -0.000000 -0.000000
71  -1.260176 5.668898 5.788550  0.070161 -0.418898 2.970131
72  1.185469 17.272329 1.821941  -0.000000 -0.000000 -0.000000
73  0.060215 10.324390 74.469063  0.000008 -0.000000 -0.000000
74  0.052675 -3.972629 3.515844  1.570735 -0.000061 -1.570735
75  4.804182 -3.856468 -0.006877  -0.000000 0.000000 0.000000
76  -6.013986 -4.624459 -0.000001  0.000000 0.000000 -0.000000
77  -65.574089 -37.156048 0.002937  -0.786937 1.570710 0.783813
78  1.602682 -3.785217 0.003046  -0.786419 1.570710 0.784286
79  11.681368 -1.114744 -1.027844  -0.785246 1.570710 0.785535
80  19.766769 -3.800925 -0.000001  -0.000000 0.000000 0.000000
81  3.258440 5.856953 -3.403524  -0.000000 -0.000000 -0.000000
82  15.153047 5.860581 -3.403522  0.000000 -0.000000 -0.000000
83  6.064257 77.294952 36.365795  1.570796 -0.000000 1.570796
84  -2.662413 1.445754 40.667957  -0.000000 3.141591 1.570796
85  8.352064 2.772892 0.000541  -3.141589 0.000002 0.000000
86  6.064256 72.973694 32.593250  1.570796 -0.000000 1.570796
87  -0.113680 5.957342 -0.188898  -0.000000 -0.000000 -0.000000
88  0.097226 0.210961 3.469584  -0.000000 -0.000000 -0.000000
89  0.000000 1.310211 0.000000  0.000000 -0.000000 0.000000
90  0.000001 0.582259 -0.000002  0.000000 -0.000000 0.000000
91  0.036298 1.284880 7.928797  0.000000 -0.000001 0.000000
92  0.000000 1.310211 -0.000002  0.000000 -0.000000 0.000000
93  0.000001 0.582260 -0.000001  0.000000 -0.000000 0.000000
94  5.969323 3.427458 -6.170651  -0.000000 -0.000001 -1.570797
95  -1.310210 0.000000 -0.000001  0.000000 -0.000000 -0.000000
96  -0.582259 -0.000001 0.000001  0.000000 -0.000000 -0.000000
97  5.969322 9.397398 -6.170660  -0.000000 -0.000001 -1.570796
98  -1.310209 -0.000001 -0.000000  0.000000 0.000000 -0.000000
99  -0.582258 -0.000002 0.000002  0.000000 0.000000 -0.000000
100  5.969322 15.223767 -6.170671  0.000000 -0.000001 -1.570796
101  -1.310212 0.000002 0.000000  -0.000000 0.000000 -0.000000
102  -0.582262 0.000002 0.000003  -0.000000 0.000000 -0.000000
103  5.969324 20.835567 -6.170672  0.000000 -0.000001 -1.570796
104  -1.310210 0.000002 0.000002  -0.000000 0.000000 -0.000000
105  -0.582261 0.000001 0.000004  -0.000000 0.000000 -0.000000
106  5.969324 26.771208 -6.170672  0.000000 -0.000001 -1.570796
107  5.969323 32.597591 -6.170676  0.000000 -0.000001 -1.570796
108  5.969323 38.209400 -6.170685  0.000000 -0.000001 -1.570800
109  5.969322 49.488464 -6.170684  0.000000 -0.000001 -1.570800
110  -0.539091 -0.556807 -0.017362  -0.042462 2.681156 1.551919
111  -6.799123 -0.556807 0.818547  -0.272420 2.701993 1.452460
112  -4.615284 -0.556823 0.270325  -0.117230 2.684609 1.518878
113  -2.650968 -0.556809 0.063008  -0.042463 2.681158 1.551919
114  27.110334 1.284857 12.007547  -0.000000 -0.000000 -0.000000
115  28.133421 1.284856 12.007546  0.000001 -0.000000 -0.000000
116  12.812885 2.241786 12.007548  0.000000 -0.000001 -0.000001
117  -9.955966 -0.319623 4.380213  -0.000001 -0.000000 -0.000001
118  -11.316472 -0.319624 4.380212  -0.000003 -0.000000 -0.000000
119  -12.667811 -0.319623 4.380213  -0.000003 -0.000000 0.000001
120  -14.022140 -0.319624 4.380212  0.000010 -0.000000 -0.000011
121  -15.373238 -0.319622 4.380212  0.000015 -0.000000 -0.000015
122  -16.724136 -0.319621 4.380212  -0.000009 -0.000000 0.000006
123  -18.074572 -0.319621 4.380212  -0.000006 0.000000 0.000004
124  -19.423712 -0.319620 4.380213  0.000002 0.000000 -0.000004
125  -20.775269 -0.319620 4.380213  0.000003 0.000000 -0.000004
126  -22.126671 -0.319619 4.380214  0.000003 -0.000000 -0.000004
127  -23.478123 -0.319621 4.380212  0.000005 0.000000 -0.000006
128  -24.830624 -0.319619 4.380214  0.000036 0.000000 -0.000038
129  -26.182026 -0.319618 4.380213  -0.000011 -0.000000 0.000011
130  0.529178 -0.167130 0.629482  -0.101270 -0.000000 0.000000
131  -0.211443 -0.241684 0.155360  -0.145847 -0.000000 0.000000
132  0.529189 -0.280701 -0.110293  -0.145847 -0.000000 0.000000
133  -0.173927 -0.337325 -0.638497  -0.181751 -0.000000 0.000000
134  0.529189 -0.399247 -0.975396  -0.181751 -0.000000 0.000000
135  -0.211443 -0.464477 -1.431043  -0.192399 -0.000000 0.000000
136  0.529189 -0.515809 -1.694584  -0.192399 -0.000000 0.000000
137  -0.173929 -0.612151 -2.231910  -0.216703 -0.000000 0.000000
138  0.529188 -0.685806 -2.566442  -0.216703 -0.000000 0.000000
139  -0.211446 -0.769562 -3.027871  -0.237349 -0.000000 0.000000
140  0.529187 -0.832686 -3.288849  -0.237349 -0.000000 0.000000
141  -0.173937 -0.945283 -3.779566  -0.233859 0.000000 0.000000
142  0.529179 -1.024658 -4.112783  -0.233859 0.000000 0.000000
143  -0.211445 -1.132186 -4.577549  -0.262919 -0.000000 0.000000
144  0.529189 -1.201964 -4.836828  -0.262919 0.000000 0.000000
145  -0.000005 -2.810943 -10.636633  0.258454 0.000000 3.141592
146  -0.192455 -1.345779 -5.370049  -0.280373 0.000000 0.000000
147  0.533983 -1.413514 -5.605107  -0.276883 0.000000 0.000000
148  -0.206618 -1.795761 -6.909781  -0.287354 0.000000 0.000000
149  -0.205805 -1.564817 -6.138257  -0.290843 0.000000 0.000000
150  0.530460 -1.643676 -6.395216  -0.290844 0.000000 0.000000
151  0.535312 -1.790710 -7.204133  -0.287354 -0.000000 0.000000
152  -0.202704 -2.030487 -7.702831  -0.286180 -0.000000 0.000000
153  0.509547 -2.118896 -8.011626  -0.298398 -0.000000 0.000000
154  -0.202704 -2.255279 -8.465173  -0.283134 -0.000000 0.000000
155  0.509547 -2.352980 -8.771159  -0.295352 -0.000000 0.000000
156  -0.202704 -2.481598 -9.235474  -0.285437 -0.000000 0.000000
157  0.509547 -2.588685 -9.538640  -0.297653 -0.000000 0.000000
158  0.170122 -21.222092 -1.001140  -0.000001 -0.000001 0.000000
159  0.170120 -20.843864 -0.397185  -0.000001 -0.000001 0.000000
160  0.170122 -20.489748 -1.001144  -0.000001 -0.000001 0.000000
161  0.170124 -20.111069 -0.397184  -0.000001 -0.000001 0.000000
162  0.170121 -19.380089 -0.397189  -0.000001 -0.000001 0.000000
163  0.170123 -19.025108 -1.001149  -0.000001 -0.000001 0.000000
164  0.170122 -18.646660 -0.396449  -0.000001 -0.000001 0.000000
165  0.170125 -19.755760 -1.001143  -0.000001 -0.000001 0.000000
166  -0.015975 10.035400 1.098088  -0.000000 -0.000000 -0.000000
167  -0.104323 -52.163582 4.437344  1.570735 -0.000061 -1.570735
168  0.064651 27.351288 72.195206  0.000000 -0.000000 -0.000001
169  6.064260 95.114014 31.645500  0.000000 -0.000001 1.570796
170  -0.103715 -26.907871 3.305355  0.000000 0.000000 -1.570730
171  6.064257 69.096558 37.164314  1.570796 -0.000000 1.570796
172  1.974303 11.989233 4.589250  0.000000 -0.000000 -0.000000
173  1.941734 0.883634 4.309755  0.000000 0.000000 -1.483525
174  -0.115680 1.104774 6.744190  -0.000000 -0.000000 -0.000000
175  6.064259 89.329803 31.613916  0.000000 -0.000001 1.570796
176  0.059885 2.255335 54.398006  -0.000000 -0.000000 -0.000000
177  0.003498 -22.270641 0.000148  1.570797 0.000000 -1.570797
178  0.104009 14.792238 1.530319  -0.000000 -0.000000 -0.000000
179  37.110687 64.730904 0.224448  0.048196 0.681380 1.433852
180  -2.951664 25.811069 -3.742306  -0.096365 0.008023 -1.450340
181  -2.662414 1.445758 33.628742  -0.000000 3.141591 1.570796
182  8.352065 2.772895 0.000542  -3.141589 0.000002 0.000000
183  -2.662413 1.445754 40.667957  -0.000000 3.141591 1.570796
184  8.352064 2.772892 0.000541  -3.141589 0.000002 0.000000
185  -1.431356 16.384779 4.137812  0.000001 -0.000000 0.000000
186  -0.001845 0.521682 -0.140290  0.000000 -0.000000 -0.000000
187  7.323108 -5.136191 -5.166236  -0.000000 0.000000 -0.610865
188  2.698277 -0.000002 -0.000000  -0.000012 0.000000 0.000001
189  2.834159 -0.000002 -0.000001  0.000013 0.000000 -0.000000
190  2.648918 0.000000 -0.000001  -0.000001 -0.000001 0.000000
191  2.667500 -0.000005 -0.000005  0.000000 0.000000 0.000000
192  2.426702 -0.000002 -0.000002  -0.000000 0.000000 -0.000000
193  -0.494746 -44.353443 -1.302301  1.570797 0.000000 -1.570797
194  11.545938 73.768417 -3.792009  0.000000 -0.000000 -0.000000
195  0.055849 -6.877708 2.864590  -0.000000 -0.000000 -0.000000
196  0.000002 0.000001 -1.529050  -0.000000 -0.000000 -0.000000
197  -0.078940 -0.000000 -0.000002  0.000000 -0.000000 1.570730
198  0.097093 0.000000 -0.000002  0.000001 -3.141592 1.570796
199  0.000000 0.000000 -0.000000  0.000000 -0.000000 -0.000000
200  -15.920870 -17.184067 -30.719776  0.048317 -1.115320 -1.582607
201  27.812140 6.231297 -56.693382  -2.140111 1.206066 -0.646063
time 23
0  0 0 0  0 0 0
1  0.000000 0.000000 0.000000  0.000000 -0.000000 -0.000000
2  -0.000000 -0.000000 -55.423229  0.000000 -0.000000 -1.570730
3  -0.012872 0.000000 8.235027  -0.784749 -1.570710 -0.785986
4  16.163124 -0.010663 0.007211  -0.594297 0.000409 -0.000125
5  16.163132 -0.000000 3.830524  -0.473247 -0.788089 -2.794134
6  14.868234 0.000001 0.000002  0.376009 0.245977 1.037611
7  26.391953 -0.000003 0.000004  -0.000000 0.000000 -1.680483
8  0.000002 0.000004 0.000002  -0.030886 -0.000000 -0.000000
9  3.093515 0.000005 -0.000001  -0.061840 -0.000000 -0.000000
10  6.187019 0.000002 0.000004  -0.092748 -0.000000 -0.000000
11  9.280531 -0.000001 0.000003  -0.123679 0.000000 -0.000000
12  12.374045 0.000002 0.000003  -0.154577 -0.000000 -0.000000
13  15.467559 0.000001 0.000004  -0.185513 -0.000000 -0.000000
14  18.561056 -0.000003 0.000003  -0.216432 -0.000000 -0.000000
15  21.654575 -0.000002 0.000004  -1.806288 0.039585 0.310330
16  1.410076 0.800537 -2.089136  1.988574 0.263209 0.745934
17  3.954709 -0.000001 0.000003  0.039690 -0.058436 -0.066034
18  3.101564 -0.000000 0.000003  0.024188 0.084682 -0.126815
19  6.164474 -0.898152 2.575013  0.209464 -0.266554 0.303659
20  2.805845 0.000002 -0.000001  0.000000 -0.000000 0.510421
21  2.307446 0.000000 0.000002  0.000000 0.000000 0.349814
22  7.145100 -0.676341 -1.382427  0.095060 -0.052505 0.216468
23  3.672215 -0.000002 -0.000003  0.000000 0.000000 0.160272
24  2.676511 -0.000002 0.000001  0.000000 0.000000 0.199433
25  6.831185 -0.870861 0.599915  0.115813 -0.186021 0.423084
26  3.657082 -0.000001 -0.000004  0.000000 0.000000 0.207532
27  2.496793 -0.000003 -0.000000  -0.000000 -0.000000 0.343680
28  7.183362 -0.532082 -3.267609  0.072386 0.112314 -0.105423
29  3.511590 0.000003 -0.000003  0.000000 -0.000000 0.216923
30  2.199401 -0.000001 -0.000001  0.000000 -0.000000 0.386881
31  16.163136 0.000000 -3.830527  0.392201 0.962592 -2.815137
32  14.868241 -0.000001 0.000001  -0.128518 -0.732100 -1.022299
33  26.391954 0.000002 0.000004  0.000000 0.000000 -1.824116
34  0.000004 -0.000008 0.000002  0.034976 0.000000 -0.000000
35  3.093512 -0.000010 0.000000  0.070024 0.000000 0.000000
36  6.187024 -0.000008 0.000002  0.105032 0.000000 0.000000
37  9.280535 -0.000009 -0.000002  0.140011 -0.000000 0.000000
38  12.374039 -0.000007 -0.000000  0.175033 -0.000000 -0.000000
39  15.467553 -0.000010 -0.000002  0.210048 -0.000000 -0.000000
40  18.561068 -0.000010 -0.000001  0.245066 0.000000 0.000000
41  21.654568 -0.000010 0.000001  1.853595 0.448592 -0.318045
42  1.410074 0.800528 2.089143  -1.966491 -0.287076 0.559263
43  3.954710 -0.000001 0.000000  0.000000 0.000000 0.375132
44  3.101565 -0.000004 0.000002  0.000000 0.000000 0.790793
45  7.183351 -0.532092 3.267613  0.190987 -0.069911 -0.142948
46  3.511592 -0.000001 0.000000  0.000000 0.000000 0.209311
47  2.199413 -0.000001 -0.000002  -0.000000 -0.000000 -0.178526
48  7.145096 -0.676347 1.382427  0.255424 0.283825 0.886075
49  3.672209 0.000001 -0.000001  -0.000000 0.000000 1.435616
50  2.676518 0.000001 0.000000  -0.000000 0.000000 1.062915
51  6.831172 -0.870867 -0.599913  0.339890 0.115856 1.057859
52  3.657081 -0.000003 -0.000002  -0.000000 -0.000000 1.252192
53  2.496794 0.000001 -0.000002  0.000000 0.000000 0.840195
54  6.164462 -0.898151 -2.575012  0.409526 -0.061317 1.152482
55  2.805847 0.000001 0.000002  -0.000000 -0.000000 0.666009
56  2.307446 -0.000002 0.000001  0.000000 -0.000000 0.844543
57  0.000000 0.000000 -0.000000  0.001348 0.001277 0.007386
58  -16.667080 -25.123962 -5.693145  -1.112848 -0.160270 0.067836
59  0.000001 -19.069477 4.681031  -0.000000 -0.000000 -0.000000
60  1.986523 0.000017 -3.123733  -2.705260 -0.000000 -1.570797
61  -1.986694 0.000016 -3.123746  0.436333 0.000001 1.570797
62  -0.000000 0.000000 0.000001  -0.000000 -0.000000 -0.000000
63  -1.530660 0.861428 -3.109955  0.392682 0.000010 1.570745
64  -11.344168 1.135888 0.869264  0.000328 -0.024963 -0.026314
65  1.907531 0.861421 -2.954429  -0.392858 -0.000004 1.570778
66  -11.350050 -0.729400 0.864870  0.000154 -0.025335 0.026430
67  1.754235 4.036761 -1.682667  0.392549 -0.010099 -1.546344
68  -1.755140 4.036761 -1.682665  -0.392547 -0.010382 -1.594901
69  -0.164555 5.734791 5.880449  -0.000000 0.000000 -1.570730
70  1.203550 5.503727 4.339431  -0.000000 -0.000000 -0.000000
71  -1.260174 5.668900 5.788552  0.070161 -0.418898 2.970131
72  1.185469 17.272333 1.821942  -0.000000 -0.000000 -0.000000
73  0.060219 10.324389 74.469055  0.000008 -0.000000 -0.000000
74  0.052674 -3.972621 3.515852  1.570735 -0.000061 -1.570735
75  4.804183 -3.856467 -0.006876  -0.000000 0.000000 0.000000
76  -6.013986 -4.624460 -0.000000  0.000000 0.000000 0.000000
77  -65.574097 -37.156052 0.002937  -0.786754 1.570710 0.783616
78  1.602682 -3.785216 0.003047  -0.786404 1.570710 0.783980
79  11.681369 -1.114744 -1.027845  -0.785230 1.570710 0.785368
80  19.766771 -3.800923 0.000000  -0.000000 0.000000 0.000000
81  3.258441 5.856955 -3.403524  -0.000000 -0.000000 -0.000000
82  15.153048 5.860581 -3.403522  -0.000000 -0.000000 -0.000000
83  6.064258 77.294952 36.365791  1.570796 -0.000000 1.570796
84  -2.662411 1.445755 40.667961  0.000000 3.141591 1.570796
85  8.352064 2.772900 0.000541  -3.141589 0.000002 0.000000
86  6.064258 72.973686 32.593250  1.570796 -0.000000 1.570796
87  -0.113678 5.957338 -0.188892  -0.000000 -0.000000 -0.000000
88  0.097223 0.210961 3.469585  -0.000000 -0.000000 -0.000000
89  0.000002 1.310211 0.000003  0.000000 -0.000000 0.000000
90  0.000001 0.582259 0.000001  0.000000 -0.000000 0.000000
91  0.036296 1.284881 7.928798  -0.000000 -0.000001 0.000000
92  0.000000 1.310211 0.000000  0.000000 0.000000 0.000000
93  -0.000000 0.582260 0.000000  0.000000 0.000000 0.000000
94  5.969322 3.427460 -6.170651  -0.000000 -0.000001 -1.570797
95  -1.310212 0.000002 0.000000  0.000000 -0.000000 -0.000000
96  -0.582260 0.000001 0.000001  0.000000 0.000000 -0.000000
97  5.969321 9.397397 -6.170659  -0.000000 -0.000001 -1.570796
98  -1.310211 -0.000000 -0.000004  0.000000 0.000000 -0.000000
99  -0.582260 -0.000002 -0.000002  0.000000 0.000000 -0.000000
100  5.969321 15.223769 -6.170670  0.000000 -0.000001 -1.570796
101  -1.310210 0.000001 -0.000001  -0.000000 0.000000 -0.000000
102  -0.582259 0.000001 -0.000001  -0.000000 0.000000 -0.000000
103  5.969322 20.835569 -6.170671  0.000000 -0.000001 -1.570796
104  -1.310210 -0.000001 -0.000000  -0.000000 0.000000 -0.000000
105  -0.582258 -0.000001 0.000003  -0.000000 0.000000 -0.000000
106  5.969323 26.771208 -6.170672  0.000000 -0.000001 -1.570796
107  5.969321 32.597595 -6.170675  0.000000 -0.000001 -1.570796
108  5.969322 38.209396 -6.170685  0.000000 -0.000001 -1.570800
109  5.969321 49.488464 -6.170684  0.000000 -0.000001 -1.570800
110  -0.539093 -0.556807 -0.017362  -0.042462 2.681156 1.551919
111  -6.799125 -0.556806 0.818548  -0.272420 2.701993 1.452460
112  -4.615284 -0.556821 0.270326  -0.117230 2.684609 1.518878
113  -2.650971 -0.556807 0.063010  -0.042463 2.681158 1.551919
114  27.110334 1.284856 12.007547  -0.000000 -0.000000 -0.000000
115  28.133423 1.284856 12.007546  0.000001 -0.000000 -0.000000
116  12.812885 2.241786 12.007548  0.000000 -0.000001 -0.000001
117  -9.955969 -0.319623 4.380214  -0.000001 -0.000000 -0.000001
118  -11.316477 -0.319622 4.380216  -0.000003 -0.000000 -0.000000
119  -12.667811 -0.319622 4.380214  -0.000003 -0.000000 0.000001
120  -14.022142 -0.319621 4.380213  0.000010 -0.000000 -0.000011
121  -15.373241 -0.319621 4.380211  0.000015 -0.000000 -0.000015
122  -16.724144 -0.319621 4.380216  -0.000009 -0.000000 0.000006
123  -18.074572 -0.319620 4.380215  -0.000006 -0.000000 0.000004
124  -19.423717 -0.319620 4.380215  0.000002 0.000000 -0.000004
125  -20.775276 -0.319620 4.380213  0.000003 0.000000 -0.000004
126  -22.126671 -0.319619 4.380213  0.000003 -0.000000 -0.000004
127  -23.478127 -0.319618 4.380216  0.000005 0.000000 -0.000006
128  -24.830618 -0.319619 4.380215  0.000036 0.000000 -0.000038
129  -26.182030 -0.319618 4.380214  -0.000011 0.000000 0.000011
130  0.529178 -0.167128 0.629485  -0.101270 -0.000000 0.000000
131  -0.211445 -0.241684 0.155360  -0.145847 -0.000000 0.000000
132  0.529188 -0.280700 -0.110294  -0.145847 -0.000000 0.000000
133  -0.173928 -0.337326 -0.638496  -0.181751 -0.000000 0.000000
134  0.529188 -0.399246 -0.975394  -0.181751 -0.000000 0.000000
135  -0.211446 -0.464478 -1.431044  -0.192399 -0.000000 0.000000
136  0.529188 -0.515807 -1.694584  -0.192399 -0.000000 0.000000
137  -0.173930 -0.612152 -2.231913  -0.216703 -0.000000 0.000000
138  0.529186 -0.685806 -2.566441  -0.216703 -0.000000 0.000000
139  -0.211446 -0.769561 -3.027871  -0.237349 -0.000000 0.000000
140  0.529186 -0.832686 -3.288849  -0.237349 -0.000000 0.000000
141  -0.173938 -0.945281 -3.779565  -0.233859 0.000000 0.000000
142  0.529177 -1.024657 -4.112779  -0.233859 0.000000 0.000000
143  -0.211445 -1.132185 -4.577549  -0.262919 -0.000000 0.000000
144  0.529189 -1.201964 -4.836823  -0.262919 0.000000 0.000000
145  -0.000005 -2.810941 -10.636630  0.258454 0.000000 3.141592
146  -0.192456 -1.345778 -5.370047  -0.280373 0.000000 0.000000
147  0.533982 -1.413512 -5.605105  -0.276883 0.000000 0.000000
148  -0.206620 -1.795759 -6.909781  -0.287354 0.000000 0.000000
149  -0.205806 -1.564818 -6.138256  -0.290843 0.000000 0.000000
150  0.530459 -1.643675 -6.395216  -0.290844 0.000000 0.000000
151  0.535310 -1.790709 -7.204132  -0.287354 -0.000000 0.000000
152  -0.202705 -2.030486 -7.702831  -0.286180 -0.000000 0.000000
153  0.509546 -2.118895 -8.011625  -0.298398 -0.000000 0.000000
154  -0.202705 -2.255278 -8.465171  -0.283134 -0.000000 0.000000
155  0.509546 -2.352980 -8.771160  -0.295352 -0.000000 0.000000
156  -0.202706 -2.481596 -9.235472  -0.285437 -0.000000 0.000000
157  0.509545 -2.588681 -9.538639  -0.297654 -0.000000 0.000000
158  0.170120 -21.222090 -1.001139  -0.000001 -0.000001 0.000000
159  0.170121 -20.843864 -0.397185  -0.000001 -0.000001 0.000000
160  0.170121 -20.489748 -1.001144  -0.000001 -0.000001 0.000000
161  0.170121 -20.111069 -0.397183  -0.000001 -0.000001 0.000000
162  0.170122 -19.380089 -0.397189  -0.000001 -0.000001 0.000000
163  0.170121 -19.025108 -1.001148  -0.000001 -0.000001 0.000000
164  0.170120 -18.646660 -0.396447  -0.000001 -0.000001 0.000000
165  0.170122 -19.755760 -1.001142  -0.000001 -0.000001 0.000000
166  -0.015974 10.035401 1.098091  -0.000000 -0.000000 -0.000000
167  -0.104321 -52.163582 4.437346  1.570735 -0.000061 -1.570735
168  0.064652 27.351290 72.195206  -0.000000 -0.000000 -0.000001
169  6.064262 95.114014 31.645504  -0.000000 -0.000001 1.570796
170  -0.103717 -26.907864 3.305356  -0.000000 0.000000 -1.570730
171  6.064260 69.096558 37.164322  1.570796 -0.000000 1.570796
172  1.974303 11.989234 4.589252  0.000000 -0.000000 -0.000000
173  1.941735 0.883637 4.309756  0.000000 0.000000 -1.483525
174  -0.115676 1.104776 6.744194  -0.000000 -0.000000 -0.000000
175  6.064261 89.329811 31.613918  -0.000000 -0.000001 1.570796
176  0.059885 2.255335 54.398014  -0.000000 -0.000000 -0.000000
177  0.003498 -22.270645 0.000149  1.570797 0.000000 -1.570797
178  0.104012 14.792242 1.530321  -0.000000 -0.000000 -0.000000
179  37.768646 58.486649 -4.613259  0.086034 0.935005 1.492996
180  -2.951664 25.811071 -3.742306  -0.096365 0.008023 -1.450340
181  -2.662409 1.445758 33.628742  0.000000 3.141591 1.570796
182  8.352065 2.772900 0.000541  -3.141589 0.000002 0.000000
183  -2.662411 1.445755 40.667961  0.000000 3.141591 1.570796
184  8.352064 2.772900 0.000541  -3.141589 0.000002 0.000000
185  -1.431356 16.384779 4.137813  0.000001 -0.000000 0.000000
186  -0.001844 0.521683 -0.140288  0.000000 -0.000000 -0.000000
187  7.323110 -5.136191 -5.166236  -0.000000 0.000000 -0.610865
188  2.698277 0.000001 -0.000000  -0.000012 0.000000 0.000000
189  2.834160 -0.000002 0.000003  0.000013 0.000000 -0.000000
190  2.648918 0.000000 0.000000  -0.000001 -0.000001 0.000000
191  2.667499 -0.000001 0.000003  -0.000000 -0.000000 0.000000
192  2.426704 -0.000003 0.000001  -0.000000 -0.000000 -0.000000
193  -0.494743 -44.353447 -1.302295  1.570797 -0.000000 -1.570797
194  11.545940 73.768425 -3.792010  0.000000 -0.000000 -0.000000
195  0.055850 -6.877709 2.864594  -0.000000 -0.000000 -0.000000
196  -0.000001 0.000000 -1.529048  -0.000000 -0.000000 -0.000000
197  -0.078944 -0.000001 -0.000000  0.000000 -0.000000 1.570730
198  0.097089 -0.000001 -0.000001  0.000001 -3.141592 1.570796
199  0.000000 0.000000 -0.000000  0.000000 -0.000000 -0.000000
200  -16.169481 -17.018040 -30.652559  0.020396 -1.107772 -1.554294
201  27.739120 -0.339687 -53.466248  0.562714 2.090501 2.024707
time 24
0  0 0 0  0 0 0
1  0.000000 0.000000 0.000000  0.000000 -0.000000 -0.000000
2  -0.000000 -0.000000 -55.423229  0.000000 -0.000000 -1.570730
3  -0.012872 0.000000 8.235027  -0.784749 -1.570710 -0.785986
4  16.163124 -0.010663 0.007211  -0.594297 0.000409 -0.000125
5  16.163132 -0.000000 3.830524  -0.517517 -0.779543 -2.761737
6  14.868233 0.000000 0.000000  0.240742 0.243079 0.845396
7  26.391954 -0.000008 0.000001  -0.000000 0.000000 -1.885781
8  0.000002 0.000009 -0.000004  -0.040715 -0.000000 -0.000000
9  3.093513 0.000005 0.000000  -0.081446 -0.000000 -0.000000
10  6.187018 0.000001 0.000001  -0.122211 -0.000000 -0.000000
11  9.280533 0.000003 0.000002  -0.162966 0.000000 -0.000000
12  12.374045 0.000002 -0.000000  -0.203666 -0.000000 -0.000000
13  15.467558 0.000001 0.000000  -0.244451 -0.000000 -0.000000
14  18.561058 -0.000002 0.000000  -0.285215 -0.000000 -0.000000
15  21.654575 -0.000003 0.000003  -1.881749 0.087165 0.299703
16  1.410074 0.800534 -2.089138  1.974761 0.154707 0.691853
17  3.954713 -0.000002 0.000002  0.032417 -0.062567 0.061353
18  3.101561 -0.000001 0.000002  0.034839 0.076806 0.000544
19  6.164476 -0.898152 2.575009  0.168703 -0.289821 0.423182
20  2.805843 -0.000002 -0.000001  0.000000 -0.000000 0.627769
21  2.307439 0.000002 0.000003  0.000000 -0.000000 0.467078
22  7.145099 -0.676343 -1.382427  0.088833 -0.067543 0.325591
23  3.672216 -0.000002 0.000000  0.000000 0.000000 0.285277
24  2.676514 0.000004 -0.000001  -0.000000 -0.000000 0.320471
25  6.831187 -0.870863 0.599918  0.090882 -0.199934 0.535119
26  3.657086 -0.000000 0.000001  0.000000 0.000001 0.330368
27  2.496793 -0.000001 0.000002  -0.000000 -0.000000 0.463440
28  7.183363 -0.532083 -3.267608  0.085480 0.096640 0.006827
29  3.511592 0.000001 0.000004  -0.000000 0.000000 0.340025
30  2.199407 -0.000002 0.000006  0.000000 -0.000000 0.506196
31  16.163136 0.000000 -3.830527  0.392201 0.962592 -2.815137
32  14.868241 -0.000001 0.000001  -0.122797 -0.724593 -1.019890
33  26.391954 0.000001 0.000005  0.000000 0.000000 -1.830911
34  -0.000004 -0.000001 0.000000  0.036319 0.000000 -0.000000
35  3.093510 -0.000004 -0.000003  0.072650 0.000000 0.000000
36  6.187020 -0.000002 0.000000  0.109005 0.000000 0.000000
37  9.280529 0.000000 0.000002  0.145335 -0.000000 -0.000000
38  12.374036 -0.000002 0.000000  0.181713 -0.000000 -0.000000
39  15.467544 -0.000001 0.000000  0.218029 -0.000000 0.000000
40  18.561062 -0.000001 0.000001  0.254416 -0.000000 0.000000
41  21.654562 -0.000002 0.000004  1.863958 0.431897 -0.303656
42  1.410071 0.800529 2.089144  -1.966491 -0.287076 0.559263
43  3.954710 -0.000001 -0.000001  0.000000 -0.000000 0.375132
44  3.101566 -0.000004 -0.000001  -0.000000 -0.000000 0.790793
45  7.183346 -0.532094 3.267612  0.190987 -0.069911 -0.142948
46  3.511591 -0.000000 -0.000002  0.000000 -0.000000 0.209311
47  2.199412 -0.000001 -0.000000  0.000000 0.000000 -0.178526
48  7.145094 -0.676348 1.382429  0.255424 0.283825 0.886075
49  3.672210 0.000000 -0.000001  -0.000000 -0.000000 1.435616
50  2.676520 -0.000001 -0.000003  -0.000000 -0.000000 1.062915
51  6.831167 -0.870867 -0.599911  0.339890 0.115856 1.057859
52  3.657081 0.000000 -0.000002  -0.000000 -0.000000 1.252192
53  2.496793 0.000000 -0.000000  0.000000 0.000000 0.840195
54  6.164459 -0.898152 -2.575015  0.409526 -0.061317 1.152482
55  2.805851 0.000001 0.000001  0.000000 -0.000000 0.666009
56  2.307451 0.000001 0.000000  0.000000 -0.000000 0.844543
57  0.000000 0.000000 -0.000000  0.002573 0.002125 0.009158
58  -16.574495 -25.209824 -5.579451  -1.103437 -0.148159 0.069250
59  -0.000001 -19.069475 4.681031  0.000000 -0.000000 0.000000
60  1.986526 0.000015 -3.123738  -2.705260 -0.000000 -1.570797
61  -1.986695 0.000015 -3.123747  0.436333 0.000001 1.570797
62  -0.000001 -0.000002 -0.000001  0.000000 -0.000000 0.000000
63  -1.530662 0.861424 -3.109960  0.392682 0.000010 1.570745
64  -11.344168 1.135885 0.869264  0.000328 -0.024963 -0.026314
65  1.907531 0.861421 -2.954427  -0.392858 -0.000004 1.570778
66  -11.350049 -0.729405 0.864868  0.000154 -0.025335 0.026430
67  1.754236 4.036760 -1.682667  0.392549 -0.010099 -1.546344
68  -1.755140 4.036760 -1.682666  -0.392547 -0.010382 -1.594901
69  -0.164554 5.734789 5.880447  -0.000000 -0.000000 -1.570730
70  1.203549 5.503727 4.339433  0.000000 -0.000000 0.000000
71  -1.260175 5.668900 5.788552  0.070161 -0.418898 2.970131
72  1.185468 17.272329 1.821943  0.000000 -0.000000 0.000000
73  0.060219 10.324383 74.469048  0.000008 -0.000000 0.000000
74  0.052673 -3.972615 3.515845  1.570735 -0.000061 -1.570735
75  4.804183 -3.856470 -0.006876  -0.000000 0.000000 -0.000000
76  -6.013987 -4.624462 0.000001  0.000000 0.000000 -0.000000
77  -65.574089 -37.156052 0.002941  -0.787044 1.570710 0.783752
78  1.602684 -3.785219 0.003049  -0.786434 1.570710 0.784301
79  11.681370 -1.114745 -1.027844  -0.785215 1.570710 0.785490
80  19.766773 -3.800924 0.000001  -0.000000 0.000000 -0.000000
81  3.258441 5.856954 -3.403522  -0.000000 -0.000000 -0.000001
82  15.153049 5.860579 -3.403519  0.000000 -0.000000 -0.000000
83  6.064256 77.294952 36.365791  1.570796 -0.000000 1.570796
84  -2.662411 1.445754 40.667957  -0.000000 3.141591 1.570796
85  8.352066 2.772897 0.000542  -3.141589 0.000002 0.000000
86  6.064259 72.973694 32.593254  1.570796 -0.000000 1.570796
87  -0.113678 5.957341 -0.188898  0.000000 -0.000000 0.000000
88  0.097223 0.210962 3.469589  0.000000 -0.000000 0.000000
89  0.000001 1.310210 0.000003  0.000000 0.000000 0.000000
90  0.000000 0.582259 0.000003  0.000000 0.000000 0.000000
91  0.036296 1.284881 7.928801  0.000000 -0.000001 0.000000
92  -0.000000 1.310211 -0.000000  0.000000 0.000000 0.000000
93  -0.000001 0.582260 0.000000  0.000000 0.000000 0.000000
94  5.969323 3.427459 -6.170646  -0.000000 -0.000001 -1.570797
95  -1.310212 0.000000 -0.000002  0.000000 -0.000000 -0.000000
96  -0.582260 -0.000001 -0.000000  0.000000 -0.000000 -0.000000
97  5.969323 9.397400 -6.170655  -0.000000 -0.000001 -1.570796
98  -1.310209 -0.000000 0.000000  0.000000 0.000000 -0.000000
99  -0.582258 -0.000001 -0.000001  0.000000 0.000000 -0.000000
100  5.969321 15.223770 -6.170666  0.000000 -0.000001 -1.570796
101  -1.310212 0.000001 -0.000001  -0.000000 0.000000 -0.000000
102  -0.582259 0.000000 -0.000001  -0.000000 0.000000 -0.000000
103  5.969323 20.835569 -6.170670  0.000000 -0.000001 -1.570796
104  -1.310212 0.000001 0.000001  -0.000000 0.000000 -0.000000
105  -0.582259 -0.000001 0.000004  -0.000000 0.000000 -0.000000
106  5.969324 26.771208 -6.170667  0.000000 -0.000001 -1.570796
107  5.969322 32.597595 -6.170671  0.000000 -0.000001 -1.570796
108  5.969323 38.209393 -6.170681  -0.000000 -0.000001 -1.570800
109  5.969322 49.488461 -6.170676  -0.000000 -0.000001 -1.570800
110  -0.539091 -0.556808 -0.017360  -0.042462 2.681156 1.551919
111  -6.799125 -0.556807 0.818552  -0.272420 2.701993 1.452460
112  -4.615284 -0.556822 0.270329  -0.117230 2.684609 1.518878
113  -2.650969 -0.556807 0.063013  -0.042463 2.681158 1.551919
114  27.110334 1.284856 12.007551  0.000000 -0.000000 0.000000
115  28.133423 1.284856 12.007549  0.000001 -0.000000 0.000000
116  12.812885 2.241785 12.007551  0.000000 -0.000001 -0.000001
117  -9.955967 -0.319623 4.380218  -0.000001 -0.000000 -0.000001
118  -11.316472 -0.319622 4.380216  -0.000003 -0.000000 -0.000000
119  -12.667812 -0.319623 4.380217  -0.000003 -0.000000 0.000001
120  -14.022140 -0.319622 4.380215  0.000010 -0.000000 -0.000011
121  -15.373241 -0.319622 4.380216  0.000015 -0.000000 -0.000015
122  -16.724140 -0.319622 4.380217  -0.000009 -0.000000 0.000006
123  -18.074570 -0.319621 4.380217  -0.000006 -0.000000 0.000004
124  -19.423716 -0.319621 4.380216  0.000002 0.000000 -0.000004
125  -20.775274 -0.319619 4.380216  0.000003 0.000000 -0.000004
126  -22.126671 -0.319619 4.380216  0.000003 0.000000 -0.000004
127  -23.478125 -0.319619 4.380216  0.000005 -0.000000 -0.000006
128  -24.830620 -0.319618 4.380218  0.000036 0.000000 -0.000038
129  -26.182030 -0.319618 4.380216  -0.000011 0.000000 0.000011
130  0.529179 -0.167130 0.629485  -0.101270 -0.000000 0.000000
131  -0.211445 -0.241683 0.155364  -0.145847 -0.000000 0.000000
132  0.529190 -0.280700 -0.110289  -0.145847 -0.000000 0.000000
133  -0.173929 -0.337326 -0.638492  -0.181751 -0.000000 0.000000
134  0.529188 -0.399245 -0.975391  -0.181751 -0.000000 0.000000
135  -0.211444 -0.464477 -1.431041  -0.192399 -0.000000 0.000000
136  0.529189 -0.515807 -1.694580  -0.192399 -0.000000 0.000000
137  -0.173928 -0.612151 -2.231910  -0.216703 -0.000000 0.000000
138  0.529187 -0.685807 -2.566437  -0.216703 -0.000000 0.000000
139  -0.211445 -0.769561 -3.027868  -0.237349 -0.000000 0.000000
140  0.529188 -0.832686 -3.288845  -0.237349 -0.000000 0.000000
141  -0.173938 -0.945281 -3.779562  -0.233859 0.000000 0.000000
142  0.529179 -1.024658 -4.112778  -0.233859 0.000000 0.000000
143  -0.211443 -1.132186 -4.577544  -0.262919 -0.000000 0.000000
144  0.529189 -1.201964 -4.836823  -0.262919 0.000000 0.000000
145  -0.000005 -2.810942 -10.636626  0.258454 0.000000 3.141592
146  -0.192456 -1.345777 -5.370042  -0.280373 0.000000 0.000000
147  0.533983 -1.413513 -5.605103  -0.276883 0.000000 0.000000
148  -0.206618 -1.795758 -6.909777  -0.287354 0.000000 0.000000
149  -0.205805 -1.564817 -6.138253  -0.290843 0.000000 0.000000
150  0.530460 -1.643676 -6.395213  -0.290844 0.000000 0.000000
151  0.535311 -1.790709 -7.204130  -0.287354 -0.000000 0.000000
152  -0.202704 -2.030485 -7.702829  -0.286180 -0.000000 0.000000
153  0.509547 -2.118895 -8.011621  -0.298398 -0.000000 0.000000
154  -0.202704 -2.255279 -8.465168  -0.283134 -0.000000 0.000000
155  0.509547 -2.352980 -8.771157  -0.295352 -0.000000 0.000000
156  -0.202705 -2.481596 -9.235467  -0.285437 -0.000000 0.000000
157  0.509546 -2.588681 -9.538633  -0.297654 -0.000000 0.000000
158  0.170123 -21.222090 -1.001139  -0.000001 -0.000001 0.000000
159  0.170122 -20.843863 -0.397183  -0.000001 -0.000001 0.000000
160  0.170121 -20.489742 -1.001136  -0.000001 -0.000001 0.000000
161  0.170125 -20.111069 -0.397178  -0.000001 -0.000001 0.000000
162  0.170122 -19.380089 -0.397185  -0.000001 -0.000001 0.000000
163  0.170121 -19.025106 -1.001144  -0.000001 -0.000001 0.000000
164  0.170120 -18.646658 -0.396445  -0.000001 -0.000001 0.000000
165  0.170124 -19.755760 -1.001141  -0.000001 -0.000001 0.000000
166  -0.015973 10.035401 1.098094  0.000000 -0.000000 0.000000
167  -0.104325 -52.163578 4.437340  1.570735 -0.000061 -1.570735
168  0.064654 27.351288 72.195206  0.000000 -0.000000 -0.000001
169  6.064261 95.114014 31.645506  0.000000 -0.000001 1.570796
170  -0.103719 -26.907864 3.305357  -0.000000 -0.000000 -1.570730
171  6.064257 69.096550 37.164314  1.570796 -0.000000 1.570796
172  1.974303 11.989232 4.589252  0.000000 -0.000000 0.000000
173  1.941736 0.883632 4.309758  -0.000000 0.000000 -1.483525
174  -0.115676 1.104777 6.744195  0.000000 -0.000000 0.000000
175  6.064260 89.329803 31.613918  0.000000 -0.000001 1.570796
176  0.059886 2.255334 54.398006  0.000000 -0.000000 0.000000
177  0.003497 -22.270645 0.000145  1.570797 0.000000 -1.570797
178  0.104009 14.792241 1.530320  0.000000 -0.000000 0.000000
179  38.257572 51.216568 -9.846791  0.280025 1.313397 1.718991
180  -2.951665 25.811068 -3.742307  -0.096365 0.008023 -1.450340
181  -2.662412 1.445757 33.628742  -0.000000 3.141591 1.570796
182  8.352066 2.772898 0.000541  -3.141589 0.000002 0.000000
183  -2.662411 1.445754 40.667957  -0.000000 3.141591 1.570796
184  8.352066 2.772897 0.000542  -3.141589 0.000002 0.000000
185  -1.431354 16.384779 4.137815  0.000001 -0.000000 0.000000
186  -0.001843 0.521682 -0.140290  0.000000 -0.000000 0.000000
187  7.323108 -5.136191 -5.166236  0.000000 0.000000 -0.610865
188  2.698278 0.000001 -0.000002  -0.000012 0.000000 0.000000
189  2.834158 -0.000001 0.000003  0.000013 0.000000 0.000000
190  2.648917 -0.000001 0.000002  -0.000001 -0.000001 0.000000
191  2.667500 -0.000003 -0.000001  0.000000 0.000000 0.000000
192  2.426702 -0.000004 -0.000000  0.000000 0.000000 -0.000000
193  -0.494744 -44.353447 -1.302297  1.570797 0.000000 -1.570797
194  11.545938 73.768417 -3.792010  0.000000 -0.000000 0.000000
195  0.055851 -6.877707 2.864593  0.000000 -0.000000 0.000000
196  -0.000000 0.000003 -1.529050  0.000000 -0.000000 0.000000
197  -0.078943 0.000001 0.000000  0.000000 -0.000000 1.570730
198  0.097093 0.000002 -0.000000  0.000001 -3.141592 1.570796
199  0.000000 0.000000 -0.000000  0.000000 -0.000000 -0.000000
200  -16.416967 -16.893124 -30.473890  -0.007313 -1.098926 -1.526705
201  27.574589 -7.833324 -49.541382  0.300717 2.422504 1.720203
time 25
0  0 0 0  0 0 0
1  0.000000 0.000000 0.000000  0.000000 -0.000000 -0.000000
2  -0.000000 -0.000000 -55.423229  0.000000 -0.000000 -1.570730
3  -0.012872 0.000000 8.235027  -0.784749 -1.570710 -0.785986
4  16.163124 -0.010663 0.007211  -0.594297 0.000409 -0.000125
5  16.163132 -0.000000 3.830524  -0.560967 -0.769962 -2.730095
6  14.868233 0.000001 -0.000000  0.081049 0.225585 0.537623
7  26.391951 -0.000004 -0.000003  -0.000000 0.000000 -1.972893
8  -0.000001 -0.000001 0.000001  -0.056650 -0.000000 -0.000000
9  3.093512 0.000002 0.000000  -0.113284 -0.000000 -0.000000
10  6.187018 0.000002 0.000003  -0.170010 -0.000000 -0.000000
11  9.280532 0.000004 0.000000  -0.226627 0.000000 -0.000000
12  12.374042 0.000003 0.000003  -0.283304 -0.000000 -0.000000
13  15.467557 -0.000001 0.000002  -0.339963 -0.000000 -0.000000
14  18.561056 0.000002 -0.000000  -0.396650 -0.000000 -0.000000
15  21.654572 0.000000 -0.000001  -2.010887 0.040270 0.244316
16  1.410075 0.800534 -2.089136  1.967306 0.063985 0.647557
17  3.954713 -0.000003 0.000006  0.026039 -0.065252 0.168897
18  3.101561 -0.000003 0.000004  0.043090 0.068488 0.107879
19  6.164477 -0.898154 2.575011  0.131253 -0.305657 0.523739
20  2.805843 0.000000 -0.000001  -0.000000 -0.000000 0.725222
21  2.307444 0.000006 -0.000010  0.000000 0.000000 0.564553
22  7.145099 -0.676342 -1.382430  0.082572 -0.080269 0.415039
23  3.672215 -0.000002 0.000002  0.000000 0.000000 0.390489
24  2.676516 -0.000002 0.000003  0.000000 -0.000000 0.421647
25  6.831185 -0.870867 0.599913  0.068660 -0.209776 0.627481
26  3.657084 0.000007 0.000001  0.000000 0.000000 0.433327
27  2.496796 0.000004 -0.000003  -0.000000 -0.000000 0.563282
28  7.183362 -0.532084 -3.267610  0.095141 0.081516 0.098956
29  3.511589 -0.000000 0.000006  -0.000000 -0.000000 0.443207
30  2.199400 -0.000002 0.000001  -0.000000 -0.000000 0.605669
31  16.163136 0.000000 -3.830527  0.392201 0.962592 -2.815137
32  14.868241 -0.000001 0.000001  -0.113532 -0.716745 -1.021529
33  26.391953 0.000002 0.000005  0.000000 0.000000 -1.836731
34  -0.000000 -0.000000 -0.000003  0.037662 0.000000 -0.000000
35  3.093509 -0.000002 0.000001  0.075276 0.000000 0.000000
36  6.187021 -0.000003 -0.000001  0.112979 0.000000 0.000000
37  9.280531 -0.000002 0.000001  0.150660 -0.000000 -0.000000
38  12.374037 -0.000003 0.000001  0.188333 -0.000000 -0.000000
39  15.467546 -0.000002 -0.000001  0.225951 0.000000 -0.000000
40  18.561060 0.000001 0.000001  0.263649 0.000000 0.000000
41  21.654564 -0.000003 0.000000  1.874595 0.415271 -0.287610
42  1.410068 0.800530 2.089143  -1.966491 -0.287076 0.559263
43  3.954707 -0.000003 -0.000002  0.000000 -0.000000 0.375132
44  3.101562 -0.000002 -0.000002  -0.000000 0.000000 0.790793
45  7.183345 -0.532091 3.267611  0.190987 -0.069911 -0.142948
46  3.511592 0.000003 0.000002  -0.000000 -0.000000 0.209311
47  2.199412 0.000000 0.000001  0.000000 0.000000 -0.178526
48  7.145092 -0.676346 1.382428  0.255424 0.283825 0.886075
49  3.672210 -0.000001 0.000000  -0.000000 -0.000000 1.435616
50  2.676520 0.000000 -0.000002  -0.000000 0.000000 1.062915
51  6.831167 -0.870865 -0.599913  0.339890 0.115856 1.057859
52  3.657083 -0.000002 -0.000001  -0.000000 -0.000000 1.252193
53  2.496796 0.000000 0.000000  0.000000 0.000000 0.840195
54  6.164457 -0.898151 -2.575011  0.409526 -0.061317 1.152482
55  2.805847 0.000003 -0.000000  0.000000 -0.000000 0.666009
56  2.307450 -0.000002 -0.000002  -0.000000 0.000000 0.844543
57  0.000000 0.000000 -0.000000  0.003983 0.003031 0.010260
58  -16.483696 -25.320053 -5.391855  -1.094545 -0.136107 0.070134
59  -0.000001 -19.069485 4.681026  0.000000 0.000000 0.000000
60  1.986524 0.000016 -3.123738  -2.705260 -0.000000 -1.570797
61  -1.986693 0.000017 -3.123744  0.436333 0.000001 1.570797
62  -0.000001 -0.000001 0.000001  0.000000 0.000000 0.000000
63  -1.530661 0.861427 -3.109954  0.392682 0.000010 1.570745
64  -11.344164 1.135887 0.869265  0.000328 -0.024963 -0.026314
65  1.907531 0.861420 -2.954430  -0.392858 -0.000004 1.570778
66  -11.350047 -0.729403 0.864868  0.000154 -0.025335 0.026430
67  1.754235 4.036761 -1.682666  0.392549 -0.010099 -1.546344
68  -1.755140 4.036761 -1.682666  -0.392547 -0.010382 -1.594901
69  -0.164555 5.734787 5.880445  -0.000000 0.000000 -1.570730
70  1.203549 5.503724 4.339430  0.000000 0.000000 0.000000
71  -1.260175 5.668897 5.788551  0.070161 -0.418898 2.970131
72  1.185469 17.272329 1.821943  0.000000 0.000000 0.000000
73  0.060216 10.324390 74.469048  0.000008 0.000000 0.000000
74  0.052671 -3.972622 3.515845  1.570735 -0.000061 -1.570735
75  4.804182 -3.856468 -0.006878  -0.000000 0.000000 -0.000000
76  -6.013988 -4.624458 -0.000001  0.000000 0.000000 -0.000000
77  -65.574097 -37.156048 0.002937  -0.787074 1.570710 0.783692
78  1.602680 -3.785211 0.003045  -0.786465 1.570710 0.784057
79  11.681367 -1.114742 -1.027845  -0.785185 1.570710 0.785307
80  19.766773 -3.800920 -0.000001  -0.000000 0.000000 -0.000000
81  3.258440 5.856956 -3.403525  -0.000000 -0.000000 -0.000001
82  15.153049 5.860582 -3.403523  -0.000000 -0.000000 -0.000000
83  6.064256 77.294945 36.365795  1.570796 -0.000000 1.570796
84  -2.662412 1.445755 40.667953  -0.000000 3.141591 1.570796
85  8.352066 2.772897 0.000540  -3.141589 0.000002 -0.000000
86  6.064257 72.973686 32.593250  1.570796 -0.000000 1.570796
87  -0.113679 5.957335 -0.188898  0.000000 0.000000 0.000000
88  0.097224 0.210962 3.469584  0.000000 0.000000 0.000000
89  0.000000 1.310210 0.000000  0.000000 0.000000 0.000000
90  -0.000000 0.582260 0.000001  0.000000 0.000000 0.000000
91  0.036295 1.284881 7.928795  0.000000 -0.000001 0.000000
92  0.000001 1.310211 0.000001  0.000000 0.000000 0.000000
93  -0.000000 0.582259 0.000001  0.000000 0.000000 0.000000
94  5.969322 3.427460 -6.170653  -0.000000 -0.000001 -1.570797
95  -1.310211 0.000001 -0.000001  0.000000 0.000000 -0.000000
96  -0.582260 0.000001 -0.000000  0.000000 0.000000 -0.000000
97  5.969321 9.397399 -6.170662  -0.000000 -0.000001 -1.570796
98  -1.310209 -0.000001 0.000001  0.000000 0.000000 -0.000000
99  -0.582259 -0.000000 0.000002  0.000000 0.000000 -0.000000
100  5.969320 15.223770 -6.170672  -0.000000 -0.000001 -1.570796
101  -1.310210 0.000002 0.000002  -0.000000 0.000001 -0.000000
102  -0.582258 0.000001 0.000003  -0.000000 0.000001 -0.000000
103  5.969322 20.835567 -6.170673  -0.000000 -0.000001 -1.570796
104  -1.310207 0.000002 0.000001  -0.000000 0.000001 -0.000000
105  -0.582256 0.000000 0.000003  -0.000000 0.000001 -0.000000
106  5.969322 26.771204 -6.170673  -0.000000 -0.000001 -1.570796
107  5.969322 32.597591 -6.170679  -0.000000 -0.000001 -1.570796
108  5.969322 38.209396 -6.170687  0.000000 -0.000001 -1.570800
109  5.969321 49.488461 -6.170686  0.000000 -0.000001 -1.570800
110  -0.539092 -0.556810 -0.017368  -0.042462 2.681156 1.551919
111  -6.799125 -0.556807 0.818547  -0.272420 2.701993 1.452460
112  -4.615283 -0.556822 0.270323  -0.117230 2.684609 1.518878
113  -2.650970 -0.556808 0.063007  -0.042463 2.681158 1.551919
114  27.110336 1.284856 12.007545  0.000000 -0.000000 0.000000
115  28.133425 1.284856 12.007545  0.000001 -0.000000 0.000000
116  12.812886 2.241785 12.007545  0.000000 -0.000001 -0.000001
117  -9.955968 -0.319624 4.380211  -0.000001 -0.000000 -0.000001
118  -11.316474 -0.319623 4.380211  -0.000003 -0.000000 0.000000
119  -12.667812 -0.319623 4.380210  -0.000003 -0.000000 0.000001
120  -14.022141 -0.319623 4.380210  0.000010 -0.000000 -0.000011
121  -15.373241 -0.319622 4.380210  0.000015 -0.000000 -0.000015
122  -16.724144 -0.319622 4.380212  -0.000009 -0.000000 0.000006
123  -18.074570 -0.319622 4.380211  -0.000006 0.000000 0.000004
124  -19.423714 -0.319620 4.380211  0.000002 0.000000 -0.000004
125  -20.775269 -0.319620 4.380211  0.000003 0.000000 -0.000004
126  -22.126671 -0.319621 4.380210  0.000003 -0.000000 -0.000004
127  -23.478121 -0.319620 4.380210  0.000005 0.000000 -0.000006
128  -24.830620 -0.319620 4.380211  0.000036 0.000000 -0.000038
129  -26.182032 -0.319619 4.380211  -0.000011 0.000000 0.000011
130  0.529179 -0.167130 0.629479  -0.101270 -0.000000 0.000000
131  -0.211445 -0.241684 0.155358  -0.145847 -0.000000 0.000000
132  0.529187 -0.280701 -0.110296  -0.145847 -0.000000 0.000000
133  -0.173928 -0.337326 -0.638498  -0.181751 -0.000000 0.000000
134  0.529188 -0.399247 -0.975397  -0.181751 -0.000000 0.000000
135  -0.211446 -0.464478 -1.431045  -0.192399 -0.000000 0.000000
136  0.529188 -0.515809 -1.694586  -0.192399 -0.000000 0.000000
137  -0.173930 -0.612151 -2.231913  -0.216703 -0.000000 0.000000
138  0.529187 -0.685807 -2.566443  -0.216703 -0.000000 0.000000
139  -0.211447 -0.769562 -3.027874  -0.237349 -0.000000 0.000000
140  0.529187 -0.832687 -3.288849  -0.237349 -0.000000 0.000000
141  -0.173939 -0.945282 -3.779568  -0.233859 0.000000 0.000000
142  0.529177 -1.024659 -4.112783  -0.233859 0.000000 0.000000
143  -0.211446 -1.132187 -4.577551  -0.262919 -0.000000 0.000000
144  0.529188 -1.201966 -4.836828  -0.262919 0.000000 0.000000
145  -0.000006 -2.810942 -10.636631  0.258454 0.000000 3.141592
146  -0.192457 -1.345778 -5.370047  -0.280373 0.000000 0.000000
147  0.533982 -1.413512 -5.605106  -0.276883 0.000000 0.000000
148  -0.206620 -1.795761 -6.909782  -0.287354 0.000000 0.000000
149  -0.205806 -1.564819 -6.138260  -0.290843 0.000000 0.000000
150  0.530458 -1.643675 -6.395216  -0.290844 0.000000 0.000000
151  0.535311 -1.790710 -7.204134  -0.287354 -0.000000 0.000000
152  -0.202705 -2.030487 -7.702833  -0.286180 -0.000000 0.000000
153  0.509546 -2.118896 -8.011627  -0.298398 -0.000000 0.000000
154  -0.202705 -2.255280 -8.465174  -0.283134 -0.000000 0.000000
155  0.509546 -2.352982 -8.771162  -0.295352 -0.000000 0.000000
156  -0.202705 -2.481595 -9.235473  -0.285437 -0.000000 0.000000
157  0.509546 -2.588684 -9.538640  -0.297654 -0.000000 0.000000
158  0.170121 -21.222090 -1.001142  -0.000001 -0.000001 0.000000
159  0.170121 -20.843863 -0.397188  -0.000001 -0.000001 0.000000
160  0.170121 -20.489748 -1.001146  -0.000001 -0.000001 0.000000
161  0.170121 -20.111069 -0.397190  -0.000001 -0.000001 0.000000
162  0.170121 -19.380089 -0.397192  -0.000001 -0.000001 0.000000
163  0.170123 -19.025106 -1.001149  -0.000001 -0.000001 0.000000
164  0.170121 -18.646660 -0.396451  -0.000001 -0.000001 0.000000
165  0.170121 -19.755760 -1.001146  -0.000001 -0.000001 0.000000
166  -0.015974 10.035398 1.098090  0.000000 0.000000 0.000000
167  -0.104321 -52.163582 4.437343  1.570735 -0.000061 -1.570735
168  0.064650 27.351290 72.195206  0.000000 -0.000000 -0.000001
169  6.064261 95.114006 31.645500  0.000000 -0.000001 1.570796
170  -0.103713 -26.907879 3.305354  -0.000000 0.000000 -1.570730
171  6.064256 69.096550 37.164322  1.570796 -0.000000 1.570796
172  1.974303 11.989231 4.589250  0.000001 0.000000 0.000000
173  1.941735 0.883635 4.309753  0.000000 0.000000 -1.483525
174  -0.115680 1.104774 6.744192  0.000000 0.000000 0.000000
175  6.064261 89.329796 31.613916  0.000000 -0.000001 1.570796
176  0.059885 2.255334 54.398010  0.000000 0.000000 0.000000
177  0.003497 -22.270645 0.000145  1.570797 0.000000 -1.570797
178  0.104009 14.792240 1.530321  0.000000 0.000000 0.000000
179  38.469997 43.443123 -14.891260  -0.356268 1.782079 1.126673
180  -2.951665 25.811066 -3.742309  -0.096365 0.008023 -1.450340
181  -2.662413 1.445756 33.628742  -0.000000 3.141591 1.570796
182  8.352066 2.772897 0.000541  -3.141589 0.000002 -0.000000
183  -2.662412 1.445755 40.667953  -0.000000 3.141591 1.570796
184  8.352066 2.772897 0.000540  -3.141589 0.000002 -0.000000
185  -1.431356 16.384775 4.137811  0.000001 0.000000 0.000000
186  -0.001844 0.521682 -0.140289  0.000000 0.000000 0.000000
187  7.323109 -5.136194 -5.166239  0.000000 0.000000 -0.610865
188  2.698278 -0.000001 -0.000001  -0.000012 0.000000 0.000000
189  2.834158 -0.000001 -0.000000  0.000013 0.000000 -0.000000
190  2.648921 -0.000002 0.000001  -0.000001 -0.000001 0.000000
191  2.667500 -0.000002 -0.000004  0.000000 0.000000 -0.000000
192  2.426703 -0.000001 0.000000  -0.000000 0.000000 -0.000000
193  -0.494744 -44.353451 -1.302300  1.570797 0.000000 -1.570797
194  11.545936 73.768410 -3.792011  0.000000 0.000000 0.000000
195  0.055851 -6.877708 2.864590  0.000000 0.000000 0.000000
196  -0.000000 -0.000000 -1.529048  0.000000 0.000000 0.000000
197  -0.078945 -0.000002 -0.000001  0.000000 -0.000000 1.570730
198  0.097090 -0.000001 -0.000001  0.000001 -3.141592 1.570796
199  0.000000 0.000000 -0.000000  0.000000 -0.000000 -0.000000
200  -16.658543 -16.805653 -30.219261  -0.033831 -1.090274 -1.501040
201  27.220633 -15.554070 -45.185738  0.194359 2.847911 1.587262
time 26
0  0 0 0  0 0 0
1  0.000000 0.000000 0.000000  0.000000 -0.000000 -0.000000
2  -0.000000 -0.000000 -55.423229  0.000000 -0.000000 -1.570730
3  -0.012872 0.000000 8.235027  -0.784749 -1.570710 -0.785986
4  16.163124 -0.010663 0.007211  -0.594297 0.000409 -0.000125
5  16.163132 -0.000000 3.830524  -0.580429 -0.765273 -2.715980
6  14.868236 0.000001 -0.000001  -0.067767 0.170428 0.209954
7  26.391951 -0.000003 -0.000001  -0.000000 0.000000 -1.952688
8  0.000001 0.000002 -0.000003  -0.068436 -0.000000 -0.000000
9  3.093512 0.000008 -0.000005  -0.136830 -0.000000 -0.000000
10  6.187019 0.000002 0.000001  -0.205323 -0.000000 -0.000000
11  9.280533 0.000003 0.000002  -0.273750 -0.000000 -0.000000
12  12.374043 0.000002 0.000002  -0.342193 -0.000000 -0.000000
13  15.467556 0.000002 -0.000003  -0.410606 -0.000000 -0.000000
14  18.561058 0.000002 -0.000003  -0.479070 -0.000000 -0.000000
15  21.654573 -0.000002 0.000001  -2.119120 -0.106299 0.174333
16  1.410073 0.800534 -2.089137  1.965176 0.009859 0.622378
17  3.954715 0.000001 0.000004  0.022073 -0.066551 0.231688
18  3.101564 0.000000 -0.000001  0.047374 0.063736 0.170490
19  6.164474 -0.898155 2.575007  0.109189 -0.313209 0.584303
20  2.805841 -0.000001 -0.000004  -0.000000 -0.000000 0.783457
21  2.307442 0.000003 -0.000005  0.000000 0.000000 0.622766
22  7.145097 -0.676343 -1.382429  0.078223 -0.086945 0.469706
23  3.672215 -0.000002 0.000000  0.000000 0.000000 0.452159
24  2.676516 -0.000001 0.000001  0.000000 -0.000000 0.481584
25  6.831183 -0.870864 0.599914  0.055225 -0.214326 0.683799
26  3.657082 -0.000002 -0.000001  0.000000 0.000000 0.494038
27  2.496798 -0.000001 0.000005  -0.000000 -0.000000 0.622574
28  7.183362 -0.532084 -3.267614  0.100027 0.072934 0.154601
29  3.511597 -0.000007 0.000003  -0.000000 -0.000000 0.503990
30  2.199402 0.000001 -0.000000  -0.000000 0.000000 0.664782
31  16.163136 0.000000 -3.830527  0.392201 0.962592 -2.815137
32  14.868241 -0.000001 0.000001  -0.102673 -0.708723 -1.024935
33  26.391954 0.000002 0.000006  -0.000000 0.000000 -1.842473
34  0.000002 -0.000001 0.000000  0.038822 0.000000 -0.000000
35  3.093512 -0.000002 0.000003  0.077659 0.000000 0.000000
36  6.187025 -0.000003 -0.000001  0.116463 0.000000 0.000000
37  9.280535 -0.000001 0.000000  0.155312 0.000000 -0.000000
38  12.374038 -0.000000 -0.000000  0.194097 -0.000000 -0.000000
39  15.467549 -0.000002 0.000003  0.232955 -0.000000 -0.000000
40  18.561066 -0.000002 0.000002  0.271779 0.000000 -0.000000
41  21.654566 -0.000005 0.000004  1.883932 0.399492 -0.272045
42  1.410073 0.800526 2.089144  -1.966491 -0.287076 0.559263
43  3.954710 -0.000003 0.000001  0.000000 0.000000 0.375132
44  3.101564 -0.000001 -0.000000  0.000000 0.000000 0.790793
45  7.183350 -0.532093 3.267610  0.190987 -0.069911 -0.142948
46  3.511592 0.000001 0.000000  -0.000000 -0.000000 0.209311
47  2.199413 -0.000000 -0.000002  0.000000 -0.000000 -0.178526
48  7.145097 -0.676347 1.382429  0.255424 0.283825 0.886074
49  3.672212 0.000000 0.000000  -0.000000 -0.000000 1.435616
50  2.676520 -0.000001 0.000000  0.000000 0.000000 1.062915
51  6.831170 -0.870866 -0.599912  0.339890 0.115856 1.057859
52  3.657080 -0.000002 -0.000001  -0.000000 0.000000 1.252193
53  2.496797 0.000002 0.000001  0.000000 0.000000 0.840195
54  6.164460 -0.898152 -2.575011  0.409526 -0.061317 1.152482
55  2.805848 0.000000 0.000002  0.000000 0.000000 0.666009
56  2.307445 0.000000 -0.000004  0.000000 -0.000000 0.844543
57  0.000000 0.000000 -0.000000  0.005026 0.003941 0.010691
58  -16.400650 -25.390221 -5.154438  -1.087546 -0.124342 0.070450
59  -0.000003 -19.069471 4.681027  -0.000000 0.000000 0.000000
60  1.986527 0.000015 -3.123735  -2.705260 -0.000000 -1.570797
61  -1.986692 0.000014 -3.123743  0.436333 0.000001 1.570797
62  0.000001 -0.000002 0.000003  -0.000000 0.000000 0.000000
63  -1.530658 0.861424 -3.109955  0.392682 0.000010 1.570745
64  -11.344163 1.135887 0.869267  0.000328 -0.024963 -0.026314
65  1.907534 0.861422 -2.954424  -0.392858 -0.000004 1.570778
66  -11.350050 -0.729402 0.864872  0.000154 -0.025335 0.026430
67  1.754237 4.036759 -1.682665  0.392549 -0.010099 -1.546344
68  -1.755140 4.036760 -1.682665  -0.392547 -0.010382 -1.594901
69  -0.164554 5.734791 5.880446  -0.000000 -0.000000 -1.570730
70  1.203547 5.503729 4.339430  -0.000000 0.000000 0.000000
71  -1.260176 5.668899 5.788552  0.070161 -0.418898 2.970131
72  1.185469 17.272329 1.821941  -0.000000 0.000000 0.000000
73  0.060217 10.324389 74.469055  0.000008 0.000000 0.000000
74  0.052672 -3.972625 3.515856  1.570735 -0.000061 -1.570735
75  4.804182 -3.856468 -0.006875  -0.000000 0.000000 0.000000
76  -6.013987 -4.624461 0.000000  0.000000 0.000000 0.000000
77  -65.574097 -37.156052 0.002938  -0.786891 1.570710 0.783753
78  1.602683 -3.785216 0.003049  -0.786496 1.570710 0.784301
79  11.681371 -1.114745 -1.027844  -0.785185 1.570710 0.785551
80  19.766771 -3.800923 0.000001  -0.000000 0.000000 0.000000
81  3.258441 5.856953 -3.403524  -0.000000 -0.000000 -0.000000
82  15.153050 5.860581 -3.403520  0.000000 -0.000000 -0.000000
83  6.064255 77.294952 36.365791  1.570796 0.000000 1.570796
84  -2.662412 1.445756 40.667957  -0.000000 3.141591 1.570796
85  8.352065 2.772896 0.000544  -3.141589 0.000002 0.000000
86  6.064257 72.973686 32.593243  1.570796 0.000000 1.570796
87  -0.113677 5.957336 -0.188892  -0.000000 0.000000 0.000000
88  0.097225 0.210961 3.469586  -0.000000 0.000000 0.000000
89  0.000001 1.310212 0.000001  0.000000 0.000000 0.000000
90  -0.000000 0.582260 -0.000000  0.000000 0.000000 0.000000
91  0.036296 1.284881 7.928799  -0.000000 -0.000001 0.000000
92  0.000001 1.310211 -0.000001  0.000000 -0.000000 0.000000
93  0.000000 0.582261 -0.000000  0.000000 -0.000000 0.000000
94  5.969322 3.427459 -6.170648  -0.000000 -0.000001 -1.570797
95  -1.310210 0.000000 -0.000003  0.000000 -0.000000 -0.000000
96  -0.582260 -0.000000 -0.000001  0.000000 -0.000000 -0.000000
97  5.969322 9.397398 -6.170657  -0.000000 -0.000001 -1.570796
98  -1.310210 -0.000001 -0.000002  0.000000 0.000000 -0.000000
99  -0.582259 -0.000001 -0.000002  0.000000 0.000000 -0.000000
100  5.969320 15.223769 -6.170670  -0.000000 -0.000001 -1.570796
101  -1.310210 0.000002 0.000000  -0.000000 0.000000 -0.000000
102  -0.582259 0.000001 0.000001  -0.000000 0.000001 -0.000000
103  5.969322 20.835569 -6.170671  -0.000000 -0.000001 -1.570796
104  -1.310210 0.000002 -0.000004  -0.000000 0.000000 -0.000000
105  -0.582256 0.000001 0.000001  -0.000000 0.000001 -0.000000
106  5.969323 26.771206 -6.170671  -0.000000 -0.000001 -1.570796
107  5.969320 32.597591 -6.170675  -0.000000 -0.000001 -1.570796
108  5.969323 38.209393 -6.170683  0.000000 -0.000001 -1.570800
109  5.969321 49.488464 -6.170685  0.000000 -0.000001 -1.570800
110  -0.539091 -0.556809 -0.017360  -0.042462 2.681156 1.551919
111  -6.799122 -0.556806 0.818551  -0.272420 2.701993 1.452460
112  -4.615284 -0.556821 0.270329  -0.117230 2.684609 1.518878
113  -2.650969 -0.556807 0.063011  -0.042463 2.681158 1.551919
114  27.110334 1.284856 12.007548  -0.000000 -0.000000 0.000000
115  28.133423 1.284856 12.007546  0.000001 -0.000000 0.000000
116  12.812883 2.241786 12.007550  -0.000000 -0.000001 -0.000001
117  -9.955967 -0.319623 4.380217  -0.000001 -0.000000 -0.000001
118  -11.316474 -0.319622 4.380217  -0.000003 -0.000000 0.000000
119  -12.667811 -0.319624 4.380216  -0.000003 -0.000000 0.000001
120  -14.022141 -0.319623 4.380216  0.000010 -0.000000 -0.000011
121  -15.373240 -0.319622 4.380216  0.000015 -0.000000 -0.000015
122  -16.724140 -0.319623 4.380215  -0.000009 -0.000000 0.000006
123  -18.074574 -0.319621 4.380216  -0.000006 0.000000 0.000004
124  -19.423716 -0.319620 4.380216  0.000002 0.000000 -0.000004
125  -20.775269 -0.319621 4.380215  0.000003 0.000000 -0.000004
126  -22.126673 -0.319620 4.380214  0.000003 -0.000000 -0.000004
127  -23.478123 -0.319620 4.380215  0.000005 0.000000 -0.000006
128  -24.830620 -0.319619 4.380217  0.000036 0.000000 -0.000038
129  -26.182030 -0.319619 4.380215  -0.000011 0.000000 0.000011
130  0.529179 -0.167130 0.629485  -0.101270 -0.000000 0.000000
131  -0.211446 -0.241684 0.155361  -0.145847 -0.000000 0.000000
132  0.529188 -0.280701 -0.110292  -0.145847 -0.000000 0.000000
133  -0.173928 -0.337326 -0.638494  -0.181751 -0.000000 0.000000
134  0.529188 -0.399247 -0.975391  -0.181751 -0.000000 0.000000
135  -0.211445 -0.464477 -1.431041  -0.192399 -0.000000 0.000000
136  0.529189 -0.515808 -1.694583  -0.192399 -0.000000 0.000000
137  -0.173929 -0.612151 -2.231909  -0.216703 -0.000000 0.000000
138  0.529187 -0.685805 -2.566439  -0.216704 -0.000000 0.000000
139  -0.211447 -0.769560 -3.027868  -0.237349 -0.000000 0.000000
140  0.529188 -0.832687 -3.288844  -0.237349 -0.000000 0.000000
141  -0.173937 -0.945280 -3.779562  -0.233859 0.000000 0.000000
142  0.529178 -1.024658 -4.112779  -0.233859 0.000000 0.000000
143  -0.211444 -1.132185 -4.577544  -0.262919 -0.000000 0.000000
144  0.529188 -1.201964 -4.836822  -0.262919 0.000000 0.000000
145  -0.000005 -2.810941 -10.636627  0.258454 0.000000 3.141592
146  -0.192456 -1.345779 -5.370043  -0.280373 0.000000 0.000000
147  0.533982 -1.413512 -5.605103  -0.276883 0.000000 0.000000
148  -0.206618 -1.795760 -6.909778  -0.287354 0.000000 0.000000
149  -0.205806 -1.564818 -6.138256  -0.290843 0.000000 0.000000
150  0.530459 -1.643675 -6.395213  -0.290844 0.000000 0.000000
151  0.535311 -1.790709 -7.204130  -0.287354 -0.000000 0.000000
152  -0.202704 -2.030487 -7.702827  -0.286180 -0.000000 0.000000
153  0.509547 -2.118896 -8.011623  -0.298398 -0.000000 0.000000
154  -0.202704 -2.255276 -8.465169  -0.283134 -0.000000 0.000000
155  0.509547 -2.352979 -8.771157  -0.295352 -0.000000 0.000000
156  -0.202705 -2.481596 -9.235470  -0.285437 -0.000000 0.000000
157  0.509547 -2.588684 -9.538637  -0.297654 -0.000000 0.000000
158  0.170122 -21.222090 -1.001136  -0.000001 -0.000001 0.000000
159  0.170122 -20.843864 -0.397182  -0.000001 -0.000001 0.000000
160  0.170122 -20.489742 -1.001137  -0.000001 -0.000001 0.000000
161  0.170123 -20.111065 -0.397180  -0.000001 -0.000001 0.000000
162  0.170121 -19.380089 -0.397185  -0.000001 -0.000001 0.000000
163  0.170120 -19.025108 -1.001145  -0.000001 -0.000001 0.000000
164  0.170123 -18.646658 -0.396444  -0.000001 -0.000001 0.000000
165  0.170123 -19.755758 -1.001141  -0.000001 -0.000001 0.000000
166  -0.015974 10.035400 1.098090  -0.000000 0.000000 0.000000
167  -0.104322 -52.163574 4.437350  1.570735 -0.000061 -1.570735
168  0.064651 27.351290 72.195198  -0.000000 -0.000000 -0.000001
169  6.064262 95.113998 31.645498  0.000000 -0.000001 1.570796
170  -0.103716 -26.907875 3.305360  -0.000000 -0.000000 -1.570730
171  6.064257 69.096550 37.164314  1.570796 0.000000 1.570796
172  1.974301 11.989233 4.589251  0.000000 0.000000 0.000000
173  1.941733 0.883634 4.309755  0.000000 -0.000000 -1.483525
174  -0.115679 1.104774 6.744191  -0.000000 0.000000 0.000000
175  6.064260 89.329803 31.613911  0.000000 -0.000001 1.570796
176  0.059885 2.255335 54.398006  -0.000000 0.000000 0.000000
177  0.003499 -22.270645 0.000149  1.570797 -0.000000 -1.570797
178  0.104010 14.792241 1.530320  -0.000000 0.000000 0.000000
179  38.232224 35.583179 -18.978579  -0.103096 2.204006 1.435813
180  -2.951666 25.811069 -3.742311  -0.096365 0.008023 -1.450340
181  -2.662411 1.445758 33.628742  -0.000000 3.141591 1.570796
182  8.352066 2.772895 0.000542  -3.141589 0.000002 0.000000
183  -2.662412 1.445756 40.667957  -0.000000 3.141591 1.570796
184  8.352065 2.772896 0.000544  -3.141589 0.000002 0.000000
185  -1.431357 16.384779 4.137812  0.000001 -0.000000 0.000000
186  -0.001845 0.521682 -0.140289  0.000000 0.000000 0.000000
187  7.323108 -5.136191 -5.166234  -0.000000 0.000000 -0.610865
188  2.698278 0.000000 0.000000  -0.000012 0.000000 0.000000
189  2.834160 -0.000002 -0.000002  0.000013 0.000000 0.000000
190  2.648918 0.000000 -0.000002  -0.000001 -0.000001 0.000000
191  2.667497 -0.000000 -0.000001  0.000000 0.000000 -0.000000
192  2.426702 0.000001 0.000002  -0.000000 0.000000 -0.000000
193  -0.494745 -44.353443 -1.302297  1.570797 -0.000000 -1.570797
194  11.545938 73.768410 -3.792012  0.000000 0.000000 0.000000
195  0.055852 -6.877706 2.864593  -0.000000 0.000000 0.000000
196  0.000000 0.000000 -1.529045  -0.000000 0.000000 0.000000
197  -0.078942 0.000001 -0.000000  0.000000 0.000000 1.570730
198  0.097092 0.000001 0.000001  0.000001 -3.141592 1.570796
199  0.000000 0.000000 -0.000000  0.000000 -0.000000 -0.000000
200  -16.889278 -16.724655 -29.925282  -0.058933 -1.083170 -1.477568
201  26.452017 -22.640770 -40.426819  0.142669 -3.007421 1.543157
end
