version 1
nodes
0 "blender_implicit" -1
1 "b_root" -1
2 "b_ch_middle" 1
3 "b_ch_spine1" 2
4 "b_ch_spine2" 3
5 "b_ch_l_clavical" 4
6 "b_ch_l_upperarm" 5
7 "b_ch_l_forearm" 6
8 "b_ch_l_forearm_twist1" 7
9 "b_ch_l_forearm_twist2" 7
10 "b_ch_l_forearm_twist3" 7
11 "b_ch_l_forearm_twist4" 7
12 "b_ch_l_forearm_twist5" 7
13 "b_ch_l_forearm_twist6" 7
14 "b_ch_l_forearm_twist7" 7
15 "b_ch_l_hand" 7
16 "b_ch_l_finger_00" 15
17 "b_ch_l_finger_01" 16
18 "b_ch_l_finger_02" 17
19 "b_ch_l_finger_40" 15
20 "b_ch_l_finger_41" 19
21 "b_ch_l_finger_42" 20
22 "b_ch_l_finger_20" 15
23 "b_ch_l_finger_21" 22
24 "b_ch_l_finger_22" 23
25 "b_ch_l_finger_30" 15
26 "b_ch_l_finger_31" 25
27 "b_ch_l_finger_32" 26
28 "b_ch_l_finger_10" 15
29 "b_ch_l_finger_11" 28
30 "b_ch_l_finger_12" 29
31 "b_ch_r_clavical" 4
32 "b_ch_r_upperarm" 31
33 "b_ch_r_forearm" 32
34 "b_ch_r_forearm_twist1" 33
35 "b_ch_r_forearm_twist2" 33
36 "b_ch_r_forearm_twist3" 33
37 "b_ch_r_forearm_twist4" 33
38 "b_ch_r_forearm_twist5" 33
39 "b_ch_r_forearm_twist6" 33
40 "b_ch_r_forearm_twist7" 33
41 "b_ch_r_hand" 33
42 "b_ch_r_finger_00" 41
43 "b_ch_r_finger_01" 42
44 "b_ch_r_finger_02" 43
45 "b_ch_r_finger_10" 41
46 "b_ch_r_finger_11" 45
47 "b_ch_r_finger_12" 46
48 "b_ch_r_finger_20" 41
49 "b_ch_r_finger_21" 48
50 "b_ch_r_finger_22" 49
51 "b_ch_r_finger_30" 41
52 "b_ch_r_finger_31" 51
53 "b_ch_r_finger_32" 52
54 "b_ch_r_finger_40" 41
55 "b_ch_r_finger_41" 54
56 "b_ch_r_finger_42" 55
57 "b_camera" 1
58 "b_wpn" 1
59 "b_wpn_bipod" 58
60 "b_wpn_bipod_l" 59
61 "b_wpn_bipod_r" 59
62 "b_wpn_bipod_base" 59
63 "b_wpn_bipod_base_r" 62
64 "b_wpn_bipod_spring_base_r" 63
65 "b_wpn_bipod_base_l" 62
66 "b_wpn_bipod_spring_base_l" 65
67 "b_wpn_bipod_spring_l" 62
68 "b_wpn_bipod_spring_r" 62
69 "b_wpn_bolt" 58
70 "b_wpn_chargehandle" 58
71 "b_wpn_eject" 58
72 "b_wpn_fireselect" 58
73 "b_wpn_foregrip" 58
74 "b_wpn_gl" 58
75 "b_wpn_gl_slide" 74
76 "b_wpn_gl_trigger" 74
77 "b_wpn_gl_round" 74
78 "b_wpn_gl_casing" 74
79 "b_wpn_gl_slidelock" 74
80 "b_wpn_gl_muzzle" 74
81 "b_wpn_gl_sight_back" 74
82 "b_wpn_gl_sight_front" 74
83 "b_wpn_hammer" 58
84 "b_wpn_laserflash" 58
85 "b_wpn_laserflash_beam" 84
86 "b_wpn_lid" 58
87 "b_wpn_mag" 58
88 "b_wpn_mag_b1" 87
89 "b_wpn_mag_casing_1" 88
90 "b_wpn_mag_bullet_1" 88
91 "b_wpn_mag_b2" 87
92 "b_wpn_mag_casing_2" 91
93 "b_wpn_mag_bullet_2" 91
94 "b_wpn_mag_b3" 87
95 "b_wpn_mag_casing_3" 94
96 "b_wpn_mag_bullet_3" 94
97 "b_wpn_mag_b4" 87
98 "b_wpn_mag_casing_4" 97
99 "b_wpn_mag_bullet_4" 97
100 "b_wpn_mag_b5" 87
101 "b_wpn_mag_casing_5" 100
102 "b_wpn_mag_bullet_5" 100
103 "b_wpn_mag_b6" 87
104 "b_wpn_mag_casing_6" 103
105 "b_wpn_mag_bullet_6" 103
106 "b_wpn_mag_b7" 87
107 "b_wpn_mag_b8" 87
108 "b_wpn_mag_b9" 87
109 "b_wpn_mag_follow" 87
110 "b_wpn_mag_b13" 87
111 "b_wpn_mag_b10" 87
112 "b_wpn_mag_b11" 87
113 "b_wpn_mag_b12" 87
114 "b_wpn_mag_b14" 87
115 "b_wpn_mag_b15" 87
116 "b_wpn_mag_tab" 87
117 "b_wpn_mag_b_link1" 87
118 "b_wpn_mag_b_link2" 87
119 "b_wpn_mag_b_link3" 87
120 "b_wpn_mag_b_link4" 87
121 "b_wpn_mag_b_link5" 87
122 "b_wpn_mag_b_link6" 87
123 "b_wpn_mag_b_link7" 87
124 "b_wpn_mag_b_link8" 87
125 "b_wpn_mag_b_link9" 87
126 "b_wpn_mag_b_link10" 87
127 "b_wpn_mag_b_link11" 87
128 "b_wpn_mag_b_link12" 87
129 "b_wpn_mag_b_link13" 87
130 "b_wpn_mag_b16" 87
131 "b_wpn_mag_b17" 87
132 "b_wpn_mag_b18" 87
133 "b_wpn_mag_b19" 87
134 "b_wpn_mag_b20" 87
135 "b_wpn_mag_b21" 87
136 "b_wpn_mag_b22" 87
137 "b_wpn_mag_b23" 87
138 "b_wpn_mag_b24" 87
139 "b_wpn_mag_b25" 87
140 "b_wpn_mag_b26" 87
141 "b_wpn_mag_b27" 87
142 "b_wpn_mag_b28" 87
143 "b_wpn_mag_b29" 87
144 "b_wpn_mag_b30" 87
145 "b_wpn_mag_spring_bottom" 87
146 "b_wpn_mag_b31" 87
147 "b_wpn_mag_b32" 87
148 "b_wpn_mag_b35" 87
149 "b_wpn_mag_b33" 87
150 "b_wpn_mag_b34" 87
151 "b_wpn_mag_b36" 87
152 "b_wpn_mag_b37" 87
153 "b_wpn_mag_b38" 87
154 "b_wpn_mag_b39" 87
155 "b_wpn_mag_b40" 87
156 "b_wpn_mag_b41" 87
157 "b_wpn_mag_b42" 87
158 "b_wpn_mag_b50" 87
159 "b_wpn_mag_b49" 87
160 "b_wpn_mag_b48" 87
161 "b_wpn_mag_b47" 87
162 "b_wpn_mag_b45" 87
163 "b_wpn_mag_b44" 87
164 "b_wpn_mag_b43" 87
165 "b_wpn_mag_b46" 87
166 "b_wpn_magrelease" 58
167 "b_wpn_muzzle" 58
168 "b_wpn_optic" 58
169 "b_wpn_pin" 58
170 "b_wpn_ring" 58
171 "b_wpn_slide" 58
172 "b_wpn_sliderelease" 58
173 "b_wpn_spec_1" 58
174 "b_wpn_spec_2" 58
175 "b_wpn_spoon" 58
176 "b_wpn_suppressor" 58
177 "b_wpn_suppressor_muzzle" 176
178 "b_wpn_trigger" 58
179 "ik_hand_wpn_l" 58
180 "ik_hand_wpn_r" 58
181 "b_wpn_laser" 58
182 "b_wpn_laser_beam" 181
183 "b_wpn_flash" 58
184 "b_wpn_flash_beam" 183
185 "b_wpn_stock" 58
186 "b_wpn_barrel" 58
187 "b_wpn_chain_01" 58
188 "b_wpn_chain_02" 187
189 "b_wpn_chain_03" 188
190 "b_wpn_chain_04" 189
191 "b_wpn_chain_05" 190
192 "b_wpn_chain_06" 191
193 "b_wpn_bayonet" 58
194 "b_wpn_mag_2" 58
195 "b_wpn_gripod" 58
196 "b_wpn_gripod_base" 195
197 "b_wpn_gripod_base_r" 196
198 "b_wpn_gripod_base_l" 196
199 "ik_hand_root" 1
200 "ik_hand_r" 199
201 "ik_hand_l" 199
end
skeleton
time 0
0  0 0 0  0 0 0
1  0.000000 0.000000 0.000000  0.000000 -0.000000 -0.000000
2  -0.000005 0.000023 -61.375507  0.000000 0.000000 -1.570795
3  -0.012872 0.000000 8.235020  -1.570799 -1.570796 0.000000
4  16.163128 -0.012870 -0.000002  -0.000000 -0.000000 0.000000
5  -0.000000 0.000000 -0.000005  0.000000 -0.000000 -0.000000
6  -0.000034 -0.000002 -0.000000  0.000061 0.000183 0.000000
7  -0.000000 -0.000007 0.000001  0.000000 0.000000 0.000000
8  -0.000000 0.000001 0.000000  0.000000 -0.000000 -0.000000
9  0.000004 0.000001 0.000000  -0.000000 -0.000000 -0.000000
10  -0.000004 0.000000 0.000001  0.000061 -0.000000 -0.000000
11  -0.000004 0.000000 0.000001  0.000061 0.000000 -0.000000
12  -0.000004 0.000000 -0.000000  0.000122 -0.000000 -0.000000
13  -0.000004 -0.000001 -0.000000  0.000122 -0.000000 -0.000000
14  -0.000004 -0.000001 -0.000000  0.000183 -0.000000 -0.000000
15  -0.000004 0.000001 0.000003  0.000183 0.000122 -0.000000
16  -0.000004 -0.000001 0.000000  -0.000000 -0.000001 -0.000000
17  -0.000000 0.000000 0.000004  0.000000 0.000000 -0.000000
18  0.000004 0.000000 0.000003  -0.000000 0.000000 -0.000000
19  0.000008 0.000002 -0.000001  -0.000000 -0.000000 -0.000000
20  -0.000000 0.000001 -0.000001  0.000000 -0.000000 -0.000000
21  0.000004 0.000000 -0.000000  -0.000000 0.000000 0.000000
22  -0.000000 0.000001 -0.000001  -0.000000 -0.000000 -0.000000
23  3.672215 0.000003 -0.000002  0.000003 0.000001 0.142941
24  0.000004 -0.000001 0.000000  -0.000000 0.000000 0.000000
25  0.000008 0.000001 -0.000002  -0.000000 -0.000000 -0.000000
26  -0.000004 0.000001 0.000001  -0.000000 0.000000 -0.000000
27  2.496796 0.000004 -0.000000  0.000000 0.000000 -0.091107
28  0.000004 0.000000 0.000002  -0.000000 0.000000 -0.000000
29  0.000004 0.000001 0.000000  -0.000000 -0.000000 -0.000000
30  2.199414 0.000000 0.000004  0.000001 0.000001 0.029263
31  0.000004 -0.000000 0.000003  0.000000 -0.000000 0.000000
32  -0.000019 -0.000001 0.000001  -0.000671 -0.000122 0.000000
33  -0.000000 0.000001 -0.000000  0.000000 -0.000000 0.000000
34  -0.000004 0.000000 -0.000000  -0.000061 0.000000 -0.000000
35  -0.000004 -0.000002 0.000000  -0.000122 0.000000 0.000000
36  -0.000008 -0.000001 0.000000  -0.000183 0.000000 0.000000
37  -0.000008 -0.000000 0.000000  -0.000244 -0.000000 0.000000
38  -0.000011 0.000001 0.000000  -0.000366 -0.000000 -0.000000
39  -0.000008 -0.000000 -0.000000  -0.000427 -0.000000 -0.000000
40  -0.000011 -0.000001 0.000001  -0.000488 0.000000 0.000000
41  -0.000015 -0.000004 -0.000001  -0.000306 -0.000611 0.000000
42  -0.000000 -0.000000 0.000000  0.000001 0.000000 0.000000
43  3.954718 0.000011 0.000004  -0.000000 -0.000002 0.166320
44  -0.000004 -0.000001 -0.000001  -0.000000 -0.000000 -0.000000
45  -0.000004 -0.000002 -0.000001  0.000000 -0.000000 0.000000
46  -0.000004 0.000000 0.000000  0.000000 0.000000 -0.000000
47  -0.000008 -0.000000 -0.000000  -0.000000 0.000000 -0.000000
48  -0.000008 -0.000001 -0.000000  0.000000 0.000000 0.000000
49  -0.000004 -0.000000 -0.000000  0.000000 -0.000000 0.000000
50  -0.000000 -0.000000 -0.000000  -0.000000 0.000000 -0.000000
51  -0.000008 0.000000 0.000000  -0.000000 0.000000 0.000000
52  -0.000004 -0.000000 -0.000000  0.000000 -0.000000 -0.000000
53  -0.000000 -0.000000 0.000000  0.000000 0.000000 -0.000000
54  -0.000008 0.000000 0.000000  -0.000000 -0.000000 -0.000000
55  0.000004 0.000001 0.000000  0.000000 -0.000000 -0.000000
56  2.307435 0.000000 -0.000002  0.000002 0.000001 -0.056419
57  0.000000 0.000000 -0.000000  0.000000 -0.000000 0.000000
58  0.000000 0.000000 0.000000  -0.000000 -0.000000 -0.000000
59  0.071249 114.357033 62.238792  0.000000 -0.000000 -0.000000
60  1.986525 0.000015 -3.123737  -2.705260 -0.000000 -1.570797
61  -1.986692 0.000015 -3.123745  0.436333 0.000001 1.570797
62  0.000000 0.000000 -0.000004  0.000000 -0.000000 0.000000
63  -1.986692 0.000015 -3.123736  0.436333 0.000001 1.570797
64  -11.344170 1.135888 0.869274  0.000002 -0.025019 -0.026324
65  1.986525 0.000015 -3.123732  -2.705260 -0.000000 -1.570797
66  -11.350053 -0.729423 0.864887  0.000197 -0.025367 0.026442
67  1.754236 4.036759 -1.682667  0.392575 -0.010120 -1.546362
68  -1.755139 4.036759 -1.682667  -0.392577 -0.010391 -1.594986
69  -0.164556 7.327704 3.928703  0.000000 0.000001 -1.570796
70  0.079082 36.742691 -0.508023  0.000001 0.000000 -0.000000
71  -1.260174 8.777410 6.736405  -0.000002 -0.424416 -3.141592
72  1.525193 18.283598 2.968622  0.000000 -0.000000 -0.000000
73  0.060217 10.324389 74.469055  0.000008 -0.000000 0.000000
74  0.062808 75.917999 83.075439  1.570797 -0.000000 -1.570796
75  4.804184 -3.971741 0.000001  -0.000000 0.000000 -0.000000
76  -7.041565 -5.025993 0.000001  -0.000000 -0.000000 -0.000000
77  8.407181 -3.978432 0.003055  -1.570796 1.570795 0.000000
78  10.376190 -3.978447 0.003056  -1.570796 1.570796 0.000000
79  10.194016 -0.314065 -1.749548  -1.570796 1.570796 0.000000
80  20.857887 -4.015564 0.000003  0.000000 -0.000000 -0.000000
81  3.258438 5.856955 -3.403523  -0.000000 -0.000000 -0.000000
82  15.153049 5.860579 -3.403521  0.000000 -0.000000 -0.000000
83  6.064256 77.294952 36.365795  1.570796 -0.000000 1.570796
84  -2.662412 1.445755 40.667957  -0.000000 3.141591 1.570796
85  8.352065 2.772897 0.000540  -3.141589 0.000002 0.000000
86  6.064256 72.973694 32.593250  1.570796 -0.000000 1.570796
87  0.004365 73.768417 -3.792008  0.000000 -0.000000 0.000000
88  -0.442609 1.284883 8.535290  0.000000 -0.000001 0.000000
89  0.000001 1.310212 -0.000000  0.000000 -0.000000 0.000000
90  0.000001 0.582261 -0.000000  0.000000 -0.000000 0.000000
91  0.036297 1.284883 7.928798  0.000000 -0.000001 0.000000
92  0.000001 1.310212 -0.000000  0.000000 -0.000000 0.000000
93  0.000000 0.582261 0.000000  0.000000 -0.000000 0.000000
94  5.969323 3.427456 -6.170650  -0.000000 -0.000001 -1.570797
95  -1.310215 0.000001 0.000002  0.000000 0.000000 -0.000000
96  -0.582264 0.000000 0.000001  0.000000 0.000000 -0.000000
97  5.969323 9.397397 -6.170659  -0.000000 -0.000001 -1.570796
98  -1.310213 -0.000000 0.000002  0.000000 0.000000 -0.000000
99  -0.582262 -0.000001 0.000001  0.000000 0.000000 -0.000000
100  5.969322 15.223767 -6.170670  0.000000 -0.000001 -1.570796
101  -1.310213 0.000002 0.000002  -0.000000 0.000000 -0.000000
102  -0.582262 0.000001 0.000002  -0.000000 0.000000 -0.000000
103  5.969323 20.835567 -6.170671  0.000000 -0.000001 -1.570796
104  -1.310213 0.000001 0.000002  -0.000000 0.000000 -0.000000
105  -0.582262 -0.000000 0.000003  -0.000000 0.000000 -0.000000
106  5.969324 26.771206 -6.170672  0.000000 -0.000001 -1.570796
107  5.969323 32.597591 -6.170675  0.000000 -0.000001 -1.570796
108  5.969324 38.209393 -6.170685  0.000000 -0.000001 -1.570800
109  5.969322 49.488461 -6.170684  0.000000 -0.000001 -1.570800
110  -0.539090 -0.556809 -0.017363  -0.042462 2.681156 1.551919
111  -6.799123 -0.556808 0.818549  -0.272420 2.701993 1.452460
112  -4.615283 -0.556824 0.270328  -0.117230 2.684609 1.518878
113  -2.650969 -0.556809 0.063010  -0.042463 2.681158 1.551919
114  27.110336 1.284856 12.007548  0.000000 -0.000000 0.000000
115  28.133425 1.284856 12.007547  0.000001 -0.000000 -0.000000
116  12.812886 2.241791 12.007550  -0.000000 -0.000001 -0.000001
117  -9.955967 -0.319624 4.380214  -0.000001 -0.000000 -0.000001
118  -11.316473 -0.319624 4.380215  -0.000003 -0.000000 0.000000
119  -12.667810 -0.319624 4.380215  -0.000003 -0.000000 0.000001
120  -14.022141 -0.319624 4.380215  0.000010 -0.000000 -0.000011
121  -15.373240 -0.319623 4.380214  0.000015 -0.000000 -0.000015
122  -16.724142 -0.319623 4.380214  -0.000009 -0.000000 0.000006
123  -18.074572 -0.319623 4.380214  -0.000006 0.000000 0.000004
124  -19.423716 -0.319623 4.380214  0.000002 0.000000 -0.000004
125  -20.775270 -0.319623 4.380214  0.000003 0.000000 -0.000004
126  -22.126671 -0.319622 4.380215  0.000003 -0.000000 -0.000004
127  -23.478123 -0.319622 4.380215  0.000005 -0.000000 -0.000006
128  -24.830620 -0.319622 4.380215  0.000036 -0.000000 -0.000038
129  -26.182028 -0.319622 4.380215  -0.000011 0.000000 0.000011
130  0.529180 -0.167130 0.629484  -0.101270 -0.000000 0.000000
131  -0.211444 -0.241685 0.155361  -0.145847 -0.000000 0.000000
132  0.529190 -0.280702 -0.110293  -0.145847 -0.000000 0.000000
133  -0.173927 -0.337327 -0.638496  -0.181751 -0.000000 0.000000
134  0.529189 -0.399247 -0.975393  -0.181751 -0.000000 0.000000
135  -0.211444 -0.464479 -1.431042  -0.192399 -0.000000 0.000000
136  0.529189 -0.515809 -1.694583  -0.192399 -0.000000 0.000000
137  -0.173928 -0.612154 -2.231911  -0.216703 -0.000000 0.000000
138  0.529188 -0.685808 -2.566440  -0.216703 -0.000000 0.000000
139  -0.211445 -0.769563 -3.027870  -0.237349 -0.000000 0.000000
140  0.529188 -0.832689 -3.288847  -0.237349 -0.000000 0.000000
141  -0.173937 -0.945284 -3.779564  -0.233859 0.000000 0.000000
142  0.529179 -1.024660 -4.112781  -0.233859 0.000000 0.000000
143  -0.211443 -1.132189 -4.577548  -0.262919 -0.000000 0.000000
144  0.529190 -1.201967 -4.836825  -0.262919 0.000000 0.000000
145  -0.000004 -2.810947 -10.636630  0.258454 0.000000 3.141592
146  -0.192455 -1.345782 -5.370045  -0.280373 0.000000 0.000000
147  0.533984 -1.413515 -5.605105  -0.276883 0.000000 0.000000
148  -0.206618 -1.795764 -6.909779  -0.287354 0.000000 0.000000
149  -0.205805 -1.564822 -6.138257  -0.290843 0.000000 0.000000
150  0.530460 -1.643679 -6.395215  -0.290844 0.000000 0.000000
151  0.535311 -1.790713 -7.204132  -0.287354 -0.000000 0.000000
152  -0.202703 -2.030490 -7.702830  -0.286180 -0.000000 0.000000
153  0.509548 -2.118899 -8.011624  -0.298398 -0.000000 0.000000
154  -0.202703 -2.255282 -8.465172  -0.283134 -0.000000 0.000000
155  0.509548 -2.352985 -8.771159  -0.295352 -0.000000 0.000000
156  -0.202704 -2.481601 -9.235471  -0.285437 -0.000000 0.000000
157  0.509547 -2.588687 -9.538638  -0.297654 -0.000000 0.000000
158  0.170123 -21.222094 -1.001140  -0.000001 -0.000001 0.000000
159  0.170123 -20.843866 -0.397182  -0.000001 -0.000001 0.000000
160  0.170123 -20.489748 -1.001141  -0.000001 -0.000001 0.000000
161  0.170124 -20.111071 -0.397183  -0.000001 -0.000001 0.000000
162  0.170123 -19.380091 -0.397187  -0.000001 -0.000001 0.000000
163  0.170123 -19.025110 -1.001146  -0.000001 -0.000001 0.000000
164  0.170123 -18.646662 -0.396447  -0.000001 -0.000001 0.000000
165  0.170124 -19.755762 -1.001142  -0.000001 -0.000001 0.000000
166  -0.015973 10.612517 2.686017  0.000001 0.000000 -0.000000
167  0.059851 -50.160702 6.449380  1.570797 0.000000 -1.570797
168  0.064653 27.351290 72.195206  0.000000 -0.000000 -0.000001
169  6.064260 95.114014 31.645500  0.000000 -0.000001 1.570796
170  0.054185 102.845642 29.795362  0.000000 0.000001 -1.570796
171  6.064257 69.096558 37.164318  1.570796 -0.000000 1.570796
172  1.974303 11.989233 4.589250  0.000000 -0.000000 -0.000000
173  -0.011481 23.944746 5.090361  0.000001 -0.000000 0.000000
174  -1.691251 8.833342 5.763507  0.000001 -0.000000 -0.000000
175  6.064260 89.329803 31.613916  0.000000 -0.000001 1.570796
176  0.059886 2.255335 54.398010  0.000000 0.000000 0.000000
177  0.003497 -22.270645 0.000149  1.570797 0.000000 -1.570797
178  0.104010 15.380370 2.266153  0.000001 -0.000000 -0.000000
179  -0.000007 0.000052 0.000034  0.000000 0.000000 0.000000
180  0.000021 -0.000002 -0.000019  -0.000000 -0.000000 0.000000
181  -2.662412 1.445758 33.628742  -0.000000 3.141591 1.570796
182  8.352065 2.772897 0.000540  -3.141589 0.000002 0.000000
183  -2.662412 1.445755 40.667957  -0.000000 3.141591 1.570796
184  8.352065 2.772897 0.000540  -3.141589 0.000002 0.000000
185  -1.431356 16.384779 4.137811  0.000001 -0.000000 0.000000
186  -0.001845 0.521683 -0.140289  0.000000 -0.000000 -0.000000
187  7.323109 -5.136191 -5.166237  0.000000 0.000000 -0.610865
188  2.698278 -0.000001 -0.000000  -0.000012 0.000000 0.000001
189  2.834160 -0.000002 0.000000  0.000013 0.000000 0.000000
190  2.648917 0.000000 0.000001  -0.000001 -0.000001 0.000000
191  2.667499 -0.000001 -0.000000  0.000000 0.000000 -0.000000
192  2.426702 -0.000001 0.000000  -0.000000 0.000000 -0.000000
193  -0.494744 -44.353447 -1.302299  1.570797 0.000000 -1.570797
194  11.545938 73.768417 -3.792010  0.000000 -0.000000 -0.000000
195  -0.066954 -10.025105 -0.912534  0.000000 -0.000000 0.000000
196  -0.000000 -0.000001 -1.529052  -0.000000 0.000000 0.000000
197  -0.078942 0.000000 -0.000000  0.000000 0.000001 1.570796
198  0.097092 0.000000 -0.000000  -0.000000 -3.141592 1.570796
199  0.000000 0.000000 0.000000  0.000000 -0.000000 -0.000000
200  0.000019 0.000004 -0.000019  -0.000000 -0.000000 -0.000000
201  0.000002 0.000061 0.000029  -0.000000 0.000000 -0.000000
time 1
0  0 0 0  0 0 0
1  0.000000 0.000000 0.000000  0.000000 -0.000000 -0.000000
2  -0.000005 0.000023 -61.375507  0.000000 0.000000 -1.570795
3  -0.012872 0.000000 8.235020  -1.570799 -1.570796 0.000000
4  16.163128 -0.012870 -0.000002  -0.000000 -0.000000 0.000000
5  -0.000000 0.000000 -0.000005  0.766515 -0.000509 -0.000205
6  -0.000037 -0.000002 -0.000000  0.695740 -0.094734 -0.530976
7  -0.000002 -0.000006 0.000003  0.000000 0.000000 -0.191460
8  0.000004 0.000005 -0.000002  -0.013856 -0.000000 -0.000000
9  0.000004 0.000005 -0.000002  -0.027773 -0.000000 -0.000000
10  -0.000002 0.000001 0.000001  -0.041691 -0.000000 -0.000000
11  0.000000 0.000004 -0.000000  -0.055551 -0.000000 -0.000000
12  -0.000001 0.000004 -0.000001  -0.069474 -0.000000 -0.000000
13  -0.000002 0.000000 -0.000001  -0.083340 -0.000000 -0.000000
14  0.000001 0.000001 -0.000002  -0.097270 -0.000000 -0.000000
15  -0.000002 0.000003 0.000002  -0.100979 -0.396367 0.022414
16  -0.000003 -0.000001 0.000004  -0.000000 -0.000001 -0.000000
17  -0.000001 -0.000001 0.000002  0.000000 0.000000 -0.000000
18  -0.000002 0.000000 0.000003  -0.000000 0.000000 -0.000000
19  0.000003 0.000002 0.000002  -0.000000 -0.000000 -0.000000
20  -0.000003 -0.000001 -0.000000  -0.000000 -0.000000 -0.000000
21  0.000000 0.000000 -0.000000  -0.000000 0.000000 0.000000
22  -0.000001 0.000001 0.000002  -0.000000 -0.000000 0.000000
23  3.672214 0.000004 -0.000001  0.000003 0.000001 0.142941
24  -0.000003 -0.000004 0.000001  -0.000000 -0.000000 0.000000
25  0.000004 0.000001 0.000002  -0.000000 -0.000000 -0.000000
26  -0.000003 0.000002 -0.000000  0.000000 0.000000 -0.000000
27  2.496794 0.000002 0.000000  0.000000 0.000000 -0.091107
28  0.000003 0.000000 0.000006  -0.000000 0.000000 -0.000000
29  -0.000002 0.000005 0.000001  0.000000 0.000000 -0.000000
30  2.199412 0.000003 0.000004  0.000001 0.000001 0.029263
31  0.000004 -0.000000 0.000003  0.000000 -0.000000 0.000000
32  -0.000019 -0.000001 0.000001  -0.012346 0.348436 0.440409
33  0.000005 -0.000003 0.000003  0.000000 -0.000000 -0.370536
34  -0.000003 0.000000 -0.000001  -0.036441 0.000000 -0.000000
35  -0.000007 -0.000002 -0.000001  -0.072955 0.000000 0.000000
36  -0.000007 -0.000001 -0.000001  -0.109433 0.000000 0.000000
37  -0.000003 -0.000000 -0.000000  -0.145886 -0.000000 0.000000
38  -0.000008 0.000001 0.000001  -0.182387 -0.000000 -0.000000
39  -0.000007 0.000000 -0.000001  -0.218827 -0.000000 -0.000000
40  -0.000008 -0.000001 0.000000  -0.255340 0.000000 0.000000
41  -0.000007 -0.000004 -0.000002  -0.049123 -0.236647 -0.123922
42  0.000003 -0.000000 0.000001  0.000001 0.000000 0.000000
43  3.954724 0.000011 0.000004  -0.000000 -0.000002 0.166320
44  0.000002 -0.000001 -0.000001  -0.000000 -0.000000 -0.000000
45  0.000007 -0.000002 -0.000001  0.000000 -0.000000 0.000000
46  0.000003 0.000000 0.000000  -0.000000 0.000000 -0.000000
47  -0.000005 -0.000000 -0.000001  -0.000000 0.000000 -0.000000
48  0.000007 -0.000000 -0.000000  0.000000 -0.000000 0.000000
49  0.000003 -0.000000 -0.000000  -0.000000 -0.000000 0.000000
50  -0.000001 -0.000000 -0.000000  -0.000000 0.000000 -0.000000
51  0.000003 0.000000 0.000000  -0.000000 0.000000 0.000000
52  -0.000001 -0.000000 -0.000000  -0.000000 -0.000000 -0.000000
53  -0.000001 -0.000000 0.000000  -0.000000 0.000000 -0.000000
54  0.000003 0.000001 0.000000  0.000000 -0.000000 -0.000000
55  -0.000001 0.000001 0.000001  -0.000000 0.000000 -0.000000
56  2.307437 0.000000 -0.000002  0.000002 0.000001 -0.056419
57  0.000000 0.000000 -0.000000  0.001402 0.013917 -0.000234
58  -5.070867 10.434700 -9.028455  0.114661 0.210671 -0.006922
59  0.071249 114.357033 62.238796  0.000000 0.000000 -0.000000
60  1.986525 0.000020 -3.123744  -2.705260 -0.000000 -1.570797
61  -1.986692 0.000016 -3.123746  0.436333 0.000001 1.570797
62  0.000001 0.000003 -0.000011  0.000000 0.000000 0.000000
63  -1.986693 0.000018 -3.123734  0.436333 0.000001 1.570797
64  -11.344164 1.135890 0.869271  0.000002 -0.025019 -0.026324
65  1.986524 0.000006 -3.123735  -2.705260 -0.000000 -1.570797
66  -11.350048 -0.729423 0.864886  0.000197 -0.025367 0.026442
67  1.754235 4.036754 -1.682662  0.392575 -0.010120 -1.546362
68  -1.755140 4.036757 -1.682666  -0.392577 -0.010391 -1.594986
69  -0.164556 7.327703 3.928703  -0.000000 0.000001 -1.570796
70  0.079082 36.742695 -0.508023  0.000001 0.000000 -0.000000
71  -1.260173 8.777410 6.736406  -0.000002 -0.424416 -3.141592
72  1.525193 18.283598 2.968622  0.000000 0.000000 -0.000000
73  0.060217 10.324389 74.469055  0.000008 0.000000 0.000000
74  0.062809 75.917999 83.075439  1.570797 0.000000 -1.570796
75  4.804193 -3.971732 0.000001  -0.000000 0.000000 -0.000000
76  -7.041564 -5.025981 0.000002  -0.000000 -0.000000 -0.000000
77  8.407188 -3.978427 0.003056  -1.570796 1.570795 0.000000
78  10.376193 -3.978432 0.003056  -1.570796 1.570796 0.000000
79  10.194018 -0.314060 -1.749548  -1.570796 1.570796 0.000000
80  20.857893 -4.015553 0.000004  0.000000 -0.000000 -0.000000
81  3.258451 5.856965 -3.403525  -0.000000 -0.000000 -0.000000
82  15.153057 5.860587 -3.403520  -0.000000 -0.000000 0.000000
83  6.064257 77.294945 36.365795  1.570796 -0.000000 1.570796
84  -2.662412 1.445754 40.667961  0.000000 3.141591 1.570796
85  8.352066 2.772896 0.000542  -3.141589 0.000002 -0.000000
86  6.064256 72.973686 32.593254  1.570796 -0.000000 1.570796
87  0.004365 73.768417 -3.792008  0.000000 0.000000 0.000000
88  -0.442609 1.284873 8.535289  0.000000 -0.000001 0.000000
89  0.000001 1.310215 -0.000001  0.000000 0.000000 0.000000
90  0.000001 0.582258 0.000000  0.000000 0.000000 0.000000
91  0.036297 1.284876 7.928797  0.000000 -0.000001 0.000000
92  0.000000 1.310217 -0.000001  0.000000 0.000000 0.000000
93  -0.000000 0.582267 0.000000  0.000000 0.000000 0.000000
94  5.969323 3.427452 -6.170650  -0.000000 -0.000001 -1.570797
95  -1.310214 0.000001 0.000002  0.000000 0.000000 -0.000000
96  -0.582257 0.000000 0.000000  0.000000 -0.000000 -0.000000
97  5.969322 9.397391 -6.170659  -0.000000 -0.000001 -1.570796
98  -1.310212 -0.000000 -0.000000  0.000000 0.000000 -0.000000
99  -0.582254 -0.000001 -0.000001  0.000000 0.000000 -0.000000
100  5.969320 15.223764 -6.170670  -0.000000 -0.000001 -1.570796
101  -1.310214 0.000002 -0.000002  -0.000000 0.000000 -0.000000
102  -0.582257 0.000001 -0.000002  -0.000000 0.000000 -0.000000
103  5.969322 20.835564 -6.170671  -0.000000 -0.000001 -1.570796
104  -1.310220 0.000001 -0.000001  -0.000000 0.000000 -0.000000
105  -0.582263 0.000000 0.000000  -0.000000 0.000000 -0.000000
106  5.969323 26.771206 -6.170672  -0.000000 -0.000001 -1.570796
107  5.969321 32.597588 -6.170676  -0.000000 -0.000001 -1.570796
108  5.969322 38.209385 -6.170685  -0.000000 -0.000001 -1.570800
109  5.969321 49.488461 -6.170683  -0.000000 -0.000001 -1.570800
110  -0.539091 -0.556817 -0.017363  -0.042462 2.681156 1.551919
111  -6.799124 -0.556816 0.818549  -0.272420 2.701993 1.452460
112  -4.615283 -0.556835 0.270328  -0.117230 2.684609 1.518878
113  -2.650969 -0.556817 0.063010  -0.042463 2.681158 1.551919
114  27.110336 1.284855 12.007548  0.000000 -0.000000 0.000000
115  28.133425 1.284852 12.007547  0.000001 -0.000000 0.000000
116  12.812884 2.241776 12.007549  0.000000 -0.000001 -0.000001
117  -9.955968 -0.319628 4.380213  -0.000001 -0.000000 -0.000001
118  -11.316474 -0.319627 4.380215  -0.000003 -0.000000 0.000000
119  -12.667810 -0.319626 4.380214  -0.000003 -0.000000 0.000001
120  -14.022141 -0.319630 4.380214  0.000010 -0.000000 -0.000011
121  -15.373240 -0.319627 4.380213  0.000015 -0.000000 -0.000015
122  -16.724140 -0.319623 4.380214  -0.000009 -0.000000 0.000006
123  -18.074570 -0.319624 4.380214  -0.000006 -0.000000 0.000004
124  -19.423717 -0.319631 4.380213  0.000002 0.000000 -0.000004
125  -20.775269 -0.319631 4.380214  0.000003 0.000000 -0.000004
126  -22.126671 -0.319630 4.380215  0.000003 0.000000 -0.000004
127  -23.478123 -0.319622 4.380214  0.000005 -0.000000 -0.000006
128  -24.830620 -0.319622 4.380214  0.000036 -0.000000 -0.000038
129  -26.182030 -0.319621 4.380214  -0.000011 -0.000000 0.000011
130  0.529179 -0.167142 0.629484  -0.101270 -0.000000 0.000000
131  -0.211445 -0.241686 0.155360  -0.145847 -0.000000 0.000000
132  0.529189 -0.280708 -0.110293  -0.145847 -0.000000 0.000000
133  -0.173927 -0.337330 -0.638496  -0.181751 -0.000000 0.000000
134  0.529189 -0.399255 -0.975393  -0.181751 -0.000000 0.000000
135  -0.211445 -0.464484 -1.431042  -0.192399 -0.000000 0.000000
136  0.529189 -0.515818 -1.694584  -0.192399 -0.000000 0.000000
137  -0.173929 -0.612165 -2.231910  -0.216703 -0.000000 0.000000
138  0.529187 -0.685808 -2.566440  -0.216703 -0.000000 0.000000
139  -0.211445 -0.769575 -3.027870  -0.237349 -0.000000 0.000000
140  0.529188 -0.832691 -3.288848  -0.237349 -0.000000 0.000000
141  -0.173938 -0.945294 -3.779564  -0.233859 0.000000 0.000000
142  0.529178 -1.024661 -4.112781  -0.233859 0.000000 0.000000
143  -0.211444 -1.132196 -4.577547  -0.262919 -0.000000 0.000000
144  0.529189 -1.201965 -4.836825  -0.262919 0.000000 0.000000
145  -0.000005 -2.810949 -10.636629  0.258454 0.000000 3.141592
146  -0.192456 -1.345783 -5.370045  -0.280373 0.000000 0.000000
147  0.533983 -1.413520 -5.605104  -0.276883 0.000000 0.000000
148  -0.206619 -1.795766 -6.909780  -0.287354 0.000000 0.000000
149  -0.205806 -1.564824 -6.138256  -0.290843 0.000000 0.000000
150  0.530460 -1.643687 -6.395216  -0.290844 0.000000 0.000000
151  0.535311 -1.790712 -7.204133  -0.287354 -0.000000 0.000000
152  -0.202704 -2.030493 -7.702829  -0.286180 -0.000000 0.000000
153  0.509547 -2.118906 -8.011624  -0.298398 -0.000000 0.000000
154  -0.202704 -2.255286 -8.465172  -0.283134 -0.000000 0.000000
155  0.509547 -2.352984 -8.771159  -0.295352 -0.000000 0.000000
156  -0.202704 -2.481610 -9.235471  -0.285437 -0.000000 0.000000
157  0.509546 -2.588692 -9.538637  -0.297654 -0.000000 0.000000
158  0.170122 -21.222101 -1.001140  -0.000001 -0.000001 0.000000
159  0.170122 -20.843868 -0.397183  -0.000001 -0.000001 0.000000
160  0.170122 -20.489756 -1.001141  -0.000001 -0.000001 0.000000
161  0.170123 -20.111074 -0.397183  -0.000001 -0.000001 0.000000
162  0.170123 -19.380093 -0.397187  -0.000001 -0.000001 0.000000
163  0.170122 -19.025114 -1.001146  -0.000001 -0.000001 0.000000
164  0.170122 -18.646660 -0.396448  -0.000001 -0.000001 0.000000
165  0.170123 -19.755777 -1.001141  -0.000001 -0.000001 0.000000
166  -0.015973 10.612517 2.686017  0.000001 0.000000 -0.000000
167  0.059851 -50.160702 6.449380  1.570797 0.000000 -1.570797
168  0.064652 27.351292 72.195213  0.000000 -0.000000 -0.000001
169  6.064261 95.114006 31.645502  0.000000 -0.000001 1.570796
170  0.054185 102.845642 29.795364  -0.000000 0.000001 -1.570796
171  6.064256 69.096550 37.164322  1.570796 -0.000000 1.570796
172  1.974303 11.989233 4.589251  0.000000 0.000000 -0.000000
173  -0.011481 23.944746 5.090361  0.000001 0.000000 0.000000
174  -1.691251 8.833342 5.763507  0.000001 0.000000 -0.000000
175  6.064260 89.329803 31.613918  0.000000 -0.000001 1.570796
176  0.059887 2.255334 54.398018  0.000000 0.000000 0.000000
177  0.003496 -22.270643 0.000151  1.570797 0.000000 -1.570797
178  0.104010 15.380368 2.266153  0.000001 0.000000 -0.000000
179  -0.000021 0.000034 -0.000008  0.000000 0.000000 0.000000
180  -0.000002 -0.000007 0.000009  -0.000000 0.000000 0.000000
181  -2.662412 1.445757 33.628746  0.000000 3.141591 1.570796
182  8.352065 2.772897 0.000544  -3.141589 0.000002 -0.000000
183  -2.662412 1.445754 40.667961  0.000000 3.141591 1.570796
184  8.352066 2.772896 0.000542  -3.141589 0.000002 -0.000000
185  -1.431356 16.384779 4.137812  0.000001 0.000000 0.000000
186  -0.001845 0.521682 -0.140289  0.000000 0.000000 -0.000000
187  7.323109 -5.136192 -5.166237  -0.000000 0.000000 -0.610865
188  2.698277 -0.000001 0.000001  -0.000012 0.000000 0.000000
189  2.834158 -0.000001 -0.000000  0.000013 0.000000 -0.000000
190  2.648918 -0.000000 0.000001  -0.000001 -0.000001 0.000000
191  2.667498 -0.000002 0.000000  -0.000000 0.000000 0.000000
192  2.426702 -0.000002 -0.000001  -0.000000 0.000000 -0.000000
193  -0.494743 -44.353451 -1.302299  1.570797 0.000000 -1.570797
194  11.545938 73.768425 -3.792010  0.000000 0.000000 -0.000000
195  -0.066955 -10.025107 -0.912534  0.000000 0.000000 -0.000000
196  -0.000000 -0.000001 -1.529051  -0.000000 0.000000 0.000000
197  -0.078942 -0.000000 -0.000001  0.000000 0.000001 1.570796
198  0.097092 -0.000000 -0.000002  -0.000000 -3.141592 1.570796
199  0.000000 0.000000 0.000000  0.000000 -0.000000 -0.000000
200  -4.984015 10.713949 -5.416256  0.114661 0.210671 -0.006922
201  -5.016474 10.315311 -10.019269  0.114661 0.210671 -0.006922
time 2
0  0 0 0  0 0 0
1  0.000000 0.000000 0.000000  0.000000 -0.000000 -0.000000
2  -0.000005 0.000023 -61.375507  0.000000 0.000000 -1.570795
3  -0.012872 0.000000 8.235020  -1.570799 -1.570796 0.000000
4  16.163128 -0.012870 -0.000002  -0.000000 -0.000000 0.000000
5  -0.000000 0.000000 -0.000005  1.128629 -0.000670 -0.000424
6  -0.000035 -0.000002 -0.000000  1.119175 -0.166120 -1.041694
7  -0.000002 -0.000007 0.000002  0.000000 0.000000 -0.417903
8  -0.000000 -0.000000 0.000001  -0.060069 -0.000000 -0.000000
9  0.000001 -0.000000 0.000001  -0.120193 -0.000000 -0.000000
10  -0.000001 0.000000 0.000000  -0.180242 -0.000000 -0.000000
11  -0.000001 0.000000 0.000001  -0.240393 0.000000 -0.000000
12  -0.000003 0.000000 -0.000000  -0.300454 -0.000000 -0.000000
13  -0.000003 -0.000003 0.000003  -0.360542 -0.000000 -0.000000
14  -0.000002 -0.000001 -0.000001  -0.420649 -0.000000 -0.000000
15  -0.000002 0.000001 0.000006  -0.274274 -1.038910 0.090838
16  -0.000005 -0.000002 0.000001  -0.000000 -0.000001 -0.000000
17  -0.000004 0.000001 0.000005  0.000000 0.000000 -0.000000
18  -0.000004 -0.000000 0.000005  -0.000000 0.000000 -0.000000
19  0.000002 0.000001 -0.000001  -0.000000 -0.000000 -0.000000
20  0.000000 -0.000000 -0.000003  0.000000 0.000000 -0.000000
21  0.000000 0.000004 0.000001  0.000000 0.000000 0.000000
22  -0.000004 0.000001 -0.000002  -0.000000 -0.000000 -0.000000
23  3.672211 0.000004 -0.000001  0.000003 0.000001 0.142941
24  0.000001 -0.000002 0.000002  0.000000 0.000000 -0.000000
25  0.000002 0.000001 -0.000002  -0.000000 -0.000000 0.000000
26  0.000002 0.000002 0.000001  0.000000 0.000000 -0.000000
27  2.496798 0.000007 0.000000  0.000000 0.000000 -0.091107
28  -0.000000 0.000002 0.000001  -0.000000 0.000000 0.000000
29  0.000002 0.000000 -0.000000  -0.000000 -0.000000 -0.000000
30  2.199412 0.000000 0.000004  0.000001 0.000001 0.029263
31  0.000004 -0.000000 0.000003  0.000000 -0.000000 0.000000
32  -0.000019 -0.000001 0.000001  -0.091532 0.647423 1.046052
33  -0.000001 0.000002 -0.000002  0.000000 -0.000000 -0.442582
34  -0.000000 0.000001 -0.000000  -0.138665 0.000000 -0.000000
35  -0.000003 -0.000001 -0.000000  -0.277386 0.000000 0.000000
36  -0.000007 0.000001 -0.000000  -0.416094 0.000000 0.000000
37  -0.000001 0.000000 0.000000  -0.554772 -0.000000 0.000000
38  -0.000007 0.000001 0.000000  -0.693459 0.000000 -0.000000
39  -0.000003 -0.000002 0.000001  -0.832180 0.000000 -0.000000
40  -0.000003 -0.000001 0.000002  -0.970880 0.000000 0.000000
41  -0.000010 -0.000004 -0.000000  -0.063853 -0.813177 -0.691111
42  0.000003 -0.000001 -0.000000  0.000001 0.000000 0.000000
43  3.954717 0.000011 0.000007  -0.000000 -0.000002 0.166319
44  -0.000004 -0.000001 0.000002  -0.000000 0.000000 -0.000000
45  -0.000002 -0.000003 0.000001  0.000000 -0.000000 0.000000
46  -0.000000 -0.000000 0.000000  -0.000000 -0.000000 -0.000000
47  0.000001 0.000001 -0.000002  -0.000000 0.000000 -0.000000
48  0.000004 -0.000001 -0.000003  -0.000000 -0.000000 0.000000
49  0.000002 -0.000001 0.000002  0.000000 -0.000000 -0.000000
50  0.000002 -0.000001 0.000002  0.000000 0.000000 -0.000000
51  -0.000003 -0.000001 -0.000001  -0.000000 0.000000 0.000000
52  -0.000001 0.000000 -0.000003  -0.000000 -0.000000 -0.000000
53  -0.000001 -0.000000 0.000001  -0.000000 0.000000 -0.000000
54  -0.000003 -0.000001 -0.000001  -0.000000 -0.000000 0.000000
55  0.000001 0.000001 -0.000001  0.000000 0.000000 -0.000000
56  2.307434 -0.000001 -0.000001  0.000002 0.000001 -0.056419
57  0.000000 0.000000 -0.000000  0.004141 0.027896 -0.000736
58  -11.322275 21.009979 -17.260075  0.229301 0.590514 -0.013888
59  0.071248 114.357033 62.238792  0.000000 0.000000 -0.000000
60  1.986523 0.000008 -3.123737  -2.705260 -0.000000 -1.570797
61  -1.986697 0.000013 -3.123741  0.436333 0.000001 1.570797
62  -0.000005 -0.000007 -0.000006  0.000000 0.000000 0.000000
63  -1.986695 0.000022 -3.123732  0.436333 0.000001 1.570797
64  -11.344166 1.135887 0.869280  0.000002 -0.025019 -0.026323
65  1.986525 0.000017 -3.123728  -2.705260 -0.000000 -1.570797
66  -11.350046 -0.729421 0.864892  0.000197 -0.025367 0.026442
67  1.754234 4.036762 -1.682661  0.392575 -0.010120 -1.546362
68  -1.755144 4.036757 -1.682657  -0.392577 -0.010391 -1.594986
69  -0.164555 7.327704 3.928705  -0.000000 0.000001 -1.570796
70  0.079084 36.742691 -0.508020  0.000001 0.000000 -0.000000
71  -1.260172 8.777410 6.736408  -0.000002 -0.424415 -3.141592
72  1.525194 18.283594 2.968625  0.000000 0.000000 -0.000000
73  0.060213 10.324389 74.469055  0.000008 0.000000 -0.000000
74  0.062809 75.917999 83.075439  1.570797 0.000000 -1.570796
75  4.804174 -3.971743 -0.000001  -0.000000 0.000000 -0.000000
76  -7.041570 -5.025991 -0.000001  -0.000000 -0.000000 -0.000000
77  8.407173 -3.978434 0.003052  -1.570796 1.570795 0.000000
78  10.376187 -3.978446 0.003058  -1.570796 1.570796 0.000000
79  10.194014 -0.314062 -1.749550  -1.570796 1.570796 0.000000
80  20.857883 -4.015570 0.000002  0.000000 -0.000000 0.000000
81  3.258431 5.856953 -3.403525  -0.000000 -0.000000 -0.000000
82  15.153044 5.860575 -3.403524  0.000000 -0.000000 0.000000
83  6.064257 77.294952 36.365795  1.570796 -0.000000 1.570796
84  -2.662413 1.445754 40.667961  -0.000000 3.141591 1.570796
85  8.352067 2.772897 0.000541  -3.141589 0.000002 0.000000
86  6.064257 72.973701 32.593250  1.570796 -0.000000 1.570796
87  0.004368 73.768417 -3.792005  0.000000 0.000000 0.000000
88  -0.442608 1.284884 8.535293  -0.000000 -0.000001 0.000000
89  0.000001 1.310214 -0.000000  0.000000 0.000000 0.000000
90  0.000000 0.582269 -0.000000  0.000000 0.000000 0.000000
91  0.036298 1.284887 7.928799  0.000000 -0.000001 0.000000
92  0.000001 1.310209 -0.000001  0.000000 0.000000 0.000000
93  0.000000 0.582257 -0.000001  0.000000 0.000000 0.000000
94  5.969322 3.427464 -6.170649  -0.000000 -0.000001 -1.570797
95  -1.310208 0.000001 0.000002  0.000000 -0.000000 -0.000000
96  -0.582255 -0.000000 0.000001  0.000000 -0.000000 -0.000000
97  5.969323 9.397398 -6.170658  -0.000000 -0.000001 -1.570796
98  -1.310215 0.000000 -0.000000  0.000000 0.000000 -0.000000
99  -0.582262 -0.000000 -0.000001  0.000000 0.000000 -0.000000
100  5.969321 15.223770 -6.170668  -0.000000 -0.000001 -1.570796
101  -1.310208 0.000004 0.000002  -0.000000 0.000000 -0.000000
102  -0.582256 0.000003 0.000000  -0.000000 0.000000 -0.000000
103  5.969322 20.835571 -6.170669  -0.000000 -0.000001 -1.570796
104  -1.310209 0.000000 -0.000001  -0.000000 0.000000 -0.000000
105  -0.582265 -0.000001 0.000001  -0.000000 0.000000 -0.000000
106  5.969324 26.771212 -6.170667  -0.000000 -0.000001 -1.570796
107  5.969323 32.597599 -6.170671  -0.000000 -0.000001 -1.570796
108  5.969323 38.209393 -6.170681  -0.000000 -0.000001 -1.570800
109  5.969322 49.488464 -6.170679  -0.000000 -0.000001 -1.570800
110  -0.539090 -0.556807 -0.017361  -0.042462 2.681156 1.551919
111  -6.799123 -0.556805 0.818552  -0.272420 2.701993 1.452460
112  -4.615283 -0.556820 0.270331  -0.117230 2.684609 1.518878
113  -2.650969 -0.556803 0.063011  -0.042463 2.681158 1.551919
114  27.110338 1.284864 12.007549  0.000000 -0.000000 -0.000000
115  28.133423 1.284860 12.007547  0.000001 -0.000000 -0.000000
116  12.812885 2.241786 12.007553  0.000000 -0.000001 -0.000001
117  -9.955968 -0.319625 4.380216  -0.000001 -0.000000 -0.000001
118  -11.316473 -0.319620 4.380217  -0.000003 -0.000000 -0.000000
119  -12.667810 -0.319628 4.380219  -0.000003 -0.000000 0.000001
120  -14.022141 -0.319623 4.380218  0.000010 -0.000000 -0.000011
121  -15.373239 -0.319620 4.380217  0.000015 -0.000000 -0.000015
122  -16.724140 -0.319615 4.380216  -0.000009 -0.000000 0.000006
123  -18.074572 -0.319620 4.380218  -0.000006 -0.000000 0.000004
124  -19.423716 -0.319618 4.380218  0.000002 0.000000 -0.000004
125  -20.775270 -0.319620 4.380219  0.000003 0.000000 -0.000004
126  -22.126671 -0.319613 4.380218  0.000003 0.000000 -0.000004
127  -23.478123 -0.319622 4.380218  0.000005 -0.000000 -0.000006
128  -24.830620 -0.319620 4.380217  0.000036 0.000000 -0.000038
129  -26.182030 -0.319613 4.380217  -0.000011 0.000000 0.000011
130  0.529179 -0.167125 0.629487  -0.101270 -0.000000 0.000000
131  -0.211444 -0.241674 0.155361  -0.145847 -0.000000 0.000000
132  0.529190 -0.280705 -0.110289  -0.145847 -0.000000 0.000000
133  -0.173927 -0.337324 -0.638494  -0.181751 -0.000000 0.000000
134  0.529189 -0.399245 -0.975390  -0.181751 -0.000000 0.000000
135  -0.211444 -0.464478 -1.431039  -0.192399 -0.000000 0.000000
136  0.529189 -0.515807 -1.694581  -0.192399 -0.000000 0.000000
137  -0.173929 -0.612149 -2.231908  -0.216703 -0.000000 0.000000
138  0.529188 -0.685805 -2.566437  -0.216703 -0.000000 0.000000
139  -0.211446 -0.769556 -3.027869  -0.237349 -0.000000 0.000000
140  0.529188 -0.832678 -3.288845  -0.237349 -0.000000 0.000000
141  -0.173937 -0.945282 -3.779561  -0.233859 0.000000 0.000000
142  0.529178 -1.024661 -4.112777  -0.233859 0.000000 0.000000
143  -0.211444 -1.132185 -4.577544  -0.262919 -0.000000 0.000000
144  0.529189 -1.201963 -4.836822  -0.262919 0.000000 0.000000
145  -0.000005 -2.810935 -10.636627  0.258454 0.000000 3.141592
146  -0.192455 -1.345778 -5.370043  -0.280373 0.000000 0.000000
147  0.533983 -1.413508 -5.605100  -0.276883 0.000000 0.000000
148  -0.206618 -1.795757 -6.909778  -0.287354 0.000000 0.000000
149  -0.205805 -1.564813 -6.138255  -0.290843 0.000000 0.000000
150  0.530459 -1.643676 -6.395210  -0.290844 0.000000 0.000000
151  0.535311 -1.790709 -7.204130  -0.287354 -0.000000 0.000000
152  -0.202704 -2.030488 -7.702826  -0.286180 -0.000000 0.000000
153  0.509548 -2.118889 -8.011622  -0.298398 -0.000000 0.000000
154  -0.202704 -2.255280 -8.465169  -0.283134 -0.000000 0.000000
155  0.509547 -2.352984 -8.771154  -0.295352 -0.000000 0.000000
156  -0.202705 -2.481591 -9.235468  -0.285437 -0.000000 0.000000
157  0.509546 -2.588684 -9.538633  -0.297654 -0.000000 0.000000
158  0.170123 -21.222099 -1.001137  -0.000001 -0.000001 0.000000
159  0.170122 -20.843861 -0.397181  -0.000001 -0.000001 0.000000
160  0.170122 -20.489746 -1.001137  -0.000001 -0.000001 0.000000
161  0.170123 -20.111061 -0.397179  -0.000001 -0.000001 0.000000
162  0.170123 -19.380081 -0.397184  -0.000001 -0.000001 0.000000
163  0.170123 -19.025105 -1.001145  -0.000001 -0.000001 0.000000
164  0.170123 -18.646652 -0.396444  -0.000001 -0.000001 0.000000
165  0.170124 -19.755760 -1.001138  -0.000001 -0.000001 0.000000
166  -0.015971 10.612516 2.686019  0.000001 0.000000 -0.000000
167  0.059853 -50.160706 6.449381  1.570797 0.000000 -1.570797
168  0.064650 27.351288 72.195206  0.000000 -0.000000 -0.000001
169  6.064260 95.114021 31.645500  0.000000 -0.000001 1.570796
170  0.054186 102.845642 29.795366  -0.000000 0.000001 -1.570796
171  6.064257 69.096558 37.164318  1.570796 -0.000000 1.570796
172  1.974303 11.989233 4.589252  0.000000 0.000000 -0.000000
173  -0.011480 23.944750 5.090363  0.000001 0.000000 0.000000
174  -1.691249 8.833342 5.763508  0.000001 0.000000 -0.000000
175  6.064260 89.329811 31.613922  0.000000 -0.000001 1.570796
176  0.059884 2.255334 54.398014  0.000000 0.000000 -0.000000
177  0.003496 -22.270643 0.000146  1.570797 0.000000 -1.570797
178  0.104011 15.380371 2.266154  0.000001 0.000000 -0.000000
179  -0.000034 0.000020 -0.000044  0.000000 0.000000 0.000000
180  -0.000023 -0.000010 0.000038  0.000000 0.000000 0.000000
181  -2.662412 1.445757 33.628742  -0.000000 3.141591 1.570796
182  8.352066 2.772897 0.000542  -3.141589 0.000002 0.000000
183  -2.662413 1.445754 40.667961  -0.000000 3.141591 1.570796
184  8.352067 2.772897 0.000541  -3.141589 0.000002 0.000000
185  -1.431355 16.384779 4.137813  0.000001 0.000000 0.000000
186  -0.001843 0.521682 -0.140287  0.000000 0.000000 -0.000000
187  7.323111 -5.136190 -5.166235  0.000000 0.000000 -0.610865
188  2.698280 -0.000001 0.000001  -0.000012 0.000000 0.000001
189  2.834158 0.000000 0.000001  0.000013 0.000000 -0.000000
190  2.648921 -0.000000 0.000001  -0.000001 -0.000001 0.000000
191  2.667500 -0.000003 -0.000001  0.000000 -0.000000 0.000000
192  2.426703 -0.000002 0.000004  0.000000 -0.000000 -0.000000
193  -0.494743 -44.353451 -1.302296  1.570797 0.000000 -1.570797
194  11.545938 73.768417 -3.792009  0.000000 0.000000 -0.000000
195  -0.066954 -10.025105 -0.912532  0.000000 0.000000 -0.000000
196  0.000002 -0.000000 -1.529053  -0.000000 0.000000 -0.000000
197  -0.078944 -0.000000 -0.000001  0.000000 0.000001 1.570796
198  0.097092 0.000000 -0.000001  -0.000000 -3.141592 1.570796
199  0.000000 0.000000 0.000000  0.000000 -0.000000 -0.000000
200  -9.222603 21.199223 -10.027011  0.229301 0.590514 -0.013888
201  -11.694416 20.817398 -19.691151  0.229300 0.590514 -0.013889
time 3
0  0 0 0  0 0 0
1  0.000000 0.000000 0.000000  0.000000 -0.000000 -0.000000
2  -0.000005 0.000023 -61.375507  0.000000 0.000000 -1.570795
3  -0.012872 0.000000 8.235020  -1.570799 -1.570796 0.000000
4  16.163128 -0.012870 -0.000002  -0.000000 -0.000000 0.000000
5  -0.000000 0.000000 -0.000005  0.000000 -0.000000 -0.000000
6  -0.000034 -0.000002 -0.000000  0.195652 0.288417 0.528566
7  -0.000000 -0.000009 0.000002  0.000000 0.000000 -0.870515
8  -0.000003 -0.000000 -0.000001  -0.050361 -0.000000 -0.000000
9  -0.000002 -0.000001 -0.000001  -0.100815 -0.000000 -0.000000
10  -0.000003 -0.000000 0.000000  -0.151211 -0.000000 -0.000000
11  -0.000003 -0.000000 0.000001  -0.201642 0.000000 -0.000000
12  -0.000003 0.000000 -0.000001  -0.252078 -0.000000 -0.000000
13  -0.000002 -0.000002 0.000000  -0.302492 -0.000000 -0.000000
14  -0.000006 -0.000002 -0.000002  -0.352914 -0.000000 -0.000000
15  -0.000008 -0.000001 0.000001  -0.244181 -0.389611 -0.493389
16  -0.000003 0.000003 -0.000000  0.217781 0.090899 -0.049746
17  -0.000005 -0.000001 0.000003  0.097314 0.035988 -0.326586
18  -0.000002 -0.000003 0.000003  0.058445 0.026042 -0.358416
19  0.000004 0.000004 -0.000003  0.115640 0.137722 -0.641069
20  -0.000001 0.000000 -0.000000  0.000000 -0.000000 0.154333
21  0.000000 0.000005 -0.000001  -0.000000 0.000000 0.154333
22  0.000001 0.000006 -0.000001  -0.210015 0.205987 0.194890
23  3.672214 0.000005 0.000000  0.000003 0.000001 0.142941
24  -0.000006 -0.000001 0.000001  0.000000 0.000000 -0.304529
25  0.000004 0.000003 -0.000003  -0.082977 0.060987 -0.203521
26  -0.000001 -0.000000 0.000000  -0.000000 0.000000 -0.152925
27  2.496794 0.000007 0.000001  -0.000000 0.000000 -0.091107
28  0.000005 0.000006 0.000002  -0.025831 0.343789 0.300085
29  0.000003 0.000001 0.000002  -0.000000 -0.000000 0.424956
30  2.199413 0.000001 0.000008  0.000001 0.000001 0.029263
31  0.000004 -0.000000 0.000003  -0.636182 0.000464 -0.000153
32  -0.000015 -0.000001 0.000001  0.533140 0.379977 0.223132
33  -0.000005 0.000001 -0.000000  0.000000 -0.000000 -0.269377
34  0.000006 0.000000 -0.000000  -0.112001 0.000000 -0.000000
35  0.000006 -0.000002 0.000001  -0.223985 0.000000 0.000000
36  0.000001 -0.000001 -0.000000  -0.336000 0.000000 0.000000
37  0.000005 0.000000 0.000000  -0.447964 -0.000000 0.000000
38  0.000001 0.000000 -0.000000  -0.559978 -0.000000 -0.000000
39  0.000001 -0.000000 -0.000000  -0.671954 -0.000000 0.000000
40  0.000001 -0.000001 0.000000  -0.783986 0.000000 0.000000
41  -0.000002 -0.000003 -0.000001  -0.713917 -0.224194 0.055551
42  -0.000003 -0.000000 0.000000  0.154784 -0.064439 0.075569
43  3.954715 0.000011 0.000003  -0.000000 -0.000002 0.166320
44  0.000001 -0.000002 -0.000001  -0.000000 -0.000000 0.008911
45  -0.000006 -0.000002 -0.000002  -0.148019 0.112395 0.732772
46  -0.000003 -0.000001 0.000000  0.000000 0.000000 0.112550
47  -0.000002 0.000003 0.000001  0.000000 0.000000 0.112551
48  -0.000002 -0.000001 0.000000  -0.043217 -0.273872 -0.091886
49  0.000001 -0.000000 -0.000000  -0.000000 -0.000000 -0.198820
50  0.000001 -0.000001 -0.000000  -0.000000 0.000000 0.379482
51  -0.000007 -0.000000 0.000000  -0.097018 -0.280100 -0.322307
52  -0.000004 0.000001 -0.000000  -0.000000 -0.000000 -0.197348
53  -0.000001 0.000002 0.000001  0.000000 0.000000 0.364452
54  -0.000007 0.000000 0.000001  -0.155633 -0.325859 -0.638207
55  -0.000002 0.000001 0.000001  0.000000 0.000000 -0.231727
56  2.307435 -0.000001 -0.000003  0.000002 0.000001 -0.056419
57  0.000000 0.000000 -0.000000  0.005617 -0.001950 -0.001165
58  7.144765 7.899277 -1.701747  -0.680235 1.013630 0.096780
59  0.071249 114.357040 62.238789  -0.000000 -0.000000 -0.000000
60  1.986526 0.000015 -3.123756  -2.705260 -0.000000 -1.570797
61  -1.986690 0.000013 -3.123759  0.436333 0.000001 1.570797
62  0.000004 0.000004 -0.000015  0.000000 -0.000000 -0.000000
63  -1.986693 0.000032 -3.123736  0.436333 0.000001 1.570797
64  -11.344168 1.135885 0.869288  0.000002 -0.025020 -0.026323
65  1.986522 0.000035 -3.123736  -2.705260 -0.000000 -1.570797
66  -11.350048 -0.729418 0.864893  0.000197 -0.025367 0.026442
67  1.754234 4.036768 -1.682674  0.392575 -0.010120 -1.546362
68  -1.755141 4.036768 -1.682671  -0.392577 -0.010391 -1.594986
69  -0.164555 7.327705 3.928704  0.000000 0.000001 -1.570796
70  0.079081 36.742695 -0.508024  0.000001 -0.000000 -0.000000
71  -1.260174 8.777410 6.736405  -0.000002 -0.424415 -3.141592
72  1.525193 18.283600 2.968622  0.000000 -0.000000 -0.000000
73  0.060214 10.324385 74.469048  0.000008 -0.000000 -0.000000
74  0.062809 75.918007 83.075439  1.570797 -0.000000 -1.570796
75  4.804183 -3.971748 0.000002  -0.000000 0.000000 -0.000001
76  -7.041563 -5.026000 0.000003  -0.000000 -0.000000 -0.000000
77  8.407184 -3.978440 0.003056  -1.570796 1.570795 0.000000
78  10.376188 -3.978440 0.003056  -1.570796 1.570796 0.000000
79  10.194019 -0.314068 -1.749547  -1.570796 1.570796 0.000000
80  20.857893 -4.015572 0.000004  0.000000 -0.000000 0.000000
81  3.258445 5.856951 -3.403523  -0.000000 -0.000000 -0.000000
82  15.153053 5.860578 -3.403519  -0.000000 -0.000000 0.000000
83  6.064255 77.294952 36.365791  1.570796 0.000000 1.570796
84  -2.662411 1.445754 40.667961  0.000000 3.141591 1.570796
85  8.352065 2.772894 0.000541  -3.141589 0.000002 -0.000000
86  6.064259 72.973701 32.593246  1.570796 0.000000 1.570796
87  0.004362 73.768425 -3.792015  0.000000 -0.000000 0.000000
88  -0.442609 1.284888 8.535290  -0.000000 -0.000001 0.000000
89  0.000001 1.310205 -0.000004  0.000000 -0.000000 0.000000
90  0.000001 0.582255 -0.000004  0.000000 -0.000000 0.000000
91  0.036295 1.284883 7.928793  -0.000000 -0.000001 0.000000
92  0.000002 1.310208 -0.000002  0.000000 -0.000000 0.000000
93  0.000002 0.582257 -0.000003  0.000000 -0.000000 0.000000
94  5.969322 3.427464 -6.170650  -0.000000 -0.000001 -1.570797
95  -1.310208 0.000001 0.000001  0.000000 -0.000000 -0.000000
96  -0.582257 0.000004 0.000003  0.000000 -0.000000 -0.000000
97  5.969319 9.397406 -6.170661  -0.000000 -0.000001 -1.570796
98  -1.310207 0.000000 -0.000000  0.000000 0.000000 -0.000000
99  -0.582259 0.000001 -0.000000  0.000000 0.000000 -0.000000
100  5.969316 15.223775 -6.170671  0.000000 -0.000001 -1.570796
101  -1.310209 0.000007 -0.000007  -0.000000 0.000000 -0.000000
102  -0.582256 0.000006 -0.000007  -0.000000 0.000000 -0.000000
103  5.969322 20.835573 -6.170675  0.000000 -0.000001 -1.570796
104  -1.310209 -0.000001 -0.000004  -0.000000 0.000000 -0.000000
105  -0.582254 -0.000003 -0.000006  -0.000000 0.000000 -0.000000
106  5.969322 26.771210 -6.170679  0.000000 -0.000001 -1.570796
107  5.969323 32.597603 -6.170675  0.000000 -0.000001 -1.570796
108  5.969324 38.209404 -6.170690  0.000000 -0.000001 -1.570800
109  5.969321 49.488472 -6.170690  0.000000 -0.000001 -1.570800
110  -0.539093 -0.556801 -0.017366  -0.042462 2.681156 1.551919
111  -6.799124 -0.556801 0.818548  -0.272420 2.701993 1.452460
112  -4.615283 -0.556819 0.270324  -0.117230 2.684609 1.518878
113  -2.650972 -0.556800 0.063010  -0.042463 2.681158 1.551919
114  27.110338 1.284862 12.007551  -0.000000 -0.000000 -0.000000
115  28.133429 1.284859 12.007544  0.000001 -0.000000 -0.000000
116  12.812885 2.241795 12.007553  -0.000000 -0.000001 -0.000001
117  -9.955969 -0.319619 4.380215  -0.000001 -0.000000 -0.000001
118  -11.316477 -0.319617 4.380213  -0.000003 -0.000000 -0.000000
119  -12.667812 -0.319617 4.380216  -0.000003 -0.000000 0.000001
120  -14.022142 -0.319615 4.380212  0.000009 -0.000000 -0.000011
121  -15.373240 -0.319617 4.380214  0.000015 -0.000000 -0.000015
122  -16.724144 -0.319615 4.380210  -0.000009 -0.000000 0.000006
123  -18.074574 -0.319612 4.380211  -0.000006 -0.000000 0.000004
124  -19.423717 -0.319613 4.380214  0.000002 0.000000 -0.000004
125  -20.775272 -0.319614 4.380211  0.000003 0.000000 -0.000004
126  -22.126673 -0.319617 4.380214  0.000003 -0.000000 -0.000004
127  -23.478125 -0.319615 4.380211  0.000005 -0.000000 -0.000006
128  -24.830620 -0.319615 4.380213  0.000036 0.000000 -0.000038
129  -26.182030 -0.319612 4.380211  -0.000011 -0.000000 0.000011
130  0.529179 -0.167125 0.629482  -0.101270 -0.000000 0.000000
131  -0.211447 -0.241677 0.155359  -0.145847 -0.000000 0.000000
132  0.529190 -0.280693 -0.110291  -0.145847 -0.000000 -0.000000
133  -0.173929 -0.337324 -0.638499  -0.181751 -0.000000 0.000000
134  0.529191 -0.399240 -0.975394  -0.181751 -0.000000 0.000000
135  -0.211446 -0.464469 -1.431041  -0.192399 -0.000000 0.000000
136  0.529189 -0.515803 -1.694583  -0.192399 -0.000000 0.000000
137  -0.173930 -0.612145 -2.231911  -0.216703 -0.000000 0.000000
138  0.529189 -0.685802 -2.566438  -0.216703 -0.000000 -0.000000
139  -0.211447 -0.769557 -3.027870  -0.237349 -0.000000 0.000000
140  0.529185 -0.832683 -3.288846  -0.237349 -0.000000 -0.000000
141  -0.173939 -0.945276 -3.779562  -0.233859 0.000000 0.000000
142  0.529179 -1.024650 -4.112779  -0.233859 0.000000 -0.000000
143  -0.211444 -1.132180 -4.577548  -0.262919 -0.000000 0.000000
144  0.529189 -1.201958 -4.836829  -0.262919 0.000000 -0.000000
145  -0.000007 -2.810937 -10.636631  0.258454 0.000000 3.141592
146  -0.192457 -1.345772 -5.370047  -0.280373 0.000000 0.000000
147  0.533983 -1.413505 -5.605108  -0.276883 0.000000 0.000000
148  -0.206617 -1.795753 -6.909778  -0.287354 0.000000 0.000000
149  -0.205804 -1.564813 -6.138254  -0.290843 0.000000 0.000000
150  0.530457 -1.643673 -6.395218  -0.290844 0.000000 0.000000
151  0.535311 -1.790702 -7.204131  -0.287354 -0.000000 0.000000
152  -0.202706 -2.030479 -7.702830  -0.286180 -0.000000 0.000000
153  0.509548 -2.118894 -8.011621  -0.298398 -0.000000 0.000000
154  -0.202705 -2.255276 -8.465170  -0.283134 -0.000000 0.000000
155  0.509548 -2.352977 -8.771158  -0.295352 -0.000000 0.000000
156  -0.202706 -2.481592 -9.235470  -0.285437 -0.000000 0.000000
157  0.509545 -2.588679 -9.538639  -0.297654 -0.000000 0.000000
158  0.170120 -21.222086 -1.001141  -0.000001 -0.000001 0.000000
159  0.170121 -20.843863 -0.397183  -0.000001 -0.000001 0.000000
160  0.170120 -20.489740 -1.001141  -0.000001 -0.000001 0.000000
161  0.170122 -20.111067 -0.397185  -0.000001 -0.000001 0.000000
162  0.170122 -19.380085 -0.397186  -0.000001 -0.000001 0.000000
163  0.170120 -19.025105 -1.001148  -0.000001 -0.000001 0.000000
164  0.170121 -18.646656 -0.396448  -0.000001 -0.000001 0.000000
165  0.170124 -19.755754 -1.001141  -0.000001 -0.000001 0.000000
166  -0.015973 10.612518 2.686017  0.000001 -0.000000 -0.000000
167  0.059852 -50.160706 6.449384  1.570797 -0.000000 -1.570796
168  0.064654 27.351292 72.195198  -0.000000 -0.000000 -0.000001
169  6.064259 95.114021 31.645500  -0.000000 -0.000001 1.570796
170  0.054186 102.845650 29.795359  0.000000 0.000001 -1.570796
171  6.064257 69.096565 37.164318  1.570796 0.000000 1.570796
172  1.974303 11.989235 4.589251  0.000000 -0.000000 -0.000000
173  -0.011481 23.944748 5.090360  0.000001 -0.000000 0.000000
174  -1.691251 8.833342 5.763506  0.000001 -0.000000 -0.000000
175  6.064260 89.329803 31.613911  -0.000000 -0.000001 1.570796
176  0.059884 2.255333 54.398010  -0.000000 -0.000000 -0.000000
177  0.003497 -22.270649 0.000150  1.570797 -0.000000 -1.570797
178  0.104010 15.380371 2.266153  0.000001 -0.000000 -0.000000
179  4.068565 -2.286275 1.381665  0.293644 0.293485 -0.722350
180  3.711862 6.285862 13.303664  1.188271 0.431171 -0.168814
181  -2.662413 1.445757 33.628742  0.000000 3.141591 1.570796
182  8.352066 2.772894 0.000545  -3.141589 0.000002 -0.000000
183  -2.662411 1.445754 40.667961  0.000000 3.141591 1.570796
184  8.352065 2.772894 0.000541  -3.141589 0.000002 -0.000000
185  -1.431355 16.384781 4.137811  0.000001 -0.000000 0.000000
186  -0.001844 0.521682 -0.140289  0.000000 -0.000000 -0.000000
187  7.323110 -5.136192 -5.166237  -0.000000 0.000000 -0.610865
188  2.698278 -0.000001 -0.000001  -0.000012 0.000000 0.000000
189  2.834159 -0.000002 0.000001  0.000013 0.000000 -0.000000
190  2.648917 0.000000 0.000000  -0.000001 -0.000001 0.000000
191  2.667501 -0.000002 0.000000  0.000000 -0.000000 0.000000
192  2.426705 -0.000002 -0.000000  0.000000 0.000000 -0.000000
193  -0.494743 -44.353451 -1.302295  1.570797 -0.000000 -1.570797
194  11.545938 73.768425 -3.792012  0.000000 -0.000000 -0.000000
195  -0.066954 -10.025106 -0.912532  -0.000000 -0.000000 -0.000000
196  0.000001 -0.000002 -1.529052  -0.000001 -0.000000 -0.000000
197  -0.078941 -0.000002 0.000000  0.000000 0.000001 1.570796
198  0.097093 -0.000002 -0.000000  -0.000000 -3.141592 1.570796
199  0.000000 0.000000 0.000000  0.000000 -0.000000 -0.000000
200  -3.272448 11.902098 -5.349607  -0.282709 1.078266 -0.842162
201  12.498463 9.101699 -5.986498  -0.952442 0.544495 -0.810638
time 4
0  0 0 0  0 0 0
1  0.000000 0.000000 0.000000  0.000000 -0.000000 -0.000000
2  -0.000005 0.000023 -61.375507  0.000000 0.000000 -1.570795
3  -0.012872 0.000000 8.235020  -1.570799 -1.570796 0.000000
4  16.163128 -0.012870 -0.000002  -0.000000 -0.000000 0.000000
5  -0.000000 0.000000 -0.000005  -0.094032 0.000061 -0.000003
6  -0.000030 -0.000002 -0.000000  -0.566355 0.670233 0.510121
7  0.000002 -0.000007 -0.000000  -0.000000 0.000000 -0.703917
8  0.000001 0.000001 0.000001  -0.007324 -0.000000 -0.000000
9  0.000001 0.000001 0.000000  -0.014710 -0.000000 -0.000000
10  0.000000 0.000000 0.000001  -0.022096 -0.000000 -0.000000
11  0.000000 0.000000 0.000002  -0.029482 0.000000 -0.000000
12  0.000000 0.000000 0.000001  -0.036868 -0.000000 -0.000000
13  0.000000 -0.000001 0.000001  -0.044256 -0.000000 -0.000000
14  -0.000003 -0.000001 -0.000000  -0.051582 -0.000000 -0.000000
15  0.000000 0.000002 0.000004  0.183031 -0.283001 -0.791671
16  -0.000007 -0.000002 0.000001  0.235810 0.098965 -0.052955
17  -0.000001 0.000000 0.000003  0.104777 0.040405 -0.353593
18  0.000000 0.000002 0.000003  0.062837 0.029161 -0.388253
19  -0.000004 -0.000001 -0.000000  0.120977 0.151979 -0.694243
20  -0.000001 0.000003 0.000000  0.000000 0.000000 0.167192
21  -0.000000 -0.000004 -0.000000  0.000000 0.000000 0.167192
22  -0.000007 -0.000001 -0.000001  -0.225927 0.224852 0.209447
23  3.672214 0.000002 -0.000001  0.000003 0.000001 0.142941
24  -0.000002 -0.000002 0.000000  0.000000 -0.000000 -0.329935
25  0.000000 -0.000000 -0.000002  -0.090455 0.065292 -0.220710
26  -0.000001 -0.000001 0.000002  -0.000000 0.000000 -0.165661
27  2.496792 0.000006 -0.000000  0.000000 0.000000 -0.091107
28  -0.000004 -0.000001 0.000002  -0.023088 0.372540 0.326177
29  -0.000001 -0.000000 0.000002  0.000000 -0.000000 0.460367
30  2.199408 0.000001 0.000003  0.000001 0.000001 0.029263
31  0.000004 -0.000000 0.000003  1.323557 -0.000770 -0.000600
32  -0.000015 -0.000001 0.000001  0.455270 -0.130298 0.704176
33  -0.000005 0.000000 -0.000000  0.000000 -0.000000 0.733454
34  0.000001 -0.000003 -0.000000  -0.154088 0.000000 -0.000000
35  -0.000002 -0.000004 -0.000001  -0.308173 0.000000 0.000000
36  -0.000003 -0.000004 0.000000  -0.462311 0.000000 0.000000
37  -0.000002 0.000000 -0.000000  -0.616421 -0.000000 -0.000000
38  -0.000005 -0.000004 0.000001  -0.770531 0.000000 -0.000000
39  -0.000005 -0.000004 0.000000  -0.924645 -0.000000 -0.000000
40  -0.000005 -0.000008 0.000002  -1.078741 -0.000000 0.000000
41  -0.000009 -0.000005 -0.000002  -0.921982 -0.407483 -0.436137
42  0.000001 -0.000000 -0.000000  0.167455 -0.070293 0.081402
43  3.954718 0.000010 0.000004  -0.000000 -0.000002 0.166320
44  -0.000002 -0.000005 0.000001  0.000000 -0.000000 0.009644
45  0.000001 -0.000003 -0.000005  -0.156024 0.126114 0.793385
46  -0.000001 -0.000001 -0.000004  -0.000000 0.000000 0.121966
47  -0.000001 0.000000 -0.000002  0.000000 -0.000000 0.121966
48  -0.000000 -0.000000 -0.000001  -0.045770 -0.296876 -0.099259
49  -0.000000 -0.000001 -0.000002  0.000000 -0.000000 -0.215388
50  -0.000002 0.000000 0.000002  0.000000 0.000000 0.411104
51  -0.000005 0.000001 -0.000001  -0.101076 -0.304573 -0.348928
52  -0.000001 -0.000000 -0.000002  0.000000 -0.000000 -0.213792
53  -0.000002 -0.000000 0.000005  0.000000 0.000000 0.394783
54  -0.000003 -0.000001 -0.000003  -0.158749 -0.356270 -0.691845
55  0.000002 0.000001 -0.000001  0.000000 -0.000000 -0.251033
56  2.307435 -0.000001 -0.000006  0.000002 0.000001 -0.056419
57  0.000000 0.000000 -0.000000  -0.004931 -0.031837 0.010639
58  28.000286 4.489426 9.440099  -1.701634 1.353338 0.248766
59  0.071250 114.357025 62.238792  0.000000 -0.000000 0.000000
60  1.986524 0.000010 -3.123735  -2.705260 -0.000000 -1.570797
61  -1.986692 0.000008 -3.123744  0.436333 0.000001 1.570797
62  0.000000 -0.000005 -0.000002  0.000000 0.000000 0.000000
63  -1.986687 -0.000002 -3.123740  0.436333 0.000001 1.570797
64  -11.344163 1.135885 0.869278  0.000002 -0.025019 -0.026324
65  1.986528 0.000009 -3.123733  -2.705260 -0.000000 -1.570797
66  -11.350052 -0.729421 0.864882  0.000197 -0.025367 0.026442
67  1.754242 4.036744 -1.682670  0.392575 -0.010120 -1.546363
68  -1.755136 4.036749 -1.682667  -0.392577 -0.010391 -1.594986
69  -0.164557 7.327704 3.928703  -0.000000 0.000001 -1.570796
70  0.079082 36.742687 -0.508024  0.000001 -0.000000 0.000000
71  -1.260175 8.777409 6.736406  -0.000002 -0.424416 -3.141592
72  1.525192 18.283596 2.968622  0.000000 0.000000 0.000000
73  0.060215 10.324386 74.469048  0.000008 0.000000 0.000000
74  0.062808 75.917999 83.075439  1.570797 0.000000 -1.570796
75  4.804180 -3.971746 0.000001  -0.000000 0.000000 -0.000000
76  -7.041576 -5.025993 0.000002  -0.000000 -0.000000 -0.000000
77  8.407175 -3.978437 0.003055  -1.570796 1.570795 0.000000
78  10.376183 -3.978446 0.003057  -1.570796 1.570796 0.000000
79  10.194014 -0.314061 -1.749547  -1.570796 1.570796 0.000000
80  20.857885 -4.015563 0.000004  0.000000 -0.000000 -0.000000
81  3.258435 5.856955 -3.403523  -0.000000 -0.000000 -0.000000
82  15.153048 5.860581 -3.403521  0.000000 -0.000000 0.000000
83  6.064257 77.294945 36.365795  1.570796 -0.000000 1.570796
84  -2.662413 1.445752 40.667953  -0.000000 3.141591 1.570796
85  8.352065 2.772897 0.000539  -3.141589 0.000002 0.000000
86  6.064256 72.973686 32.593254  1.570796 -0.000000 1.570796
87  0.004367 73.768410 -3.792010  0.000000 0.000000 0.000000
88  -0.442608 1.284882 8.535294  0.000000 -0.000001 0.000000
89  0.000001 1.310211 -0.000000  0.000000 0.000000 0.000000
90  -0.000001 0.582260 0.000002  0.000000 0.000000 0.000000
91  0.036298 1.284882 7.928800  0.000000 -0.000001 0.000000
92  0.000001 1.310216 0.000000  0.000000 0.000000 0.000000
93  -0.000001 0.582264 0.000003  0.000000 0.000000 0.000000
94  5.969323 3.427464 -6.170649  -0.000000 -0.000001 -1.570797
95  -1.310213 0.000001 0.000002  0.000000 0.000000 -0.000000
96  -0.582265 0.000001 0.000002  0.000000 0.000000 -0.000000
97  5.969322 9.397400 -6.170657  -0.000000 -0.000001 -1.570796
98  -1.310209 0.000000 0.000002  0.000000 0.000000 -0.000000
99  -0.582261 -0.000001 0.000003  0.000000 0.000000 -0.000000
100  5.969322 15.223770 -6.170669  -0.000000 -0.000001 -1.570796
101  -1.310210 0.000001 0.000003  -0.000000 0.000000 -0.000000
102  -0.582259 0.000001 0.000005  -0.000000 0.000000 -0.000000
103  5.969322 20.835575 -6.170667  -0.000000 -0.000001 -1.570796
104  -1.310202 0.000003 -0.000003  -0.000000 0.000000 -0.000000
105  -0.582253 0.000001 0.000003  -0.000000 0.000000 -0.000000
106  5.969323 26.771214 -6.170667  -0.000000 -0.000001 -1.570796
107  5.969323 32.597595 -6.170673  -0.000000 -0.000001 -1.570796
108  5.969323 38.209400 -6.170681  0.000000 -0.000001 -1.570800
109  5.969323 49.488461 -6.170678  0.000000 -0.000001 -1.570800
110  -0.539090 -0.556804 -0.017359  -0.042462 2.681156 1.551919
111  -6.799123 -0.556802 0.818551  -0.272420 2.701993 1.452460
112  -4.615283 -0.556820 0.270331  -0.117230 2.684609 1.518878
113  -2.650969 -0.556809 0.063012  -0.042463 2.681158 1.551919
114  27.110334 1.284858 12.007551  0.000000 -0.000000 0.000000
115  28.133429 1.284860 12.007551  0.000001 -0.000000 0.000000
116  12.812887 2.241786 12.007552  0.000000 -0.000001 -0.000001
117  -9.955967 -0.319621 4.380219  -0.000001 -0.000000 -0.000001
118  -11.316474 -0.319620 4.380217  -0.000003 -0.000000 0.000000
119  -12.667811 -0.319618 4.380218  -0.000003 -0.000000 0.000001
120  -14.022141 -0.319618 4.380215  0.000010 -0.000000 -0.000011
121  -15.373240 -0.319621 4.380217  0.000015 -0.000000 -0.000015
122  -16.724144 -0.319617 4.380216  -0.000009 -0.000000 0.000006
123  -18.074572 -0.319618 4.380216  -0.000006 0.000000 0.000004
124  -19.423717 -0.319620 4.380218  0.000002 0.000000 -0.000004
125  -20.775270 -0.319621 4.380216  0.000003 0.000000 -0.000004
126  -22.126673 -0.319620 4.380217  0.000003 -0.000000 -0.000004
127  -23.478125 -0.319616 4.380215  0.000005 0.000000 -0.000006
128  -24.830620 -0.319616 4.380216  0.000036 0.000000 -0.000038
129  -26.182026 -0.319615 4.380215  -0.000011 0.000000 0.000011
130  0.529180 -0.167128 0.629486  -0.101270 -0.000000 0.000000
131  -0.211444 -0.241681 0.155363  -0.145847 -0.000000 0.000000
132  0.529191 -0.280702 -0.110291  -0.145847 -0.000000 0.000000
133  -0.173926 -0.337325 -0.638493  -0.181751 -0.000000 0.000000
134  0.529189 -0.399241 -0.975390  -0.181751 -0.000000 0.000000
135  -0.211444 -0.464472 -1.431040  -0.192399 -0.000000 0.000000
136  0.529189 -0.515807 -1.694581  -0.192399 -0.000000 0.000000
137  -0.173928 -0.612147 -2.231906  -0.216703 -0.000000 0.000000
138  0.529187 -0.685799 -2.566437  -0.216703 -0.000000 0.000000
139  -0.211445 -0.769561 -3.027868  -0.237349 -0.000000 0.000000
140  0.529189 -0.832686 -3.288846  -0.237349 -0.000000 0.000000
141  -0.173937 -0.945278 -3.779563  -0.233859 0.000000 0.000000
142  0.529179 -1.024656 -4.112777  -0.233859 0.000000 0.000000
143  -0.211443 -1.132184 -4.577544  -0.262919 -0.000000 0.000000
144  0.529190 -1.201963 -4.836823  -0.262919 0.000000 0.000000
145  -0.000005 -2.810940 -10.636628  0.258454 0.000000 3.141592
146  -0.192455 -1.345777 -5.370044  -0.280373 0.000000 0.000000
147  0.533983 -1.413509 -5.605101  -0.276883 0.000000 0.000000
148  -0.206618 -1.795758 -6.909777  -0.287354 0.000000 0.000000
149  -0.205804 -1.564815 -6.138254  -0.290843 0.000000 0.000000
150  0.530460 -1.643673 -6.395213  -0.290844 0.000000 0.000000
151  0.535310 -1.790702 -7.204130  -0.287354 -0.000000 0.000000
152  -0.202703 -2.030484 -7.702826  -0.286180 -0.000000 0.000000
153  0.509548 -2.118893 -8.011621  -0.298398 -0.000000 0.000000
154  -0.202703 -2.255278 -8.465169  -0.283134 -0.000000 0.000000
155  0.509548 -2.352977 -8.771157  -0.295352 -0.000000 0.000000
156  -0.202704 -2.481593 -9.235470  -0.285437 -0.000000 0.000000
157  0.509547 -2.588679 -9.538635  -0.297653 -0.000000 0.000000
158  0.170122 -21.222086 -1.001139  -0.000001 -0.000001 0.000000
159  0.170122 -20.843863 -0.397182  -0.000001 -0.000001 0.000000
160  0.170122 -20.489742 -1.001138  -0.000001 -0.000001 0.000000
161  0.170123 -20.111063 -0.397180  -0.000001 -0.000001 0.000000
162  0.170123 -19.380089 -0.397184  -0.000001 -0.000001 0.000000
163  0.170123 -19.025106 -1.001144  -0.000001 -0.000001 0.000000
164  0.170123 -18.646658 -0.396447  -0.000001 -0.000001 0.000000
165  0.170123 -19.755756 -1.001140  -0.000001 -0.000001 0.000000
166  -0.015973 10.612513 2.686016  0.000001 0.000000 0.000000
167  0.059850 -50.160709 6.449379  1.570797 -0.000000 -1.570797
168  0.064652 27.351286 72.195213  0.000000 -0.000000 -0.000001
169  6.064260 95.114006 31.645498  0.000000 -0.000001 1.570796
170  0.054185 102.845642 29.795362  -0.000000 0.000001 -1.570796
171  6.064256 69.096550 37.164318  1.570796 -0.000000 1.570796
172  1.974302 11.989231 4.589250  0.000000 0.000000 0.000000
173  -0.011481 23.944744 5.090361  0.000001 0.000000 0.000000
174  -1.691251 8.833340 5.763508  0.000001 0.000000 0.000000
175  6.064259 89.329796 31.613918  0.000000 -0.000001 1.570796
176  0.059885 2.255330 54.398014  0.000000 0.000000 0.000000
177  0.003495 -22.270643 0.000158  1.570797 -0.000000 -1.570797
178  0.104009 15.380367 2.266152  0.000001 -0.000000 0.000000
179  4.297660 -2.573941 1.418474  0.307851 0.325988 -0.780944
180  3.675793 6.762712 14.056151  1.293919 0.470426 -0.156312
181  -2.662412 1.445755 33.628742  -0.000000 3.141591 1.570796
182  8.352066 2.772898 0.000540  -3.141589 0.000002 0.000000
183  -2.662413 1.445752 40.667953  -0.000000 3.141591 1.570796
184  8.352065 2.772897 0.000539  -3.141589 0.000002 0.000000
185  -1.431357 16.384777 4.137811  0.000001 0.000000 0.000000
186  -0.001846 0.521681 -0.140289  0.000000 0.000000 0.000000
187  7.323109 -5.136195 -5.166237  0.000000 0.000000 -0.610865
188  2.698279 -0.000004 -0.000001  -0.000012 0.000000 0.000001
189  2.834162 -0.000005 -0.000001  0.000013 0.000000 0.000000
190  2.648918 0.000000 -0.000000  -0.000001 -0.000001 0.000000
191  2.667500 -0.000003 -0.000001  0.000000 0.000000 -0.000000
192  2.426701 -0.000001 -0.000000  0.000000 0.000000 -0.000000
193  -0.494746 -44.353443 -1.302295  1.570797 -0.000000 -1.570797
194  11.545938 73.768417 -3.792010  0.000000 0.000000 0.000000
195  -0.066955 -10.025109 -0.912533  0.000000 0.000000 0.000000
196  0.000000 0.000001 -1.529052  -0.000000 0.000000 0.000000
197  -0.078941 -0.000002 0.000000  0.000000 0.000001 1.570796
198  0.097093 0.000003 0.000001  -0.000000 -3.141592 1.570796
199  0.000000 0.000000 0.000000  0.000000 -0.000000 -0.000000
200  -2.205795 -23.582518 5.219906  -1.165603 0.956684 -0.597269
201  30.663189 12.164928 2.404124  -1.497571 0.529766 -0.021613
time 5
0  0 0 0  0 0 0
1  0.000000 0.000000 0.000000  0.000000 -0.000000 -0.000000
2  -0.000005 0.000023 -61.375507  0.000000 0.000000 -1.570795
3  -0.012872 0.000000 8.235020  -1.570799 -1.570796 0.000000
4  16.163128 -0.012870 -0.000002  -0.000000 -0.000000 0.000000
5  -0.000000 0.000000 -0.000005  0.000000 -0.000000 -0.000000
6  -0.000034 -0.000002 -0.000000  -0.507320 0.750437 0.401097
7  -0.000000 -0.000004 -0.000003  -0.000000 0.000000 -0.702357
8  0.000007 0.000001 0.000002  0.022828 -0.000000 -0.000000
9  0.000003 0.000001 -0.000001  0.045660 -0.000000 -0.000000
10  0.000003 0.000001 -0.000001  0.068558 -0.000000 -0.000000
11  0.000003 0.000000 0.000001  0.091404 -0.000000 -0.000000
12  0.000003 -0.000000 -0.000000  0.114263 -0.000000 -0.000000
13  0.000003 -0.000001 -0.000001  0.137136 -0.000000 -0.000000
14  0.000003 -0.000001 -0.000000  0.159965 -0.000000 -0.000000
15  0.000002 0.000002 0.000003  0.371522 -0.136493 -0.800455
16  -0.000007 -0.000004 0.000001  0.217781 0.090899 -0.049746
17  -0.000004 0.000000 0.000005  0.097314 0.035988 -0.326586
18  -0.000003 0.000000 0.000002  0.058445 0.026042 -0.358416
19  -0.000000 -0.000002 -0.000001  0.115640 0.137723 -0.641069
20  -0.000001 -0.000003 -0.000001  0.000000 0.000000 0.154333
21  0.000001 0.000007 -0.000000  -0.000000 0.000000 0.154333
22  -0.000002 -0.000000 -0.000001  -0.209953 0.205981 0.194897
23  3.672215 0.000003 -0.000003  0.000003 0.000001 0.142941
24  -0.000000 0.000001 -0.000002  0.000000 0.000000 -0.304529
25  0.000000 -0.000002 -0.000002  -0.082977 0.060987 -0.203521
26  0.000000 0.000003 0.000001  -0.000000 0.000000 -0.152925
27  2.496796 0.000006 0.000001  0.000000 0.000000 -0.091107
28  0.000004 0.000001 0.000003  -0.025831 0.343789 0.300085
29  0.000003 0.000002 0.000002  -0.000000 0.000000 0.424956
30  2.199413 0.000001 0.000005  0.000001 0.000001 0.029263
31  0.000004 -0.000000 0.000003  1.898618 -0.000746 -0.001042
32  -0.000015 -0.000001 0.000001  0.536888 -0.205017 1.205088
33  0.000003 -0.000002 0.000001  0.000000 -0.000000 0.646408
34  0.000001 -0.000001 0.000000  -0.151211 0.000000 -0.000000
35  -0.000001 -0.000001 -0.000001  -0.302368 -0.000000 0.000000
36  -0.000003 -0.000004 0.000000  -0.453600 0.000000 0.000000
37  -0.000001 -0.000001 0.000000  -0.604838 -0.000000 0.000000
38  -0.000004 0.000000 0.000000  -0.756061 0.000000 -0.000000
39  -0.000004 -0.000000 -0.000001  -0.907224 0.000000 -0.000000
40  -0.000002 -0.000000 -0.000000  -1.058458 0.000000 0.000000
41  -0.000007 -0.000000 -0.000002  -0.790800 -0.511826 -0.607767
42  -0.000000 0.000002 0.000004  0.154784 -0.064439 0.075569
43  3.954720 0.000011 0.000003  -0.000000 -0.000002 0.166319
44  -0.000002 -0.000004 -0.000001  -0.000000 0.000000 0.008911
45  0.000000 -0.000000 0.000000  -0.148019 0.112395 0.732772
46  0.000000 -0.000000 -0.000000  0.000000 0.000000 0.112550
47  0.000000 0.000001 -0.000000  0.000000 -0.000000 0.112551
48  -0.000001 0.000002 0.000003  -0.043217 -0.273872 -0.091886
49  -0.000003 0.000001 0.000004  0.000000 -0.000000 -0.198820
50  0.000000 0.000000 -0.000000  -0.000000 -0.000000 0.379482
51  -0.000004 0.000001 0.000002  -0.097018 -0.280100 -0.322306
52  -0.000003 0.000002 -0.000001  0.000000 -0.000000 -0.197348
53  -0.000004 0.000002 0.000003  0.000000 0.000000 0.364451
54  -0.000004 0.000001 0.000002  -0.155633 -0.325859 -0.638207
55  -0.000004 0.000000 -0.000000  0.000000 -0.000000 -0.231727
56  2.307432 0.000000 0.000001  0.000002 0.000001 -0.056419
57  0.000000 0.000000 -0.000000  -0.024536 -0.018342 0.032641
58  31.420824 5.952431 9.801015  -1.832866 1.453549 0.301097
59  0.071248 114.357025 62.238796  0.000000 -0.000000 0.000000
60  1.986526 0.000011 -3.123739  -2.705260 -0.000000 -1.570797
61  -1.986693 0.000021 -3.123742  0.436333 0.000001 1.570797
62  -0.000000 0.000007 -0.000001  0.000000 -0.000000 0.000000
63  -1.986693 0.000026 -3.123732  0.436333 0.000001 1.570797
64  -11.344148 1.135887 0.869275  0.000002 -0.025019 -0.026324
65  1.986525 0.000025 -3.123733  -2.705260 -0.000000 -1.570797
66  -11.350051 -0.729423 0.864888  0.000197 -0.025367 0.026442
67  1.754237 4.036761 -1.682669  0.392575 -0.010120 -1.546362
68  -1.755139 4.036760 -1.682669  -0.392577 -0.010391 -1.594986
69  -0.164556 7.327704 3.928704  0.000000 0.000001 -1.570796
70  0.079081 36.742691 -0.508022  0.000001 -0.000000 0.000000
71  -1.260173 8.777409 6.736406  -0.000002 -0.424416 -3.141592
72  1.525193 18.283598 2.968623  0.000000 -0.000000 0.000000
73  0.060217 10.324382 74.469055  0.000008 0.000000 0.000000
74  0.062807 75.917992 83.075439  1.570797 0.000000 -1.570796
75  4.804189 -3.971743 0.000001  -0.000000 0.000000 -0.000001
76  -7.041558 -5.025993 0.000001  -0.000000 -0.000000 -0.000000
77  8.407186 -3.978436 0.003055  -1.570796 1.570795 0.000000
78  10.376192 -3.978441 0.003056  -1.570796 1.570796 0.000000
79  10.194019 -0.314058 -1.749547  -1.570796 1.570796 0.000000
80  20.857891 -4.015567 0.000003  0.000000 -0.000000 0.000000
81  3.258445 5.856956 -3.403523  -0.000000 -0.000000 -0.000000
82  15.153055 5.860580 -3.403521  -0.000000 -0.000000 0.000000
83  6.064255 77.294952 36.365791  1.570796 -0.000000 1.570796
84  -2.662411 1.445754 40.667957  0.000000 3.141591 1.570796
85  8.352064 2.772896 0.000545  -3.141589 0.000002 0.000000
86  6.064255 72.973694 32.593250  1.570796 -0.000000 1.570796
87  0.004365 73.768417 -3.792005  0.000000 -0.000000 0.000000
88  -0.442609 1.284880 8.535291  0.000000 -0.000001 0.000000
89  0.000000 1.310208 0.000002  0.000000 0.000000 0.000000
90  -0.000000 0.582257 0.000003  0.000000 0.000000 0.000000
91  0.036297 1.284882 7.928800  0.000000 -0.000001 0.000000
92  0.000001 1.310206 0.000001  0.000000 0.000000 0.000000
93  0.000000 0.582259 0.000002  0.000000 0.000000 0.000000
94  5.969322 3.427458 -6.170647  -0.000000 -0.000001 -1.570797
95  -1.310211 0.000001 0.000006  0.000000 0.000000 -0.000000
96  -0.582262 -0.000000 0.000002  0.000000 0.000000 -0.000000
97  5.969322 9.397402 -6.170657  -0.000000 -0.000001 -1.570796
98  -1.310209 0.000000 0.000004  0.000000 0.000000 -0.000000
99  -0.582260 -0.000001 0.000000  0.000000 0.000000 -0.000000
100  5.969321 15.223773 -6.170669  -0.000000 -0.000001 -1.570796
101  -1.310209 0.000002 0.000003  -0.000000 0.000000 -0.000000
102  -0.582261 0.000001 0.000005  -0.000000 0.000000 -0.000000
103  5.969323 20.835569 -6.170670  -0.000000 -0.000001 -1.570796
104  -1.310214 -0.000000 0.000003  -0.000000 0.000000 -0.000000
105  -0.582259 -0.000000 0.000007  -0.000000 0.000000 -0.000000
106  5.969322 26.771208 -6.170670  -0.000000 -0.000001 -1.570796
107  5.969322 32.597599 -6.170670  -0.000000 -0.000001 -1.570796
108  5.969322 38.209396 -6.170680  -0.000000 -0.000001 -1.570800
109  5.969322 49.488464 -6.170690  -0.000000 -0.000001 -1.570800
110  -0.539091 -0.556803 -0.017362  -0.042462 2.681156 1.551919
111  -6.799123 -0.556805 0.818551  -0.272420 2.701993 1.452460
112  -4.615283 -0.556816 0.270328  -0.117230 2.684609 1.518878
113  -2.650970 -0.556805 0.063012  -0.042463 2.681158 1.551919
114  27.110332 1.284855 12.007548  0.000000 -0.000000 0.000000
115  28.133425 1.284856 12.007547  0.000001 -0.000000 0.000000
116  12.812884 2.241791 12.007551  0.000000 -0.000001 -0.000001
117  -9.955968 -0.319620 4.380218  -0.000001 -0.000000 -0.000001
118  -11.316474 -0.319623 4.380215  -0.000003 -0.000000 -0.000000
119  -12.667811 -0.319620 4.380214  -0.000003 -0.000000 0.000001
120  -14.022141 -0.319618 4.380214  0.000010 -0.000000 -0.000011
121  -15.373240 -0.319618 4.380215  0.000015 -0.000000 -0.000015
122  -16.724140 -0.319618 4.380213  -0.000009 -0.000000 0.000006
123  -18.074572 -0.319617 4.380214  -0.000006 0.000000 0.000004
124  -19.423714 -0.319616 4.380214  0.000002 0.000000 -0.000004
125  -20.775269 -0.319619 4.380214  0.000003 0.000000 -0.000004
126  -22.126669 -0.319617 4.380215  0.000003 0.000000 -0.000004
127  -23.478121 -0.319616 4.380212  0.000005 0.000000 -0.000006
128  -24.830618 -0.319618 4.380214  0.000036 -0.000000 -0.000038
129  -26.182028 -0.319618 4.380215  -0.000011 0.000000 0.000011
130  0.529179 -0.167127 0.629485  -0.101270 -0.000000 0.000000
131  -0.211444 -0.241681 0.155362  -0.145847 -0.000000 0.000000
132  0.529189 -0.280699 -0.110292  -0.145847 -0.000000 0.000000
133  -0.173927 -0.337322 -0.638495  -0.181751 -0.000000 0.000000
134  0.529188 -0.399242 -0.975394  -0.181751 -0.000000 0.000000
135  -0.211445 -0.464473 -1.431040  -0.192399 -0.000000 0.000000
136  0.529189 -0.515806 -1.694582  -0.192400 -0.000000 0.000000
137  -0.173929 -0.612150 -2.231911  -0.216703 -0.000000 0.000000
138  0.529187 -0.685803 -2.566437  -0.216703 -0.000000 0.000000
139  -0.211446 -0.769559 -3.027870  -0.237349 -0.000000 0.000000
140  0.529187 -0.832686 -3.288844  -0.237349 -0.000000 0.000000
141  -0.173937 -0.945283 -3.779563  -0.233859 0.000000 0.000000
142  0.529178 -1.024656 -4.112775  -0.233859 0.000000 0.000000
143  -0.211444 -1.132184 -4.577546  -0.262919 -0.000000 0.000000
144  0.529189 -1.201963 -4.836823  -0.262919 0.000000 0.000000
145  -0.000005 -2.810937 -10.636630  0.258454 0.000000 3.141592
146  -0.192456 -1.345777 -5.370046  -0.280373 0.000000 0.000000
147  0.533983 -1.413509 -5.605103  -0.276883 0.000000 0.000000
148  -0.206619 -1.795757 -6.909779  -0.287354 0.000000 0.000000
149  -0.205805 -1.564816 -6.138253  -0.290843 0.000000 0.000000
150  0.530459 -1.643673 -6.395216  -0.290844 0.000000 0.000000
151  0.535311 -1.790706 -7.204134  -0.287354 -0.000000 0.000000
152  -0.202704 -2.030485 -7.702829  -0.286180 -0.000000 0.000000
153  0.509547 -2.118892 -8.011624  -0.298398 -0.000000 0.000000
154  -0.202704 -2.255274 -8.465175  -0.283134 -0.000000 0.000000
155  0.509547 -2.352979 -8.771155  -0.295352 -0.000000 0.000000
156  -0.202705 -2.481594 -9.235469  -0.285437 -0.000000 0.000000
157  0.509546 -2.588681 -9.538639  -0.297654 -0.000000 0.000000
158  0.170122 -21.222088 -1.001140  -0.000001 -0.000001 0.000000
159  0.170122 -20.843861 -0.397182  -0.000001 -0.000001 0.000000
160  0.170122 -20.489742 -1.001139  -0.000001 -0.000001 0.000000
161  0.170123 -20.111065 -0.397181  -0.000001 -0.000001 0.000000
162  0.170122 -19.380085 -0.397188  -0.000001 -0.000001 0.000000
163  0.170122 -19.025106 -1.001143  -0.000001 -0.000001 0.000000
164  0.170122 -18.646656 -0.396447  -0.000001 -0.000001 0.000000
165  0.170123 -19.755756 -1.001137  -0.000001 -0.000001 0.000000
166  -0.015973 10.612517 2.686018  0.000001 -0.000000 0.000000
167  0.059851 -50.160698 6.449383  1.570797 0.000000 -1.570797
168  0.064653 27.351286 72.195198  0.000000 -0.000000 -0.000001
169  6.064260 95.114006 31.645493  -0.000000 -0.000001 1.570796
170  0.054184 102.845642 29.795364  0.000000 0.000001 -1.570796
171  6.064257 69.096558 37.164314  1.570796 -0.000000 1.570796
172  1.974302 11.989233 4.589251  0.000000 -0.000000 0.000000
173  -0.011481 23.944744 5.090361  0.000001 -0.000000 0.000000
174  -1.691251 8.833343 5.763507  0.000001 -0.000000 0.000000
175  6.064261 89.329803 31.613914  -0.000000 -0.000001 1.570796
176  0.059886 2.255333 54.398010  0.000000 0.000000 0.000000
177  0.003498 -22.270647 0.000149  1.570797 -0.000000 -1.570797
178  0.104010 15.380371 2.266155  0.000001 -0.000000 0.000000
179  4.068595 -2.286431 1.381603  0.293644 0.293485 -0.722350
180  3.052709 6.826736 13.256569  1.188271 0.431171 -0.168814
181  -2.662412 1.445757 33.628742  0.000000 3.141591 1.570796
182  8.352067 2.772896 0.000540  -3.141589 0.000002 0.000000
183  -2.662411 1.445754 40.667957  0.000000 3.141591 1.570796
184  8.352064 2.772896 0.000545  -3.141589 0.000002 0.000000
185  -1.431355 16.384779 4.137812  0.000001 -0.000000 0.000000
186  -0.001844 0.521683 -0.140289  0.000000 -0.000000 0.000000
187  7.323108 -5.136191 -5.166237  -0.000000 0.000000 -0.610865
188  2.698278 -0.000000 0.000001  -0.000012 0.000000 0.000000
189  2.834159 -0.000001 -0.000003  0.000013 0.000000 0.000000
190  2.648918 -0.000002 0.000000  -0.000001 -0.000001 0.000000
191  2.667498 -0.000001 0.000001  0.000000 0.000000 0.000000
192  2.426702 -0.000000 0.000000  0.000000 0.000000 -0.000000
193  -0.494744 -44.353447 -1.302301  1.570797 -0.000000 -1.570797
194  11.545937 73.768417 -3.792009  0.000000 -0.000000 0.000000
195  -0.066956 -10.025105 -0.912533  0.000000 -0.000000 0.000000
196  -0.000000 -0.000001 -1.529052  -0.000000 -0.000000 0.000000
197  -0.078943 0.000003 -0.000000  0.000000 0.000001 1.570796
198  0.097091 0.000001 -0.000000  -0.000000 -3.141592 1.570796
199  0.000000 0.000000 0.000000  0.000000 -0.000000 -0.000000
200  1.929979 -29.166248 9.467978  -1.377726 1.034268 -0.491828
201  32.351257 14.026226 2.273829  -1.569273 0.685287 0.151400
time 6
0  0 0 0  0 0 0
1  0.000000 0.000000 0.000000  0.000000 -0.000000 -0.000000
2  -0.000005 0.000023 -61.375507  0.000000 0.000000 -1.570795
3  -0.012872 0.000000 8.235020  -1.570799 -1.570796 0.000000
4  16.163128 -0.012870 -0.000002  -0.000000 -0.000000 0.000000
5  -0.000000 0.000000 -0.000005  0.006897 0.000000 -0.000000
6  -0.000031 -0.000002 -0.000000  -0.525057 0.767036 0.383483
7  0.000003 -0.000007 0.000001  0.000000 0.000000 -0.638110
8  0.000004 0.000001 0.000001  0.014710 -0.000000 -0.000000
9  0.000004 0.000001 0.000000  0.029482 -0.000000 -0.000000
10  0.000003 0.000000 0.000002  0.044255 -0.000000 -0.000000
11  -0.000001 0.000001 0.000001  0.058970 -0.000000 -0.000000
12  -0.000000 0.000001 -0.000001  0.073749 -0.000000 -0.000000
13  -0.000000 -0.000001 -0.000001  0.088471 -0.000000 -0.000000
14  -0.000000 -0.000001 -0.000001  0.103259 -0.000000 -0.000000
15  0.000003 0.000001 0.000004  0.343087 -0.163715 -0.880542
16  -0.000004 -0.000002 0.000001  0.216450 0.090340 -0.049494
17  -0.000005 -0.000003 0.000004  0.096707 0.035660 -0.324563
18  -0.000001 0.000001 0.000002  0.058123 0.025854 -0.356251
19  0.000004 0.000002 -0.000001  0.115285 0.136641 -0.637118
20  -0.000000 -0.000000 -0.000001  -0.000000 -0.000000 0.153353
21  0.000000 0.000007 -0.000001  0.000000 0.000000 0.153353
22  -0.000000 0.000002 -0.000001  -0.208805 0.204619 0.193830
23  3.672208 0.000001 -0.000001  0.000003 0.000001 0.142941
24  0.000002 -0.000001 0.000001  -0.000000 -0.000000 -0.302677
25  0.000002 0.000000 -0.000002  -0.082469 0.060656 -0.202260
26  -0.000004 -0.000001 0.000001  -0.000000 0.000000 -0.152007
27  2.496794 0.000007 -0.000002  0.000000 0.000000 -0.091107
28  0.000002 -0.000000 0.000003  -0.025975 0.341669 0.298152
29  0.000005 -0.000001 0.000000  -0.000000 -0.000000 0.422334
30  2.199411 -0.000001 0.000005  0.000002 0.000001 0.029263
31  0.000004 -0.000000 0.000003  1.912841 -0.000739 -0.001047
32  -0.000019 -0.000001 0.000001  0.548669 -0.208968 1.196317
33  0.000001 0.000003 -0.000003  0.000000 -0.000000 0.631942
34  -0.000000 -0.000002 0.000001  -0.154210 0.000000 -0.000000
35  -0.000003 -0.000006 0.000001  -0.308420 -0.000000 0.000000
36  -0.000005 -0.000005 0.000001  -0.462688 -0.000000 0.000000
37  -0.000002 -0.000006 0.000002  -0.616934 -0.000000 0.000000
38  -0.000007 -0.000005 0.000002  -0.771124 -0.000000 -0.000000
39  -0.000005 -0.000005 0.000001  -0.925396 -0.000000 0.000000
40  -0.000003 -0.000005 0.000002  -1.079595 0.000000 0.000000
41  -0.000010 -0.000005 -0.000001  -0.827696 -0.510458 -0.546567
42  0.000001 -0.000000 0.000004  0.153654 -0.063922 0.075029
43  3.954721 0.000007 0.000002  -0.000000 -0.000002 0.166320
44  -0.000000 0.000005 0.000001  -0.000000 -0.000000 0.008789
45  0.000001 -0.000005 0.000001  -0.147301 0.111214 0.727399
46  -0.000002 -0.000001 0.000001  0.000000 0.000000 0.111756
47  -0.000001 0.000000 0.000001  -0.000000 0.000000 0.111756
48  -0.000001 -0.000000 0.000002  -0.042963 -0.271867 -0.091211
49  -0.000001 -0.000002 -0.000001  0.000000 -0.000000 -0.197348
50  -0.000001 0.000000 0.000001  0.000000 0.000000 0.376685
51  -0.000003 -0.000002 0.000002  -0.096663 -0.277938 -0.319969
52  -0.000003 0.000001 0.000002  -0.000000 -0.000000 -0.195876
53  -0.000002 -0.000000 0.000002  0.000000 0.000000 0.361783
54  -0.000005 0.000000 0.000004  -0.155235 -0.323160 -0.633539
55  0.000000 0.000000 -0.000000  -0.000000 -0.000000 -0.230006
56  2.307434 0.000001 -0.000001  0.000002 0.000001 -0.056419
57  0.000000 0.000000 -0.000000  -0.035085 0.006567 0.043659
58  32.631214 5.691711 9.993346  -2.090733 1.452927 0.019199
59  0.071247 114.357033 62.238796  0.000000 0.000000 -0.000000
60  1.986524 0.000024 -3.123733  -2.705260 -0.000000 -1.570797
61  -1.986692 0.000023 -3.123741  0.436333 0.000001 1.570797
62  -0.000001 0.000007 0.000003  0.000000 0.000000 0.000000
63  -1.986693 0.000021 -3.123735  0.436333 0.000001 1.570797
64  -11.344164 1.135888 0.869280  0.000002 -0.025020 -0.026324
65  1.986523 0.000023 -3.123730  -2.705260 -0.000000 -1.570797
66  -11.350058 -0.729420 0.864886  0.000197 -0.025367 0.026442
67  1.754236 4.036767 -1.682663  0.392575 -0.010120 -1.546362
68  -1.755141 4.036773 -1.682659  -0.392577 -0.010391 -1.594986
69  -0.164555 7.327700 3.928700  -0.000000 0.000001 -1.570796
70  0.079082 36.742691 -0.508022  0.000001 0.000000 -0.000000
71  -1.260174 8.777408 6.736405  -0.000002 -0.424416 -3.141592
72  1.525193 18.283594 2.968621  0.000000 0.000000 -0.000000
73  0.060216 10.324389 74.469055  0.000008 0.000000 -0.000000
74  0.062808 75.918007 83.075447  1.570797 0.000000 -1.570796
75  4.804183 -3.971747 0.000001  -0.000000 0.000000 -0.000001
76  -7.041568 -5.025994 0.000002  -0.000000 -0.000000 -0.000000
77  8.407184 -3.978442 0.003055  -1.570796 1.570795 0.000000
78  10.376192 -3.978448 0.003056  -1.570796 1.570796 0.000000
79  10.194019 -0.314067 -1.749548  -1.570796 1.570796 0.000000
80  20.857887 -4.015566 0.000003  0.000000 -0.000000 -0.000000
81  3.258442 5.856952 -3.403523  -0.000000 -0.000000 -0.000000
82  15.153049 5.860577 -3.403521  -0.000000 -0.000000 -0.000000
83  6.064256 77.294952 36.365799  1.570796 -0.000000 1.570796
84  -2.662410 1.445751 40.667953  -0.000000 3.141591 1.570796
85  8.352066 2.772897 0.000538  -3.141589 0.000002 0.000000
86  6.064256 72.973694 32.593250  1.570796 -0.000000 1.570796
87  0.004365 73.768417 -3.792006  0.000000 0.000000 0.000000
88  -0.442608 1.284879 8.535287  -0.000000 -0.000001 0.000000
89  0.000002 1.310212 -0.000001  0.000000 -0.000000 0.000000
90  0.000001 0.582261 -0.000000  0.000000 -0.000000 0.000000
91  0.036297 1.284884 7.928798  -0.000000 -0.000001 0.000000
92  0.000001 1.310209 -0.000005  0.000000 -0.000000 0.000000
93  0.000000 0.582258 -0.000004  0.000000 -0.000000 0.000000
94  5.969324 3.427460 -6.170652  -0.000000 -0.000001 -1.570797
95  -1.310217 0.000001 -0.000003  0.000000 0.000000 -0.000000
96  -0.582266 0.000000 -0.000002  0.000000 0.000000 -0.000000
97  5.969323 9.397403 -6.170660  -0.000000 -0.000001 -1.570796
98  -1.310215 -0.000000 0.000002  0.000000 0.000000 -0.000000
99  -0.582262 -0.000001 0.000002  0.000000 0.000000 -0.000000
100  5.969322 15.223771 -6.170668  -0.000000 -0.000001 -1.570796
101  -1.310213 0.000002 -0.000007  -0.000000 0.000000 -0.000000
102  -0.582262 0.000001 -0.000007  -0.000000 0.000000 -0.000000
103  5.969324 20.835573 -6.170677  -0.000000 -0.000001 -1.570796
104  -1.310218 0.000001 -0.000003  -0.000000 0.000000 -0.000000
105  -0.582259 -0.000001 -0.000000  -0.000000 0.000000 -0.000000
106  5.969324 26.771212 -6.170673  -0.000000 -0.000001 -1.570796
107  5.969324 32.597599 -6.170681  -0.000000 -0.000001 -1.570796
108  5.969323 38.209400 -6.170690  0.000000 -0.000001 -1.570800
109  5.969323 49.488468 -6.170686  0.000000 -0.000001 -1.570800
110  -0.539090 -0.556806 -0.017364  -0.042462 2.681156 1.551919
111  -6.799124 -0.556804 0.818549  -0.272420 2.701993 1.452460
112  -4.615282 -0.556821 0.270329  -0.117230 2.684609 1.518878
113  -2.650969 -0.556806 0.063007  -0.042463 2.681158 1.551919
114  27.110338 1.284859 12.007547  -0.000000 -0.000000 -0.000000
115  28.133427 1.284856 12.007545  0.000001 -0.000000 -0.000000
116  12.812887 2.241785 12.007547  -0.000000 -0.000001 -0.000001
117  -9.955967 -0.319622 4.380213  -0.000001 -0.000000 -0.000001
118  -11.316473 -0.319621 4.380212  -0.000003 -0.000000 -0.000000
119  -12.667811 -0.319619 4.380214  -0.000003 -0.000000 0.000001
120  -14.022141 -0.319620 4.380215  0.000009 -0.000000 -0.000011
121  -15.373240 -0.319619 4.380213  0.000015 -0.000000 -0.000015
122  -16.724144 -0.319619 4.380211  -0.000009 -0.000000 0.000006
123  -18.074574 -0.319619 4.380212  -0.000006 -0.000000 0.000004
124  -19.423717 -0.319621 4.380213  0.000002 0.000000 -0.000004
125  -20.775272 -0.319618 4.380211  0.000003 0.000000 -0.000004
126  -22.126671 -0.319615 4.380212  0.000003 -0.000000 -0.000004
127  -23.478125 -0.319616 4.380215  0.000005 -0.000000 -0.000006
128  -24.830622 -0.319618 4.380214  0.000036 -0.000000 -0.000038
129  -26.182030 -0.319614 4.380215  -0.000011 -0.000000 0.000011
130  0.529180 -0.167128 0.629480  -0.101270 -0.000000 0.000000
131  -0.211444 -0.241682 0.155360  -0.145847 -0.000000 0.000000
132  0.529190 -0.280700 -0.110294  -0.145847 -0.000000 0.000000
133  -0.173927 -0.337324 -0.638499  -0.181751 -0.000000 0.000000
134  0.529189 -0.399243 -0.975393  -0.181751 -0.000000 0.000000
135  -0.211444 -0.464474 -1.431043  -0.192399 -0.000000 0.000000
136  0.529189 -0.515809 -1.694582  -0.192400 -0.000000 0.000000
137  -0.173928 -0.612150 -2.231912  -0.216703 -0.000000 0.000000
138  0.529188 -0.685803 -2.566442  -0.216703 -0.000000 0.000000
139  -0.211445 -0.769556 -3.027876  -0.237349 -0.000000 0.000000
140  0.529188 -0.832687 -3.288847  -0.237349 -0.000000 0.000000
141  -0.173937 -0.945281 -3.779566  -0.233859 0.000000 0.000000
142  0.529179 -1.024657 -4.112781  -0.233859 0.000000 0.000000
143  -0.211443 -1.132186 -4.577547  -0.262919 -0.000000 0.000000
144  0.529189 -1.201964 -4.836827  -0.262919 0.000000 0.000000
145  -0.000004 -2.810941 -10.636629  0.258454 0.000000 3.141592
146  -0.192455 -1.345777 -5.370049  -0.280373 0.000000 0.000000
147  0.533983 -1.413510 -5.605105  -0.276883 0.000000 0.000000
148  -0.206618 -1.795759 -6.909781  -0.287354 0.000000 0.000000
149  -0.205805 -1.564817 -6.138256  -0.290843 0.000000 0.000000
150  0.530460 -1.643672 -6.395216  -0.290844 0.000000 0.000000
151  0.535311 -1.790708 -7.204133  -0.287354 -0.000000 0.000000
152  -0.202703 -2.030485 -7.702832  -0.286180 -0.000000 0.000000
153  0.509548 -2.118893 -8.011625  -0.298398 -0.000000 0.000000
154  -0.202703 -2.255275 -8.465175  -0.283134 -0.000000 0.000000
155  0.509548 -2.352979 -8.771158  -0.295352 -0.000000 0.000000
156  -0.202704 -2.481595 -9.235470  -0.285437 -0.000000 0.000000
157  0.509547 -2.588682 -9.538638  -0.297654 -0.000000 0.000000
158  0.170122 -21.222090 -1.001143  -0.000001 -0.000001 0.000000
159  0.170122 -20.843863 -0.397183  -0.000001 -0.000001 0.000000
160  0.170123 -20.489744 -1.001143  -0.000001 -0.000001 0.000000
161  0.170123 -20.111065 -0.397184  -0.000001 -0.000001 0.000000
162  0.170122 -19.380087 -0.397187  -0.000001 -0.000001 0.000000
163  0.170123 -19.025106 -1.001147  -0.000001 -0.000001 0.000000
164  0.170123 -18.646658 -0.396450  -0.000001 -0.000001 0.000000
165  0.170124 -19.755756 -1.001142  -0.000001 -0.000001 0.000000
166  -0.015972 10.612514 2.686017  0.000001 0.000000 -0.000000
167  0.059852 -50.160709 6.449378  1.570797 0.000000 -1.570797
168  0.064653 27.351292 72.195206  0.000000 -0.000000 -0.000001
169  6.064260 95.114021 31.645504  0.000000 -0.000001 1.570796
170  0.054185 102.845642 29.795362  -0.000000 0.000001 -1.570796
171  6.064256 69.096558 37.164322  1.570796 -0.000000 1.570796
172  1.974303 11.989231 4.589249  0.000000 0.000000 -0.000000
173  -0.011481 23.944744 5.090361  0.000001 0.000000 0.000000
174  -1.691250 8.833338 5.763506  0.000001 0.000000 -0.000000
175  6.064260 89.329803 31.613918  0.000000 -0.000001 1.570796
176  0.059887 2.255332 54.398010  0.000000 0.000000 -0.000000
177  0.003497 -22.270649 0.000149  1.570797 -0.000000 -1.570797
178  0.104011 15.380369 2.266152  0.000001 0.000000 -0.000000
179  4.050896 -2.265597 1.378414  0.292536 0.291122 -0.718036
180  2.997247 6.831346 13.183263  1.179115 0.427642 -0.169661
181  -2.662413 1.445753 33.628742  -0.000000 3.141591 1.570796
182  8.352066 2.772896 0.000539  -3.141589 0.000002 0.000000
183  -2.662410 1.445751 40.667953  -0.000000 3.141591 1.570796
184  8.352066 2.772897 0.000538  -3.141589 0.000002 0.000000
185  -1.431356 16.384777 4.137812  0.000001 0.000000 0.000000
186  -0.001844 0.521678 -0.140290  0.000000 0.000000 -0.000000
187  7.323108 -5.136194 -5.166238  -0.000000 0.000000 -0.610865
188  2.698277 -0.000001 0.000002  -0.000012 0.000000 0.000000
189  2.834159 0.000003 0.000002  0.000013 0.000000 0.000000
190  2.648920 0.000001 -0.000001  -0.000001 -0.000001 0.000000
191  2.667501 -0.000004 0.000001  -0.000000 -0.000000 -0.000000
192  2.426703 -0.000005 -0.000001  -0.000000 0.000000 -0.000000
193  -0.494743 -44.353451 -1.302302  1.570797 0.000000 -1.570797
194  11.545937 73.768417 -3.792007  0.000000 0.000000 -0.000000
195  -0.066953 -10.025109 -0.912534  0.000000 0.000000 -0.000000
196  -0.000000 -0.000002 -1.529052  -0.000000 0.000000 -0.000000
197  -0.078944 0.000002 -0.000003  0.000000 0.000001 1.570796
198  0.097090 -0.000000 -0.000003  -0.000000 -3.141592 1.570796
199  0.000000 0.000000 0.000000  0.000000 -0.000000 -0.000000
200  2.958372 -28.774038 9.811684  -1.426927 1.017376 -0.550843
201  33.705643 13.453598 2.356312  -1.609865 0.688395 0.102167
time 7
0  0 0 0  0 0 0
1  0.000000 0.000000 0.000000  0.000000 -0.000000 -0.000000
2  -0.000005 0.000023 -61.375507  0.000000 0.000000 -1.570795
3  -0.012872 0.000000 8.235020  -1.570799 -1.570796 0.000000
4  16.163128 -0.012870 -0.000002  -0.000000 -0.000000 0.000000
5  -0.000000 0.000000 -0.000005  0.010926 0.000000 -0.000000
6  -0.000034 -0.000002 -0.000000  -0.536235 0.766747 0.366053
7  0.000000 -0.000010 0.000000  0.000000 0.000000 -0.572819
8  0.000000 0.000001 0.000001  0.004578 -0.000000 -0.000000
9  0.000004 0.000001 0.000001  0.009217 -0.000000 -0.000000
10  -0.000004 0.000001 -0.000001  0.013794 -0.000000 -0.000000
11  -0.000005 0.000001 0.000000  0.018433 0.000000 -0.000000
12  -0.000000 0.000000 0.000001  0.023012 -0.000000 -0.000000
13  -0.000004 -0.000001 -0.000002  0.027651 -0.000000 -0.000000
14  0.000003 -0.000002 0.000002  0.032229 -0.000000 -0.000000
15  -0.000005 0.000002 0.000002  0.298464 -0.202130 -0.953579
16  -0.000008 -0.000004 -0.000000  0.215665 0.089990 -0.049319
17  -0.000003 -0.000001 0.000004  0.096375 0.035484 -0.323397
18  -0.000002 0.000001 0.000003  0.057970 0.025724 -0.354953
19  -0.000001 -0.000000 -0.000002  0.115011 0.136045 -0.634827
20  -0.000001 -0.000001 -0.000000  0.000000 -0.000000 0.152802
21  0.000001 0.000001 -0.000000  0.000000 0.000000 0.152802
22  -0.000003 0.000002 -0.000002  -0.208120 0.203856 0.193221
23  3.672211 0.000005 -0.000000  0.000003 0.000001 0.142941
24  0.000001 -0.000001 0.000000  0.000000 -0.000000 -0.301566
25  0.000003 0.000001 -0.000002  -0.082117 0.060474 -0.201503
26  0.000002 0.000006 0.000002  -0.000000 0.000001 -0.151456
27  2.496796 0.000008 0.000001  0.000000 0.000000 -0.091107
28  0.000004 0.000001 0.000001  -0.026092 0.340454 0.297052
29  -0.000004 -0.000001 0.000001  -0.000000 -0.000000 0.420836
30  2.199411 0.000001 0.000002  0.000001 0.000001 0.029263
31  0.000004 -0.000000 0.000003  1.920273 -0.000735 -0.001050
32  -0.000019 -0.000001 0.000001  0.539051 -0.202894 1.227640
33  -0.000001 0.000001 -0.000001  0.000000 -0.000000 0.543612
34  0.000001 0.000002 -0.000002  -0.157822 0.000000 -0.000000
35  -0.000001 -0.000002 -0.000001  -0.315649 0.000000 0.000000
36  -0.000002 0.000002 -0.000002  -0.473480 0.000000 0.000000
37  -0.000000 0.000002 -0.000001  -0.631364 -0.000000 0.000000
38  -0.000004 0.000003 -0.000001  -0.789206 -0.000000 -0.000000
39  -0.000002 0.000002 -0.000002  -0.947008 0.000000 -0.000000
40  -0.000004 -0.000002 0.000000  -1.104880 -0.000000 0.000000
41  -0.000008 -0.000001 -0.000001  -0.876277 -0.498409 -0.417403
42  -0.000003 0.000004 0.000004  0.152999 -0.063569 0.074768
43  3.954722 0.000010 0.000005  -0.000000 -0.000002 0.166320
44  -0.000003 -0.000002 -0.000001  -0.000000 -0.000000 0.008789
45  -0.000003 0.000002 0.000001  -0.146848 0.110550 0.724294
46  -0.000000 0.000001 0.000002  0.000000 0.000000 0.111267
47  0.000000 0.000005 0.000002  -0.000000 0.000000 0.111267
48  -0.000002 0.000002 0.000001  -0.042812 -0.270679 -0.090880
49  -0.000000 -0.000001 -0.000001  0.000000 -0.000000 -0.196489
50  0.000001 -0.000003 0.000001  0.000000 -0.000000 0.375070
51  -0.000007 0.000003 0.000003  -0.096413 -0.276675 -0.318595
52  -0.000003 0.000002 0.000000  0.000000 -0.000000 -0.195017
53  -0.000001 0.000000 0.000002  0.000000 0.000000 0.360170
54  -0.000005 0.000001 0.000001  -0.155059 -0.321628 -0.630718
55  0.000000 0.000002 -0.000002  0.000000 0.000000 -0.229023
56  2.307434 0.000000 0.000002  0.000002 0.000001 -0.056419
57  0.000000 0.000000 -0.000000  -0.034623 0.020028 0.042330
58  33.093666 5.221497 10.180999  -2.251082 1.430514 -0.196377
59  0.071248 114.357033 62.238796  0.000000 0.000000 0.000000
60  1.986524 0.000016 -3.123742  -2.705260 -0.000000 -1.570797
61  -1.986693 0.000019 -3.123746  0.436333 0.000001 1.570797
62  -0.000001 0.000004 -0.000007  0.000000 0.000000 0.000000
63  -1.986693 0.000019 -3.123743  0.436333 0.000001 1.570797
64  -11.344166 1.135889 0.869279  0.000002 -0.025020 -0.026324
65  1.986523 0.000026 -3.123738  -2.705260 -0.000000 -1.570797
66  -11.350044 -0.729421 0.864890  0.000197 -0.025367 0.026442
67  1.754236 4.036769 -1.682672  0.392575 -0.010120 -1.546362
68  -1.755140 4.036765 -1.682671  -0.392577 -0.010391 -1.594986
69  -0.164556 7.327703 3.928703  -0.000000 0.000001 -1.570796
70  0.079083 36.742687 -0.508022  0.000001 0.000000 0.000000
71  -1.260174 8.777410 6.736406  -0.000002 -0.424416 -3.141592
72  1.525193 18.283598 2.968623  0.000000 0.000000 0.000000
73  0.060217 10.324388 74.469055  0.000008 0.000000 0.000000
74  0.062810 75.917992 83.075439  1.570797 -0.000000 -1.570796
75  4.804184 -3.971745 0.000002  -0.000000 0.000000 -0.000001
76  -7.041561 -5.025990 0.000003  -0.000000 -0.000000 -0.000001
77  8.407185 -3.978436 0.003057  -1.570796 1.570795 0.000000
78  10.376194 -3.978442 0.003057  -1.570796 1.570796 0.000000
79  10.194014 -0.314064 -1.749546  -1.570796 1.570796 0.000000
80  20.857887 -4.015568 0.000004  0.000000 -0.000000 -0.000000
81  3.258450 5.856954 -3.403523  -0.000000 -0.000000 -0.000001
82  15.153055 5.860576 -3.403521  0.000000 -0.000000 -0.000000
83  6.064257 77.294952 36.365795  1.570796 0.000000 1.570796
84  -2.662411 1.445758 40.667957  -0.000000 3.141591 1.570796
85  8.352067 2.772897 0.000538  -3.141589 0.000002 0.000000
86  6.064256 72.973694 32.593254  1.570796 0.000000 1.570796
87  0.004364 73.768425 -3.792002  0.000000 0.000000 0.000000
88  -0.442608 1.284883 8.535291  0.000000 -0.000001 0.000000
89  0.000001 1.310212 -0.000002  0.000000 -0.000000 0.000000
90  0.000000 0.582263 0.000001  0.000000 -0.000000 0.000000
91  0.036298 1.284881 7.928799  0.000000 -0.000001 0.000000
92  0.000001 1.310213 -0.000000  0.000000 0.000000 0.000000
93  -0.000000 0.582265 0.000001  0.000000 0.000000 0.000000
94  5.969324 3.427460 -6.170650  -0.000000 -0.000001 -1.570797
95  -1.310207 0.000001 -0.000002  0.000000 0.000000 -0.000000
96  -0.582255 0.000000 0.000002  0.000000 0.000000 -0.000000
97  5.969323 9.397399 -6.170659  -0.000000 -0.000001 -1.570796
98  -1.310207 0.000000 0.000000  0.000000 0.000000 -0.000000
99  -0.582255 -0.000000 0.000001  0.000000 0.000000 -0.000000
100  5.969322 15.223772 -6.170671  0.000000 -0.000001 -1.570796
101  -1.310213 0.000001 0.000003  -0.000000 0.000001 -0.000000
102  -0.582263 0.000001 0.000008  -0.000000 0.000000 -0.000000
103  5.969324 20.835573 -6.170671  0.000000 -0.000001 -1.570796
104  -1.310211 0.000001 0.000002  -0.000000 0.000001 -0.000000
105  -0.582259 -0.000000 0.000006  -0.000000 0.000000 -0.000000
106  5.969324 26.771210 -6.170666  0.000000 -0.000001 -1.570796
107  5.969323 32.597599 -6.170674  0.000000 -0.000001 -1.570796
108  5.969324 38.209393 -6.170680  0.000000 -0.000001 -1.570800
109  5.969321 49.488464 -6.170681  0.000000 -0.000001 -1.570800
110  -0.539090 -0.556806 -0.017361  -0.042462 2.681156 1.551919
111  -6.799123 -0.556803 0.818551  -0.272420 2.701993 1.452460
112  -4.615283 -0.556819 0.270328  -0.117230 2.684609 1.518878
113  -2.650969 -0.556805 0.063010  -0.042463 2.681158 1.551919
114  27.110338 1.284859 12.007551  0.000000 -0.000000 -0.000000
115  28.133427 1.284855 12.007550  0.000001 -0.000000 -0.000000
116  12.812887 2.241788 12.007551  0.000000 -0.000001 -0.000001
117  -9.955968 -0.319622 4.380215  -0.000001 -0.000000 -0.000001
118  -11.316474 -0.319623 4.380216  -0.000003 -0.000000 0.000000
119  -12.667811 -0.319620 4.380218  -0.000003 -0.000000 0.000001
120  -14.022143 -0.319618 4.380217  0.000010 -0.000000 -0.000011
121  -15.373240 -0.319620 4.380217  0.000015 -0.000000 -0.000015
122  -16.724142 -0.319621 4.380214  -0.000009 -0.000000 0.000006
123  -18.074572 -0.319619 4.380215  -0.000006 -0.000000 0.000004
124  -19.423717 -0.319618 4.380216  0.000002 0.000000 -0.000004
125  -20.775270 -0.319619 4.380216  0.000003 0.000000 -0.000004
126  -22.126673 -0.319617 4.380217  0.000003 -0.000000 -0.000004
127  -23.478125 -0.319619 4.380216  0.000005 -0.000000 -0.000006
128  -24.830620 -0.319618 4.380217  0.000036 -0.000000 -0.000038
129  -26.182030 -0.319618 4.380217  -0.000011 -0.000000 0.000011
130  0.529180 -0.167128 0.629486  -0.101270 -0.000000 0.000000
131  -0.211444 -0.241681 0.155363  -0.145847 -0.000000 0.000000
132  0.529190 -0.280696 -0.110290  -0.145847 -0.000000 0.000000
133  -0.173927 -0.337325 -0.638493  -0.181751 -0.000000 0.000000
134  0.529189 -0.399243 -0.975391  -0.181751 -0.000000 0.000000
135  -0.211444 -0.464472 -1.431041  -0.192399 -0.000000 0.000000
136  0.529189 -0.515807 -1.694582  -0.192399 -0.000000 0.000000
137  -0.173928 -0.612149 -2.231911  -0.216703 -0.000000 0.000000
138  0.529188 -0.685802 -2.566439  -0.216703 -0.000000 0.000000
139  -0.211445 -0.769558 -3.027866  -0.237349 -0.000000 0.000000
140  0.529189 -0.832684 -3.288846  -0.237349 -0.000000 0.000000
141  -0.173937 -0.945280 -3.779563  -0.233859 0.000000 0.000000
142  0.529179 -1.024654 -4.112779  -0.233859 0.000000 0.000000
143  -0.211443 -1.132182 -4.577545  -0.262919 -0.000000 0.000000
144  0.529190 -1.201962 -4.836820  -0.262919 0.000000 0.000000
145  -0.000004 -2.810939 -10.636629  0.258454 0.000000 3.141592
146  -0.192455 -1.345776 -5.370039  -0.280373 0.000000 0.000000
147  0.533984 -1.413510 -5.605102  -0.276883 0.000000 0.000000
148  -0.206618 -1.795758 -6.909775  -0.287354 0.000000 0.000000
149  -0.205804 -1.564815 -6.138256  -0.290843 0.000000 0.000000
150  0.530460 -1.643675 -6.395210  -0.290844 0.000000 0.000000
151  0.535311 -1.790707 -7.204132  -0.287354 -0.000000 0.000000
152  -0.202703 -2.030482 -7.702827  -0.286180 -0.000000 0.000000
153  0.509548 -2.118895 -8.011621  -0.298398 -0.000000 0.000000
154  -0.202703 -2.255275 -8.465172  -0.283134 -0.000000 0.000000
155  0.509548 -2.352978 -8.771158  -0.295352 -0.000000 0.000000
156  -0.202704 -2.481593 -9.235470  -0.285437 -0.000000 0.000000
157  0.509547 -2.588682 -9.538633  -0.297653 -0.000000 0.000000
158  0.170122 -21.222088 -1.001139  -0.000001 -0.000001 0.000000
159  0.170123 -20.843861 -0.397182  -0.000001 -0.000001 0.000000
160  0.170123 -20.489742 -1.001138  -0.000001 -0.000001 0.000000
161  0.170124 -20.111067 -0.397183  -0.000001 -0.000001 0.000000
162  0.170123 -19.380085 -0.397188  -0.000001 -0.000001 0.000000
163  0.170123 -19.025106 -1.001146  -0.000001 -0.000001 0.000000
164  0.170123 -18.646656 -0.396448  -0.000001 -0.000001 0.000000
165  0.170124 -19.755758 -1.001141  -0.000001 -0.000001 0.000000
166  -0.015973 10.612519 2.686019  0.000001 0.000000 0.000000
167  0.059853 -50.160706 6.449383  1.570797 -0.000000 -1.570797
168  0.064653 27.351290 72.195206  -0.000000 -0.000000 -0.000001
169  6.064260 95.114006 31.645504  0.000000 -0.000001 1.570796
170  0.054185 102.845642 29.795364  -0.000000 0.000001 -1.570796
171  6.064256 69.096558 37.164322  1.570796 0.000000 1.570796
172  1.974304 11.989232 4.589252  0.000000 0.000000 0.000000
173  -0.011480 23.944746 5.090361  0.000001 0.000000 0.000000
174  -1.691250 8.833340 5.763508  0.000001 0.000000 0.000000
175  6.064260 89.329811 31.613920  0.000000 -0.000001 1.570796
176  0.059886 2.255336 54.398014  0.000000 0.000000 0.000000
177  0.003496 -22.270643 0.000147  1.570797 -0.000000 -1.570797
178  0.104011 15.380372 2.266155  0.000001 0.000000 0.000000
179  4.040578 -2.253531 1.376509  0.291842 0.289755 -0.715542
180  2.964152 6.833980 13.139366  1.173645 0.425551 -0.170164
181  -2.662412 1.445760 33.628746  -0.000000 3.141591 1.570796
182  8.352067 2.772897 0.000537  -3.141589 0.000002 0.000000
183  -2.662411 1.445758 40.667957  -0.000000 3.141591 1.570796
184  8.352067 2.772897 0.000538  -3.141589 0.000002 0.000000
185  -1.431356 16.384781 4.137812  0.000001 0.000000 0.000000
186  -0.001844 0.521683 -0.140289  0.000000 0.000000 0.000000
187  7.323110 -5.136191 -5.166236  0.000000 0.000000 -0.610865
188  2.698277 -0.000000 0.000001  -0.000012 0.000000 0.000000
189  2.834157 0.000000 0.000001  0.000013 0.000000 -0.000000
190  2.648918 0.000000 -0.000002  -0.000001 -0.000001 0.000000
191  2.667498 -0.000002 0.000001  -0.000000 0.000000 0.000000
192  2.426700 -0.000001 0.000000  0.000000 0.000000 -0.000000
193  -0.494743 -44.353439 -1.302297  1.570797 0.000000 -1.570797
194  11.545938 73.768417 -3.792010  0.000000 0.000000 0.000000
195  -0.066954 -10.025107 -0.912534  0.000000 0.000000 0.000000
196  0.000001 -0.000001 -1.529052  -0.000000 0.000000 0.000000
197  -0.078941 -0.000003 0.000001  0.000000 0.000001 1.570796
198  0.097094 -0.000002 0.000003  -0.000000 -3.141592 1.570796
199  0.000000 0.000000 0.000000  0.000000 -0.000000 -0.000000
200  3.079830 -27.520947 9.537663  -1.443822 0.989483 -0.616478
201  34.551880 12.586014 2.537758  -1.641386 0.672181 0.026980
time 8
0  0 0 0  0 0 0
1  0.000000 0.000000 0.000000  0.000000 -0.000000 -0.000000
2  -0.000005 0.000023 -61.375507  0.000000 0.000000 -1.570795
3  -0.012872 0.000000 8.235020  -1.570799 -1.570796 0.000000
4  16.163128 -0.012870 -0.000002  -0.000000 -0.000000 0.000000
5  -0.000000 0.000000 -0.000005  0.012513 0.000000 -0.000000
6  -0.000031 -0.000002 -0.000000  -0.542522 0.776179 0.364603
7  -0.000000 -0.000007 -0.000001  0.000000 0.000000 -0.573774
8  -0.000005 0.000001 -0.000001  0.004883 -0.000000 -0.000000
9  -0.000001 0.000001 0.000001  0.009766 -0.000000 -0.000000
10  -0.000001 0.000001 0.000002  0.014649 -0.000000 -0.000000
11  -0.000005 0.000001 0.000001  0.019532 0.000000 -0.000000
12  -0.000005 0.000001 -0.000000  0.024415 -0.000000 -0.000000
13  -0.000001 -0.000001 0.000002  0.029299 -0.000000 -0.000000
14  -0.000005 -0.000001 -0.000001  0.034182 -0.000000 -0.000000
15  -0.000002 0.000001 0.000004  0.287151 -0.201813 -0.922148
16  -0.000007 -0.000001 -0.000000  0.215362 0.089855 -0.049285
17  -0.000003 -0.000001 0.000004  0.096262 0.035443 -0.322967
18  0.000002 -0.000003 0.000002  0.057867 0.025628 -0.354460
19  0.000002 0.000006 -0.000003  0.114934 0.135819 -0.633934
20  0.000001 0.000006 -0.000001  0.000000 -0.000000 0.152618
21  0.000002 0.000001 -0.000001  -0.000000 0.000000 0.152558
22  -0.000002 0.000004 -0.000002  -0.207803 0.203485 0.192975
23  3.672214 0.000003 -0.000001  0.000003 0.000001 0.142941
24  -0.000002 -0.000002 -0.000000  0.000000 0.000000 -0.301133
25  0.000002 0.000005 -0.000003  -0.081975 0.060375 -0.201248
26  -0.000001 -0.000000 -0.000000  -0.000000 0.000000 -0.151211
27  2.496797 0.000008 -0.000001  0.000000 0.000000 -0.091107
28  0.000000 0.000001 0.000002  -0.026118 0.339940 0.296602
29  0.000003 0.000001 -0.000001  0.000000 -0.000000 0.420212
30  2.199415 0.000000 0.000003  0.000001 0.000001 0.029263
31  0.000004 -0.000000 0.000003  1.917614 -0.000737 -0.001049
32  -0.000019 -0.000001 0.000001  0.542937 -0.208885 1.211922
33  -0.000001 0.000003 0.000002  0.000000 -0.000000 0.546971
34  0.000000 -0.000000 0.000000  -0.157088 0.000000 -0.000000
35  -0.000003 -0.000004 0.000001  -0.314228 0.000000 0.000000
36  -0.000003 -0.000004 0.000002  -0.471408 0.000000 0.000000
37  -0.000001 -0.000000 0.000000  -0.628539 0.000000 0.000000
38  -0.000006 0.000001 0.000001  -0.785637 0.000000 -0.000000
39  -0.000004 0.000001 0.000001  -0.942827 0.000000 -0.000000
40  -0.000004 -0.000004 0.000002  -1.099936 0.000000 0.000000
41  -0.000009 -0.000004 -0.000002  -0.846348 -0.519647 -0.416798
42  0.000001 0.000004 0.000001  0.152701 -0.063483 0.074599
43  3.954720 0.000010 0.000004  -0.000000 -0.000002 0.166319
44  -0.000001 -0.000005 -0.000001  0.000000 -0.000000 0.008789
45  0.000001 0.000002 -0.000002  -0.146628 0.110195 0.722809
46  -0.000001 -0.000002 0.000001  -0.000000 0.000000 0.111022
47  -0.000001 -0.000000 -0.000003  0.000000 -0.000000 0.111022
48  0.000001 0.000002 -0.000002  -0.042743 -0.270114 -0.090651
49  -0.000002 -0.000002 0.000000  0.000000 -0.000000 -0.196121
50  0.000002 0.000001 0.000000  0.000000 -0.000000 0.374324
51  -0.000003 0.000003 -0.000000  -0.096336 -0.276116 -0.317932
52  -0.000002 -0.000001 0.000000  0.000000 -0.000000 -0.194649
53  -0.000004 -0.000000 0.000000  0.000000 0.000000 0.359488
54  -0.000001 0.000001 -0.000002  -0.154928 -0.320907 -0.629509
55  -0.000004 -0.000000 0.000004  -0.000000 -0.000000 -0.228593
56  2.307434 -0.000001 -0.000001  0.000002 0.000001 -0.056419
57  0.000000 0.000000 -0.000000  -0.033470 0.017587 0.040244
58  33.519341 5.289803 10.057031  -2.070701 1.449326 -0.018202
59  0.071247 114.357040 62.238804  -0.000000 0.000000 -0.000000
60  1.986524 0.000018 -3.123738  -2.705260 -0.000000 -1.570797
61  -1.986694 0.000025 -3.123744  0.436333 0.000001 1.570797
62  -0.000001 0.000004 -0.000001  0.000000 0.000000 0.000000
63  -1.986693 0.000017 -3.123733  0.436333 0.000001 1.570797
64  -11.344173 1.135889 0.869276  0.000002 -0.025019 -0.026324
65  1.986524 0.000013 -3.123730  -2.705260 -0.000000 -1.570797
66  -11.350057 -0.729421 0.864888  0.000197 -0.025367 0.026442
67  1.754237 4.036755 -1.682665  0.392575 -0.010120 -1.546362
68  -1.755139 4.036757 -1.682666  -0.392577 -0.010391 -1.594986
69  -0.164555 7.327706 3.928703  -0.000000 0.000001 -1.570796
70  0.079083 36.742691 -0.508023  0.000001 0.000000 -0.000000
71  -1.260172 8.777411 6.736405  -0.000002 -0.424416 -3.141592
72  1.525193 18.283602 2.968623  0.000000 0.000000 0.000000
73  0.060217 10.324391 74.469055  0.000008 0.000000 0.000000
74  0.062807 75.918007 83.075447  1.570797 -0.000000 -1.570796
75  4.804182 -3.971730 0.000001  -0.000000 0.000000 -0.000000
76  -7.041570 -5.025983 0.000001  -0.000000 -0.000000 -0.000000
77  8.407173 -3.978423 0.003055  -1.570796 1.570795 0.000000
78  10.376185 -3.978431 0.003056  -1.570796 1.570796 0.000000
79  10.194016 -0.314051 -1.749548  -1.570796 1.570796 0.000000
80  20.857887 -4.015557 0.000002  0.000000 -0.000000 0.000000
81  3.258442 5.856966 -3.403525  -0.000000 -0.000000 -0.000000
82  15.153049 5.860592 -3.403521  -0.000000 -0.000000 0.000000
83  6.064257 77.294952 36.365795  1.570796 0.000000 1.570796
84  -2.662411 1.445758 40.667961  -0.000000 3.141591 1.570796
85  8.352063 2.772895 0.000538  -3.141589 0.000002 0.000000
86  6.064256 72.973701 32.593254  1.570796 0.000000 1.570796
87  0.004366 73.768425 -3.792008  0.000000 0.000000 0.000000
88  -0.442609 1.284882 8.535288  -0.000000 -0.000001 0.000000
89  0.000001 1.310212 0.000002  0.000000 -0.000000 0.000000
90  0.000001 0.582259 0.000001  0.000000 -0.000000 0.000000
91  0.036297 1.284880 7.928797  -0.000000 -0.000001 0.000000
92  0.000000 1.310212 0.000002  0.000000 0.000000 0.000000
93  0.000000 0.582260 0.000001  0.000000 0.000000 0.000000
94  5.969323 3.427462 -6.170654  -0.000000 -0.000001 -1.570797
95  -1.310215 0.000000 -0.000005  0.000000 0.000000 -0.000000
96  -0.582266 -0.000001 -0.000002  0.000000 -0.000000 -0.000000
97  5.969323 9.397400 -6.170662  -0.000000 -0.000001 -1.570796
98  -1.310215 0.000000 0.000001  0.000000 0.000000 -0.000000
99  -0.582260 -0.000000 0.000002  0.000000 0.000000 -0.000000
100  5.969322 15.223772 -6.170673  0.000000 -0.000001 -1.570796
101  -1.310214 0.000002 -0.000007  -0.000000 0.000000 -0.000000
102  -0.582261 0.000002 -0.000010  -0.000000 0.000000 -0.000000
103  5.969323 20.835566 -6.170673  0.000000 -0.000001 -1.570796
104  -1.310214 0.000001 -0.000005  -0.000000 0.000000 -0.000000
105  -0.582259 -0.000000 -0.000004  -0.000000 0.000000 -0.000000
106  5.969324 26.771204 -6.170671  0.000000 -0.000001 -1.570796
107  5.969323 32.597595 -6.170677  0.000000 -0.000001 -1.570796
108  5.969324 38.209400 -6.170687  -0.000000 -0.000001 -1.570800
109  5.969323 49.488464 -6.170685  -0.000000 -0.000001 -1.570800
110  -0.539090 -0.556807 -0.017364  -0.042462 2.681156 1.551919
111  -6.799123 -0.556804 0.818547  -0.272420 2.701993 1.452460
112  -4.615283 -0.556819 0.270324  -0.117230 2.684609 1.518878
113  -2.650970 -0.556807 0.063008  -0.042463 2.681158 1.551919
114  27.110336 1.284857 12.007545  -0.000000 -0.000000 0.000000
115  28.133425 1.284857 12.007545  0.000001 -0.000000 0.000000
116  12.812886 2.241788 12.007548  -0.000000 -0.000001 -0.000001
117  -9.955966 -0.319620 4.380212  -0.000001 -0.000000 -0.000001
118  -11.316473 -0.319625 4.380215  -0.000003 -0.000000 0.000000
119  -12.667810 -0.319621 4.380214  -0.000003 -0.000000 0.000001
120  -14.022141 -0.319622 4.380212  0.000010 -0.000000 -0.000011
121  -15.373240 -0.319620 4.380212  0.000015 -0.000000 -0.000015
122  -16.724140 -0.319622 4.380211  -0.000009 -0.000000 0.000006
123  -18.074572 -0.319620 4.380213  -0.000006 0.000000 0.000004
124  -19.423714 -0.319622 4.380211  0.000002 0.000000 -0.000004
125  -20.775267 -0.319618 4.380213  0.000003 0.000000 -0.000004
126  -22.126669 -0.319620 4.380214  0.000003 0.000000 -0.000004
127  -23.478121 -0.319619 4.380213  0.000005 0.000000 -0.000006
128  -24.830618 -0.319620 4.380214  0.000036 0.000000 -0.000038
129  -26.182026 -0.319619 4.380215  -0.000011 0.000000 0.000011
130  0.529179 -0.167128 0.629484  -0.101270 -0.000000 0.000000
131  -0.211444 -0.241683 0.155362  -0.145847 -0.000000 0.000000
132  0.529190 -0.280698 -0.110297  -0.145847 -0.000000 0.000000
133  -0.173927 -0.337324 -0.638496  -0.181751 -0.000000 0.000000
134  0.529189 -0.399246 -0.975396  -0.181751 -0.000000 0.000000
135  -0.211444 -0.464477 -1.431042  -0.192399 -0.000000 0.000000
136  0.529189 -0.515806 -1.694585  -0.192400 -0.000000 0.000000
137  -0.173928 -0.612149 -2.231915  -0.216703 -0.000000 0.000000
138  0.529188 -0.685804 -2.566445  -0.216704 -0.000000 0.000000
139  -0.211445 -0.769558 -3.027873  -0.237349 -0.000000 0.000000
140  0.529188 -0.832685 -3.288850  -0.237349 -0.000000 0.000000
141  -0.173937 -0.945280 -3.779564  -0.233859 0.000000 0.000000
142  0.529179 -1.024658 -4.112780  -0.233859 0.000000 0.000000
143  -0.211443 -1.132186 -4.577549  -0.262919 -0.000000 0.000000
144  0.529190 -1.201962 -4.836827  -0.262919 0.000000 0.000000
145  -0.000005 -2.810941 -10.636634  0.258454 0.000000 3.141592
146  -0.192455 -1.345778 -5.370047  -0.280373 0.000000 0.000000
147  0.533983 -1.413510 -5.605104  -0.276883 0.000000 0.000000
148  -0.206618 -1.795758 -6.909780  -0.287354 0.000000 0.000000
149  -0.205805 -1.564818 -6.138258  -0.290843 0.000000 0.000000
150  0.530459 -1.643676 -6.395216  -0.290844 0.000000 0.000000
151  0.535311 -1.790707 -7.204133  -0.287354 -0.000000 0.000000
152  -0.202703 -2.030486 -7.702829  -0.286180 -0.000000 0.000000
153  0.509548 -2.118895 -8.011625  -0.298398 -0.000000 0.000000
154  -0.202703 -2.255276 -8.465176  -0.283134 -0.000000 0.000000
155  0.509548 -2.352979 -8.771161  -0.295352 -0.000000 0.000000
156  -0.202704 -2.481595 -9.235474  -0.285437 -0.000000 0.000000
157  0.509546 -2.588681 -9.538639  -0.297654 -0.000000 0.000000
158  0.170122 -21.222090 -1.001143  -0.000001 -0.000001 0.000000
159  0.170122 -20.843864 -0.397183  -0.000001 -0.000001 0.000000
160  0.170122 -20.489744 -1.001140  -0.000001 -0.000001 0.000000
161  0.170124 -20.111069 -0.397183  -0.000001 -0.000001 0.000000
162  0.170123 -19.380087 -0.397188  -0.000001 -0.000001 0.000000
163  0.170123 -19.025106 -1.001147  -0.000001 -0.000001 0.000000
164  0.170123 -18.646658 -0.396449  -0.000001 -0.000001 0.000000
165  0.170124 -19.755758 -1.001141  -0.000001 -0.000001 0.000000
166  -0.015972 10.612520 2.686018  0.000001 0.000000 0.000000
167  0.059855 -50.160709 6.449378  1.570797 -0.000000 -1.570797
168  0.064653 27.351292 72.195213  -0.000000 -0.000000 -0.000001
169  6.064261 95.114014 31.645498  0.000000 -0.000001 1.570796
170  0.054185 102.845650 29.795364  -0.000000 0.000001 -1.570796
171  6.064258 69.096558 37.164318  1.570796 0.000000 1.570796
172  1.974303 11.989233 4.589250  0.000000 0.000000 0.000000
173  -0.011480 23.944748 5.090361  0.000001 0.000000 0.000000
174  -1.691250 8.833343 5.763506  0.000001 0.000000 0.000000
175  6.064260 89.329811 31.613920  0.000000 -0.000001 1.570796
176  0.059887 2.255336 54.398014  -0.000000 0.000000 0.000000
177  0.003497 -22.270645 0.000145  1.570797 -0.000000 -1.570797
178  0.104011 15.380374 2.266153  0.000001 0.000000 -0.000000
179  4.036394 -2.248656 1.375748  0.291596 0.289195 -0.714543
180  2.949256 6.835160 13.119568  1.171271 0.424640 -0.170380
181  -2.662411 1.445758 33.628746  -0.000000 3.141591 1.570796
182  8.352064 2.772896 0.000545  -3.141589 0.000002 0.000000
183  -2.662411 1.445758 40.667961  -0.000000 3.141591 1.570796
184  8.352063 2.772895 0.000538  -3.141589 0.000002 0.000000
185  -1.431355 16.384781 4.137811  0.000001 0.000000 0.000000
186  -0.001843 0.521686 -0.140289  0.000000 0.000000 0.000000
187  7.323110 -5.136190 -5.166237  0.000000 0.000000 -0.610865
188  2.698276 0.000001 0.000001  -0.000012 0.000000 0.000000
189  2.834159 0.000000 -0.000000  0.000013 0.000000 -0.000000
190  2.648919 -0.000003 0.000001  -0.000001 -0.000001 0.000000
191  2.667497 -0.000001 -0.000001  0.000000 -0.000000 -0.000000
192  2.426708 -0.000008 -0.000001  0.000000 0.000000 -0.000000
193  -0.494744 -44.353439 -1.302294  1.570797 -0.000000 -1.570797
194  11.545939 73.768425 -3.792010  0.000000 0.000000 0.000000
195  -0.066953 -10.025105 -0.912534  -0.000000 0.000000 0.000000
196  0.000001 -0.000002 -1.529050  -0.000000 0.000000 0.000000
197  -0.078943 -0.000004 0.000002  0.000000 0.000001 1.570796
198  0.097091 -0.000007 0.000001  -0.000000 -3.141592 1.570796
199  0.000000 0.000000 0.000000  0.000000 -0.000000 -0.000000
200  3.439790 -27.345266 9.789361  -1.423578 1.017890 -0.597655
201  34.869129 12.815449 2.458970  -1.608515 0.688481 0.047566
time 9
0  0 0 0  0 0 0
1  0.000000 0.000000 0.000000  0.000000 -0.000000 -0.000000
2  -0.000005 0.000023 -61.375507  0.000000 0.000000 -1.570795
3  -0.012872 0.000000 8.235020  -1.570799 -1.570796 0.000000
4  16.163128 -0.012870 -0.000002  -0.000000 -0.000000 0.000000
5  -0.000000 0.000000 -0.000005  0.012269 0.000000 -0.000000
6  -0.000031 -0.000002 -0.000000  -0.543543 0.784132 0.370132
7  -0.000002 -0.000006 0.000001  -0.000000 0.000000 -0.590850
8  0.000001 -0.000001 0.000000  0.006714 -0.000000 -0.000000
9  0.000001 0.000001 -0.000001  0.013428 -0.000000 -0.000000
10  0.000001 -0.000000 -0.000000  0.020143 -0.000000 -0.000000
11  -0.000003 0.000001 -0.000002  0.026857 -0.000000 -0.000000
12  -0.000003 -0.000000 -0.000002  0.033572 -0.000000 -0.000000
13  -0.000003 -0.000001 -0.000003  0.040287 -0.000000 -0.000000
14  -0.000003 -0.000001 -0.000002  0.047003 -0.000000 -0.000000
15  -0.000001 0.000000 0.000003  0.277169 -0.199152 -0.853397
16  -0.000004 -0.000002 0.000001  0.215423 0.089856 -0.049282
17  -0.000003 0.000000 0.000002  0.096261 0.035446 -0.323028
18  -0.000000 0.000002 0.000001  0.057866 0.025629 -0.354522
19  0.000003 0.000001 -0.000001  0.114925 0.135827 -0.634063
20  -0.000000 0.000002 -0.000000  0.000000 0.000000 0.152619
21  -0.000000 -0.000002 -0.000001  -0.000000 -0.000000 0.152619
22  -0.000001 0.000001 -0.000001  -0.207860 0.203552 0.192963
23  3.672213 0.000004 -0.000001  0.000003 0.000001 0.142941
24  0.000001 -0.000001 0.000001  -0.000000 0.000000 -0.301195
25  0.000003 0.000000 -0.000001  -0.082042 0.060430 -0.201253
26  -0.000002 -0.000005 0.000001  -0.000000 0.000000 -0.151272
27  2.496792 0.000004 -0.000000  0.000000 0.000000 -0.091107
28  0.000001 -0.000002 0.000002  -0.026098 0.340002 0.296669
29  0.000000 0.000001 -0.000000  -0.000000 -0.000000 0.420337
30  2.199411 0.000001 0.000003  0.000001 0.000001 0.029263
31  0.000004 -0.000000 0.000003  1.901031 -0.000745 -0.001043
32  -0.000019 -0.000001 0.000001  0.547559 -0.219575 1.185161
33  0.000002 0.000003 -0.000001  0.000000 -0.000000 0.555026
34  0.000001 -0.000006 0.000000  -0.155373 0.000000 -0.000000
35  -0.000001 -0.000006 -0.000001  -0.310830 -0.000000 0.000000
36  -0.000002 -0.000009 0.000003  -0.466262 0.000000 0.000000
37  -0.000000 -0.000006 0.000000  -0.621676 -0.000000 0.000000
38  -0.000006 -0.000008 0.000003  -0.777056 -0.000000 -0.000000
39  -0.000004 -0.000005 -0.000000  -0.932495 -0.000000 0.000000
40  -0.000004 -0.000009 0.000002  -1.087930 -0.000000 0.000000
41  -0.000006 -0.000006 -0.000003  -0.787095 -0.556440 -0.429311
42  0.000002 -0.000004 -0.000000  0.152703 -0.063422 0.074603
43  3.954723 0.000010 0.000002  -0.000000 -0.000002 0.166320
44  -0.000001 0.000006 0.000000  -0.000000 0.000000 0.008789
45  -0.000000 -0.000004 -0.000002  -0.146632 0.110190 0.722743
46  -0.000000 -0.000000 -0.000002  0.000000 -0.000000 0.111022
47  -0.000000 0.000001 0.000001  -0.000000 -0.000000 0.111022
48  0.000001 -0.000004 -0.000002  -0.042743 -0.270114 -0.090651
49  0.000000 0.000002 0.000001  0.000000 -0.000000 -0.196060
50  0.000000 -0.000001 0.000001  -0.000000 0.000000 0.374262
51  -0.000001 -0.000005 -0.000002  -0.096292 -0.276043 -0.317877
52  -0.000002 0.000003 0.000001  0.000000 -0.000000 -0.194588
53  -0.000004 0.000001 0.000002  0.000000 0.000000 0.359426
54  -0.000002 -0.000005 -0.000002  -0.154968 -0.320838 -0.629375
55  0.000002 0.000001 -0.000002  0.000000 -0.000000 -0.228531
56  2.307434 -0.000001 0.000001  0.000002 0.000001 -0.056419
57  0.000000 0.000000 -0.000000  -0.031962 0.011343 0.037364
58  33.747349 5.354698 9.818276  -1.596432 1.468179 0.451909
59  0.071249 114.357025 62.238792  -0.000000 -0.000000 -0.000000
60  1.986524 0.000010 -3.123741  -2.705260 -0.000000 -1.570797
61  -1.986692 0.000015 -3.123745  0.436333 0.000001 1.570797
62  -0.000001 -0.000000 -0.000003  0.000000 -0.000000 0.000000
63  -1.986693 0.000007 -3.123734  0.436333 0.000001 1.570797
64  -11.344163 1.135889 0.869275  0.000002 -0.025019 -0.026324
65  1.986525 0.000012 -3.123733  -2.705260 -0.000000 -1.570797
66  -11.350054 -0.729424 0.864891  0.000197 -0.025367 0.026442
67  1.754236 4.036751 -1.682669  0.392575 -0.010120 -1.546362
68  -1.755140 4.036756 -1.682664  -0.392577 -0.010391 -1.594986
69  -0.164556 7.327705 3.928704  0.000000 0.000001 -1.570796
70  0.079081 36.742695 -0.508021  0.000001 -0.000000 -0.000000
71  -1.260174 8.777411 6.736406  -0.000002 -0.424416 -3.141592
72  1.525193 18.283598 2.968621  0.000000 -0.000000 0.000000
73  0.060216 10.324386 74.469063  0.000008 -0.000000 0.000000
74  0.062809 75.917992 83.075447  1.570797 -0.000000 -1.570796
75  4.804187 -3.971742 0.000000  -0.000000 0.000000 -0.000000
76  -7.041563 -5.025987 0.000001  -0.000000 -0.000000 -0.000000
77  8.407183 -3.978433 0.003054  -1.570796 1.570795 0.000000
78  10.376191 -3.978440 0.003055  -1.570796 1.570796 0.000000
79  10.194012 -0.314056 -1.749548  -1.570796 1.570796 0.000000
80  20.857891 -4.015563 0.000002  0.000000 -0.000000 0.000000
81  3.258441 5.856962 -3.403524  -0.000000 -0.000000 -0.000000
82  15.153048 5.860587 -3.403522  0.000000 -0.000000 0.000000
83  6.064256 77.294960 36.365799  1.570796 0.000000 1.570796
84  -2.662412 1.445754 40.667961  0.000000 3.141591 1.570796
85  8.352067 2.772895 0.000544  -3.141589 0.000002 0.000000
86  6.064257 72.973694 32.593254  1.570796 0.000000 1.570796
87  0.004364 73.768425 -3.792011  0.000000 -0.000000 0.000000
88  -0.442608 1.284879 8.535287  0.000000 -0.000001 0.000000
89  0.000001 1.310211 -0.000001  0.000000 0.000000 0.000000
90  0.000000 0.582261 0.000002  0.000000 0.000000 0.000000
91  0.036298 1.284882 7.928797  0.000000 -0.000001 0.000000
92  0.000000 1.310208 -0.000002  0.000000 0.000000 0.000000
93  -0.000000 0.582257 0.000001  0.000000 0.000000 0.000000
94  5.969324 3.427459 -6.170651  -0.000000 -0.000001 -1.570797
95  -1.310208 0.000001 -0.000003  0.000000 0.000000 -0.000000
96  -0.582257 -0.000000 -0.000001  0.000000 0.000000 -0.000000
97  5.969323 9.397400 -6.170660  -0.000000 -0.000001 -1.570796
98  -1.310212 -0.000000 -0.000005  0.000000 0.000000 -0.000000
99  -0.582260 -0.000001 -0.000002  0.000000 0.000000 -0.000000
100  5.969322 15.223770 -6.170675  0.000000 -0.000001 -1.570796
101  -1.310208 0.000003 -0.000003  -0.000000 0.000000 -0.000000
102  -0.582259 0.000002 0.000004  -0.000000 0.000000 -0.000000
103  5.969325 20.835569 -6.170674  0.000000 -0.000001 -1.570796
104  -1.310205 0.000002 -0.000002  -0.000000 0.000000 -0.000000
105  -0.582254 0.000000 0.000002  -0.000000 0.000000 -0.000000
106  5.969325 26.771206 -6.170673  0.000000 -0.000001 -1.570796
107  5.969323 32.597591 -6.170678  0.000000 -0.000001 -1.570796
108  5.969323 38.209393 -6.170687  0.000000 -0.000001 -1.570800
109  5.969321 49.488464 -6.170683  0.000000 -0.000001 -1.570800
110  -0.539089 -0.556809 -0.017364  -0.042462 2.681156 1.551919
111  -6.799122 -0.556807 0.818549  -0.272420 2.701993 1.452460
112  -4.615282 -0.556822 0.270328  -0.117230 2.684609 1.518878
113  -2.650968 -0.556809 0.063010  -0.042463 2.681158 1.551919
114  27.110338 1.284858 12.007547  0.000000 -0.000000 0.000000
115  28.133427 1.284857 12.007545  0.000001 -0.000000 0.000000
116  12.812886 2.241785 12.007548  0.000000 -0.000001 -0.000001
117  -9.955966 -0.319625 4.380211  -0.000001 -0.000000 -0.000001
118  -11.316472 -0.319624 4.380212  -0.000003 -0.000000 0.000000
119  -12.667809 -0.319624 4.380214  -0.000003 -0.000000 0.000001
120  -14.022139 -0.319623 4.380212  0.000010 -0.000000 -0.000011
121  -15.373240 -0.319624 4.380212  0.000015 -0.000000 -0.000015
122  -16.724140 -0.319623 4.380212  -0.000009 -0.000000 0.000006
123  -18.074572 -0.319623 4.380212  -0.000006 -0.000000 0.000004
124  -19.423716 -0.319620 4.380212  0.000002 0.000000 -0.000004
125  -20.775270 -0.319622 4.380213  0.000003 0.000000 -0.000004
126  -22.126671 -0.319620 4.380211  0.000003 -0.000000 -0.000004
127  -23.478125 -0.319620 4.380213  0.000005 0.000000 -0.000006
128  -24.830620 -0.319621 4.380213  0.000036 -0.000000 -0.000038
129  -26.182028 -0.319619 4.380211  -0.000011 0.000000 0.000011
130  0.529180 -0.167131 0.629483  -0.101270 -0.000000 0.000000
131  -0.211443 -0.241686 0.155359  -0.145847 -0.000000 0.000000
132  0.529190 -0.280700 -0.110293  -0.145847 -0.000000 0.000000
133  -0.173927 -0.337328 -0.638496  -0.181751 -0.000000 0.000000
134  0.529190 -0.399248 -0.975395  -0.181751 -0.000000 0.000000
135  -0.211444 -0.464477 -1.431042  -0.192399 -0.000000 0.000000
136  0.529190 -0.515808 -1.694585  -0.192399 -0.000000 0.000000
137  -0.173928 -0.612153 -2.231913  -0.216703 -0.000000 0.000000
138  0.529188 -0.685804 -2.566442  -0.216703 -0.000000 0.000000
139  -0.211444 -0.769562 -3.027872  -0.237349 -0.000000 0.000000
140  0.529189 -0.832688 -3.288847  -0.237349 -0.000000 0.000000
141  -0.173937 -0.945281 -3.779567  -0.233859 0.000000 0.000000
142  0.529180 -1.024660 -4.112781  -0.233859 0.000000 0.000000
143  -0.211443 -1.132187 -4.577549  -0.262919 -0.000000 0.000000
144  0.529190 -1.201962 -4.836826  -0.262919 0.000000 0.000000
145  -0.000004 -2.810943 -10.636631  0.258454 0.000000 3.141592
146  -0.192455 -1.345779 -5.370047  -0.280373 0.000000 0.000000
147  0.533984 -1.413513 -5.605108  -0.276883 0.000000 0.000000
148  -0.206618 -1.795760 -6.909782  -0.287354 0.000000 0.000000
149  -0.205804 -1.564816 -6.138259  -0.290843 0.000000 0.000000
150  0.530460 -1.643676 -6.395220  -0.290844 0.000000 0.000000
151  0.535312 -1.790709 -7.204134  -0.287354 -0.000000 0.000000
152  -0.202703 -2.030484 -7.702836  -0.286180 -0.000000 0.000000
153  0.509549 -2.118897 -8.011624  -0.298398 -0.000000 0.000000
154  -0.202703 -2.255275 -8.465177  -0.283134 -0.000000 0.000000
155  0.509549 -2.352982 -8.771159  -0.295352 -0.000000 0.000000
156  -0.202704 -2.481597 -9.235472  -0.285437 -0.000000 0.000000
157  0.509547 -2.588683 -9.538638  -0.297653 -0.000000 0.000000
158  0.170123 -21.222094 -1.001142  -0.000001 -0.000001 0.000000
159  0.170123 -20.843864 -0.397186  -0.000001 -0.000001 0.000000
160  0.170123 -20.489746 -1.001141  -0.000001 -0.000001 0.000000
161  0.170125 -20.111071 -0.397184  -0.000001 -0.000001 0.000000
162  0.170123 -19.380091 -0.397189  -0.000001 -0.000001 0.000000
163  0.170123 -19.025108 -1.001146  -0.000001 -0.000001 0.000000
164  0.170124 -18.646662 -0.396450  -0.000001 -0.000001 0.000000
165  0.170124 -19.755760 -1.001142  -0.000001 -0.000001 0.000000
166  -0.015973 10.612517 2.686017  0.000001 -0.000000 0.000000
167  0.059849 -50.160706 6.449384  1.570797 -0.000000 -1.570797
168  0.064652 27.351288 72.195213  -0.000000 -0.000000 -0.000001
169  6.064260 95.114021 31.645504  -0.000000 -0.000001 1.570796
170  0.054184 102.845657 29.795366  0.000000 0.000001 -1.570796
171  6.064255 69.096565 37.164322  1.570796 0.000000 1.570796
172  1.974303 11.989235 4.589250  0.000000 -0.000000 0.000000
173  -0.011481 23.944750 5.090362  0.000001 -0.000000 0.000000
174  -1.691251 8.833342 5.763508  0.000001 -0.000000 0.000000
175  6.064260 89.329811 31.613920  -0.000000 -0.000001 1.570796
176  0.059886 2.255333 54.398018  -0.000000 -0.000000 0.000000
177  0.003497 -22.270645 0.000146  1.570797 -0.000000 -1.570797
178  0.104011 15.380372 2.266152  0.000001 -0.000000 -0.000000
179  4.037053 -2.249432 1.375888  0.291617 0.289293 -0.714666
180  2.948341 6.835256 13.118354  1.171111 0.424540 -0.170396
181  -2.662413 1.445757 33.628750  0.000000 3.141591 1.570796
182  8.352064 2.772895 0.000544  -3.141589 0.000002 0.000000
183  -2.662412 1.445754 40.667961  0.000000 3.141591 1.570796
184  8.352067 2.772895 0.000544  -3.141589 0.000002 0.000000
185  -1.431356 16.384781 4.137812  0.000001 -0.000000 0.000000
186  -0.001844 0.521683 -0.140289  0.000000 -0.000000 0.000000
187  7.323109 -5.136190 -5.166236  -0.000000 0.000000 -0.610865
188  2.698278 0.000000 -0.000001  -0.000012 0.000000 0.000000
189  2.834161 -0.000005 -0.000003  0.000013 0.000000 -0.000000
190  2.648920 -0.000004 -0.000001  -0.000001 -0.000001 0.000000
191  2.667495 0.000003 -0.000001  0.000000 -0.000000 0.000000
192  2.426700 0.000001 -0.000001  0.000000 0.000000 -0.000000
193  -0.494745 -44.353443 -1.302296  1.570797 -0.000000 -1.570797
194  11.545938 73.768425 -3.792011  0.000000 -0.000000 0.000000
195  -0.066954 -10.025105 -0.912534  -0.000000 -0.000000 0.000000
196  0.000001 0.000000 -1.529050  -0.000001 -0.000000 0.000000
197  -0.078941 -0.000002 0.000001  0.000000 0.000001 1.570796
198  0.097093 -0.000003 -0.000001  -0.000000 -3.141592 1.570796
199  0.000000 0.000000 0.000000  0.000000 -0.000000 -0.000000
200  3.551237 -27.061251 10.200360  -1.376598 1.068270 -0.558267
201  34.913696 13.184105 2.317629  -1.543936 0.714250 0.087808
time 10
0  0 0 0  0 0 0
1  0.000000 0.000000 0.000000  0.000000 -0.000000 -0.000000
2  -0.000005 0.000023 -61.375507  0.000000 0.000000 -1.570795
3  -0.012872 0.000000 8.235020  -1.570799 -1.570796 0.000000
4  16.163128 -0.012870 -0.000002  -0.000000 -0.000000 0.000000
5  -0.000000 0.000000 -0.000005  0.010682 -0.000000 -0.000000
6  -0.000031 -0.000002 -0.000000  -0.547803 0.786792 0.372361
7  -0.000002 -0.000005 0.000000  0.000000 0.000000 -0.596595
8  -0.000000 -0.000000 -0.000002  0.006531 -0.000000 -0.000000
9  0.000004 -0.000000 -0.000002  0.013123 -0.000000 -0.000000
10  -0.000001 -0.000001 -0.000001  0.019715 -0.000000 -0.000000
11  -0.000001 -0.000000 -0.000000  0.026308 -0.000000 -0.000000
12  -0.000004 -0.000000 -0.000003  0.032839 -0.000000 -0.000000
13  -0.000000 -0.000002 -0.000002  0.039432 -0.000000 -0.000000
14  -0.000001 -0.000002 -0.000001  0.046026 -0.000000 -0.000000
15  -0.000001 0.000000 0.000002  0.263559 -0.201367 -0.816277
16  -0.000007 -0.000003 0.000001  0.215724 0.089998 -0.049377
17  -0.000003 0.000003 0.000004  0.096435 0.035497 -0.323458
18  -0.000001 0.000002 0.000003  0.057969 0.025725 -0.355015
19  0.000001 0.000001 -0.000001  0.115037 0.136133 -0.635016
20  -0.000001 0.000000 -0.000001  -0.000000 0.000000 0.152863
21  0.000000 -0.000000 0.000000  0.000000 0.000000 0.152864
22  -0.000006 -0.000001 -0.000001  -0.208182 0.203863 0.193214
23  3.672213 0.000002 -0.000002  0.000003 0.000001 0.142941
24  0.000003 0.000001 -0.000000  0.000000 -0.000000 -0.301627
25  0.000001 0.000001 -0.000001  -0.082180 0.060466 -0.201566
26  0.000001 -0.000000 0.000002  -0.000000 0.000001 -0.151456
27  2.496794 0.000000 0.000000  0.000000 0.000000 -0.091107
28  -0.000001 -0.000001 0.000003  -0.026071 0.340516 0.297119
29  0.000001 0.000001 0.000000  -0.000000 0.000000 0.420961
30  2.199412 0.000001 0.000005  0.000001 0.000001 0.029263
31  0.000004 -0.000000 0.000003  1.867198 -0.000726 -0.000981
32  -0.000021 -0.000001 0.000001  0.549908 -0.223134 1.142165
33  0.000001 -0.000003 0.000000  0.000000 -0.000000 0.567667
34  0.000000 -0.000001 -0.000001  -0.154761 0.000000 -0.000000
35  -0.000002 -0.000001 -0.000002  -0.309470 0.000000 0.000000
36  -0.000004 -0.000000 -0.000001  -0.464255 0.000000 0.000000
37  -0.000000 -0.000001 -0.000001  -0.619048 -0.000000 0.000000
38  -0.000006 0.000004 -0.000002  -0.773759 -0.000000 -0.000000
39  -0.000006 -0.000004 0.000000  -0.928534 -0.000000 -0.000000
40  -0.000003 0.000001 0.000001  -1.083297 0.000000 0.000000
41  -0.000009 -0.000009 -0.000002  -0.759739 -0.573404 -0.430778
42  0.000001 -0.000003 -0.000002  0.152881 -0.063556 0.074650
43  3.954722 0.000011 0.000004  -0.000000 -0.000002 0.166319
44  -0.000001 -0.000007 -0.000002  -0.000000 0.000000 0.008805
45  -0.000001 0.000001 -0.000002  -0.146736 0.110375 0.723584
46  -0.000001 -0.000003 -0.000000  0.000000 0.000000 0.111144
47  0.000001 0.000002 0.000003  0.000000 0.000000 0.111145
48  -0.000000 0.000001 -0.000001  -0.042776 -0.270427 -0.090765
49  -0.000000 0.000001 -0.000001  0.000000 -0.000000 -0.196305
50  -0.000001 -0.000001 -0.000001  0.000000 0.000000 0.374697
51  -0.000003 -0.000000 -0.000002  -0.096371 -0.276397 -0.318295
52  0.000001 -0.000001 -0.000002  0.000000 -0.000000 -0.194833
53  -0.000004 0.000003 0.000002  -0.000000 0.000000 0.359860
54  -0.000003 -0.000000 -0.000002  -0.154988 -0.321270 -0.630147
55  0.000001 0.000001 0.000000  0.000000 -0.000000 -0.228777
56  2.307433 0.000000 -0.000002  0.000002 0.000001 -0.056419
57  0.000000 0.000000 -0.000000  -0.030407 0.003266 0.034137
58  33.838196 5.361481 9.712678  -1.309045 1.463884 0.729892
59  0.071247 114.357025 62.238789  0.000000 0.000000 -0.000000
60  1.986524 0.000029 -3.123734  -2.705260 -0.000000 -1.570797
61  -1.986693 0.000030 -3.123740  0.436333 0.000001 1.570797
62  -0.000001 0.000010 0.000001  0.000000 -0.000000 0.000000
63  -1.986692 0.000015 -3.123735  0.436333 0.000001 1.570797
64  -11.344151 1.135890 0.869279  0.000002 -0.025020 -0.026324
65  1.986525 0.000017 -3.123730  -2.705260 -0.000000 -1.570797
66  -11.350050 -0.729421 0.864883  0.000197 -0.025367 0.026442
67  1.754236 4.036763 -1.682664  0.392575 -0.010120 -1.546362
68  -1.755139 4.036758 -1.682664  -0.392577 -0.010391 -1.594986
69  -0.164556 7.327702 3.928703  -0.000000 0.000001 -1.570796
70  0.079082 36.742687 -0.508024  0.000001 0.000000 -0.000000
71  -1.260175 8.777409 6.736405  -0.000002 -0.424415 -3.141592
72  1.525192 18.283598 2.968622  0.000000 0.000000 -0.000000
73  0.060215 10.324390 74.469055  0.000008 0.000000 -0.000000
74  0.062809 75.917992 83.075439  1.570797 0.000000 -1.570796
75  4.804182 -3.971740 0.000002  -0.000000 0.000000 -0.000000
76  -7.041564 -5.025988 0.000002  -0.000000 -0.000000 -0.000001
77  8.407180 -3.978435 0.003057  -1.570796 1.570795 0.000000
78  10.376190 -3.978441 0.003057  -1.570796 1.570796 0.000000
79  10.194014 -0.314060 -1.749547  -1.570796 1.570796 0.000000
80  20.857883 -4.015564 0.000004  0.000000 -0.000000 -0.000000
81  3.258437 5.856957 -3.403522  -0.000000 -0.000000 -0.000001
82  15.153049 5.860584 -3.403520  0.000000 -0.000000 -0.000000
83  6.064255 77.294945 36.365795  1.570796 -0.000000 1.570796
84  -2.662412 1.445755 40.667957  -0.000000 3.141591 1.570796
85  8.352063 2.772898 0.000539  -3.141589 0.000002 0.000000
86  6.064257 72.973694 32.593254  1.570796 -0.000000 1.570796
87  0.004365 73.768410 -3.792012  0.000000 0.000000 0.000000
88  -0.442608 1.284884 8.535289  0.000000 -0.000001 0.000000
89  0.000001 1.310213 0.000001  0.000000 0.000000 0.000000
90  0.000001 0.582259 0.000002  0.000000 0.000000 0.000000
91  0.036298 1.284885 7.928799  0.000000 -0.000001 0.000000
92  0.000000 1.310209 0.000001  0.000000 0.000000 0.000000
93  -0.000000 0.582256 -0.000000  0.000000 0.000000 0.000000
94  5.969324 3.427460 -6.170653  -0.000000 -0.000001 -1.570797
95  -1.310209 0.000001 -0.000000  0.000000 -0.000000 -0.000000
96  -0.582259 0.000000 0.000000  0.000000 -0.000000 -0.000000
97  5.969323 9.397399 -6.170661  -0.000000 -0.000001 -1.570796
98  -1.310211 -0.000000 0.000004  0.000000 0.000001 -0.000000
99  -0.582258 -0.000001 0.000002  0.000000 0.000001 -0.000000
100  5.969322 15.223771 -6.170670  0.000000 -0.000001 -1.570796
101  -1.310212 0.000001 0.000005  -0.000000 0.000001 -0.000000
102  -0.582259 0.000001 0.000001  -0.000000 0.000001 -0.000000
103  5.969324 20.835573 -6.170670  0.000000 -0.000001 -1.570796
104  -1.310215 0.000001 0.000002  -0.000000 0.000001 -0.000000
105  -0.582257 0.000001 0.000005  -0.000000 0.000001 -0.000000
106  5.969324 26.771210 -6.170671  0.000000 -0.000001 -1.570796
107  5.969322 32.597603 -6.170675  0.000000 -0.000001 -1.570796
108  5.969323 38.209404 -6.170685  -0.000000 -0.000001 -1.570800
109  5.969324 49.488468 -6.170687  -0.000000 -0.000001 -1.570800
110  -0.539089 -0.556808 -0.017364  -0.042462 2.681156 1.551919
111  -6.799124 -0.556806 0.818550  -0.272420 2.701993 1.452460
112  -4.615283 -0.556822 0.270326  -0.117230 2.684609 1.518878
113  -2.650969 -0.556808 0.063011  -0.042463 2.681158 1.551919
114  27.110338 1.284858 12.007548  0.000000 -0.000000 0.000000
115  28.133427 1.284857 12.007549  0.000001 -0.000000 0.000000
116  12.812887 2.241787 12.007549  0.000000 -0.000001 -0.000001
117  -9.955967 -0.319623 4.380213  -0.000001 -0.000000 -0.000001
118  -11.316473 -0.319623 4.380212  -0.000003 -0.000000 0.000000
119  -12.667811 -0.319620 4.380215  -0.000003 -0.000000 0.000001
120  -14.022140 -0.319621 4.380216  0.000010 -0.000000 -0.000011
121  -15.373240 -0.319622 4.380214  0.000015 -0.000000 -0.000015
122  -16.724140 -0.319622 4.380216  -0.000009 -0.000000 0.000006
123  -18.074572 -0.319621 4.380213  -0.000006 -0.000000 0.000004
124  -19.423716 -0.319619 4.380215  0.000002 0.000000 -0.000004
125  -20.775269 -0.319620 4.380212  0.000003 0.000000 -0.000004
126  -22.126671 -0.319618 4.380214  0.000003 0.000000 -0.000004
127  -23.478123 -0.319620 4.380216  0.000005 -0.000000 -0.000006
128  -24.830620 -0.319620 4.380214  0.000036 0.000000 -0.000038
129  -26.182028 -0.319618 4.380212  -0.000011 -0.000000 0.000011
130  0.529180 -0.167129 0.629484  -0.101270 -0.000000 0.000000
131  -0.211444 -0.241681 0.155361  -0.145847 -0.000000 0.000000
132  0.529190 -0.280700 -0.110293  -0.145847 -0.000000 0.000000
133  -0.173927 -0.337324 -0.638494  -0.181751 -0.000000 0.000000
134  0.529190 -0.399245 -0.975395  -0.181751 -0.000000 0.000000
135  -0.211444 -0.464477 -1.431041  -0.192399 -0.000000 0.000000
136  0.529189 -0.515805 -1.694585  -0.192399 -0.000000 0.000000
137  -0.173928 -0.612149 -2.231911  -0.216703 -0.000000 0.000000
138  0.529188 -0.685804 -2.566439  -0.216703 -0.000000 0.000000
139  -0.211445 -0.769561 -3.027871  -0.237349 -0.000000 0.000000
140  0.529189 -0.832687 -3.288852  -0.237349 -0.000000 0.000000
141  -0.173937 -0.945279 -3.779566  -0.233859 0.000000 0.000000
142  0.529179 -1.024657 -4.112780  -0.233859 0.000000 0.000000
143  -0.211443 -1.132184 -4.577548  -0.262919 -0.000000 0.000000
144  0.529190 -1.201964 -4.836824  -0.262919 0.000000 0.000000
145  -0.000004 -2.810941 -10.636630  0.258454 0.000000 3.141592
146  -0.192455 -1.345777 -5.370047  -0.280373 0.000000 0.000000
147  0.533984 -1.413512 -5.605103  -0.276883 0.000000 0.000000
148  -0.206618 -1.795759 -6.909777  -0.287354 0.000000 0.000000
149  -0.205804 -1.564818 -6.138257  -0.290843 0.000000 0.000000
150  0.530460 -1.643675 -6.395214  -0.290844 0.000000 0.000000
151  0.535312 -1.790707 -7.204131  -0.287354 -0.000000 0.000000
152  -0.202703 -2.030484 -7.702831  -0.286180 -0.000000 0.000000
153  0.509548 -2.118896 -8.011626  -0.298398 -0.000000 0.000000
154  -0.202703 -2.255278 -8.465172  -0.283134 -0.000000 0.000000
155  0.509548 -2.352980 -8.771159  -0.295352 -0.000000 0.000000
156  -0.202704 -2.481595 -9.235475  -0.285437 -0.000000 0.000000
157  0.509547 -2.588682 -9.538636  -0.297654 -0.000000 0.000000
158  0.170123 -21.222092 -1.001142  -0.000001 -0.000001 0.000000
159  0.170123 -20.843864 -0.397184  -0.000001 -0.000001 0.000000
160  0.170123 -20.489748 -1.001142  -0.000001 -0.000001 0.000000
161  0.170124 -20.111069 -0.397183  -0.000001 -0.000001 0.000000
162  0.170123 -19.380089 -0.397186  -0.000001 -0.000001 0.000000
163  0.170123 -19.025110 -1.001143  -0.000001 -0.000001 0.000000
164  0.170123 -18.646662 -0.396448  -0.000001 -0.000001 0.000000
165  0.170124 -19.755760 -1.001143  -0.000001 -0.000001 0.000000
166  -0.015974 10.612518 2.686018  0.000001 0.000000 -0.000000
167  0.059851 -50.160706 6.449377  1.570797 0.000000 -1.570797
168  0.064652 27.351292 72.195206  0.000000 -0.000000 -0.000001
169  6.064261 95.114006 31.645496  0.000000 -0.000001 1.570796
170  0.054184 102.845634 29.795362  -0.000000 0.000001 -1.570796
171  6.064257 69.096558 37.164318  1.570796 -0.000000 1.570796
172  1.974302 11.989232 4.589250  0.000000 0.000000 -0.000000
173  -0.011481 23.944746 5.090362  0.000001 0.000000 0.000000
174  -1.691252 8.833340 5.763506  0.000001 0.000000 -0.000000
175  6.064261 89.329803 31.613918  0.000000 -0.000001 1.570796
176  0.059886 2.255334 54.398014  0.000000 0.000000 -0.000000
177  0.003495 -22.270641 0.000141  1.570797 0.000000 -1.570797
178  0.104009 15.380368 2.266152  0.000001 0.000000 -0.000000
179  4.041248 -2.254293 1.376660  0.291913 0.289885 -0.715725
180  2.957147 6.834578 13.130060  1.172542 0.425128 -0.170238
181  -2.662413 1.445753 33.628746  -0.000000 3.141591 1.570796
182  8.352065 2.772898 0.000537  -3.141589 0.000002 0.000000
183  -2.662412 1.445755 40.667957  -0.000000 3.141591 1.570796
184  8.352063 2.772898 0.000539  -3.141589 0.000002 0.000000
185  -1.431357 16.384779 4.137812  0.000001 0.000000 0.000000
186  -0.001845 0.521683 -0.140288  0.000000 0.000000 -0.000000
187  7.323108 -5.136189 -5.166236  0.000000 0.000000 -0.610865
188  2.698276 -0.000000 -0.000001  -0.000012 0.000000 0.000000
189  2.834159 -0.000003 -0.000000  0.000013 0.000000 -0.000000
190  2.648923 -0.000003 0.000001  -0.000001 -0.000001 0.000000
191  2.667499 -0.000004 -0.000001  -0.000000 0.000000 0.000000
192  2.426701 0.000000 -0.000002  0.000000 0.000000 -0.000000
193  -0.494745 -44.353447 -1.302300  1.570797 0.000000 -1.570797
194  11.545937 73.768410 -3.792010  0.000000 0.000000 -0.000000
195  -0.066956 -10.025108 -0.912533  0.000000 0.000000 -0.000000
196  -0.000000 0.000008 -1.529050  -0.000000 0.000000 -0.000000
197  -0.078942 0.000002 -0.000001  0.000000 0.000001 1.570796
198  0.097092 0.000001 -0.000002  -0.000000 -3.141592 1.570796
199  0.000000 0.000000 0.000000  0.000000 -0.000000 -0.000000
200  3.545398 -26.695580 10.346911  -1.341055 1.093287 -0.536161
201  34.962837 13.336948 2.287937  -1.505966 0.723618 0.104390
time 11
0  0 0 0  0 0 0
1  0.000000 0.000000 0.000000  0.000000 -0.000000 -0.000000
2  -0.000005 0.000023 -61.375507  0.000000 0.000000 -1.570795
3  -0.012872 0.000000 8.235020  -1.570799 -1.570796 0.000000
4  16.163128 -0.012870 -0.000002  -0.000000 -0.000000 0.000000
5  -0.000000 0.000000 -0.000005  0.008179 0.000000 -0.000000
6  -0.000031 -0.000002 -0.000000  -0.556793 0.785030 0.369838
7  -0.000003 -0.000007 0.000002  -0.000000 0.000000 -0.587661
8  0.000002 0.000001 0.000000  0.004578 -0.000000 -0.000000
9  0.000003 0.000001 -0.000000  0.009217 -0.000000 -0.000000
10  0.000002 0.000001 0.000001  0.013855 -0.000000 -0.000000
11  -0.000002 0.000001 -0.000001  0.018494 0.000000 -0.000000
12  -0.000002 0.000001 -0.000002  0.023134 -0.000000 -0.000000
13  0.000002 -0.000002 0.000001  0.027773 -0.000000 -0.000000
14  0.000002 -0.000002 0.000001  0.032412 -0.000000 -0.000000
15  0.000001 0.000001 0.000004  0.248820 -0.206351 -0.821456
16  -0.000009 -0.000001 -0.000001  0.216209 0.090206 -0.049457
17  0.000001 0.000003 0.000004  0.096653 0.035632 -0.324193
18  -0.000002 -0.000002 0.000002  0.058079 0.025770 -0.355819
19  -0.000004 0.000000 -0.000003  0.115177 0.136485 -0.636418
20  -0.000002 -0.000003 -0.000001  0.000000 -0.000000 0.153169
21  -0.000000 0.000000 -0.000001  -0.000000 -0.000000 0.153170
22  -0.000006 0.000002 -0.000003  -0.208596 0.204387 0.193623
23  3.672214 0.000004 -0.000002  0.000003 0.000001 0.142941
24  0.000002 -0.000000 0.000001  -0.000000 0.000000 -0.302307
25  -0.000004 -0.000000 -0.000003  -0.082333 0.060618 -0.202008
26  -0.000002 -0.000002 0.000002  -0.000000 0.000000 -0.151823
27  2.496794 0.000001 -0.000001  0.000000 0.000000 -0.091107
28  -0.000004 -0.000000 0.000001  -0.026025 0.341288 0.297826
29  0.000002 -0.000001 0.000001  0.000000 0.000000 0.421897
30  2.199413 0.000000 0.000003  0.000001 0.000001 0.029263
31  0.000004 -0.000000 0.000003  1.812494 -0.000753 -0.000961
32  -0.000025 -0.000001 0.000001  0.552262 -0.217107 1.072865
33  -0.000001 0.000004 -0.000000  0.000000 -0.000000 0.599789
34  0.000001 -0.000004 -0.000000  -0.154884 0.000000 -0.000000
35  -0.000002 -0.000004 -0.000001  -0.309841 -0.000000 0.000000
36  -0.000002 -0.000004 -0.000001  -0.464757 0.000000 0.000000
37  -0.000000 -0.000000 -0.000002  -0.619689 -0.000000 0.000000
38  -0.000005 -0.000003 0.000001  -0.774682 0.000000 -0.000000
39  -0.000005 -0.000007 0.000001  -0.929558 0.000000 -0.000000
40  -0.000002 -0.000008 0.000000  -1.084509 -0.000000 0.000000
41  -0.000007 -0.000008 -0.000002  -0.773156 -0.563562 -0.430748
42  0.000000 -0.000004 -0.000002  0.153118 -0.063640 0.074820
43  3.954721 0.000011 0.000005  -0.000000 -0.000002 0.166319
44  -0.000001 -0.000001 -0.000001  -0.000000 -0.000000 0.008820
45  -0.000004 -0.000003 -0.000002  -0.146963 0.110720 0.724938
46  -0.000000 0.000003 -0.000001  -0.000000 -0.000000 0.111328
47  -0.000000 0.000000 -0.000001  -0.000000 0.000000 0.111328
48  -0.000003 -0.000002 -0.000001  -0.042856 -0.270929 -0.090932
49  -0.000001 -0.000002 -0.000001  0.000000 -0.000000 -0.196673
50  0.000001 -0.000001 0.000001  -0.000000 0.000000 0.375443
51  -0.000005 -0.000003 -0.000002  -0.096456 -0.276953 -0.318895
52  -0.000000 0.000001 0.000001  -0.000000 -0.000000 -0.195201
53  -0.000005 0.000001 0.000005  0.000000 0.000000 0.360542
54  -0.000007 -0.000002 0.000000  -0.155058 -0.321972 -0.631365
55  -0.000001 0.000001 -0.000002  0.000000 0.000000 -0.229269
56  2.307432 -0.000000 0.000003  0.000002 0.000001 -0.056419
57  0.000000 0.000000 -0.000000  -0.029255 -0.004797 0.031021
58  33.873096 5.314026 9.779443  -1.344387 1.458150 0.685440
59  0.071250 114.357025 62.238789  -0.000000 -0.000000 -0.000000
60  1.986525 0.000015 -3.123740  -2.705260 -0.000000 -1.570797
61  -1.986692 0.000018 -3.123745  0.436333 0.000001 1.570797
62  0.000001 0.000001 -0.000005  0.000000 -0.000000 0.000000
63  -1.986692 0.000011 -3.123736  0.436333 0.000001 1.570797
64  -11.344158 1.135887 0.869282  0.000002 -0.025019 -0.026324
65  1.986525 0.000010 -3.123735  -2.705260 -0.000000 -1.570797
66  -11.350054 -0.729422 0.864884  0.000197 -0.025367 0.026442
67  1.754236 4.036754 -1.682667  0.392575 -0.010120 -1.546362
68  -1.755139 4.036757 -1.682669  -0.392577 -0.010391 -1.594986
69  -0.164555 7.327704 3.928703  0.000000 0.000001 -1.570796
70  0.079082 36.742691 -0.508023  0.000001 -0.000000 -0.000000
71  -1.260174 8.777409 6.736406  -0.000002 -0.424416 -3.141592
72  1.525193 18.283598 2.968622  0.000000 -0.000000 0.000000
73  0.060216 10.324393 74.469048  0.000008 -0.000000 0.000000
74  0.062809 75.917999 83.075439  1.570797 -0.000000 -1.570796
75  4.804178 -3.971745 0.000001  -0.000000 0.000000 -0.000000
76  -7.041572 -5.025997 0.000001  -0.000000 -0.000000 -0.000000
77  8.407174 -3.978437 0.003056  -1.570796 1.570795 0.000000
78  10.376184 -3.978446 0.003056  -1.570796 1.570796 0.000000
79  10.194013 -0.314064 -1.749548  -1.570796 1.570796 0.000000
80  20.857880 -4.015564 0.000003  0.000000 -0.000000 -0.000000
81  3.258435 5.856952 -3.403523  -0.000000 -0.000000 -0.000000
82  15.153049 5.860582 -3.403521  -0.000000 -0.000000 -0.000000
83  6.064256 77.294952 36.365791  1.570796 0.000000 1.570796
84  -2.662413 1.445755 40.667957  0.000000 3.141591 1.570796
85  8.352071 2.772897 0.000543  -3.141589 0.000002 0.000000
86  6.064256 72.973694 32.593246  1.570796 0.000000 1.570796
87  0.004365 73.768417 -3.792012  0.000000 -0.000000 0.000000
88  -0.442609 1.284884 8.535288  0.000000 -0.000001 0.000000
89  0.000001 1.310215 -0.000002  0.000000 -0.000000 0.000000
90  0.000001 0.582265 -0.000000  0.000000 -0.000000 0.000000
91  0.036297 1.284880 7.928797  0.000000 -0.000001 0.000000
92  0.000000 1.310206 -0.000000  0.000000 -0.000000 0.000000
93  -0.000000 0.582256 0.000001  0.000000 -0.000000 0.000000
94  5.969323 3.427458 -6.170650  -0.000000 -0.000001 -1.570797
95  -1.310210 0.000001 -0.000003  0.000000 -0.000000 -0.000000
96  -0.582257 0.000000 -0.000003  0.000000 -0.000000 -0.000000
97  5.969323 9.397398 -6.170657  -0.000000 -0.000001 -1.570796
98  -1.310216 0.000000 0.000000  0.000000 0.000000 -0.000000
99  -0.582268 -0.000001 0.000001  0.000000 0.000000 -0.000000
100  5.969321 15.223770 -6.170672  -0.000000 -0.000001 -1.570796
101  -1.310210 0.000001 0.000001  -0.000000 0.000000 -0.000000
102  -0.582260 0.000001 0.000001  -0.000000 0.000000 -0.000000
103  5.969322 20.835571 -6.170673  -0.000000 -0.000001 -1.570796
104  -1.310208 0.000001 0.000000  -0.000000 0.000000 -0.000000
105  -0.582260 0.000000 0.000006  -0.000000 0.000000 -0.000000
106  5.969323 26.771208 -6.170676  -0.000000 -0.000001 -1.570796
107  5.969322 32.597599 -6.170673  -0.000000 -0.000001 -1.570796
108  5.969322 38.209400 -6.170689  0.000000 -0.000001 -1.570800
109  5.969321 49.488468 -6.170686  0.000000 -0.000001 -1.570800
110  -0.539091 -0.556805 -0.017366  -0.042462 2.681156 1.551919
111  -6.799124 -0.556803 0.818547  -0.272420 2.701993 1.452460
112  -4.615283 -0.556821 0.270325  -0.117230 2.684609 1.518878
113  -2.650970 -0.556806 0.063008  -0.042463 2.681158 1.551919
114  27.110334 1.284860 12.007549  0.000000 -0.000000 -0.000000
115  28.133423 1.284858 12.007545  0.000001 -0.000000 -0.000000
116  12.812886 2.241786 12.007545  -0.000000 -0.000001 -0.000001
117  -9.955968 -0.319621 4.380212  -0.000001 -0.000000 -0.000001
118  -11.316474 -0.319623 4.380215  -0.000003 -0.000000 -0.000000
119  -12.667811 -0.319621 4.380216  -0.000003 -0.000000 0.000001
120  -14.022141 -0.319622 4.380214  0.000010 -0.000000 -0.000011
121  -15.373240 -0.319620 4.380212  0.000015 -0.000000 -0.000015
122  -16.724142 -0.319617 4.380213  -0.000009 -0.000000 0.000006
123  -18.074570 -0.319619 4.380213  -0.000006 -0.000000 0.000004
124  -19.423716 -0.319615 4.380213  0.000002 0.000000 -0.000004
125  -20.775270 -0.319616 4.380213  0.000003 0.000000 -0.000004
126  -22.126671 -0.319616 4.380214  0.000003 -0.000000 -0.000004
127  -23.478123 -0.319617 4.380216  0.000005 0.000000 -0.000006
128  -24.830620 -0.319617 4.380212  0.000036 0.000000 -0.000038
129  -26.182028 -0.319618 4.380213  -0.000011 -0.000000 0.000011
130  0.529179 -0.167128 0.629483  -0.101270 -0.000000 0.000000
131  -0.211444 -0.241682 0.155360  -0.145847 -0.000000 0.000000
132  0.529190 -0.280699 -0.110295  -0.145847 -0.000000 0.000000
133  -0.173927 -0.337326 -0.638498  -0.181751 -0.000000 0.000000
134  0.529189 -0.399244 -0.975395  -0.181751 -0.000000 0.000000
135  -0.211444 -0.464475 -1.431045  -0.192399 -0.000000 0.000000
136  0.529189 -0.515806 -1.694584  -0.192400 -0.000000 0.000000
137  -0.173928 -0.612151 -2.231913  -0.216703 -0.000000 0.000000
138  0.529188 -0.685806 -2.566441  -0.216703 -0.000000 0.000000
139  -0.211446 -0.769559 -3.027875  -0.237349 -0.000000 0.000000
140  0.529188 -0.832688 -3.288846  -0.237349 -0.000000 0.000000
141  -0.173938 -0.945279 -3.779566  -0.233859 0.000000 0.000000
142  0.529178 -1.024657 -4.112782  -0.233859 0.000000 0.000000
143  -0.211443 -1.132187 -4.577546  -0.262919 -0.000000 0.000000
144  0.529189 -1.201963 -4.836825  -0.262919 0.000000 0.000000
145  -0.000005 -2.810938 -10.636633  0.258454 0.000000 3.141592
146  -0.192455 -1.345777 -5.370044  -0.280373 0.000000 0.000000
147  0.533983 -1.413511 -5.605104  -0.276883 0.000000 0.000000
148  -0.206618 -1.795758 -6.909780  -0.287354 0.000000 0.000000
149  -0.205805 -1.564819 -6.138256  -0.290843 0.000000 0.000000
150  0.530460 -1.643677 -6.395218  -0.290844 0.000000 0.000000
151  0.535311 -1.790708 -7.204131  -0.287354 -0.000000 0.000000
152  -0.202703 -2.030485 -7.702832  -0.286180 -0.000000 0.000000
153  0.509548 -2.118897 -8.011625  -0.298398 -0.000000 0.000000
154  -0.202704 -2.255277 -8.465171  -0.283134 -0.000000 0.000000
155  0.509547 -2.352978 -8.771161  -0.295352 -0.000000 0.000000
156  -0.202705 -2.481594 -9.235476  -0.285437 -0.000000 0.000000
157  0.509546 -2.588680 -9.538641  -0.297654 -0.000000 0.000000
158  0.170122 -21.222092 -1.001142  -0.000001 -0.000001 0.000000
159  0.170122 -20.843864 -0.397184  -0.000001 -0.000001 0.000000
160  0.170122 -20.489746 -1.001142  -0.000001 -0.000001 0.000000
161  0.170124 -20.111069 -0.397182  -0.000001 -0.000001 0.000000
162  0.170122 -19.380089 -0.397190  -0.000001 -0.000001 0.000000
163  0.170123 -19.025108 -1.001148  -0.000001 -0.000001 0.000000
164  0.170122 -18.646658 -0.396449  -0.000001 -0.000001 0.000000
165  0.170123 -19.755758 -1.001143  -0.000001 -0.000001 0.000000
166  -0.015974 10.612517 2.686017  0.000001 -0.000000 0.000000
167  0.059851 -50.160702 6.449386  1.570797 -0.000000 -1.570797
168  0.064653 27.351288 72.195206  -0.000000 -0.000000 -0.000001
169  6.064260 95.114014 31.645494  -0.000000 -0.000001 1.570796
170  0.054185 102.845642 29.795362  0.000000 0.000001 -1.570796
171  6.064257 69.096558 37.164314  1.570796 0.000000 1.570796
172  1.974302 11.989232 4.589251  0.000000 -0.000000 0.000000
173  -0.011480 23.944746 5.090362  0.000001 -0.000000 0.000000
174  -1.691251 8.833341 5.763507  0.000001 -0.000000 0.000000
175  6.064260 89.329803 31.613914  -0.000000 -0.000001 1.570796
176  0.059886 2.255335 54.398006  -0.000000 -0.000000 0.000000
177  0.003496 -22.270647 0.000150  1.570797 -0.000000 -1.570797
178  0.104010 15.380368 2.266152  0.000001 -0.000000 -0.000000
179  4.048047 -2.262238 1.377916  0.292302 0.290669 -0.717226
180  2.971395 6.833453 13.148990  1.174907 0.425986 -0.170056
181  -2.662413 1.445759 33.628742  0.000000 3.141591 1.570796
182  8.352068 2.772896 0.000538  -3.141589 0.000002 0.000000
183  -2.662413 1.445755 40.667957  0.000000 3.141591 1.570796
184  8.352071 2.772897 0.000543  -3.141589 0.000002 0.000000
185  -1.431356 16.384781 4.137812  0.000001 -0.000000 0.000000
186  -0.001844 0.521686 -0.140287  0.000000 -0.000000 0.000000
187  7.323108 -5.136191 -5.166234  -0.000000 0.000000 -0.610865
188  2.698278 -0.000004 -0.000001  -0.000012 0.000000 0.000000
189  2.834155 -0.000000 0.000002  0.000013 0.000000 -0.000000
190  2.648917 -0.000001 0.000000  -0.000001 -0.000001 0.000000
191  2.667502 -0.000003 -0.000001  0.000000 0.000000 0.000000
192  2.426702 -0.000001 -0.000000  -0.000000 0.000000 -0.000000
193  -0.494745 -44.353451 -1.302296  1.570797 -0.000000 -1.570797
194  11.545937 73.768417 -3.792011  0.000000 -0.000000 0.000000
195  -0.066954 -10.025103 -0.912531  -0.000000 -0.000000 0.000000
196  -0.000001 -0.000002 -1.529051  -0.000001 -0.000000 0.000000
197  -0.078943 0.000003 0.000001  0.000000 0.000001 1.570796
198  0.097091 0.000002 -0.000000  -0.000000 -3.141592 1.570796
199  0.000000 0.000000 0.000000  0.000000 -0.000000 -0.000000
200  3.539420 -26.410917 10.165866  -1.330921 1.087146 -0.538848
201  35.094902 13.260326 2.381912  -1.505374 0.715044 0.094479
time 12
0  0 0 0  0 0 0
1  0.000000 0.000000 0.000000  0.000000 -0.000000 -0.000000
2  -0.000005 0.000023 -61.375507  0.000000 0.000000 -1.570795
3  -0.012872 0.000000 8.235020  -1.570799 -1.570796 0.000000
4  16.163128 -0.012870 -0.000002  -0.000000 -0.000000 0.000000
5  -0.000000 0.000000 -0.000005  0.005371 0.000000 -0.000000
6  -0.000034 -0.000002 -0.000000  -0.565914 0.781758 0.366836
7  -0.000001 -0.000006 -0.000003  0.000000 0.000000 -0.575747
8  0.000000 0.000001 0.000000  0.002991 -0.000000 -0.000000
9  0.000001 0.000001 -0.000001  0.005982 -0.000000 -0.000000
10  -0.000000 0.000001 0.000001  0.009033 -0.000000 -0.000000
11  -0.000004 0.000002 0.000001  0.012024 0.000000 -0.000000
12  -0.000004 0.000002 -0.000001  0.015015 -0.000000 -0.000000
13  -0.000004 -0.000000 -0.000000  0.018067 -0.000000 -0.000000
14  -0.000004 0.000001 -0.000001  0.021058 -0.000000 -0.000000
15  -0.000001 0.000003 0.000003  0.235575 -0.207335 -0.833111
16  -0.000003 0.000002 -0.000000  0.216754 0.090476 -0.049528
17  -0.000004 0.000001 0.000003  0.096870 0.035771 -0.324989
18  -0.000002 -0.000007 0.000002  0.058237 0.025890 -0.356746
19  0.000000 0.000005 -0.000002  0.115361 0.136867 -0.638011
20  -0.000001 0.000000 -0.000000  0.000000 0.000000 0.153598
21  0.000002 0.000002 -0.000001  0.000000 0.000000 0.153598
22  -0.000003 0.000003 -0.000002  -0.209064 0.204924 0.194087
23  3.672209 0.000003 -0.000001  0.000003 0.000001 0.142941
24  -0.000001 0.000001 -0.000000  -0.000000 -0.000000 -0.303047
25  0.000005 0.000006 -0.000003  -0.082544 0.060701 -0.202510
26  0.000001 -0.000002 0.000001  -0.000000 0.000000 -0.152190
27  2.496796 0.000005 -0.000001  0.000000 0.000000 -0.091107
28  0.000001 0.000004 0.000001  -0.025947 0.342183 0.298602
29  0.000001 0.000000 0.000002  -0.000000 -0.000000 0.422958
30  2.199411 0.000000 0.000003  0.000001 0.000001 0.029263
31  0.000004 -0.000000 0.000003  1.733316 -0.000751 -0.000884
32  -0.000015 -0.000001 0.000001  0.559381 -0.206194 0.968444
33  -0.000006 0.000006 0.000000  0.000000 -0.000000 0.667365
34  0.000000 -0.000001 0.000000  -0.154272 0.000000 -0.000000
35  -0.000002 0.000003 -0.000001  -0.308606 0.000000 0.000000
36  -0.000003 0.000003 -0.000000  -0.462938 0.000000 0.000000
37  -0.000001 -0.000001 -0.000000  -0.617254 -0.000000 0.000000
38  -0.000006 0.000004 0.000001  -0.771585 0.000000 -0.000000
39  -0.000003 0.000003 -0.000001  -0.925941 -0.000000 -0.000000
40  -0.000004 0.000003 -0.000001  -1.080235 -0.000000 0.000000
41  -0.000009 -0.000001 -0.000001  -0.790172 -0.542713 -0.457192
42  0.000003 0.000001 0.000001  0.153476 -0.063789 0.074983
43  3.954721 0.000008 0.000005  -0.000000 -0.000002 0.166320
44  -0.000002 -0.000004 -0.000002  -0.000000 -0.000000 0.008835
45  0.000001 0.000001 -0.000000  -0.147146 0.110997 0.726429
46  0.000000 0.000001 0.000001  -0.000000 -0.000000 0.111572
47  -0.000002 0.000000 -0.000001  0.000000 -0.000000 0.111572
48  -0.000000 0.000003 0.000002  -0.042932 -0.271492 -0.091098
49  -0.000001 -0.000001 -0.000002  0.000000 -0.000000 -0.197102
50  0.000002 -0.000003 -0.000003  0.000000 -0.000000 0.376188
51  -0.000003 0.000002 0.000001  -0.096604 -0.277519 -0.319487
52  -0.000002 -0.000001 -0.000001  0.000000 -0.000000 -0.195630
53  -0.000005 -0.000001 0.000004  0.000000 0.000000 0.361287
54  -0.000002 0.000002 0.000001  -0.155178 -0.322698 -0.632641
55  -0.000001 0.000001 0.000003  -0.000000 0.000000 -0.229699
56  2.307431 -0.000000 0.000004  0.000002 0.000001 -0.056419
57  0.000000 0.000000 -0.000000  -0.028787 -0.011008 0.028362
58  33.891098 5.193604 9.855159  -1.407763 1.449449 0.616426
59  0.071247 114.357040 62.238792  -0.000000 -0.000000 -0.000000
60  1.986525 0.000019 -3.123743  -2.705260 -0.000000 -1.570797
61  -1.986692 0.000022 -3.123745  0.436333 0.000001 1.570797
62  -0.000000 0.000009 -0.000004  0.000000 -0.000000 -0.000000
63  -1.986692 0.000016 -3.123741  0.436333 0.000001 1.570797
64  -11.344163 1.135883 0.869278  0.000002 -0.025019 -0.026324
65  1.986525 0.000023 -3.123739  -2.705260 -0.000000 -1.570797
66  -11.350061 -0.729425 0.864891  0.000197 -0.025367 0.026442
67  1.754237 4.036767 -1.682669  0.392575 -0.010120 -1.546362
68  -1.755140 4.036772 -1.682668  -0.392577 -0.010391 -1.594986
69  -0.164555 7.327701 3.928704  0.000000 0.000001 -1.570796
70  0.079082 36.742687 -0.508024  0.000001 -0.000000 -0.000000
71  -1.260172 8.777406 6.736405  -0.000002 -0.424416 -3.141592
72  1.525194 18.283594 2.968622  0.000000 -0.000000 -0.000000
73  0.060217 10.324382 74.469063  0.000008 -0.000000 -0.000000
74  0.062809 75.917999 83.075439  1.570797 -0.000000 -1.570796
75  4.804180 -3.971734 0.000001  -0.000000 0.000000 -0.000000
76  -7.041562 -5.025986 0.000001  -0.000000 -0.000000 -0.000000
77  8.407175 -3.978428 0.003056  -1.570796 1.570795 0.000000
78  10.376183 -3.978436 0.003056  -1.570796 1.570796 0.000000
79  10.194015 -0.314055 -1.749547  -1.570796 1.570796 0.000000
80  20.857882 -4.015558 0.000003  0.000000 -0.000000 0.000000
81  3.258442 5.856956 -3.403523  -0.000000 -0.000000 -0.000000
82  15.153043 5.860590 -3.403520  -0.000000 -0.000000 -0.000000
83  6.064257 77.294952 36.365795  1.570796 0.000000 1.570796
84  -2.662410 1.445751 40.667957  -0.000000 3.141591 1.570796
85  8.352064 2.772898 0.000542  -3.141589 0.000002 -0.000000
86  6.064257 72.973694 32.593254  1.570796 0.000000 1.570796
87  0.004366 73.768417 -3.792011  0.000000 -0.000000 0.000000
88  -0.442609 1.284887 8.535288  0.000000 -0.000001 0.000000
89  0.000001 1.310213 -0.000000  0.000000 -0.000000 0.000000
90  0.000001 0.582262 0.000002  0.000000 -0.000000 0.000000
91  0.036297 1.284890 7.928798  0.000000 -0.000001 0.000000
92  0.000000 1.310213 0.000000  0.000000 -0.000000 0.000000
93  -0.000000 0.582264 0.000001  0.000000 -0.000000 0.000000
94  5.969323 3.427464 -6.170650  -0.000000 -0.000001 -1.570797
95  -1.310211 0.000001 -0.000002  0.000000 -0.000000 -0.000000
96  -0.582260 0.000000 -0.000003  0.000000 -0.000000 -0.000000
97  5.969323 9.397406 -6.170659  -0.000000 -0.000001 -1.570796
98  -1.310210 -0.000000 0.000000  0.000000 0.000000 -0.000000
99  -0.582261 -0.000001 -0.000003  0.000000 0.000000 -0.000000
100  5.969322 15.223778 -6.170673  0.000000 -0.000001 -1.570796
101  -1.310211 0.000001 0.000003  -0.000000 0.000000 -0.000000
102  -0.582263 0.000000 0.000003  -0.000000 0.000000 -0.000000
103  5.969323 20.835575 -6.170675  0.000000 -0.000001 -1.570796
104  -1.310209 0.000001 0.000001  -0.000000 0.000000 -0.000000
105  -0.582258 -0.000001 0.000007  -0.000000 0.000000 -0.000000
106  5.969324 26.771214 -6.170670  0.000000 -0.000001 -1.570796
107  5.969321 32.597603 -6.170678  0.000000 -0.000001 -1.570796
108  5.969322 38.209404 -6.170683  0.000000 -0.000001 -1.570800
109  5.969321 49.488468 -6.170687  0.000000 -0.000001 -1.570800
110  -0.539090 -0.556803 -0.017363  -0.042462 2.681156 1.551919
111  -6.799123 -0.556802 0.818551  -0.272420 2.701993 1.452460
112  -4.615283 -0.556818 0.270327  -0.117230 2.684609 1.518878
113  -2.650969 -0.556803 0.063009  -0.042463 2.681158 1.551919
114  27.110336 1.284860 12.007546  0.000000 -0.000000 -0.000000
115  28.133427 1.284861 12.007547  0.000001 -0.000000 -0.000000
116  12.812887 2.241789 12.007548  -0.000000 -0.000001 -0.000001
117  -9.955968 -0.319617 4.380212  -0.000001 -0.000000 -0.000001
118  -11.316474 -0.319617 4.380217  -0.000003 -0.000000 -0.000000
119  -12.667811 -0.319616 4.380216  -0.000003 -0.000000 0.000001
120  -14.022141 -0.319617 4.380213  0.000010 -0.000000 -0.000011
121  -15.373239 -0.319615 4.380214  0.000015 -0.000000 -0.000015
122  -16.724142 -0.319613 4.380213  -0.000009 -0.000000 0.000006
123  -18.074572 -0.319615 4.380212  -0.000006 -0.000000 0.000004
124  -19.423717 -0.319613 4.380216  0.000002 0.000000 -0.000004
125  -20.775270 -0.319613 4.380213  0.000003 0.000000 -0.000004
126  -22.126673 -0.319613 4.380217  0.000003 -0.000000 -0.000004
127  -23.478125 -0.319613 4.380216  0.000005 0.000000 -0.000006
128  -24.830620 -0.319613 4.380216  0.000036 -0.000000 -0.000038
129  -26.182028 -0.319612 4.380216  -0.000011 -0.000000 0.000011
130  0.529179 -0.167125 0.629483  -0.101270 -0.000000 0.000000
131  -0.211444 -0.241678 0.155360  -0.145847 -0.000000 0.000000
132  0.529190 -0.280697 -0.110293  -0.145847 -0.000000 0.000000
133  -0.173927 -0.337319 -0.638497  -0.181751 -0.000000 0.000000
134  0.529189 -0.399241 -0.975393  -0.181751 -0.000000 0.000000
135  -0.211444 -0.464470 -1.431043  -0.192399 -0.000000 0.000000
136  0.529189 -0.515801 -1.694583  -0.192399 -0.000000 0.000000
137  -0.173928 -0.612146 -2.231908  -0.216703 -0.000000 0.000000
138  0.529188 -0.685798 -2.566441  -0.216703 -0.000000 0.000000
139  -0.211445 -0.769557 -3.027870  -0.237349 -0.000000 0.000000
140  0.529188 -0.832681 -3.288849  -0.237349 -0.000000 0.000000
141  -0.173937 -0.945277 -3.779565  -0.233859 0.000000 0.000000
142  0.529179 -1.024653 -4.112781  -0.233859 0.000000 0.000000
143  -0.211443 -1.132182 -4.577549  -0.262919 -0.000000 0.000000
144  0.529190 -1.201961 -4.836823  -0.262919 0.000000 0.000000
145  -0.000005 -2.810936 -10.636632  0.258454 0.000000 3.141592
146  -0.192455 -1.345773 -5.370046  -0.280373 0.000000 0.000000
147  0.533983 -1.413508 -5.605106  -0.276883 0.000000 0.000000
148  -0.206618 -1.795755 -6.909783  -0.287354 0.000000 0.000000
149  -0.205805 -1.564812 -6.138257  -0.290843 0.000000 0.000000
150  0.530460 -1.643670 -6.395216  -0.290844 0.000000 0.000000
151  0.535311 -1.790704 -7.204133  -0.287354 -0.000000 0.000000
152  -0.202703 -2.030482 -7.702831  -0.286180 -0.000000 0.000000
153  0.509548 -2.118887 -8.011624  -0.298398 -0.000000 0.000000
154  -0.202703 -2.255274 -8.465171  -0.283134 -0.000000 0.000000
155  0.509547 -2.352973 -8.771160  -0.295352 -0.000000 0.000000
156  -0.202704 -2.481590 -9.235473  -0.285437 -0.000000 0.000000
157  0.509547 -2.588679 -9.538638  -0.297654 -0.000000 0.000000
158  0.170123 -21.222088 -1.001140  -0.000001 -0.000001 0.000000
159  0.170122 -20.843859 -0.397184  -0.000001 -0.000001 0.000000
160  0.170123 -20.489742 -1.001141  -0.000001 -0.000001 0.000000
161  0.170124 -20.111063 -0.397184  -0.000001 -0.000001 0.000000
162  0.170123 -19.380083 -0.397185  -0.000001 -0.000001 0.000000
163  0.170123 -19.025105 -1.001146  -0.000001 -0.000001 0.000000
164  0.170123 -18.646656 -0.396447  -0.000001 -0.000001 0.000000
165  0.170124 -19.755756 -1.001142  -0.000001 -0.000001 0.000000
166  -0.015972 10.612513 2.686017  0.000001 -0.000000 -0.000000
167  0.059852 -50.160713 6.449377  1.570797 0.000000 -1.570797
168  0.064653 27.351288 72.195213  0.000000 -0.000000 -0.000001
169  6.064260 95.114021 31.645496  -0.000000 -0.000001 1.570796
170  0.054184 102.845657 29.795366  0.000000 0.000001 -1.570796
171  6.064257 69.096558 37.164322  1.570796 0.000000 1.570796
172  1.974303 11.989229 4.589252  0.000000 -0.000000 -0.000000
173  -0.011480 23.944744 5.090362  0.000001 -0.000000 0.000000
174  -1.691250 8.833340 5.763508  0.000001 -0.000000 -0.000000
175  6.064261 89.329803 31.613918  -0.000000 -0.000001 1.570796
176  0.059887 2.255333 54.398014  -0.000000 -0.000000 -0.000000
177  0.003496 -22.270647 0.000150  1.570797 0.000000 -1.570797
178  0.104010 15.380370 2.266155  0.000001 -0.000000 -0.000000
179  4.054845 -2.270188 1.379172  0.292731 0.291651 -0.718976
180  2.986845 6.832247 13.169471  1.177447 0.426998 -0.169820
181  -2.662411 1.445756 33.628738  -0.000000 3.141591 1.570796
182  8.352066 2.772897 0.000541  -3.141589 0.000002 -0.000000
183  -2.662410 1.445751 40.667957  -0.000000 3.141591 1.570796
184  8.352064 2.772898 0.000542  -3.141589 0.000002 -0.000000
185  -1.431355 16.384777 4.137813  0.000001 0.000000 0.000000
186  -0.001844 0.521679 -0.140289  0.000000 -0.000000 -0.000000
187  7.323109 -5.136195 -5.166235  0.000000 0.000000 -0.610865
188  2.698278 -0.000002 0.000001  -0.000012 0.000000 0.000000
189  2.834157 -0.000001 0.000003  0.000013 0.000000 -0.000000
190  2.648916 -0.000001 0.000003  -0.000001 -0.000001 0.000000
191  2.667496 0.000001 0.000001  0.000000 -0.000000 0.000000
192  2.426702 0.000000 0.000002  -0.000000 0.000000 -0.000000
193  -0.494743 -44.353455 -1.302299  1.570797 -0.000000 -1.570797
194  11.545938 73.768417 -3.792011  0.000000 -0.000000 -0.000000
195  -0.066954 -10.025113 -0.912535  -0.000000 -0.000000 -0.000000
196  0.000001 0.000005 -1.529050  -0.000000 -0.000000 -0.000000
197  -0.078941 0.000004 0.000001  0.000000 0.000001 1.570796
198  0.097093 0.000002 0.000000  -0.000000 -3.141592 1.570796
199  0.000000 0.000000 0.000000  0.000000 -0.000000 -0.000000
200  3.555907 -26.310221 9.851012  -1.318575 1.076448 -0.536567
201  35.223061 13.115570 2.497360  -1.506976 0.701899 0.086285
time 13
0  0 0 0  0 0 0
1  0.000000 0.000000 0.000000  0.000000 -0.000000 -0.000000
2  -0.000005 0.000023 -61.375507  0.000000 0.000000 -1.570795
3  -0.012872 0.000000 8.235020  -1.570799 -1.570796 0.000000
4  16.163128 -0.012870 -0.000002  -0.000000 -0.000000 0.000000
5  -0.000000 0.000000 -0.000005  0.002686 0.000000 -0.000000
6  -0.000031 -0.000002 -0.000000  -0.568093 0.778637 0.369086
7  0.000003 -0.000006 0.000001  0.000000 0.000000 -0.557248
8  -0.000001 0.000001 0.000000  0.000061 -0.000000 -0.000000
9  -0.000001 0.000001 -0.000000  0.000122 -0.000000 -0.000000
10  -0.000002 0.000001 0.000001  0.000183 -0.000000 -0.000000
11  -0.000006 0.000002 -0.000000  0.000305 0.000000 -0.000000
12  -0.000002 0.000000 0.000001  0.000366 -0.000000 -0.000000
13  -0.000006 -0.000001 -0.000001  0.000427 -0.000000 -0.000000
14  -0.000002 -0.000001 0.000001  0.000549 -0.000000 -0.000000
15  -0.000002 0.000002 0.000003  0.213682 -0.212567 -0.851890
16  -0.000007 -0.000004 0.000000  0.217238 0.090683 -0.049608
17  0.000001 0.000004 0.000004  0.097097 0.035849 -0.325789
18  0.000001 0.000000 0.000003  0.058336 0.025995 -0.357549
19  0.000003 0.000002 -0.000002  0.115534 0.137301 -0.639473
20  0.000001 0.000003 -0.000001  -0.000000 0.000000 0.153904
21  0.000001 -0.000002 0.000000  0.000000 -0.000000 0.153904
22  -0.000004 -0.000001 -0.000001  -0.209540 0.205455 0.194489
23  3.672211 0.000002 -0.000003  0.000003 0.000001 0.142941
24  0.000002 -0.000000 0.000000  -0.000000 0.000000 -0.303788
25  0.000004 0.000001 -0.000002  -0.082760 0.060844 -0.203016
26  0.000000 -0.000002 0.000000  -0.000000 0.000000 -0.152557
27  2.496796 0.000003 -0.000002  0.000000 0.000000 -0.091107
28  0.000003 0.000001 0.000002  -0.025900 0.342955 0.299310
29  -0.000002 0.000001 0.000000  -0.000000 -0.000000 0.423957
30  2.199409 -0.000000 0.000004  0.000001 0.000001 0.029263
31  0.000004 -0.000000 0.000003  1.626233 -0.000755 -0.000798
32  -0.000014 -0.000001 0.000001  0.567918 -0.188312 0.835734
33  0.000005 -0.000002 -0.000000  0.000000 -0.000000 0.747531
34  0.000000 -0.000001 -0.000001  -0.153292 0.000000 -0.000000
35  -0.000003 -0.000001 -0.000001  -0.306629 -0.000000 0.000000
36  -0.000003 -0.000001 0.000000  -0.459929 0.000000 0.000000
37  -0.000001 -0.000001 -0.000001  -0.613283 -0.000000 0.000000
38  -0.000005 0.000007 -0.000002  -0.766581 0.000000 -0.000000
39  -0.000005 0.000003 -0.000001  -0.919942 -0.000000 0.000000
40  -0.000003 0.000003 -0.000001  -1.073268 0.000000 0.000000
41  -0.000009 -0.000002 -0.000003  -0.810350 -0.513781 -0.483646
42  0.000001 0.000002 0.000003  0.153713 -0.063929 0.075088
43  3.954717 0.000012 0.000006  -0.000000 -0.000002 0.166319
44  -0.000001 -0.000006 -0.000003  -0.000000 0.000000 0.008850
45  0.000002 -0.000002 0.000000  -0.147347 0.111250 0.727592
46  -0.000001 0.000001 0.000001  -0.000000 0.000000 0.111756
47  -0.000001 0.000002 0.000001  -0.000000 0.000000 0.111756
48  0.000002 -0.000002 0.000001  -0.042952 -0.271930 -0.091274
49  -0.000002 -0.000000 0.000001  -0.000000 -0.000000 -0.197409
50  0.000001 0.000000 -0.000003  -0.000000 0.000000 0.376809
51  -0.000004 0.000003 0.000003  -0.096707 -0.278011 -0.320024
52  -0.000004 0.000001 0.000000  0.000000 -0.000000 -0.195937
53  -0.000004 0.000000 -0.000000  0.000000 0.000000 0.361845
54  -0.000004 0.000003 0.000003  -0.155237 -0.323307 -0.633667
55  -0.000001 0.000001 0.000002  -0.000000 0.000000 -0.230068
56  2.307435 0.000000 -0.000005  0.000002 0.000001 -0.056419
57  0.000000 0.000000 -0.000000  -0.028869 -0.013540 0.026262
58  33.888241 4.884804 9.776956  -1.451237 1.436224 0.555656
59  0.071248 114.357033 62.238800  0.000000 0.000000 0.000000
60  1.986525 0.000018 -3.123731  -2.705260 -0.000000 -1.570797
61  -1.986691 0.000014 -3.123740  0.436333 0.000001 1.570797
62  -0.000000 -0.000006 0.000003  0.000000 -0.000000 0.000000
63  -1.986693 0.000016 -3.123733  0.436333 0.000001 1.570797
64  -11.344168 1.135888 0.869281  0.000002 -0.025019 -0.026324
65  1.986525 0.000006 -3.123730  -2.705260 -0.000000 -1.570797
66  -11.350053 -0.729423 0.864888  0.000197 -0.025367 0.026442
67  1.754236 4.036754 -1.682663  0.392575 -0.010120 -1.546362
68  -1.755141 4.036757 -1.682664  -0.392577 -0.010391 -1.594986
69  -0.164556 7.327703 3.928704  0.000000 0.000001 -1.570796
70  0.079082 36.742691 -0.508023  0.000001 0.000000 0.000000
71  -1.260174 8.777409 6.736406  -0.000002 -0.424415 -3.141592
72  1.525193 18.283600 2.968624  0.000000 -0.000000 0.000000
73  0.060216 10.324392 74.469055  0.000008 -0.000000 0.000000
74  0.062809 75.918015 83.075455  1.570797 0.000000 -1.570796
75  4.804180 -3.971740 0.000001  -0.000000 0.000000 -0.000000
76  -7.041565 -5.025988 0.000001  -0.000000 -0.000000 -0.000000
77  8.407180 -3.978435 0.003055  -1.570796 1.570795 0.000000
78  10.376184 -3.978443 0.003055  -1.570796 1.570796 0.000000
79  10.194017 -0.314061 -1.749548  -1.570796 1.570796 0.000000
80  20.857885 -4.015563 0.000002  0.000000 -0.000000 -0.000000
81  3.258441 5.856953 -3.403524  -0.000000 -0.000000 -0.000000
82  15.153049 5.860583 -3.403522  -0.000000 -0.000000 -0.000000
83  6.064257 77.294960 36.365799  1.570796 -0.000000 1.570796
84  -2.662411 1.445756 40.667961  -0.000000 3.141591 1.570796
85  8.352066 2.772896 0.000550  -3.141589 0.000002 -0.000000
86  6.064257 72.973701 32.593254  1.570796 -0.000000 1.570796
87  0.004365 73.768425 -3.792008  0.000000 -0.000000 0.000000
88  -0.442609 1.284883 8.535290  0.000000 -0.000001 0.000000
89  0.000002 1.310209 -0.000001  0.000000 0.000000 0.000000
90  0.000001 0.582259 0.000000  0.000000 0.000000 0.000000
91  0.036298 1.284879 7.928798  -0.000000 -0.000001 0.000000
92  0.000001 1.310204 -0.000000  0.000000 0.000000 0.000000
93  0.000000 0.582254 -0.000001  0.000000 0.000000 0.000000
94  5.969324 3.427457 -6.170652  -0.000000 -0.000001 -1.570797
95  -1.310211 0.000001 0.000001  0.000000 -0.000000 -0.000000
96  -0.582259 -0.000000 0.000000  0.000000 -0.000000 -0.000000
97  5.969323 9.397397 -6.170660  -0.000000 -0.000001 -1.570796
98  -1.310210 0.000000 0.000002  0.000000 0.000000 -0.000000
99  -0.582255 -0.000000 0.000005  0.000000 0.000000 -0.000000
100  5.969323 15.223769 -6.170672  -0.000000 -0.000001 -1.570796
101  -1.310209 0.000002 0.000004  -0.000000 0.000000 -0.000000
102  -0.582259 0.000003 0.000007  -0.000000 0.000000 -0.000000
103  5.969324 20.835567 -6.170671  -0.000000 -0.000001 -1.570796
104  -1.310216 0.000001 0.000002  -0.000000 0.000000 -0.000000
105  -0.582261 0.000002 0.000009  -0.000000 0.000000 -0.000000
106  5.969325 26.771208 -6.170670  -0.000000 -0.000001 -1.570796
107  5.969323 32.597595 -6.170679  -0.000000 -0.000001 -1.570796
108  5.969323 38.209396 -6.170684  0.000000 -0.000001 -1.570800
109  5.969322 49.488468 -6.170684  0.000000 -0.000001 -1.570800
110  -0.539090 -0.556809 -0.017364  -0.042462 2.681156 1.551919
111  -6.799123 -0.556807 0.818550  -0.272420 2.701993 1.452460
112  -4.615282 -0.556824 0.270328  -0.117230 2.684609 1.518878
113  -2.650969 -0.556807 0.063011  -0.042463 2.681158 1.551919
114  27.110338 1.284855 12.007550  -0.000000 -0.000000 -0.000000
115  28.133425 1.284856 12.007550  0.000001 -0.000000 -0.000000
116  12.812887 2.241783 12.007548  -0.000000 -0.000001 -0.000001
117  -9.955967 -0.319625 4.380213  -0.000001 -0.000000 -0.000001
118  -11.316472 -0.319627 4.380213  -0.000003 -0.000000 -0.000000
119  -12.667810 -0.319624 4.380214  -0.000003 -0.000000 0.000001
120  -14.022141 -0.319624 4.380214  0.000010 -0.000000 -0.000011
121  -15.373240 -0.319624 4.380214  0.000015 -0.000000 -0.000015
122  -16.724144 -0.319623 4.380215  -0.000009 -0.000000 0.000006
123  -18.074572 -0.319624 4.380214  -0.000006 0.000000 0.000004
124  -19.423717 -0.319624 4.380213  0.000002 0.000000 -0.000004
125  -20.775270 -0.319623 4.380213  0.000003 0.000000 -0.000004
126  -22.126671 -0.319623 4.380212  0.000003 -0.000000 -0.000004
127  -23.478125 -0.319623 4.380210  0.000005 -0.000000 -0.000006
128  -24.830622 -0.319619 4.380213  0.000036 0.000000 -0.000038
129  -26.182030 -0.319621 4.380214  -0.000011 -0.000000 0.000011
130  0.529180 -0.167129 0.629484  -0.101270 -0.000000 0.000000
131  -0.211443 -0.241686 0.155360  -0.145847 -0.000000 0.000000
132  0.529190 -0.280702 -0.110293  -0.145847 -0.000000 0.000000
133  -0.173926 -0.337328 -0.638497  -0.181751 -0.000000 0.000000
134  0.529190 -0.399248 -0.975394  -0.181751 -0.000000 0.000000
135  -0.211444 -0.464478 -1.431042  -0.192399 -0.000000 0.000000
136  0.529190 -0.515808 -1.694583  -0.192400 -0.000000 0.000000
137  -0.173928 -0.612153 -2.231910  -0.216703 -0.000000 0.000000
138  0.529188 -0.685807 -2.566441  -0.216703 -0.000000 0.000000
139  -0.211445 -0.769561 -3.027872  -0.237349 -0.000000 0.000000
140  0.529189 -0.832690 -3.288846  -0.237350 -0.000000 0.000000
141  -0.173937 -0.945281 -3.779564  -0.233859 0.000000 0.000000
142  0.529179 -1.024659 -4.112782  -0.233859 0.000000 0.000000
143  -0.211443 -1.132188 -4.577545  -0.262919 -0.000000 0.000000
144  0.529190 -1.201967 -4.836826  -0.262919 0.000000 0.000000
145  -0.000004 -2.810943 -10.636633  0.258454 0.000000 3.141592
146  -0.192455 -1.345780 -5.370047  -0.280373 0.000000 0.000000
147  0.533984 -1.413515 -5.605103  -0.276883 0.000000 0.000000
148  -0.206617 -1.795763 -6.909776  -0.287354 0.000000 0.000000
149  -0.205804 -1.564819 -6.138259  -0.290843 0.000000 0.000000
150  0.530460 -1.643677 -6.395214  -0.290844 0.000000 0.000000
151  0.535311 -1.790708 -7.204135  -0.287354 -0.000000 0.000000
152  -0.202703 -2.030488 -7.702829  -0.286180 -0.000000 0.000000
153  0.509548 -2.118898 -8.011626  -0.298398 -0.000000 0.000000
154  -0.202702 -2.255282 -8.465171  -0.283134 -0.000000 0.000000
155  0.509548 -2.352981 -8.771161  -0.295352 -0.000000 0.000000
156  -0.202704 -2.481596 -9.235470  -0.285437 -0.000000 0.000000
157  0.509547 -2.588685 -9.538639  -0.297653 -0.000000 0.000000
158  0.170123 -21.222095 -1.001140  -0.000001 -0.000001 0.000000
159  0.170123 -20.843866 -0.397183  -0.000001 -0.000001 0.000000
160  0.170123 -20.489748 -1.001141  -0.000001 -0.000001 0.000000
161  0.170124 -20.111069 -0.397182  -0.000001 -0.000001 0.000000
162  0.170123 -19.380091 -0.397186  -0.000001 -0.000001 0.000000
163  0.170123 -19.025110 -1.001145  -0.000001 -0.000001 0.000000
164  0.170123 -18.646662 -0.396449  -0.000001 -0.000001 0.000000
165  0.170124 -19.755760 -1.001142  -0.000001 -0.000001 0.000000
166  -0.015972 10.612518 2.686017  0.000001 -0.000000 0.000000
167  0.059851 -50.160706 6.449380  1.570797 0.000000 -1.570797
168  0.064653 27.351290 72.195213  -0.000000 -0.000000 -0.000001
169  6.064261 95.114021 31.645502  -0.000000 -0.000001 1.570796
170  0.054186 102.845642 29.795364  0.000000 0.000001 -1.570796
171  6.064257 69.096565 37.164322  1.570796 -0.000000 1.570796
172  1.974302 11.989234 4.589251  0.000000 -0.000000 0.000000
173  -0.011481 23.944746 5.090362  0.000001 -0.000000 0.000000
174  -1.691251 8.833343 5.763508  0.000001 -0.000000 0.000000
175  6.064261 89.329811 31.613916  -0.000000 -0.000001 1.570796
176  0.059885 2.255334 54.398018  0.000000 -0.000000 0.000000
177  0.003497 -22.270647 0.000139  1.570797 0.000000 -1.570797
178  0.104010 15.380369 2.266152  0.000001 0.000000 0.000000
179  4.061632 -2.278152 1.380421  0.293188 0.292568 -0.720662
180  2.999218 6.831275 13.185890  1.179435 0.427755 -0.169611
181  -2.662412 1.445754 33.628746  -0.000000 3.141591 1.570796
182  8.352063 2.772896 0.000547  -3.141589 0.000002 -0.000000
183  -2.662411 1.445756 40.667961  -0.000000 3.141591 1.570796
184  8.352066 2.772896 0.000550  -3.141589 0.000002 -0.000000
185  -1.431355 16.384779 4.137812  0.000001 -0.000000 0.000000
186  -0.001845 0.521683 -0.140289  0.000000 -0.000000 0.000000
187  7.323109 -5.136193 -5.166237  0.000000 0.000000 -0.610865
188  2.698279 -0.000004 0.000001  -0.000012 0.000000 0.000000
189  2.834159 0.000001 -0.000001  0.000013 0.000000 0.000000
190  2.648919 -0.000000 -0.000001  -0.000001 -0.000001 0.000000
191  2.667500 0.000000 -0.000003  0.000000 0.000000 -0.000000
192  2.426701 -0.000001 -0.000001  0.000000 0.000000 -0.000000
193  -0.494743 -44.353447 -1.302297  1.570797 0.000000 -1.570797
194  11.545938 73.768425 -3.792009  0.000000 -0.000000 0.000000
195  -0.066955 -10.025105 -0.912532  0.000000 -0.000000 0.000000
196  -0.000000 0.000008 -1.529052  -0.000000 -0.000000 0.000000
197  -0.078942 0.000002 -0.000001  0.000000 0.000001 1.570796
198  0.097092 0.000003 -0.000002  -0.000000 -3.141592 1.570796
199  0.000000 0.000000 0.000000  0.000000 -0.000000 -0.000000
200  3.509212 -26.004147 9.278516  -1.297982 1.065180 -0.538171
201  35.402672 12.750320 2.488633  -1.504495 0.685963 0.069263
time 14
0  0 0 0  0 0 0
1  0.000000 0.000000 0.000000  0.000000 -0.000000 -0.000000
2  -0.000005 0.000023 -61.375507  0.000000 0.000000 -1.570795
3  -0.012872 0.000000 8.235020  -1.570799 -1.570796 0.000000
4  16.163128 -0.012870 -0.000002  -0.000000 -0.000000 0.000000
5  -0.000000 0.000000 -0.000005  0.000732 0.000000 -0.000000
6  -0.000031 -0.000002 -0.000000  -0.546483 0.772193 0.385561
7  0.000000 -0.000009 0.000002  0.000000 0.000000 -0.532848
8  0.000002 0.000001 0.000000  -0.006165 -0.000000 -0.000000
9  0.000003 0.000001 -0.000001  -0.012391 -0.000000 -0.000000
10  0.000002 0.000000 0.000001  -0.018617 -0.000000 -0.000000
11  0.000002 0.000000 0.000001  -0.024843 0.000000 -0.000000
12  0.000002 0.000000 0.000000  -0.031008 -0.000000 -0.000000
13  0.000002 -0.000002 0.000000  -0.037235 -0.000000 -0.000000
14  0.000001 -0.000002 0.000001  -0.043462 -0.000000 -0.000000
15  0.000002 0.000002 0.000003  0.172606 -0.236228 -0.873165
16  -0.000004 -0.000004 0.000001  0.217662 0.090829 -0.049697
17  -0.000000 0.000002 0.000004  0.097198 0.035956 -0.326341
18  -0.000002 -0.000002 0.000002  0.058448 0.026035 -0.358168
19  0.000001 -0.000003 -0.000002  0.115631 0.137619 -0.640621
20  -0.000002 -0.000001 -0.000001  0.000000 0.000000 0.154210
21  -0.000004 -0.000004 -0.000001  0.000000 0.000000 0.154211
22  -0.000004 -0.000003 -0.000002  -0.209851 0.205834 0.194796
23  3.672214 0.000004 -0.000001  0.000003 0.000001 0.142941
24  0.000000 -0.000000 0.000001  0.000000 -0.000000 -0.304344
25  0.000001 -0.000004 -0.000002  -0.082906 0.060938 -0.203393
26  -0.000001 0.000001 0.000000  -0.000000 0.000001 -0.152802
27  2.496799 0.000005 0.000001  0.000000 0.000000 -0.091107
28  0.000001 -0.000004 0.000002  -0.025841 0.343592 0.299830
29  -0.000005 0.000001 0.000002  0.000000 0.000000 0.424707
30  2.199409 0.000000 0.000003  0.000001 0.000001 0.029263
31  0.000004 -0.000000 0.000003  1.487668 -0.000764 -0.000703
32  -0.000016 -0.000001 0.000001  0.569186 -0.161551 0.705351
33  0.000000 -0.000002 0.000002  0.000000 -0.000000 0.777583
34  -0.000000 -0.000001 0.000001  -0.152496 0.000000 -0.000000
35  -0.000003 -0.000001 0.000000  -0.305023 0.000000 0.000000
36  -0.000004 -0.000005 0.000002  -0.457547 0.000000 0.000000
37  -0.000001 -0.000001 0.000001  -0.610019 0.000000 0.000000
38  -0.000006 -0.000001 0.000002  -0.762568 0.000000 -0.000000
39  -0.000004 -0.000001 0.000002  -0.915041 0.000000 -0.000000
40  -0.000004 -0.000001 0.000001  -1.067591 -0.000000 0.000000
41  -0.000009 -0.000006 0.000001  -0.831648 -0.482368 -0.455731
42  0.000004 -0.000003 -0.000000  0.153834 -0.063939 0.075145
43  3.954723 0.000013 0.000002  -0.000000 -0.000002 0.166320
44  -0.000004 0.000001 0.000001  -0.000000 -0.000000 0.008850
45  0.000002 -0.000004 -0.000001  -0.147412 0.111389 0.728109
46  -0.000002 -0.000000 0.000000  -0.000000 0.000000 0.111817
47  -0.000001 -0.000004 -0.000001  -0.000000 0.000000 0.111817
48  0.000001 -0.000002 0.000002  -0.042998 -0.272119 -0.091326
49  -0.000001 -0.000002 -0.000003  0.000000 -0.000000 -0.197532
50  -0.000003 -0.000002 -0.000001  -0.000000 -0.000000 0.377058
51  -0.000003 -0.000001 0.000003  -0.096705 -0.278216 -0.320269
52  -0.000002 -0.000001 -0.000001  0.000000 -0.000000 -0.196060
53  0.000000 -0.000001 0.000001  0.000000 0.000000 0.362093
54  -0.000001 -0.000002 0.000001  -0.155305 -0.323519 -0.634111
55  -0.000001 0.000001 -0.000002  0.000000 -0.000000 -0.230252
56  2.307436 0.000001 -0.000003  0.000002 0.000001 -0.056419
57  0.000000 0.000000 -0.000000  -0.028969 -0.012773 0.024359
58  33.518211 4.195328 9.343934  -1.431829 1.418466 0.518393
59  0.071249 114.357033 62.238789  -0.000000 -0.000000 0.000000
60  1.986525 0.000018 -3.123735  -2.705260 -0.000000 -1.570797
61  -1.986692 0.000018 -3.123740  0.436333 0.000001 1.570797
62  0.000000 -0.000002 0.000002  0.000000 -0.000000 0.000000
63  -1.986693 0.000022 -3.123738  0.436333 0.000001 1.570797
64  -11.344163 1.135887 0.869286  0.000002 -0.025019 -0.026323
65  1.986523 0.000024 -3.123732  -2.705260 -0.000000 -1.570797
66  -11.350047 -0.729422 0.864887  0.000197 -0.025367 0.026442
67  1.754235 4.036768 -1.682667  0.392575 -0.010120 -1.546362
68  -1.755142 4.036769 -1.682665  -0.392577 -0.010391 -1.594986
69  -0.164555 7.327705 3.928701  0.000000 0.000001 -1.570796
70  0.079081 36.742695 -0.508021  0.000001 -0.000000 0.000000
71  -1.260174 8.777411 6.736404  -0.000002 -0.424415 -3.141592
72  1.525192 18.283600 2.968622  0.000000 -0.000000 0.000000
73  0.060215 10.324389 74.469048  0.000008 -0.000000 0.000000
74  0.062808 75.917999 83.075439  1.570797 -0.000000 -1.570796
75  4.804181 -3.971741 0.000001  -0.000000 0.000000 -0.000000
76  -7.041567 -5.025991 0.000002  -0.000000 -0.000000 -0.000000
77  8.407179 -3.978429 0.003056  -1.570796 1.570795 0.000000
78  10.376182 -3.978443 0.003056  -1.570796 1.570796 0.000000
79  10.194012 -0.314057 -1.749547  -1.570796 1.570796 0.000000
80  20.857883 -4.015565 0.000003  0.000000 -0.000000 0.000000
81  3.258439 5.856959 -3.403523  -0.000000 -0.000000 -0.000000
82  15.153045 5.860583 -3.403520  0.000000 -0.000000 0.000000
83  6.064256 77.294952 36.365791  1.570796 -0.000000 1.570796
84  -2.662411 1.445755 40.667957  -0.000000 3.141591 1.570796
85  8.352067 2.772897 0.000545  -3.141589 0.000002 -0.000000
86  6.064256 72.973694 32.593250  1.570796 -0.000000 1.570796
87  0.004364 73.768425 -3.792006  0.000000 0.000000 0.000000
88  -0.442609 1.284885 8.535289  -0.000000 -0.000001 0.000000
89  0.000001 1.310214 0.000000  0.000000 0.000000 0.000000
90  0.000000 0.582265 0.000002  0.000000 0.000000 0.000000
91  0.036297 1.284886 7.928797  -0.000000 -0.000001 0.000000
92  -0.000000 1.310215 -0.000001  0.000000 -0.000000 0.000000
93  -0.000001 0.582261 -0.000000  0.000000 -0.000000 0.000000
94  5.969323 3.427464 -6.170654  -0.000000 -0.000001 -1.570797
95  -1.310209 0.000001 -0.000001  0.000000 -0.000000 -0.000000
96  -0.582257 0.000000 0.000000  0.000000 -0.000000 -0.000000
97  5.969322 9.397403 -6.170661  -0.000000 -0.000001 -1.570796
98  -1.310213 0.000000 0.000001  0.000000 0.000000 -0.000000
99  -0.582263 -0.000001 0.000002  0.000000 0.000000 -0.000000
100  5.969321 15.223776 -6.170672  0.000000 -0.000001 -1.570796
101  -1.310213 0.000004 -0.000003  -0.000000 0.000000 -0.000000
102  -0.582263 0.000002 -0.000002  -0.000000 0.000000 -0.000000
103  5.969323 20.835573 -6.170677  0.000000 -0.000001 -1.570796
104  -1.310218 0.000001 0.000001  -0.000000 0.000000 -0.000000
105  -0.582263 0.000001 0.000004  -0.000000 0.000000 -0.000000
106  5.969325 26.771212 -6.170675  0.000000 -0.000001 -1.570796
107  5.969323 32.597599 -6.170677  0.000000 -0.000001 -1.570796
108  5.969323 38.209400 -6.170688  0.000000 -0.000001 -1.570800
109  5.969322 49.488472 -6.170689  0.000000 -0.000001 -1.570800
110  -0.539090 -0.556804 -0.017364  -0.042462 2.681156 1.551919
111  -6.799123 -0.556803 0.818546  -0.272420 2.701993 1.452460
112  -4.615282 -0.556818 0.270326  -0.117230 2.684609 1.518878
113  -2.650968 -0.556807 0.063007  -0.042463 2.681158 1.551919
114  27.110336 1.284862 12.007546  -0.000000 -0.000000 0.000000
115  28.133425 1.284860 12.007546  0.000001 -0.000000 0.000000
116  12.812887 2.241790 12.007547  -0.000000 -0.000001 -0.000001
117  -9.955967 -0.319620 4.380209  -0.000002 -0.000000 -0.000001
118  -11.316473 -0.319620 4.380213  -0.000003 -0.000000 0.000000
119  -12.667810 -0.319621 4.380213  -0.000003 -0.000000 0.000001
120  -14.022141 -0.319618 4.380212  0.000010 -0.000000 -0.000011
121  -15.373239 -0.319620 4.380210  0.000015 -0.000000 -0.000015
122  -16.724142 -0.319618 4.380209  -0.000009 -0.000000 0.000006
123  -18.074574 -0.319621 4.380211  -0.000006 -0.000000 0.000004
124  -19.423716 -0.319616 4.380210  0.000002 0.000000 -0.000004
125  -20.775272 -0.319616 4.380210  0.000003 0.000000 -0.000004
126  -22.126671 -0.319618 4.380212  0.000003 -0.000000 -0.000004
127  -23.478123 -0.319619 4.380212  0.000005 -0.000000 -0.000006
128  -24.830622 -0.319615 4.380213  0.000036 -0.000000 -0.000038
129  -26.182028 -0.319618 4.380212  -0.000011 -0.000000 0.000011
130  0.529180 -0.167129 0.629481  -0.101270 -0.000000 0.000000
131  -0.211443 -0.241682 0.155359  -0.145847 -0.000000 0.000000
132  0.529190 -0.280697 -0.110296  -0.145847 -0.000000 0.000000
133  -0.173927 -0.337321 -0.638497  -0.181751 -0.000000 0.000000
134  0.529190 -0.399243 -0.975397  -0.181751 -0.000000 0.000000
135  -0.211444 -0.464473 -1.431044  -0.192399 -0.000000 0.000000
136  0.529190 -0.515805 -1.694586  -0.192400 -0.000000 0.000000
137  -0.173928 -0.612150 -2.231911  -0.216703 -0.000000 0.000000
138  0.529188 -0.685803 -2.566442  -0.216703 -0.000000 0.000000
139  -0.211445 -0.769558 -3.027872  -0.237349 -0.000000 0.000000
140  0.529188 -0.832684 -3.288849  -0.237349 -0.000000 0.000000
141  -0.173937 -0.945279 -3.779567  -0.233859 0.000000 0.000000
142  0.529179 -1.024653 -4.112782  -0.233859 0.000000 0.000000
143  -0.211443 -1.132183 -4.577551  -0.262919 -0.000000 0.000000
144  0.529190 -1.201961 -4.836829  -0.262919 0.000000 0.000000
145  -0.000004 -2.810939 -10.636632  0.258454 0.000000 3.141592
146  -0.192455 -1.345775 -5.370048  -0.280373 0.000000 0.000000
147  0.533984 -1.413510 -5.605109  -0.276883 0.000000 0.000000
148  -0.206618 -1.795756 -6.909781  -0.287354 0.000000 0.000000
149  -0.205805 -1.564815 -6.138259  -0.290843 0.000000 0.000000
150  0.530460 -1.643673 -6.395219  -0.290844 0.000000 0.000000
151  0.535312 -1.790706 -7.204134  -0.287354 -0.000000 0.000000
152  -0.202703 -2.030482 -7.702830  -0.286180 -0.000000 0.000000
153  0.509548 -2.118891 -8.011626  -0.298398 -0.000000 0.000000
154  -0.202703 -2.255277 -8.465173  -0.283134 -0.000000 0.000000
155  0.509548 -2.352978 -8.771162  -0.295352 -0.000000 0.000000
156  -0.202704 -2.481592 -9.235474  -0.285437 -0.000000 0.000000
157  0.509547 -2.588681 -9.538642  -0.297654 -0.000000 0.000000
158  0.170123 -21.222090 -1.001141  -0.000001 -0.000001 0.000000
159  0.170122 -20.843861 -0.397185  -0.000001 -0.000001 0.000000
160  0.170123 -20.489742 -1.001143  -0.000001 -0.000001 0.000000
161  0.170123 -20.111063 -0.397184  -0.000001 -0.000001 0.000000
162  0.170123 -19.380087 -0.397190  -0.000001 -0.000001 0.000000
163  0.170123 -19.025106 -1.001148  -0.000001 -0.000001 0.000000
164  0.170123 -18.646658 -0.396450  -0.000001 -0.000001 0.000000
165  0.170124 -19.755756 -1.001144  -0.000001 -0.000001 0.000000
166  -0.015974 10.612518 2.686016  0.000001 -0.000000 0.000000
167  0.059850 -50.160702 6.449381  1.570797 0.000000 -1.570797
168  0.064652 27.351292 72.195198  0.000000 -0.000000 -0.000001
169  6.064260 95.114006 31.645496  0.000000 -0.000001 1.570796
170  0.054185 102.845650 29.795364  0.000000 0.000001 -1.570796
171  6.064257 69.096558 37.164318  1.570796 -0.000000 1.570796
172  1.974302 11.989234 4.589250  0.000001 -0.000000 0.000000
173  -0.011481 23.944746 5.090360  0.000001 0.000000 0.000000
174  -1.691251 8.833342 5.763506  0.000001 -0.000000 0.000000
175  6.064260 89.329803 31.613914  0.000000 -0.000001 1.570796
176  0.059885 2.255335 54.398010  -0.000000 -0.000000 0.000000
177  0.003497 -22.270649 0.000144  1.570797 0.000000 -1.570797
178  0.104009 15.380371 2.266151  0.000001 -0.000000 0.000000
179  4.066641 -2.284052 1.381332  0.293522 0.293204 -0.721849
180  3.004293 6.830873 13.192595  1.180303 0.428071 -0.169566
181  -2.662414 1.445758 33.628738  -0.000000 3.141591 1.570796
182  8.352063 2.772896 0.000541  -3.141589 0.000002 -0.000000
183  -2.662411 1.445755 40.667957  -0.000000 3.141591 1.570796
184  8.352067 2.772897 0.000545  -3.141589 0.000002 -0.000000
185  -1.431356 16.384779 4.137810  0.000001 0.000000 0.000000
186  -0.001846 0.521682 -0.140291  0.000000 -0.000000 0.000000
187  7.323107 -5.136189 -5.166237  -0.000000 0.000000 -0.610865
188  2.698279 -0.000005 -0.000001  -0.000012 0.000000 0.000000
189  2.834159 -0.000004 -0.000001  0.000013 0.000000 -0.000000
190  2.648921 -0.000002 0.000001  -0.000001 -0.000001 0.000000
191  2.667499 -0.000004 0.000000  -0.000000 0.000000 -0.000000
192  2.426704 -0.000004 0.000002  -0.000000 0.000000 -0.000000
193  -0.494744 -44.353451 -1.302299  1.570797 0.000000 -1.570797
194  11.545936 73.768425 -3.792008  0.000000 -0.000000 0.000000
195  -0.066955 -10.025109 -0.912536  -0.000000 -0.000000 0.000000
196  -0.000001 0.000003 -1.529051  -0.000000 -0.000000 0.000000
197  -0.078941 -0.000001 -0.000001  0.000000 0.000001 1.570796
198  0.097092 -0.000001 -0.000001  -0.000000 -3.141592 1.570796
199  0.000000 0.000000 0.000000  0.000000 -0.000000 -0.000000
200  2.968200 -24.747360 8.328531  -1.262489 1.059172 -0.564419
201  35.394848 11.870487 2.171941  -1.490233 0.670259 0.021027
time 15
0  0 0 0  0 0 0
1  0.000000 0.000000 0.000000  0.000000 -0.000000 -0.000000
2  -0.000005 0.000023 -61.375507  0.000000 0.000000 -1.570795
3  -0.012872 0.000000 8.235020  -1.570799 -1.570796 0.000000
4  16.163128 -0.012870 -0.000002  -0.000000 -0.000000 0.000000
5  -0.000000 0.000000 -0.000005  0.000000 -0.000000 -0.000000
6  -0.000034 -0.000002 -0.000000  -0.485493 0.760814 0.425128
7  0.000001 -0.000010 0.000005  -0.000000 0.000000 -0.518815
8  -0.000004 0.000001 -0.000000  -0.014649 -0.000000 -0.000000
9  -0.000003 0.000001 -0.000001  -0.029360 -0.000000 -0.000000
10  -0.000004 0.000000 0.000001  -0.044011 -0.000000 -0.000000
11  -0.000004 -0.000000 0.000001  -0.058726 0.000000 -0.000000
12  -0.000004 0.000000 0.000000  -0.073383 -0.000000 -0.000000
13  -0.000008 -0.000001 -0.000001  -0.088105 -0.000000 -0.000000
14  -0.000004 -0.000001 0.000000  -0.102771 -0.000000 -0.000000
15  -0.000004 0.000001 0.000003  0.118331 -0.274769 -0.885510
16  -0.000006 0.000001 0.000001  0.217781 0.090899 -0.049746
17  0.000000 0.000001 0.000003  0.097314 0.035988 -0.326586
18  -0.000003 -0.000002 0.000002  0.058445 0.026042 -0.358416
19  -0.000001 0.000002 -0.000001  0.115640 0.137722 -0.641069
20  -0.000001 0.000001 -0.000001  0.000000 -0.000000 0.154333
21  0.000003 -0.000004 -0.000000  0.000000 0.000000 0.154333
22  -0.000006 0.000002 -0.000002  -0.209953 0.205981 0.194897
23  3.672216 0.000003 -0.000000  0.000003 0.000001 0.142941
24  0.000002 -0.000001 0.000001  -0.000000 -0.000000 -0.304529
25  -0.000001 0.000001 -0.000002  -0.082977 0.060987 -0.203521
26  0.000003 0.000004 0.000002  -0.000000 0.000001 -0.152925
27  2.496793 0.000003 0.000001  0.000000 0.000000 -0.091107
28  -0.000001 0.000001 0.000002  -0.025831 0.343789 0.300085
29  0.000001 0.000000 0.000002  -0.000000 0.000000 0.424956
30  2.199408 0.000000 0.000002  0.000001 0.000001 0.029263
31  0.000004 -0.000000 0.000003  1.251515 -0.000742 -0.000536
32  -0.000021 -0.000001 0.000001  0.571722 -0.120844 0.512029
33  -0.000001 -0.000001 -0.000000  0.000000 -0.000000 0.801851
34  0.000001 0.000000 -0.000000  -0.150354 0.000000 -0.000000
35  -0.000001 -0.000004 0.000000  -0.300763 0.000000 0.000000
36  -0.000003 -0.000000 0.000001  -0.451094 0.000000 0.000000
37  -0.000001 -0.000000 0.000001  -0.601514 -0.000000 0.000000
38  -0.000005 0.000003 -0.000000  -0.751860 -0.000000 -0.000000
39  -0.000002 -0.000001 -0.000000  -0.902270 -0.000000 -0.000000
40  -0.000004 -0.000001 0.000001  -1.052664 -0.000000 0.000000
41  -0.000008 -0.000002 -0.000001  -0.845256 -0.442368 -0.419532
42  -0.000001 0.000001 0.000003  0.153893 -0.064002 0.075138
43  3.954720 0.000013 0.000006  -0.000000 -0.000002 0.166319
44  -0.000005 0.000001 0.000003  -0.000000 -0.000000 0.008850
45  -0.000000 -0.000001 -0.000000  -0.147451 0.111435 0.728434
46  -0.000002 0.000001 0.000002  0.000000 0.000000 0.111878
47  -0.000002 0.000001 0.000002  -0.000000 0.000000 0.111878
48  -0.000002 -0.000000 0.000002  -0.042984 -0.272243 -0.091388
49  -0.000001 0.000000 -0.000002  -0.000000 -0.000000 -0.197654
50  -0.000001 0.000000 -0.000002  -0.000000 0.000000 0.377244
51  -0.000007 0.000002 0.000002  -0.096731 -0.278353 -0.320387
52  -0.000005 0.000000 0.000007  0.000000 -0.000000 -0.196182
53  -0.000001 0.000000 -0.000003  0.000000 0.000000 0.362280
54  -0.000007 0.000002 0.000002  -0.155334 -0.323700 -0.634430
55  -0.000000 0.000001 0.000001  0.000000 -0.000000 -0.230375
56  2.307436 -0.000000 0.000001  0.000002 0.000001 -0.056419
57  0.000000 0.000000 -0.000000  -0.029056 -0.010785 0.022438
58  32.436871 3.187744 8.342715  -1.338858 1.396966 0.513663
59  0.071249 114.357025 62.238792  0.000000 0.000000 -0.000000
60  1.986523 0.000015 -3.123739  -2.705260 -0.000000 -1.570797
61  -1.986694 0.000014 -3.123745  0.436333 0.000001 1.570797
62  -0.000001 -0.000003 -0.000006  0.000000 0.000000 -0.000000
63  -1.986691 0.000016 -3.123744  0.436333 0.000001 1.570797
64  -11.344157 1.135889 0.869278  0.000002 -0.025019 -0.026324
65  1.986526 0.000010 -3.123741  -2.705260 -0.000000 -1.570797
66  -11.350057 -0.729422 0.864885  0.000197 -0.025367 0.026442
67  1.754236 4.036763 -1.682671  0.392575 -0.010120 -1.546363
68  -1.755138 4.036754 -1.682675  -0.392577 -0.010391 -1.594986
69  -0.164556 7.327707 3.928702  -0.000000 0.000001 -1.570796
70  0.079081 36.742695 -0.508022  0.000001 0.000000 -0.000000
71  -1.260174 8.777412 6.736404  -0.000002 -0.424415 -3.141592
72  1.525192 18.283602 2.968622  0.000000 0.000000 -0.000000
73  0.060215 10.324390 74.469055  0.000008 0.000000 -0.000000
74  0.062807 75.917999 83.075439  1.570797 0.000000 -1.570796
75  4.804185 -3.971740 0.000001  -0.000000 0.000000 -0.000000
76  -7.041568 -5.025988 0.000003  -0.000000 -0.000000 -0.000000
77  8.407180 -3.978435 0.003056  -1.570796 1.570795 0.000000
78  10.376189 -3.978441 0.003056  -1.570796 1.570796 0.000000
79  10.194018 -0.314057 -1.749547  -1.570796 1.570796 0.000000
80  20.857889 -4.015566 0.000004  0.000000 -0.000000 -0.000000
81  3.258443 5.856956 -3.403523  -0.000000 -0.000000 -0.000000
82  15.153055 5.860579 -3.403521  -0.000000 -0.000000 -0.000000
83  6.064256 77.294952 36.365795  1.570796 -0.000000 1.570796
84  -2.662412 1.445759 40.667953  -0.000000 3.141591 1.570796
85  8.352064 2.772897 0.000548  -3.141589 0.000002 0.000000
86  6.064256 72.973694 32.593250  1.570796 -0.000000 1.570796
87  0.004365 73.768417 -3.792004  0.000000 0.000000 0.000000
88  -0.442610 1.284882 8.535291  0.000000 -0.000001 0.000000
89  0.000001 1.310214 0.000001  0.000000 0.000000 0.000000
90  -0.000000 0.582265 0.000002  0.000000 0.000000 0.000000
91  0.036296 1.284879 7.928799  0.000000 -0.000001 0.000000
92  0.000001 1.310211 0.000001  0.000000 0.000000 0.000000
93  -0.000000 0.582263 0.000003  0.000000 0.000000 0.000000
94  5.969323 3.427460 -6.170649  -0.000000 -0.000001 -1.570797
95  -1.310212 0.000002 0.000000  0.000000 0.000000 -0.000000
96  -0.582263 -0.000000 0.000000  0.000000 0.000000 -0.000000
97  5.969322 9.397398 -6.170659  -0.000000 -0.000001 -1.570796
98  -1.310208 -0.000001 0.000001  0.000000 0.000000 -0.000000
99  -0.582260 -0.000002 0.000001  0.000000 0.000000 -0.000000
100  5.969322 15.223768 -6.170668  0.000000 -0.000001 -1.570796
101  -1.310213 0.000000 0.000002  -0.000000 0.000000 -0.000000
102  -0.582265 -0.000001 -0.000000  -0.000000 0.000000 -0.000000
103  5.969323 20.835569 -6.170673  0.000000 -0.000001 -1.570796
104  -1.310206 0.000001 0.000001  -0.000000 0.000000 -0.000000
105  -0.582257 0.000000 0.000003  -0.000000 0.000000 -0.000000
106  5.969322 26.771210 -6.170669  0.000000 -0.000001 -1.570796
107  5.969321 32.597599 -6.170671  0.000000 -0.000001 -1.570796
108  5.969322 38.209396 -6.170685  0.000000 -0.000001 -1.570800
109  5.969321 49.488461 -6.170684  0.000000 -0.000001 -1.570800
110  -0.539091 -0.556806 -0.017361  -0.042462 2.681156 1.551919
111  -6.799125 -0.556803 0.818552  -0.272420 2.701993 1.452460
112  -4.615283 -0.556821 0.270328  -0.117230 2.684609 1.518878
113  -2.650970 -0.556805 0.063013  -0.042463 2.681158 1.551919
114  27.110336 1.284857 12.007550  0.000000 -0.000000 -0.000000
115  28.133427 1.284858 12.007550  0.000001 -0.000000 -0.000000
116  12.812885 2.241788 12.007551  0.000000 -0.000001 -0.000001
117  -9.955969 -0.319620 4.380216  -0.000001 -0.000000 -0.000001
118  -11.316474 -0.319624 4.380216  -0.000003 -0.000000 0.000000
119  -12.667813 -0.319619 4.380216  -0.000003 -0.000000 0.000001
120  -14.022142 -0.319622 4.380216  0.000010 -0.000000 -0.000011
121  -15.373241 -0.319617 4.380215  0.000015 -0.000000 -0.000015
122  -16.724142 -0.319620 4.380217  -0.000009 -0.000000 0.000006
123  -18.074574 -0.319619 4.380217  -0.000006 -0.000000 0.000004
124  -19.423717 -0.319618 4.380217  0.000002 0.000000 -0.000004
125  -20.775270 -0.319618 4.380217  0.000003 0.000000 -0.000004
126  -22.126675 -0.319615 4.380217  0.000003 -0.000000 -0.000004
127  -23.478125 -0.319618 4.380215  0.000005 -0.000000 -0.000006
128  -24.830624 -0.319620 4.380215  0.000036 -0.000000 -0.000038
129  -26.182030 -0.319614 4.380216  -0.000011 -0.000000 0.000011
130  0.529179 -0.167131 0.629486  -0.101270 -0.000000 0.000000
131  -0.211445 -0.241681 0.155362  -0.145847 -0.000000 0.000000
132  0.529189 -0.280697 -0.110292  -0.145847 -0.000000 0.000000
133  -0.173928 -0.337324 -0.638493  -0.181751 -0.000000 0.000000
134  0.529188 -0.399243 -0.975393  -0.181751 -0.000000 0.000000
135  -0.211445 -0.464478 -1.431041  -0.192399 -0.000000 0.000000
136  0.529188 -0.515806 -1.694583  -0.192399 -0.000000 0.000000
137  -0.173929 -0.612153 -2.231912  -0.216703 -0.000000 0.000000
138  0.529187 -0.685807 -2.566439  -0.216703 -0.000000 0.000000
139  -0.211446 -0.769558 -3.027868  -0.237349 -0.000000 0.000000
140  0.529188 -0.832687 -3.288847  -0.237349 -0.000000 0.000000
141  -0.173938 -0.945280 -3.779563  -0.233859 0.000000 0.000000
142  0.529178 -1.024657 -4.112780  -0.233859 0.000000 0.000000
143  -0.211444 -1.132185 -4.577548  -0.262919 -0.000000 0.000000
144  0.529188 -1.201960 -4.836823  -0.262919 0.000000 0.000000
145  -0.000005 -2.810940 -10.636630  0.258454 0.000000 3.141592
146  -0.192456 -1.345780 -5.370045  -0.280373 0.000000 0.000000
147  0.533982 -1.413509 -5.605103  -0.276883 0.000000 0.000000
148  -0.206619 -1.795757 -6.909779  -0.287354 0.000000 0.000000
149  -0.205806 -1.564816 -6.138256  -0.290843 0.000000 0.000000
150  0.530459 -1.643674 -6.395214  -0.290844 0.000000 0.000000
151  0.535311 -1.790709 -7.204129  -0.287354 -0.000000 0.000000
152  -0.202704 -2.030485 -7.702829  -0.286180 -0.000000 0.000000
153  0.509547 -2.118893 -8.011623  -0.298398 -0.000000 0.000000
154  -0.202704 -2.255278 -8.465172  -0.283134 -0.000000 0.000000
155  0.509547 -2.352980 -8.771159  -0.295352 -0.000000 0.000000
156  -0.202705 -2.481596 -9.235470  -0.285437 -0.000000 0.000000
157  0.509545 -2.588682 -9.538639  -0.297654 -0.000000 0.000000
158  0.170122 -21.222092 -1.001139  -0.000001 -0.000001 0.000000
159  0.170121 -20.843861 -0.397182  -0.000001 -0.000001 0.000000
160  0.170122 -20.489744 -1.001141  -0.000001 -0.000001 0.000000
161  0.170123 -20.111067 -0.397180  -0.000001 -0.000001 0.000000
162  0.170122 -19.380089 -0.397185  -0.000001 -0.000001 0.000000
163  0.170122 -19.025105 -1.001145  -0.000001 -0.000001 0.000000
164  0.170122 -18.646658 -0.396446  -0.000001 -0.000001 0.000000
165  0.170123 -19.755758 -1.001140  -0.000001 -0.000001 0.000000
166  -0.015973 10.612521 2.686016  0.000001 0.000000 -0.000000
167  0.059852 -50.160694 6.449378  1.570797 0.000000 -1.570797
168  0.064652 27.351294 72.195198  0.000000 -0.000000 -0.000001
169  6.064259 95.114014 31.645498  0.000000 -0.000001 1.570796
170  0.054185 102.845642 29.795362  -0.000000 0.000001 -1.570796
171  6.064255 69.096558 37.164314  1.570796 -0.000000 1.570796
172  1.974302 11.989234 4.589250  0.000001 0.000000 -0.000000
173  -0.011481 23.944750 5.090361  0.000001 0.000000 0.000000
174  -1.691251 8.833344 5.763506  0.000001 0.000000 -0.000000
175  6.064260 89.329803 31.613914  0.000000 -0.000001 1.570796
176  0.059886 2.255339 54.398006  0.000000 0.000000 -0.000000
177  0.003496 -22.270647 0.000150  1.570797 0.000000 -1.570797
178  0.104010 15.380375 2.266153  0.000001 0.000000 -0.000000
179  4.068589 -2.286349 1.381699  0.293644 0.293485 -0.722350
180  3.008038 6.830585 13.197563  1.180858 0.428327 -0.169537
181  -2.662413 1.445761 33.628742  -0.000000 3.141591 1.570796
182  8.352067 2.772898 0.000544  -3.141589 0.000002 0.000000
183  -2.662412 1.445759 40.667953  -0.000000 3.141591 1.570796
184  8.352064 2.772897 0.000548  -3.141589 0.000002 0.000000
185  -1.431355 16.384781 4.137811  0.000001 -0.000000 0.000000
186  -0.001845 0.521687 -0.140290  0.000000 0.000000 -0.000000
187  7.323108 -5.136185 -5.166236  0.000000 0.000000 -0.610865
188  2.698277 -0.000001 0.000001  -0.000012 0.000000 0.000001
189  2.834162 -0.000000 -0.000002  0.000013 0.000000 0.000000
190  2.648919 0.000002 -0.000001  -0.000001 -0.000001 0.000000
191  2.667500 -0.000006 -0.000001  0.000000 0.000000 -0.000000
192  2.426707 0.000003 -0.000001  0.000000 0.000000 -0.000000
193  -0.494746 -44.353443 -1.302301  1.570797 0.000000 -1.570797
194  11.545937 73.768417 -3.792007  0.000000 0.000000 -0.000000
195  -0.066954 -10.025103 -0.912535  0.000000 0.000000 -0.000000
196  -0.000001 0.000001 -1.529053  -0.000000 0.000000 -0.000000
197  -0.078941 -0.000003 -0.000002  0.000000 0.000001 1.570796
198  0.097092 -0.000002 -0.000001  -0.000000 -3.141592 1.570796
199  0.000000 0.000000 0.000000  0.000000 -0.000000 -0.000000
200  1.801625 -22.395554 6.913204  -1.209209 1.062903 -0.614950
201  34.819435 10.512821 1.333719  -1.459757 0.658967 -0.056899
time 16
0  0 0 0  0 0 0
1  0.000000 0.000000 0.000000  0.000000 -0.000000 -0.000000
2  -0.000005 0.000023 -61.375507  0.000000 0.000000 -1.570795
3  -0.012872 0.000000 8.235020  -1.570799 -1.570796 0.000000
4  16.163128 -0.012870 -0.000002  -0.000000 -0.000000 0.000000
5  -0.000000 0.000000 -0.000005  0.000000 -0.000000 -0.000000
6  -0.000034 -0.000002 -0.000000  -0.385525 0.748169 0.491581
7  -0.000003 -0.000005 -0.000001  -0.000000 0.000000 -0.532152
8  -0.000005 0.000000 -0.000001  -0.023011 -0.000000 -0.000000
9  -0.000001 -0.000000 -0.000001  -0.046087 -0.000000 -0.000000
10  -0.000005 -0.000000 -0.000000  -0.069108 -0.000000 -0.000000
11  -0.000001 -0.000001 0.000001  -0.092198 0.000000 -0.000000
12  -0.000005 -0.000001 -0.000000  -0.115241 -0.000000 -0.000000
13  -0.000002 -0.000003 -0.000000  -0.138298 -0.000000 -0.000000
14  -0.000005 -0.000002 -0.000002  -0.161313 -0.000000 -0.000000
15  0.000002 -0.000001 0.000005  0.053257 -0.309376 -0.877301
16  -0.000003 -0.000002 0.000001  0.217781 0.090899 -0.049746
17  -0.000006 -0.000003 0.000003  0.097315 0.035988 -0.326586
18  -0.000005 -0.000005 0.000003  0.058445 0.026042 -0.358416
19  0.000002 -0.000000 -0.000001  0.115640 0.137722 -0.641069
20  -0.000001 -0.000002 0.000000  0.000000 0.000000 0.154333
21  -0.000001 -0.000002 -0.000001  -0.000000 -0.000000 0.154333
22  -0.000003 -0.000001 -0.000001  -0.209953 0.205981 0.194897
23  3.672217 0.000003 -0.000001  0.000003 0.000001 0.142941
24  0.000000 -0.000001 0.000001  -0.000000 -0.000000 -0.304529
25  0.000002 -0.000001 -0.000002  -0.082977 0.060987 -0.203521
26  0.000000 -0.000000 0.000001  -0.000000 0.000000 -0.152925
27  2.496794 0.000003 -0.000001  0.000000 0.000000 -0.091107
28  0.000002 -0.000001 0.000002  -0.025905 0.343797 0.300010
29  0.000002 0.000000 -0.000000  -0.000000 0.000000 0.424956
30  2.199407 0.000000 0.000003  0.000001 0.000001 0.029263
31  0.000004 -0.000000 0.000003  0.895291 -0.000605 -0.000291
32  -0.000019 -0.000001 0.000001  0.575342 -0.061629 0.243789
33  -0.000003 0.000002 0.000001  0.000000 -0.000000 0.835718
34  0.000000 0.000003 0.000000  -0.145029 0.000000 -0.000000
35  -0.000002 0.000002 0.000000  -0.290088 0.000000 0.000000
36  -0.000005 0.000005 0.000001  -0.435202 0.000000 0.000000
37  -0.000004 0.000006 0.000000  -0.580268 -0.000000 0.000000
38  -0.000005 0.000005 0.000001  -0.725287 0.000000 -0.000000
39  -0.000006 0.000004 0.000000  -0.870380 -0.000000 0.000000
40  -0.000002 -0.000003 0.000002  -1.015450 0.000000 0.000000
41  -0.000007 -0.000001 -0.000000  -0.837759 -0.389028 -0.421996
42  -0.000004 0.000000 0.000003  0.154071 -0.064079 0.075250
43  3.954717 0.000012 0.000004  -0.000000 -0.000002 0.166319
44  -0.000002 -0.000005 0.000002  -0.000000 -0.000000 0.008850
45  0.000001 -0.000003 -0.000002  -0.147551 0.111626 0.729341
46  -0.000000 0.000003 -0.000001  0.000000 0.000000 0.112061
47  -0.000002 -0.000000 0.000000  0.000000 0.000000 0.112061
48  -0.000003 -0.000001 0.000000  -0.043015 -0.272618 -0.091501
49  -0.000003 0.000001 -0.000000  0.000000 -0.000000 -0.197900
50  -0.000001 0.000000 0.000003  0.000000 0.000000 0.377741
51  -0.000006 -0.000000 0.000000  -0.096808 -0.278708 -0.320805
52  -0.000003 -0.000000 -0.000005  0.000000 -0.000000 -0.196428
53  -0.000004 -0.000002 0.000003  0.000000 0.000000 0.362714
54  -0.000006 -0.000001 0.000000  -0.155413 -0.324152 -0.635195
55  -0.000000 0.000002 0.000000  -0.000000 0.000000 -0.230620
56  2.307433 0.000002 -0.000001  0.000002 0.000001 -0.056419
57  0.000000 0.000000 -0.000000  -0.029135 -0.007699 0.020440
58  30.678303 2.212227 6.604687  -1.188163 1.365438 0.543777
59  0.071250 114.357025 62.238792  0.000000 0.000000 0.000000
60  1.986524 0.000013 -3.123742  -2.705260 -0.000000 -1.570797
61  -1.986693 0.000005 -3.123753  0.436333 0.000001 1.570797
62  -0.000001 -0.000003 -0.000009  0.000000 0.000000 0.000000
63  -1.986691 0.000013 -3.123743  0.436333 0.000001 1.570797
64  -11.344161 1.135888 0.869276  0.000002 -0.025019 -0.026324
65  1.986525 0.000021 -3.123738  -2.705260 -0.000000 -1.570797
66  -11.350047 -0.729427 0.864884  0.000197 -0.025367 0.026442
67  1.754238 4.036758 -1.682670  0.392575 -0.010120 -1.546362
68  -1.755139 4.036756 -1.682670  -0.392577 -0.010391 -1.594986
69  -0.164556 7.327706 3.928703  -0.000000 0.000001 -1.570796
70  0.079082 36.742687 -0.508023  0.000001 0.000000 0.000000
71  -1.260173 8.777409 6.736404  -0.000002 -0.424416 -3.141592
72  1.525193 18.283598 2.968621  0.000000 0.000000 0.000000
73  0.060217 10.324389 74.469055  0.000008 0.000000 0.000000
74  0.062809 75.917992 83.075432  1.570797 0.000000 -1.570796
75  4.804180 -3.971742 0.000001  -0.000000 0.000000 -0.000000
76  -7.041566 -5.025989 0.000001  -0.000000 -0.000000 -0.000000
77  8.407176 -3.978433 0.003056  -1.570796 1.570795 0.000000
78  10.376184 -3.978442 0.003056  -1.570796 1.570796 0.000000
79  10.194014 -0.314062 -1.749546  -1.570796 1.570796 0.000000
80  20.857885 -4.015560 0.000004  0.000000 -0.000000 -0.000000
81  3.258440 5.856961 -3.403523  -0.000000 -0.000000 -0.000000
82  15.153047 5.860582 -3.403520  0.000000 -0.000000 -0.000000
83  6.064258 77.294952 36.365795  1.570796 -0.000000 1.570796
84  -2.662412 1.445755 40.667957  -0.000000 3.141591 1.570796
85  8.352064 2.772898 0.000542  -3.141589 0.000002 0.000000
86  6.064255 72.973694 32.593250  1.570796 -0.000000 1.570796
87  0.004366 73.768417 -3.792007  0.000000 0.000000 0.000000
88  -0.442609 1.284880 8.535289  -0.000000 -0.000001 0.000000
89  0.000001 1.310214 -0.000000  0.000000 0.000000 0.000000
90  0.000001 0.582262 0.000000  0.000000 0.000000 0.000000
91  0.036298 1.284877 7.928797  -0.000000 -0.000001 0.000000
92  0.000000 1.310207 0.000000  0.000000 0.000000 0.000000
93  0.000000 0.582255 0.000000  0.000000 0.000000 0.000000
94  5.969324 3.427458 -6.170651  -0.000000 -0.000001 -1.570797
95  -1.310210 0.000003 0.000000  0.000000 0.000000 -0.000000
96  -0.582258 0.000001 0.000000  0.000000 0.000000 -0.000000
97  5.969322 9.397399 -6.170659  -0.000000 -0.000001 -1.570796
98  -1.310212 -0.000001 0.000003  0.000000 0.000000 -0.000000
99  -0.582260 -0.000001 0.000004  0.000000 0.000000 -0.000000
100  5.969322 15.223768 -6.170669  -0.000000 -0.000001 -1.570796
101  -1.310209 0.000003 0.000003  -0.000000 0.000000 -0.000000
102  -0.582257 0.000002 0.000001  -0.000000 0.000000 -0.000000
103  5.969323 20.835566 -6.170671  -0.000000 -0.000001 -1.570796
104  -1.310212 0.000002 0.000002  -0.000000 0.000000 -0.000000
105  -0.582264 0.000001 0.000002  -0.000000 0.000000 -0.000000
106  5.969325 26.771204 -6.170673  -0.000000 -0.000001 -1.570796
107  5.969322 32.597591 -6.170676  -0.000000 -0.000001 -1.570796
108  5.969325 38.209393 -6.170687  -0.000000 -0.000001 -1.570800
109  5.969323 49.488464 -6.170682  -0.000000 -0.000001 -1.570800
110  -0.539090 -0.556808 -0.017363  -0.042462 2.681156 1.551919
111  -6.799124 -0.556805 0.818550  -0.272420 2.701993 1.452460
112  -4.615283 -0.556820 0.270328  -0.117230 2.684609 1.518878
113  -2.650970 -0.556809 0.063011  -0.042463 2.681158 1.551919
114  27.110336 1.284857 12.007548  0.000000 -0.000000 0.000000
115  28.133425 1.284855 12.007547  0.000001 -0.000000 0.000000
116  12.812884 2.241783 12.007548  0.000000 -0.000001 -0.000001
117  -9.955968 -0.319621 4.380215  -0.000001 -0.000000 -0.000001
118  -11.316473 -0.319623 4.380214  -0.000003 -0.000000 -0.000000
119  -12.667811 -0.319621 4.380214  -0.000003 -0.000000 0.000001
120  -14.022141 -0.319623 4.380215  0.000010 -0.000000 -0.000011
121  -15.373240 -0.319619 4.380214  0.000015 -0.000000 -0.000015
122  -16.724142 -0.319620 4.380215  -0.000009 -0.000000 0.000006
123  -18.074574 -0.319621 4.380214  -0.000006 0.000000 0.000004
124  -19.423716 -0.319618 4.380214  0.000002 0.000000 -0.000004
125  -20.775270 -0.319619 4.380214  0.000003 0.000000 -0.000004
126  -22.126673 -0.319617 4.380215  0.000003 0.000000 -0.000004
127  -23.478125 -0.319619 4.380215  0.000005 0.000000 -0.000006
128  -24.830620 -0.319615 4.380215  0.000036 0.000000 -0.000038
129  -26.182030 -0.319615 4.380215  -0.000011 0.000000 0.000011
130  0.529180 -0.167129 0.629484  -0.101270 -0.000000 0.000000
131  -0.211444 -0.241684 0.155361  -0.145847 -0.000000 0.000000
132  0.529190 -0.280700 -0.110293  -0.145847 -0.000000 0.000000
133  -0.173926 -0.337327 -0.638496  -0.181751 -0.000000 0.000000
134  0.529188 -0.399245 -0.975393  -0.181751 -0.000000 0.000000
135  -0.211443 -0.464478 -1.431042  -0.192399 -0.000000 0.000000
136  0.529190 -0.515809 -1.694583  -0.192400 -0.000000 0.000000
137  -0.173927 -0.612154 -2.231912  -0.216703 -0.000000 0.000000
138  0.529189 -0.685808 -2.566440  -0.216703 -0.000000 0.000000
139  -0.211444 -0.769564 -3.027871  -0.237349 -0.000000 0.000000
140  0.529188 -0.832688 -3.288847  -0.237349 -0.000000 0.000000
141  -0.173937 -0.945281 -3.779563  -0.233859 0.000000 0.000000
142  0.529180 -1.024658 -4.112779  -0.233859 0.000000 0.000000
143  -0.211443 -1.132185 -4.577547  -0.262919 -0.000000 0.000000
144  0.529191 -1.201963 -4.836823  -0.262919 0.000000 0.000000
145  -0.000005 -2.810941 -10.636631  0.258454 0.000000 3.141592
146  -0.192455 -1.345781 -5.370046  -0.280373 0.000000 0.000000
147  0.533984 -1.413513 -5.605104  -0.276883 0.000000 0.000000
148  -0.206618 -1.795758 -6.909779  -0.287354 0.000000 0.000000
149  -0.205805 -1.564815 -6.138256  -0.290843 0.000000 0.000000
150  0.530459 -1.643674 -6.395214  -0.290844 0.000000 0.000000
151  0.535311 -1.790709 -7.204131  -0.287354 -0.000000 0.000000
152  -0.202704 -2.030488 -7.702829  -0.286180 -0.000000 0.000000
153  0.509548 -2.118899 -8.011625  -0.298398 -0.000000 0.000000
154  -0.202703 -2.255278 -8.465172  -0.283134 -0.000000 0.000000
155  0.509548 -2.352977 -8.771159  -0.295352 -0.000000 0.000000
156  -0.202705 -2.481595 -9.235470  -0.285437 -0.000000 0.000000
157  0.509546 -2.588684 -9.538639  -0.297653 -0.000000 0.000000
158  0.170123 -21.222094 -1.001141  -0.000001 -0.000001 0.000000
159  0.170123 -20.843863 -0.397183  -0.000001 -0.000001 0.000000
160  0.170123 -20.489750 -1.001141  -0.000001 -0.000001 0.000000
161  0.170124 -20.111069 -0.397182  -0.000001 -0.000001 0.000000
162  0.170123 -19.380091 -0.397187  -0.000001 -0.000001 0.000000
163  0.170124 -19.025110 -1.001145  -0.000001 -0.000001 0.000000
164  0.170123 -18.646660 -0.396447  -0.000001 -0.000001 0.000000
165  0.170124 -19.755762 -1.001143  -0.000001 -0.000001 0.000000
166  -0.015973 10.612516 2.686016  0.000001 0.000000 0.000000
167  0.059852 -50.160702 6.449380  1.570797 0.000000 -1.570797
168  0.064654 27.351290 72.195206  0.000000 -0.000000 -0.000001
169  6.064261 95.114006 31.645500  0.000000 -0.000001 1.570796
170  0.054184 102.845642 29.795361  -0.000000 0.000001 -1.570796
171  6.064255 69.096558 37.164318  1.570796 -0.000000 1.570796
172  1.974303 11.989235 4.589250  0.000000 0.000000 0.000000
173  -0.011481 23.944746 5.090361  0.000001 0.000000 0.000000
174  -1.691250 8.833342 5.763506  0.000001 0.000000 0.000000
175  6.064260 89.329796 31.613914  0.000000 -0.000001 1.570796
176  0.059887 2.255334 54.398006  0.000000 0.000000 0.000000
177  0.003495 -22.270643 0.000148  1.570797 0.000000 -1.570797
178  0.104010 15.380369 2.266152  0.000001 0.000000 0.000000
179  4.068578 -2.286350 1.381703  0.293644 0.293485 -0.722350
180  3.017462 6.829812 13.210037  1.182456 0.428929 -0.169338
181  -2.662411 1.445758 33.628738  -0.000000 3.141591 1.570796
182  8.352063 2.772896 0.000542  -3.141589 0.000002 0.000000
183  -2.662412 1.445755 40.667957  -0.000000 3.141591 1.570796
184  8.352064 2.772898 0.000542  -3.141589 0.000002 0.000000
185  -1.431355 16.384779 4.137811  0.000001 0.000000 0.000000
186  -0.001844 0.521683 -0.140290  0.000000 0.000000 0.000000
187  7.323109 -5.136193 -5.166237  0.000000 0.000000 -0.610865
188  2.698278 -0.000002 -0.000001  -0.000012 0.000000 0.000000
189  2.834158 0.000001 -0.000000  0.000013 0.000000 -0.000000
190  2.648917 -0.000001 0.000001  -0.000001 -0.000001 0.000000
191  2.667500 -0.000004 -0.000001  -0.000000 -0.000000 0.000000
192  2.426703 0.000004 -0.000001  0.000000 0.000000 -0.000000
193  -0.494743 -44.353443 -1.302300  1.570797 0.000000 -1.570797
194  11.545938 73.768417 -3.792010  0.000000 0.000000 0.000000
195  -0.066954 -10.025105 -0.912534  0.000000 0.000000 0.000000
196  0.000001 0.000002 -1.529052  -0.000000 0.000000 0.000000
197  -0.078941 0.000001 -0.000000  0.000000 0.000001 1.570796
198  0.097092 0.000001 -0.000001  -0.000000 -3.141592 1.570796
199  0.000000 0.000000 0.000000  0.000000 -0.000000 -0.000000
200  0.385060 -19.194977 4.828856  -1.125094 1.076277 -0.660753
201  33.623455 9.105437 -0.164158  -1.407498 0.650149 -0.143018
time 17
0  0 0 0  0 0 0
1  0.000000 0.000000 0.000000  0.000000 -0.000000 -0.000000
2  -0.000005 0.000023 -61.375507  0.000000 0.000000 -1.570795
3  -0.012872 0.000000 8.235020  -1.570799 -1.570796 0.000000
4  16.163128 -0.012870 -0.000002  -0.000000 -0.000000 0.000000
5  -0.000000 0.000000 -0.000005  0.000000 -0.000000 -0.000000
6  -0.000034 -0.000002 -0.000000  -0.234086 0.754440 0.572660
7  -0.000001 -0.000007 -0.000001  0.000000 0.000000 -0.572437
8  -0.000002 0.000002 0.000001  -0.028017 -0.000000 -0.000000
9  -0.000002 0.000002 0.000000  -0.056039 -0.000000 -0.000000
10  -0.000003 0.000001 0.000002  -0.084073 -0.000000 -0.000000
11  0.000001 0.000000 0.000004  -0.112123 0.000000 -0.000000
12  -0.000006 0.000002 -0.000000  -0.140134 -0.000000 -0.000000
13  -0.000006 0.000001 -0.000001  -0.168172 -0.000000 -0.000000
14  -0.000006 0.000001 -0.000001  -0.196244 -0.000000 -0.000000
15  -0.000003 0.000003 0.000004  -0.032003 -0.297104 -0.843447
16  -0.000010 -0.000005 -0.000001  0.217781 0.090899 -0.049746
17  -0.000003 -0.000001 0.000004  0.097314 0.035988 -0.326586
18  -0.000000 0.000002 0.000003  0.058445 0.026042 -0.358416
19  -0.000001 -0.000001 -0.000002  0.115640 0.137722 -0.641069
20  -0.000001 0.000002 -0.000001  -0.000000 -0.000000 0.154333
21  0.000001 0.000000 -0.000001  -0.000000 -0.000000 0.154333
22  -0.000006 -0.000002 -0.000003  -0.209953 0.205981 0.194897
23  3.672213 0.000003 -0.000004  0.000003 0.000001 0.142941
24  -0.000003 -0.000001 0.000000  -0.000000 -0.000000 -0.304529
25  0.000001 0.000000 -0.000002  -0.082977 0.060987 -0.203521
26  0.000004 0.000002 -0.000000  -0.000000 0.000000 -0.152925
27  2.496796 0.000004 0.000001  0.000000 0.000000 -0.091107
28  -0.000001 -0.000002 0.000001  -0.025831 0.343789 0.300085
29  -0.000002 0.000001 0.000002  -0.000000 0.000000 0.424956
30  2.199412 0.000001 0.000002  0.000001 0.000001 0.029263
31  0.000004 -0.000000 0.000003  0.480453 -0.000356 -0.000087
32  -0.000013 -0.000001 0.000001  0.573422 0.017088 0.000965
33  0.000002 0.000001 0.000000  0.000000 -0.000000 0.780882
34  0.000001 -0.000001 0.000000  -0.137319 0.000000 -0.000000
35  -0.000002 -0.000004 0.000000  -0.274736 0.000000 0.000000
36  -0.000003 -0.000002 0.000001  -0.412102 0.000000 0.000000
37  -0.000001 -0.000003 0.000001  -0.549444 -0.000000 0.000000
38  -0.000004 -0.000003 0.000000  -0.686843 0.000000 -0.000000
39  -0.000004 -0.000002 -0.000000  -0.824246 0.000000 -0.000000
40  -0.000002 -0.000004 0.000002  -0.961575 0.000000 0.000000
41  -0.000007 -0.000006 -0.000001  -0.804139 -0.336452 -0.407861
42  0.000006 -0.000000 -0.000003  0.154309 -0.064189 0.075357
43  3.954717 0.000012 0.000006  -0.000000 -0.000002 0.166320
44  -0.000001 0.000000 -0.000004  -0.000000 -0.000000 0.008871
45  0.000001 -0.000002 -0.000004  -0.147727 0.111941 0.730568
46  -0.000002 0.000001 0.000001  -0.000000 0.000000 0.112245
47  -0.000005 0.000001 0.000003  0.000000 -0.000000 0.112245
48  0.000001 -0.000001 -0.000004  -0.043105 -0.273057 -0.091606
49  -0.000002 -0.000001 -0.000001  -0.000000 -0.000000 -0.198237
50  0.000002 -0.000000 -0.000000  -0.000000 0.000000 0.378363
51  -0.000003 0.000000 -0.000003  -0.096911 -0.279201 -0.321343
52  0.000003 0.000001 0.000001  0.000000 -0.000000 -0.196734
53  0.000000 0.000003 0.000001  0.000000 0.000000 0.363335
54  -0.000003 0.000000 -0.000003  -0.155460 -0.324767 -0.636289
55  0.000001 -0.000000 -0.000001  0.000000 -0.000000 -0.231020
56  2.307434 0.000002 -0.000003  0.000002 0.000001 -0.056419
57  0.000000 0.000000 -0.000000  -0.029153 -0.004009 0.018128
58  28.286247 1.379669 3.987926  -0.983817 1.316785 0.606078
59  0.071250 114.357040 62.238792  0.000000 -0.000000 -0.000000
60  1.986523 0.000014 -3.123743  -2.705260 -0.000000 -1.570797
61  -1.986694 0.000011 -3.123751  0.436333 0.000001 1.570797
62  -0.000000 -0.000002 -0.000008  0.000000 -0.000000 -0.000000
63  -1.986697 0.000011 -3.123738  0.436333 0.000001 1.570797
64  -11.344152 1.135888 0.869284  0.000002 -0.025019 -0.026324
65  1.986522 0.000014 -3.123735  -2.705260 -0.000000 -1.570797
66  -11.350051 -0.729424 0.864884  0.000197 -0.025367 0.026442
67  1.754235 4.036747 -1.682665  0.392575 -0.010120 -1.546362
68  -1.755142 4.036755 -1.682669  -0.392577 -0.010391 -1.594986
69  -0.164556 7.327706 3.928702  0.000000 0.000001 -1.570796
70  0.079082 36.742695 -0.508023  0.000001 -0.000000 -0.000000
71  -1.260174 8.777411 6.736405  -0.000002 -0.424415 -3.141592
72  1.525193 18.283600 2.968621  0.000000 -0.000000 -0.000000
73  0.060218 10.324389 74.469063  0.000008 -0.000000 -0.000000
74  0.062808 75.918007 83.075447  1.570797 0.000000 -1.570796
75  4.804187 -3.971740 0.000001  -0.000000 0.000000 -0.000000
76  -7.041565 -5.025992 0.000002  -0.000000 -0.000000 -0.000000
77  8.407184 -3.978435 0.003054  -1.570796 1.570795 0.000000
78  10.376194 -3.978442 0.003055  -1.570796 1.570796 0.000000
79  10.194017 -0.314064 -1.749547  -1.570796 1.570796 0.000000
80  20.857889 -4.015563 0.000003  0.000000 -0.000000 -0.000000
81  3.258445 5.856962 -3.403524  -0.000000 -0.000000 -0.000000
82  15.153051 5.860583 -3.403522  0.000000 -0.000000 -0.000000
83  6.064255 77.294968 36.365795  1.570796 -0.000000 1.570796
84  -2.662411 1.445757 40.667957  0.000000 3.141591 1.570796
85  8.352066 2.772897 0.000540  -3.141589 0.000002 -0.000000
86  6.064255 72.973701 32.593250  1.570796 -0.000000 1.570796
87  0.004364 73.768425 -3.792007  0.000000 -0.000000 0.000000
88  -0.442609 1.284879 8.535290  0.000000 -0.000001 0.000000
89  0.000003 1.310205 -0.000001  0.000000 0.000000 0.000000
90  0.000003 0.582256 -0.000000  0.000000 0.000000 0.000000
91  0.036297 1.284884 7.928798  0.000000 -0.000001 0.000000
92  0.000001 1.310207 -0.000001  0.000000 0.000000 0.000000
93  -0.000001 0.582262 -0.000000  0.000000 0.000000 0.000000
94  5.969323 3.427457 -6.170650  -0.000000 -0.000001 -1.570797
95  -1.310210 0.000001 0.000000  0.000000 0.000000 -0.000000
96  -0.582260 -0.000001 0.000000  0.000000 -0.000000 -0.000000
97  5.969324 9.397399 -6.170659  -0.000000 -0.000001 -1.570796
98  -1.310207 -0.000002 0.000000  0.000000 0.000000 -0.000000
99  -0.582258 -0.000003 -0.000000  0.000000 0.000000 -0.000000
100  5.969323 15.223770 -6.170670  0.000000 -0.000001 -1.570796
101  -1.310209 -0.000000 0.000000  -0.000000 0.000000 -0.000000
102  -0.582263 -0.000003 0.000000  -0.000000 0.000000 -0.000000
103  5.969323 20.835571 -6.170671  0.000000 -0.000001 -1.570796
104  -1.310209 -0.000000 0.000000  -0.000000 0.000000 -0.000000
105  -0.582259 -0.000001 0.000002  -0.000000 0.000000 -0.000000
106  5.969323 26.771212 -6.170671  0.000000 -0.000001 -1.570796
107  5.969324 32.597591 -6.170674  0.000000 -0.000001 -1.570796
108  5.969323 38.209396 -6.170685  0.000000 -0.000001 -1.570800
109  5.969322 49.488468 -6.170683  0.000000 -0.000001 -1.570800
110  -0.539091 -0.556804 -0.017363  -0.042462 2.681156 1.551919
111  -6.799123 -0.556808 0.818550  -0.272420 2.701993 1.452460
112  -4.615283 -0.556821 0.270328  -0.117230 2.684609 1.518878
113  -2.650969 -0.556804 0.063010  -0.042463 2.681158 1.551919
114  27.110334 1.284859 12.007548  0.000000 -0.000000 0.000000
115  28.133427 1.284858 12.007546  0.000001 -0.000000 0.000000
116  12.812885 2.241785 12.007548  0.000000 -0.000001 -0.000001
117  -9.955967 -0.319625 4.380214  -0.000001 -0.000000 -0.000001
118  -11.316474 -0.319626 4.380215  -0.000003 -0.000000 0.000000
119  -12.667811 -0.319621 4.380215  -0.000003 -0.000000 0.000001
120  -14.022142 -0.319621 4.380215  0.000010 -0.000000 -0.000011
121  -15.373240 -0.319618 4.380214  0.000015 -0.000000 -0.000015
122  -16.724144 -0.319621 4.380214  -0.000009 -0.000000 0.000006
123  -18.074572 -0.319623 4.380214  -0.000006 -0.000000 0.000004
124  -19.423716 -0.319621 4.380214  0.000002 0.000000 -0.000004
125  -20.775270 -0.319618 4.380214  0.000003 0.000000 -0.000004
126  -22.126671 -0.319619 4.380215  0.000003 -0.000000 -0.000004
127  -23.478127 -0.319618 4.380215  0.000005 -0.000000 -0.000006
128  -24.830622 -0.319618 4.380215  0.000036 -0.000000 -0.000038
129  -26.182032 -0.319616 4.380215  -0.000011 0.000000 0.000011
130  0.529178 -0.167129 0.629484  -0.101270 -0.000000 0.000000
131  -0.211446 -0.241682 0.155361  -0.145847 -0.000000 0.000000
132  0.529191 -0.280706 -0.110293  -0.145847 -0.000000 0.000000
133  -0.173927 -0.337327 -0.638495  -0.181751 -0.000000 0.000000
134  0.529190 -0.399246 -0.975393  -0.181751 -0.000000 0.000000
135  -0.211445 -0.464476 -1.431042  -0.192399 -0.000000 0.000000
136  0.529189 -0.515809 -1.694583  -0.192399 -0.000000 0.000000
137  -0.173928 -0.612149 -2.231911  -0.216703 -0.000000 0.000000
138  0.529187 -0.685806 -2.566440  -0.216703 -0.000000 0.000000
139  -0.211446 -0.769559 -3.027870  -0.237349 -0.000000 0.000000
140  0.529189 -0.832689 -3.288847  -0.237349 -0.000000 0.000000
141  -0.173938 -0.945283 -3.779564  -0.233859 0.000000 0.000000
142  0.529179 -1.024658 -4.112780  -0.233859 0.000000 0.000000
143  -0.211443 -1.132186 -4.577548  -0.262919 -0.000000 0.000000
144  0.529189 -1.201962 -4.836825  -0.262919 0.000000 0.000000
145  -0.000005 -2.810940 -10.636629  0.258454 0.000000 3.141592
146  -0.192456 -1.345777 -5.370046  -0.280373 0.000000 0.000000
147  0.533983 -1.413512 -5.605104  -0.276883 0.000000 0.000000
148  -0.206618 -1.795763 -6.909778  -0.287354 0.000000 0.000000
149  -0.205805 -1.564817 -6.138256  -0.290843 0.000000 0.000000
150  0.530459 -1.643673 -6.395215  -0.290844 0.000000 0.000000
151  0.535313 -1.790710 -7.204133  -0.287354 -0.000000 0.000000
152  -0.202704 -2.030487 -7.702829  -0.286180 -0.000000 0.000000
153  0.509547 -2.118896 -8.011625  -0.298398 -0.000000 0.000000
154  -0.202704 -2.255279 -8.465173  -0.283134 -0.000000 0.000000
155  0.509547 -2.352980 -8.771158  -0.295352 -0.000000 0.000000
156  -0.202703 -2.481600 -9.235471  -0.285437 -0.000000 0.000000
157  0.509546 -2.588682 -9.538639  -0.297654 -0.000000 0.000000
158  0.170123 -21.222094 -1.001140  -0.000001 -0.000001 0.000000
159  0.170122 -20.843863 -0.397183  -0.000001 -0.000001 0.000000
160  0.170123 -20.489748 -1.001141  -0.000001 -0.000001 0.000000
161  0.170123 -20.111069 -0.397183  -0.000001 -0.000001 0.000000
162  0.170122 -19.380087 -0.397186  -0.000001 -0.000001 0.000000
163  0.170124 -19.025110 -1.001146  -0.000001 -0.000001 0.000000
164  0.170123 -18.646662 -0.396447  -0.000001 -0.000001 0.000000
165  0.170123 -19.755762 -1.001142  -0.000001 -0.000001 0.000000
166  -0.015973 10.612519 2.686017  0.000001 -0.000000 -0.000000
167  0.059850 -50.160698 6.449380  1.570797 0.000000 -1.570797
168  0.064654 27.351294 72.195213  0.000000 -0.000000 -0.000001
169  6.064260 95.114021 31.645500  -0.000000 -0.000001 1.570796
170  0.054183 102.845650 29.795362  0.000000 0.000001 -1.570796
171  6.064257 69.096573 37.164322  1.570796 -0.000000 1.570796
172  1.974302 11.989236 4.589251  0.000000 -0.000000 -0.000000
173  -0.011480 23.944748 5.090361  0.000001 -0.000000 0.000000
174  -1.691251 8.833345 5.763507  0.000001 -0.000000 -0.000000
175  6.064259 89.329811 31.613918  -0.000000 -0.000001 1.570796
176  0.059887 2.255337 54.398014  0.000000 -0.000000 -0.000000
177  0.003496 -22.270647 0.000147  1.570797 0.000000 -1.570797
178  0.104010 15.380373 2.266152  0.000001 -0.000000 -0.000000
179  4.068571 -2.286346 1.381703  0.293644 0.293485 -0.722350
180  3.029976 6.828777 13.226578  1.184524 0.429728 -0.169161
181  -2.662413 1.445760 33.628742  0.000000 3.141591 1.570796
182  8.352069 2.772897 0.000545  -3.141589 0.000002 -0.000000
183  -2.662411 1.445757 40.667957  0.000000 3.141591 1.570796
184  8.352066 2.772897 0.000540  -3.141589 0.000002 -0.000000
185  -1.431356 16.384781 4.137811  0.000001 -0.000000 0.000000
186  -0.001845 0.521684 -0.140290  0.000000 -0.000000 -0.000000
187  7.323109 -5.136192 -5.166237  0.000000 0.000000 -0.610865
188  2.698277 -0.000003 -0.000000  -0.000012 0.000000 0.000000
189  2.834158 -0.000002 -0.000000  0.000013 0.000000 -0.000000
190  2.648921 -0.000001 0.000001  -0.000001 -0.000001 0.000000
191  2.667496 -0.000004 -0.000000  -0.000000 0.000000 0.000000
192  2.426703 -0.000004 -0.000000  0.000000 0.000000 -0.000000
193  -0.494743 -44.353443 -1.302299  1.570797 0.000000 -1.570797
194  11.545937 73.768417 -3.792010  0.000000 -0.000000 -0.000000
195  -0.066954 -10.025107 -0.912534  0.000000 -0.000000 -0.000000
196  -0.000001 0.000003 -1.529052  -0.000000 -0.000000 -0.000000
197  -0.078941 -0.000006 0.000000  0.000000 0.000001 1.570796
198  0.097093 -0.000007 0.000000  -0.000000 -3.141592 1.570796
199  0.000000 0.000000 0.000000  0.000000 -0.000000 -0.000000
200  -0.983580 -15.162593 2.146459  -0.993121 1.104648 -0.682424
201  31.818787 7.783087 -2.445161  -1.323403 0.647176 -0.228989
time 18
0  0 0 0  0 0 0
1  0.000000 0.000000 0.000000  0.000000 -0.000000 -0.000000
2  -0.000005 0.000023 -61.375507  0.000000 0.000000 -1.570795
3  -0.012872 0.000000 8.235020  -1.570799 -1.570796 0.000000
4  16.163128 -0.012870 -0.000002  -0.000000 -0.000000 0.000000
5  -0.000000 0.000000 -0.000005  0.000000 -0.000000 -0.000000
6  -0.000034 -0.000002 -0.000000  -0.035532 0.747033 0.690359
7  0.000000 -0.000009 -0.000001  -0.000000 0.000000 -0.628668
8  -0.000004 0.000001 -0.000002  -0.031680 -0.000000 -0.000000
9  0.000005 0.000000 0.000001  -0.063367 -0.000000 -0.000000
10  -0.000000 -0.000000 0.000001  -0.095009 -0.000000 -0.000000
11  -0.000004 0.000001 -0.000001  -0.126737 0.000000 -0.000000
12  -0.000001 -0.000001 0.000001  -0.158435 -0.000000 -0.000000
13  -0.000005 -0.000001 -0.000001  -0.190111 -0.000000 -0.000000
14  -0.000003 -0.000000 -0.000003  -0.221775 -0.000000 -0.000000
15  -0.000005 0.000002 0.000000  -0.116121 -0.266056 -0.797293
16  -0.000007 -0.000003 -0.000002  0.217781 0.090899 -0.049746
17  -0.000004 -0.000001 0.000002  0.097314 0.035988 -0.326586
18  -0.000004 0.000002 0.000004  0.058445 0.026042 -0.358416
19  -0.000002 -0.000001 -0.000004  0.115640 0.137722 -0.641069
20  0.000002 0.000005 0.000000  0.000000 -0.000000 0.154333
21  0.000001 0.000001 0.000001  -0.000000 0.000000 0.154333
22  -0.000003 0.000001 -0.000003  -0.209953 0.205981 0.194897
23  3.672214 0.000003 0.000002  0.000003 0.000001 0.142941
24  0.000001 -0.000000 0.000002  -0.000000 -0.000000 -0.304529
25  0.000002 0.000001 -0.000003  -0.082977 0.060987 -0.203521
26  -0.000005 -0.000003 -0.000001  -0.000000 0.000000 -0.152925
27  2.496792 0.000006 -0.000000  0.000000 0.000000 -0.091107
28  -0.000002 -0.000002 -0.000001  -0.025831 0.343789 0.300085
29  0.000006 0.000003 0.000001  -0.000000 -0.000000 0.424956
30  2.199409 -0.000001 0.000001  0.000001 0.000001 0.029263
31  0.000004 -0.000000 0.000003  0.068680 -0.000000 0.000000
32  -0.000019 -0.000001 0.000001  0.578955 0.109490 -0.164549
33  -0.000003 0.000002 0.000000  0.000000 -0.000000 0.625973
34  -0.000003 -0.000001 -0.000000  -0.129244 0.000000 -0.000000
35  -0.000004 -0.000004 -0.000000  -0.258540 0.000000 0.000000
36  -0.000008 -0.000001 0.000001  -0.387876 0.000000 0.000000
37  -0.000007 -0.000000 0.000000  -0.517111 -0.000000 0.000000
38  -0.000008 0.000001 0.000001  -0.646408 0.000000 -0.000000
39  -0.000008 -0.000001 0.000000  -0.775737 0.000000 -0.000000
40  -0.000008 -0.000002 0.000001  -0.904984 -0.000000 0.000000
41  -0.000010 -0.000006 -0.000001  -0.752086 -0.301812 -0.361900
42  -0.000001 0.000000 0.000001  0.154547 -0.064299 0.075464
43  3.954720 0.000011 0.000006  -0.000000 -0.000002 0.166320
44  0.000002 -0.000001 -0.000000  -0.000000 -0.000000 0.008891
45  -0.000002 -0.000001 -0.000001  -0.147923 0.112200 0.731798
46  -0.000005 0.000002 -0.000000  0.000000 -0.000000 0.112428
47  -0.000003 0.000001 0.000001  0.000000 0.000000 0.112428
48  -0.000002 0.000000 0.000000  -0.043124 -0.273495 -0.091781
49  -0.000003 0.000001 -0.000001  0.000000 -0.000000 -0.198574
50  -0.000003 -0.000002 0.000000  0.000000 -0.000000 0.378984
51  -0.000002 0.000001 -0.000001  -0.096951 -0.279684 -0.321888
52  -0.000001 -0.000001 -0.000001  0.000000 -0.000000 -0.197041
53  0.000005 0.000001 -0.000001  0.000000 0.000000 0.363955
54  -0.000006 0.000001 0.000001  -0.155517 -0.325377 -0.637316
55  -0.000004 0.000002 -0.000000  0.000000 -0.000000 -0.231419
56  2.307435 -0.000000 -0.000001  0.000002 0.000001 -0.056419
57  0.000000 0.000000 -0.000000  -0.028443 0.000220 0.015502
58  25.351273 0.742104 0.553685  -0.753532 1.252331 0.680022
59  0.071250 114.357040 62.238792  -0.000000 -0.000000 -0.000000
60  1.986526 0.000020 -3.123737  -2.705260 -0.000000 -1.570797
61  -1.986694 0.000026 -3.123750  0.436333 0.000001 1.570797
62  -0.000001 0.000006 -0.000002  0.000000 -0.000000 -0.000000
63  -1.986691 0.000008 -3.123748  0.436333 0.000001 1.570797
64  -11.344146 1.135886 0.869271  0.000002 -0.025019 -0.026324
65  1.986527 0.000010 -3.123744  -2.705260 -0.000000 -1.570797
66  -11.350051 -0.729425 0.864885  0.000197 -0.025367 0.026442
67  1.754237 4.036755 -1.682678  0.392575 -0.010120 -1.546362
68  -1.755137 4.036750 -1.682677  -0.392577 -0.010391 -1.594986
69  -0.164556 7.327702 3.928703  0.000000 0.000001 -1.570796
70  0.079081 36.742691 -0.508023  0.000001 -0.000000 -0.000000
71  -1.260173 8.777407 6.736406  -0.000002 -0.424416 -3.141592
72  1.525192 18.283598 2.968622  0.000000 -0.000000 -0.000000
73  0.060219 10.324389 74.469063  0.000008 -0.000000 -0.000000
74  0.062809 75.918007 83.075439  1.570797 -0.000000 -1.570796
75  4.804181 -3.971745 0.000000  -0.000000 0.000000 -0.000000
76  -7.041567 -5.025995 -0.000001  -0.000000 -0.000000 -0.000000
77  8.407178 -3.978437 0.003052  -1.570796 1.570795 0.000000
78  10.376187 -3.978448 0.003054  -1.570796 1.570796 0.000000
79  10.194015 -0.314066 -1.749551  -1.570796 1.570796 0.000000
80  20.857885 -4.015563 0.000000  0.000000 -0.000000 0.000000
81  3.258443 5.856953 -3.403527  -0.000000 -0.000000 -0.000000
82  15.153049 5.860579 -3.403523  -0.000000 -0.000000 -0.000000
83  6.064256 77.294960 36.365795  1.570796 0.000000 1.570796
84  -2.662411 1.445753 40.667961  0.000000 3.141591 1.570796
85  8.352066 2.772898 0.000541  -3.141589 0.000002 0.000000
86  6.064260 72.973686 32.593250  1.570796 0.000000 1.570796
87  0.004365 73.768417 -3.792008  0.000000 -0.000000 0.000000
88  -0.442609 1.284886 8.535288  -0.000000 -0.000001 0.000000
89  -0.000000 1.310209 -0.000002  0.000000 -0.000000 0.000000
90  0.000000 0.582258 -0.000001  0.000000 -0.000000 0.000000
91  0.036297 1.284882 7.928798  -0.000000 -0.000001 0.000000
92  0.000001 1.310209 -0.000001  0.000000 -0.000000 0.000000
93  -0.000001 0.582261 -0.000001  0.000000 -0.000000 0.000000
94  5.969322 3.427463 -6.170651  -0.000000 -0.000001 -1.570797
95  -1.310212 0.000000 0.000000  0.000000 0.000000 -0.000000
96  -0.582264 -0.000001 0.000000  0.000000 -0.000000 -0.000000
97  5.969321 9.397402 -6.170659  -0.000000 -0.000001 -1.570796
98  -1.310216 -0.000000 0.000000  0.000000 0.000000 -0.000000
99  -0.582268 -0.000001 -0.000001  0.000000 0.000000 -0.000000
100  5.969323 15.223769 -6.170671  0.000000 -0.000001 -1.570796
101  -1.310210 0.000001 0.000001  -0.000000 0.000000 -0.000000
102  -0.582262 -0.000000 0.000000  -0.000000 0.000000 -0.000000
103  5.969322 20.835575 -6.170671  0.000000 -0.000001 -1.570796
104  -1.310202 0.000003 0.000001  -0.000000 0.000000 -0.000000
105  -0.582258 0.000003 0.000003  -0.000000 0.000000 -0.000000
106  5.969323 26.771215 -6.170673  0.000000 -0.000001 -1.570796
107  5.969319 32.597595 -6.170675  0.000000 -0.000001 -1.570796
108  5.969324 38.209393 -6.170685  0.000000 -0.000001 -1.570800
109  5.969322 49.488468 -6.170686  0.000000 -0.000001 -1.570800
110  -0.539090 -0.556804 -0.017364  -0.042462 2.681156 1.551919
111  -6.799122 -0.556806 0.818549  -0.272420 2.701993 1.452460
112  -4.615283 -0.556822 0.270328  -0.117230 2.684609 1.518878
113  -2.650969 -0.556803 0.063009  -0.042463 2.681158 1.551919
114  27.110336 1.284859 12.007547  -0.000000 -0.000000 -0.000000
115  28.133419 1.284861 12.007546  0.000001 -0.000000 -0.000000
116  12.812885 2.241789 12.007549  0.000000 -0.000001 -0.000001
117  -9.955968 -0.319618 4.380213  -0.000001 -0.000000 -0.000001
118  -11.316475 -0.319617 4.380213  -0.000003 -0.000000 -0.000000
119  -12.667811 -0.319616 4.380213  -0.000003 -0.000000 0.000001
120  -14.022141 -0.319615 4.380214  0.000010 -0.000000 -0.000011
121  -15.373239 -0.319618 4.380213  0.000015 -0.000000 -0.000015
122  -16.724142 -0.319614 4.380212  -0.000009 -0.000000 0.000006
123  -18.074574 -0.319614 4.380212  -0.000006 -0.000000 0.000004
124  -19.423716 -0.319616 4.380214  0.000002 0.000000 -0.000004
125  -20.775270 -0.319616 4.380213  0.000003 0.000000 -0.000004
126  -22.126671 -0.319614 4.380212  0.000003 -0.000000 -0.000004
127  -23.478123 -0.319613 4.380214  0.000005 -0.000000 -0.000006
128  -24.830620 -0.319613 4.380214  0.000036 0.000000 -0.000038
129  -26.182028 -0.319613 4.380213  -0.000011 -0.000000 0.000011
130  0.529179 -0.167126 0.629484  -0.101270 -0.000000 0.000000
131  -0.211443 -0.241681 0.155361  -0.145847 -0.000000 0.000000
132  0.529188 -0.280694 -0.110293  -0.145847 -0.000000 0.000000
133  -0.173927 -0.337324 -0.638497  -0.181751 -0.000000 0.000000
134  0.529189 -0.399243 -0.975394  -0.181751 -0.000000 0.000000
135  -0.211445 -0.464474 -1.431043  -0.192399 -0.000000 0.000000
136  0.529190 -0.515805 -1.694583  -0.192400 -0.000000 0.000000
137  -0.173930 -0.612150 -2.231911  -0.216703 -0.000000 0.000000
138  0.529188 -0.685805 -2.566440  -0.216703 -0.000000 0.000000
139  -0.211446 -0.769556 -3.027870  -0.237349 -0.000000 0.000000
140  0.529188 -0.832688 -3.288847  -0.237349 -0.000000 0.000000
141  -0.173938 -0.945278 -3.779564  -0.233859 0.000000 0.000000
142  0.529178 -1.024656 -4.112781  -0.233859 0.000000 0.000000
143  -0.211442 -1.132181 -4.577548  -0.262919 -0.000000 0.000000
144  0.529190 -1.201959 -4.836825  -0.262919 0.000000 0.000000
145  -0.000006 -2.810938 -10.636630  0.258454 0.000000 3.141592
146  -0.192455 -1.345774 -5.370046  -0.280373 0.000000 0.000000
147  0.533985 -1.413509 -5.605105  -0.276883 0.000000 0.000000
148  -0.206621 -1.795753 -6.909780  -0.287354 0.000000 0.000000
149  -0.205805 -1.564815 -6.138257  -0.290843 0.000000 0.000000
150  0.530459 -1.643673 -6.395216  -0.290844 0.000000 0.000000
151  0.535312 -1.790707 -7.204133  -0.287354 -0.000000 0.000000
152  -0.202705 -2.030482 -7.702830  -0.286180 -0.000000 0.000000
153  0.509550 -2.118893 -8.011624  -0.298398 -0.000000 0.000000
154  -0.202705 -2.255276 -8.465172  -0.283134 -0.000000 0.000000
155  0.509546 -2.352977 -8.771159  -0.295352 -0.000000 0.000000
156  -0.202704 -2.481593 -9.235471  -0.285437 -0.000000 0.000000
157  0.509547 -2.588680 -9.538638  -0.297653 -0.000000 0.000000
158  0.170122 -21.222088 -1.001140  -0.000001 -0.000001 0.000000
159  0.170122 -20.843861 -0.397183  -0.000001 -0.000001 0.000000
160  0.170122 -20.489742 -1.001141  -0.000001 -0.000001 0.000000
161  0.170123 -20.111065 -0.397183  -0.000001 -0.000001 0.000000
162  0.170122 -19.380085 -0.397187  -0.000001 -0.000001 0.000000
163  0.170123 -19.025101 -1.001146  -0.000001 -0.000001 0.000000
164  0.170123 -18.646656 -0.396449  -0.000001 -0.000001 0.000000
165  0.170123 -19.755756 -1.001142  -0.000001 -0.000001 0.000000
166  -0.015972 10.612516 2.686018  0.000001 -0.000000 -0.000000
167  0.059852 -50.160709 6.449381  1.570797 -0.000000 -1.570797
168  0.064655 27.351290 72.195206  -0.000000 -0.000000 -0.000001
169  6.064261 95.114021 31.645502  -0.000000 -0.000001 1.570796
170  0.054185 102.845650 29.795359  0.000000 0.000001 -1.570796
171  6.064257 69.096565 37.164318  1.570796 0.000000 1.570796
172  1.974303 11.989231 4.589250  0.000000 -0.000000 -0.000000
173  -0.011480 23.944746 5.090361  0.000001 -0.000000 0.000000
174  -1.691250 8.833340 5.763507  0.000001 -0.000000 -0.000000
175  6.064260 89.329811 31.613920  -0.000000 -0.000001 1.570796
176  0.059887 2.255332 54.398014  -0.000000 -0.000000 -0.000000
177  0.003498 -22.270645 0.000141  1.570797 -0.000000 -1.570797
178  0.104010 15.380370 2.266153  0.000001 -0.000000 -0.000000
179  4.068562 -2.286347 1.381703  0.293644 0.293485 -0.722350
180  3.042494 6.827739 13.243115  1.186600 0.430492 -0.168927
181  -2.662411 1.445757 33.628746  0.000000 3.141591 1.570796
182  8.352067 2.772897 0.000545  -3.141589 0.000002 0.000000
183  -2.662411 1.445753 40.667961  0.000000 3.141591 1.570796
184  8.352066 2.772898 0.000541  -3.141589 0.000002 0.000000
185  -1.431356 16.384779 4.137812  0.000001 -0.000000 0.000000
186  -0.001844 0.521682 -0.140289  0.000000 -0.000000 -0.000000
187  7.323110 -5.136194 -5.166236  -0.000000 0.000000 -0.610865
188  2.698279 -0.000001 0.000000  -0.000012 0.000000 0.000000
189  2.834159 -0.000003 -0.000000  0.000013 0.000000 0.000000
190  2.648912 -0.000001 0.000001  -0.000001 -0.000001 0.000000
191  2.667495 -0.000003 -0.000000  0.000000 0.000000 -0.000000
192  2.426701 -0.000004 -0.000001  0.000000 0.000000 -0.000000
193  -0.494742 -44.353451 -1.302298  1.570797 -0.000000 -1.570797
194  11.545940 73.768417 -3.792009  0.000000 -0.000000 -0.000000
195  -0.066955 -10.025106 -0.912533  -0.000000 -0.000000 -0.000000
196  -0.000001 0.000003 -1.529052  -0.000000 -0.000000 -0.000000
197  -0.078943 0.000004 -0.000000  0.000000 0.000001 1.570796
198  0.097092 0.000002 0.000000  -0.000000 -3.141592 1.570796
199  0.000000 0.000000 0.000000  0.000000 -0.000000 -0.000000
200  -2.105405 -10.688671 -0.613577  -0.809953 1.151355 -0.666108
201  29.413567 6.616208 -5.509212  -1.209543 0.659154 -0.306935
time 19
0  0 0 0  0 0 0
1  0.000000 0.000000 0.000000  0.000000 -0.000000 -0.000000
2  -0.000005 0.000023 -61.375507  0.000000 0.000000 -1.570795
3  -0.012872 0.000000 8.235020  -1.570799 -1.570796 0.000000
4  16.163128 -0.012870 -0.000002  -0.000000 -0.000000 0.000000
5  -0.000000 0.000000 -0.000005  0.000000 -0.000000 -0.000000
6  -0.000034 -0.000002 -0.000000  0.197231 0.713655 0.833256
7  0.000002 -0.000006 0.000007  0.000000 0.000000 -0.685806
8  0.000003 0.000000 -0.000000  -0.033328 -0.000000 -0.000000
9  0.000004 -0.000000 -0.000001  -0.066726 -0.000000 -0.000000
10  0.000002 -0.000001 0.000000  -0.100142 -0.000000 -0.000000
11  0.000002 -0.000000 0.000001  -0.133526 -0.000000 -0.000000
12  -0.000001 0.000000 -0.000002  -0.166886 -0.000000 -0.000000
13  -0.000001 -0.000001 -0.000002  -0.200231 -0.000000 -0.000000
14  0.000002 -0.000002 -0.000000  -0.233632 -0.000000 -0.000000
15  0.000001 0.000001 0.000002  -0.185394 -0.216802 -0.755904
16  -0.000006 -0.000001 0.000003  0.217781 0.090899 -0.049746
17  -0.000002 0.000002 0.000008  0.097314 0.035988 -0.326586
18  -0.000006 -0.000003 0.000002  0.058445 0.026042 -0.358416
19  -0.000000 0.000003 0.000001  0.115639 0.137722 -0.641069
20  -0.000001 0.000001 -0.000002  -0.000000 -0.000000 0.154333
21  0.000000 -0.000001 -0.000000  0.000000 0.000000 0.154333
22  -0.000007 0.000000 -0.000001  -0.209953 0.205981 0.194897
23  3.672213 0.000004 -0.000001  0.000003 0.000001 0.142941
24  -0.000000 0.000000 -0.000002  0.000000 -0.000000 -0.304529
25  0.000000 0.000003 0.000000  -0.082977 0.060987 -0.203521
26  -0.000002 0.000002 0.000000  -0.000000 0.000000 -0.152925
27  2.496797 0.000003 0.000001  0.000000 0.000000 -0.091107
28  -0.000001 0.000001 0.000003  -0.025831 0.343789 0.300085
29  -0.000000 0.000001 -0.000000  -0.000000 0.000000 0.424956
30  2.199411 -0.000001 0.000006  0.000001 0.000001 0.029263
31  0.000004 -0.000000 0.000003  -0.278434 0.000181 -0.000025
32  -0.000022 -0.000001 0.000001  0.601686 0.203349 -0.241654
33  -0.000002 0.000003 -0.000000  0.000000 -0.000000 0.433077
34  -0.000002 -0.000000 -0.000000  -0.123312 0.000000 -0.000000
35  -0.000006 -0.000002 0.000000  -0.246665 0.000000 0.000000
36  -0.000006 -0.000001 0.000001  -0.369977 0.000000 0.000000
37  -0.000002 -0.000001 0.000000  -0.493346 -0.000000 0.000000
38  -0.000010 0.000000 0.000000  -0.616678 -0.000000 -0.000000
39  -0.000006 -0.000001 0.000000  -0.740062 -0.000000 -0.000000
40  -0.000006 -0.000002 0.000001  -0.863385 0.000000 0.000000
41  -0.000010 -0.000004 -0.000001  -0.698335 -0.297020 -0.299290
42  -0.000002 0.000001 0.000000  0.154785 -0.064439 0.075569
43  3.954721 0.000011 0.000004  -0.000000 -0.000002 0.166320
44  0.000003 -0.000001 -0.000001  -0.000000 -0.000000 0.008911
45  -0.000005 -0.000001 -0.000002  -0.148019 0.112395 0.732772
46  -0.000003 0.000000 0.000001  0.000000 -0.000000 0.112550
47  -0.000003 -0.000001 0.000001  0.000000 0.000000 0.112551
48  -0.000006 -0.000000 -0.000001  -0.043217 -0.273872 -0.091886
49  -0.000001 -0.000000 -0.000001  0.000000 -0.000000 -0.198820
50  0.000002 0.000001 -0.000001  0.000000 0.000000 0.379482
51  -0.000014 -0.000001 0.000000  -0.097018 -0.280100 -0.322306
52  -0.000002 0.000002 0.000000  0.000000 -0.000000 -0.197348
53  0.000001 0.000003 -0.000002  0.000000 0.000000 0.364451
54  -0.000014 -0.000001 0.000000  -0.155633 -0.325859 -0.638206
55  0.000001 -0.000003 0.000000  0.000000 0.000000 -0.231727
56  2.307434 0.000004 -0.000002  0.000002 0.000001 -0.056419
57  0.000000 0.000000 -0.000000  -0.026402 0.004439 0.012577
58  22.021282 0.382156 -3.553553  -0.521929 1.175118 0.749692
59  0.071244 114.357025 62.238789  0.000000 -0.000000 -0.000000
60  1.986519 0.000009 -3.123739  -2.705260 -0.000000 -1.570797
61  -1.986698 0.000005 -3.123750  0.436333 0.000001 1.570797
62  -0.000007 -0.000007 -0.000010  0.000000 -0.000000 -0.000000
63  -1.986696 0.000004 -3.123744  0.436333 0.000001 1.570797
64  -11.344159 1.135888 0.869280  0.000002 -0.025019 -0.026324
65  1.986522 0.000014 -3.123734  -2.705260 -0.000000 -1.570797
66  -11.350046 -0.729424 0.864890  0.000197 -0.025367 0.026442
67  1.754233 4.036749 -1.682676  0.392575 -0.010120 -1.546362
68  -1.755143 4.036752 -1.682675  -0.392577 -0.010391 -1.594986
69  -0.164556 7.327704 3.928702  0.000000 0.000001 -1.570796
70  0.079080 36.742691 -0.508024  0.000001 -0.000000 -0.000000
71  -1.260174 8.777411 6.736405  -0.000002 -0.424415 -3.141592
72  1.525192 18.283598 2.968621  0.000000 -0.000000 -0.000000
73  0.060214 10.324389 74.469048  0.000008 -0.000000 -0.000000
74  0.062804 75.917992 83.075424  1.570797 -0.000000 -1.570796
75  4.804191 -3.971750 0.000004  -0.000000 0.000000 -0.000001
76  -7.041562 -5.025994 0.000002  -0.000000 -0.000000 -0.000000
77  8.407187 -3.978439 0.003058  -1.570796 1.570795 0.000000
78  10.376193 -3.978439 0.003057  -1.570796 1.570796 0.000000
79  10.194023 -0.314064 -1.749547  -1.570796 1.570796 0.000000
80  20.857893 -4.015563 0.000004  0.000000 -0.000000 -0.000000
81  3.258445 5.856952 -3.403522  -0.000000 -0.000000 -0.000000
82  15.153055 5.860581 -3.403517  0.000000 -0.000000 -0.000000
83  6.064252 77.294952 36.365788  1.570796 -0.000000 1.570796
84  -2.662413 1.445756 40.667953  0.000000 3.141591 1.570796
85  8.352061 2.772898 0.000544  -3.141589 0.000002 0.000000
86  6.064251 72.973694 32.593243  1.570796 -0.000000 1.570796
87  0.004363 73.768417 -3.792008  0.000000 -0.000000 0.000000
88  -0.442612 1.284884 8.535289  -0.000000 -0.000001 0.000000
89  0.000002 1.310210 -0.000001  0.000000 -0.000000 0.000000
90  0.000003 0.582258 -0.000002  0.000000 -0.000000 0.000000
91  0.036294 1.284888 7.928798  -0.000000 -0.000001 0.000000
92  0.000003 1.310213 -0.000002  0.000000 0.000000 0.000000
93  0.000002 0.582262 -0.000000  0.000000 0.000000 0.000000
94  5.969320 3.427464 -6.170652  -0.000001 -0.000001 -1.570797
95  -1.310213 -0.000001 -0.000000  0.000000 0.000000 -0.000000
96  -0.582265 -0.000003 0.000000  0.000000 0.000000 -0.000000
97  5.969320 9.397404 -6.170658  -0.000001 -0.000001 -1.570796
98  -1.310211 0.000003 0.000000  0.000000 0.000000 -0.000000
99  -0.582259 0.000000 -0.000000  0.000000 0.000000 -0.000000
100  5.969318 15.223774 -6.170671  -0.000000 -0.000001 -1.570796
101  -1.310207 0.000000 -0.000001  -0.000000 0.000000 -0.000000
102  -0.582260 -0.000003 0.000000  -0.000000 0.000000 -0.000000
103  5.969317 20.835577 -6.170672  -0.000000 -0.000001 -1.570796
104  -1.310209 0.000003 -0.000001  -0.000000 0.000000 -0.000000
105  -0.582258 0.000002 0.000000  -0.000000 0.000000 -0.000000
106  5.969319 26.771206 -6.170671  -0.000000 -0.000001 -1.570796
107  5.969317 32.597607 -6.170674  -0.000000 -0.000001 -1.570796
108  5.969317 38.209408 -6.170688  -0.000000 -0.000001 -1.570800
109  5.969318 49.488468 -6.170685  -0.000000 -0.000001 -1.570800
110  -0.539093 -0.556806 -0.017363  -0.042462 2.681156 1.551919
111  -6.799128 -0.556798 0.818549  -0.272420 2.701993 1.452460
112  -4.615286 -0.556818 0.270326  -0.117230 2.684609 1.518878
113  -2.650973 -0.556806 0.063010  -0.042463 2.681158 1.551919
114  27.110332 1.284863 12.007545  0.000000 -0.000000 -0.000000
115  28.133419 1.284862 12.007545  0.000001 -0.000000 -0.000000
116  12.812883 2.241791 12.007547  -0.000000 -0.000001 -0.000001
117  -9.955970 -0.319618 4.380214  -0.000001 -0.000000 -0.000001
118  -11.316477 -0.319620 4.380215  -0.000003 -0.000000 -0.000000
119  -12.667813 -0.319621 4.380216  -0.000003 -0.000000 0.000001
120  -14.022144 -0.319621 4.380216  0.000010 -0.000000 -0.000011
121  -15.373242 -0.319618 4.380213  0.000015 -0.000000 -0.000015
122  -16.724144 -0.319616 4.380215  -0.000009 -0.000000 0.000006
123  -18.074574 -0.319618 4.380214  -0.000006 0.000000 0.000004
124  -19.423717 -0.319614 4.380216  0.000002 0.000000 -0.000004
125  -20.775272 -0.319616 4.380215  0.000003 0.000000 -0.000004
126  -22.126675 -0.319616 4.380214  0.000003 0.000000 -0.000004
127  -23.478127 -0.319618 4.380214  0.000005 0.000000 -0.000006
128  -24.830624 -0.319614 4.380215  0.000036 0.000000 -0.000038
129  -26.182030 -0.319615 4.380214  -0.000011 0.000000 0.000011
130  0.529176 -0.167125 0.629484  -0.101270 -0.000000 0.000000
131  -0.211446 -0.241681 0.155360  -0.145847 -0.000000 0.000000
132  0.529187 -0.280697 -0.110291  -0.145847 -0.000000 -0.000000
133  -0.173931 -0.337322 -0.638497  -0.181751 -0.000000 0.000000
134  0.529186 -0.399243 -0.975394  -0.181751 -0.000000 0.000000
135  -0.211448 -0.464476 -1.431042  -0.192399 -0.000000 0.000000
136  0.529186 -0.515802 -1.694583  -0.192400 -0.000000 0.000000
137  -0.173932 -0.612146 -2.231913  -0.216703 -0.000000 0.000000
138  0.529183 -0.685802 -2.566441  -0.216703 -0.000000 0.000000
139  -0.211445 -0.769562 -3.027870  -0.237349 -0.000000 0.000000
140  0.529185 -0.832681 -3.288849  -0.237349 -0.000000 0.000000
141  -0.173938 -0.945277 -3.779563  -0.233859 0.000000 0.000000
142  0.529175 -1.024653 -4.112780  -0.233859 0.000000 0.000000
143  -0.211447 -1.132183 -4.577548  -0.262919 -0.000000 0.000000
144  0.529188 -1.201961 -4.836826  -0.262919 0.000000 0.000000
145  -0.000009 -2.810933 -10.636631  0.258454 0.000000 3.141592
146  -0.192458 -1.345774 -5.370045  -0.280373 0.000000 0.000000
147  0.533982 -1.413507 -5.605104  -0.276883 0.000000 0.000000
148  -0.206621 -1.795761 -6.909780  -0.287354 0.000000 0.000000
149  -0.205808 -1.564814 -6.138258  -0.290843 0.000000 0.000000
150  0.530456 -1.643675 -6.395216  -0.290844 0.000000 0.000000
151  0.535309 -1.790706 -7.204133  -0.287354 -0.000000 0.000000
152  -0.202705 -2.030483 -7.702830  -0.286180 -0.000000 0.000000
153  0.509544 -2.118891 -8.011625  -0.298398 -0.000000 0.000000
154  -0.202704 -2.255278 -8.465172  -0.283134 -0.000000 0.000000
155  0.509546 -2.352976 -8.771160  -0.295352 -0.000000 0.000000
156  -0.202706 -2.481592 -9.235472  -0.285437 -0.000000 0.000000
157  0.509544 -2.588677 -9.538638  -0.297654 -0.000000 0.000000
158  0.170119 -21.222088 -1.001141  -0.000001 -0.000001 0.000000
159  0.170121 -20.843863 -0.397182  -0.000001 -0.000001 0.000000
160  0.170118 -20.489740 -1.001142  -0.000001 -0.000001 0.000000
161  0.170121 -20.111067 -0.397182  -0.000001 -0.000001 0.000000
162  0.170120 -19.380083 -0.397188  -0.000001 -0.000001 0.000000
163  0.170119 -19.025105 -1.001145  -0.000001 -0.000001 0.000000
164  0.170120 -18.646654 -0.396447  -0.000001 -0.000001 0.000000
165  0.170121 -19.755753 -1.001143  -0.000001 -0.000001 0.000000
166  -0.015973 10.612517 2.686016  0.000001 -0.000000 -0.000000
167  0.059851 -50.160694 6.449378  1.570797 -0.000000 -1.570797
168  0.064649 27.351288 72.195198  0.000000 -0.000000 -0.000001
169  6.064257 95.114006 31.645496  0.000000 -0.000001 1.570796
170  0.054184 102.845627 29.795364  0.000000 0.000001 -1.570796
171  6.064252 69.096558 37.164310  1.570796 -0.000000 1.570796
172  1.974302 11.989234 4.589249  0.000001 -0.000000 -0.000000
173  -0.011481 23.944744 5.090361  0.000001 -0.000000 0.000000
174  -1.691251 8.833344 5.763506  0.000001 -0.000000 -0.000000
175  6.064258 89.329803 31.613916  0.000000 -0.000001 1.570796
176  0.059888 2.255335 54.398006  0.000000 -0.000000 -0.000000
177  0.003498 -22.270638 0.000150  1.570797 -0.000000 -1.570797
178  0.104009 15.380370 2.266152  0.000001 -0.000000 -0.000000
179  4.068552 -2.286336 1.381704  0.293644 0.293485 -0.722350
180  3.052683 6.826891 13.256556  1.188271 0.431171 -0.168814
181  -2.662412 1.445759 33.628738  0.000000 3.141591 1.570796
182  8.352066 2.772897 0.000543  -3.141589 0.000002 0.000000
183  -2.662413 1.445756 40.667953  0.000000 3.141591 1.570796
184  8.352061 2.772898 0.000544  -3.141589 0.000002 0.000000
185  -1.431356 16.384779 4.137811  0.000001 -0.000000 0.000000
186  -0.001845 0.521685 -0.140290  0.000000 -0.000000 -0.000000
187  7.323107 -5.136188 -5.166237  0.000000 0.000000 -0.610865
188  2.698277 -0.000001 0.000001  -0.000012 0.000000 0.000000
189  2.834158 -0.000003 0.000000  0.000013 0.000000 -0.000000
190  2.648917 -0.000000 -0.000001  -0.000001 -0.000001 0.000000
191  2.667497 -0.000002 -0.000002  0.000000 0.000000 0.000000
192  2.426705 -0.000006 0.000001  0.000000 0.000000 -0.000000
193  -0.494742 -44.353443 -1.302299  1.570797 0.000000 -1.570797
194  11.545935 73.768410 -3.792009  0.000000 -0.000000 -0.000000
195  -0.066955 -10.025102 -0.912534  0.000000 -0.000000 -0.000000
196  -0.000000 0.000002 -1.529052  -0.000000 -0.000000 -0.000000
197  -0.078942 0.000001 -0.000000  0.000000 0.000001 1.570796
198  0.097091 0.000001 0.000000  -0.000000 -3.141592 1.570796
199  0.000000 0.000000 0.000000  0.000000 -0.000000 -0.000000
200  -2.929252 -6.269514 -2.997228  -0.563765 1.213025 -0.587362
201  26.495764 5.725376 -9.287189  -1.072860 0.691480 -0.368978
time 20
0  0 0 0  0 0 0
1  0.000000 0.000000 0.000000  0.000000 -0.000000 -0.000000
2  -0.000005 0.000023 -61.375507  0.000000 0.000000 -1.570795
3  -0.012872 0.000000 8.235020  -1.570799 -1.570796 0.000000
4  16.163128 -0.012870 -0.000002  -0.000000 -0.000000 0.000000
5  -0.000000 0.000000 -0.000005  0.000000 -0.000000 -0.000000
6  -0.000034 -0.000002 -0.000000  0.439333 0.648771 0.979241
7  -0.000003 -0.000005 -0.000001  0.000000 0.000000 -0.725483
8  -0.000003 0.000000 0.000003  -0.032900 -0.000000 -0.000000
9  0.000002 0.000000 0.000004  -0.065871 -0.000000 -0.000000
10  -0.000005 0.000001 -0.000000  -0.098798 -0.000000 -0.000000
11  -0.000004 0.000000 0.000004  -0.131752 0.000000 -0.000000
12  -0.000005 0.000001 -0.000001  -0.164681 -0.000000 -0.000000
13  -0.000005 -0.000001 -0.000001  -0.197654 -0.000000 -0.000000
14  -0.000005 -0.000000 -0.000001  -0.230559 -0.000000 -0.000000
15  -0.000004 0.000002 0.000005  -0.235038 -0.154322 -0.733077
16  -0.000007 -0.000001 -0.000005  0.217781 0.090899 -0.049746
17  -0.000004 0.000001 0.000007  0.097315 0.035988 -0.326586
18  -0.000004 -0.000001 0.000004  0.058445 0.026042 -0.358416
19  0.000002 0.000003 -0.000004  0.115640 0.137722 -0.641069
20  -0.000001 0.000002 0.000001  0.000000 0.000000 0.154333
21  -0.000001 0.000002 0.000001  -0.000000 0.000000 0.154333
22  -0.000004 0.000002 -0.000003  -0.209953 0.205981 0.194897
23  3.672213 0.000002 -0.000003  0.000003 0.000001 0.142941
24  -0.000001 -0.000000 -0.000004  0.000000 -0.000000 -0.304529
25  0.000003 0.000002 -0.000004  -0.082977 0.060987 -0.203521
26  0.000002 -0.000000 0.000002  0.000000 0.000000 -0.152925
27  2.496794 0.000002 0.000002  0.000000 0.000000 -0.091107
28  0.000003 0.000002 0.000000  -0.025831 0.343789 0.300085
29  0.000001 0.000001 0.000000  -0.000000 0.000000 0.424956
30  2.199412 0.000000 0.000006  0.000001 0.000001 0.029263
31  0.000004 -0.000000 0.000003  -0.278434 0.000181 -0.000025
32  -0.000022 -0.000001 0.000001  0.598260 0.273851 -0.108303
33  0.000006 0.000003 0.000001  0.000000 -0.000000 0.241500
34  -0.000000 0.000000 0.000000  -0.123985 0.000000 -0.000000
35  -0.000000 -0.000002 0.000001  -0.247957 0.000000 0.000000
36  -0.000000 -0.000001 0.000001  -0.371964 0.000000 0.000000
37  -0.000000 -0.000000 0.000001  -0.495989 0.000000 0.000000
38  -0.000008 0.000001 0.000000  -0.619945 0.000000 -0.000000
39  -0.000004 -0.000000 0.000000  -0.743992 -0.000000 -0.000000
40  -0.000000 -0.000001 0.000002  -0.867958 0.000000 0.000000
41  -0.000008 -0.000004 -0.000001  -0.668531 -0.348749 -0.101167
42  -0.000004 -0.000001 0.000001  0.154784 -0.064439 0.075569
43  3.954716 0.000012 0.000004  -0.000000 -0.000002 0.166319
44  -0.000000 -0.000001 -0.000001  -0.000000 0.000000 0.008911
45  -0.000004 -0.000002 -0.000001  -0.148019 0.112395 0.732772
46  -0.000001 0.000001 -0.000001  -0.000000 -0.000000 0.112550
47  -0.000002 0.000002 0.000000  -0.000000 0.000000 0.112551
48  -0.000004 -0.000000 -0.000000  -0.043217 -0.273872 -0.091886
49  -0.000001 0.000000 0.000000  0.000000 -0.000000 -0.198820
50  -0.000002 0.000001 -0.000001  0.000000 0.000000 0.379482
51  -0.000008 0.000000 0.000000  -0.097018 -0.280100 -0.322307
52  0.000001 0.000000 -0.000001  0.000000 -0.000000 -0.197348
53  -0.000004 0.000004 -0.000000  -0.000000 0.000000 0.364451
54  -0.000008 0.000001 0.000000  -0.155633 -0.325859 -0.638206
55  -0.000000 0.000001 0.000001  0.000000 0.000000 -0.231726
56  2.307434 -0.000005 -0.000003  0.000002 0.000001 -0.056419
57  0.000000 0.000000 -0.000000  -0.023398 0.008657 0.009482
58  18.461542 0.341141 -8.132668  -0.297119 1.087442 0.811121
59  0.071250 114.357025 62.238789  -0.000000 0.000000 -0.000000
60  1.986524 0.000025 -3.123752  -2.705260 -0.000000 -1.570797
61  -1.986689 0.000022 -3.123760  0.436333 0.000001 1.570797
62  0.000005 0.000010 -0.000012  0.000000 0.000000 -0.000000
63  -1.986697 0.000011 -3.123748  0.436333 0.000001 1.570797
64  -11.344166 1.135888 0.869282  0.000002 -0.025019 -0.026324
65  1.986522 0.000017 -3.123738  -2.705260 -0.000000 -1.570797
66  -11.350037 -0.729413 0.864882  0.000197 -0.025367 0.026442
67  1.754232 4.036760 -1.682674  0.392575 -0.010120 -1.546362
68  -1.755142 4.036758 -1.682672  -0.392577 -0.010391 -1.594986
69  -0.164556 7.327704 3.928703  -0.000000 0.000001 -1.570796
70  0.079080 36.742691 -0.508027  0.000001 0.000000 -0.000000
71  -1.260173 8.777409 6.736406  -0.000002 -0.424415 -3.141592
72  1.525192 18.283598 2.968622  0.000000 0.000000 -0.000000
73  0.060217 10.324394 74.469055  0.000008 0.000000 -0.000000
74  0.062806 75.917992 83.075424  1.570797 -0.000000 -1.570796
75  4.804184 -3.971754 0.000002  -0.000000 0.000000 -0.000001
76  -7.041563 -5.026000 -0.000002  -0.000000 -0.000000 -0.000000
77  8.407184 -3.978445 0.003055  -1.570796 1.570795 0.000000
78  10.376190 -3.978448 0.003055  -1.570796 1.570796 0.000000
79  10.194014 -0.314065 -1.749551  -1.570796 1.570796 0.000000
80  20.857885 -4.015571 -0.000000  0.000000 -0.000000 0.000000
81  3.258446 5.856943 -3.403523  -0.000000 -0.000000 -0.000000
82  15.153053 5.860571 -3.403523  -0.000000 -0.000000 -0.000000
83  6.064257 77.294952 36.365791  1.570796 0.000000 1.570796
84  -2.662412 1.445755 40.667957  -0.000000 3.141591 1.570796
85  8.352067 2.772895 0.000540  -3.141589 0.000002 -0.000000
86  6.064258 72.973694 32.593250  1.570796 0.000000 1.570796
87  0.004365 73.768417 -3.792007  0.000000 0.000000 0.000000
88  -0.442607 1.284883 8.535288  -0.000000 -0.000001 0.000000
89  0.000001 1.310210 0.000004  0.000000 0.000000 0.000000
90  0.000000 0.582261 0.000000  0.000000 0.000000 0.000000
91  0.036299 1.284885 7.928797  0.000000 -0.000001 0.000000
92  -0.000001 1.310209 0.000003  0.000000 0.000000 0.000000
93  -0.000001 0.582260 -0.000000  0.000000 0.000000 0.000000
94  5.969324 3.427460 -6.170648  -0.000000 -0.000001 -1.570797
95  -1.310212 -0.000002 -0.000001  0.000000 0.000000 -0.000000
96  -0.582260 -0.000002 -0.000001  0.000000 0.000000 -0.000000
97  5.969325 9.397402 -6.170656  -0.000000 -0.000001 -1.570796
98  -1.310210 0.000002 0.000001  0.000000 0.000000 -0.000000
99  -0.582258 0.000001 0.000001  0.000000 0.000000 -0.000000
100  5.969323 15.223771 -6.170667  0.000000 -0.000001 -1.570796
101  -1.310205 0.000004 -0.000002  -0.000000 0.000000 -0.000000
102  -0.582256 0.000004 -0.000000  -0.000000 0.000000 -0.000000
103  5.969324 20.835571 -6.170668  0.000000 -0.000001 -1.570796
104  -1.310215 0.000003 0.000001  -0.000000 0.000000 -0.000000
105  -0.582260 0.000004 0.000008  -0.000000 0.000000 -0.000000
106  5.969324 26.771210 -6.170671  0.000000 -0.000001 -1.570796
107  5.969318 32.597603 -6.170676  0.000000 -0.000001 -1.570796
108  5.969324 38.209400 -6.170683  0.000000 -0.000001 -1.570800
109  5.969328 49.488464 -6.170681  0.000000 -0.000001 -1.570800
110  -0.539090 -0.556803 -0.017365  -0.042462 2.681156 1.551919
111  -6.799121 -0.556802 0.818551  -0.272420 2.701993 1.452460
112  -4.615280 -0.556820 0.270329  -0.117230 2.684609 1.518878
113  -2.650969 -0.556803 0.063013  -0.042463 2.681158 1.551919
114  27.110332 1.284858 12.007547  0.000000 -0.000000 -0.000000
115  28.133423 1.284861 12.007550  0.000001 -0.000000 -0.000000
116  12.812886 2.241787 12.007547  0.000000 -0.000001 -0.000001
117  -9.955963 -0.319618 4.380216  -0.000001 -0.000000 -0.000001
118  -11.316471 -0.319616 4.380216  -0.000003 -0.000000 -0.000000
119  -12.667807 -0.319619 4.380216  -0.000003 -0.000000 0.000001
120  -14.022137 -0.319616 4.380217  0.000010 -0.000000 -0.000011
121  -15.373238 -0.319619 4.380214  0.000015 -0.000000 -0.000015
122  -16.724138 -0.319614 4.380215  -0.000009 -0.000000 0.000006
123  -18.074570 -0.319614 4.380215  -0.000006 -0.000000 0.000004
124  -19.423712 -0.319616 4.380217  0.000002 0.000000 -0.000004
125  -20.775269 -0.319615 4.380215  0.000003 0.000000 -0.000004
126  -22.126667 -0.319615 4.380218  0.000003 -0.000000 -0.000004
127  -23.478119 -0.319614 4.380217  0.000005 -0.000000 -0.000006
128  -24.830616 -0.319613 4.380214  0.000036 -0.000000 -0.000038
129  -26.182022 -0.319612 4.380213  -0.000011 -0.000000 0.000011
130  0.529181 -0.167127 0.629484  -0.101270 -0.000000 0.000000
131  -0.211441 -0.241683 0.155364  -0.145847 -0.000000 0.000000
132  0.529190 -0.280695 -0.110290  -0.145847 -0.000000 0.000000
133  -0.173927 -0.337322 -0.638494  -0.181751 -0.000000 0.000000
134  0.529190 -0.399239 -0.975393  -0.181751 -0.000000 0.000000
135  -0.211442 -0.464471 -1.431040  -0.192399 -0.000000 0.000000
136  0.529192 -0.515804 -1.694583  -0.192399 -0.000000 0.000000
137  -0.173927 -0.612146 -2.231909  -0.216703 -0.000000 0.000000
138  0.529188 -0.685800 -2.566439  -0.216703 -0.000000 0.000000
139  -0.211442 -0.769560 -3.027869  -0.237349 -0.000000 0.000000
140  0.529190 -0.832685 -3.288843  -0.237349 -0.000000 0.000000
141  -0.173935 -0.945279 -3.779564  -0.233859 0.000000 0.000000
142  0.529180 -1.024652 -4.112778  -0.233859 0.000000 0.000000
143  -0.211442 -1.132183 -4.577544  -0.262919 -0.000000 0.000000
144  0.529193 -1.201958 -4.836824  -0.262919 0.000000 0.000000
145  -0.000003 -2.810935 -10.636626  0.258454 0.000000 3.141592
146  -0.192453 -1.345775 -5.370041  -0.280373 0.000000 0.000000
147  0.533986 -1.413509 -5.605101  -0.276883 0.000000 0.000000
148  -0.206617 -1.795756 -6.909778  -0.287354 0.000000 0.000000
149  -0.205803 -1.564816 -6.138254  -0.290843 0.000000 0.000000
150  0.530459 -1.643668 -6.395213  -0.290844 0.000000 0.000000
151  0.535311 -1.790703 -7.204132  -0.287354 -0.000000 0.000000
152  -0.202700 -2.030484 -7.702827  -0.286180 -0.000000 0.000000
153  0.509550 -2.118892 -8.011621  -0.298398 -0.000000 0.000000
154  -0.202703 -2.255273 -8.465170  -0.283134 -0.000000 0.000000
155  0.509548 -2.352977 -8.771157  -0.295352 -0.000000 0.000000
156  -0.202703 -2.481593 -9.235469  -0.285437 -0.000000 0.000000
157  0.509548 -2.588677 -9.538634  -0.297654 -0.000000 0.000000
158  0.170124 -21.222084 -1.001142  -0.000001 -0.000001 0.000000
159  0.170123 -20.843859 -0.397185  -0.000001 -0.000001 0.000000
160  0.170124 -20.489738 -1.001140  -0.000001 -0.000001 0.000000
161  0.170126 -20.111065 -0.397183  -0.000001 -0.000001 0.000000
162  0.170122 -19.380081 -0.397186  -0.000001 -0.000001 0.000000
163  0.170124 -19.025101 -1.001143  -0.000001 -0.000001 0.000000
164  0.170122 -18.646652 -0.396447  -0.000001 -0.000001 0.000000
165  0.170123 -19.755751 -1.001139  -0.000001 -0.000001 0.000000
166  -0.015973 10.612518 2.686017  0.000001 0.000000 -0.000000
167  0.059852 -50.160702 6.449385  1.570797 -0.000000 -1.570796
168  0.064656 27.351292 72.195206  -0.000000 -0.000000 -0.000001
169  6.064263 95.114006 31.645496  0.000000 -0.000001 1.570796
170  0.054183 102.845642 29.795345  -0.000000 0.000001 -1.570796
171  6.064257 69.096558 37.164314  1.570796 0.000000 1.570796
172  1.974303 11.989233 4.589251  0.000000 0.000000 -0.000000
173  -0.011481 23.944746 5.090361  0.000001 0.000000 0.000000
174  -1.691250 8.833342 5.763507  0.000001 0.000000 -0.000000
175  6.064263 89.329796 31.613918  0.000000 -0.000001 1.570796
176  0.059888 2.255337 54.398014  -0.000000 0.000000 -0.000000
177  0.003499 -22.270643 0.000149  1.570797 -0.000000 -1.570797
178  0.104011 15.380371 2.266152  0.000001 0.000000 -0.000000
179  4.068542 -2.286334 1.381706  0.293644 0.293485 -0.722350
180  3.052681 6.826900 13.256545  1.188271 0.431171 -0.168814
181  -2.662411 1.445758 33.628738  -0.000000 3.141591 1.570796
182  8.352066 2.772895 0.000539  -3.141589 0.000002 -0.000000
183  -2.662412 1.445755 40.667957  -0.000000 3.141591 1.570796
184  8.352067 2.772895 0.000540  -3.141589 0.000002 -0.000000
185  -1.431355 16.384779 4.137812  0.000001 -0.000000 0.000000
186  -0.001844 0.521683 -0.140289  0.000000 0.000000 -0.000000
187  7.323110 -5.136190 -5.166235  0.000000 0.000000 -0.610865
188  2.698280 -0.000002 0.000001  -0.000012 0.000000 0.000000
189  2.834156 -0.000002 -0.000000  0.000013 0.000000 0.000000
190  2.648918 0.000001 -0.000001  -0.000001 -0.000001 0.000000
191  2.667494 -0.000002 0.000001  0.000000 0.000000 -0.000000
192  2.426697 -0.000001 0.000001  0.000000 0.000000 -0.000000
193  -0.494741 -44.353451 -1.302294  1.570797 -0.000000 -1.570797
194  11.545937 73.768417 -3.792012  0.000000 0.000000 -0.000000
195  -0.066954 -10.025106 -0.912531  -0.000000 0.000000 -0.000000
196  0.000001 -0.000001 -1.529050  -0.000001 0.000000 -0.000000
197  -0.078941 0.000001 -0.000001  0.000000 0.000001 1.570796
198  0.097092 0.000002 -0.000001  -0.000000 -3.141592 1.570796
199  0.000000 0.000000 0.000000  0.000000 -0.000000 -0.000000
200  -3.481077 -2.319345 -4.692528  -0.212755 1.279668 -0.396483
201  23.213192 5.193788 -13.632259  -0.916547 0.745462 -0.408285
time 21
0  0 0 0  0 0 0
1  0.000000 0.000000 0.000000  0.000000 -0.000000 -0.000000
2  -0.000005 0.000023 -61.375507  0.000000 0.000000 -1.570795
3  -0.012872 0.000000 8.235020  -1.570799 -1.570796 0.000000
4  16.163128 -0.012870 -0.000002  -0.000000 -0.000000 0.000000
5  -0.000000 0.000000 -0.000005  0.000000 -0.000000 -0.000000
6  -0.000034 -0.000002 -0.000000  0.662879 0.559686 1.106539
7  -0.000000 -0.000008 0.000006  0.000000 0.000000 -0.732735
8  0.000002 0.000001 0.000002  -0.030520 -0.000000 -0.000000
9  0.000005 0.000001 0.000003  -0.061047 -0.000000 -0.000000
10  0.000001 0.000000 0.000003  -0.091588 -0.000000 -0.000000
11  0.000000 0.000001 0.000004  -0.122150 0.000000 -0.000000
12  -0.000000 -0.000000 0.000004  -0.152680 -0.000000 -0.000000
13  -0.000003 -0.000000 -0.000001  -0.183245 -0.000000 -0.000000
14  0.000001 -0.000001 0.000003  -0.213792 -0.000000 -0.000000
15  0.000001 0.000002 0.000004  -0.267139 -0.085963 -0.734075
16  -0.000007 -0.000002 0.000001  0.217781 0.090899 -0.049746
17  -0.000001 0.000001 0.000005  0.097314 0.035988 -0.326586
18  -0.000000 -0.000002 0.000007  0.058445 0.026042 -0.358416
19  -0.000000 0.000001 0.000000  0.115640 0.137722 -0.641069
20  0.000000 0.000005 0.000003  -0.000000 0.000000 0.154333
21  0.000001 0.000002 0.000000  0.000000 0.000000 0.154333
22  -0.000005 -0.000000 -0.000001  -0.209953 0.205981 0.194897
23  3.672213 0.000003 0.000001  0.000003 0.000001 0.142941
24  0.000001 -0.000002 0.000002  -0.000000 -0.000000 -0.304529
25  0.000000 0.000000 -0.000000  -0.082977 0.060987 -0.203521
26  -0.000001 0.000001 -0.000001  0.000000 0.000000 -0.152925
27  2.496791 0.000002 -0.000005  0.000000 0.000000 -0.091107
28  0.000002 -0.000000 0.000004  -0.025831 0.343789 0.300085
29  0.000001 0.000002 0.000005  -0.000000 -0.000000 0.424956
30  2.199411 0.000001 0.000005  0.000001 0.000001 0.029263
31  0.000004 -0.000000 0.000003  0.000000 -0.000000 0.000000
32  -0.000019 -0.000001 0.000001  -0.004310 -0.059645 -0.246155
33  -0.000002 0.000001 -0.000000  -0.000000 -0.000000 1.042725
34  0.000001 -0.000001 -0.000000  -0.137319 0.000000 -0.000000
35  -0.000005 -0.000001 0.000000  -0.274675 0.000000 -0.000000
36  -0.000001 -0.000003 0.000000  -0.412040 0.000000 0.000000
37  -0.000003 0.000001 0.000001  -0.549380 -0.000000 -0.000000
38  -0.000006 -0.000002 0.000001  -0.686714 -0.000000 -0.000000
39  -0.000005 -0.000001 0.000000  -0.824046 -0.000000 0.000000
40  -0.000005 -0.000001 0.000001  -0.961437 0.000000 -0.000000
41  -0.000009 -0.000005 -0.000001  0.014939 -0.823674 -1.898637
42  -0.000001 0.000003 0.000002  0.000001 0.000000 0.000000
43  3.954721 0.000018 0.000005  -0.000000 -0.000002 0.166320
44  -0.000000 -0.000000 -0.000000  -0.000000 -0.000000 -0.000000
45  -0.000002 -0.000002 0.000001  0.000000 -0.000000 0.000000
46  0.000000 0.000006 0.000000  -0.000000 -0.000000 -0.000000
47  -0.000002 -0.000001 0.000002  0.000000 -0.000000 -0.000000
48  -0.000002 0.000003 0.000002  0.000000 -0.000000 0.000000
49  -0.000002 0.000003 0.000001  0.000000 -0.000000 -0.000000
50  0.000001 0.000007 -0.000002  -0.000000 -0.000000 -0.000000
51  -0.000005 0.000004 0.000001  -0.000000 -0.000000 0.000000
52  -0.000000 0.000000 -0.000000  0.000000 -0.000000 -0.000000
53  -0.000001 0.000000 -0.000000  0.000000 0.000000 -0.000000
54  -0.000005 0.000004 0.000002  -0.000000 0.000000 -0.000000
55  -0.000001 0.000001 -0.000001  0.000000 -0.000000 -0.000000
56  2.307433 0.000001 -0.000002  0.000002 0.000001 -0.056419
57  0.000000 0.000000 -0.000000  -0.019798 0.012394 0.006470
58  14.850692 0.633423 -12.899223  -0.087440 0.991336 0.860051
59  0.071244 114.357033 62.238777  -0.000000 -0.000000 0.000000
60  1.986523 0.000015 -3.123736  -2.705260 -0.000000 -1.570797
61  -1.986692 0.000029 -3.123746  0.436333 0.000001 1.570797
62  -0.000002 0.000010 -0.000005  0.000000 -0.000000 0.000000
63  -1.986690 0.000017 -3.123734  0.436333 0.000001 1.570797
64  -11.344167 1.135888 0.869281  0.000002 -0.025019 -0.026324
65  1.986525 0.000014 -3.123730  -2.705260 -0.000000 -1.570797
66  -11.350055 -0.729414 0.864885  0.000197 -0.025367 0.026442
67  1.754238 4.036759 -1.682664  0.392575 -0.010120 -1.546363
68  -1.755138 4.036763 -1.682660  -0.392577 -0.010391 -1.594986
69  -0.164555 7.327704 3.928703  0.000000 0.000001 -1.570796
70  0.079083 36.742691 -0.508024  0.000001 -0.000000 0.000000
71  -1.260172 8.777411 6.736404  -0.000002 -0.424416 -3.141592
72  1.525194 18.283598 2.968621  0.000000 -0.000000 0.000000
73  0.060214 10.324390 74.469055  0.000008 -0.000000 0.000000
74  0.062805 75.917999 83.075432  1.570797 -0.000000 -1.570796
75  4.804176 -3.971744 -0.000003  -0.000000 0.000000 -0.000000
76  -7.041571 -5.025990 -0.000002  -0.000000 -0.000000 -0.000000
77  8.407176 -3.978439 0.003052  -1.570796 1.570795 0.000000
78  10.376183 -3.978441 0.003052  -1.570796 1.570796 0.000000
79  10.194006 -0.314064 -1.749555  -1.570796 1.570796 0.000000
80  20.857880 -4.015564 -0.000001  0.000000 -0.000000 0.000000
81  3.258435 5.856953 -3.403530  -0.000000 -0.000000 -0.000000
82  15.153040 5.860582 -3.403526  0.000000 -0.000000 0.000000
83  6.064259 77.294952 36.365799  1.570796 -0.000000 1.570796
84  -2.662411 1.445755 40.667953  -0.000000 3.141591 1.570796
85  8.352063 2.772896 0.000541  -3.141589 0.000002 0.000000
86  6.064256 72.973694 32.593250  1.570796 -0.000000 1.570796
87  0.004366 73.768417 -3.792006  0.000000 -0.000000 0.000000
88  -0.442610 1.284882 8.535291  0.000000 -0.000001 0.000000
89  0.000003 1.310204 -0.000002  0.000000 0.000000 0.000000
90  0.000002 0.582259 -0.000001  0.000000 0.000000 0.000000
91  0.036298 1.284880 7.928802  -0.000000 -0.000001 0.000000
92  0.000001 1.310206 -0.000002  0.000000 0.000000 0.000000
93  -0.000001 0.582261 -0.000002  0.000000 0.000000 0.000000
94  5.969320 3.427457 -6.170649  -0.000000 -0.000001 -1.570796
95  -1.310212 0.000000 0.000001  0.000000 0.000000 -0.000000
96  -0.582263 0.000000 0.000000  0.000000 -0.000000 -0.000000
97  5.969320 9.397404 -6.170660  -0.000000 -0.000001 -1.570796
98  -1.310213 0.000002 -0.000002  0.000000 0.000000 -0.000000
99  -0.582264 0.000002 -0.000003  0.000000 0.000000 -0.000000
100  5.969320 15.223774 -6.170671  0.000000 -0.000001 -1.570796
101  -1.310212 0.000002 -0.000007  -0.000000 0.000000 -0.000000
102  -0.582263 0.000000 -0.000010  -0.000000 0.000000 -0.000000
103  5.969324 20.835575 -6.170667  0.000000 -0.000001 -1.570796
104  -1.310209 0.000006 -0.000007  -0.000000 0.000000 -0.000000
105  -0.582260 0.000000 -0.000009  -0.000000 0.000000 -0.000000
106  5.969322 26.771210 -6.170671  0.000000 -0.000001 -1.570796
107  5.969322 32.597603 -6.170678  0.000000 -0.000001 -1.570796
108  5.969320 38.209404 -6.170682  0.000000 -0.000001 -1.570800
109  5.969318 49.488468 -6.170685  0.000000 -0.000001 -1.570800
110  -0.539091 -0.556805 -0.017365  -0.042462 2.681156 1.551919
111  -6.799122 -0.556804 0.818551  -0.272420 2.701993 1.452460
112  -4.615285 -0.556821 0.270329  -0.117230 2.684609 1.518878
113  -2.650970 -0.556806 0.063009  -0.042463 2.681158 1.551919
114  27.110334 1.284860 12.007545  0.000000 -0.000000 0.000000
115  28.133423 1.284860 12.007545  0.000001 -0.000000 0.000000
116  12.812887 2.241785 12.007551  0.000000 -0.000001 -0.000001
117  -9.955969 -0.319622 4.380216  -0.000001 -0.000000 -0.000001
118  -11.316472 -0.319622 4.380219  -0.000003 -0.000000 -0.000000
119  -12.667810 -0.319623 4.380219  -0.000003 -0.000000 0.000001
120  -14.022139 -0.319623 4.380216  0.000010 -0.000000 -0.000011
121  -15.373239 -0.319622 4.380215  0.000015 -0.000000 -0.000015
122  -16.724142 -0.319622 4.380215  -0.000009 -0.000000 0.000006
123  -18.074572 -0.319621 4.380216  -0.000006 0.000000 0.000004
124  -19.423716 -0.319620 4.380215  0.000002 0.000000 -0.000004
125  -20.775272 -0.319622 4.380214  0.000003 0.000000 -0.000004
126  -22.126671 -0.319616 4.380216  0.000003 -0.000000 -0.000004
127  -23.478121 -0.319618 4.380219  0.000005 -0.000000 -0.000006
128  -24.830620 -0.319614 4.380217  0.000036 -0.000000 -0.000038
129  -26.182028 -0.319619 4.380216  -0.000011 -0.000000 0.000011
130  0.529181 -0.167127 0.629484  -0.101270 -0.000000 0.000000
131  -0.211444 -0.241678 0.155360  -0.145847 -0.000000 0.000000
132  0.529187 -0.280698 -0.110290  -0.145847 -0.000000 -0.000000
133  -0.173927 -0.337323 -0.638497  -0.181751 -0.000000 0.000000
134  0.529186 -0.399244 -0.975394  -0.181751 -0.000000 0.000000
135  -0.211445 -0.464476 -1.431042  -0.192399 -0.000000 0.000000
136  0.529190 -0.515809 -1.694581  -0.192399 -0.000000 0.000000
137  -0.173931 -0.612150 -2.231912  -0.216703 -0.000000 0.000000
138  0.529186 -0.685805 -2.566442  -0.216703 -0.000000 -0.000000
139  -0.211447 -0.769560 -3.027870  -0.237349 -0.000000 0.000000
140  0.529186 -0.832681 -3.288848  -0.237349 -0.000000 -0.000000
141  -0.173935 -0.945282 -3.779565  -0.233859 0.000000 0.000000
142  0.529179 -1.024655 -4.112781  -0.233859 0.000000 0.000000
143  -0.211443 -1.132182 -4.577547  -0.262919 -0.000000 0.000000
144  0.529188 -1.201962 -4.836826  -0.262919 0.000000 0.000000
145  -0.000008 -2.810939 -10.636630  0.258454 0.000000 3.141592
146  -0.192456 -1.345778 -5.370046  -0.280373 0.000000 0.000000
147  0.533979 -1.413510 -5.605105  -0.276883 0.000000 0.000000
148  -0.206620 -1.795759 -6.909779  -0.287354 0.000000 0.000000
149  -0.205804 -1.564819 -6.138254  -0.290843 0.000000 0.000000
150  0.530457 -1.643675 -6.395216  -0.290844 0.000000 0.000000
151  0.535310 -1.790709 -7.204134  -0.287354 -0.000000 0.000000
152  -0.202706 -2.030481 -7.702833  -0.286180 -0.000000 0.000000
153  0.509548 -2.118893 -8.011625  -0.298398 -0.000000 0.000000
154  -0.202705 -2.255277 -8.465174  -0.283134 -0.000000 0.000000
155  0.509547 -2.352977 -8.771161  -0.295352 -0.000000 0.000000
156  -0.202705 -2.481597 -9.235471  -0.285437 -0.000000 0.000000
157  0.509542 -2.588683 -9.538639  -0.297653 -0.000000 0.000000
158  0.170122 -21.222090 -1.001140  -0.000001 -0.000001 0.000000
159  0.170123 -20.843866 -0.397183  -0.000001 -0.000001 0.000000
160  0.170122 -20.489744 -1.001142  -0.000001 -0.000001 0.000000
161  0.170124 -20.111071 -0.397184  -0.000001 -0.000001 0.000000
162  0.170122 -19.380087 -0.397185  -0.000001 -0.000001 0.000000
163  0.170121 -19.025106 -1.001145  -0.000001 -0.000001 0.000000
164  0.170120 -18.646660 -0.396446  -0.000001 -0.000001 0.000000
165  0.170123 -19.755756 -1.001142  -0.000001 -0.000001 0.000000
166  -0.015971 10.612516 2.686018  0.000001 -0.000000 0.000000
167  0.059851 -50.160698 6.449380  1.570797 0.000000 -1.570797
168  0.064651 27.351288 72.195198  -0.000000 -0.000000 -0.000001
169  6.064260 95.114014 31.645496  0.000000 -0.000001 1.570796
170  0.054184 102.845642 29.795359  0.000000 0.000001 -1.570796
171  6.064258 69.096558 37.164318  1.570796 -0.000000 1.570796
172  1.974304 11.989234 4.589250  0.000000 -0.000000 0.000000
173  -0.011479 23.944746 5.090360  0.000001 -0.000000 0.000000
174  -1.691249 8.833342 5.763507  0.000001 -0.000000 0.000000
175  6.064261 89.329803 31.613913  0.000000 -0.000001 1.570796
176  0.059886 2.255333 54.398006  -0.000000 -0.000000 0.000000
177  0.003494 -22.270639 0.000146  1.570797 0.000000 -1.570797
178  0.104012 15.380370 2.266152  0.000001 -0.000000 0.000000
179  4.068536 -2.286331 1.381703  0.293644 0.293485 -0.722350
180  0.000029 -0.000003 0.000008  -0.000000 -0.000000 0.000000
181  -2.662412 1.445757 33.628742  -0.000000 3.141591 1.570796
182  8.352065 2.772896 0.000539  -3.141589 0.000002 0.000000
183  -2.662411 1.445755 40.667953  -0.000000 3.141591 1.570796
184  8.352063 2.772896 0.000541  -3.141589 0.000002 0.000000
185  -1.431355 16.384779 4.137811  0.000001 0.000000 0.000000
186  -0.001844 0.521684 -0.140289  0.000000 -0.000000 0.000000
187  7.323111 -5.136190 -5.166236  0.000000 0.000000 -0.610865
188  2.698278 0.000000 -0.000000  -0.000012 0.000000 0.000000
189  2.834160 -0.000001 0.000002  0.000013 0.000000 -0.000000
190  2.648920 -0.000001 -0.000000  -0.000001 -0.000001 0.000000
191  2.667497 -0.000002 0.000001  -0.000000 -0.000000 -0.000000
192  2.426702 -0.000003 0.000001  -0.000000 0.000000 -0.000000
193  -0.494741 -44.353447 -1.302299  1.570797 -0.000000 -1.570797
194  11.545938 73.768417 -3.792013  0.000000 -0.000000 0.000000
195  -0.066953 -10.025104 -0.912533  -0.000000 -0.000000 0.000000
196  0.000000 0.000001 -1.529052  -0.000000 -0.000000 0.000000
197  -0.078943 -0.000001 0.000000  0.000000 0.000001 1.570796
198  0.097091 -0.000001 -0.000000  -0.000000 -3.141592 1.570796
199  0.000000 0.000000 0.000000  0.000000 -0.000000 -0.000000
200  -5.757888 -13.636654 -9.961794  -0.087440 0.991336 0.860051
201  19.757664 5.078849 -18.276711  -0.741542 0.816149 -0.416998
time 22
0  0 0 0  0 0 0
1  0.000000 0.000000 0.000000  0.000000 -0.000000 -0.000000
2  -0.000005 0.000023 -61.375507  0.000000 0.000000 -1.570795
3  -0.012872 0.000000 8.235020  -1.570799 -1.570796 0.000000
4  16.163128 -0.012870 -0.000002  -0.000000 -0.000000 0.000000
5  -0.000000 0.000000 -0.000005  0.000000 -0.000000 -0.000000
6  -0.000034 -0.000002 -0.000000  0.847524 0.464490 1.203351
7  -0.000003 -0.000006 0.000000  -0.000000 0.000000 -0.702552
8  0.000001 0.000001 -0.000001  -0.026735 -0.000000 -0.000000
9  0.000003 0.000001 -0.000002  -0.053536 -0.000000 -0.000000
10  -0.000000 0.000000 -0.000000  -0.080346 -0.000000 -0.000000
11  -0.000002 0.000001 -0.000002  -0.107171 -0.000000 -0.000000
12  -0.000000 -0.000000 -0.000000  -0.133954 -0.000000 -0.000000
13  0.000000 -0.000001 -0.000001  -0.160700 -0.000000 -0.000000
14  -0.000001 -0.000002 -0.000000  -0.187536 -0.000000 -0.000000
15  0.000001 0.000001 -0.000001  -0.286562 -0.019308 -0.751649
16  -0.000004 -0.000001 -0.000000  0.217781 0.090899 -0.049746
17  -0.000003 -0.000000 0.000005  0.097314 0.035988 -0.326586
18  -0.000000 0.000000 0.000002  0.058445 0.026042 -0.358416
19  0.000001 0.000002 -0.000004  0.115640 0.137722 -0.641069
20  0.000001 0.000000 -0.000002  -0.000000 -0.000000 0.154333
21  -0.000001 -0.000000 -0.000002  -0.000000 -0.000000 0.154333
22  -0.000005 0.000000 -0.000003  -0.209953 0.205981 0.194897
23  3.672214 0.000003 -0.000001  0.000003 0.000001 0.142941
24  -0.000000 -0.000003 -0.000002  -0.000000 0.000000 -0.304529
25  -0.000001 0.000001 -0.000006  -0.082977 0.060987 -0.203521
26  -0.000002 -0.000001 -0.000000  -0.000000 0.000000 -0.152925
27  2.496795 0.000004 -0.000001  0.000000 0.000000 -0.091107
28  0.000001 0.000001 0.000002  -0.025831 0.343789 0.300085
29  0.000000 0.000000 0.000002  -0.000000 -0.000000 0.424956
30  2.199412 0.000001 0.000006  0.000001 0.000001 0.029263
31  0.000004 -0.000000 0.000003  0.000000 -0.000000 0.000000
32  -0.000019 -0.000001 0.000001  -0.030186 0.056710 -0.129922
33  -0.000002 -0.000000 -0.000000  0.000000 -0.000000 0.876173
34  0.000001 0.000001 -0.000000  -0.137258 0.000000 -0.000000
35  -0.000001 -0.000001 0.000000  -0.274613 0.000000 0.000000
36  -0.000001 -0.000001 0.000001  -0.411915 0.000000 -0.000000
37  0.000000 0.000000 0.000000  -0.549253 -0.000000 0.000000
38  -0.000002 -0.000002 0.000001  -0.686584 -0.000000 -0.000000
39  -0.000006 -0.000000 0.000000  -0.823847 -0.000000 -0.000000
40  -0.000002 -0.000002 0.000001  -0.961162 0.000000 0.000000
41  -0.000010 0.000001 -0.000001  0.052349 -0.832721 -1.738303
42  -0.000001 0.000001 -0.000000  0.000001 0.000000 0.000000
43  3.954720 0.000010 0.000003  -0.000000 -0.000002 0.166320
44  -0.000002 -0.000001 -0.000002  0.000000 -0.000000 -0.000000
45  -0.000001 0.000001 -0.000002  0.000000 -0.000000 0.000000
46  0.000001 -0.000001 0.000001  -0.000000 -0.000000 -0.000000
47  -0.000001 -0.000001 -0.000002  0.000000 0.000000 -0.000000
48  -0.000002 0.000001 -0.000002  0.000000 -0.000000 0.000000
49  0.000000 0.000003 -0.000001  -0.000000 -0.000000 -0.000000
50  0.000001 0.000001 0.000001  -0.000000 -0.000000 -0.000000
51  -0.000006 -0.000002 0.000000  -0.000000 -0.000000 0.000000
52  0.000000 -0.000000 0.000001  0.000000 -0.000000 0.000000
53  -0.000001 0.000000 0.000001  0.000000 0.000000 -0.000000
54  -0.000005 0.000003 -0.000001  0.000000 -0.000000 -0.000000
55  -0.000001 0.000001 0.000001  0.000000 0.000000 -0.000000
56  2.307435 -0.000003 -0.000001  0.000002 0.000001 -0.056419
57  0.000000 0.000000 -0.000000  -0.015781 0.015411 0.003663
58  11.372576 1.216812 -17.505623  0.098821 0.889293 0.892564
59  0.071244 114.357033 62.238785  -0.000000 0.000000 -0.000000
60  1.986521 0.000019 -3.123749  -2.705260 -0.000000 -1.570797
61  -1.986692 0.000026 -3.123751  0.436333 0.000001 1.570797
62  0.000001 0.000009 -0.000013  0.000000 0.000000 -0.000000
63  -1.986686 0.000023 -3.123732  0.436333 0.000001 1.570797
64  -11.344157 1.135887 0.869284  0.000002 -0.025019 -0.026324
65  1.986526 0.000020 -3.123733  -2.705260 -0.000000 -1.570797
66  -11.350056 -0.729421 0.864899  0.000197 -0.025367 0.026442
67  1.754238 4.036764 -1.682665  0.392575 -0.010120 -1.546362
68  -1.755138 4.036763 -1.682667  -0.392577 -0.010391 -1.594986
69  -0.164554 7.327705 3.928703  -0.000000 0.000001 -1.570796
70  0.079084 36.742695 -0.508022  0.000001 0.000000 -0.000000
71  -1.260173 8.777411 6.736407  -0.000002 -0.424416 -3.141592
72  1.525196 18.283600 2.968622  0.000000 0.000000 -0.000000
73  0.060215 10.324389 74.469055  0.000008 0.000000 -0.000000
74  0.062804 75.917999 83.075439  1.570797 -0.000000 -1.570796
75  4.804184 -3.971746 -0.000000  -0.000000 0.000000 -0.000000
76  -7.041571 -5.025992 0.000002  -0.000000 -0.000000 -0.000000
77  8.407175 -3.978433 0.003054  -1.570796 1.570795 0.000000
78  10.376185 -3.978445 0.003054  -1.570796 1.570796 0.000000
79  10.194015 -0.314065 -1.749547  -1.570796 1.570796 0.000000
80  20.857883 -4.015566 0.000003  0.000000 -0.000000 0.000000
81  3.258441 5.856946 -3.403522  -0.000000 -0.000000 -0.000000
82  15.153051 5.860577 -3.403519  -0.000000 -0.000000 0.000000
83  6.064256 77.294952 36.365795  1.570796 -0.000000 1.570796
84  -2.662413 1.445757 40.667957  -0.000000 3.141591 1.570796
85  8.352067 2.772898 0.000545  -3.141589 0.000002 -0.000000
86  6.064255 72.973694 32.593250  1.570796 -0.000000 1.570796
87  0.004365 73.768425 -3.792009  0.000000 -0.000000 0.000000
88  -0.442611 1.284875 8.535291  -0.000000 -0.000001 0.000000
89  0.000002 1.310212 0.000001  0.000000 0.000000 0.000000
90  0.000000 0.582259 -0.000001  0.000000 0.000000 0.000000
91  0.036297 1.284877 7.928799  -0.000000 -0.000001 0.000000
92  -0.000002 1.310213 -0.000005  0.000000 0.000000 0.000000
93  -0.000004 0.582263 -0.000002  0.000000 0.000000 0.000000
94  5.969320 3.427458 -6.170652  -0.000000 -0.000001 -1.570797
95  -1.310206 0.000004 0.000001  0.000000 0.000000 -0.000000
96  -0.582255 0.000002 0.000002  0.000000 -0.000000 -0.000000
97  5.969322 9.397396 -6.170658  -0.000000 -0.000001 -1.570796
98  -1.310199 0.000000 0.000004  0.000000 0.000000 -0.000000
99  -0.582252 0.000000 0.000001  0.000000 0.000000 -0.000000
100  5.969316 15.223765 -6.170674  -0.000000 -0.000001 -1.570796
101  -1.310210 0.000002 0.000003  -0.000000 0.000000 -0.000000
102  -0.582254 0.000000 0.000001  -0.000000 0.000000 -0.000000
103  5.969322 20.835566 -6.170675  -0.000000 -0.000001 -1.570796
104  -1.310224 0.000002 -0.000002  -0.000000 0.000000 -0.000000
105  -0.582272 -0.000002 -0.000004  -0.000000 0.000000 -0.000000
106  5.969326 26.771202 -6.170671  -0.000000 -0.000001 -1.570796
107  5.969320 32.597599 -6.170678  -0.000000 -0.000001 -1.570796
108  5.969318 38.209396 -6.170690  -0.000000 -0.000001 -1.570800
109  5.969316 49.488468 -6.170689  -0.000000 -0.000001 -1.570800
110  -0.539093 -0.556808 -0.017363  -0.042462 2.681156 1.551919
111  -6.799128 -0.556810 0.818546  -0.272420 2.701993 1.452460
112  -4.615285 -0.556822 0.270329  -0.117230 2.684609 1.518878
113  -2.650971 -0.556810 0.063009  -0.042463 2.681158 1.551919
114  27.110334 1.284857 12.007551  -0.000000 -0.000000 0.000000
115  28.133423 1.284854 12.007545  0.000001 -0.000000 0.000000
116  12.812882 2.241779 12.007547  -0.000000 -0.000001 -0.000001
117  -9.955971 -0.319625 4.380213  -0.000001 -0.000000 -0.000001
118  -11.316479 -0.319625 4.380213  -0.000003 -0.000000 0.000000
119  -12.667816 -0.319624 4.380212  -0.000003 -0.000000 0.000001
120  -14.022144 -0.319621 4.380213  0.000009 -0.000000 -0.000011
121  -15.373243 -0.319622 4.380212  0.000015 -0.000000 -0.000015
122  -16.724150 -0.319626 4.380211  -0.000009 -0.000000 0.000006
123  -18.074577 -0.319626 4.380212  -0.000006 0.000000 0.000004
124  -19.423719 -0.319624 4.380212  0.000002 0.000000 -0.000004
125  -20.775274 -0.319625 4.380215  0.000003 0.000000 -0.000004
126  -22.126678 -0.319622 4.380212  0.000003 0.000000 -0.000004
127  -23.478128 -0.319624 4.380213  0.000005 -0.000000 -0.000006
128  -24.830626 -0.319621 4.380214  0.000036 0.000000 -0.000038
129  -26.182034 -0.319621 4.380214  -0.000011 -0.000000 0.000011
130  0.529176 -0.167132 0.629481  -0.101270 -0.000000 0.000000
131  -0.211446 -0.241689 0.155360  -0.145847 -0.000000 0.000000
132  0.529185 -0.280702 -0.110293  -0.145847 -0.000000 0.000000
133  -0.173931 -0.337327 -0.638495  -0.181751 -0.000000 0.000000
134  0.529186 -0.399253 -0.975397  -0.181751 -0.000000 0.000000
135  -0.211450 -0.464478 -1.431043  -0.192399 -0.000000 0.000000
136  0.529185 -0.515817 -1.694585  -0.192400 -0.000000 0.000000
137  -0.173931 -0.612157 -2.231910  -0.216703 -0.000000 0.000000
138  0.529182 -0.685812 -2.566444  -0.216703 -0.000000 0.000000
139  -0.211451 -0.769564 -3.027875  -0.237349 -0.000000 0.000000
140  0.529183 -0.832686 -3.288848  -0.237349 -0.000000 0.000000
141  -0.173939 -0.945285 -3.779564  -0.233859 0.000000 0.000000
142  0.529175 -1.024660 -4.112781  -0.233859 0.000000 0.000000
143  -0.211448 -1.132187 -4.577550  -0.262919 -0.000000 0.000000
144  0.529188 -1.201971 -4.836825  -0.262919 0.000000 0.000000
145  -0.000008 -2.810947 -10.636633  0.258454 -0.000000 3.141592
146  -0.192458 -1.345777 -5.370047  -0.280373 0.000000 0.000000
147  0.533983 -1.413514 -5.605107  -0.276883 0.000000 0.000000
148  -0.206623 -1.795766 -6.909782  -0.287354 0.000000 0.000000
149  -0.205809 -1.564820 -6.138258  -0.290843 0.000000 0.000000
150  0.530456 -1.643682 -6.395216  -0.290844 0.000000 0.000000
151  0.535308 -1.790717 -7.204134  -0.287354 -0.000000 0.000000
152  -0.202704 -2.030488 -7.702831  -0.286180 -0.000000 0.000000
153  0.509544 -2.118895 -8.011623  -0.298398 -0.000000 0.000000
154  -0.202705 -2.255280 -8.465174  -0.283134 -0.000000 0.000000
155  0.509544 -2.352981 -8.771160  -0.295352 -0.000000 0.000000
156  -0.202707 -2.481596 -9.235474  -0.285437 -0.000000 0.000000
157  0.509542 -2.588687 -9.538641  -0.297654 -0.000000 0.000000
158  0.170120 -21.222095 -1.001141  -0.000001 -0.000001 0.000000
159  0.170122 -20.843870 -0.397180  -0.000001 -0.000001 0.000000
160  0.170116 -20.489750 -1.001143  -0.000001 -0.000001 0.000000
161  0.170122 -20.111073 -0.397182  -0.000001 -0.000001 0.000000
162  0.170118 -19.380095 -0.397189  -0.000001 -0.000001 0.000000
163  0.170121 -19.025114 -1.001146  -0.000001 -0.000001 0.000000
164  0.170120 -18.646664 -0.396449  -0.000001 -0.000001 0.000000
165  0.170118 -19.755762 -1.001144  -0.000001 -0.000001 0.000000
166  -0.015971 10.612518 2.686017  0.000001 0.000000 -0.000000
167  0.059852 -50.160706 6.449381  1.570797 -0.000000 -1.570797
168  0.064653 27.351290 72.195206  0.000000 -0.000000 -0.000001
169  6.064256 95.114014 31.645494  0.000000 -0.000001 1.570796
170  0.054187 102.845657 29.795362  -0.000000 0.000001 -1.570796
171  6.064257 69.096558 37.164318  1.570796 -0.000000 1.570796
172  1.974303 11.989234 4.589251  0.000000 0.000000 -0.000000
173  -0.011480 23.944746 5.090361  0.000001 -0.000000 0.000000
174  -1.691248 8.833342 5.763507  0.000001 0.000000 -0.000000
175  6.064259 89.329803 31.613914  0.000000 -0.000001 1.570796
176  0.059886 2.255336 54.398014  -0.000000 0.000000 -0.000000
177  0.003496 -22.270643 0.000152  1.570797 -0.000000 -1.570797
178  0.104012 15.380371 2.266154  0.000001 0.000000 -0.000000
179  4.068531 -2.286329 1.381707  0.293644 0.293485 -0.722350
180  0.000031 -0.000003 0.000006  -0.000000 0.000000 0.000000
181  -2.662411 1.445757 33.628742  -0.000000 3.141591 1.570796
182  8.352069 2.772899 0.000541  -3.141589 0.000002 -0.000000
183  -2.662413 1.445757 40.667957  -0.000000 3.141591 1.570796
184  8.352067 2.772898 0.000545  -3.141589 0.000002 -0.000000
185  -1.431355 16.384781 4.137811  0.000001 -0.000000 0.000000
186  -0.001842 0.521683 -0.140289  0.000000 0.000000 -0.000000
187  7.323110 -5.136190 -5.166237  -0.000000 0.000000 -0.610865
188  2.698277 -0.000000 -0.000000  -0.000012 0.000000 0.000001
189  2.834159 -0.000003 0.000001  0.000013 0.000000 -0.000000
190  2.648916 -0.000000 0.000004  -0.000001 -0.000001 0.000000
191  2.667500 -0.000005 -0.000003  0.000000 0.000000 -0.000000
192  2.426698 -0.000003 -0.000003  0.000000 0.000000 -0.000000
193  -0.494741 -44.353447 -1.302296  1.570797 -0.000000 -1.570797
194  11.545939 73.768425 -3.792010  0.000000 0.000000 -0.000000
195  -0.066953 -10.025105 -0.912534  -0.000000 0.000000 -0.000000
196  -0.000002 0.000000 -1.529052  -0.000000 0.000000 -0.000000
197  -0.078945 0.000002 -0.000002  0.000000 0.000001 1.570796
198  0.097090 0.000001 -0.000001  -0.000000 -3.141592 1.570796
199  0.000000 0.000000 0.000000  0.000000 -0.000000 -0.000000
200  -7.704793 -10.408257 -12.212596  0.098821 0.889293 0.892565
201  16.351482 5.365625 -22.841000  -0.544956 0.892209 -0.386796
time 23
0  0 0 0  0 0 0
1  0.000000 0.000000 0.000000  0.000000 -0.000000 -0.000000
2  -0.000005 0.000023 -61.375507  0.000000 0.000000 -1.570795
3  -0.012872 0.000000 8.235020  -1.570799 -1.570796 0.000000
4  16.163128 -0.012870 -0.000002  -0.000000 -0.000000 0.000000
5  -0.000000 0.000000 -0.000005  0.000000 -0.000000 -0.000000
6  -0.000034 -0.000002 -0.000000  0.985713 0.383082 1.269014
7  -0.000002 -0.000004 -0.000003  0.000000 0.000000 -0.643254
8  0.000001 0.000001 -0.000005  -0.022340 -0.000000 -0.000000
9  0.000002 0.000001 -0.000006  -0.044744 -0.000000 -0.000000
10  -0.000000 0.000001 -0.000004  -0.067153 -0.000000 -0.000000
11  -0.000000 0.000001 -0.000004  -0.089571 0.000000 -0.000000
12  -0.000000 -0.000000 -0.000005  -0.112000 -0.000000 -0.000000
13  -0.000003 -0.000000 -0.000006  -0.134383 -0.000000 -0.000000
14  -0.000001 -0.000001 -0.000004  -0.156782 -0.000000 -0.000000
15  -0.000001 0.000001 0.000001  -0.296256 0.041994 -0.767912
16  -0.000004 -0.000000 0.000003  0.217781 0.090899 -0.049746
17  -0.000003 -0.000000 0.000005  0.097314 0.035988 -0.326586
18  -0.000002 -0.000001 0.000006  0.058445 0.026042 -0.358416
19  0.000002 0.000002 0.000000  0.115640 0.137722 -0.641069
20  0.000000 0.000000 0.000003  0.000000 0.000000 0.154333
21  -0.000001 -0.000001 -0.000001  -0.000000 0.000000 0.154333
22  -0.000005 0.000002 -0.000002  -0.209953 0.205981 0.194897
23  3.672212 0.000003 -0.000002  0.000003 0.000001 0.142941
24  -0.000001 0.000000 -0.000002  -0.000000 -0.000000 -0.304529
25  0.000003 0.000002 -0.000001  -0.082977 0.060987 -0.203521
26  -0.000001 0.000001 0.000002  -0.000000 0.000001 -0.152925
27  2.496794 0.000004 -0.000002  0.000000 0.000000 -0.091107
28  0.000002 0.000001 0.000005  -0.025831 0.343789 0.300085
29  0.000000 0.000000 -0.000002  -0.000000 -0.000000 0.424956
30  2.199412 -0.000000 0.000002  0.000001 0.000001 0.029263
31  0.000004 -0.000000 0.000003  0.000000 -0.000000 0.000000
32  -0.000019 -0.000001 0.000001  -0.036758 0.140086 -0.045849
33  -0.000002 0.000001 -0.000001  0.000000 -0.000000 0.776330
34  -0.000003 0.000001 -0.000001  -0.136096 0.000000 -0.000000
35  -0.000002 -0.000005 -0.000000  -0.272210 0.000000 0.000000
36  -0.000002 -0.000005 0.000001  -0.408299 0.000000 0.000000
37  -0.000000 -0.000004 0.000000  -0.544372 -0.000000 0.000000
38  -0.000005 -0.000001 0.000001  -0.680494 -0.000000 -0.000000
39  -0.000005 -0.000001 -0.000000  -0.816592 -0.000000 -0.000000
40  -0.000006 -0.000002 0.000001  -0.952705 0.000000 0.000000
41  -0.000008 -0.000005 -0.000001  0.105854 -0.834581 -1.621283
42  0.000002 0.000002 0.000000  0.000001 0.000000 0.000000
43  3.954720 0.000012 0.000004  -0.000000 -0.000002 0.166320
44  -0.000001 -0.000001 -0.000002  -0.000000 0.000000 -0.000000
45  -0.000000 -0.000002 0.000000  0.000000 -0.000000 0.000000
46  -0.000003 0.000002 -0.000002  0.000000 0.000000 -0.000000
47  -0.000006 -0.000004 -0.000000  -0.000000 -0.000000 -0.000000
48  -0.000002 -0.000001 0.000001  0.000000 -0.000000 0.000000
49  -0.000002 0.000003 -0.000000  0.000000 -0.000000 -0.000000
50  -0.000001 0.000001 -0.000004  0.000000 0.000000 -0.000000
51  -0.000006 -0.000001 0.000003  0.000000 0.000000 -0.000000
52  -0.000004 -0.000007 0.000001  -0.000000 -0.000000 0.000000
53  -0.000003 -0.000001 -0.000003  -0.000000 0.000000 0.000000
54  -0.000006 -0.000002 0.000002  -0.000000 0.000000 -0.000000
55  -0.000001 0.000001 -0.000001  -0.000000 -0.000000 -0.000000
56  2.307436 -0.000001 -0.000005  0.000002 0.000001 -0.056419
57  0.000000 0.000000 -0.000000  -0.011832 0.017464 0.001117
58  8.214404 1.975861 -21.581585  0.253292 0.783307 0.904310
59  0.071254 114.357040 62.238800  0.000000 -0.000000 0.000000
60  1.986530 0.000013 -3.123734  -2.705260 -0.000000 -1.570797
61  -1.986688 0.000018 -3.123741  0.436333 0.000001 1.570797
62  0.000008 0.000001 0.000004  0.000000 -0.000000 0.000000
63  -1.986692 0.000011 -3.123739  0.436333 0.000001 1.570797
64  -11.344162 1.135887 0.869272  0.000002 -0.025019 -0.026324
65  1.986526 0.000016 -3.123734  -2.705260 -0.000000 -1.570797
66  -11.350052 -0.729422 0.864888  0.000197 -0.025367 0.026442
67  1.754237 4.036758 -1.682669  0.392575 -0.010120 -1.546362
68  -1.755140 4.036754 -1.682667  -0.392577 -0.010391 -1.594986
69  -0.164554 7.327704 3.928704  0.000000 0.000001 -1.570796
70  0.079085 36.742691 -0.508024  0.000001 -0.000000 0.000000
71  -1.260174 8.777410 6.736406  -0.000002 -0.424415 -3.141592
72  1.525194 18.283598 2.968621  0.000000 -0.000000 0.000000
73  0.060217 10.324389 74.469070  0.000008 -0.000000 0.000000
74  0.062808 75.917999 83.075447  1.570797 -0.000000 -1.570796
75  4.804184 -3.971745 -0.000006  -0.000000 0.000000 -0.000000
76  -7.041564 -5.025993 -0.000008  -0.000000 -0.000000 -0.000000
77  8.407185 -3.978439 0.003051  -1.570796 1.570795 0.000000
78  10.376189 -3.978448 0.003054  -1.570796 1.570796 0.000000
79  10.194018 -0.314067 -1.749553  -1.570796 1.570796 0.000000
80  20.857887 -4.015568 0.000000  0.000000 -0.000000 0.000000
81  3.258447 5.856951 -3.403524  -0.000000 -0.000000 -0.000000
82  15.153050 5.860577 -3.403524  -0.000000 -0.000000 0.000000
83  6.064257 77.294960 36.365799  1.570796 0.000000 1.570796
84  -2.662413 1.445754 40.667961  -0.000000 3.141591 1.570796
85  8.352068 2.772900 0.000539  -3.141589 0.000002 0.000000
86  6.064256 72.973694 32.593254  1.570796 0.000000 1.570796
87  0.004366 73.768417 -3.792013  0.000000 -0.000000 0.000000
88  -0.442606 1.284882 8.535292  0.000000 -0.000001 0.000000
89  0.000004 1.310212 -0.000002  0.000000 0.000000 0.000000
90  0.000003 0.582260 -0.000001  0.000000 0.000000 0.000000
91  0.036301 1.284884 7.928799  -0.000000 -0.000001 0.000000
92  0.000004 1.310212 -0.000000  0.000000 0.000000 0.000000
93  0.000002 0.582262 -0.000001  0.000000 0.000000 0.000000
94  5.969325 3.427464 -6.170650  -0.000000 -0.000001 -1.570797
95  -1.310209 0.000000 -0.000002  0.000000 0.000000 -0.000000
96  -0.582259 -0.000003 -0.000001  0.000000 -0.000000 -0.000000
97  5.969324 9.397406 -6.170659  -0.000000 -0.000001 -1.570796
98  -1.310214 -0.000003 0.000003  0.000000 0.000000 -0.000000
99  -0.582264 0.000000 0.000003  0.000000 0.000000 -0.000000
100  5.969322 15.223774 -6.170669  -0.000000 -0.000001 -1.570796
101  -1.310214 0.000007 -0.000007  -0.000000 0.000000 -0.000000
102  -0.582268 0.000010 -0.000003  -0.000000 0.000000 -0.000000
103  5.969326 20.835579 -6.170672  -0.000000 -0.000001 -1.570796
104  -1.310215 0.000003 0.000003  -0.000000 0.000000 -0.000000
105  -0.582262 -0.000003 0.000003  -0.000000 0.000000 -0.000000
106  5.969331 26.771221 -6.170667  -0.000000 -0.000001 -1.570796
107  5.969322 32.597599 -6.170677  -0.000000 -0.000001 -1.570796
108  5.969327 38.209400 -6.170682  0.000000 -0.000001 -1.570800
109  5.969325 49.488464 -6.170684  0.000000 -0.000001 -1.570800
110  -0.539091 -0.556806 -0.017363  -0.042462 2.681156 1.551919
111  -6.799121 -0.556806 0.818552  -0.272420 2.701993 1.452460
112  -4.615283 -0.556821 0.270326  -0.117230 2.684609 1.518878
113  -2.650968 -0.556803 0.063009  -0.042463 2.681158 1.551919
114  27.110340 1.284862 12.007549  0.000000 -0.000000 0.000000
115  28.133427 1.284857 12.007546  0.000001 -0.000000 0.000000
116  12.812889 2.241793 12.007549  0.000000 -0.000001 -0.000001
117  -9.955969 -0.319618 4.380214  -0.000001 -0.000000 -0.000001
118  -11.316469 -0.319622 4.380217  -0.000003 -0.000000 0.000000
119  -12.667808 -0.319619 4.380217  -0.000003 -0.000000 0.000001
120  -14.022141 -0.319619 4.380217  0.000010 -0.000000 -0.000011
121  -15.373238 -0.319617 4.380215  0.000015 -0.000000 -0.000015
122  -16.724144 -0.319616 4.380213  -0.000009 -0.000000 0.000006
123  -18.074572 -0.319618 4.380214  -0.000006 0.000000 0.000004
124  -19.423716 -0.319615 4.380213  0.000002 0.000000 -0.000004
125  -20.775270 -0.319616 4.380215  0.000003 0.000000 -0.000004
126  -22.126667 -0.319616 4.380218  0.000003 -0.000000 -0.000004
127  -23.478119 -0.319619 4.380217  0.000005 -0.000000 -0.000006
128  -24.830618 -0.319615 4.380219  0.000036 -0.000000 -0.000038
129  -26.182026 -0.319613 4.380216  -0.000011 -0.000000 0.000011
130  0.529178 -0.167124 0.629482  -0.101270 -0.000000 0.000000
131  -0.211442 -0.241678 0.155363  -0.145847 -0.000000 0.000000
132  0.529193 -0.280698 -0.110291  -0.145847 -0.000000 0.000000
133  -0.173924 -0.337324 -0.638494  -0.181751 -0.000000 0.000000
134  0.529191 -0.399243 -0.975392  -0.181751 -0.000000 0.000000
135  -0.211443 -0.464473 -1.431043  -0.192399 -0.000000 0.000000
136  0.529190 -0.515802 -1.694586  -0.192399 -0.000000 0.000000
137  -0.173924 -0.612146 -2.231911  -0.216703 -0.000000 0.000000
138  0.529189 -0.685804 -2.566442  -0.216703 -0.000000 0.000000
139  -0.211441 -0.769555 -3.027869  -0.237349 -0.000000 0.000000
140  0.529190 -0.832681 -3.288847  -0.237349 -0.000000 0.000000
141  -0.173935 -0.945274 -3.779566  -0.233859 0.000000 0.000000
142  0.529181 -1.024651 -4.112782  -0.233859 0.000000 0.000000
143  -0.211444 -1.132185 -4.577549  -0.262919 -0.000000 0.000000
144  0.529191 -1.201962 -4.836824  -0.262919 0.000000 0.000000
145  -0.000004 -2.810937 -10.636631  0.258454 0.000000 3.141592
146  -0.192453 -1.345774 -5.370045  -0.280373 0.000000 0.000000
147  0.533986 -1.413510 -5.605103  -0.276883 0.000000 0.000000
148  -0.206614 -1.795757 -6.909779  -0.287354 0.000000 0.000000
149  -0.205803 -1.564812 -6.138257  -0.290843 0.000000 0.000000
150  0.530462 -1.643672 -6.395215  -0.290844 0.000000 0.000000
151  0.535313 -1.790709 -7.204131  -0.287354 -0.000000 0.000000
152  -0.202703 -2.030484 -7.702827  -0.286180 -0.000000 0.000000
153  0.509551 -2.118893 -8.011622  -0.298398 -0.000000 0.000000
154  -0.202700 -2.255275 -8.465171  -0.283134 -0.000000 0.000000
155  0.509549 -2.352977 -8.771161  -0.295352 -0.000000 0.000000
156  -0.202703 -2.481594 -9.235472  -0.285437 -0.000000 0.000000
157  0.509547 -2.588679 -9.538641  -0.297654 -0.000000 0.000000
158  0.170125 -21.222086 -1.001141  -0.000001 -0.000001 0.000000
159  0.170123 -20.843863 -0.397182  -0.000001 -0.000001 0.000000
160  0.170124 -20.489746 -1.001142  -0.000001 -0.000001 0.000000
161  0.170125 -20.111069 -0.397182  -0.000001 -0.000001 0.000000
162  0.170124 -19.380089 -0.397188  -0.000001 -0.000001 0.000000
163  0.170125 -19.025105 -1.001145  -0.000001 -0.000001 0.000000
164  0.170126 -18.646654 -0.396448  -0.000001 -0.000001 0.000000
165  0.170125 -19.755758 -1.001142  -0.000001 -0.000001 0.000000
166  -0.015972 10.612518 2.686019  0.000001 -0.000000 0.000000
167  0.059849 -50.160706 6.449385  1.570797 -0.000000 -1.570797
168  0.064650 27.351292 72.195213  -0.000000 -0.000000 -0.000001
169  6.064264 95.114014 31.645504  -0.000000 -0.000001 1.570796
170  0.054188 102.845657 29.795364  0.000000 0.000001 -1.570796
171  6.064259 69.096565 37.164322  1.570796 0.000000 1.570796
172  1.974303 11.989233 4.589252  0.000000 -0.000000 0.000000
173  -0.011479 23.944748 5.090362  0.000001 -0.000000 0.000000
174  -1.691251 8.833342 5.763508  0.000001 -0.000000 0.000000
175  6.064262 89.329803 31.613920  -0.000000 -0.000001 1.570796
176  0.059884 2.255335 54.398018  0.000000 -0.000000 0.000000
177  0.003494 -22.270645 0.000152  1.570797 -0.000000 -1.570797
178  0.104011 15.380371 2.266154  0.000001 -0.000000 0.000000
179  4.068517 -2.286324 1.381709  0.293644 0.293485 -0.722350
180  0.000027 -0.000001 0.000006  -0.000000 0.000000 0.000000
181  -2.662414 1.445760 33.628746  -0.000000 3.141591 1.570796
182  8.352066 2.772900 0.000542  -3.141589 0.000002 0.000000
183  -2.662413 1.445754 40.667961  -0.000000 3.141591 1.570796
184  8.352068 2.772900 0.000539  -3.141589 0.000002 0.000000
185  -1.431354 16.384781 4.137812  0.000001 0.000000 0.000000
186  -0.001844 0.521683 -0.140289  0.000000 -0.000000 0.000000
187  7.323109 -5.136190 -5.166236  -0.000000 0.000000 -0.610865
188  2.698275 -0.000001 0.000001  -0.000012 0.000000 0.000000
189  2.834157 -0.000001 -0.000000  0.000013 0.000000 -0.000000
190  2.648917 -0.000001 0.000001  -0.000001 -0.000001 0.000000
191  2.667495 -0.000004 -0.000003  -0.000000 0.000000 -0.000000
192  2.426705 -0.000003 -0.000004  0.000000 0.000000 -0.000000
193  -0.494746 -44.353447 -1.302300  1.570797 -0.000000 -1.570797
194  11.545938 73.768425 -3.792009  0.000000 -0.000000 0.000000
195  -0.066954 -10.025106 -0.912533  0.000000 -0.000000 0.000000
196  -0.000000 0.000002 -1.529050  -0.000000 -0.000000 0.000000
197  -0.078943 -0.000001 -0.000002  0.000000 0.000001 1.570796
198  0.097091 -0.000001 -0.000001  -0.000000 -3.141592 1.570796
199  0.000000 0.000000 0.000000  0.000000 -0.000000 -0.000000
200  -9.263319 -7.873910 -13.740055  0.253292 0.783307 0.904310
201  13.238315 5.931526 -26.881060  -0.323628 0.957235 -0.312898
time 24
0  0 0 0  0 0 0
1  0.000000 0.000000 0.000000  0.000000 -0.000000 -0.000000
2  -0.000005 0.000023 -61.375507  0.000000 0.000000 -1.570795
3  -0.012872 0.000000 8.235020  -1.570799 -1.570796 0.000000
4  16.163128 -0.012870 -0.000002  -0.000000 -0.000000 0.000000
5  -0.000000 0.000000 -0.000005  0.000000 -0.000000 -0.000000
6  -0.000034 -0.000002 -0.000000  1.083163 0.326512 1.310062
7  0.000000 -0.000005 0.000000  -0.000000 0.000000 -0.573010
8  0.000000 0.000001 0.000000  -0.018311 -0.000000 -0.000000
9  0.000001 0.000001 -0.000000  -0.036624 -0.000000 -0.000000
10  -0.000003 0.000002 -0.000003  -0.055001 -0.000000 -0.000000
11  -0.000001 0.000002 0.000001  -0.073322 0.000000 -0.000000
12  -0.000002 0.000001 0.000001  -0.091649 -0.000000 -0.000000
13  -0.000002 -0.000001 0.000001  -0.109983 -0.000000 -0.000000
14  -0.000002 -0.000001 0.000001  -0.128327 -0.000000 -0.000000
15  -0.000001 0.000002 0.000005  -0.297330 0.098042 -0.761686
16  -0.000005 -0.000002 0.000005  0.217781 0.090899 -0.049746
17  -0.000003 0.000000 0.000005  0.097314 0.035988 -0.326586
18  -0.000002 0.000002 0.000003  0.058445 0.026042 -0.358416
19  0.000001 0.000001 0.000003  0.115640 0.137723 -0.641069
20  -0.000000 0.000002 -0.000000  0.000000 -0.000000 0.154333
21  -0.000002 -0.000001 -0.000004  0.000000 0.000000 0.154333
22  -0.000004 0.000000 0.000000  -0.209953 0.205981 0.194897
23  3.672212 0.000004 0.000001  0.000003 0.000001 0.142941
24  -0.000000 -0.000001 0.000001  0.000000 0.000000 -0.304529
25  0.000001 0.000001 -0.000001  -0.082977 0.060987 -0.203521
26  -0.000001 0.000002 -0.000002  -0.000000 0.000000 -0.152925
27  2.496794 0.000004 -0.000001  0.000000 0.000000 -0.091107
28  0.000001 -0.000000 0.000003  -0.025831 0.343789 0.300085
29  0.000000 0.000000 0.000001  -0.000000 0.000000 0.424956
30  2.199412 0.000000 0.000009  0.000001 0.000001 0.029263
31  0.000004 -0.000000 0.000003  0.000000 -0.000000 0.000000
32  -0.000019 -0.000001 0.000001  -0.031711 0.194744 0.015671
33  -0.000003 0.000001 0.000001  0.000000 -0.000000 0.710815
34  -0.000000 0.000001 0.000000  -0.133710 0.000000 -0.000000
35  -0.000002 -0.000001 0.000000  -0.267467 0.000000 0.000000
36  0.000001 -0.000003 0.000002  -0.401196 0.000000 0.000000
37  -0.000001 0.000001 0.000001  -0.534936 0.000000 -0.000000
38  -0.000005 0.000003 0.000001  -0.668657 0.000000 0.000000
39  -0.000004 0.000003 -0.000000  -0.802448 -0.000000 -0.000000
40  -0.000003 -0.000001 0.000001  -0.936187 -0.000000 0.000000
41  -0.000008 -0.000002 -0.000001  0.169806 -0.826496 -1.521038
42  -0.000003 0.000002 -0.000001  0.000001 0.000000 0.000000
43  3.954719 0.000013 0.000003  -0.000000 -0.000002 0.166319
44  -0.000002 -0.000001 -0.000001  -0.000000 -0.000000 -0.000000
45  -0.000003 0.000001 -0.000003  0.000000 -0.000000 0.000000
46  -0.000002 -0.000001 -0.000001  -0.000000 0.000000 -0.000000
47  -0.000000 -0.000000 0.000001  0.000000 -0.000000 -0.000000
48  -0.000003 0.000002 -0.000001  0.000000 0.000000 0.000000
49  -0.000002 0.000001 -0.000002  -0.000000 -0.000000 -0.000000
50  -0.000001 0.000001 -0.000002  0.000000 -0.000000 -0.000000
51  -0.000008 0.000001 -0.000001  -0.000000 -0.000000 -0.000000
52  -0.000002 -0.000001 -0.000001  -0.000000 -0.000000 -0.000000
53  0.000001 0.000004 -0.000001  0.000000 0.000000 -0.000000
54  -0.000008 0.000002 -0.000000  -0.000000 -0.000000 -0.000000
55  -0.000001 0.000001 -0.000002  0.000000 -0.000000 -0.000000
56  2.307436 -0.000002 -0.000003  0.000002 0.000001 -0.056419
57  0.000000 0.000000 -0.000000  -0.008126 0.018186 -0.000867
58  5.516911 2.768677 -24.825878  0.377603 0.675683 0.895293
59  0.071248 114.357033 62.238792  -0.000000 -0.000000 -0.000000
60  1.986516 0.000005 -3.123736  -2.705260 -0.000000 -1.570797
61  -1.986697 0.000011 -3.123746  0.436333 0.000001 1.570797
62  -0.000006 -0.000002 -0.000004  0.000000 -0.000000 -0.000000
63  -1.986694 0.000019 -3.123737  0.436333 0.000001 1.570797
64  -11.344158 1.135881 0.869286  0.000002 -0.025019 -0.026324
65  1.986522 0.000015 -3.123733  -2.705260 -0.000000 -1.570797
66  -11.350048 -0.729417 0.864887  0.000197 -0.025367 0.026442
67  1.754237 4.036757 -1.682668  0.392575 -0.010120 -1.546362
68  -1.755144 4.036758 -1.682667  -0.392577 -0.010391 -1.594986
69  -0.164552 7.327703 3.928703  0.000000 0.000001 -1.570796
70  0.079083 36.742691 -0.508023  0.000001 -0.000000 -0.000000
71  -1.260169 8.777409 6.736404  -0.000002 -0.424415 -3.141592
72  1.525194 18.283596 2.968623  0.000000 -0.000000 -0.000000
73  0.060217 10.324385 74.469048  0.000008 -0.000000 -0.000000
74  0.062801 75.917999 83.075439  1.570797 -0.000000 -1.570796
75  4.804182 -3.971744 -0.000005  -0.000000 0.000000 -0.000000
76  -7.041566 -5.025991 -0.000002  -0.000000 -0.000000 -0.000000
77  8.407180 -3.978434 0.003050  -1.570796 1.570795 0.000000
78  10.376188 -3.978445 0.003046  -1.570796 1.570796 0.000000
79  10.194008 -0.314059 -1.749553  -1.570796 1.570796 0.000000
80  20.857880 -4.015559 -0.000005  0.000000 -0.000000 -0.000000
81  3.258438 5.856954 -3.403528  -0.000000 -0.000000 -0.000000
82  15.153048 5.860581 -3.403528  0.000000 -0.000000 0.000000
83  6.064257 77.294952 36.365791  1.570796 0.000000 1.570796
84  -2.662409 1.445752 40.667957  0.000000 3.141591 1.570796
85  8.352065 2.772900 0.000540  -3.141589 0.000002 0.000000
86  6.064252 72.973686 32.593246  1.570796 0.000000 1.570796
87  0.004364 73.768417 -3.792011  0.000000 -0.000000 0.000000
88  -0.442606 1.284884 8.535290  -0.000000 -0.000001 0.000000
89  0.000002 1.310210 -0.000001  0.000000 0.000000 0.000000
90  -0.000003 0.582257 -0.000000  0.000000 0.000000 0.000000
91  0.036297 1.284883 7.928796  -0.000000 -0.000001 0.000000
92  -0.000001 1.310208 0.000003  0.000000 0.000000 0.000000
93  -0.000005 0.582256 0.000001  0.000000 0.000000 0.000000
94  5.969325 3.427462 -6.170650  -0.000000 -0.000001 -1.570797
95  -1.310210 -0.000001 -0.000003  0.000000 -0.000000 -0.000000
96  -0.582258 -0.000001 -0.000001  0.000000 -0.000000 -0.000000
97  5.969325 9.397408 -6.170658  -0.000000 -0.000001 -1.570796
98  -1.310216 0.000001 0.000001  0.000000 0.000000 -0.000000
99  -0.582265 0.000003 0.000003  0.000000 0.000000 -0.000000
100  5.969325 15.223776 -6.170671  0.000000 -0.000001 -1.570796
101  -1.310214 0.000000 0.000002  -0.000000 0.000000 -0.000000
102  -0.582265 0.000001 0.000002  -0.000000 0.000000 -0.000000
103  5.969323 20.835571 -6.170672  0.000000 -0.000001 -1.570796
104  -1.310212 -0.000001 -0.000001  -0.000000 0.000000 -0.000000
105  -0.582266 0.000000 0.000005  -0.000000 0.000000 -0.000000
106  5.969324 26.771212 -6.170673  0.000000 -0.000001 -1.570796
107  5.969326 32.597603 -6.170674  0.000000 -0.000001 -1.570796
108  5.969327 38.209404 -6.170682  0.000000 -0.000001 -1.570800
109  5.969322 49.488468 -6.170684  0.000000 -0.000001 -1.570800
110  -0.539091 -0.556805 -0.017363  -0.042462 2.681156 1.551919
111  -6.799123 -0.556802 0.818549  -0.272420 2.701993 1.452460
112  -4.615282 -0.556819 0.270329  -0.117230 2.684609 1.518878
113  -2.650971 -0.556804 0.063010  -0.042463 2.681158 1.551919
114  27.110336 1.284860 12.007548  0.000000 -0.000000 0.000000
115  28.133427 1.284861 12.007549  0.000001 -0.000000 0.000000
116  12.812890 2.241793 12.007549  -0.000000 -0.000001 -0.000001
117  -9.955966 -0.319620 4.380216  -0.000001 -0.000000 -0.000001
118  -11.316471 -0.319622 4.380216  -0.000003 -0.000000 0.000000
119  -12.667809 -0.319623 4.380214  -0.000003 -0.000000 0.000001
120  -14.022140 -0.319624 4.380216  0.000010 -0.000000 -0.000011
121  -15.373241 -0.319618 4.380209  0.000015 -0.000000 -0.000015
122  -16.724140 -0.319621 4.380213  -0.000009 -0.000000 0.000006
123  -18.074570 -0.319618 4.380215  -0.000006 -0.000000 0.000004
124  -19.423716 -0.319621 4.380216  0.000002 0.000000 -0.000004
125  -20.775269 -0.319618 4.380215  0.000003 0.000000 -0.000004
126  -22.126673 -0.319615 4.380213  0.000003 -0.000000 -0.000004
127  -23.478123 -0.319619 4.380213  0.000005 -0.000000 -0.000006
128  -24.830618 -0.319618 4.380214  0.000036 -0.000000 -0.000038
129  -26.182030 -0.319615 4.380212  -0.000011 -0.000000 0.000011
130  0.529180 -0.167126 0.629482  -0.101270 -0.000000 0.000000
131  -0.211447 -0.241680 0.155358  -0.145847 -0.000000 0.000000
132  0.529193 -0.280699 -0.110290  -0.145847 -0.000000 0.000000
133  -0.173927 -0.337321 -0.638497  -0.181751 -0.000000 0.000000
134  0.529192 -0.399240 -0.975394  -0.181751 -0.000000 0.000000
135  -0.211444 -0.464469 -1.431045  -0.192399 -0.000000 0.000000
136  0.529190 -0.515805 -1.694584  -0.192399 -0.000000 0.000000
137  -0.173926 -0.612149 -2.231910  -0.216703 -0.000000 0.000000
138  0.529187 -0.685803 -2.566439  -0.216703 -0.000000 0.000000
139  -0.211446 -0.769559 -3.027872  -0.237349 -0.000000 0.000000
140  0.529188 -0.832685 -3.288847  -0.237349 -0.000000 0.000000
141  -0.173935 -0.945276 -3.779566  -0.233859 0.000000 0.000000
142  0.529181 -1.024650 -4.112782  -0.233859 0.000000 0.000000
143  -0.211443 -1.132178 -4.577549  -0.262919 -0.000000 0.000000
144  0.529190 -1.201964 -4.836826  -0.262919 0.000000 0.000000
145  -0.000002 -2.810935 -10.636629  0.258454 0.000000 3.141592
146  -0.192453 -1.345777 -5.370044  -0.280373 0.000000 0.000000
147  0.533987 -1.413508 -5.605104  -0.276883 0.000000 0.000000
148  -0.206617 -1.795759 -6.909778  -0.287354 0.000000 0.000000
149  -0.205804 -1.564813 -6.138257  -0.290843 0.000000 0.000000
150  0.530461 -1.643674 -6.395214  -0.290844 0.000000 0.000000
151  0.535312 -1.790705 -7.204132  -0.287354 -0.000000 0.000000
152  -0.202705 -2.030485 -7.702831  -0.286180 -0.000000 0.000000
153  0.509550 -2.118892 -8.011624  -0.298398 -0.000000 0.000000
154  -0.202704 -2.255275 -8.465171  -0.283134 -0.000000 0.000000
155  0.509549 -2.352981 -8.771158  -0.295352 -0.000000 0.000000
156  -0.202700 -2.481593 -9.235471  -0.285437 -0.000000 0.000000
157  0.509546 -2.588678 -9.538640  -0.297654 -0.000000 0.000000
158  0.170122 -21.222090 -1.001139  -0.000001 -0.000001 0.000000
159  0.170121 -20.843861 -0.397182  -0.000001 -0.000001 0.000000
160  0.170123 -20.489744 -1.001141  -0.000001 -0.000001 0.000000
161  0.170123 -20.111065 -0.397183  -0.000001 -0.000001 0.000000
162  0.170125 -19.380089 -0.397185  -0.000001 -0.000001 0.000000
163  0.170122 -19.025105 -1.001145  -0.000001 -0.000001 0.000000
164  0.170122 -18.646658 -0.396447  -0.000001 -0.000001 0.000000
165  0.170126 -19.755760 -1.001141  -0.000001 -0.000001 0.000000
166  -0.015971 10.612516 2.686017  0.000001 -0.000000 -0.000000
167  0.059856 -50.160698 6.449381  1.570797 -0.000000 -1.570796
168  0.064653 27.351288 72.195206  0.000000 -0.000000 -0.000001
169  6.064258 95.114006 31.645500  -0.000000 -0.000001 1.570796
170  0.054190 102.845642 29.795361  0.000000 0.000001 -1.570796
171  6.064257 69.096550 37.164314  1.570796 0.000000 1.570796
172  1.974306 11.989232 4.589249  0.000000 -0.000000 -0.000000
173  -0.011477 23.944746 5.090362  0.000001 -0.000000 0.000000
174  -1.691248 8.833341 5.763507  0.000001 -0.000000 -0.000000
175  6.064257 89.329796 31.613916  -0.000000 -0.000001 1.570796
176  0.059889 2.255332 54.398010  -0.000000 -0.000000 -0.000000
177  0.003496 -22.270645 0.000145  1.570797 -0.000000 -1.570797
178  0.104013 15.380368 2.266152  0.000001 -0.000000 -0.000000
179  4.068510 -2.286320 1.381707  0.293644 0.293485 -0.722350
180  0.000030 -0.000002 0.000005  -0.000000 -0.000000 0.000000
181  -2.662411 1.445757 33.628738  0.000000 3.141591 1.570796
182  8.352066 2.772897 0.000540  -3.141589 0.000002 0.000000
183  -2.662409 1.445752 40.667957  0.000000 3.141591 1.570796
184  8.352065 2.772900 0.000540  -3.141589 0.000002 0.000000
185  -1.431355 16.384777 4.137811  0.000001 -0.000000 0.000000
186  -0.001841 0.521682 -0.140290  0.000000 -0.000000 -0.000000
187  7.323112 -5.136192 -5.166236  -0.000000 0.000000 -0.610865
188  2.698278 -0.000001 0.000002  -0.000012 0.000000 0.000001
189  2.834157 -0.000002 -0.000003  0.000013 0.000000 0.000000
190  2.648917 -0.000001 0.000000  -0.000001 -0.000001 0.000000
191  2.667497 -0.000002 -0.000001  0.000000 0.000000 -0.000000
192  2.426706 -0.000001 -0.000003  0.000000 0.000000 -0.000000
193  -0.494740 -44.353447 -1.302299  1.570797 -0.000000 -1.570797
194  11.545936 73.768410 -3.792008  0.000000 -0.000000 -0.000000
195  -0.066951 -10.025105 -0.912534  -0.000000 -0.000000 -0.000000
196  0.000000 0.000000 -1.529052  -0.000000 -0.000000 -0.000000
197  -0.078943 0.000000 -0.000000  0.000000 0.000001 1.570796
198  0.097092 0.000000 -0.000001  -0.000000 -3.141592 1.570796
199  0.000000 0.000000 0.000000  0.000000 -0.000000 -0.000000
200  -10.410541 -6.027796 -14.525517  0.377604 0.675683 0.895293
201  10.599227 6.583758 -30.044098  -0.080430 0.999297 -0.202862
time 25
0  0 0 0  0 0 0
1  0.000000 0.000000 0.000000  0.000000 -0.000000 -0.000000
2  -0.000005 0.000023 -61.375507  0.000000 0.000000 -1.570795
3  -0.012872 0.000000 8.235020  -1.570799 -1.570796 0.000000
4  16.163128 -0.012870 -0.000002  -0.000000 -0.000000 0.000000
5  -0.000000 0.000000 -0.000005  0.000000 -0.000000 -0.000000
6  -0.000034 -0.000002 -0.000000  1.152157 0.291431 1.338561
7  -0.000002 -0.000006 0.000001  -0.000000 0.000000 -0.510736
8  -0.000001 0.000001 -0.000007  -0.015381 -0.000000 -0.000000
9  0.000001 0.000001 -0.000007  -0.030825 -0.000000 -0.000000
10  -0.000000 -0.000000 -0.000003  -0.046270 -0.000000 -0.000000
11  -0.000002 -0.000000 -0.000007  -0.061657 -0.000000 -0.000000
12  -0.000003 -0.000000 -0.000006  -0.077109 -0.000000 -0.000000
13  -0.000004 -0.000000 -0.000010  -0.092504 -0.000000 -0.000000
14  -0.000004 -0.000001 -0.000006  -0.107966 -0.000000 -0.000000
15  -0.000002 0.000001 -0.000002  -0.291681 0.150223 -0.723042
16  -0.000005 -0.000001 0.000001  0.217781 0.090899 -0.049746
17  -0.000002 0.000000 0.000006  0.097314 0.035988 -0.326586
18  -0.000002 0.000002 0.000003  0.058445 0.026042 -0.358416
19  0.000001 0.000002 0.000000  0.115640 0.137722 -0.641069
20  0.000000 0.000001 0.000001  0.000000 -0.000000 0.154333
21  0.000000 0.000000 -0.000003  0.000000 -0.000000 0.154333
22  -0.000005 0.000001 -0.000003  -0.209953 0.205981 0.194897
23  3.672211 0.000003 -0.000001  0.000003 0.000001 0.142941
24  0.000000 -0.000002 0.000000  -0.000000 0.000000 -0.304529
25  0.000001 0.000001 0.000000  -0.082977 0.060987 -0.203521
26  -0.000002 0.000000 0.000003  -0.000000 0.000000 -0.152925
27  2.496795 0.000003 0.000004  0.000000 0.000000 -0.091107
28  0.000000 0.000000 0.000000  -0.025831 0.343789 0.300085
29  0.000000 0.000000 0.000008  -0.000000 0.000000 0.424956
30  2.199412 0.000001 0.000008  0.000001 0.000001 0.029263
31  0.000004 -0.000000 0.000003  0.000000 -0.000000 0.000000
32  -0.000019 -0.000001 0.000001  -0.021061 0.227817 0.060883
33  0.000007 0.000001 0.000002  0.000000 -0.000000 0.656264
34  0.000001 0.000001 0.000000  -0.130651 0.000000 -0.000000
35  -0.000003 0.000000 0.000001  -0.261371 0.000000 0.000000
36  -0.000001 -0.000001 0.000001  -0.392044 0.000000 -0.000000
37  0.000000 0.000000 0.000001  -0.522732 0.000000 0.000000
38  -0.000003 0.000001 0.000002  -0.653428 -0.000000 -0.000000
39  -0.000001 -0.000001 0.000001  -0.784118 -0.000000 -0.000000
40  -0.000005 -0.000002 0.000002  -0.914769 0.000000 0.000000
41  -0.000007 -0.000004 0.000000  0.240270 -0.811203 -1.418296
42  -0.000002 -0.000000 0.000007  0.000001 0.000000 0.000000
43  3.954717 0.000011 0.000004  -0.000000 -0.000002 0.166319
44  -0.000001 -0.000001 -0.000001  -0.000000 -0.000000 -0.000000
45  -0.000002 -0.000001 0.000006  0.000000 -0.000000 0.000000
46  -0.000003 0.000001 0.000002  0.000000 0.000000 -0.000000
47  -0.000005 -0.000003 0.000003  -0.000000 -0.000000 0.000000
48  -0.000001 0.000002 0.000004  -0.000000 0.000000 -0.000000
49  0.000001 0.000002 0.000001  -0.000000 -0.000000 -0.000000
50  0.000002 -0.000002 0.000001  -0.000000 0.000000 0.000000
51  -0.000005 0.000001 0.000005  -0.000000 0.000000 -0.000000
52  -0.000001 -0.000001 -0.000001  -0.000000 -0.000000 0.000000
53  -0.000001 -0.000001 0.000000  0.000000 0.000000 -0.000000
54  -0.000004 0.000001 0.000005  -0.000000 0.000000 -0.000000
55  -0.000002 0.000001 0.000001  -0.000000 0.000000 -0.000000
56  2.307435 -0.000003 -0.000003  0.000002 0.000001 -0.056419
57  0.000000 0.000000 -0.000000  -0.005086 0.016902 -0.002362
58  3.389820 3.558884 -27.232563  0.479995 0.568533 0.869695
59  0.071249 114.357010 62.238789  -0.000000 -0.000000 0.000000
60  1.986529 0.000019 -3.123739  -2.705260 -0.000000 -1.570797
61  -1.986685 0.000020 -3.123747  0.436333 0.000001 1.570797
62  0.000006 -0.000001 -0.000006  0.000000 -0.000000 0.000000
63  -1.986690 0.000014 -3.123736  0.436333 0.000001 1.570797
64  -11.344167 1.135886 0.869278  0.000002 -0.025019 -0.026324
65  1.986525 0.000020 -3.123733  -2.705260 -0.000000 -1.570797
66  -11.350062 -0.729421 0.864883  0.000197 -0.025367 0.026442
67  1.754239 4.036766 -1.682666  0.392575 -0.010120 -1.546362
68  -1.755136 4.036763 -1.682663  -0.392577 -0.010391 -1.594986
69  -0.164557 7.327703 3.928700  0.000000 0.000001 -1.570796
70  0.079081 36.742691 -0.508024  0.000001 -0.000000 0.000000
71  -1.260175 8.777410 6.736403  -0.000002 -0.424416 -3.141592
72  1.525191 18.283596 2.968619  0.000000 -0.000000 0.000000
73  0.060220 10.324384 74.469048  0.000008 -0.000000 0.000000
74  0.062809 75.917992 83.075432  1.570797 -0.000000 -1.570796
75  4.804179 -3.971750 0.000002  -0.000000 0.000000 -0.000000
76  -7.041573 -5.025999 -0.000002  -0.000000 -0.000000 -0.000000
77  8.407179 -3.978438 0.003059  -1.570796 1.570795 0.000000
78  10.376184 -3.978447 0.003057  -1.570796 1.570796 0.000000
79  10.194016 -0.314065 -1.749545  -1.570796 1.570796 0.000000
80  20.857883 -4.015571 0.000000  0.000000 -0.000000 0.000000
81  3.258436 5.856950 -3.403522  -0.000000 -0.000000 -0.000000
82  15.153049 5.860573 -3.403517  0.000000 -0.000000 0.000000
83  6.064259 77.294952 36.365791  1.570796 0.000000 1.570796
84  -2.662411 1.445752 40.667957  0.000000 3.141591 1.570796
85  8.352066 2.772897 0.000541  -3.141589 0.000002 -0.000000
86  6.064260 72.973694 32.593246  1.570796 0.000000 1.570796
87  0.004366 73.768417 -3.792009  0.000000 -0.000000 0.000000
88  -0.442610 1.284877 8.535290  -0.000000 -0.000001 0.000000
89  0.000002 1.310204 0.000000  0.000000 -0.000000 0.000000
90  0.000000 0.582256 0.000000  0.000000 -0.000000 0.000000
91  0.036297 1.284879 7.928797  -0.000000 -0.000001 0.000000
92  -0.000000 1.310211 -0.000000  0.000000 0.000000 0.000000
93  -0.000001 0.582258 0.000003  0.000000 0.000000 0.000000
94  5.969326 3.427459 -6.170653  -0.000000 -0.000001 -1.570797
95  -1.310209 -0.000005 -0.000001  0.000000 0.000000 -0.000000
96  -0.582256 -0.000001 0.000000  0.000000 0.000000 -0.000000
97  5.969321 9.397390 -6.170659  -0.000000 -0.000001 -1.570796
98  -1.310213 -0.000002 -0.000001  0.000000 0.000000 -0.000000
99  -0.582261 -0.000005 -0.000002  0.000000 0.000000 -0.000000
100  5.969324 15.223767 -6.170671  -0.000000 -0.000001 -1.570796
101  -1.310216 0.000005 0.000004  -0.000000 0.000000 -0.000000
102  -0.582260 -0.000001 0.000003  -0.000000 0.000001 -0.000000
103  5.969321 20.835564 -6.170673  -0.000000 -0.000001 -1.570796
104  -1.310210 -0.000003 0.000001  -0.000000 0.000000 -0.000000
105  -0.582257 -0.000000 0.000007  -0.000000 0.000001 -0.000000
106  5.969323 26.771204 -6.170672  -0.000000 -0.000001 -1.570796
107  5.969323 32.597599 -6.170677  -0.000000 -0.000001 -1.570796
108  5.969327 38.209393 -6.170688  0.000000 -0.000001 -1.570800
109  5.969321 49.488464 -6.170684  0.000000 -0.000001 -1.570800
110  -0.539089 -0.556812 -0.017362  -0.042462 2.681156 1.551919
111  -6.799120 -0.556811 0.818551  -0.272420 2.701993 1.452460
112  -4.615283 -0.556827 0.270325  -0.117230 2.684609 1.518878
113  -2.650967 -0.556813 0.063011  -0.042463 2.681158 1.551919
114  27.110344 1.284858 12.007549  -0.000000 -0.000000 -0.000000
115  28.133429 1.284853 12.007547  0.000001 -0.000000 -0.000000
116  12.812887 2.241782 12.007550  -0.000000 -0.000001 -0.000001
117  -9.955963 -0.319623 4.380215  -0.000001 -0.000000 -0.000001
118  -11.316471 -0.319623 4.380213  -0.000003 -0.000000 -0.000000
119  -12.667810 -0.319624 4.380215  -0.000003 -0.000000 0.000001
120  -14.022141 -0.319621 4.380213  0.000010 -0.000000 -0.000011
121  -15.373240 -0.319624 4.380215  0.000015 -0.000000 -0.000015
122  -16.724140 -0.319620 4.380213  -0.000009 -0.000000 0.000006
123  -18.074570 -0.319622 4.380214  -0.000006 -0.000000 0.000004
124  -19.423714 -0.319623 4.380215  0.000002 0.000000 -0.000004
125  -20.775269 -0.319622 4.380213  0.000003 0.000000 -0.000004
126  -22.126671 -0.319620 4.380213  0.000003 -0.000000 -0.000004
127  -23.478125 -0.319622 4.380212  0.000005 -0.000000 -0.000006
128  -24.830622 -0.319619 4.380214  0.000036 -0.000000 -0.000038
129  -26.182030 -0.319619 4.380214  -0.000011 -0.000000 0.000011
130  0.529177 -0.167137 0.629484  -0.101270 -0.000000 0.000000
131  -0.211441 -0.241687 0.155361  -0.145847 -0.000000 0.000000
132  0.529190 -0.280700 -0.110296  -0.145847 -0.000000 -0.000000
133  -0.173928 -0.337330 -0.638497  -0.181751 -0.000000 0.000000
134  0.529189 -0.399252 -0.975395  -0.181751 -0.000000 0.000000
135  -0.211446 -0.464482 -1.431044  -0.192399 -0.000000 0.000000
136  0.529190 -0.515810 -1.694583  -0.192399 -0.000000 0.000000
137  -0.173928 -0.612156 -2.231912  -0.216703 -0.000000 0.000000
138  0.529189 -0.685807 -2.566441  -0.216703 -0.000000 -0.000000
139  -0.211446 -0.769567 -3.027870  -0.237349 -0.000000 0.000000
140  0.529185 -0.832693 -3.288849  -0.237349 -0.000000 -0.000000
141  -0.173938 -0.945284 -3.779567  -0.233859 0.000000 0.000000
142  0.529183 -1.024657 -4.112781  -0.233859 0.000000 -0.000000
143  -0.211442 -1.132192 -4.577549  -0.262919 -0.000000 0.000000
144  0.529189 -1.201970 -4.836826  -0.262919 0.000000 -0.000000
145  -0.000005 -2.810947 -10.636630  0.258454 0.000000 3.141592
146  -0.192455 -1.345783 -5.370046  -0.280373 0.000000 0.000000
147  0.533983 -1.413515 -5.605108  -0.276883 0.000000 0.000000
148  -0.206618 -1.795766 -6.909780  -0.287354 0.000000 0.000000
149  -0.205801 -1.564823 -6.138256  -0.290843 0.000000 0.000000
150  0.530464 -1.643679 -6.395215  -0.290844 0.000000 0.000000
151  0.535316 -1.790713 -7.204134  -0.287354 -0.000000 0.000000
152  -0.202704 -2.030489 -7.702830  -0.286180 -0.000000 0.000000
153  0.509549 -2.118898 -8.011624  -0.298398 -0.000000 0.000000
154  -0.202701 -2.255282 -8.465171  -0.283134 -0.000000 0.000000
155  0.509549 -2.352983 -8.771160  -0.295352 -0.000000 0.000000
156  -0.202703 -2.481603 -9.235470  -0.285437 -0.000000 0.000000
157  0.509549 -2.588688 -9.538639  -0.297654 -0.000000 0.000000
158  0.170124 -21.222095 -1.001141  -0.000001 -0.000001 0.000000
159  0.170125 -20.843868 -0.397181  -0.000001 -0.000001 0.000000
160  0.170124 -20.489754 -1.001140  -0.000001 -0.000001 0.000000
161  0.170125 -20.111076 -0.397182  -0.000001 -0.000001 0.000000
162  0.170122 -19.380093 -0.397186  -0.000001 -0.000001 0.000000
163  0.170124 -19.025112 -1.001146  -0.000001 -0.000001 0.000000
164  0.170124 -18.646664 -0.396447  -0.000001 -0.000001 0.000000
165  0.170128 -19.755762 -1.001142  -0.000001 -0.000001 0.000000
166  -0.015974 10.612517 2.686016  0.000001 -0.000000 0.000000
167  0.059849 -50.160698 6.449380  1.570797 -0.000000 -1.570797
168  0.064657 27.351284 72.195206  -0.000000 -0.000000 -0.000001
169  6.064262 95.114006 31.645494  -0.000000 -0.000001 1.570796
170  0.054190 102.845634 29.795357  0.000000 0.000001 -1.570796
171  6.064259 69.096550 37.164318  1.570796 0.000000 1.570796
172  1.974301 11.989233 4.589249  0.000000 -0.000000 0.000000
173  -0.011482 23.944744 5.090360  0.000001 -0.000000 0.000000
174  -1.691252 8.833342 5.763506  0.000001 -0.000000 0.000000
175  6.064257 89.329796 31.613911  -0.000000 -0.000001 1.570796
176  0.059886 2.255334 54.398006  -0.000000 -0.000000 0.000000
177  0.003497 -22.270649 0.000148  1.570797 -0.000000 -1.570797
178  0.104009 15.380369 2.266152  0.000001 -0.000000 0.000000
179  4.068497 -2.286316 1.381706  0.293644 0.293485 -0.722350
180  0.000026 -0.000001 -0.000001  -0.000000 -0.000000 0.000000
181  -2.662412 1.445756 33.628742  0.000000 3.141591 1.570796
182  8.352064 2.772897 0.000540  -3.141589 0.000002 -0.000000
183  -2.662411 1.445752 40.667957  0.000000 3.141591 1.570796
184  8.352066 2.772897 0.000541  -3.141589 0.000002 -0.000000
185  -1.431357 16.384779 4.137810  0.000001 -0.000000 0.000000
186  -0.001846 0.521682 -0.140291  0.000000 -0.000000 0.000000
187  7.323108 -5.136191 -5.166240  -0.000000 0.000000 -0.610865
188  2.698276 -0.000001 -0.000000  -0.000012 0.000000 0.000000
189  2.834162 -0.000002 -0.000001  0.000013 0.000000 -0.000000
190  2.648917 0.000000 -0.000001  -0.000001 -0.000001 0.000000
191  2.667499 -0.000002 -0.000004  0.000000 0.000000 0.000000
192  2.426707 -0.000002 0.000005  0.000000 0.000000 -0.000000
193  -0.494745 -44.353443 -1.302300  1.570797 -0.000000 -1.570797
194  11.545933 73.768417 -3.792013  0.000000 -0.000000 0.000000
195  -0.066958 -10.025103 -0.912533  -0.000000 -0.000000 0.000000
196  -0.000001 0.000000 -1.529053  -0.000001 -0.000000 0.000000
197  -0.078941 0.000000 0.000003  0.000000 0.000001 1.570796
198  0.097091 0.000000 0.000002  -0.000000 -3.141592 1.570796
199  0.000000 0.000000 0.000000  0.000000 -0.000000 -0.000000
200  -11.090714 -4.732241 -14.653072  0.479975 0.568549 0.869623
201  8.552419 7.240053 -32.317417  0.172045 1.014512 -0.074548
time 26
0  0 0 0  0 0 0
1  0.000000 0.000000 0.000000  0.000000 -0.000000 -0.000000
2  -0.000005 0.000023 -61.375507  0.000000 0.000000 -1.570795
3  -0.012872 0.000000 8.235020  -1.570799 -1.570796 0.000000
4  16.163128 -0.012870 -0.000002  -0.000000 -0.000000 0.000000
5  -0.000000 0.000000 -0.000005  0.000000 -0.000000 -0.000000
6  -0.000034 -0.000002 -0.000000  1.200656 0.270849 1.365164
7  0.000001 -0.000005 0.000006  0.000000 0.000000 -0.467015
8  0.000000 -0.000001 0.000002  -0.013672 -0.000000 -0.000000
9  0.000001 -0.000001 0.000001  -0.027407 -0.000000 -0.000000
10  -0.000001 -0.000001 0.000002  -0.041081 -0.000000 -0.000000
11  -0.000001 -0.000001 0.000002  -0.054818 0.000000 -0.000000
12  -0.000003 -0.000000 -0.000001  -0.068497 -0.000000 -0.000000
13  -0.000003 -0.000003 -0.000002  -0.082179 -0.000000 -0.000000
14  0.000000 -0.000003 0.000001  -0.095926 -0.000000 -0.000000
15  -0.000003 0.000001 0.000003  -0.282492 0.204020 -0.655561
16  -0.000005 0.000001 -0.000001  0.217781 0.090899 -0.049746
17  -0.000002 0.000000 0.000006  0.097314 0.035988 -0.326586
18  -0.000002 0.000001 0.000002  0.058445 0.026042 -0.358416
19  0.000002 0.000003 -0.000001  0.115640 0.137722 -0.641069
20  -0.000001 0.000001 -0.000003  -0.000000 -0.000000 0.154333
21  0.000000 -0.000000 0.000001  -0.000000 0.000000 0.154333
22  -0.000003 0.000001 0.000003  -0.209953 0.205981 0.194897
23  3.672211 0.000004 -0.000001  0.000003 0.000001 0.142941
24  -0.000001 0.000001 -0.000003  -0.000000 0.000000 -0.304529
25  0.000003 0.000002 0.000002  -0.082977 0.060987 -0.203521
26  -0.000001 -0.000001 0.000002  -0.000000 0.000000 -0.152925
27  2.496794 0.000003 -0.000002  0.000000 0.000000 -0.091107
28  0.000002 0.000002 0.000003  -0.025831 0.343789 0.300085
29  -0.000001 -0.000001 0.000001  0.000000 -0.000000 0.424956
30  2.199411 0.000000 0.000002  0.000001 0.000001 0.029263
31  0.000004 -0.000000 0.000003  0.000000 -0.000000 0.000000
32  -0.000019 -0.000001 0.000001  -0.011584 0.248802 0.090485
33  0.000003 0.000001 0.000000  0.000000 -0.000000 0.605093
34  0.000003 -0.000004 -0.000001  -0.127226 0.000000 -0.000000
35  0.000000 -0.000007 -0.000000  -0.254478 0.000000 0.000000
36  0.000001 -0.000006 0.000000  -0.381719 0.000000 0.000000
37  0.000001 -0.000005 -0.000000  -0.508971 -0.000000 0.000000
38  -0.000006 -0.000001 -0.000001  -0.636182 0.000000 -0.000000
39  -0.000002 -0.000003 -0.000000  -0.763488 -0.000000 0.000000
40  -0.000000 -0.000007 0.000001  -0.890689 0.000000 0.000000
41  -0.000009 -0.000005 -0.000002  0.305767 -0.791157 -1.305733
42  0.000002 -0.000002 0.000003  0.000001 0.000000 0.000000
43  3.954719 0.000011 0.000005  -0.000000 -0.000002 0.166320
44  -0.000001 -0.000002 0.000000  -0.000000 -0.000000 -0.000000
45  0.000003 -0.000001 -0.000001  0.000000 -0.000000 0.000000
46  0.000002 0.000002 0.000000  0.000000 0.000000 -0.000000
47  0.000002 0.000000 -0.000002  -0.000000 0.000000 -0.000000
48  0.000002 0.000000 -0.000001  0.000000 -0.000000 -0.000000
49  -0.000000 -0.000001 0.000001  0.000000 -0.000000 -0.000000
50  0.000004 0.000001 0.000000  -0.000000 -0.000000 0.000000
51  -0.000001 -0.000000 0.000001  0.000000 -0.000000 0.000000
52  0.000003 -0.000000 0.000000  0.000000 -0.000000 -0.000000
53  0.000001 -0.000000 0.000002  -0.000000 0.000000 -0.000000
54  -0.000001 -0.000000 0.000001  0.000000 -0.000000 0.000000
55  0.000004 0.000002 -0.000001  0.000000 -0.000000 -0.000000
56  2.307439 -0.000001 -0.000005  0.000002 0.000001 -0.056419
57  0.000000 0.000000 -0.000000  -0.002524 0.013546 -0.003130
58  1.964819 4.325851 -28.992527  0.562114 0.464238 0.829844
59  0.071246 114.357033 62.238796  -0.000000 -0.000000 0.000000
60  1.986521 0.000015 -3.123737  -2.705260 -0.000000 -1.570797
61  -1.986700 0.000022 -3.123746  0.436333 0.000001 1.570797
62  -0.000001 0.000007 -0.000005  0.000000 -0.000000 0.000000
63  -1.986691 0.000010 -3.123742  0.436333 0.000001 1.570797
64  -11.344157 1.135889 0.869277  0.000001 -0.025019 -0.026324
65  1.986526 0.000012 -3.123743  -2.705260 -0.000000 -1.570797
66  -11.350061 -0.729421 0.864883  0.000197 -0.025367 0.026442
67  1.754244 4.036753 -1.682676  0.392575 -0.010120 -1.546363
68  -1.755134 4.036758 -1.682674  -0.392577 -0.010391 -1.594986
69  -0.164556 7.327704 3.928704  0.000000 0.000001 -1.570796
70  0.079079 36.742691 -0.508024  0.000001 -0.000000 0.000000
71  -1.260174 8.777409 6.736404  -0.000002 -0.424416 -3.141592
72  1.525191 18.283598 2.968621  0.000000 -0.000000 0.000000
73  0.060216 10.324388 74.469055  0.000008 -0.000000 0.000000
74  0.062806 75.917999 83.075447  1.570797 -0.000000 -1.570796
75  4.804184 -3.971745 0.000001  -0.000000 0.000000 -0.000000
76  -7.041567 -5.025991 0.000001  -0.000000 -0.000000 -0.000000
77  8.407175 -3.978434 0.003056  -1.570796 1.570795 0.000000
78  10.376190 -3.978443 0.003056  -1.570796 1.570796 0.000000
79  10.194019 -0.314063 -1.749549  -1.570796 1.570796 0.000000
80  20.857883 -4.015562 0.000004  0.000000 -0.000000 0.000000
81  3.258439 5.856958 -3.403524  -0.000000 -0.000000 -0.000000
82  15.153049 5.860583 -3.403519  -0.000000 -0.000000 0.000000
83  6.064256 77.294952 36.365799  1.570796 0.000000 1.570796
84  -2.662414 1.445755 40.667957  -0.000000 3.141591 1.570796
85  8.352066 2.772896 0.000541  -3.141589 0.000002 0.000000
86  6.064254 72.973701 32.593254  1.570796 0.000000 1.570796
87  0.004364 73.768417 -3.792007  0.000000 0.000000 0.000000
88  -0.442607 1.284887 8.535285  -0.000000 -0.000001 0.000000
89  0.000007 1.310216 0.000000  0.000000 -0.000000 0.000000
90  0.000005 0.582266 -0.000001  0.000000 -0.000000 0.000000
91  0.036301 1.284886 7.928795  -0.000000 -0.000001 0.000000
92  0.000001 1.310212 -0.000002  0.000000 -0.000000 0.000000
93  0.000001 0.582262 -0.000001  0.000000 -0.000000 0.000000
94  5.969323 3.427467 -6.170655  -0.000000 -0.000001 -1.570797
95  -1.310221 0.000003 -0.000002  0.000000 -0.000000 -0.000000
96  -0.582265 -0.000002 -0.000003  0.000000 -0.000000 -0.000000
97  5.969326 9.397401 -6.170660  -0.000000 -0.000001 -1.570796
98  -1.310211 0.000005 -0.000003  0.000000 0.000000 -0.000000
99  -0.582256 0.000006 -0.000002  0.000000 0.000000 -0.000000
100  5.969322 15.223778 -6.170673  0.000000 -0.000001 -1.570796
101  -1.310211 0.000007 0.000002  -0.000000 0.000000 -0.000000
102  -0.582259 0.000002 0.000002  -0.000000 0.000000 -0.000000
103  5.969325 20.835575 -6.170674  0.000000 -0.000001 -1.570796
104  -1.310207 0.000008 0.000002  -0.000000 0.000000 -0.000000
105  -0.582254 0.000002 0.000002  -0.000000 0.000000 -0.000000
106  5.969321 26.771215 -6.170677  0.000000 -0.000001 -1.570796
107  5.969322 32.597603 -6.170677  0.000000 -0.000001 -1.570796
108  5.969324 38.209408 -6.170692  0.000000 -0.000001 -1.570800
109  5.969325 49.488472 -6.170693  0.000000 -0.000001 -1.570800
110  -0.539090 -0.556801 -0.017367  -0.042462 2.681156 1.551919
111  -6.799123 -0.556804 0.818544  -0.272420 2.701993 1.452460
112  -4.615283 -0.556818 0.270324  -0.117230 2.684609 1.518878
113  -2.650970 -0.556801 0.063004  -0.042463 2.681158 1.551919
114  27.110334 1.284861 12.007545  -0.000000 -0.000000 0.000000
115  28.133427 1.284863 12.007544  0.000001 -0.000000 0.000000
116  12.812891 2.241793 12.007544  -0.000000 -0.000001 -0.000001
117  -9.955965 -0.319621 4.380208  -0.000001 -0.000000 -0.000001
118  -11.316470 -0.319620 4.380210  -0.000003 -0.000000 0.000000
119  -12.667807 -0.319618 4.380211  -0.000003 -0.000000 0.000001
120  -14.022139 -0.319618 4.380211  0.000009 -0.000000 -0.000011
121  -15.373238 -0.319616 4.380209  0.000015 -0.000000 -0.000015
122  -16.724140 -0.319613 4.380208  -0.000009 -0.000000 0.000006
123  -18.074572 -0.319618 4.380210  -0.000006 -0.000000 0.000004
124  -19.423716 -0.319617 4.380209  0.000002 0.000000 -0.000004
125  -20.775272 -0.319615 4.380207  0.000003 0.000000 -0.000004
126  -22.126671 -0.319619 4.380208  0.000003 -0.000000 -0.000004
127  -23.478119 -0.319618 4.380211  0.000005 -0.000000 -0.000006
128  -24.830618 -0.319614 4.380211  0.000036 -0.000000 -0.000038
129  -26.182030 -0.319615 4.380210  -0.000011 -0.000000 0.000012
130  0.529183 -0.167123 0.629480  -0.101270 -0.000000 0.000000
131  -0.211444 -0.241680 0.155358  -0.145847 -0.000000 0.000000
132  0.529191 -0.280695 -0.110296  -0.145847 -0.000000 0.000000
133  -0.173924 -0.337317 -0.638502  -0.181751 -0.000000 0.000000
134  0.529188 -0.399246 -0.975394  -0.181751 -0.000000 0.000000
135  -0.211445 -0.464469 -1.431047  -0.192399 -0.000000 0.000000
136  0.529191 -0.515805 -1.694586  -0.192400 -0.000000 0.000000
137  -0.173928 -0.612145 -2.231915  -0.216703 -0.000000 0.000000
138  0.529186 -0.685799 -2.566446  -0.216703 -0.000000 0.000000
139  -0.211445 -0.769558 -3.027872  -0.237349 -0.000000 0.000000
140  0.529190 -0.832679 -3.288852  -0.237349 -0.000000 0.000000
141  -0.173933 -0.945275 -3.779567  -0.233859 0.000000 0.000000
142  0.529177 -1.024652 -4.112784  -0.233859 0.000000 0.000000
143  -0.211442 -1.132181 -4.577552  -0.262919 -0.000000 0.000000
144  0.529192 -1.201958 -4.836827  -0.262919 0.000000 0.000000
145  0.000000 -2.810935 -10.636635  0.258454 0.000000 3.141592
146  -0.192454 -1.345773 -5.370049  -0.280373 0.000000 0.000000
147  0.533987 -1.413508 -5.605107  -0.276883 0.000000 0.000000
148  -0.206617 -1.795752 -6.909784  -0.287354 0.000000 0.000000
149  -0.205801 -1.564812 -6.138258  -0.290843 0.000000 0.000000
150  0.530462 -1.643672 -6.395218  -0.290844 0.000000 0.000000
151  0.535311 -1.790703 -7.204137  -0.287354 -0.000000 0.000000
152  -0.202705 -2.030477 -7.702835  -0.286180 -0.000000 0.000000
153  0.509551 -2.118890 -8.011626  -0.298398 -0.000000 0.000000
154  -0.202704 -2.255270 -8.465177  -0.283134 -0.000000 0.000000
155  0.509548 -2.352974 -8.771162  -0.295352 -0.000000 0.000000
156  -0.202703 -2.481591 -9.235473  -0.285437 -0.000000 0.000000
157  0.509552 -2.588677 -9.538639  -0.297654 -0.000000 0.000000
158  0.170122 -21.222084 -1.001145  -0.000001 -0.000001 0.000000
159  0.170125 -20.843859 -0.397184  -0.000001 -0.000001 0.000000
160  0.170123 -20.489740 -1.001145  -0.000001 -0.000001 0.000000
161  0.170124 -20.111065 -0.397186  -0.000001 -0.000001 0.000000
162  0.170127 -19.380079 -0.397190  -0.000001 -0.000001 0.000000
163  0.170125 -19.025106 -1.001146  -0.000001 -0.000001 0.000000
164  0.170126 -18.646652 -0.396450  -0.000001 -0.000001 0.000000
165  0.170124 -19.755754 -1.001146  -0.000001 -0.000001 0.000000
166  -0.015973 10.612517 2.686016  0.000001 -0.000000 0.000000
167  0.059853 -50.160706 6.449377  1.570797 -0.000000 -1.570797
168  0.064651 27.351288 72.195213  -0.000000 -0.000000 -0.000001
169  6.064261 95.114021 31.645500  -0.000000 -0.000001 1.570796
170  0.054190 102.845650 29.795362  0.000000 0.000001 -1.570796
171  6.064257 69.096558 37.164318  1.570796 0.000000 1.570796
172  1.974302 11.989233 4.589249  0.000000 -0.000000 0.000000
173  -0.011482 23.944744 5.090360  0.000001 0.000000 0.000000
174  -1.691252 8.833342 5.763508  0.000001 -0.000000 0.000000
175  6.064263 89.329803 31.613916  -0.000000 -0.000001 1.570796
176  0.059888 2.255333 54.398014  -0.000000 -0.000000 0.000000
177  0.003495 -22.270643 0.000149  1.570797 -0.000000 -1.570797
178  0.104009 15.380371 2.266153  0.000001 -0.000000 0.000000
179  4.068491 -2.286315 1.381707  0.293644 0.293485 -0.722350
180  0.000025 -0.000003 0.000002  0.000000 0.000000 0.000000
181  -2.662414 1.445758 33.628742  -0.000000 3.141591 1.570796
182  8.352066 2.772897 0.000541  -3.141589 0.000002 0.000000
183  -2.662414 1.445755 40.667957  -0.000000 3.141591 1.570796
184  8.352066 2.772896 0.000541  -3.141589 0.000002 0.000000
185  -1.431357 16.384779 4.137810  0.000001 0.000000 0.000000
186  -0.001846 0.521682 -0.140290  0.000000 -0.000000 0.000000
187  7.323108 -5.136193 -5.166238  -0.000000 0.000000 -0.610865
188  2.698275 -0.000001 0.000001  -0.000012 0.000000 0.000000
189  2.834162 -0.000002 0.000002  0.000013 0.000000 -0.000000
190  2.648919 -0.000000 -0.000001  -0.000001 -0.000001 0.000000
191  2.667501 -0.000003 0.000008  -0.000000 -0.000000 -0.000000
192  2.426705 -0.000002 0.000002  -0.000000 -0.000000 -0.000000
193  -0.494743 -44.353447 -1.302300  1.570797 0.000000 -1.570797
194  11.545940 73.768425 -3.792012  0.000000 -0.000000 0.000000
195  -0.066955 -10.025106 -0.912536  -0.000000 -0.000000 0.000000
196  -0.000000 0.000000 -1.529050  -0.000000 -0.000000 0.000000
197  -0.078942 0.000002 0.000001  0.000000 0.000001 1.570796
198  0.097093 0.000000 0.000002  -0.000000 -3.141592 1.570796
199  0.000000 0.000000 0.000000  0.000000 -0.000000 -0.000000
200  -11.249928 -3.847551 -14.457358  0.562114 0.464238 0.829843
201  7.236845 7.843026 -33.875473  0.407984 1.001118 0.044823
time 27
0  0 0 0  0 0 0
1  0.000000 0.000000 0.000000  0.000000 -0.000000 -0.000000
2  -0.000005 0.000023 -61.375507  0.000000 0.000000 -1.570795
3  -0.012872 0.000000 8.235020  -1.570799 -1.570796 0.000000
4  16.163128 -0.012870 -0.000002  -0.000000 -0.000000 0.000000
5  -0.000000 0.000000 -0.000005  0.000000 -0.000000 -0.000000
6  -0.000034 -0.000002 -0.000000  1.174759 0.228209 1.339311
7  -0.000003 -0.000007 0.000006  0.000000 0.000000 -0.449090
8  -0.000002 0.000000 0.000002  -0.018922 -0.000000 -0.000000
9  0.000001 -0.000000 0.000005  -0.037906 -0.000000 -0.000000
10  -0.000002 -0.000001 0.000006  -0.056894 -0.000000 -0.000000
11  -0.000002 -0.000001 0.000006  -0.075826 0.000000 -0.000000
12  -0.000005 -0.000001 0.000003  -0.094826 -0.000000 -0.000000
13  -0.000005 -0.000002 0.000002  -0.113773 -0.000000 -0.000000
14  -0.000006 -0.000001 -0.000001  -0.132731 -0.000000 -0.000000
15  -0.000004 0.000002 0.000003  -0.283899 0.188982 -0.563536
16  -0.000004 -0.000002 -0.000002  0.217781 0.090899 -0.049746
17  -0.000002 0.000000 0.000008  0.097314 0.035988 -0.326586
18  -0.000003 0.000000 0.000005  0.058445 0.026042 -0.358416
19  0.000002 0.000001 -0.000002  0.115640 0.137722 -0.641069
20  -0.000001 0.000001 0.000000  -0.000000 -0.000000 0.154333
21  -0.000000 0.000000 -0.000003  -0.000000 -0.000000 0.154333
22  -0.000004 0.000000 -0.000005  -0.209953 0.205981 0.194897
23  3.672213 0.000005 0.000001  0.000003 0.000001 0.142941
24  0.000001 0.000001 0.000002  0.000000 -0.000000 -0.304529
25  0.000003 0.000000 -0.000003  -0.082977 0.060987 -0.203521
26  -0.000001 0.000001 -0.000002  -0.000000 0.000000 -0.152925
27  2.496794 0.000005 -0.000003  0.000000 0.000000 -0.091107
28  0.000002 0.000000 -0.000002  -0.025831 0.343789 0.300085
29  0.000000 0.000001 0.000003  0.000000 -0.000000 0.424956
30  2.199411 0.000000 0.000005  0.000001 0.000001 0.029263
31  0.000004 -0.000000 0.000003  0.000000 -0.000000 0.000000
32  -0.000019 -0.000001 0.000001  -0.007360 0.264905 0.105721
33  -0.000010 0.000001 -0.000003  0.000000 -0.000000 0.548302
34  0.000002 0.000001 -0.000001  -0.123129 0.000000 -0.000000
35  0.000000 -0.000001 -0.000000  -0.246296 0.000000 0.000000
36  0.000000 -0.000001 0.000000  -0.369480 0.000000 0.000000
37  0.000002 0.000001 -0.000000  -0.492653 -0.000000 -0.000000
38  -0.000005 0.000000 -0.000001  -0.615781 -0.000000 -0.000000
39  -0.000004 -0.000000 -0.000002  -0.738949 -0.000000 -0.000000
40  -0.000003 0.000002 -0.000001  -0.862176 -0.000000 0.000000
41  -0.000007 -0.000004 -0.000003  0.356641 -0.766675 -1.174576
42  0.000006 0.000001 -0.000004  0.000001 0.000000 0.000000
43  3.954723 0.000012 0.000006  -0.000000 -0.000002 0.166320
44  0.000001 -0.000001 0.000002  -0.000000 -0.000000 -0.000000
45  0.000002 -0.000002 -0.000004  0.000000 -0.000000 0.000000
46  -0.000002 -0.000001 -0.000000  -0.000000 0.000000 -0.000000
47  -0.000005 -0.000000 0.000003  -0.000000 -0.000000 -0.000000
48  0.000002 -0.000000 -0.000003  0.000000 0.000000 -0.000000
49  -0.000002 -0.000001 0.000000  0.000000 -0.000000 0.000000
50  0.000001 -0.000001 -0.000000  0.000000 0.000000 -0.000000
51  -0.000001 -0.000001 -0.000003  -0.000000 0.000000 0.000000
52  -0.000002 0.000000 -0.000003  0.000000 -0.000000 -0.000000
53  -0.000002 0.000001 -0.000001  -0.000000 0.000000 -0.000000
54  -0.000002 -0.000000 -0.000003  -0.000000 -0.000000 -0.000000
55  -0.000000 0.000001 -0.000001  0.000000 -0.000000 -0.000000
56  2.307433 -0.000001 -0.000000  0.000002 0.000001 -0.056419
57  0.000000 0.000000 -0.000000  -0.000259 0.008911 -0.003419
58  1.354690 5.046326 -30.191570  0.625682 0.364917 0.778154
59  0.071251 114.357040 62.238789  -0.000000 -0.000000 0.000000
60  1.986528 0.000021 -3.123741  -2.705260 -0.000000 -1.570797
61  -1.986689 0.000012 -3.123750  0.436333 0.000001 1.570797
62  -0.000000 -0.000002 -0.000008  0.000000 -0.000000 0.000000
63  -1.986686 0.000012 -3.123734  0.436333 0.000001 1.570797
64  -11.344159 1.135887 0.869280  0.000002 -0.025019 -0.026324
65  1.986525 0.000011 -3.123730  -2.705260 -0.000000 -1.570797
66  -11.350038 -0.729418 0.864903  0.000197 -0.025367 0.026442
67  1.754243 4.036749 -1.682667  0.392575 -0.010120 -1.546362
68  -1.755133 4.036753 -1.682668  -0.392577 -0.010391 -1.594986
69  -0.164554 7.327703 3.928704  0.000000 0.000001 -1.570796
70  0.079083 36.742691 -0.508022  0.000001 -0.000000 0.000000
71  -1.260173 8.777409 6.736406  -0.000002 -0.424415 -3.141592
72  1.525195 18.283598 2.968622  0.000000 -0.000000 0.000000
73  0.060217 10.324389 74.469055  0.000008 -0.000000 0.000000
74  0.062809 75.917999 83.075439  1.570797 -0.000000 -1.570796
75  4.804183 -3.971745 0.000002  -0.000000 0.000000 -0.000001
76  -7.041568 -5.025990 0.000006  -0.000000 -0.000000 -0.000001
77  8.407183 -3.978433 0.003061  -1.570796 1.570795 0.000000
78  10.376191 -3.978449 0.003056  -1.570796 1.570796 0.000000
79  10.194016 -0.314062 -1.749546  -1.570796 1.570796 0.000000
80  20.857889 -4.015571 0.000004  0.000000 -0.000000 -0.000000
81  3.258443 5.856955 -3.403522  -0.000000 -0.000000 -0.000001
82  15.153050 5.860581 -3.403519  0.000000 -0.000000 -0.000000
83  6.064259 77.294952 36.365795  1.570796 0.000000 1.570796
84  -2.662409 1.445754 40.667957  -0.000000 3.141591 1.570796
85  8.352067 2.772896 0.000541  -3.141589 0.000002 0.000000
86  6.064257 72.973694 32.593246  1.570796 0.000000 1.570796
87  0.004367 73.768417 -3.792009  0.000000 -0.000000 0.000000
88  -0.442608 1.284880 8.535290  0.000000 -0.000001 0.000000
89  -0.000002 1.310213 0.000002  0.000000 -0.000000 0.000000
90  -0.000004 0.582260 0.000002  0.000000 -0.000000 0.000000
91  0.036299 1.284881 7.928798  0.000000 -0.000001 0.000000
92  0.000002 1.310205 -0.000001  0.000000 -0.000000 0.000000
93  0.000003 0.582253 0.000001  0.000000 -0.000000 0.000000
94  5.969328 3.427459 -6.170650  -0.000000 -0.000001 -1.570797
95  -1.310208 0.000001 -0.000002  0.000000 -0.000000 -0.000000
96  -0.582260 0.000000 -0.000005  0.000000 0.000000 -0.000000
97  5.969328 9.397400 -6.170660  -0.000000 -0.000001 -1.570796
98  -1.310207 0.000005 0.000007  0.000000 0.000000 -0.000000
99  -0.582259 0.000004 0.000005  0.000000 0.000000 -0.000000
100  5.969324 15.223771 -6.170672  0.000000 -0.000001 -1.570796
101  -1.310209 0.000004 -0.000001  -0.000000 0.000000 -0.000000
102  -0.582261 0.000004 -0.000005  -0.000000 0.000000 -0.000000
103  5.969326 20.835573 -6.170673  0.000000 -0.000001 -1.570796
104  -1.310220 0.000000 0.000000  -0.000000 0.000000 -0.000000
105  -0.582269 0.000002 0.000000  -0.000000 0.000000 -0.000000
106  5.969329 26.771210 -6.170672  0.000000 -0.000001 -1.570796
107  5.969326 32.597595 -6.170675  0.000000 -0.000001 -1.570796
108  5.969329 38.209396 -6.170687  0.000000 -0.000001 -1.570800
109  5.969325 49.488461 -6.170685  0.000000 -0.000001 -1.570800
110  -0.539089 -0.556810 -0.017364  -0.042462 2.681156 1.551919
111  -6.799122 -0.556808 0.818550  -0.272420 2.701993 1.452460
112  -4.615278 -0.556822 0.270328  -0.117230 2.684609 1.518878
113  -2.650968 -0.556809 0.063009  -0.042463 2.681158 1.551919
114  27.110336 1.284853 12.007552  -0.000000 -0.000000 0.000000
115  28.133427 1.284851 12.007550  0.000001 -0.000000 0.000000
116  12.812891 2.241784 12.007551  -0.000000 -0.000001 -0.000001
117  -9.955961 -0.319621 4.380213  -0.000001 -0.000000 -0.000001
118  -11.316467 -0.319621 4.380216  -0.000003 -0.000000 0.000000
119  -12.667806 -0.319621 4.380213  -0.000003 -0.000000 0.000001
120  -14.022137 -0.319620 4.380215  0.000009 -0.000000 -0.000011
121  -15.373234 -0.319618 4.380213  0.000015 -0.000000 -0.000015
122  -16.724136 -0.319619 4.380216  -0.000009 -0.000000 0.000006
123  -18.074568 -0.319620 4.380216  -0.000006 -0.000000 0.000004
124  -19.423710 -0.319621 4.380214  0.000002 0.000000 -0.000004
125  -20.775265 -0.319617 4.380215  0.000003 0.000000 -0.000004
126  -22.126669 -0.319620 4.380212  0.000003 -0.000000 -0.000004
127  -23.478123 -0.319619 4.380212  0.000005 -0.000000 -0.000006
128  -24.830614 -0.319616 4.380216  0.000036 -0.000000 -0.000038
129  -26.182020 -0.319616 4.380214  -0.000011 -0.000000 0.000011
130  0.529180 -0.167130 0.629483  -0.101270 -0.000000 0.000000
131  -0.211442 -0.241685 0.155361  -0.145847 -0.000000 0.000000
132  0.529194 -0.280698 -0.110294  -0.145847 -0.000000 0.000000
133  -0.173924 -0.337326 -0.638497  -0.181751 -0.000000 0.000000
134  0.529189 -0.399246 -0.975393  -0.181751 -0.000000 0.000000
135  -0.211442 -0.464475 -1.431044  -0.192399 -0.000000 0.000000
136  0.529192 -0.515808 -1.694582  -0.192399 -0.000000 0.000000
137  -0.173927 -0.612151 -2.231914  -0.216703 -0.000000 0.000000
138  0.529189 -0.685807 -2.566442  -0.216703 -0.000000 0.000000
139  -0.211441 -0.769563 -3.027870  -0.237349 -0.000000 0.000000
140  0.529189 -0.832683 -3.288849  -0.237349 -0.000000 0.000000
141  -0.173933 -0.945278 -3.779567  -0.233859 0.000000 0.000000
142  0.529183 -1.024658 -4.112780  -0.233859 0.000000 -0.000000
143  -0.211437 -1.132187 -4.577547  -0.262919 -0.000000 0.000000
144  0.529194 -1.201965 -4.836826  -0.262919 0.000000 -0.000000
145  0.000000 -2.810943 -10.636628  0.258454 0.000000 3.141592
146  -0.192451 -1.345778 -5.370045  -0.280373 0.000000 0.000000
147  0.533987 -1.413509 -5.605107  -0.276883 0.000000 0.000000
148  -0.206611 -1.795762 -6.909779  -0.287354 0.000000 0.000000
149  -0.205801 -1.564818 -6.138257  -0.290843 0.000000 0.000000
150  0.530462 -1.643677 -6.395215  -0.290844 0.000000 0.000000
151  0.535317 -1.790709 -7.204134  -0.287354 -0.000000 0.000000
152  -0.202701 -2.030487 -7.702832  -0.286180 -0.000000 0.000000
153  0.509555 -2.118895 -8.011623  -0.298398 -0.000000 0.000000
154  -0.202700 -2.255279 -8.465173  -0.283134 -0.000000 0.000000
155  0.509552 -2.352977 -8.771161  -0.295352 -0.000000 0.000000
156  -0.202700 -2.481596 -9.235472  -0.285437 -0.000000 0.000000
157  0.509552 -2.588684 -9.538639  -0.297654 -0.000000 0.000000
158  0.170123 -21.222092 -1.001140  -0.000001 -0.000001 0.000000
159  0.170124 -20.843864 -0.397185  -0.000001 -0.000001 0.000000
160  0.170126 -20.489746 -1.001140  -0.000001 -0.000001 0.000000
161  0.170125 -20.111069 -0.397183  -0.000001 -0.000001 0.000000
162  0.170125 -19.380091 -0.397186  -0.000001 -0.000001 0.000000
163  0.170123 -19.025110 -1.001145  -0.000001 -0.000001 0.000000
164  0.170125 -18.646658 -0.396448  -0.000001 -0.000001 0.000000
165  0.170128 -19.755760 -1.001140  -0.000001 -0.000001 0.000000
166  -0.015972 10.612516 2.686018  0.000001 -0.000000 0.000000
167  0.059854 -50.160702 6.449381  1.570797 -0.000000 -1.570797
168  0.064655 27.351290 72.195206  -0.000000 -0.000000 -0.000001
169  6.064265 95.114014 31.645498  0.000000 -0.000001 1.570796
170  0.054184 102.845642 29.795359  0.000000 0.000001 -1.570796
171  6.064255 69.096558 37.164322  1.570796 0.000000 1.570796
172  1.974304 11.989234 4.589252  0.000000 -0.000000 0.000000
173  -0.011479 23.944744 5.090363  0.000001 -0.000000 0.000000
174  -1.691249 8.833341 5.763506  0.000001 -0.000000 0.000000
175  6.064263 89.329803 31.613914  0.000000 -0.000001 1.570796
176  0.059888 2.255335 54.398014  -0.000000 -0.000000 0.000000
177  0.003495 -22.270645 0.000149  1.570797 -0.000000 -1.570797
178  0.104012 15.380371 2.266154  0.000001 -0.000000 0.000000
179  4.068483 -2.286309 1.381711  0.293644 0.293485 -0.722350
180  0.000027 -0.000002 0.000005  -0.000000 0.000000 0.000000
181  -2.662409 1.445757 33.628742  -0.000000 3.141591 1.570796
182  8.352065 2.772898 0.000542  -3.141589 0.000002 0.000000
183  -2.662409 1.445754 40.667957  -0.000000 3.141591 1.570796
184  8.352067 2.772896 0.000541  -3.141589 0.000002 0.000000
185  -1.431355 16.384777 4.137811  0.000001 -0.000000 0.000000
186  -0.001843 0.521682 -0.140289  0.000000 -0.000000 0.000000
187  7.323111 -5.136193 -5.166237  -0.000000 0.000000 -0.610865
188  2.698275 -0.000002 -0.000000  -0.000012 0.000000 0.000000
189  2.834162 -0.000002 0.000000  0.000013 0.000000 -0.000000
190  2.648917 0.000000 0.000006  -0.000001 -0.000001 0.000000
191  2.667498 -0.000002 0.000003  0.000000 -0.000000 -0.000000
192  2.426700 -0.000003 -0.000004  0.000000 -0.000000 -0.000000
193  -0.494740 -44.353447 -1.302300  1.570797 -0.000000 -1.570797
194  11.545941 73.768417 -3.792013  0.000000 -0.000000 0.000000
195  -0.066954 -10.025105 -0.912532  -0.000000 -0.000000 0.000000
196  0.000001 -0.000002 -1.529049  -0.000000 -0.000000 0.000000
197  -0.078941 -0.000001 0.000000  0.000000 0.000001 1.570796
198  0.097093 -0.000001 0.000001  -0.000000 -3.141592 1.570796
199  0.000000 0.000000 0.000000  0.000000 -0.000000 -0.000000
200  -10.811411 -3.212904 -14.107757  0.625681 0.364916 0.778153
201  6.759592 8.334805 -34.802132  0.604761 0.964192 0.131381
time 28
0  0 0 0  0 0 0
1  0.000000 0.000000 0.000000  0.000000 -0.000000 -0.000000
2  -0.000005 0.000023 -61.375507  0.000000 0.000000 -1.570795
3  -0.012872 0.000000 8.235020  -1.570799 -1.570796 0.000000
4  16.163128 -0.012870 -0.000002  -0.000000 -0.000000 0.000000
5  -0.000000 0.000000 -0.000005  0.000000 -0.000000 -0.000000
6  -0.000034 -0.000002 -0.000000  0.682217 -0.358982 0.652054
7  -0.000002 -0.000007 0.000002  0.000000 0.000000 -0.371219
8  -0.000004 -0.000001 -0.000000  -0.000672 -0.000000 -0.000000
9  -0.000004 -0.000000 -0.000000  -0.001343 -0.000000 -0.000000
10  -0.000004 -0.000002 0.000001  -0.002075 -0.000000 -0.000000
11  -0.000005 -0.000002 0.000001  -0.002747 0.000000 -0.000000
12  -0.000004 -0.000002 0.000000  -0.003479 -0.000000 -0.000000
13  -0.000008 -0.000001 -0.000001  -0.004151 -0.000000 -0.000000
14  -0.000009 -0.000001 -0.000001  -0.004822 -0.000000 -0.000000
15  -0.000008 0.000002 0.000003  0.141056 -0.960990 -0.112369
16  -0.000004 -0.000001 0.000003  -0.000000 -0.000001 -0.000000
17  -0.000002 0.000001 0.000004  0.000000 0.000000 -0.000000
18  -0.000003 0.000003 0.000005  -0.000000 0.000000 -0.000000
19  0.000000 0.000003 0.000000  -0.000000 -0.000000 -0.000000
20  0.000004 -0.000000 -0.000006  0.000000 -0.000000 -0.000000
21  -0.000002 -0.000001 0.000001  0.000000 0.000000 0.000000
22  -0.000002 0.000001 -0.000002  0.000000 -0.000000 -0.000000
23  3.672214 0.000003 0.000001  0.000003 0.000001 0.142941
24  0.000000 -0.000001 0.000002  -0.000000 -0.000000 0.000000
25  0.000003 0.000002 -0.000001  -0.000000 -0.000000 -0.000000
26  -0.000001 0.000001 0.000000  -0.000000 0.000000 0.000000
27  2.496793 0.000004 -0.000005  0.000000 0.000000 -0.091107
28  0.000001 0.000000 0.000002  -0.000000 0.000000 -0.000000
29  -0.000000 0.000003 0.000000  -0.000000 -0.000000 0.000000
30  2.199408 0.000002 0.000005  0.000001 0.000001 0.029263
31  0.000004 -0.000000 0.000003  0.000000 -0.000000 0.000000
32  -0.000019 -0.000001 0.000001  -0.008068 0.278079 0.110730
33  -0.000002 0.000002 -0.000001  0.000000 -0.000000 0.491583
34  -0.000001 -0.000002 0.000001  -0.117564 0.000000 -0.000000
35  -0.000003 -0.000004 0.000001  -0.235106 0.000000 0.000000
36  -0.000003 -0.000004 0.000002  -0.352728 0.000000 0.000000
37  -0.000002 -0.000002 0.000002  -0.470279 -0.000000 0.000000
38  -0.000009 -0.000001 -0.000000  -0.587853 -0.000000 -0.000000
39  -0.000004 -0.000001 0.000000  -0.705479 -0.000000 -0.000000
40  -0.000003 -0.000004 0.000002  -0.823048 0.000000 0.000000
41  -0.000011 -0.000004 -0.000002  0.391638 -0.735404 -1.035090
42  0.000003 -0.000001 0.000002  0.000001 0.000000 0.000000
43  3.954722 0.000011 0.000004  -0.000000 -0.000002 0.166320
44  -0.000000 -0.000001 -0.000002  -0.000000 -0.000000 -0.000000
45  0.000003 -0.000002 0.000001  0.000000 -0.000000 0.000000
46  0.000001 0.000000 0.000002  -0.000000 -0.000000 -0.000000
47  -0.000007 -0.000001 0.000002  -0.000000 0.000000 -0.000000
48  0.000002 -0.000001 0.000001  0.000000 -0.000000 0.000000
49  0.000000 -0.000001 -0.000000  -0.000000 -0.000000 0.000000
50  0.000000 -0.000000 -0.000002  0.000000 0.000000 -0.000000
51  -0.000002 0.000000 0.000002  0.000000 0.000000 0.000000
52  0.000003 0.000001 0.000001  0.000000 -0.000000 -0.000000
53  0.000001 0.000000 0.000001  -0.000000 0.000000 0.000000
54  -0.000002 0.000001 0.000002  0.000000 -0.000000 -0.000000
55  0.000001 0.000002 -0.000002  0.000000 0.000000 -0.000000
56  2.307436 0.000000 -0.000002  0.000002 0.000001 -0.056419
57  0.000000 0.000000 -0.000000  0.001458 0.003909 -0.003476
58  1.285014 5.642227 -30.932507  0.672204 0.272760 0.716793
59  0.071249 114.357033 62.238796  0.000000 -0.000000 0.000000
60  1.986523 0.000019 -3.123738  -2.705260 -0.000000 -1.570797
61  -1.986693 0.000017 -3.123744  0.436333 0.000001 1.570797
62  -0.000002 0.000004 -0.000001  0.000000 -0.000000 0.000000
63  -1.986692 0.000017 -3.123735  0.436333 0.000001 1.570797
64  -11.344167 1.135882 0.869275  0.000002 -0.025019 -0.026324
65  1.986524 0.000018 -3.123734  -2.705260 -0.000000 -1.570797
66  -11.350046 -0.729418 0.864889  0.000197 -0.025367 0.026442
67  1.754238 4.036766 -1.682668  0.392575 -0.010120 -1.546363
68  -1.755136 4.036764 -1.682667  -0.392577 -0.010391 -1.594986
69  -0.164555 7.327704 3.928703  0.000000 0.000001 -1.570796
70  0.079083 36.742691 -0.508021  0.000001 -0.000000 0.000000
71  -1.260173 8.777409 6.736404  -0.000002 -0.424416 -3.141592
72  1.525193 18.283596 2.968622  0.000000 -0.000000 0.000000
73  0.060214 10.324385 74.469055  0.000008 -0.000000 0.000000
74  0.062807 75.918007 83.075439  1.570797 -0.000000 -1.570796
75  4.804189 -3.971743 0.000000  -0.000000 0.000000 -0.000001
76  -7.041564 -5.025990 0.000001  -0.000000 -0.000000 -0.000000
77  8.407183 -3.978436 0.003056  -1.570796 1.570795 0.000000
78  10.376192 -3.978441 0.003056  -1.570796 1.570796 0.000000
79  10.194018 -0.314060 -1.749547  -1.570796 1.570796 0.000000
80  20.857891 -4.015566 0.000002  0.000000 -0.000000 -0.000000
81  3.258441 5.856955 -3.403523  -0.000000 -0.000000 -0.000000
82  15.153055 5.860580 -3.403520  0.000000 -0.000000 -0.000000
83  6.064257 77.294960 36.365795  1.570796 -0.000000 1.570796
84  -2.662414 1.445753 40.667957  -0.000000 3.141591 1.570796
85  8.352066 2.772894 0.000542  -3.141589 0.000002 0.000000
86  6.064257 72.973694 32.593250  1.570796 -0.000000 1.570796
87  0.004368 73.768417 -3.792008  0.000000 -0.000000 0.000000
88  -0.442608 1.284882 8.535288  0.000000 -0.000001 0.000000
89  -0.000000 1.310216 0.000001  0.000000 -0.000000 0.000000
90  -0.000001 0.582264 0.000002  0.000000 -0.000000 0.000000
91  0.036297 1.284880 7.928799  -0.000000 -0.000001 0.000000
92  -0.000003 1.310211 -0.000002  0.000000 -0.000000 0.000000
93  -0.000004 0.582259 -0.000002  0.000000 -0.000000 0.000000
94  5.969320 3.427460 -6.170651  -0.000000 -0.000001 -1.570797
95  -1.310220 0.000005 -0.000001  0.000000 -0.000000 -0.000000
96  -0.582263 -0.000000 0.000000  0.000000 -0.000000 -0.000000
97  5.969322 9.397398 -6.170660  -0.000000 -0.000001 -1.570796
98  -1.310224 0.000003 -0.000005  0.000000 0.000000 -0.000000
99  -0.582268 -0.000003 -0.000005  0.000000 0.000000 -0.000000
100  5.969320 15.223767 -6.170672  0.000000 -0.000001 -1.570796
101  -1.310214 0.000004 0.000000  -0.000000 0.000000 -0.000000
102  -0.582257 -0.000002 -0.000001  -0.000000 0.000000 -0.000000
103  5.969321 20.835567 -6.170672  0.000000 -0.000001 -1.570796
104  -1.310217 0.000005 0.000000  -0.000000 0.000000 -0.000000
105  -0.582266 0.000000 0.000004  -0.000000 0.000000 -0.000000
106  5.969326 26.771206 -6.170673  0.000000 -0.000001 -1.570796
107  5.969319 32.597595 -6.170673  0.000000 -0.000001 -1.570796
108  5.969321 38.209396 -6.170685  0.000000 -0.000001 -1.570800
109  5.969320 49.488464 -6.170679  0.000000 -0.000001 -1.570800
110  -0.539088 -0.556808 -0.017365  -0.042462 2.681156 1.551919
111  -6.799129 -0.556806 0.818549  -0.272420 2.701993 1.452460
112  -4.615285 -0.556825 0.270328  -0.117230 2.684609 1.518878
113  -2.650972 -0.556809 0.063009  -0.042463 2.681158 1.551919
114  27.110334 1.284855 12.007550  0.000000 -0.000000 0.000000
115  28.133423 1.284858 12.007547  0.000001 -0.000000 0.000000
116  12.812883 2.241786 12.007548  0.000000 -0.000001 -0.000001
117  -9.955972 -0.319623 4.380213  -0.000001 -0.000000 -0.000001
118  -11.316474 -0.319625 4.380214  -0.000003 -0.000000 0.000000
119  -12.667812 -0.319622 4.380215  -0.000003 -0.000000 0.000001
120  -14.022145 -0.319623 4.380212  0.000010 -0.000000 -0.000011
121  -15.373240 -0.319621 4.380213  0.000015 -0.000000 -0.000015
122  -16.724142 -0.319622 4.380212  -0.000009 -0.000000 0.000006
123  -18.074574 -0.319620 4.380213  -0.000006 -0.000000 0.000004
124  -19.423717 -0.319624 4.380215  0.000002 0.000000 -0.000004
125  -20.775270 -0.319620 4.380214  0.000003 0.000000 -0.000004
126  -22.126671 -0.319620 4.380213  0.000003 -0.000000 -0.000004
127  -23.478127 -0.319618 4.380213  0.000005 -0.000000 -0.000006
128  -24.830622 -0.319621 4.380213  0.000036 -0.000000 -0.000038
129  -26.182030 -0.319616 4.380211  -0.000011 -0.000000 0.000011
130  0.529177 -0.167129 0.629484  -0.101270 -0.000000 0.000000
131  -0.211444 -0.241681 0.155359  -0.145847 -0.000000 0.000000
132  0.529188 -0.280702 -0.110295  -0.145847 -0.000000 -0.000000
133  -0.173925 -0.337327 -0.638495  -0.181751 -0.000000 0.000000
134  0.529192 -0.399246 -0.975395  -0.181751 -0.000000 0.000000
135  -0.211446 -0.464477 -1.431042  -0.192399 -0.000000 0.000000
136  0.529186 -0.515809 -1.694584  -0.192400 -0.000000 0.000000
137  -0.173932 -0.612154 -2.231912  -0.216703 -0.000000 0.000000
138  0.529189 -0.685805 -2.566440  -0.216704 -0.000000 0.000000
139  -0.211449 -0.769560 -3.027870  -0.237349 -0.000000 0.000000
140  0.529187 -0.832687 -3.288849  -0.237349 -0.000000 0.000000
141  -0.173938 -0.945281 -3.779563  -0.233859 0.000000 0.000000
142  0.529177 -1.024657 -4.112779  -0.233859 0.000000 0.000000
143  -0.211445 -1.132187 -4.577549  -0.262919 -0.000000 0.000000
144  0.529190 -1.201966 -4.836824  -0.262919 0.000000 0.000000
145  -0.000002 -2.810945 -10.636628  0.258454 0.000000 3.141592
146  -0.192459 -1.345780 -5.370047  -0.280373 0.000000 0.000000
147  0.533981 -1.413516 -5.605106  -0.276883 0.000000 0.000000
148  -0.206619 -1.795758 -6.909780  -0.287354 0.000000 0.000000
149  -0.205803 -1.564820 -6.138257  -0.290843 0.000000 0.000000
150  0.530457 -1.643679 -6.395215  -0.290844 0.000000 0.000000
151  0.535308 -1.790709 -7.204133  -0.287354 -0.000000 0.000000
152  -0.202706 -2.030487 -7.702832  -0.286180 -0.000000 0.000000
153  0.509544 -2.118894 -8.011628  -0.298398 -0.000000 0.000000
154  -0.202703 -2.255278 -8.465172  -0.283134 -0.000000 0.000000
155  0.509546 -2.352980 -8.771158  -0.295352 -0.000000 0.000000
156  -0.202708 -2.481597 -9.235472  -0.285437 -0.000000 0.000000
157  0.509544 -2.588686 -9.538639  -0.297654 -0.000000 0.000000
158  0.170124 -21.222094 -1.001140  -0.000001 -0.000001 0.000000
159  0.170121 -20.843863 -0.397184  -0.000001 -0.000001 0.000000
160  0.170122 -20.489746 -1.001143  -0.000001 -0.000001 0.000000
161  0.170123 -20.111069 -0.397183  -0.000001 -0.000001 0.000000
162  0.170122 -19.380091 -0.397187  -0.000001 -0.000001 0.000000
163  0.170122 -19.025108 -1.001145  -0.000001 -0.000001 0.000000
164  0.170123 -18.646658 -0.396448  -0.000001 -0.000001 0.000000
165  0.170122 -19.755760 -1.001143  -0.000001 -0.000001 0.000000
166  -0.015973 10.612517 2.686018  0.000001 -0.000000 0.000000
167  0.059849 -50.160706 6.449380  1.570797 0.000000 -1.570797
168  0.064651 27.351288 72.195206  0.000000 -0.000000 -0.000001
169  6.064262 95.114021 31.645502  0.000000 -0.000001 1.570796
170  0.054188 102.845650 29.795361  0.000000 0.000001 -1.570796
171  6.064256 69.096558 37.164322  1.570796 -0.000000 1.570796
172  1.974303 11.989233 4.589250  0.000000 -0.000000 0.000000
173  -0.011479 23.944746 5.090361  0.000001 -0.000000 0.000000
174  -1.691250 8.833340 5.763506  0.000001 -0.000000 0.000000
175  6.064263 89.329811 31.613914  0.000000 -0.000001 1.570796
176  0.059885 2.255335 54.398014  0.000000 -0.000000 0.000000
177  0.003496 -22.270649 0.000146  1.570797 0.000000 -1.570797
178  0.104011 15.380369 2.266154  0.000001 -0.000000 0.000000
179  0.000005 0.000041 0.000054  0.000000 0.000000 0.000000
180  0.000026 -0.000002 -0.000001  -0.000000 0.000000 0.000000
181  -2.662415 1.445756 33.628742  -0.000000 3.141591 1.570796
182  8.352064 2.772897 0.000541  -3.141589 0.000002 0.000000
183  -2.662414 1.445753 40.667957  -0.000000 3.141591 1.570796
184  8.352066 2.772894 0.000542  -3.141589 0.000002 0.000000
185  -1.431355 16.384779 4.137812  0.000001 0.000000 0.000000
186  -0.001845 0.521682 -0.140289  0.000000 -0.000000 0.000000
187  7.323110 -5.136194 -5.166239  -0.000000 0.000000 -0.610865
188  2.698282 -0.000004 -0.000000  -0.000012 0.000000 0.000000
189  2.834159 -0.000001 0.000004  0.000013 0.000000 0.000000
190  2.648918 -0.000001 0.000005  -0.000001 -0.000001 0.000000
191  2.667506 -0.000003 -0.000002  -0.000000 -0.000000 -0.000000
192  2.426703 -0.000003 0.000002  -0.000000 -0.000000 -0.000000
193  -0.494745 -44.353451 -1.302299  1.570797 -0.000000 -1.570797
194  11.545940 73.768425 -3.792010  0.000000 -0.000000 0.000000
195  -0.066955 -10.025107 -0.912532  0.000000 -0.000000 0.000000
196  0.000000 -0.000001 -1.529052  -0.000000 -0.000000 0.000000
197  -0.078944 0.000003 0.000003  0.000000 0.000001 1.570796
198  0.097090 0.000001 -0.000000  -0.000000 -3.141592 1.570796
199  0.000000 0.000000 0.000000  0.000000 -0.000000 -0.000000
200  -10.036134 -2.728269 -13.735085  0.672204 0.272761 0.716793
201  2.204409 8.095555 -33.784798  0.672203 0.272760 0.716793
time 29
0  0 0 0  0 0 0
1  0.000000 0.000000 0.000000  0.000000 -0.000000 -0.000000
2  -0.000005 0.000023 -61.375507  0.000000 0.000000 -1.570795
3  -0.012872 0.000000 8.235020  -1.570799 -1.570796 0.000000
4  16.163128 -0.012870 -0.000002  -0.000000 -0.000000 0.000000
5  -0.000000 0.000000 -0.000005  0.000000 -0.000000 -0.000000
6  -0.000034 -0.000002 -0.000000  0.685948 -0.366779 0.658510
7  -0.000000 -0.000009 -0.000000  0.000000 0.000000 -0.375443
8  -0.000000 0.000000 0.000001  0.004700 -0.000000 -0.000000
9  -0.000000 0.000001 0.000001  0.009400 -0.000000 -0.000000
10  -0.000001 -0.000000 0.000002  0.014100 -0.000000 -0.000000
11  -0.000001 -0.000000 0.000002  0.018861 0.000000 -0.000000
12  -0.000005 0.000001 0.000001  0.023561 -0.000000 -0.000000
13  -0.000001 -0.000002 0.000001  0.028261 -0.000000 -0.000000
14  -0.000005 -0.000001 0.000001  0.033022 -0.000000 -0.000000
15  -0.000005 0.000002 0.000004  0.074530 -0.870838 -0.010840
16  -0.000003 -0.000002 0.000003  -0.000000 -0.000001 0.000000
17  -0.000003 0.000000 0.000004  0.000000 0.000000 -0.000000
18  -0.000001 0.000000 0.000003  -0.000000 -0.000000 -0.000000
19  0.000001 0.000000 -0.000001  0.000000 -0.000000 -0.000000
20  -0.000001 0.000000 -0.000002  -0.000000 -0.000000 -0.000000
21  -0.000001 -0.000002 -0.000002  -0.000000 -0.000000 0.000000
22  -0.000003 0.000000 0.000001  -0.000000 -0.000000 -0.000000
23  3.672212 0.000001 -0.000001  0.000003 0.000001 0.142941
24  -0.000001 -0.000003 0.000002  0.000000 0.000000 0.000000
25  0.000001 0.000000 -0.000001  0.000000 -0.000000 -0.000000
26  0.000001 0.000001 -0.000001  0.000000 0.000001 0.000000
27  2.496792 0.000004 -0.000003  0.000000 0.000000 -0.091107
28  0.000002 -0.000002 0.000002  -0.000000 0.000000 0.000000
29  0.000003 0.000001 0.000002  0.000000 0.000000 -0.000000
30  2.199410 0.000002 0.000007  0.000001 0.000001 0.029263
31  0.000004 -0.000000 0.000003  0.000000 -0.000000 0.000000
32  -0.000019 -0.000001 0.000001  -0.012061 0.288738 0.110686
33  -0.000004 0.000001 -0.000002  0.000000 -0.000000 0.443270
34  0.000001 -0.000000 -0.000000  -0.109678 0.000000 -0.000000
35  -0.000001 -0.000003 -0.000000  -0.219441 0.000000 0.000000
36  -0.000005 -0.000000 0.000000  -0.329130 0.000000 0.000000
37  -0.000000 -0.000001 0.000000  -0.438891 -0.000000 -0.000000
38  -0.000005 -0.000000 0.000001  -0.548619 -0.000000 -0.000000
39  -0.000005 -0.000000 -0.000000  -0.658328 -0.000000 -0.000000
40  -0.000001 -0.000002 0.000002  -0.768028 0.000000 0.000000
41  -0.000010 -0.000003 -0.000002  0.412669 -0.696293 -0.902057
42  0.000003 -0.000000 0.000004  0.000001 0.000000 0.000000
43  3.954722 0.000012 0.000003  -0.000000 -0.000002 0.166320
44  -0.000001 -0.000001 -0.000001  -0.000000 -0.000000 -0.000000
45  0.000003 -0.000001 0.000003  0.000000 -0.000000 0.000000
46  -0.000001 -0.000000 0.000003  -0.000000 0.000000 -0.000000
47  -0.000005 -0.000001 0.000002  0.000000 0.000000 -0.000000
48  -0.000001 -0.000000 0.000005  0.000000 -0.000000 -0.000000
49  -0.000001 -0.000001 0.000003  0.000000 -0.000000 -0.000000
50  -0.000002 -0.000000 0.000000  0.000000 -0.000000 -0.000000
51  -0.000002 0.000001 0.000004  0.000000 0.000000 -0.000000
52  -0.000002 0.000001 0.000000  0.000000 -0.000000 -0.000000
53  0.000006 0.000001 -0.000004  0.000000 0.000000 0.000000
54  -0.000002 0.000000 0.000004  -0.000000 -0.000000 0.000000
55  0.000002 0.000001 -0.000002  0.000000 0.000000 -0.000000
56  2.307434 0.000001 -0.000002  0.000002 0.000001 -0.056419
57  0.000000 0.000000 -0.000000  0.002565 -0.000606 -0.003236
58  1.382754 6.019402 -31.329842  0.703414 0.190042 0.648157
59  0.071244 114.357033 62.238792  -0.000000 0.000000 -0.000000
60  1.986526 0.000021 -3.123738  -2.705260 -0.000000 -1.570797
61  -1.986688 0.000021 -3.123748  0.436333 0.000001 1.570797
62  0.000000 0.000006 -0.000003  0.000000 0.000000 -0.000000
63  -1.986686 0.000026 -3.123741  0.436333 0.000001 1.570797
64  -11.344163 1.135887 0.869271  0.000002 -0.025020 -0.026324
65  1.986528 0.000030 -3.123732  -2.705260 -0.000000 -1.570797
66  -11.350055 -0.729422 0.864895  0.000197 -0.025367 0.026442
67  1.754236 4.036773 -1.682665  0.392575 -0.010120 -1.546362
68  -1.755139 4.036768 -1.682666  -0.392577 -0.010391 -1.594986
69  -0.164557 7.327703 3.928702  -0.000000 0.000001 -1.570796
70  0.079082 36.742691 -0.508024  0.000001 0.000000 -0.000000
71  -1.260175 8.777409 6.736405  -0.000002 -0.424415 -3.141592
72  1.525192 18.283596 2.968621  0.000000 0.000000 -0.000000
73  0.060218 10.324390 74.469055  0.000008 0.000000 -0.000000
74  0.062812 75.917999 83.075432  1.570797 -0.000000 -1.570796
75  4.804187 -3.971750 0.000004  -0.000000 0.000000 -0.000000
76  -7.041563 -5.025993 0.000005  -0.000000 -0.000000 -0.000000
77  8.407177 -3.978433 0.003059  -1.570796 1.570795 0.000000
78  10.376190 -3.978445 0.003059  -1.570796 1.570796 0.000000
79  10.194019 -0.314065 -1.749544  -1.570796 1.570796 0.000000
80  20.857891 -4.015567 0.000007  0.000000 -0.000000 0.000000
81  3.258448 5.856947 -3.403522  -0.000000 -0.000000 -0.000000
82  15.153051 5.860583 -3.403521  0.000000 -0.000000 0.000000
83  6.064257 77.294952 36.365795  1.570796 -0.000000 1.570796
84  -2.662410 1.445754 40.667957  -0.000000 3.141591 1.570796
85  8.352068 2.772896 0.000541  -3.141589 0.000002 0.000000
86  6.064259 72.973701 32.593250  1.570796 -0.000000 1.570796
87  0.004365 73.768425 -3.792005  0.000000 0.000000 0.000000
88  -0.442610 1.284882 8.535292  -0.000000 -0.000001 0.000000
89  0.000001 1.310209 -0.000002  0.000000 0.000000 0.000000
90  0.000001 0.582257 -0.000001  0.000000 0.000000 0.000000
91  0.036299 1.284880 7.928800  0.000000 -0.000001 0.000000
92  -0.000004 1.310206 0.000000  0.000000 0.000000 0.000000
93  -0.000005 0.582255 -0.000001  0.000000 0.000000 0.000000
94  5.969326 3.427459 -6.170650  -0.000000 -0.000001 -1.570796
95  -1.310208 -0.000002 0.000001  0.000000 -0.000000 -0.000000
96  -0.582257 -0.000005 0.000003  0.000000 -0.000000 -0.000000
97  5.969325 9.397402 -6.170659  -0.000000 -0.000001 -1.570796
98  -1.310213 0.000003 -0.000001  0.000000 0.000000 -0.000000
99  -0.582263 0.000001 -0.000002  0.000000 0.000000 -0.000000
100  5.969326 15.223769 -6.170670  0.000000 -0.000001 -1.570796
101  -1.310213 0.000007 0.000001  -0.000000 0.000000 -0.000000
102  -0.582257 0.000002 0.000004  -0.000000 0.000000 -0.000000
103  5.969325 20.835571 -6.170670  0.000000 -0.000001 -1.570796
104  -1.310217 -0.000002 -0.000005  -0.000000 0.000000 -0.000000
105  -0.582267 -0.000004 0.000000  -0.000000 0.000000 -0.000000
106  5.969320 26.771208 -6.170671  0.000000 -0.000001 -1.570796
107  5.969329 32.597595 -6.170677  0.000000 -0.000001 -1.570796
108  5.969331 38.209396 -6.170689  0.000000 -0.000001 -1.570800
109  5.969330 49.488461 -6.170685  0.000000 -0.000001 -1.570800
110  -0.539087 -0.556808 -0.017364  -0.042462 2.681156 1.551919
111  -6.799124 -0.556808 0.818551  -0.272420 2.701993 1.452460
112  -4.615282 -0.556824 0.270328  -0.117230 2.684609 1.518878
113  -2.650967 -0.556808 0.063010  -0.042463 2.681158 1.551919
114  27.110340 1.284860 12.007548  0.000000 -0.000000 -0.000000
115  28.133429 1.284858 12.007547  0.000001 -0.000000 -0.000000
116  12.812888 2.241782 12.007551  -0.000000 -0.000001 -0.000001
117  -9.955963 -0.319619 4.380212  -0.000001 -0.000000 -0.000001
118  -11.316472 -0.319623 4.380214  -0.000003 -0.000000 -0.000000
119  -12.667810 -0.319625 4.380215  -0.000003 -0.000000 0.000001
120  -14.022137 -0.319621 4.380214  0.000010 -0.000000 -0.000011
121  -15.373236 -0.319621 4.380213  0.000015 -0.000000 -0.000015
122  -16.724138 -0.319620 4.380213  -0.000009 -0.000000 0.000006
123  -18.074572 -0.319619 4.380215  -0.000006 -0.000000 0.000004
124  -19.423716 -0.319622 4.380213  0.000002 0.000000 -0.000004
125  -20.775269 -0.319618 4.380212  0.000003 0.000000 -0.000004
126  -22.126671 -0.319623 4.380216  0.000003 -0.000000 -0.000004
127  -23.478125 -0.319621 4.380215  0.000005 -0.000000 -0.000006
128  -24.830618 -0.319621 4.380218  0.000036 -0.000000 -0.000038
129  -26.182030 -0.319621 4.380217  -0.000011 -0.000000 0.000011
130  0.529179 -0.167131 0.629484  -0.101270 -0.000000 0.000000
131  -0.211442 -0.241685 0.155362  -0.145847 -0.000000 0.000000
132  0.529191 -0.280703 -0.110291  -0.145847 -0.000000 -0.000000
133  -0.173927 -0.337325 -0.638496  -0.181751 -0.000000 0.000000
134  0.529189 -0.399250 -0.975394  -0.181751 -0.000000 0.000000
135  -0.211438 -0.464475 -1.431044  -0.192399 -0.000000 0.000000
136  0.529193 -0.515808 -1.694582  -0.192399 -0.000000 0.000000
137  -0.173923 -0.612151 -2.231913  -0.216703 -0.000000 0.000000
138  0.529190 -0.685809 -2.566439  -0.216703 -0.000000 -0.000000
139  -0.211443 -0.769562 -3.027870  -0.237349 -0.000000 0.000000
140  0.529190 -0.832687 -3.288847  -0.237349 -0.000000 -0.000000
141  -0.173934 -0.945283 -3.779564  -0.233859 0.000000 0.000000
142  0.529182 -1.024656 -4.112780  -0.233859 0.000000 0.000000
143  -0.211441 -1.132184 -4.577549  -0.262919 -0.000000 0.000000
144  0.529191 -1.201962 -4.836826  -0.262919 0.000000 0.000000
145  -0.000004 -2.810941 -10.636631  0.258454 0.000000 3.141592
146  -0.192454 -1.345779 -5.370045  -0.280373 0.000000 0.000000
147  0.533986 -1.413514 -5.605104  -0.276883 0.000000 0.000000
148  -0.206618 -1.795760 -6.909779  -0.287354 0.000000 0.000000
149  -0.205802 -1.564817 -6.138257  -0.290843 0.000000 0.000000
150  0.530461 -1.643675 -6.395214  -0.290844 0.000000 0.000000
151  0.535315 -1.790710 -7.204133  -0.287354 -0.000000 0.000000
152  -0.202701 -2.030483 -7.702831  -0.286180 -0.000000 0.000000
153  0.509551 -2.118895 -8.011623  -0.298398 -0.000000 0.000000
154  -0.202702 -2.255275 -8.465173  -0.283134 -0.000000 0.000000
155  0.509552 -2.352979 -8.771159  -0.295352 -0.000000 0.000000
156  -0.202699 -2.481594 -9.235470  -0.285437 -0.000000 0.000000
157  0.509548 -2.588683 -9.538638  -0.297654 -0.000000 0.000000
158  0.170124 -21.222090 -1.001142  -0.000001 -0.000001 0.000000
159  0.170123 -20.843866 -0.397180  -0.000001 -0.000001 0.000000
160  0.170123 -20.489746 -1.001139  -0.000001 -0.000001 0.000000
161  0.170125 -20.111067 -0.397183  -0.000001 -0.000001 0.000000
162  0.170124 -19.380089 -0.397185  -0.000001 -0.000001 0.000000
163  0.170123 -19.025108 -1.001146  -0.000001 -0.000001 0.000000
164  0.170125 -18.646660 -0.396448  -0.000001 -0.000001 0.000000
165  0.170124 -19.755758 -1.001141  -0.000001 -0.000001 0.000000
166  -0.015974 10.612517 2.686016  0.000001 0.000000 -0.000000
167  0.059852 -50.160702 6.449379  1.570797 -0.000000 -1.570797
168  0.064654 27.351290 72.195206  -0.000000 -0.000000 -0.000001
169  6.064266 95.114014 31.645496  0.000000 -0.000001 1.570796
170  0.054189 102.845642 29.795357  -0.000000 0.000001 -1.570796
171  6.064257 69.096565 37.164318  1.570796 -0.000000 1.570796
172  1.974302 11.989232 4.589250  0.000000 0.000000 -0.000000
173  -0.011480 23.944748 5.090360  0.000001 0.000000 0.000000
174  -1.691251 8.833342 5.763506  0.000001 0.000000 -0.000000
175  6.064260 89.329803 31.613913  0.000000 -0.000001 1.570796
176  0.059886 2.255335 54.398010  -0.000000 0.000000 -0.000000
177  0.003497 -22.270645 0.000147  1.570797 -0.000000 -1.570797
178  0.104009 15.380369 2.266152  0.000001 0.000000 -0.000000
179  0.000002 0.000040 0.000053  0.000000 0.000000 0.000000
180  0.000022 -0.000003 -0.000001  -0.000000 -0.000000 0.000000
181  -2.662413 1.445757 33.628742  -0.000000 3.141591 1.570796
182  8.352066 2.772897 0.000542  -3.141589 0.000002 0.000000
183  -2.662410 1.445754 40.667957  -0.000000 3.141591 1.570796
184  8.352068 2.772896 0.000541  -3.141589 0.000002 0.000000
185  -1.431356 16.384777 4.137810  0.000001 0.000000 0.000000
186  -0.001846 0.521681 -0.140289  0.000000 0.000000 -0.000000
187  7.323107 -5.136192 -5.166235  -0.000000 0.000000 -0.610865
188  2.698277 -0.000002 -0.000001  -0.000012 0.000000 0.000000
189  2.834163 -0.000001 -0.000003  0.000013 0.000000 -0.000000
190  2.648918 -0.000000 -0.000000  -0.000001 -0.000001 0.000000
191  2.667498 -0.000003 0.000001  0.000000 -0.000000 0.000000
192  2.426700 -0.000002 0.000002  0.000000 0.000000 -0.000000
193  -0.494746 -44.353451 -1.302301  1.570797 -0.000000 -1.570797
194  11.545939 73.768425 -3.792010  0.000000 0.000000 -0.000000
195  -0.066955 -10.025106 -0.912533  -0.000000 0.000000 -0.000000
196  -0.000001 -0.000000 -1.529051  -0.000000 0.000000 -0.000000
197  -0.078943 -0.000001 0.000001  0.000000 0.000001 1.570796
198  0.097091 -0.000001 0.000002  -0.000000 -3.141592 1.570796
199  0.000000 0.000000 0.000000  0.000000 -0.000000 -0.000000
200  -9.237449 -2.342054 -13.436833  0.703414 0.190042 0.648156
201  2.334761 8.307530 -34.051292  0.703414 0.190042 0.648156
time 30
0  0 0 0  0 0 0
1  0.000000 0.000000 0.000000  0.000000 -0.000000 -0.000000
2  -0.000005 0.000023 -61.375507  0.000000 0.000000 -1.570795
3  -0.012872 0.000000 8.235020  -1.570799 -1.570796 0.000000
4  16.163128 -0.012870 -0.000002  -0.000000 -0.000000 0.000000
5  -0.000000 0.000000 -0.000005  0.000000 -0.000000 -0.000000
6  -0.000034 -0.000002 -0.000000  0.675221 -0.377755 0.658702
7  -0.000001 -0.000006 0.000001  -0.000000 0.000000 -0.376374
8  0.000000 0.000001 0.000000  0.006836 -0.000000 -0.000000
9  0.000004 -0.000001 0.000001  0.013733 -0.000000 -0.000000
10  0.000004 -0.000002 0.000002  0.020631 -0.000000 -0.000000
11  0.000004 -0.000001 0.000002  0.027528 0.000000 -0.000000
12  0.000004 -0.000002 0.000001  0.034427 -0.000000 -0.000000
13  0.000004 -0.000003 -0.000000  0.041325 -0.000000 -0.000000
14  0.000003 -0.000004 0.000001  0.048224 -0.000000 -0.000000
15  0.000004 -0.000001 0.000004  0.027803 -0.781647 0.062834
16  -0.000009 -0.000000 0.000000  -0.000000 -0.000001 -0.000000
17  -0.000003 -0.000000 0.000004  0.000000 0.000000 -0.000000
18  -0.000001 -0.000001 0.000001  -0.000000 -0.000000 -0.000000
19  -0.000000 0.000002 -0.000004  -0.000000 -0.000000 -0.000000
20  -0.000002 0.000001 -0.000003  0.000000 -0.000000 0.000000
21  0.000001 -0.000003 -0.000005  0.000000 -0.000000 0.000000
22  -0.000009 0.000001 -0.000002  -0.000000 -0.000000 -0.000000
23  3.672209 0.000004 -0.000001  0.000003 0.000001 0.142941
24  0.000001 -0.000003 0.000000  -0.000000 0.000000 0.000000
25  -0.000002 0.000003 -0.000002  -0.000000 -0.000000 -0.000000
26  -0.000002 -0.000002 0.000000  0.000000 0.000000 -0.000000
27  2.496793 0.000004 -0.000000  0.000000 0.000000 -0.091107
28  -0.000001 0.000001 0.000001  -0.000000 0.000000 -0.000000
29  -0.000002 0.000002 0.000002  -0.000000 -0.000000 -0.000000
30  2.199411 0.000002 0.000007  0.000001 0.000001 0.029263
31  0.000004 -0.000000 0.000003  0.000000 -0.000000 0.000000
32  -0.000019 -0.000001 0.000001  -0.020175 0.300420 0.105963
33  -0.000008 0.000001 -0.000001  0.000000 -0.000000 0.400386
34  0.000002 0.000000 0.000000  -0.099104 0.000000 -0.000000
35  -0.000002 -0.000001 -0.000000  -0.198268 0.000000 0.000000
36  0.000000 -0.000002 0.000001  -0.297430 0.000000 0.000000
37  0.000001 -0.000000 0.000001  -0.396588 0.000000 -0.000000
38  -0.000002 0.000001 0.000002  -0.495738 0.000000 -0.000000
39  -0.000001 0.000001 0.000001  -0.594935 -0.000000 -0.000000
40  -0.000000 -0.000002 0.000002  -0.694043 0.000000 0.000000
41  -0.000003 -0.000003 0.000000  0.415326 -0.650000 -0.773940
42  -0.000004 -0.000001 0.000000  0.000001 0.000000 0.000000
43  3.954721 0.000012 0.000004  -0.000000 -0.000002 0.166319
44  -0.000001 -0.000001 -0.000003  -0.000000 -0.000000 -0.000000
45  -0.000005 -0.000002 -0.000002  0.000000 -0.000000 0.000000
46  -0.000005 0.000000 -0.000001  -0.000000 0.000000 -0.000000
47  -0.000005 -0.000000 -0.000001  0.000000 0.000000 -0.000000
48  -0.000005 -0.000001 -0.000001  -0.000000 0.000000 0.000000
49  -0.000005 -0.000001 -0.000001  0.000000 -0.000000 -0.000000
50  0.000003 0.000000 -0.000002  -0.000000 -0.000000 -0.000000
51  -0.000005 0.000000 -0.000000  -0.000000 0.000000 0.000000
52  -0.000002 -0.000000 0.000001  0.000000 -0.000000 -0.000000
53  -0.000002 -0.000000 -0.000001  -0.000000 0.000000 0.000000
54  -0.000005 0.000000 0.000000  -0.000000 -0.000000 -0.000000
55  -0.000005 0.000001 0.000001  0.000000 0.000000 -0.000000
56  2.307428 0.000000 -0.000002  0.000002 0.000001 -0.056419
57  0.000000 0.000000 -0.000000  0.003057 -0.003963 -0.002753
58  1.585354 6.151024 -31.504768  0.720960 0.118970 0.574539
59  0.071256 114.357040 62.238800  0.000000 0.000000 -0.000000
60  1.986526 0.000009 -3.123742  -2.705260 -0.000000 -1.570797
61  -1.986693 0.000007 -3.123748  0.436333 0.000001 1.570797
62  0.000001 0.000002 -0.000000  0.000000 -0.000000 0.000000
63  -1.986692 0.000027 -3.123733  0.436333 0.000001 1.570797
64  -11.344157 1.135886 0.869274  0.000002 -0.025019 -0.026324
65  1.986523 0.000030 -3.123730  -2.705260 -0.000000 -1.570797
66  -11.350058 -0.729419 0.864891  0.000197 -0.025367 0.026442
67  1.754238 4.036775 -1.682658  0.392575 -0.010120 -1.546363
68  -1.755139 4.036770 -1.682659  -0.392577 -0.010391 -1.594986
69  -0.164555 7.327706 3.928703  -0.000000 0.000001 -1.570796
70  0.079084 36.742691 -0.508023  0.000001 0.000000 -0.000000
71  -1.260174 8.777411 6.736406  -0.000002 -0.424415 -3.141592
72  1.525194 18.283598 2.968622  0.000000 0.000000 0.000000
73  0.060214 10.324388 74.469055  0.000008 0.000000 0.000000
74  0.062809 75.918007 83.075439  1.570797 0.000000 -1.570796
75  4.804180 -3.971741 0.000004  -0.000000 0.000000 -0.000000
76  -7.041571 -5.025993 0.000002  -0.000000 -0.000000 -0.000000
77  8.407175 -3.978432 0.003058  -1.570796 1.570795 0.000000
78  10.376184 -3.978439 0.003059  -1.570796 1.570796 0.000000
79  10.194009 -0.314055 -1.749543  -1.570796 1.570796 0.000000
80  20.857882 -4.015564 0.000005  0.000000 -0.000000 0.000000
81  3.258434 5.856959 -3.403522  -0.000000 -0.000000 -0.000000
82  15.153042 5.860588 -3.403517  0.000000 -0.000000 0.000000
83  6.064257 77.294952 36.365795  1.570796 0.000000 1.570796
84  -2.662414 1.445755 40.667957  -0.000000 3.141591 1.570796
85  8.352068 2.772897 0.000540  -3.141589 0.000002 0.000000
86  6.064260 72.973701 32.593250  1.570796 0.000000 1.570796
87  0.004368 73.768417 -3.792006  0.000000 0.000000 0.000000
88  -0.442614 1.284877 8.535292  -0.000000 -0.000001 0.000000
89  0.000002 1.310214 -0.000002  0.000000 0.000000 0.000000
90  0.000003 0.582261 -0.000001  0.000000 0.000000 0.000000
91  0.036293 1.284878 7.928801  0.000000 -0.000001 0.000000
92  -0.000000 1.310213 0.000000  0.000000 0.000000 0.000000
93  -0.000002 0.582261 0.000001  0.000000 0.000000 0.000000
94  5.969320 3.427457 -6.170650  -0.000000 -0.000001 -1.570796
95  -1.310212 0.000004 -0.000003  0.000000 -0.000000 -0.000000
96  -0.582260 -0.000001 -0.000003  0.000000 -0.000000 -0.000000
97  5.969317 9.397396 -6.170656  -0.000000 -0.000001 -1.570796
98  -1.310221 0.000004 0.000004  0.000000 0.000000 -0.000000
99  -0.582264 -0.000000 0.000005  0.000000 0.000000 -0.000000
100  5.969316 15.223766 -6.170669  -0.000000 -0.000001 -1.570796
101  -1.310214 -0.000002 0.000005  -0.000000 0.000000 -0.000000
102  -0.582257 -0.000006 0.000010  -0.000000 0.000000 -0.000000
103  5.969316 20.835567 -6.170671  -0.000000 -0.000001 -1.570796
104  -1.310218 -0.000003 0.000004  -0.000000 0.000000 -0.000000
105  -0.582266 -0.000002 0.000006  -0.000000 0.000000 -0.000000
106  5.969316 26.771206 -6.170671  -0.000000 -0.000001 -1.570796
107  5.969315 32.597591 -6.170672  -0.000000 -0.000001 -1.570796
108  5.969315 38.209393 -6.170682  -0.000000 -0.000001 -1.570800
109  5.969313 49.488468 -6.170683  -0.000000 -0.000001 -1.570800
110  -0.539096 -0.556809 -0.017361  -0.042462 2.681156 1.551919
111  -6.799129 -0.556807 0.818551  -0.272420 2.701993 1.452460
112  -4.615287 -0.556824 0.270330  -0.117230 2.684609 1.518878
113  -2.650976 -0.556808 0.063012  -0.042463 2.681158 1.551919
114  27.110334 1.284859 12.007550  0.000000 -0.000000 -0.000000
115  28.133421 1.284854 12.007546  0.000001 -0.000000 -0.000000
116  12.812882 2.241782 12.007551  -0.000000 -0.000001 -0.000001
117  -9.955971 -0.319623 4.380216  -0.000001 -0.000000 -0.000001
118  -11.316480 -0.319623 4.380217  -0.000003 -0.000000 -0.000000
119  -12.667814 -0.319623 4.380218  -0.000003 -0.000000 0.000001
120  -14.022144 -0.319626 4.380218  0.000009 -0.000000 -0.000011
121  -15.373245 -0.319625 4.380216  0.000015 -0.000000 -0.000015
122  -16.724144 -0.319624 4.380217  -0.000009 -0.000000 0.000006
123  -18.074574 -0.319625 4.380214  -0.000006 -0.000000 0.000004
124  -19.423721 -0.319622 4.380218  0.000002 0.000000 -0.000004
125  -20.775274 -0.319621 4.380216  0.000003 0.000000 -0.000004
126  -22.126675 -0.319622 4.380219  0.000003 0.000000 -0.000004
127  -23.478130 -0.319622 4.380218  0.000005 -0.000000 -0.000006
128  -24.830624 -0.319618 4.380216  0.000036 -0.000000 -0.000038
129  -26.182034 -0.319618 4.380217  -0.000011 -0.000000 0.000011
130  0.529174 -0.167130 0.629484  -0.101270 -0.000000 0.000000
131  -0.211447 -0.241683 0.155362  -0.145847 -0.000000 0.000000
132  0.529185 -0.280703 -0.110291  -0.145847 -0.000000 -0.000000
133  -0.173932 -0.337330 -0.638494  -0.181751 -0.000000 0.000000
134  0.529185 -0.399245 -0.975393  -0.181751 -0.000000 0.000000
135  -0.211449 -0.464477 -1.431040  -0.192399 -0.000000 0.000000
136  0.529185 -0.515808 -1.694580  -0.192400 -0.000000 0.000000
137  -0.173935 -0.612155 -2.231909  -0.216703 -0.000000 0.000000
138  0.529182 -0.685808 -2.566438  -0.216704 -0.000000 -0.000000
139  -0.211450 -0.769562 -3.027869  -0.237349 -0.000000 0.000000
140  0.529182 -0.832689 -3.288843  -0.237349 -0.000000 -0.000000
141  -0.173939 -0.945282 -3.779564  -0.233859 0.000000 0.000000
142  0.529173 -1.024658 -4.112778  -0.233859 0.000000 0.000000
143  -0.211449 -1.132188 -4.577546  -0.262919 -0.000000 0.000000
144  0.529183 -1.201965 -4.836823  -0.262919 0.000000 0.000000
145  -0.000010 -2.810942 -10.636629  0.258454 -0.000000 3.141592
146  -0.192460 -1.345782 -5.370042  -0.280373 0.000000 0.000000
147  0.533978 -1.413514 -5.605103  -0.276883 0.000000 0.000000
148  -0.206621 -1.795762 -6.909781  -0.287354 0.000000 0.000000
149  -0.205811 -1.564818 -6.138255  -0.290843 0.000000 0.000000
150  0.530457 -1.643678 -6.395214  -0.290844 0.000000 0.000000
151  0.535308 -1.790712 -7.204130  -0.287354 -0.000000 0.000000
152  -0.202710 -2.030486 -7.702829  -0.286180 -0.000000 0.000000
153  0.509545 -2.118898 -8.011623  -0.298398 -0.000000 0.000000
154  -0.202706 -2.255279 -8.465171  -0.283134 -0.000000 0.000000
155  0.509543 -2.352982 -8.771156  -0.295352 -0.000000 0.000000
156  -0.202712 -2.481599 -9.235468  -0.285437 -0.000000 0.000000
157  0.509542 -2.588684 -9.538638  -0.297654 -0.000000 0.000000
158  0.170118 -21.222095 -1.001136  -0.000001 -0.000001 0.000000
159  0.170119 -20.843864 -0.397183  -0.000001 -0.000001 0.000000
160  0.170120 -20.489748 -1.001140  -0.000001 -0.000001 0.000000
161  0.170121 -20.111069 -0.397183  -0.000001 -0.000001 0.000000
162  0.170117 -19.380091 -0.397186  -0.000001 -0.000001 0.000000
163  0.170121 -19.025110 -1.001142  -0.000001 -0.000001 0.000000
164  0.170116 -18.646662 -0.396446  -0.000001 -0.000001 0.000000
165  0.170120 -19.755760 -1.001142  -0.000001 -0.000001 0.000000
166  -0.015972 10.612517 2.686016  0.000001 0.000000 0.000000
167  0.059851 -50.160698 6.449381  1.570797 0.000000 -1.570797
168  0.064651 27.351295 72.195206  -0.000000 -0.000000 -0.000001
169  6.064262 95.114021 31.645506  0.000000 -0.000001 1.570796
170  0.054188 102.845642 29.795362  -0.000000 0.000001 -1.570796
171  6.064260 69.096558 37.164318  1.570796 0.000000 1.570796
172  1.974303 11.989235 4.589251  0.000000 0.000000 0.000000
173  -0.011479 23.944748 5.090363  0.000001 0.000000 0.000000
174  -1.691250 8.833343 5.763506  0.000001 0.000000 0.000000
175  6.064261 89.329811 31.613918  0.000000 -0.000001 1.570796
176  0.059885 2.255336 54.398010  0.000000 0.000000 0.000000
177  0.003493 -22.270645 0.000144  1.570797 -0.000000 -1.570797
178  0.104011 15.380372 2.266153  0.000001 0.000000 -0.000000
179  0.000003 0.000040 0.000052  0.000000 0.000000 0.000000
180  0.000025 0.000001 -0.000002  0.000000 0.000000 0.000000
181  -2.662414 1.445760 33.628742  -0.000000 3.141591 1.570796
182  8.352067 2.772898 0.000541  -3.141589 0.000002 0.000000
183  -2.662414 1.445755 40.667957  -0.000000 3.141591 1.570796
184  8.352068 2.772897 0.000540  -3.141589 0.000002 0.000000
185  -1.431355 16.384779 4.137811  0.000001 0.000000 0.000000
186  -0.001845 0.521683 -0.140289  0.000000 0.000000 0.000000
187  7.323109 -5.136188 -5.166234  0.000000 0.000000 -0.610865
188  2.698278 -0.000001 0.000000  -0.000012 0.000000 0.000000
189  2.834159 -0.000004 -0.000006  0.000013 0.000000 -0.000000
190  2.648920 -0.000000 -0.000001  -0.000001 -0.000001 0.000000
191  2.667497 -0.000003 -0.000007  0.000000 0.000000 -0.000000
192  2.426700 -0.000002 0.000000  0.000000 0.000000 -0.000000
193  -0.494743 -44.353447 -1.302299  1.570797 0.000000 -1.570797
194  11.545939 73.768425 -3.792009  0.000000 0.000000 0.000000
195  -0.066954 -10.025103 -0.912531  0.000000 0.000000 0.000000
196  0.000001 0.000003 -1.529051  -0.000000 0.000000 0.000000
197  -0.078942 -0.000005 -0.000001  0.000000 0.000001 1.570796
198  0.097092 -0.000005 -0.000000  -0.000000 -3.141592 1.570796
199  0.000000 0.000000 0.000000  0.000000 -0.000000 -0.000000
200  -8.385202 -1.986467 -13.285326  0.720960 0.118970 0.574539
201  2.554200 8.225724 -34.079029  0.720960 0.118970 0.574538
time 31
0  0 0 0  0 0 0
1  0.000000 0.000000 0.000000  0.000000 -0.000000 -0.000000
2  -0.000005 0.000023 -61.375507  0.000000 0.000000 -1.570795
3  -0.012872 0.000000 8.235020  -1.570799 -1.570796 0.000000
4  16.163128 -0.012870 -0.000002  -0.000000 -0.000000 0.000000
5  -0.000000 0.000000 -0.000005  0.000000 -0.000000 -0.000000
6  -0.000034 -0.000002 -0.000000  0.653720 -0.377779 0.657254
7  0.000004 -0.000007 0.000000  0.000000 0.000000 -0.384828
8  -0.000004 0.000000 -0.000000  0.008850 -0.000000 -0.000000
9  -0.000004 0.000001 -0.000001  0.017701 -0.000000 -0.000000
10  -0.000004 -0.000000 0.000000  0.026613 -0.000000 -0.000000
11  -0.000004 -0.000000 0.000001  0.035464 0.000000 -0.000000
12  -0.000004 -0.000000 -0.000000  0.044378 -0.000000 -0.000000
13  -0.000012 0.000002 -0.000002  0.053230 -0.000000 -0.000000
14  -0.000009 -0.000001 -0.000001  0.062084 -0.000000 -0.000000
15  -0.000004 0.000001 0.000003  0.001995 -0.684454 0.121438
16  -0.000005 -0.000002 0.000003  -0.000000 -0.000001 -0.000000
17  -0.000003 -0.000000 0.000003  0.000000 0.000000 -0.000000
18  -0.000004 0.000001 0.000004  -0.000000 0.000000 -0.000000
19  -0.000000 0.000003 0.000001  -0.000000 -0.000000 -0.000000
20  0.000004 -0.000000 -0.000001  0.000000 -0.000000 -0.000000
21  -0.000002 -0.000000 -0.000002  0.000000 0.000000 0.000000
22  -0.000004 0.000000 0.000001  -0.000000 -0.000000 -0.000000
23  3.672211 0.000004 0.000001  0.000003 0.000001 0.142941
24  -0.000001 -0.000003 0.000001  0.000000 0.000000 0.000000
25  -0.000000 0.000002 0.000001  -0.000000 -0.000000 -0.000000
26  -0.000000 0.000002 0.000001  -0.000000 0.000000 -0.000000
27  2.496794 0.000003 0.000001  0.000000 0.000000 -0.091107
28  0.000000 0.000000 0.000004  -0.000000 0.000000 -0.000000
29  -0.000001 0.000003 0.000002  -0.000000 -0.000000 -0.000000
30  2.199416 0.000001 0.000004  0.000001 0.000001 0.029263
31  0.000004 -0.000000 0.000003  0.000000 -0.000000 0.000000
32  -0.000019 -0.000001 0.000001  -0.026888 0.306307 0.100961
33  0.000000 0.000001 -0.000000  0.000000 -0.000000 0.350496
34  -0.000001 0.000000 -0.000001  -0.084623 0.000000 -0.000000
35  -0.000003 -0.000003 -0.000001  -0.169336 0.000000 0.000000
36  -0.000007 -0.000001 -0.000001  -0.253986 -0.000000 0.000000
37  -0.000002 -0.000001 -0.000000  -0.338663 -0.000000 0.000000
38  -0.000008 0.000002 -0.000001  -0.423333 -0.000000 -0.000000
39  -0.000006 -0.000000 -0.000001  -0.508024 0.000000 0.000000
40  -0.000006 -0.000000 -0.000001  -0.592701 -0.000000 0.000000
41  -0.000009 -0.000006 -0.000002  0.410430 -0.596511 -0.644031
42  0.000000 -0.000000 0.000001  0.000001 0.000000 0.000000
43  3.954723 0.000011 0.000004  -0.000000 -0.000002 0.166320
44  0.000000 -0.000002 -0.000000  -0.000000 -0.000000 -0.000000
45  -0.000001 -0.000002 -0.000002  0.000000 -0.000000 0.000000
46  -0.000004 -0.000000 0.000000  0.000000 0.000000 -0.000000
47  -0.000001 -0.000001 -0.000000  0.000000 0.000000 -0.000000
48  -0.000000 -0.000000 -0.000001  0.000000 -0.000000 0.000000
49  -0.000001 -0.000000 -0.000000  -0.000000 -0.000000 -0.000000
50  -0.000001 -0.000000 -0.000001  -0.000000 -0.000000 -0.000000
51  -0.000004 -0.000000 0.000001  0.000000 0.000000 0.000000
52  -0.000005 -0.000000 -0.000002  -0.000000 -0.000000 -0.000000
53  0.000003 -0.000000 -0.000002  0.000000 0.000000 -0.000000
54  -0.000000 0.000000 0.000000  -0.000000 0.000000 0.000000
55  -0.000000 0.000000 -0.000002  -0.000000 -0.000000 -0.000000
56  2.307430 -0.000000 -0.000002  0.000002 0.000001 -0.056419
57  0.000000 0.000000 -0.000000  0.003362 -0.005246 -0.001962
58  1.828400 6.038521 -31.078629  0.726386 0.060749 0.498197
59  0.071249 114.357033 62.238792  0.000000 0.000000 0.000000
60  1.986526 0.000024 -3.123730  -2.705260 -0.000000 -1.570797
61  -1.986691 0.000027 -3.123742  0.436333 0.000001 1.570797
62  0.000001 0.000008 0.000002  0.000000 0.000000 0.000000
63  -1.986691 0.000025 -3.123730  0.436333 0.000001 1.570797
64  -11.344166 1.135883 0.869271  0.000002 -0.025019 -0.026324
65  1.986524 0.000015 -3.123736  -2.705260 -0.000000 -1.570797
66  -11.350049 -0.729424 0.864880  0.000197 -0.025367 0.026442
67  1.754236 4.036760 -1.682666  0.392575 -0.010120 -1.546362
68  -1.755139 4.036761 -1.682666  -0.392577 -0.010391 -1.594986
69  -0.164555 7.327703 3.928700  -0.000000 0.000001 -1.570796
70  0.079080 36.742687 -0.508024  0.000001 0.000000 0.000000
71  -1.260173 8.777409 6.736403  -0.000002 -0.424416 -3.141592
72  1.525193 18.283596 2.968619  0.000000 0.000000 0.000000
73  0.060217 10.324388 74.469055  0.000008 0.000000 0.000000
74  0.062809 75.917999 83.075439  1.570797 0.000000 -1.570796
75  4.804181 -3.971750 0.000002  -0.000000 0.000000 -0.000000
76  -7.041568 -5.025996 0.000002  -0.000000 -0.000000 -0.000000
77  8.407173 -3.978440 0.003056  -1.570796 1.570795 0.000000
78  10.376184 -3.978451 0.003056  -1.570796 1.570796 0.000000
79  10.194014 -0.314066 -1.749547  -1.570796 1.570796 0.000000
80  20.857883 -4.015570 0.000004  0.000000 -0.000000 0.000000
81  3.258437 5.856950 -3.403523  -0.000000 -0.000000 -0.000000
82  15.153048 5.860573 -3.403520  -0.000000 -0.000000 -0.000000
83  6.064256 77.294952 36.365799  1.570796 -0.000000 1.570796
84  -2.662410 1.445754 40.667953  0.000000 3.141591 1.570796
85  8.352068 2.772898 0.000540  -3.141589 0.000002 -0.000000
86  6.064257 72.973694 32.593250  1.570796 -0.000000 1.570796
87  0.004367 73.768417 -3.792007  0.000000 -0.000000 0.000000
88  -0.442607 1.284878 8.535292  -0.000000 -0.000001 0.000000
89  0.000004 1.310218 -0.000001  0.000000 -0.000000 0.000000
90  0.000002 0.582262 -0.000001  0.000000 -0.000000 0.000000
91  0.036297 1.284881 7.928799  -0.000000 -0.000001 0.000000
92  0.000001 1.310214 -0.000001  0.000000 -0.000000 0.000000
93  -0.000001 0.582261 -0.000000  0.000000 -0.000000 0.000000
94  5.969327 3.427462 -6.170650  -0.000000 -0.000001 -1.570797
95  -1.310215 0.000001 0.000001  0.000000 0.000000 -0.000000
96  -0.582261 -0.000000 0.000004  0.000000 0.000000 -0.000000
97  5.969321 9.397400 -6.170661  -0.000000 -0.000001 -1.570796
98  -1.310222 0.000000 -0.000001  0.000000 0.000001 -0.000000
99  -0.582265 -0.000001 0.000002  0.000000 0.000001 -0.000000
100  5.969322 15.223771 -6.170670  0.000000 -0.000001 -1.570796
101  -1.310217 0.000005 0.000005  -0.000000 0.000001 -0.000000
102  -0.582260 0.000004 0.000007  -0.000000 0.000001 -0.000000
103  5.969326 20.835575 -6.170671  0.000000 -0.000001 -1.570796
104  -1.310211 0.000003 -0.000005  -0.000000 0.000001 -0.000000
105  -0.582260 -0.000001 -0.000001  -0.000000 0.000001 -0.000000
106  5.969325 26.771206 -6.170671  0.000000 -0.000001 -1.570796
107  5.969321 32.597591 -6.170671  0.000000 -0.000001 -1.570796
108  5.969321 38.209393 -6.170684  0.000000 -0.000001 -1.570800
109  5.969326 49.488464 -6.170680  0.000000 -0.000001 -1.570800
110  -0.539088 -0.556809 -0.017364  -0.042462 2.681156 1.551919
111  -6.799125 -0.556806 0.818549  -0.272420 2.701993 1.452460
112  -4.615283 -0.556823 0.270327  -0.117230 2.684609 1.518878
113  -2.650968 -0.556808 0.063012  -0.042463 2.681158 1.551919
114  27.110336 1.284853 12.007548  -0.000000 -0.000000 0.000000
115  28.133427 1.284857 12.007548  0.000001 -0.000000 0.000000
116  12.812887 2.241786 12.007549  -0.000000 -0.000001 -0.000001
117  -9.955965 -0.319620 4.380214  -0.000001 -0.000000 -0.000001
118  -11.316469 -0.319622 4.380215  -0.000003 -0.000000 0.000000
119  -12.667809 -0.319623 4.380216  -0.000003 -0.000000 0.000001
120  -14.022138 -0.319621 4.380213  0.000009 -0.000000 -0.000011
121  -15.373237 -0.319619 4.380215  0.000015 -0.000000 -0.000015
122  -16.724138 -0.319620 4.380213  -0.000009 -0.000000 0.000006
123  -18.074574 -0.319619 4.380213  -0.000006 0.000000 0.000004
124  -19.423710 -0.319619 4.380212  0.000002 0.000000 -0.000004
125  -20.775267 -0.319617 4.380212  0.000003 0.000000 -0.000004
126  -22.126669 -0.319617 4.380213  0.000003 -0.000000 -0.000004
127  -23.478119 -0.319615 4.380213  0.000005 -0.000000 -0.000006
128  -24.830616 -0.319615 4.380212  0.000036 -0.000000 -0.000038
129  -26.182024 -0.319616 4.380213  -0.000011 -0.000000 0.000011
130  0.529179 -0.167130 0.629482  -0.101270 -0.000000 0.000000
131  -0.211440 -0.241681 0.155358  -0.145847 -0.000000 0.000000
132  0.529192 -0.280698 -0.110292  -0.145847 -0.000000 0.000000
133  -0.173926 -0.337327 -0.638495  -0.181751 -0.000000 0.000000
134  0.529189 -0.399246 -0.975391  -0.181751 -0.000000 0.000000
135  -0.211441 -0.464477 -1.431042  -0.192399 -0.000000 0.000000
136  0.529192 -0.515806 -1.694582  -0.192399 -0.000000 0.000000
137  -0.173926 -0.612152 -2.231908  -0.216703 -0.000000 0.000000
138  0.529189 -0.685804 -2.566441  -0.216703 -0.000000 0.000000
139  -0.211445 -0.769560 -3.027868  -0.237349 -0.000000 0.000000
140  0.529190 -0.832685 -3.288849  -0.237349 -0.000000 0.000000
141  -0.173936 -0.945282 -3.779565  -0.233859 0.000000 0.000000
142  0.529180 -1.024658 -4.112780  -0.233859 0.000000 0.000000
143  -0.211444 -1.132183 -4.577548  -0.262919 -0.000000 0.000000
144  0.529193 -1.201964 -4.836824  -0.262919 0.000000 0.000000
145  -0.000003 -2.810942 -10.636628  0.258454 0.000000 3.141592
146  -0.192455 -1.345776 -5.370046  -0.280373 0.000000 0.000000
147  0.533986 -1.413511 -5.605103  -0.276883 0.000000 0.000000
148  -0.206618 -1.795758 -6.909778  -0.287354 0.000000 0.000000
149  -0.205805 -1.564818 -6.138256  -0.290843 0.000000 0.000000
150  0.530462 -1.643677 -6.395215  -0.290844 0.000000 0.000000
151  0.535312 -1.790709 -7.204133  -0.287354 -0.000000 0.000000
152  -0.202703 -2.030484 -7.702828  -0.286180 -0.000000 0.000000
153  0.509549 -2.118894 -8.011625  -0.298398 -0.000000 0.000000
154  -0.202702 -2.255279 -8.465172  -0.283134 -0.000000 0.000000
155  0.509551 -2.352981 -8.771162  -0.295352 -0.000000 0.000000
156  -0.202704 -2.481597 -9.235470  -0.285437 -0.000000 0.000000
157  0.509549 -2.588684 -9.538637  -0.297654 -0.000000 0.000000
158  0.170123 -21.222090 -1.001141  -0.000001 -0.000001 0.000000
159  0.170123 -20.843863 -0.397183  -0.000001 -0.000001 0.000000
160  0.170124 -20.489746 -1.001141  -0.000001 -0.000001 0.000000
161  0.170126 -20.111067 -0.397184  -0.000001 -0.000001 0.000000
162  0.170123 -19.380089 -0.397188  -0.000001 -0.000001 0.000000
163  0.170123 -19.025108 -1.001144  -0.000001 -0.000001 0.000000
164  0.170125 -18.646658 -0.396446  -0.000001 -0.000001 0.000000
165  0.170126 -19.755760 -1.001141  -0.000001 -0.000001 0.000000
166  -0.015973 10.612517 2.686015  0.000001 0.000000 0.000000
167  0.059851 -50.160706 6.449378  1.570797 0.000000 -1.570796
168  0.064652 27.351288 72.195206  0.000000 -0.000000 -0.000001
169  6.064261 95.114014 31.645496  0.000000 -0.000001 1.570796
170  0.054181 102.845642 29.795372  -0.000000 0.000001 -1.570796
171  6.064259 69.096558 37.164318  1.570796 -0.000000 1.570796
172  1.974303 11.989233 4.589249  0.000000 0.000000 0.000000
173  -0.011481 23.944746 5.090361  0.000001 -0.000000 0.000000
174  -1.691250 8.833341 5.763504  0.000001 0.000000 0.000000
175  6.064260 89.329796 31.613918  0.000000 -0.000001 1.570796
176  0.059889 2.255334 54.398010  0.000000 0.000000 0.000000
177  0.003500 -22.270647 0.000146  1.570797 0.000000 -1.570797
178  0.104011 15.380370 2.266150  0.000001 0.000000 0.000000
179  0.000004 0.000044 0.000052  0.000000 0.000000 0.000000
180  0.000023 0.000002 -0.000008  0.000000 -0.000000 0.000000
181  -2.662412 1.445757 33.628738  0.000000 3.141591 1.570796
182  8.352067 2.772897 0.000541  -3.141589 0.000002 -0.000000
183  -2.662410 1.445754 40.667953  0.000000 3.141591 1.570796
184  8.352068 2.772898 0.000540  -3.141589 0.000002 -0.000000
185  -1.431355 16.384779 4.137810  0.000001 -0.000000 0.000000
186  -0.001844 0.521683 -0.140291  0.000000 0.000000 0.000000
187  7.323110 -5.136192 -5.166240  0.000000 0.000000 -0.610865
188  2.698276 -0.000001 0.000000  -0.000012 0.000000 0.000000
189  2.834159 -0.000005 0.000001  0.000013 0.000000 -0.000000
190  2.648916 0.000001 -0.000000  -0.000001 -0.000001 0.000000
191  2.667495 -0.000002 0.000001  0.000000 -0.000000 0.000000
192  2.426699 -0.000002 -0.000000  0.000000 0.000000 -0.000000
193  -0.494743 -44.353447 -1.302299  1.570797 0.000000 -1.570797
194  11.545936 73.768417 -3.792015  0.000000 0.000000 0.000000
195  -0.066953 -10.025106 -0.912537  0.000000 0.000000 0.000000
196  -0.000000 -0.000004 -1.529052  -0.000000 0.000000 0.000000
197  -0.078942 -0.000001 -0.000002  0.000000 0.000001 1.570796
198  0.097092 0.000002 0.000000  -0.000000 -3.141592 1.570796
199  0.000000 0.000000 0.000000  0.000000 -0.000000 -0.000000
200  -7.450670 -1.631475 -12.836740  0.726386 0.060749 0.498197
201  2.786975 7.859128 -33.501205  0.726386 0.060749 0.498197
time 32
0  0 0 0  0 0 0
1  0.000000 0.000000 0.000000  0.000000 -0.000000 -0.000000
2  -0.000005 0.000023 -61.375507  0.000000 0.000000 -1.570795
3  -0.012872 0.000000 8.235020  -1.570799 -1.570796 0.000000
4  16.163128 -0.012870 -0.000002  -0.000000 -0.000000 0.000000
5  -0.000000 0.000000 -0.000005  0.000000 -0.000000 -0.000000
6  -0.000034 -0.000002 -0.000000  0.615737 -0.362664 0.651452
7  -0.000002 -0.000004 0.000001  -0.000000 0.000000 -0.408361
8  -0.000002 0.000000 -0.000001  0.011475 -0.000000 -0.000000
9  0.000002 -0.000000 -0.000001  0.022950 -0.000000 -0.000000
10  -0.000002 -0.000000 -0.000000  0.034427 -0.000000 -0.000000
11  -0.000002 -0.000001 0.000001  0.045904 0.000000 -0.000000
12  -0.000002 -0.000001 -0.000001  0.057444 -0.000000 -0.000000
13  -0.000003 -0.000002 -0.000001  0.068924 -0.000000 -0.000000
14  -0.000003 -0.000002 -0.000001  0.080407 -0.000000 -0.000000
15  -0.000006 0.000001 0.000002  -0.007355 -0.579479 0.180128
16  -0.000007 -0.000001 0.000000  -0.000000 -0.000001 -0.000000
17  -0.000007 -0.000001 0.000006  0.000000 0.000000 -0.000000
18  -0.000001 0.000000 0.000003  -0.000000 -0.000000 -0.000000
19  -0.000003 0.000002 -0.000001  -0.000000 -0.000000 -0.000000
20  0.000003 0.000001 0.000000  0.000000 0.000000 -0.000000
21  -0.000001 0.000001 0.000000  0.000000 0.000000 0.000000
22  -0.000007 0.000001 -0.000001  -0.000000 -0.000000 0.000000
23  3.672215 0.000005 -0.000002  0.000003 0.000001 0.142941
24  0.000000 -0.000000 0.000002  0.000000 0.000000 -0.000000
25  -0.000003 0.000002 -0.000001  -0.000000 -0.000000 -0.000000
26  -0.000005 0.000003 0.000002  -0.000000 0.000000 -0.000000
27  2.496796 0.000003 0.000001  0.000000 0.000000 -0.091107
28  -0.000004 0.000002 0.000004  -0.000000 0.000000 -0.000000
29  0.000003 0.000001 -0.000001  0.000000 -0.000000 -0.000000
30  2.199415 -0.000001 0.000003  0.000002 0.000001 0.029263
31  0.000004 -0.000000 0.000003  0.000000 -0.000000 0.000000
32  -0.000019 -0.000001 0.000001  -0.029454 0.301874 0.098495
33  0.000008 0.000001 0.000001  0.000000 -0.000000 0.288299
34  0.000001 -0.000000 0.000000  -0.064344 0.000000 -0.000000
35  -0.000000 -0.000003 0.000001  -0.128755 0.000000 0.000000
36  -0.000000 -0.000002 0.000002  -0.193177 0.000000 0.000000
37  0.000001 -0.000001 0.000001  -0.257555 -0.000000 0.000000
38  -0.000008 0.000001 -0.000000  -0.321955 -0.000000 -0.000000
39  -0.000004 -0.000001 0.000000  -0.386383 -0.000000 0.000000
40  -0.000005 -0.000002 -0.000000  -0.450781 -0.000000 0.000000
41  -0.000009 -0.000003 -0.000002  0.402698 -0.531875 -0.513677
42  0.000002 -0.000000 0.000001  0.000001 0.000000 0.000000
43  3.954727 0.000011 0.000003  -0.000000 -0.000002 0.166320
44  0.000001 -0.000001 0.000000  -0.000000 0.000000 -0.000000
45  -0.000002 -0.000002 -0.000001  0.000000 -0.000000 0.000000
46  0.000002 0.000000 -0.000000  -0.000000 0.000000 -0.000000
47  -0.000006 -0.000001 0.000001  0.000000 0.000000 -0.000000
48  -0.000005 -0.000001 0.000001  0.000000 0.000000 0.000000
49  0.000002 -0.000001 -0.000000  -0.000000 -0.000000 0.000000
50  -0.000002 -0.000000 -0.000000  -0.000000 0.000000 -0.000000
51  -0.000006 0.000000 0.000001  -0.000000 0.000000 -0.000000
52  -0.000002 -0.000000 0.000000  -0.000000 -0.000000 0.000000
53  -0.000002 -0.000000 -0.000001  -0.000000 0.000000 0.000000
54  -0.000006 0.000000 0.000001  -0.000000 0.000000 -0.000000
55  0.000002 0.000001 0.000001  -0.000000 0.000000 -0.000000
56  2.307433 0.000000 -0.000002  0.000002 0.000001 -0.056419
57  0.000000 0.000000 -0.000000  0.003543 -0.005064 -0.000986
58  2.101284 5.636017 -29.680576  0.711666 0.014407 0.421456
59  0.071246 114.357040 62.238792  0.000000 0.000000 0.000000
60  1.986522 0.000011 -3.123734  -2.705260 -0.000000 -1.570797
61  -1.986695 0.000015 -3.123737  0.436333 0.000001 1.570797
62  -0.000001 -0.000001 0.000002  0.000000 0.000000 0.000000
63  -1.986689 0.000012 -3.123735  0.436333 0.000001 1.570797
64  -11.344151 1.135885 0.869275  0.000002 -0.025019 -0.026323
65  1.986526 0.000001 -3.123732  -2.705260 -0.000000 -1.570797
66  -11.350044 -0.729421 0.864895  0.000197 -0.025367 0.026442
67  1.754237 4.036749 -1.682667  0.392575 -0.010120 -1.546363
68  -1.755137 4.036751 -1.682665  -0.392577 -0.010391 -1.594986
69  -0.164555 7.327708 3.928705  -0.000000 0.000001 -1.570796
70  0.079082 36.742699 -0.508023  0.000001 0.000000 0.000000
71  -1.260173 8.777412 6.736406  -0.000002 -0.424416 -3.141592
72  1.525194 18.283602 2.968622  0.000000 0.000000 0.000000
73  0.060219 10.324389 74.469063  0.000008 0.000000 0.000000
74  0.062809 75.917999 83.075439  1.570797 0.000000 -1.570796
75  4.804178 -3.971746 0.000003  -0.000000 0.000000 -0.000000
76  -7.041568 -5.026000 0.000003  -0.000000 -0.000000 -0.000000
77  8.407178 -3.978444 0.003056  -1.570796 1.570795 0.000000
78  10.376184 -3.978447 0.003056  -1.570796 1.570796 0.000000
79  10.194016 -0.314074 -1.749547  -1.570796 1.570796 0.000000
80  20.857882 -4.015567 0.000003  0.000000 -0.000000 0.000000
81  3.258440 5.856940 -3.403522  -0.000000 -0.000000 -0.000000
82  15.153049 5.860572 -3.403520  0.000000 -0.000000 0.000000
83  6.064258 77.294960 36.365795  1.570796 0.000000 1.570796
84  -2.662410 1.445757 40.667961  0.000000 3.141591 1.570796
85  8.352067 2.772898 0.000545  -3.141589 0.000002 0.000000
86  6.064254 72.973701 32.593254  1.570796 0.000000 1.570796
87  0.004364 73.768425 -3.792006  0.000000 -0.000000 0.000000
88  -0.442607 1.284880 8.535290  -0.000000 -0.000001 0.000000
89  0.000001 1.310216 -0.000001  0.000000 0.000000 0.000000
90  -0.000002 0.582264 -0.000001  0.000000 0.000000 0.000000
91  0.036296 1.284879 7.928800  -0.000000 -0.000001 0.000000
92  0.000000 1.310214 -0.000004  0.000000 -0.000000 0.000000
93  -0.000001 0.582262 0.000000  0.000000 -0.000000 0.000000
94  5.969326 3.427460 -6.170652  -0.000000 -0.000001 -1.570797
95  -1.310208 0.000001 0.000000  0.000000 -0.000000 -0.000000
96  -0.582258 0.000000 0.000000  0.000000 -0.000000 -0.000000
97  5.969325 9.397400 -6.170657  -0.000000 -0.000001 -1.570796
98  -1.310208 -0.000003 -0.000003  0.000000 0.000000 -0.000000
99  -0.582256 -0.000002 -0.000004  0.000000 0.000000 -0.000000
100  5.969324 15.223771 -6.170672  0.000000 -0.000001 -1.570796
101  -1.310215 0.000008 -0.000004  -0.000000 0.000001 -0.000000
102  -0.582256 0.000003 0.000000  -0.000000 0.000000 -0.000000
103  5.969328 20.835573 -6.170673  0.000000 -0.000001 -1.570796
104  -1.310205 0.000003 -0.000003  -0.000000 0.000001 -0.000000
105  -0.582253 0.000002 0.000002  -0.000000 0.000000 -0.000000
106  5.969325 26.771204 -6.170668  0.000000 -0.000001 -1.570796
107  5.969326 32.597595 -6.170675  0.000000 -0.000001 -1.570796
108  5.969323 38.209393 -6.170683  0.000000 -0.000001 -1.570800
109  5.969325 49.488464 -6.170688  0.000000 -0.000001 -1.570800
110  -0.539088 -0.556808 -0.017362  -0.042462 2.681156 1.551919
111  -6.799120 -0.556805 0.818549  -0.272420 2.701993 1.452460
112  -4.615281 -0.556822 0.270328  -0.117230 2.684609 1.518878
113  -2.650969 -0.556809 0.063009  -0.042463 2.681158 1.551919
114  27.110338 1.284856 12.007547  -0.000000 -0.000000 -0.000000
115  28.133423 1.284852 12.007550  0.000001 -0.000000 -0.000000
116  12.812886 2.241784 12.007550  -0.000000 -0.000001 -0.000001
117  -9.955969 -0.319628 4.380217  -0.000001 -0.000000 -0.000001
118  -11.316471 -0.319624 4.380215  -0.000003 -0.000000 0.000000
119  -12.667811 -0.319624 4.380214  -0.000003 -0.000000 0.000001
120  -14.022140 -0.319624 4.380217  0.000010 -0.000000 -0.000011
121  -15.373239 -0.319622 4.380213  0.000015 -0.000000 -0.000015
122  -16.724144 -0.319626 4.380214  -0.000009 -0.000000 0.000006
123  -18.074574 -0.319624 4.380216  -0.000006 -0.000000 0.000004
124  -19.423716 -0.319622 4.380215  0.000002 0.000000 -0.000004
125  -20.775267 -0.319622 4.380215  0.000003 0.000000 -0.000004
126  -22.126673 -0.319624 4.380216  0.000003 -0.000000 -0.000004
127  -23.478123 -0.319622 4.380216  0.000005 -0.000000 -0.000006
128  -24.830626 -0.319620 4.380215  0.000036 -0.000000 -0.000038
129  -26.182030 -0.319618 4.380215  -0.000011 -0.000000 0.000011
130  0.529179 -0.167132 0.629484  -0.101270 -0.000000 0.000000
131  -0.211443 -0.241682 0.155360  -0.145847 -0.000000 0.000000
132  0.529189 -0.280703 -0.110290  -0.145847 -0.000000 0.000000
133  -0.173925 -0.337329 -0.638496  -0.181751 -0.000000 0.000000
134  0.529191 -0.399245 -0.975395  -0.181751 -0.000000 0.000000
135  -0.211443 -0.464478 -1.431041  -0.192399 -0.000000 0.000000
136  0.529190 -0.515809 -1.694585  -0.192399 -0.000000 0.000000
137  -0.173925 -0.612149 -2.231911  -0.216703 -0.000000 0.000000
138  0.529189 -0.685804 -2.566442  -0.216703 -0.000000 0.000000
139  -0.211447 -0.769564 -3.027870  -0.237349 -0.000000 0.000000
140  0.529189 -0.832688 -3.288847  -0.237349 -0.000000 0.000000
141  -0.173939 -0.945285 -3.779563  -0.233859 0.000000 0.000000
142  0.529181 -1.024657 -4.112781  -0.233859 0.000000 0.000000
143  -0.211442 -1.132186 -4.577548  -0.262919 -0.000000 0.000000
144  0.529190 -1.201967 -4.836826  -0.262919 0.000000 0.000000
145  -0.000004 -2.810941 -10.636629  0.258454 0.000000 3.141592
146  -0.192455 -1.345776 -5.370045  -0.280373 0.000000 0.000000
147  0.533985 -1.413512 -5.605104  -0.276883 0.000000 0.000000
148  -0.206615 -1.795762 -6.909777  -0.287354 0.000000 0.000000
149  -0.205802 -1.564820 -6.138256  -0.290843 0.000000 0.000000
150  0.530461 -1.643678 -6.395215  -0.290844 0.000000 0.000000
151  0.535311 -1.790712 -7.204129  -0.287354 -0.000000 0.000000
152  -0.202702 -2.030488 -7.702828  -0.286180 -0.000000 0.000000
153  0.509549 -2.118896 -8.011622  -0.298398 -0.000000 0.000000
154  -0.202703 -2.255280 -8.465172  -0.283134 -0.000000 0.000000
155  0.509546 -2.352983 -8.771154  -0.295352 -0.000000 0.000000
156  -0.202703 -2.481599 -9.235467  -0.285437 -0.000000 0.000000
157  0.509547 -2.588684 -9.538636  -0.297653 -0.000000 0.000000
158  0.170124 -21.222092 -1.001140  -0.000001 -0.000001 0.000000
159  0.170124 -20.843864 -0.397184  -0.000001 -0.000001 0.000000
160  0.170125 -20.489746 -1.001141  -0.000001 -0.000001 0.000000
161  0.170124 -20.111069 -0.397182  -0.000001 -0.000001 0.000000
162  0.170124 -19.380091 -0.397186  -0.000001 -0.000001 0.000000
163  0.170123 -19.025108 -1.001148  -0.000001 -0.000001 0.000000
164  0.170124 -18.646660 -0.396446  -0.000001 -0.000001 0.000000
165  0.170124 -19.755762 -1.001140  -0.000001 -0.000001 0.000000
166  -0.015972 10.612520 2.686017  0.000001 0.000000 0.000000
167  0.059853 -50.160706 6.449381  1.570797 0.000000 -1.570797
168  0.064652 27.351292 72.195213  0.000000 -0.000000 -0.000001
169  6.064261 95.114021 31.645502  0.000000 -0.000001 1.570796
170  0.054182 102.845642 29.795370  -0.000000 0.000001 -1.570796
171  6.064257 69.096565 37.164322  1.570796 0.000000 1.570796
172  1.974303 11.989238 4.589252  0.000000 0.000000 0.000000
173  -0.011480 23.944750 5.090363  0.000001 -0.000000 0.000000
174  -1.691250 8.833345 5.763508  0.000001 0.000000 0.000000
175  6.064261 89.329811 31.613914  0.000000 -0.000001 1.570796
176  0.059886 2.255334 54.398014  0.000000 0.000000 0.000000
177  0.003494 -22.270649 0.000150  1.570797 0.000000 -1.570797
178  0.104011 15.380375 2.266152  0.000001 0.000000 0.000000
179  0.000001 0.000044 0.000056  0.000000 0.000000 0.000000
180  0.000023 0.000002 -0.000006  0.000000 -0.000000 0.000000
181  -2.662412 1.445759 33.628746  0.000000 3.141591 1.570796
182  8.352066 2.772898 0.000542  -3.141589 0.000002 0.000000
183  -2.662410 1.445757 40.667961  0.000000 3.141591 1.570796
184  8.352067 2.772898 0.000545  -3.141589 0.000002 0.000000
185  -1.431355 16.384781 4.137811  0.000001 -0.000000 0.000000
186  -0.001844 0.521686 -0.140289  0.000000 0.000000 0.000000
187  7.323111 -5.136189 -5.166237  0.000000 0.000000 -0.610865
188  2.698279 0.000000 -0.000000  -0.000012 0.000000 0.000000
189  2.834160 -0.000000 -0.000001  0.000013 0.000000 -0.000000
190  2.648915 0.000002 -0.000002  -0.000001 -0.000001 0.000000
191  2.667498 -0.000001 0.000002  -0.000000 -0.000000 0.000000
192  2.426706 -0.000002 0.000001  -0.000000 0.000000 -0.000000
193  -0.494743 -44.353443 -1.302296  1.570797 0.000000 -1.570797
194  11.545938 73.768425 -3.792009  0.000000 0.000000 0.000000
195  -0.066954 -10.025105 -0.912535  0.000000 0.000000 0.000000
196  -0.000000 0.000000 -1.529050  -0.000000 0.000000 0.000000
197  -0.078942 0.000001 -0.000001  0.000000 0.000001 1.570796
198  0.097092 0.000001 -0.000001  -0.000000 -3.141592 1.570796
199  0.000000 0.000000 0.000000  0.000000 -0.000000 -0.000000
200  -6.452251 -1.234597 -11.873537  0.711666 0.014407 0.421456
201  3.022762 7.165906 -31.923113  0.711666 0.014407 0.421455
time 33
0  0 0 0  0 0 0
1  0.000000 0.000000 0.000000  0.000000 -0.000000 -0.000000
2  -0.000005 0.000023 -61.375507  0.000000 0.000000 -1.570795
3  -0.012872 0.000000 8.235020  -1.570799 -1.570796 0.000000
4  16.163128 -0.012870 -0.000002  -0.000000 -0.000000 0.000000
5  -0.000000 0.000000 -0.000005  0.000000 -0.000000 -0.000000
6  -0.000034 -0.000002 -0.000000  0.561826 -0.330997 0.635614
7  -0.000000 -0.000008 0.000003  -0.000000 0.000000 -0.432265
8  0.000002 -0.000000 0.000000  0.013184 -0.000000 -0.000000
9  0.000002 0.000000 0.000000  0.026369 -0.000000 -0.000000
10  -0.000002 0.000000 0.000001  0.039616 -0.000000 -0.000000
11  0.000002 -0.000001 0.000002  0.052803 0.000000 -0.000000
12  0.000002 -0.000001 0.000000  0.066054 -0.000000 -0.000000
13  0.000002 -0.000003 0.000000  0.079247 -0.000000 -0.000000
14  0.000002 -0.000002 -0.000000  0.092443 -0.000000 -0.000000
15  0.000002 0.000001 0.000003  -0.002974 -0.469656 0.227950
16  -0.000010 0.000001 0.000001  -0.000000 -0.000001 -0.000000
17  -0.000003 -0.000000 0.000003  0.000000 0.000000 -0.000000
18  -0.000006 0.000001 0.000004  -0.000000 -0.000000 -0.000000
19  -0.000002 0.000002 -0.000003  0.000000 -0.000000 -0.000000
20  0.000002 0.000003 -0.000002  0.000000 -0.000000 -0.000000
21  -0.000000 0.000001 0.000001  -0.000000 0.000000 0.000000
22  -0.000008 0.000001 -0.000002  -0.000000 -0.000000 -0.000000
23  3.672212 0.000003 -0.000002  0.000003 0.000001 0.142941
24  0.000002 -0.000004 -0.000000  -0.000000 -0.000000 0.000000
25  0.000002 0.000000 -0.000003  0.000000 -0.000000 -0.000000
26  0.000002 0.000000 -0.000001  -0.000000 0.000000 -0.000000
27  2.496794 0.000003 -0.000000  -0.000000 0.000000 -0.091107
28  -0.000002 0.000001 0.000001  0.000000 0.000000 -0.000000
29  0.000002 -0.000003 -0.000001  -0.000000 -0.000000 -0.000000
30  2.199414 -0.000003 0.000003  0.000001 0.000001 0.029263
31  0.000004 -0.000000 0.000003  0.000000 -0.000000 0.000000
32  -0.000019 -0.000001 0.000001  -0.031001 0.291056 0.094766
33  -0.000004 0.000001 -0.000000  0.000000 -0.000000 0.220853
34  0.000005 -0.000002 -0.000000  -0.039616 0.000000 -0.000000
35  -0.000004 -0.000002 -0.000002  -0.079308 0.000000 0.000000
36  0.000000 -0.000002 0.000000  -0.118970 0.000000 0.000000
37  -0.000003 0.000000 -0.000001  -0.158680 -0.000000 0.000000
38  -0.000004 -0.000000 -0.000000  -0.198329 0.000000 -0.000000
39  -0.000003 -0.000000 -0.000001  -0.237995 -0.000000 -0.000000
40  -0.000008 0.000000 -0.000002  -0.277695 -0.000000 0.000000
41  -0.000006 -0.000006 -0.000001  0.383307 -0.454211 -0.389668
42  -0.000001 -0.000000 0.000000  0.000001 0.000000 0.000000
43  3.954724 0.000011 0.000003  -0.000000 -0.000002 0.166320
44  -0.000003 -0.000002 -0.000002  -0.000000 -0.000000 -0.000000
45  -0.000002 -0.000001 -0.000001  0.000000 -0.000000 0.000000
46  -0.000002 0.000000 -0.000000  0.000000 0.000000 -0.000000
47  -0.000002 -0.000000 -0.000000  -0.000000 0.000000 -0.000000
48  -0.000005 -0.000000 0.000000  0.000000 0.000000 0.000000
49  -0.000001 -0.000000 0.000000  -0.000000 -0.000000 0.000000
50  0.000002 -0.000000 -0.000000  0.000000 0.000000 -0.000000
51  -0.000005 0.000000 -0.000000  -0.000000 0.000000 -0.000000
52  -0.000001 0.000000 0.000001  -0.000000 -0.000000 -0.000000
53  0.000002 -0.000000 0.000000  -0.000000 0.000000 -0.000000
54  -0.000005 0.000001 0.000000  -0.000000 0.000000 -0.000000
55  -0.000001 0.000000 -0.000000  0.000000 -0.000000 -0.000000
56  2.307433 -0.000000 -0.000002  0.000002 0.000001 -0.056419
57  0.000000 0.000000 -0.000000  0.003601 -0.004578 -0.000008
58  2.365636 4.923958 -27.463516  0.671002 -0.021355 0.346647
59  0.071249 114.357033 62.238789  -0.000000 0.000000 0.000000
60  1.986524 0.000010 -3.123748  -2.705260 -0.000000 -1.570797
61  -1.986691 0.000015 -3.123745  0.436333 0.000001 1.570797
62  0.000002 -0.000001 -0.000007  0.000000 0.000000 0.000000
63  -1.986690 0.000017 -3.123737  0.436333 0.000001 1.570797
64  -11.344170 1.135881 0.869280  0.000002 -0.025019 -0.026324
65  1.986526 0.000016 -3.123731  -2.705260 -0.000000 -1.570797
66  -11.350043 -0.729424 0.864891  0.000197 -0.025367 0.026442
67  1.754238 4.036760 -1.682662  0.392575 -0.010120 -1.546363
68  -1.755139 4.036755 -1.682670  -0.392577 -0.010391 -1.594986
69  -0.164555 7.327705 3.928704  -0.000000 0.000001 -1.570796
70  0.079083 36.742691 -0.508024  0.000001 0.000000 0.000000
71  -1.260174 8.777411 6.736405  -0.000002 -0.424416 -3.141592
72  1.525194 18.283600 2.968622  0.000000 0.000000 0.000000
73  0.060216 10.324388 74.469055  0.000008 0.000000 0.000000
74  0.062809 75.917999 83.075439  1.570797 -0.000000 -1.570796
75  4.804184 -3.971745 0.000002  -0.000000 0.000000 -0.000000
76  -7.041566 -5.025997 0.000002  -0.000000 -0.000000 -0.000000
77  8.407184 -3.978442 0.003056  -1.570796 1.570795 0.000000
78  10.376196 -3.978449 0.003057  -1.570796 1.570796 0.000000
79  10.194015 -0.314062 -1.749547  -1.570796 1.570796 0.000000
80  20.857891 -4.015568 0.000004  0.000000 -0.000000 0.000000
81  3.258443 5.856951 -3.403522  -0.000000 -0.000000 -0.000000
82  15.153054 5.860579 -3.403520  0.000000 -0.000000 0.000000
83  6.064258 77.294952 36.365795  1.570796 0.000000 1.570796
84  -2.662413 1.445755 40.667957  -0.000000 3.141591 1.570796
85  8.352068 2.772897 0.000542  -3.141589 0.000002 -0.000000
86  6.064256 72.973701 32.593246  1.570796 0.000000 1.570796
87  0.004368 73.768417 -3.792013  0.000000 0.000000 0.000000
88  -0.442608 1.284880 8.535293  0.000000 -0.000001 0.000000
89  0.000003 1.310217 0.000001  0.000000 0.000000 0.000000
90  0.000002 0.582264 0.000002  0.000000 0.000000 0.000000
91  0.036300 1.284880 7.928800  0.000000 -0.000001 0.000000
92  0.000003 1.310215 -0.000007  0.000000 0.000000 0.000000
93  0.000003 0.582263 -0.000005  0.000000 0.000000 0.000000
94  5.969323 3.427457 -6.170650  -0.000000 -0.000001 -1.570797
95  -1.310206 0.000001 0.000000  0.000000 0.000000 -0.000000
96  -0.582262 0.000003 -0.000002  0.000000 0.000000 -0.000000
97  5.969324 9.397398 -6.170658  -0.000000 -0.000001 -1.570796
98  -1.310212 0.000000 0.000001  0.000000 0.000000 -0.000000
99  -0.582264 0.000002 -0.000006  0.000000 0.000000 -0.000000
100  5.969324 15.223770 -6.170671  0.000000 -0.000001 -1.570796
101  -1.310218 0.000006 0.000003  -0.000000 0.000000 -0.000000
102  -0.582274 0.000007 -0.000002  -0.000000 0.000000 -0.000000
103  5.969321 20.835571 -6.170673  0.000000 -0.000001 -1.570796
104  -1.310203 0.000004 0.000005  -0.000000 0.000000 -0.000000
105  -0.582259 0.000003 0.000002  -0.000000 0.000000 -0.000000
106  5.969323 26.771212 -6.170671  0.000000 -0.000001 -1.570796
107  5.969321 32.597591 -6.170672  0.000000 -0.000001 -1.570796
108  5.969325 38.209400 -6.170686  0.000000 -0.000001 -1.570800
109  5.969324 49.488476 -6.170687  0.000000 -0.000001 -1.570800
110  -0.539090 -0.556808 -0.017364  -0.042462 2.681156 1.551919
111  -6.799124 -0.556805 0.818548  -0.272420 2.701993 1.452460
112  -4.615282 -0.556819 0.270327  -0.117230 2.684609 1.518878
113  -2.650968 -0.556805 0.063008  -0.042463 2.681158 1.551919
114  27.110340 1.284859 12.007547  0.000000 -0.000000 -0.000000
115  28.133429 1.284858 12.007546  0.000001 -0.000000 -0.000000
116  12.812886 2.241784 12.007551  0.000000 -0.000001 -0.000001
117  -9.955968 -0.319622 4.380215  -0.000001 -0.000000 -0.000001
118  -11.316472 -0.319623 4.380217  -0.000003 -0.000000 0.000000
119  -12.667810 -0.319624 4.380215  -0.000003 -0.000000 0.000001
120  -14.022141 -0.319619 4.380216  0.000010 -0.000000 -0.000011
121  -15.373240 -0.319621 4.380215  0.000015 -0.000000 -0.000015
122  -16.724144 -0.319619 4.380213  -0.000009 -0.000000 0.000006
123  -18.074572 -0.319621 4.380215  -0.000006 -0.000000 0.000004
124  -19.423719 -0.319621 4.380214  0.000002 0.000000 -0.000004
125  -20.775270 -0.319619 4.380215  0.000003 0.000000 -0.000004
126  -22.126671 -0.319619 4.380214  0.000003 -0.000000 -0.000004
127  -23.478123 -0.319622 4.380218  0.000005 -0.000000 -0.000006
128  -24.830618 -0.319621 4.380217  0.000036 -0.000000 -0.000038
129  -26.182028 -0.319617 4.380215  -0.000011 -0.000000 0.000011
130  0.529180 -0.167130 0.629484  -0.101270 -0.000000 0.000000
131  -0.211444 -0.241683 0.155360  -0.145847 -0.000000 0.000000
132  0.529188 -0.280703 -0.110292  -0.145847 -0.000000 0.000000
133  -0.173926 -0.337325 -0.638494  -0.181751 -0.000000 0.000000
134  0.529189 -0.399246 -0.975392  -0.181751 -0.000000 0.000000
135  -0.211445 -0.464475 -1.431044  -0.192399 -0.000000 0.000000
136  0.529191 -0.515807 -1.694581  -0.192399 -0.000000 0.000000
137  -0.173930 -0.612153 -2.231908  -0.216703 -0.000000 0.000000
138  0.529189 -0.685808 -2.566438  -0.216703 -0.000000 0.000000
139  -0.211446 -0.769560 -3.027868  -0.237349 -0.000000 0.000000
140  0.529189 -0.832686 -3.288848  -0.237349 -0.000000 0.000000
141  -0.173937 -0.945281 -3.779564  -0.233859 0.000000 0.000000
142  0.529178 -1.024658 -4.112779  -0.233859 0.000000 0.000000
143  -0.211443 -1.132187 -4.577547  -0.262919 -0.000000 0.000000
144  0.529187 -1.201968 -4.836825  -0.262919 0.000000 0.000000
145  -0.000002 -2.810938 -10.636635  0.258454 0.000000 3.141592
146  -0.192456 -1.345782 -5.370044  -0.280373 0.000000 0.000000
147  0.533984 -1.413509 -5.605103  -0.276883 0.000000 0.000000
148  -0.206619 -1.795761 -6.909776  -0.287354 0.000000 0.000000
149  -0.205805 -1.564819 -6.138256  -0.290843 0.000000 0.000000
150  0.530459 -1.643674 -6.395213  -0.290844 0.000000 0.000000
151  0.535311 -1.790710 -7.204131  -0.287354 -0.000000 0.000000
152  -0.202701 -2.030487 -7.702833  -0.286180 -0.000000 0.000000
153  0.509547 -2.118896 -8.011623  -0.298398 -0.000000 0.000000
154  -0.202703 -2.255283 -8.465170  -0.283134 -0.000000 0.000000
155  0.509548 -2.352982 -8.771158  -0.295352 -0.000000 0.000000
156  -0.202707 -2.481601 -9.235466  -0.285437 -0.000000 0.000000
157  0.509548 -2.588681 -9.538640  -0.297653 -0.000000 0.000000
158  0.170122 -21.222092 -1.001141  -0.000001 -0.000001 0.000000
159  0.170121 -20.843868 -0.397181  -0.000001 -0.000001 0.000000
160  0.170122 -20.489750 -1.001139  -0.000001 -0.000001 0.000000
161  0.170124 -20.111071 -0.397182  -0.000001 -0.000001 0.000000
162  0.170125 -19.380089 -0.397189  -0.000001 -0.000001 0.000000
163  0.170122 -19.025108 -1.001146  -0.000001 -0.000001 0.000000
164  0.170124 -18.646662 -0.396447  -0.000001 -0.000001 0.000000
165  0.170124 -19.755764 -1.001140  -0.000001 -0.000001 0.000000
166  -0.015973 10.612519 2.686017  0.000001 0.000000 0.000000
167  0.059850 -50.160702 6.449383  1.570797 -0.000000 -1.570797
168  0.064652 27.351294 72.195213  -0.000000 -0.000000 -0.000001
169  6.064264 95.114014 31.645500  0.000000 -0.000001 1.570796
170  0.054184 102.845642 29.795366  -0.000000 0.000001 -1.570796
171  6.064258 69.096558 37.164318  1.570796 0.000000 1.570796
172  1.974303 11.989233 4.589249  0.000000 0.000000 0.000000
173  -0.011480 23.944748 5.090362  0.000001 0.000000 0.000000
174  -1.691251 8.833343 5.763506  0.000001 0.000000 0.000000
175  6.064262 89.329811 31.613911  0.000000 -0.000001 1.570796
176  0.059885 2.255331 54.398014  -0.000000 0.000000 0.000000
177  0.003496 -22.270647 0.000145  1.570797 -0.000000 -1.570797
178  0.104010 15.380372 2.266154  0.000001 0.000000 0.000000
179  0.000002 0.000045 0.000052  0.000000 0.000000 0.000000
180  0.000022 0.000000 -0.000009  -0.000000 0.000000 0.000000
181  -2.662412 1.445758 33.628746  -0.000000 3.141591 1.570796
182  8.352066 2.772898 0.000542  -3.141589 0.000002 -0.000000
183  -2.662413 1.445755 40.667957  -0.000000 3.141591 1.570796
184  8.352068 2.772897 0.000542  -3.141589 0.000002 -0.000000
185  -1.431355 16.384781 4.137812  0.000001 0.000000 0.000000
186  -0.001844 0.521684 -0.140290  0.000000 0.000000 0.000000
187  7.323109 -5.136191 -5.166238  -0.000000 0.000000 -0.610865
188  2.698278 -0.000002 0.000002  -0.000012 0.000000 0.000000
189  2.834162 -0.000001 -0.000000  0.000013 0.000000 0.000000
190  2.648917 -0.000002 0.000002  -0.000001 -0.000001 0.000000
191  2.667498 -0.000001 -0.000005  0.000000 -0.000000 -0.000000
192  2.426703 -0.000003 -0.000002  0.000000 0.000000 -0.000000
193  -0.494745 -44.353447 -1.302298  1.570797 -0.000000 -1.570797
194  11.545942 73.768425 -3.792016  0.000000 0.000000 0.000000
195  -0.066954 -10.025105 -0.912536  -0.000000 0.000000 0.000000
196  0.000000 0.000002 -1.529050  -0.000000 0.000000 0.000000
197  -0.078942 -0.000002 0.000001  0.000000 0.000001 1.570796
198  0.097092 -0.000002 -0.000001  -0.000000 -3.141592 1.570796
199  0.000000 0.000000 0.000000  0.000000 -0.000000 -0.000000
200  -5.380798 -0.784931 -10.668208  0.671002 -0.021355 0.346647
201  3.219323 6.135599 -29.478521  0.671001 -0.021355 0.346647
time 34
0  0 0 0  0 0 0
1  0.000000 0.000000 0.000000  0.000000 -0.000000 -0.000000
2  -0.000005 0.000023 -61.375507  0.000000 0.000000 -1.570795
3  -0.012872 0.000000 8.235020  -1.570799 -1.570796 0.000000
4  16.163128 -0.012870 -0.000002  -0.000000 -0.000000 0.000000
5  -0.000000 0.000000 -0.000005  0.000000 -0.000000 -0.000000
6  -0.000034 -0.000002 -0.000000  0.496179 -0.284843 0.603917
7  -0.000004 -0.000005 0.000000  0.000000 0.000000 -0.443645
8  0.000002 -0.000000 0.000000  0.013001 -0.000000 -0.000000
9  0.000006 -0.000001 0.000000  0.026064 -0.000000 -0.000000
10  -0.000001 0.000000 0.000001  0.039066 -0.000000 -0.000000
11  -0.000002 0.000000 0.000001  0.052132 -0.000000 -0.000000
12  0.000002 -0.000001 -0.000000  0.065138 -0.000000 -0.000000
13  -0.000002 -0.000002 -0.000000  0.078208 -0.000000 -0.000000
14  -0.000002 -0.000001 -0.000001  0.091221 -0.000000 -0.000000
15  0.000002 0.000000 0.000003  0.005145 -0.359767 0.260618
16  -0.000008 -0.000002 -0.000001  -0.000000 -0.000001 -0.000000
17  -0.000006 -0.000001 0.000005  0.000000 0.000000 -0.000000
18  -0.000002 0.000002 0.000004  -0.000000 0.000000 -0.000000
19  -0.000002 0.000001 -0.000003  -0.000000 -0.000000 -0.000000
20  -0.000005 0.000002 -0.000001  0.000000 -0.000000 -0.000000
21  -0.000004 0.000000 0.000001  0.000000 -0.000000 0.000000
22  -0.000007 0.000000 -0.000003  -0.000000 -0.000000 0.000000
23  3.672212 0.000002 -0.000004  0.000003 0.000001 0.142941
24  0.000001 -0.000004 0.000001  -0.000000 0.000000 0.000000
25  -0.000002 0.000001 -0.000003  -0.000000 -0.000000 -0.000000
26  -0.000006 -0.000001 0.000003  0.000000 0.000000 -0.000000
27  2.496797 0.000004 -0.000000  -0.000000 0.000000 -0.091107
28  -0.000002 -0.000000 0.000001  -0.000000 0.000000 -0.000000
29  0.000004 -0.000001 0.000001  -0.000000 0.000000 -0.000000
30  2.199415 -0.000002 0.000004  0.000001 0.000001 0.029263
31  0.000004 -0.000000 0.000003  0.000000 -0.000000 0.000000
32  -0.000019 -0.000001 0.000001  -0.032371 0.272340 0.085491
33  -0.000001 0.000001 -0.000001  0.000000 -0.000000 0.155067
34  -0.000001 0.000001 0.000001  -0.015321 0.000000 -0.000000
35  -0.000002 -0.000002 0.000002  -0.030703 0.000000 0.000000
36  -0.000006 -0.000000 0.000002  -0.046026 0.000000 0.000000
37  -0.000002 -0.000000 0.000002  -0.061413 0.000000 0.000000
38  -0.000006 0.000000 0.000002  -0.076743 -0.000000 -0.000000
39  -0.000002 -0.000001 0.000002  -0.092076 -0.000000 0.000000
40  -0.000002 -0.000001 0.000003  -0.107477 0.000000 0.000000
41  -0.000011 -0.000004 0.000000  0.351978 -0.369269 -0.273006
42  -0.000002 -0.000000 0.000000  0.000001 0.000000 0.000000
43  3.954715 0.000011 0.000004  -0.000000 -0.000002 0.166319
44  0.000002 -0.000001 -0.000001  -0.000000 -0.000000 -0.000000
45  -0.000002 -0.000002 -0.000001  0.000000 -0.000000 0.000000
46  -0.000002 0.000000 0.000001  -0.000000 0.000000 -0.000000
47  0.000002 -0.000000 -0.000001  -0.000000 0.000000 -0.000000
48  -0.000002 -0.000001 -0.000000  0.000000 0.000000 0.000000
49  0.000002 -0.000000 0.000000  -0.000000 -0.000000 -0.000000
50  -0.000002 -0.000000 -0.000001  -0.000000 0.000000 -0.000000
51  -0.000006 0.000000 -0.000000  -0.000000 0.000000 -0.000000
52  -0.000002 -0.000000 -0.000000  -0.000000 -0.000000 -0.000000
53  -0.000009 -0.000000 0.000000  0.000000 0.000000 -0.000000
54  -0.000006 0.000000 -0.000000  -0.000000 -0.000000 -0.000000
55  -0.000002 0.000001 0.000000  0.000000 -0.000000 -0.000000
56  2.307434 0.000000 -0.000002  0.000002 0.000001 -0.056419
57  0.000000 0.000000 -0.000000  0.003600 -0.003786 0.000848
58  2.552024 3.987785 -24.611433  0.610059 -0.047787 0.276060
59  0.071246 114.357025 62.238785  -0.000000 0.000000 -0.000000
60  1.986523 0.000020 -3.123743  -2.705260 -0.000000 -1.570797
61  -1.986693 0.000021 -3.123749  0.436333 0.000001 1.570797
62  -0.000001 0.000009 -0.000001  0.000000 0.000000 -0.000000
63  -1.986693 0.000020 -3.123740  0.436333 0.000001 1.570797
64  -11.344170 1.135884 0.869272  0.000002 -0.025019 -0.026324
65  1.986523 0.000015 -3.123733  -2.705260 -0.000000 -1.570797
66  -11.350056 -0.729425 0.864881  0.000197 -0.025367 0.026442
67  1.754236 4.036758 -1.682666  0.392575 -0.010120 -1.546362
68  -1.755140 4.036757 -1.682669  -0.392577 -0.010391 -1.594986
69  -0.164555 7.327703 3.928703  -0.000000 0.000001 -1.570796
70  0.079082 36.742687 -0.508021  0.000001 0.000000 -0.000000
71  -1.260174 8.777408 6.736405  -0.000002 -0.424415 -3.141592
72  1.525192 18.283596 2.968623  0.000000 0.000000 -0.000000
73  0.060215 10.324389 74.469048  0.000008 0.000000 0.000000
74  0.062809 75.918007 83.075439  1.570797 -0.000000 -1.570796
75  4.804184 -3.971758 0.000001  -0.000000 0.000000 -0.000000
76  -7.041567 -5.025998 0.000001  -0.000000 -0.000000 -0.000000
77  8.407178 -3.978442 0.003055  -1.570796 1.570795 0.000000
78  10.376189 -3.978456 0.003056  -1.570796 1.570796 0.000000
79  10.194017 -0.314074 -1.749548  -1.570796 1.570796 0.000000
80  20.857885 -4.015572 0.000002  0.000000 -0.000000 0.000000
81  3.258443 5.856939 -3.403524  -0.000000 -0.000000 -0.000000
82  15.153050 5.860568 -3.403521  -0.000000 -0.000000 0.000000
83  6.064257 77.294960 36.365795  1.570796 0.000000 1.570796
84  -2.662412 1.445756 40.667957  0.000000 3.141591 1.570796
85  8.352064 2.772897 0.000542  -3.141589 0.000002 0.000000
86  6.064256 72.973701 32.593246  1.570796 0.000000 1.570796
87  0.004367 73.768417 -3.792006  0.000000 0.000000 0.000000
88  -0.442608 1.284882 8.535283  0.000000 -0.000001 0.000000
89  0.000002 1.310214 -0.000000  0.000000 0.000000 0.000000
90  0.000000 0.582262 0.000000  0.000000 0.000000 0.000000
91  0.036299 1.284886 7.928793  0.000000 -0.000001 0.000000
92  0.000001 1.310216 0.000002  0.000000 -0.000000 0.000000
93  -0.000001 0.582264 0.000003  0.000000 -0.000000 0.000000
94  5.969324 3.427462 -6.170657  -0.000000 -0.000001 -1.570797
95  -1.310215 0.000000 0.000001  0.000000 -0.000000 -0.000000
96  -0.582263 -0.000001 0.000000  0.000000 0.000000 -0.000000
97  5.969323 9.397396 -6.170661  -0.000000 -0.000001 -1.570796
98  -1.310212 0.000002 -0.000002  0.000000 0.000000 -0.000000
99  -0.582260 0.000001 -0.000002  0.000000 0.000000 -0.000000
100  5.969323 15.223770 -6.170673  -0.000000 -0.000001 -1.570796
101  -1.310220 0.000005 -0.000001  -0.000000 0.000000 -0.000000
102  -0.582269 0.000004 -0.000001  -0.000000 0.000000 -0.000000
103  5.969326 20.835571 -6.170676  -0.000000 -0.000001 -1.570796
104  -1.310218 0.000004 0.000001  -0.000000 0.000000 -0.000000
105  -0.582268 0.000002 0.000002  -0.000000 0.000000 -0.000000
106  5.969325 26.771206 -6.170672  -0.000000 -0.000001 -1.570796
107  5.969324 32.597599 -6.170679  -0.000000 -0.000001 -1.570796
108  5.969326 38.209393 -6.170690  0.000000 -0.000001 -1.570800
109  5.969325 49.488461 -6.170690  0.000000 -0.000001 -1.570800
110  -0.539091 -0.556810 -0.017365  -0.042462 2.681156 1.551919
111  -6.799122 -0.556801 0.818546  -0.272420 2.701993 1.452460
112  -4.615282 -0.556821 0.270324  -0.117230 2.684609 1.518878
113  -2.650968 -0.556805 0.063008  -0.042463 2.681158 1.551919
114  27.110336 1.284862 12.007542  0.000000 -0.000000 0.000000
115  28.133427 1.284857 12.007542  0.000001 -0.000000 0.000000
116  12.812887 2.241788 12.007545  0.000000 -0.000001 -0.000001
117  -9.955966 -0.319621 4.380210  -0.000001 -0.000000 -0.000001
118  -11.316471 -0.319622 4.380211  -0.000003 -0.000000 0.000000
119  -12.667810 -0.319621 4.380210  -0.000003 -0.000000 0.000001
120  -14.022140 -0.319623 4.380210  0.000010 -0.000000 -0.000011
121  -15.373240 -0.319619 4.380209  0.000015 -0.000000 -0.000015
122  -16.724142 -0.319619 4.380210  -0.000009 -0.000000 0.000006
123  -18.074574 -0.319623 4.380211  -0.000006 0.000000 0.000004
124  -19.423716 -0.319618 4.380209  0.000002 0.000000 -0.000004
125  -20.775272 -0.319620 4.380209  0.000003 0.000000 -0.000004
126  -22.126673 -0.319618 4.380213  0.000003 -0.000000 -0.000004
127  -23.478121 -0.319619 4.380211  0.000005 -0.000000 -0.000006
128  -24.830620 -0.319620 4.380211  0.000036 -0.000000 -0.000038
129  -26.182028 -0.319617 4.380212  -0.000011 0.000000 0.000011
130  0.529180 -0.167126 0.629481  -0.101270 -0.000000 0.000000
131  -0.211443 -0.241678 0.155356  -0.145847 -0.000000 0.000000
132  0.529190 -0.280700 -0.110297  -0.145847 -0.000000 0.000000
133  -0.173927 -0.337327 -0.638500  -0.181751 -0.000000 0.000000
134  0.529191 -0.399242 -0.975397  -0.181751 -0.000000 0.000000
135  -0.211445 -0.464480 -1.431045  -0.192399 -0.000000 0.000000
136  0.529189 -0.515808 -1.694587  -0.192400 -0.000000 0.000000
137  -0.173931 -0.612154 -2.231913  -0.216703 -0.000000 0.000000
138  0.529189 -0.685805 -2.566441  -0.216703 -0.000000 0.000000
139  -0.211443 -0.769564 -3.027873  -0.237349 -0.000000 0.000000
140  0.529189 -0.832682 -3.288854  -0.237349 -0.000000 0.000000
141  -0.173937 -0.945284 -3.779568  -0.233859 0.000000 0.000000
142  0.529179 -1.024659 -4.112780  -0.233859 0.000000 0.000000
143  -0.211442 -1.132181 -4.577552  -0.262919 -0.000000 0.000000
144  0.529190 -1.201968 -4.836824  -0.262919 0.000000 0.000000
145  -0.000005 -2.810937 -10.636637  0.258454 0.000000 3.141592
146  -0.192457 -1.345779 -5.370047  -0.280373 0.000000 0.000000
147  0.533983 -1.413516 -5.605107  -0.276883 0.000000 0.000000
148  -0.206616 -1.795759 -6.909780  -0.287354 0.000000 0.000000
149  -0.205803 -1.564816 -6.138260  -0.290843 0.000000 0.000000
150  0.530463 -1.643672 -6.395221  -0.290844 0.000000 0.000000
151  0.535310 -1.790712 -7.204135  -0.287354 -0.000000 0.000000
152  -0.202703 -2.030484 -7.702833  -0.286180 -0.000000 0.000000
153  0.509548 -2.118895 -8.011625  -0.298398 -0.000000 0.000000
154  -0.202702 -2.255281 -8.465172  -0.283134 -0.000000 0.000000
155  0.509547 -2.352978 -8.771162  -0.295352 -0.000000 0.000000
156  -0.202705 -2.481596 -9.235476  -0.285437 -0.000000 0.000000
157  0.509548 -2.588681 -9.538643  -0.297654 -0.000000 0.000000
158  0.170122 -21.222088 -1.001145  -0.000001 -0.000001 0.000000
159  0.170122 -20.843864 -0.397187  -0.000001 -0.000001 0.000000
160  0.170123 -20.489742 -1.001147  -0.000001 -0.000001 0.000000
161  0.170124 -20.111067 -0.397187  -0.000001 -0.000001 0.000000
162  0.170123 -19.380085 -0.397191  -0.000001 -0.000001 0.000000
163  0.170123 -19.025106 -1.001150  -0.000001 -0.000001 0.000000
164  0.170124 -18.646656 -0.396454  -0.000001 -0.000001 0.000000
165  0.170125 -19.755753 -1.001148  -0.000001 -0.000001 0.000000
166  -0.015973 10.612516 2.686018  0.000001 0.000000 -0.000000
167  0.059852 -50.160702 6.449384  1.570797 -0.000000 -1.570797
168  0.064652 27.351294 72.195198  -0.000000 -0.000000 -0.000001
169  6.064260 95.114021 31.645494  0.000000 -0.000001 1.570796
170  0.054187 102.845642 29.795359  -0.000000 0.000001 -1.570796
171  6.064255 69.096558 37.164314  1.570796 0.000000 1.570796
172  1.974303 11.989232 4.589251  0.000000 0.000000 -0.000000
173  -0.011481 23.944742 5.090361  0.000001 0.000000 0.000000
174  -1.691251 8.833341 5.763507  0.000001 0.000000 -0.000000
175  6.064260 89.329803 31.613918  0.000000 -0.000001 1.570796
176  0.059886 2.255337 54.398010  -0.000000 0.000000 0.000000
177  0.003496 -22.270647 0.000145  1.570797 -0.000000 -1.570797
178  0.104010 15.380369 2.266153  0.000001 0.000000 -0.000000
179  0.000000 0.000043 0.000054  0.000000 0.000000 0.000000
180  0.000023 0.000001 -0.000005  -0.000000 0.000000 0.000000
181  -2.662412 1.445758 33.628738  0.000000 3.141591 1.570796
182  8.352065 2.772897 0.000543  -3.141589 0.000002 0.000000
183  -2.662412 1.445756 40.667957  0.000000 3.141591 1.570796
184  8.352064 2.772897 0.000542  -3.141589 0.000002 0.000000
185  -1.431355 16.384779 4.137812  0.000001 -0.000000 0.000000
186  -0.001844 0.521681 -0.140291  0.000000 0.000000 -0.000000
187  7.323109 -5.136193 -5.166238  -0.000000 0.000000 -0.610865
188  2.698277 -0.000002 0.000001  -0.000012 0.000000 0.000000
189  2.834158 -0.000001 0.000003  0.000013 0.000000 0.000000
190  2.648921 -0.000003 0.000001  -0.000001 -0.000001 0.000000
191  2.667499 -0.000003 0.000001  -0.000000 0.000000 0.000000
192  2.426703 -0.000003 -0.000003  -0.000000 0.000000 -0.000000
193  -0.494744 -44.353447 -1.302299  1.570797 -0.000000 -1.570797
194  11.545938 73.768410 -3.792012  0.000000 0.000000 -0.000000
195  -0.066954 -10.025108 -0.912536  -0.000000 0.000000 -0.000000
196  0.000000 -0.000001 -1.529050  -0.000000 0.000000 -0.000000
197  -0.078942 -0.000001 -0.000001  0.000000 0.000001 1.570796
198  0.097092 0.000001 0.000002  -0.000000 -3.141592 1.570796
199  0.000000 0.000000 0.000000  0.000000 -0.000000 -0.000000
200  -4.223431 -0.363529 -9.302384  0.610059 -0.047787 0.276060
201  3.302624 4.880214 -26.362989  0.610059 -0.047787 0.276060
time 35
0  0 0 0  0 0 0
1  0.000000 0.000000 0.000000  0.000000 -0.000000 -0.000000
2  -0.000005 0.000023 -61.375507  0.000000 0.000000 -1.570795
3  -0.012872 0.000000 8.235020  -1.570799 -1.570796 0.000000
4  16.163128 -0.012870 -0.000002  -0.000000 -0.000000 0.000000
5  -0.000000 0.000000 -0.000005  0.000000 -0.000000 -0.000000
6  -0.000034 -0.000002 -0.000000  0.422826 -0.228979 0.553571
7  -0.000003 -0.000005 0.000001  0.000000 0.000000 -0.433640
8  0.000005 0.000000 0.000000  0.011048 -0.000000 -0.000000
9  0.000005 0.000000 0.000000  0.022096 -0.000000 -0.000000
10  0.000001 0.000000 0.000001  0.033145 -0.000000 -0.000000
11  0.000001 0.000000 0.000001  0.044194 0.000000 -0.000000
12  -0.000003 0.000001 -0.000000  0.055307 -0.000000 -0.000000
13  -0.000003 -0.000000 -0.000001  0.066359 -0.000000 -0.000000
14  -0.000003 -0.000000 -0.000000  0.077414 -0.000000 -0.000000
15  -0.000002 0.000002 0.000003  0.011444 -0.255362 0.273490
16  0.000001 -0.000003 -0.000000  -0.000000 -0.000001 -0.000000
17  0.000001 -0.000002 0.000003  0.000000 0.000000 -0.000000
18  -0.000006 -0.000000 0.000003  -0.000000 -0.000000 -0.000000
19  0.000003 0.000001 -0.000001  -0.000000 -0.000000 -0.000000
20  0.000003 0.000001 0.000001  0.000000 -0.000000 0.000000
21  -0.000001 0.000000 0.000000  0.000000 0.000000 0.000000
22  -0.000002 0.000001 -0.000002  -0.000000 -0.000000 0.000000
23  3.672211 0.000004 -0.000002  0.000003 0.000001 0.142941
24  -0.000001 -0.000003 0.000000  -0.000000 -0.000000 0.000000
25  0.000003 0.000002 -0.000001  0.000000 -0.000000 -0.000000
26  -0.000005 -0.000000 0.000002  -0.000000 0.000000 -0.000000
27  2.496794 0.000005 -0.000000  0.000000 0.000000 -0.091107
28  0.000003 0.000000 0.000002  -0.000000 0.000000 0.000000
29  -0.000004 0.000004 0.000001  0.000000 0.000000 -0.000000
30  2.199410 -0.000001 0.000004  0.000001 0.000001 0.029263
31  0.000004 -0.000000 0.000003  0.000000 -0.000000 0.000000
32  -0.000019 -0.000001 0.000001  -0.033681 0.244613 0.068390
33  -0.000006 0.000001 -0.000002  0.000000 -0.000000 0.098615
34  0.000000 0.000000 -0.000001  0.003479 0.000000 -0.000000
35  -0.000004 -0.000002 -0.000001  0.006958 0.000000 0.000000
36  -0.000004 -0.000000 -0.000001  0.010437 0.000000 0.000000
37  -0.000000 -0.000000 0.000000  0.013916 -0.000000 0.000000
38  -0.000008 0.000001 -0.000001  0.017396 -0.000000 -0.000000
39  -0.000008 0.000001 -0.000001  0.020875 -0.000000 -0.000000
40  -0.000005 -0.000001 -0.000000  0.024354 0.000000 0.000000
41  -0.000009 -0.000004 -0.000002  0.310495 -0.282765 -0.168650
42  0.000007 -0.000000 0.000001  0.000001 0.000000 0.000000
43  3.954720 0.000011 0.000004  -0.000000 -0.000002 0.166319
44  -0.000001 -0.000001 -0.000001  -0.000000 -0.000000 -0.000000
45  -0.000001 -0.000002 -0.000001  0.000000 -0.000000 0.000000
46  -0.000001 0.000000 0.000000  0.000000 0.000000 -0.000000
47  -0.000004 -0.000000 0.000000  0.000000 0.000000 -0.000000
48  0.000003 -0.000000 -0.000000  0.000000 0.000000 0.000000
49  0.000003 -0.000000 -0.000000  -0.000000 -0.000000 -0.000000
50  -0.000004 -0.000000 -0.000000  -0.000000 0.000000 -0.000000
51  -0.000001 0.000000 0.000000  -0.000000 0.000000 0.000000
52  -0.000001 -0.000000 -0.000000  -0.000000 -0.000000 0.000000
53  -0.000004 -0.000000 0.000000  -0.000000 0.000000 -0.000000
54  -0.000001 0.000000 0.000000  -0.000000 0.000000 -0.000000
55  -0.000001 0.000001 0.000000  -0.000000 -0.000000 -0.000000
56  2.307437 -0.000000 -0.000002  0.000002 0.000001 -0.056419
57  0.000000 0.000000 -0.000000  0.003111 -0.002810 0.001644
58  2.623475 2.927002 -21.304750  0.534279 -0.066181 0.212028
59  0.071252 114.357033 62.238789  -0.000000 0.000000 -0.000000
60  1.986526 0.000011 -3.123736  -2.705260 -0.000000 -1.570797
61  -1.986691 0.000013 -3.123749  0.436333 0.000001 1.570797
62  0.000002 -0.000004 -0.000001  0.000000 0.000000 0.000000
63  -1.986694 0.000016 -3.123731  0.436333 0.000001 1.570797
64  -11.344157 1.135883 0.869287  0.000002 -0.025019 -0.026324
65  1.986523 0.000022 -3.123734  -2.705260 -0.000000 -1.570797
66  -11.350050 -0.729419 0.864876  0.000197 -0.025367 0.026442
67  1.754236 4.036766 -1.682673  0.392575 -0.010120 -1.546362
68  -1.755140 4.036760 -1.682671  -0.392577 -0.010391 -1.594986
69  -0.164556 7.327704 3.928701  -0.000000 0.000001 -1.570796
70  0.079082 36.742691 -0.508024  0.000001 0.000000 -0.000000
71  -1.260174 8.777410 6.736403  -0.000002 -0.424416 -3.141592
72  1.525193 18.283598 2.968620  0.000000 0.000000 -0.000000
73  0.060217 10.324390 74.469055  0.000008 0.000000 -0.000000
74  0.062809 75.917999 83.075439  1.570797 -0.000000 -1.570796
75  4.804184 -3.971747 0.000001  -0.000000 0.000000 -0.000000
76  -7.041570 -5.025998 0.000001  -0.000000 -0.000000 -0.000000
77  8.407178 -3.978435 0.003054  -1.570796 1.570795 0.000000
78  10.376186 -3.978446 0.003054  -1.570796 1.570796 0.000000
79  10.194015 -0.314061 -1.749549  -1.570796 1.570796 0.000000
80  20.857887 -4.015573 0.000002  0.000000 -0.000000 0.000000
81  3.258444 5.856950 -3.403525  -0.000000 -0.000000 -0.000000
82  15.153046 5.860584 -3.403522  -0.000000 -0.000000 0.000000
83  6.064256 77.294952 36.365791  1.570796 -0.000000 1.570796
84  -2.662412 1.445755 40.667957  -0.000000 3.141591 1.570796
85  8.352065 2.772897 0.000543  -3.141589 0.000002 0.000000
86  6.064257 72.973694 32.593246  1.570796 -0.000000 1.570796
87  0.004364 73.768417 -3.792010  0.000000 0.000000 0.000000
88  -0.442610 1.284875 8.535288  -0.000000 -0.000001 0.000000
89  0.000001 1.310208 0.000006  0.000000 -0.000000 0.000000
90  0.000003 0.582262 0.000001  0.000000 -0.000000 0.000000
91  0.036297 1.284878 7.928793  -0.000000 -0.000001 0.000000
92  0.000001 1.310210 -0.000001  0.000000 -0.000000 0.000000
93  0.000001 0.582261 -0.000006  0.000000 -0.000000 0.000000
94  5.969322 3.427458 -6.170654  -0.000000 -0.000001 -1.570797
95  -1.310205 0.000001 -0.000001  0.000000 0.000000 -0.000000
96  -0.582252 -0.000001 -0.000002  0.000000 0.000000 -0.000000
97  5.969321 9.397402 -6.170662  -0.000000 -0.000001 -1.570796
98  -1.310205 0.000001 0.000005  0.000000 0.000001 -0.000000
99  -0.582252 -0.000002 0.000008  0.000000 0.000001 -0.000000
100  5.969321 15.223764 -6.170673  -0.000000 -0.000001 -1.570796
101  -1.310196 -0.000001 0.000005  -0.000000 0.000000 -0.000000
102  -0.582244 -0.000002 0.000004  -0.000000 0.000000 -0.000000
103  5.969323 20.835567 -6.170674  -0.000000 -0.000001 -1.570796
104  -1.310212 0.000003 -0.000001  -0.000000 0.000000 -0.000000
105  -0.582261 0.000001 0.000006  -0.000000 0.000000 -0.000000
106  5.969323 26.771208 -6.170675  -0.000000 -0.000001 -1.570796
107  5.969323 32.597595 -6.170680  -0.000000 -0.000001 -1.570796
108  5.969322 38.209393 -6.170690  -0.000000 -0.000001 -1.570800
109  5.969321 49.488457 -6.170688  -0.000000 -0.000001 -1.570800
110  -0.539091 -0.556813 -0.017367  -0.042462 2.681156 1.551919
111  -6.799124 -0.556810 0.818547  -0.272420 2.701993 1.452460
112  -4.615282 -0.556824 0.270322  -0.117230 2.684609 1.518878
113  -2.650969 -0.556808 0.063007  -0.042463 2.681158 1.551919
114  27.110332 1.284852 12.007549  -0.000000 -0.000000 0.000000
115  28.133421 1.284849 12.007547  0.000001 -0.000000 0.000000
116  12.812885 2.241782 12.007549  -0.000000 -0.000001 -0.000001
117  -9.955969 -0.319630 4.380211  -0.000001 -0.000000 -0.000001
118  -11.316475 -0.319630 4.380215  -0.000003 -0.000000 0.000000
119  -12.667811 -0.319627 4.380214  -0.000003 -0.000000 0.000001
120  -14.022141 -0.319631 4.380214  0.000010 -0.000000 -0.000011
121  -15.373241 -0.319628 4.380213  0.000015 -0.000000 -0.000015
122  -16.724144 -0.319630 4.380212  -0.000009 -0.000000 0.000006
123  -18.074574 -0.319629 4.380213  -0.000006 0.000000 0.000004
124  -19.423717 -0.319630 4.380211  0.000002 0.000000 -0.000004
125  -20.775269 -0.319627 4.380212  0.000003 0.000000 -0.000004
126  -22.126669 -0.319624 4.380212  0.000003 0.000000 -0.000004
127  -23.478127 -0.319627 4.380215  0.000005 0.000000 -0.000006
128  -24.830618 -0.319624 4.380212  0.000036 0.000000 -0.000038
129  -26.182026 -0.319625 4.380213  -0.000011 0.000000 0.000011
130  0.529179 -0.167130 0.629480  -0.101270 -0.000000 0.000000
131  -0.211445 -0.241687 0.155357  -0.145847 -0.000000 0.000000
132  0.529190 -0.280702 -0.110296  -0.145847 -0.000000 0.000000
133  -0.173928 -0.337333 -0.638496  -0.181751 -0.000000 0.000000
134  0.529189 -0.399247 -0.975399  -0.181751 -0.000000 0.000000
135  -0.211446 -0.464479 -1.431045  -0.192399 -0.000000 0.000000
136  0.529188 -0.515811 -1.694584  -0.192400 -0.000000 0.000000
137  -0.173929 -0.612155 -2.231911  -0.216703 -0.000000 0.000000
138  0.529187 -0.685810 -2.566444  -0.216703 -0.000000 0.000000
139  -0.211445 -0.769562 -3.027874  -0.237349 -0.000000 0.000000
140  0.529186 -0.832693 -3.288849  -0.237349 -0.000000 0.000000
141  -0.173939 -0.945284 -3.779567  -0.233859 0.000000 0.000000
142  0.529179 -1.024659 -4.112784  -0.233859 0.000000 0.000000
143  -0.211445 -1.132188 -4.577551  -0.262919 -0.000000 0.000000
144  0.529189 -1.201967 -4.836829  -0.262919 0.000000 0.000000
145  -0.000005 -2.810940 -10.636634  0.258454 0.000000 3.141592
146  -0.192456 -1.345781 -5.370049  -0.280373 0.000000 0.000000
147  0.533983 -1.413512 -5.605109  -0.276883 0.000000 0.000000
148  -0.206618 -1.795760 -6.909785  -0.287354 0.000000 0.000000
149  -0.205805 -1.564823 -6.138258  -0.290843 0.000000 0.000000
150  0.530458 -1.643678 -6.395215  -0.290844 0.000000 0.000000
151  0.535312 -1.790707 -7.204138  -0.287354 -0.000000 0.000000
152  -0.202704 -2.030492 -7.702830  -0.286180 -0.000000 0.000000
153  0.509548 -2.118895 -8.011628  -0.298398 -0.000000 0.000000
154  -0.202704 -2.255283 -8.465177  -0.283134 -0.000000 0.000000
155  0.509547 -2.352988 -8.771160  -0.295352 -0.000000 0.000000
156  -0.202706 -2.481602 -9.235472  -0.285437 -0.000000 0.000000
157  0.509547 -2.588685 -9.538642  -0.297653 -0.000000 0.000000
158  0.170122 -21.222095 -1.001142  -0.000001 -0.000001 0.000000
159  0.170122 -20.843864 -0.397187  -0.000001 -0.000001 0.000000
160  0.170122 -20.489752 -1.001143  -0.000001 -0.000001 0.000000
161  0.170124 -20.111071 -0.397188  -0.000001 -0.000001 0.000000
162  0.170123 -19.380089 -0.397190  -0.000001 -0.000001 0.000000
163  0.170121 -19.025114 -1.001147  -0.000001 -0.000001 0.000000
164  0.170123 -18.646658 -0.396452  -0.000001 -0.000001 0.000000
165  0.170123 -19.755764 -1.001143  -0.000001 -0.000001 0.000000
166  -0.015973 10.612518 2.686016  0.000001 0.000000 -0.000000
167  0.059852 -50.160698 6.449379  1.570797 -0.000000 -1.570797
168  0.064654 27.351290 72.195206  0.000000 -0.000000 -0.000001
169  6.064259 95.114014 31.645500  0.000000 -0.000001 1.570796
170  0.054185 102.845634 29.795362  -0.000000 0.000001 -1.570796
171  6.064257 69.096558 37.164314  1.570796 -0.000000 1.570796
172  1.974302 11.989233 4.589249  0.000000 0.000000 -0.000000
173  -0.011480 23.944748 5.090357  0.000001 0.000000 0.000000
174  -1.691251 8.833342 5.763505  0.000001 0.000000 -0.000000
175  6.064260 89.329803 31.613913  0.000000 -0.000001 1.570796
176  0.059886 2.255336 54.398010  -0.000000 0.000000 -0.000000
177  0.003498 -22.270645 0.000146  1.570797 -0.000000 -1.570797
178  0.104010 15.380371 2.266150  0.000001 0.000000 -0.000000
179  -0.000001 0.000045 0.000050  0.000000 0.000000 0.000000
180  0.000022 0.000000 -0.000005  -0.000000 -0.000000 0.000000
181  -2.662412 1.445757 33.628742  -0.000000 3.141591 1.570796
182  8.352066 2.772897 0.000541  -3.141589 0.000002 0.000000
183  -2.662412 1.445755 40.667957  -0.000000 3.141591 1.570796
184  8.352065 2.772897 0.000543  -3.141589 0.000002 0.000000
185  -1.431356 16.384779 4.137811  0.000001 0.000000 0.000000
186  -0.001845 0.521684 -0.140291  0.000000 0.000000 -0.000000
187  7.323108 -5.136190 -5.166238  0.000000 0.000000 -0.610865
188  2.698277 -0.000001 0.000001  -0.000012 0.000000 0.000000
189  2.834158 -0.000001 -0.000002  0.000013 0.000000 0.000000
190  2.648918 -0.000000 -0.000001  -0.000001 -0.000001 0.000000
191  2.667498 -0.000002 -0.000002  -0.000000 0.000000 0.000000
192  2.426700 -0.000002 -0.000003  -0.000000 0.000000 -0.000000
193  -0.494745 -44.353443 -1.302301  1.570797 -0.000000 -1.570797
194  11.545938 73.768417 -3.792013  0.000000 0.000000 -0.000000
195  -0.066955 -10.025105 -0.912535  -0.000000 0.000000 -0.000000
196  0.000000 -0.000002 -1.529053  -0.000000 0.000000 -0.000000
197  -0.078942 -0.000001 -0.000004  0.000000 0.000001 1.570796
198  0.097092 -0.000002 -0.000004  -0.000000 -3.141592 1.570796
199  0.000000 0.000000 0.000000  0.000000 -0.000000 -0.000000
200  -3.022322 -0.063003 -7.856236  0.534280 -0.066181 0.212028
201  3.241873 3.527421 -22.768404  0.534279 -0.066181 0.212028
time 36
0  0 0 0  0 0 0
1  0.000000 0.000000 0.000000  0.000000 -0.000000 -0.000000
2  -0.000005 0.000023 -61.375507  0.000000 0.000000 -1.570795
3  -0.012872 0.000000 8.235020  -1.570799 -1.570796 0.000000
4  16.163128 -0.012870 -0.000002  -0.000000 -0.000000 0.000000
5  -0.000000 0.000000 -0.000005  0.000000 -0.000000 -0.000000
6  -0.000034 -0.000002 -0.000000  0.345093 -0.170287 0.485588
7  0.000003 -0.000008 0.000003  0.000000 0.000000 -0.398269
8  -0.000003 0.000001 0.000000  0.008057 -0.000000 -0.000000
9  -0.000003 0.000001 -0.000000  0.016114 -0.000000 -0.000000
10  -0.000003 0.000001 0.000001  0.024232 -0.000000 -0.000000
11  -0.000007 0.000001 0.000001  0.032290 0.000000 -0.000000
12  -0.000003 0.000000 -0.000000  0.040348 -0.000000 -0.000000
13  -0.000003 -0.000001 -0.000000  0.048468 -0.000000 -0.000000
14  -0.000003 -0.000001 -0.000000  0.056528 -0.000000 -0.000000
15  -0.000003 0.000002 0.000003  0.014053 -0.162061 0.263573
16  -0.000003 -0.000000 0.000000  -0.000000 -0.000001 -0.000000
17  -0.000007 0.000001 0.000004  0.000000 0.000000 -0.000000
18  -0.000007 0.000001 0.000002  -0.000000 -0.000000 -0.000000
19  0.000002 0.000003 -0.000002  -0.000000 -0.000000 -0.000000
20  0.000002 -0.000001 -0.000001  0.000000 0.000000 -0.000000
21  0.000006 0.000001 -0.000001  -0.000000 0.000000 0.000000
22  -0.000003 0.000001 -0.000002  -0.000000 -0.000000 -0.000000
23  3.672210 0.000003 -0.000001  0.000003 0.000001 0.142941
24  -0.000002 -0.000001 -0.000000  -0.000000 -0.000000 0.000000
25  0.000002 0.000003 -0.000002  -0.000000 -0.000000 -0.000000
26  0.000002 0.000002 0.000001  -0.000000 0.000000 -0.000000
27  2.496794 0.000004 0.000000  0.000000 0.000000 -0.091107
28  0.000002 0.000002 0.000002  -0.000000 0.000000 -0.000000
29  0.000002 -0.000000 0.000000  -0.000000 0.000000 -0.000000
30  2.199411 -0.000002 0.000004  0.000001 0.000001 0.029263
31  0.000004 -0.000000 0.000003  0.000000 -0.000000 0.000000
32  -0.000019 -0.000001 0.000001  -0.034111 0.208245 0.044253
33  -0.000005 0.000001 0.000001  0.000000 -0.000000 0.057932
34  -0.000004 0.000000 0.000000  0.014710 0.000000 -0.000000
35  -0.000004 -0.000002 0.000001  0.029421 0.000000 0.000000
36  -0.000000 -0.000001 0.000002  0.044194 0.000000 0.000000
37  -0.000004 -0.000000 0.000001  0.058909 0.000000 0.000000
38  -0.000004 0.000000 0.000002  0.073627 0.000000 -0.000000
39  -0.000004 -0.000000 0.000001  0.088349 -0.000000 -0.000000
40  -0.000004 -0.000002 0.000002  0.103137 0.000000 0.000000
41  -0.000008 -0.000005 -0.000001  0.262183 -0.200526 -0.083640
42  -0.000003 -0.000000 0.000001  0.000001 0.000000 0.000000
43  3.954722 0.000011 0.000004  -0.000000 -0.000002 0.166319
44  -0.000002 -0.000001 -0.000001  -0.000000 -0.000000 -0.000000
45  -0.000006 -0.000002 -0.000001  0.000000 -0.000000 0.000000
46  -0.000006 0.000000 -0.000000  -0.000000 0.000000 -0.000000
47  -0.000003 -0.000000 -0.000000  0.000000 0.000000 -0.000000
48  -0.000003 -0.000000 -0.000000  0.000000 0.000000 0.000000
49  -0.000006 -0.000000 -0.000000  0.000000 -0.000000 -0.000000
50  -0.000006 -0.000000 -0.000000  -0.000000 0.000000 -0.000000
51  -0.000006 0.000000 0.000000  -0.000000 0.000000 0.000000
52  0.000001 -0.000000 -0.000000  0.000000 -0.000000 -0.000000
53  -0.000003 -0.000000 0.000000  -0.000000 0.000000 0.000000
54  -0.000006 0.000000 0.000000  0.000000 -0.000000 -0.000000
55  -0.000006 0.000001 0.000000  0.000000 0.000000 -0.000000
56  2.307434 0.000000 -0.000002  0.000002 0.000001 -0.056419
57  0.000000 0.000000 -0.000000  0.001890 -0.001650 0.002196
58  2.577208 1.841972 -17.729572  0.449135 -0.077715 0.156827
59  0.071250 114.357018 62.238789  0.000000 -0.000000 -0.000000
60  1.986524 0.000009 -3.123736  -2.705260 -0.000000 -1.570797
61  -1.986690 0.000006 -3.123754  0.436333 0.000001 1.570797
62  0.000001 -0.000004 -0.000006  0.000000 -0.000000 -0.000000
63  -1.986689 0.000018 -3.123747  0.436333 0.000001 1.570797
64  -11.344170 1.135887 0.869269  0.000002 -0.025019 -0.026324
65  1.986526 0.000013 -3.123733  -2.705260 -0.000000 -1.570797
66  -11.350064 -0.729422 0.864895  0.000197 -0.025367 0.026442
67  1.754239 4.036757 -1.682669  0.392575 -0.010120 -1.546362
68  -1.755138 4.036757 -1.682673  -0.392577 -0.010391 -1.594986
69  -0.164556 7.327704 3.928702  0.000000 0.000001 -1.570796
70  0.079083 36.742687 -0.508022  0.000001 -0.000000 -0.000000
71  -1.260174 8.777409 6.736405  -0.000002 -0.424415 -3.141592
72  1.525192 18.283594 2.968622  0.000000 -0.000000 -0.000000
73  0.060216 10.324382 74.469048  0.000008 -0.000000 -0.000000
74  0.062809 75.917992 83.075432  1.570797 0.000000 -1.570796
75  4.804187 -3.971750 0.000003  -0.000000 0.000000 -0.000000
76  -7.041563 -5.026004 0.000003  -0.000000 -0.000000 -0.000000
77  8.407182 -3.978445 0.003056  -1.570796 1.570795 0.000000
78  10.376196 -3.978455 0.003057  -1.570796 1.570796 0.000000
79  10.194020 -0.314075 -1.749547  -1.570796 1.570796 0.000000
80  20.857889 -4.015579 0.000003  0.000000 -0.000000 -0.000000
81  3.258446 5.856942 -3.403523  -0.000000 -0.000000 -0.000000
82  15.153055 5.860573 -3.403520  -0.000000 -0.000000 -0.000000
83  6.064256 77.294945 36.365791  1.570796 -0.000000 1.570796
84  -2.662412 1.445754 40.667957  0.000000 3.141591 1.570796
85  8.352066 2.772897 0.000541  -3.141589 0.000002 -0.000000
86  6.064256 72.973686 32.593246  1.570796 -0.000000 1.570796
87  0.004367 73.768410 -3.792009  0.000000 -0.000000 0.000000
88  -0.442608 1.284878 8.535293  0.000000 -0.000001 0.000000
89  0.000001 1.310214 -0.000003  0.000000 0.000000 0.000000
90  0.000002 0.582260 -0.000003  0.000000 0.000000 0.000000
91  0.036298 1.284884 7.928797  0.000000 -0.000001 0.000000
92  0.000001 1.310216 -0.000002  0.000000 0.000000 0.000000
93  0.000001 0.582267 -0.000002  0.000000 0.000000 0.000000
94  5.969324 3.427461 -6.170654  -0.000000 -0.000001 -1.570797
95  -1.310216 0.000004 -0.000003  0.000000 -0.000000 -0.000000
96  -0.582263 0.000003 -0.000003  0.000000 -0.000000 -0.000000
97  5.969324 9.397404 -6.170660  -0.000000 -0.000001 -1.570796
98  -1.310211 -0.000001 0.000000  0.000000 0.000000 -0.000000
99  -0.582258 -0.000001 -0.000003  0.000000 0.000000 -0.000000
100  5.969323 15.223776 -6.170674  -0.000000 -0.000001 -1.570796
101  -1.310220 0.000004 -0.000001  -0.000000 0.000000 -0.000000
102  -0.582267 0.000003 0.000000  -0.000000 0.000000 -0.000000
103  5.969324 20.835573 -6.170675  -0.000000 -0.000001 -1.570796
104  -1.310223 0.000003 -0.000003  -0.000000 0.000000 -0.000000
105  -0.582270 0.000003 -0.000001  -0.000000 0.000000 -0.000000
106  5.969325 26.771212 -6.170673  -0.000000 -0.000001 -1.570796
107  5.969324 32.597599 -6.170678  -0.000000 -0.000001 -1.570796
108  5.969325 38.209400 -6.170686  -0.000000 -0.000001 -1.570800
109  5.969324 49.488476 -6.170689  -0.000000 -0.000001 -1.570800
110  -0.539089 -0.556801 -0.017366  -0.042462 2.681156 1.551919
111  -6.799125 -0.556808 0.818550  -0.272420 2.701993 1.452460
112  -4.615282 -0.556816 0.270325  -0.117230 2.684609 1.518878
113  -2.650969 -0.556801 0.063009  -0.042463 2.681158 1.551919
114  27.110338 1.284860 12.007547  0.000000 -0.000000 0.000000
115  28.133427 1.284862 12.007546  0.000001 -0.000000 0.000000
116  12.812886 2.241784 12.007549  0.000000 -0.000001 -0.000001
117  -9.955968 -0.319623 4.380216  -0.000001 -0.000000 -0.000001
118  -11.316472 -0.319627 4.380217  -0.000003 -0.000000 -0.000000
119  -12.667810 -0.319623 4.380217  -0.000003 -0.000000 0.000001
120  -14.022142 -0.319626 4.380217  0.000010 -0.000000 -0.000011
121  -15.373239 -0.319622 4.380214  0.000015 -0.000000 -0.000015
122  -16.724142 -0.319620 4.380215  -0.000009 -0.000000 0.000006
123  -18.074575 -0.319622 4.380215  -0.000006 -0.000000 0.000004
124  -19.423717 -0.319619 4.380214  0.000002 0.000000 -0.000004
125  -20.775272 -0.319619 4.380216  0.000003 0.000000 -0.000004
126  -22.126671 -0.319622 4.380217  0.000003 0.000000 -0.000004
127  -23.478123 -0.319621 4.380216  0.000005 -0.000000 -0.000006
128  -24.830620 -0.319618 4.380216  0.000036 -0.000000 -0.000038
129  -26.182030 -0.319619 4.380216  -0.000011 -0.000000 0.000011
130  0.529181 -0.167129 0.629483  -0.101270 -0.000000 0.000000
131  -0.211443 -0.241681 0.155360  -0.145847 -0.000000 0.000000
132  0.529191 -0.280696 -0.110294  -0.145847 -0.000000 0.000000
133  -0.173925 -0.337322 -0.638497  -0.181751 -0.000000 0.000000
134  0.529191 -0.399237 -0.975398  -0.181751 -0.000000 0.000000
135  -0.211443 -0.464472 -1.431045  -0.192399 -0.000000 0.000000
136  0.529189 -0.515806 -1.694583  -0.192399 -0.000000 0.000000
137  -0.173928 -0.612153 -2.231911  -0.216703 -0.000000 0.000000
138  0.529189 -0.685802 -2.566441  -0.216703 -0.000000 0.000000
139  -0.211445 -0.769564 -3.027868  -0.237349 -0.000000 0.000000
140  0.529187 -0.832687 -3.288847  -0.237349 -0.000000 0.000000
141  -0.173937 -0.945280 -3.779564  -0.233859 0.000000 0.000000
142  0.529180 -1.024658 -4.112781  -0.233859 0.000000 0.000000
143  -0.211443 -1.132190 -4.577547  -0.262919 -0.000000 0.000000
144  0.529191 -1.201959 -4.836827  -0.262919 0.000000 0.000000
145  -0.000004 -2.810941 -10.636631  0.258454 0.000000 3.141592
146  -0.192455 -1.345778 -5.370045  -0.280373 0.000000 0.000000
147  0.533984 -1.413508 -5.605107  -0.276883 0.000000 0.000000
148  -0.206618 -1.795760 -6.909779  -0.287354 0.000000 0.000000
149  -0.205803 -1.564818 -6.138257  -0.290843 0.000000 0.000000
150  0.530460 -1.643677 -6.395213  -0.290844 0.000000 0.000000
151  0.535313 -1.790708 -7.204135  -0.287354 -0.000000 0.000000
152  -0.202704 -2.030486 -7.702831  -0.286180 -0.000000 0.000000
153  0.509549 -2.118889 -8.011627  -0.298398 -0.000000 0.000000
154  -0.202703 -2.255277 -8.465173  -0.283134 -0.000000 0.000000
155  0.509549 -2.352980 -8.771160  -0.295352 -0.000000 0.000000
156  -0.202704 -2.481599 -9.235471  -0.285437 -0.000000 0.000000
157  0.509548 -2.588682 -9.538640  -0.297654 -0.000000 0.000000
158  0.170124 -21.222088 -1.001143  -0.000001 -0.000001 0.000000
159  0.170123 -20.843863 -0.397185  -0.000001 -0.000001 0.000000
160  0.170123 -20.489746 -1.001142  -0.000001 -0.000001 0.000000
161  0.170125 -20.111063 -0.397186  -0.000001 -0.000001 0.000000
162  0.170123 -19.380087 -0.397189  -0.000001 -0.000001 0.000000
163  0.170124 -19.025108 -1.001147  -0.000001 -0.000001 0.000000
164  0.170123 -18.646660 -0.396448  -0.000001 -0.000001 0.000000
165  0.170125 -19.755756 -1.001145  -0.000001 -0.000001 0.000000
166  -0.015973 10.612516 2.686017  0.000001 -0.000000 -0.000000
167  0.059851 -50.160694 6.449378  1.570797 0.000000 -1.570797
168  0.064652 27.351284 72.195198  0.000000 -0.000000 -0.000001
169  6.064260 95.113998 31.645498  -0.000000 -0.000001 1.570796
170  0.054183 102.845627 29.795359  0.000000 0.000001 -1.570796
171  6.064257 69.096550 37.164310  1.570796 -0.000000 1.570796
172  1.974302 11.989230 4.589250  0.000000 -0.000000 -0.000000
173  -0.011481 23.944742 5.090360  0.000001 -0.000000 0.000000
174  -1.691251 8.833341 5.763506  0.000001 -0.000000 -0.000000
175  6.064261 89.329796 31.613914  -0.000000 -0.000001 1.570796
176  0.059886 2.255332 54.398006  0.000000 -0.000000 -0.000000
177  0.003497 -22.270643 0.000149  1.570797 0.000000 -1.570797
178  0.104010 15.380369 2.266151  0.000001 -0.000000 -0.000000
179  -0.000003 0.000047 0.000054  0.000000 0.000000 0.000000
180  0.000023 0.000002 -0.000006  0.000000 0.000000 0.000000
181  -2.662412 1.445756 33.628738  0.000000 3.141591 1.570796
182  8.352065 2.772897 0.000543  -3.141589 0.000002 -0.000000
183  -2.662412 1.445754 40.667957  0.000000 3.141591 1.570796
184  8.352066 2.772897 0.000541  -3.141589 0.000002 -0.000000
185  -1.431356 16.384777 4.137810  0.000001 0.000000 0.000000
186  -0.001844 0.521684 -0.140288  0.000000 -0.000000 -0.000000
187  7.323107 -5.136190 -5.166236  0.000000 0.000000 -0.610865
188  2.698277 -0.000001 0.000000  -0.000012 0.000000 0.000000
189  2.834157 -0.000002 0.000002  0.000013 0.000000 -0.000000
190  2.648921 -0.000002 0.000002  -0.000001 -0.000001 0.000000
191  2.667499 -0.000002 -0.000001  -0.000000 0.000000 0.000000
192  2.426704 -0.000001 0.000001  0.000000 0.000000 -0.000000
193  -0.494744 -44.353436 -1.302298  1.570797 0.000000 -1.570797
194  11.545938 73.768417 -3.792012  0.000000 -0.000000 -0.000000
195  -0.066955 -10.025105 -0.912535  0.000000 -0.000000 -0.000000
196  -0.000001 -0.000001 -1.529050  -0.000000 -0.000000 -0.000000
197  -0.078942 0.000000 -0.000001  0.000000 0.000001 1.570796
198  0.097092 -0.000000 -0.000001  -0.000000 -3.141592 1.570796
199  0.000000 0.000000 0.000000  0.000000 -0.000000 -0.000000
200  -1.865035 0.046453 -6.403627  0.449135 -0.077715 0.156827
201  3.049599 2.201635 -18.893576  0.449134 -0.077715 0.156828
time 37
0  0 0 0  0 0 0
1  0.000000 0.000000 0.000000  0.000000 -0.000000 -0.000000
2  -0.000005 0.000023 -61.375507  0.000000 0.000000 -1.570795
3  -0.012872 0.000000 8.235020  -1.570799 -1.570796 0.000000
4  16.163128 -0.012870 -0.000002  -0.000000 -0.000000 0.000000
5  -0.000000 0.000000 -0.000005  0.000000 -0.000000 -0.000000
6  -0.000034 -0.000002 -0.000000  0.266698 -0.115463 0.404501
7  -0.000007 -0.000005 0.000001  0.000000 0.000000 -0.338848
8  -0.000005 0.000001 0.000000  0.005127 -0.000000 -0.000000
9  -0.000001 0.000001 0.000000  0.010254 -0.000000 -0.000000
10  -0.000009 0.000001 0.000001  0.015382 -0.000000 -0.000000
11  -0.000005 0.000001 0.000001  0.020509 0.000000 -0.000000
12  -0.000009 0.000000 0.000000  0.025636 -0.000000 -0.000000
13  -0.000005 -0.000001 -0.000001  0.030764 -0.000000 -0.000000
14  -0.000009 -0.000001 -0.000000  0.035953 -0.000000 -0.000000
15  -0.000005 0.000002 0.000003  0.013974 -0.084797 0.232086
16  -0.000006 -0.000001 0.000001  -0.000000 -0.000001 -0.000000
17  -0.000002 -0.000001 0.000003  0.000000 0.000000 -0.000000
18  -0.000006 0.000001 0.000003  -0.000000 0.000000 -0.000000
19  -0.000001 0.000001 -0.000001  -0.000000 -0.000000 -0.000000
20  -0.000004 0.000003 -0.000001  0.000000 -0.000000 -0.000000
21  -0.000001 0.000001 0.000000  0.000000 0.000000 0.000000
22  -0.000009 0.000002 -0.000001  -0.000000 -0.000000 0.000000
23  3.672216 0.000004 -0.000001  0.000003 0.000001 0.142941
24  -0.000000 -0.000001 0.000001  -0.000000 0.000000 0.000000
25  -0.000001 0.000001 -0.000001  -0.000000 -0.000000 -0.000000
26  -0.000008 0.000001 0.000000  -0.000000 0.000000 0.000000
27  2.496794 0.000004 -0.000000  -0.000000 0.000000 -0.091107
28  -0.000001 -0.000000 0.000003  -0.000000 0.000000 0.000000
29  -0.000001 -0.000000 0.000000  -0.000000 -0.000000 -0.000000
30  2.199411 0.000000 0.000004  0.000001 0.000001 0.029263
31  0.000004 -0.000000 0.000003  0.000000 -0.000000 0.000000
32  -0.000019 -0.000001 0.000001  -0.032849 0.165597 0.016753
33  -0.000002 0.000001 -0.000001  0.000000 -0.000000 0.036380
34  0.000001 -0.000000 -0.000000  0.019044 0.000000 -0.000000
35  -0.000004 -0.000002 -0.000000  0.038150 0.000000 0.000000
36  0.000000 -0.000001 0.000001  0.057199 0.000000 0.000000
37  -0.000003 -0.000000 0.000000  0.076254 -0.000000 0.000000
38  -0.000004 0.000000 0.000001  0.095376 0.000000 -0.000000
39  -0.000004 -0.000000 0.000000  0.114446 -0.000000 -0.000000
40  -0.000004 -0.000002 0.000001  0.133526 0.000000 0.000000
41  -0.000007 -0.000004 -0.000001  0.211675 -0.128119 -0.025069
42  0.000003 -0.000000 0.000001  0.000001 0.000000 0.000000
43  3.954725 0.000011 0.000004  -0.000000 -0.000002 0.166320
44  -0.000001 -0.000001 -0.000001  -0.000000 -0.000000 -0.000000
45  -0.000000 -0.000001 -0.000001  0.000000 -0.000000 0.000000
46  0.000004 0.000000 -0.000000  -0.000000 0.000000 -0.000000
47  -0.000000 -0.000000 0.000000  -0.000000 0.000000 -0.000000
48  -0.000004 -0.000000 0.000000  0.000000 0.000000 0.000000
49  0.000003 -0.000000 0.000000  0.000000 -0.000000 0.000000
50  0.000003 -0.000000 0.000000  -0.000000 0.000000 -0.000000
51  -0.000004 0.000000 0.000000  -0.000000 0.000000 -0.000000
52  -0.000000 -0.000000 -0.000000  0.000000 -0.000000 -0.000000
53  0.000003 -0.000000 0.000000  -0.000000 0.000000 -0.000000
54  -0.000004 0.000000 0.000001  -0.000000 0.000000 -0.000000
55  -0.000000 0.000001 0.000000  0.000000 0.000000 -0.000000
56  2.307443 0.000000 -0.000002  0.000002 0.000001 -0.056419
57  0.000000 0.000000 -0.000000  0.000244 -0.000489 0.002380
58  2.440292 0.821671 -14.083395  0.360194 -0.083762 0.112802
59  0.071249 114.357040 62.238796  0.000000 -0.000000 -0.000000
60  1.986525 0.000013 -3.123741  -2.705260 -0.000000 -1.570797
61  -1.986692 0.000011 -3.123745  0.436333 0.000001 1.570797
62  -0.000001 -0.000010 -0.000011  0.000000 0.000000 0.000000
63  -1.986692 0.000007 -3.123740  0.436333 0.000001 1.570797
64  -11.344161 1.135883 0.869274  0.000002 -0.025020 -0.026324
65  1.986524 0.000006 -3.123736  -2.705260 -0.000000 -1.570797
66  -11.350037 -0.729422 0.864891  0.000197 -0.025367 0.026442
67  1.754236 4.036746 -1.682669  0.392575 -0.010120 -1.546363
68  -1.755141 4.036747 -1.682669  -0.392577 -0.010391 -1.594986
69  -0.164556 7.327705 3.928702  -0.000000 0.000001 -1.570796
70  0.079082 36.742699 -0.508024  0.000001 -0.000000 -0.000000
71  -1.260174 8.777411 6.736406  -0.000002 -0.424416 -3.141592
72  1.525193 18.283600 2.968622  0.000000 0.000000 -0.000000
73  0.060216 10.324392 74.469063  0.000008 0.000000 -0.000000
74  0.062808 75.918007 83.075439  1.570797 0.000000 -1.570796
75  4.804183 -3.971742 -0.000001  -0.000000 0.000000 -0.000001
76  -7.041569 -5.025987 0.000000  -0.000000 -0.000000 -0.000000
77  8.407181 -3.978439 0.003054  -1.570796 1.570795 0.000000
78  10.376186 -3.978445 0.003055  -1.570796 1.570796 0.000000
79  10.194013 -0.314055 -1.749549  -1.570796 1.570796 0.000000
80  20.857887 -4.015562 0.000002  0.000000 -0.000000 0.000000
81  3.258442 5.856956 -3.403524  -0.000000 -0.000000 -0.000000
82  15.153048 5.860582 -3.403522  -0.000000 -0.000000 -0.000000
83  6.064258 77.294968 36.365795  1.570796 -0.000000 1.570796
84  -2.662412 1.445755 40.667961  -0.000000 3.141591 1.570796
85  8.352067 2.772896 0.000544  -3.141589 0.000002 -0.000000
86  6.064257 72.973709 32.593246  1.570796 -0.000000 1.570796
87  0.004366 73.768433 -3.792010  0.000000 0.000000 0.000000
88  -0.442608 1.284887 8.535288  0.000000 -0.000001 0.000000
89  0.000001 1.310211 0.000001  0.000000 0.000000 0.000000
90  0.000001 0.582264 0.000002  0.000000 0.000000 0.000000
91  0.036298 1.284887 7.928795  0.000000 -0.000001 0.000000
92  0.000001 1.310207 0.000002  0.000000 0.000000 0.000000
93  0.000000 0.582260 0.000003  0.000000 0.000000 0.000000
94  5.969323 3.427455 -6.170649  -0.000000 -0.000001 -1.570797
95  -1.310205 0.000000 0.000002  0.000000 -0.000000 -0.000000
96  -0.582251 -0.000001 0.000001  0.000000 -0.000000 -0.000000
97  5.969323 9.397398 -6.170659  -0.000000 -0.000001 -1.570796
98  -1.310208 -0.000000 0.000002  0.000000 0.000000 -0.000000
99  -0.582261 -0.000001 0.000001  0.000000 0.000000 -0.000000
100  5.969321 15.223767 -6.170667  -0.000000 -0.000001 -1.570796
101  -1.310205 0.000000 0.000003  -0.000000 0.000000 -0.000000
102  -0.582251 -0.000000 0.000001  -0.000000 0.000000 -0.000000
103  5.969323 20.835571 -6.170670  -0.000000 -0.000001 -1.570796
104  -1.310214 0.000000 0.000002  -0.000000 0.000000 -0.000000
105  -0.582268 -0.000001 0.000003  -0.000000 0.000000 -0.000000
106  5.969323 26.771206 -6.170671  -0.000000 -0.000001 -1.570796
107  5.969323 32.597595 -6.170675  -0.000000 -0.000001 -1.570796
108  5.969324 38.209404 -6.170684  0.000000 -0.000001 -1.570800
109  5.969322 49.488464 -6.170681  0.000000 -0.000001 -1.570800
110  -0.539090 -0.556810 -0.017362  -0.042462 2.681156 1.551919
111  -6.799123 -0.556805 0.818551  -0.272420 2.701993 1.452460
112  -4.615283 -0.556821 0.270328  -0.117230 2.684609 1.518878
113  -2.650969 -0.556806 0.063010  -0.042463 2.681158 1.551919
114  27.110336 1.284859 12.007548  0.000000 -0.000000 0.000000
115  28.133427 1.284851 12.007548  0.000001 -0.000000 0.000000
116  12.812887 2.241787 12.007550  0.000000 -0.000001 -0.000001
117  -9.955968 -0.319620 4.380214  -0.000001 -0.000000 -0.000001
118  -11.316473 -0.319624 4.380218  -0.000003 -0.000000 -0.000000
119  -12.667810 -0.319620 4.380215  -0.000003 -0.000000 0.000001
120  -14.022141 -0.319621 4.380217  0.000010 -0.000000 -0.000011
121  -15.373240 -0.319623 4.380216  0.000015 -0.000000 -0.000015
122  -16.724144 -0.319621 4.380216  -0.000009 -0.000000 0.000006
123  -18.074575 -0.319616 4.380215  -0.000006 -0.000000 0.000004
124  -19.423716 -0.319623 4.380216  0.000002 0.000000 -0.000004
125  -20.775272 -0.319618 4.380215  0.000003 0.000000 -0.000004
126  -22.126673 -0.319619 4.380218  0.000003 -0.000000 -0.000004
127  -23.478123 -0.319618 4.380217  0.000005 -0.000000 -0.000006
128  -24.830618 -0.319619 4.380217  0.000036 -0.000000 -0.000038
129  -26.182028 -0.319615 4.380216  -0.000011 0.000000 0.000011
130  0.529180 -0.167130 0.629485  -0.101270 -0.000000 0.000000
131  -0.211444 -0.241680 0.155361  -0.145847 -0.000000 0.000000
132  0.529189 -0.280705 -0.110290  -0.145847 -0.000000 0.000000
133  -0.173926 -0.337322 -0.638495  -0.181751 -0.000000 0.000000
134  0.529189 -0.399244 -0.975392  -0.181751 -0.000000 0.000000
135  -0.211444 -0.464475 -1.431041  -0.192399 -0.000000 0.000000
136  0.529189 -0.515807 -1.694581  -0.192399 -0.000000 0.000000
137  -0.173928 -0.612154 -2.231910  -0.216703 -0.000000 0.000000
138  0.529188 -0.685804 -2.566440  -0.216703 -0.000000 0.000000
139  -0.211446 -0.769564 -3.027870  -0.237349 -0.000000 0.000000
140  0.529187 -0.832684 -3.288846  -0.237349 -0.000000 0.000000
141  -0.173937 -0.945281 -3.779562  -0.233859 0.000000 0.000000
142  0.529179 -1.024659 -4.112779  -0.233859 0.000000 0.000000
143  -0.211443 -1.132181 -4.577549  -0.262919 -0.000000 0.000000
144  0.529189 -1.201971 -4.836822  -0.262919 0.000000 0.000000
145  -0.000005 -2.810950 -10.636627  0.258454 0.000000 3.141592
146  -0.192455 -1.345779 -5.370045  -0.280373 0.000000 0.000000
147  0.533985 -1.413507 -5.605106  -0.276883 0.000000 0.000000
148  -0.206617 -1.795756 -6.909779  -0.287354 0.000000 0.000000
149  -0.205805 -1.564813 -6.138257  -0.290843 0.000000 0.000000
150  0.530460 -1.643672 -6.395215  -0.290844 0.000000 0.000000
151  0.535312 -1.790712 -7.204133  -0.287354 -0.000000 0.000000
152  -0.202703 -2.030484 -7.702831  -0.286180 -0.000000 0.000000
153  0.509548 -2.118897 -8.011622  -0.298398 -0.000000 0.000000
154  -0.202703 -2.255268 -8.465175  -0.283134 -0.000000 0.000000
155  0.509548 -2.352973 -8.771159  -0.295352 -0.000000 0.000000
156  -0.202704 -2.481595 -9.235470  -0.285437 -0.000000 0.000000
157  0.509546 -2.588684 -9.538635  -0.297654 -0.000000 0.000000
158  0.170122 -21.222092 -1.001139  -0.000001 -0.000001 0.000000
159  0.170122 -20.843863 -0.397181  -0.000001 -0.000001 0.000000
160  0.170122 -20.489746 -1.001140  -0.000001 -0.000001 0.000000
161  0.170124 -20.111069 -0.397182  -0.000001 -0.000001 0.000000
162  0.170123 -19.380087 -0.397185  -0.000001 -0.000001 0.000000
163  0.170123 -19.025103 -1.001146  -0.000001 -0.000001 0.000000
164  0.170123 -18.646660 -0.396446  -0.000001 -0.000001 0.000000
165  0.170124 -19.755762 -1.001140  -0.000001 -0.000001 0.000000
166  -0.015973 10.612518 2.686017  0.000001 0.000000 -0.000000
167  0.059850 -50.160706 6.449382  1.570797 0.000000 -1.570797
168  0.064652 27.351290 72.195213  -0.000000 -0.000000 -0.000001
169  6.064263 95.114029 31.645500  0.000000 -0.000001 1.570796
170  0.054185 102.845650 29.795362  -0.000000 0.000001 -1.570796
171  6.064257 69.096565 37.164322  1.570796 -0.000000 1.570796
172  1.974303 11.989236 4.589250  0.000000 0.000000 -0.000000
173  -0.011480 23.944750 5.090361  0.000001 0.000000 0.000000
174  -1.691251 8.833343 5.763507  0.000001 0.000000 -0.000000
175  6.064261 89.329819 31.613920  0.000000 -0.000001 1.570796
176  0.059886 2.255336 54.398018  0.000000 0.000000 -0.000000
177  0.003496 -22.270651 0.000148  1.570797 -0.000000 -1.570797
178  0.104010 15.380373 2.266152  0.000001 -0.000000 -0.000000
179  -0.000002 0.000047 0.000052  0.000000 0.000000 0.000000
180  0.000021 -0.000000 -0.000007  -0.000000 -0.000000 0.000000
181  -2.662413 1.445758 33.628746  -0.000000 3.141591 1.570796
182  8.352068 2.772897 0.000542  -3.141589 0.000002 -0.000000
183  -2.662412 1.445755 40.667961  -0.000000 3.141591 1.570796
184  8.352067 2.772896 0.000544  -3.141589 0.000002 -0.000000
185  -1.431356 16.384783 4.137811  0.000001 0.000000 0.000000
186  -0.001845 0.521684 -0.140291  0.000000 0.000000 -0.000000
187  7.323109 -5.136191 -5.166240  -0.000000 0.000000 -0.610865
188  2.698278 -0.000001 0.000001  -0.000012 0.000000 0.000000
189  2.834160 -0.000001 0.000001  0.000013 0.000000 0.000000
190  2.648917 -0.000002 0.000002  -0.000001 -0.000001 0.000000
191  2.667497 -0.000001 0.000000  -0.000000 0.000000 -0.000000
192  2.426698 -0.000003 0.000000  -0.000000 0.000000 -0.000000
193  -0.494744 -44.353451 -1.302299  1.570797 -0.000000 -1.570797
194  11.545938 73.768425 -3.792013  0.000000 0.000000 -0.000000
195  -0.066955 -10.025105 -0.912535  0.000000 0.000000 -0.000000
196  -0.000000 0.000000 -1.529051  -0.000001 0.000000 -0.000000
197  -0.078942 0.000000 -0.000002  0.000000 0.000001 1.570796
198  0.097091 0.000000 -0.000001  -0.000000 -3.141592 1.570796
199  0.000000 0.000000 0.000000  0.000000 -0.000000 -0.000000
200  -0.863318 -0.061624 -5.011365  0.360194 -0.083762 0.112802
201  2.773428 1.008105 -14.950216  0.360194 -0.083762 0.112802
time 38
0  0 0 0  0 0 0
1  0.000000 0.000000 0.000000  0.000000 -0.000000 -0.000000
2  -0.000005 0.000023 -61.375507  0.000000 0.000000 -1.570795
3  -0.012872 0.000000 8.235020  -1.570799 -1.570796 0.000000
4  16.163128 -0.012870 -0.000002  -0.000000 -0.000000 0.000000
5  -0.000000 0.000000 -0.000005  0.000000 -0.000000 -0.000000
6  -0.000034 -0.000002 -0.000000  0.191415 -0.069462 0.317283
7  -0.000002 -0.000007 0.000001  0.000000 0.000000 -0.261433
8  0.000001 0.000000 0.000000  0.003052 -0.000000 -0.000000
9  0.000005 0.000000 0.000000  0.006165 -0.000000 -0.000000
10  -0.000003 0.000000 0.000001  0.009278 -0.000000 -0.000000
11  0.000001 0.000000 0.000001  0.012391 0.000000 -0.000000
12  0.000001 -0.000000 -0.000000  0.015504 -0.000000 -0.000000
13  0.000001 -0.000001 -0.000001  0.018616 -0.000000 -0.000000
14  0.000001 -0.000002 -0.000000  0.021730 -0.000000 -0.000000
15  0.000001 0.000002 0.000003  0.014153 -0.025951 0.184307
16  -0.000004 0.000000 0.000001  -0.000000 -0.000001 -0.000000
17  -0.000004 0.000002 0.000003  0.000000 0.000000 -0.000000
18  0.000000 0.000001 0.000003  -0.000000 -0.000000 -0.000000
19  0.000001 0.000003 -0.000001  -0.000000 -0.000000 -0.000000
20  -0.000003 0.000002 -0.000001  0.000000 -0.000000 -0.000000
21  -0.000003 0.000001 -0.000000  0.000000 0.000000 0.000000
22  -0.000003 0.000002 -0.000001  -0.000000 -0.000000 -0.000000
23  3.672210 0.000003 -0.000002  0.000003 0.000001 0.142941
24  -0.000001 -0.000002 0.000000  0.000000 0.000000 0.000000
25  0.000005 0.000002 -0.000002  0.000000 -0.000000 -0.000000
26  -0.000003 0.000002 0.000001  -0.000000 0.000000 -0.000000
27  2.496789 0.000005 -0.000000  0.000000 0.000000 -0.091107
28  0.000005 0.000001 0.000002  -0.000000 0.000000 -0.000000
29  -0.000003 0.000001 0.000001  -0.000000 -0.000000 -0.000000
30  2.199407 0.000001 0.000003  0.000001 0.000001 0.029263
31  0.000004 -0.000000 0.000003  0.000000 -0.000000 0.000000
32  -0.000019 -0.000001 0.000001  -0.029527 0.120932 -0.008943
33  -0.000004 0.000001 0.000000  0.000000 -0.000000 0.033145
34  -0.000003 0.000000 -0.000000  0.018372 0.000000 -0.000000
35  -0.000007 -0.000002 -0.000000  0.036746 0.000000 0.000000
36  -0.000007 -0.000001 0.000001  0.055184 0.000000 0.000000
37  -0.000003 -0.000000 0.000000  0.073566 -0.000000 0.000000
38  -0.000007 0.000000 0.000001  0.091954 -0.000000 -0.000000
39  -0.000007 0.000000 0.000000  0.110350 -0.000000 -0.000000
40  -0.000007 -0.000001 0.000001  0.128755 0.000000 0.000000
41  -0.000011 -0.000004 -0.000001  0.163933 -0.069667 0.003222
42  -0.000002 -0.000000 0.000000  0.000001 0.000000 0.000000
43  3.954718 0.000011 0.000004  -0.000000 -0.000002 0.166319
44  -0.000005 -0.000001 -0.000001  -0.000000 -0.000000 -0.000000
45  -0.000002 -0.000002 -0.000001  0.000000 -0.000000 0.000000
46  -0.000002 0.000000 0.000000  0.000000 0.000000 -0.000000
47  -0.000009 -0.000000 -0.000001  -0.000000 0.000000 -0.000000
48  0.000002 -0.000000 0.000000  0.000000 0.000000 0.000000
49  -0.000002 -0.000000 0.000000  0.000000 -0.000000 -0.000000
50  -0.000006 -0.000000 -0.000001  -0.000000 -0.000000 -0.000000
51  -0.000005 0.000000 -0.000000  -0.000000 0.000000 -0.000000
52  -0.000002 -0.000000 -0.000000  0.000000 -0.000000 -0.000000
53  -0.000005 -0.000000 0.000000  -0.000000 0.000000 -0.000000
54  -0.000009 0.000000 0.000000  -0.000000 -0.000000 -0.000000
55  -0.000002 0.000001 0.000000  0.000000 -0.000000 -0.000000
56  2.307432 0.000000 -0.000002  0.000002 0.000001 -0.056419
57  0.000000 0.000000 -0.000000  -0.001464 0.000612 0.002136
58  2.254211 -0.065567 -10.577025  0.272969 -0.085503 0.081398
59  0.071249 114.357040 62.238792  0.000000 -0.000000 -0.000000
60  1.986524 0.000016 -3.123737  -2.705260 -0.000000 -1.570797
61  -1.986692 0.000019 -3.123742  0.436333 0.000001 1.570797
62  -0.000000 -0.000003 -0.000000  0.000000 -0.000000 0.000000
63  -1.986694 0.000010 -3.123735  0.436333 0.000001 1.570797
64  -11.344149 1.135890 0.869278  0.000002 -0.025019 -0.026324
65  1.986523 -0.000001 -3.123729  -2.705260 -0.000000 -1.570797
66  -11.350047 -0.729427 0.864872  0.000197 -0.025367 0.026442
67  1.754235 4.036748 -1.682665  0.392575 -0.010120 -1.546362
68  -1.755141 4.036752 -1.682666  -0.392577 -0.010391 -1.594986
69  -0.164555 7.327704 3.928703  0.000000 0.000001 -1.570796
70  0.079082 36.742687 -0.508021  0.000001 -0.000000 -0.000000
71  -1.260173 8.777409 6.736406  -0.000002 -0.424416 -3.141592
72  1.525193 18.283598 2.968622  0.000000 -0.000000 -0.000000
73  0.060217 10.324389 74.469055  0.000008 -0.000000 -0.000000
74  0.062810 75.917999 83.075439  1.570797 0.000000 -1.570796
75  4.804183 -3.971739 -0.000001  -0.000000 0.000000 -0.000000
76  -7.041567 -5.025992 0.000001  -0.000000 -0.000000 -0.000000
77  8.407183 -3.978435 0.003054  -1.570796 1.570795 0.000000
78  10.376189 -3.978436 0.003054  -1.570796 1.570796 0.000000
79  10.194016 -0.314061 -1.749549  -1.570796 1.570796 0.000000
80  20.857887 -4.015566 0.000002  0.000000 -0.000000 0.000000
81  3.258444 5.856954 -3.403524  -0.000000 -0.000000 -0.000000
82  15.153050 5.860584 -3.403522  -0.000000 -0.000000 0.000000
83  6.064256 77.294945 36.365791  1.570796 -0.000000 1.570796
84  -2.662411 1.445755 40.667957  0.000000 3.141591 1.570796
85  8.352068 2.772897 0.000540  -3.141589 0.000002 0.000000
86  6.064256 72.973686 32.593250  1.570796 -0.000000 1.570796
87  0.004366 73.768425 -3.792010  0.000000 0.000000 0.000000
88  -0.442609 1.284880 8.535289  -0.000000 -0.000001 0.000000
89  0.000001 1.310215 -0.000003  0.000000 0.000000 0.000000
90  0.000000 0.582256 -0.000001  0.000000 0.000000 0.000000
91  0.036297 1.284885 7.928796  -0.000000 -0.000001 0.000000
92  0.000001 1.310213 -0.000001  0.000000 0.000000 0.000000
93  -0.000000 0.582261 0.000001  0.000000 0.000000 0.000000
94  5.969323 3.427462 -6.170654  -0.000000 -0.000001 -1.570797
95  -1.310219 0.000001 -0.000001  0.000000 -0.000000 -0.000000
96  -0.582267 0.000000 -0.000000  0.000000 -0.000000 -0.000000
97  5.969322 9.397404 -6.170660  -0.000000 -0.000001 -1.570796
98  -1.310204 0.000001 -0.000000  0.000000 0.000000 -0.000000
99  -0.582252 0.000001 0.000001  0.000000 0.000000 -0.000000
100  5.969321 15.223763 -6.170670  0.000000 -0.000001 -1.570796
101  -1.310206 0.000002 -0.000002  -0.000000 0.000000 -0.000000
102  -0.582254 0.000001 -0.000001  -0.000000 0.000000 -0.000000
103  5.969323 20.835573 -6.170673  0.000000 -0.000001 -1.570796
104  -1.310208 0.000002 -0.000003  -0.000000 0.000000 -0.000000
105  -0.582249 0.000000 0.000000  -0.000000 0.000000 -0.000000
106  5.969323 26.771204 -6.170673  0.000000 -0.000001 -1.570796
107  5.969323 32.597595 -6.170677  0.000000 -0.000001 -1.570796
108  5.969323 38.209396 -6.170688  -0.000000 -0.000001 -1.570800
109  5.969322 49.488464 -6.170686  -0.000000 -0.000001 -1.570800
110  -0.539090 -0.556804 -0.017365  -0.042462 2.681156 1.551919
111  -6.799124 -0.556807 0.818549  -0.272420 2.701993 1.452460
112  -4.615282 -0.556827 0.270327  -0.117230 2.684609 1.518878
113  -2.650968 -0.556804 0.063008  -0.042463 2.681158 1.551919
114  27.110334 1.284851 12.007545  -0.000000 -0.000000 -0.000000
115  28.133425 1.284856 12.007545  0.000001 -0.000000 -0.000000
116  12.812885 2.241786 12.007548  -0.000000 -0.000001 -0.000001
117  -9.955967 -0.319621 4.380214  -0.000001 -0.000000 -0.000001
118  -11.316472 -0.319619 4.380213  -0.000003 -0.000000 0.000000
119  -12.667811 -0.319618 4.380213  -0.000003 -0.000000 0.000001
120  -14.022141 -0.319622 4.380213  0.000010 -0.000000 -0.000011
121  -15.373240 -0.319616 4.380212  0.000015 -0.000000 -0.000015
122  -16.724142 -0.319618 4.380211  -0.000009 -0.000000 0.000006
123  -18.074570 -0.319620 4.380214  -0.000006 -0.000000 0.000004
124  -19.423714 -0.319614 4.380211  0.000002 0.000000 -0.000004
125  -20.775269 -0.319611 4.380211  0.000003 0.000000 -0.000004
126  -22.126669 -0.319613 4.380213  0.000003 0.000000 -0.000004
127  -23.478121 -0.319611 4.380213  0.000005 -0.000000 -0.000006
128  -24.830618 -0.319612 4.380212  0.000036 -0.000000 -0.000038
129  -26.182026 -0.319613 4.380212  -0.000011 -0.000000 0.000011
130  0.529180 -0.167122 0.629481  -0.101270 -0.000000 0.000000
131  -0.211444 -0.241687 0.155361  -0.145847 -0.000000 0.000000
132  0.529190 -0.280697 -0.110295  -0.145847 -0.000000 0.000000
133  -0.173926 -0.337323 -0.638497  -0.181751 -0.000000 0.000000
134  0.529188 -0.399252 -0.975395  -0.181751 -0.000000 0.000000
135  -0.211444 -0.464474 -1.431043  -0.192399 -0.000000 0.000000
136  0.529189 -0.515804 -1.694585  -0.192400 -0.000000 0.000000
137  -0.173928 -0.612145 -2.231914  -0.216703 -0.000000 0.000000
138  0.529188 -0.685799 -2.566442  -0.216703 -0.000000 0.000000
139  -0.211446 -0.769561 -3.027872  -0.237349 -0.000000 0.000000
140  0.529188 -0.832692 -3.288848  -0.237349 -0.000000 0.000000
141  -0.173937 -0.945274 -3.779567  -0.233859 0.000000 0.000000
142  0.529179 -1.024661 -4.112780  -0.233859 0.000000 0.000000
143  -0.211444 -1.132190 -4.577547  -0.262919 -0.000000 0.000000
144  0.529190 -1.201959 -4.836828  -0.262919 0.000000 0.000000
145  -0.000004 -2.810940 -10.636631  0.258454 0.000000 3.141592
146  -0.192455 -1.345779 -5.370046  -0.280373 0.000000 0.000000
147  0.533983 -1.413513 -5.605104  -0.276883 0.000000 0.000000
148  -0.206618 -1.795754 -6.909781  -0.287354 0.000000 0.000000
149  -0.205805 -1.564818 -6.138258  -0.290843 0.000000 0.000000
150  0.530460 -1.643669 -6.395217  -0.290844 0.000000 0.000000
151  0.535311 -1.790708 -7.204134  -0.287354 -0.000000 0.000000
152  -0.202704 -2.030493 -7.702830  -0.286180 -0.000000 0.000000
153  0.509547 -2.118898 -8.011624  -0.298398 -0.000000 0.000000
154  -0.202704 -2.255284 -8.465172  -0.283134 -0.000000 0.000000
155  0.509547 -2.352984 -8.771160  -0.295352 -0.000000 0.000000
156  -0.202704 -2.481589 -9.235473  -0.285437 -0.000000 0.000000
157  0.509546 -2.588680 -9.538639  -0.297654 -0.000000 0.000000
158  0.170122 -21.222090 -1.001141  -0.000001 -0.000001 0.000000
159  0.170122 -20.843866 -0.397183  -0.000001 -0.000001 0.000000
160  0.170123 -20.489740 -1.001143  -0.000001 -0.000001 0.000000
161  0.170123 -20.111071 -0.397183  -0.000001 -0.000001 0.000000
162  0.170123 -19.380081 -0.397189  -0.000001 -0.000001 0.000000
163  0.170123 -19.025103 -1.001148  -0.000001 -0.000001 0.000000
164  0.170122 -18.646658 -0.396448  -0.000001 -0.000001 0.000000
165  0.170124 -19.755756 -1.001143  -0.000001 -0.000001 0.000000
166  -0.015973 10.612517 2.686018  0.000001 -0.000000 -0.000000
167  0.059851 -50.160706 6.449382  1.570797 -0.000000 -1.570797
168  0.064652 27.351290 72.195198  -0.000000 -0.000000 -0.000001
169  6.064261 95.114006 31.645498  -0.000000 -0.000001 1.570796
170  0.054186 102.845642 29.795362  0.000000 0.000001 -1.570796
171  6.064257 69.096558 37.164318  1.570796 -0.000000 1.570796
172  1.974303 11.989234 4.589251  0.000000 -0.000000 -0.000000
173  -0.011480 23.944746 5.090362  0.000001 0.000000 0.000000
174  -1.691250 8.833342 5.763508  0.000001 -0.000000 -0.000000
175  6.064261 89.329803 31.613918  -0.000000 -0.000001 1.570796
176  0.059886 2.255333 54.398010  0.000000 -0.000000 -0.000000
177  0.003497 -22.270643 0.000149  1.570797 -0.000000 -1.570797
178  0.104011 15.380370 2.266153  0.000001 -0.000000 -0.000000
179  -0.000002 0.000048 0.000052  0.000000 0.000000 0.000000
180  0.000023 0.000002 -0.000009  -0.000000 0.000000 0.000000
181  -2.662412 1.445757 33.628746  0.000000 3.141591 1.570796
182  8.352067 2.772897 0.000542  -3.141589 0.000002 0.000000
183  -2.662411 1.445755 40.667957  0.000000 3.141591 1.570796
184  8.352068 2.772897 0.000540  -3.141589 0.000002 0.000000
185  -1.431356 16.384779 4.137812  0.000001 0.000000 0.000000
186  -0.001844 0.521683 -0.140288  0.000000 -0.000000 -0.000000
187  7.323109 -5.136192 -5.166237  0.000000 0.000000 -0.610865
188  2.698278 -0.000001 0.000001  -0.000012 0.000000 0.000000
189  2.834158 -0.000000 -0.000001  0.000013 0.000000 0.000000
190  2.648918 -0.000001 -0.000000  -0.000001 -0.000001 0.000000
191  2.667498 -0.000002 0.000002  -0.000000 -0.000000 0.000000
192  2.426701 -0.000003 -0.000000  -0.000000 0.000000 -0.000000
193  -0.494743 -44.353447 -1.302298  1.570797 -0.000000 -1.570797
194  11.545939 73.768425 -3.792011  0.000000 -0.000000 -0.000000
195  -0.066954 -10.025107 -0.912532  0.000000 -0.000000 -0.000000
196  0.000000 -0.000000 -1.529051  -0.000000 -0.000000 -0.000000
197  -0.078942 -0.000000 -0.000001  0.000000 0.000001 1.570796
198  0.097092 0.000001 -0.000002  -0.000000 -3.141592 1.570796
199  0.000000 0.000000 0.000000  0.000000 -0.000000 -0.000000
200  -0.114956 -0.360776 -3.743135  0.272969 -0.085503 0.081398
201  2.473899 0.019978 -11.164377  0.272969 -0.085503 0.081398
time 39
0  0 0 0  0 0 0
1  0.000000 0.000000 0.000000  0.000000 -0.000000 -0.000000
2  -0.000005 0.000023 -61.375507  0.000000 0.000000 -1.570795
3  -0.012872 0.000000 8.235020  -1.570799 -1.570796 0.000000
4  16.163128 -0.012870 -0.000002  -0.000000 -0.000000 0.000000
5  -0.000000 0.000000 -0.000005  0.000000 -0.000000 -0.000000
6  -0.000034 -0.000002 -0.000000  0.124920 -0.035415 0.230557
7  0.000005 -0.000007 0.000001  0.000000 0.000000 -0.173563
8  0.000001 0.000001 0.000000  0.001953 -0.000000 -0.000000
9  0.000001 0.000001 0.000000  0.003967 -0.000000 -0.000000
10  0.000001 0.000000 0.000001  0.005982 -0.000000 -0.000000
11  0.000001 0.000000 0.000001  0.007996 0.000000 -0.000000
12  0.000001 0.000000 -0.000000  0.010010 -0.000000 -0.000000
13  -0.000003 -0.000001 -0.000001  0.012024 -0.000000 -0.000000
14  0.000000 -0.000001 -0.000000  0.014039 -0.000000 -0.000000
15  0.000001 0.000002 0.000003  0.013405 0.009010 0.124660
16  -0.000004 -0.000002 0.000001  -0.000000 -0.000001 -0.000000
17  -0.000008 0.000000 0.000004  0.000000 0.000000 -0.000000
18  -0.000004 0.000001 0.000003  -0.000000 0.000000 -0.000000
19  0.000001 0.000001 -0.000002  -0.000000 -0.000000 -0.000000
20  -0.000003 0.000001 -0.000000  0.000000 -0.000000 -0.000000
21  -0.000003 0.000001 -0.000000  -0.000000 0.000000 0.000000
22  -0.000003 -0.000000 -0.000002  -0.000000 -0.000000 0.000000
23  3.672213 0.000003 -0.000001  0.000003 0.000001 0.142941
24  -0.000003 0.000000 0.000001  0.000000 0.000000 -0.000000
25  0.000001 0.000001 -0.000002  -0.000000 -0.000000 -0.000000
26  -0.000003 0.000000 0.000001  -0.000000 0.000000 0.000000
27  2.496794 0.000004 -0.000000  0.000000 0.000000 -0.091107
28  0.000000 -0.000000 0.000002  -0.000000 0.000000 0.000000
29  0.000001 0.000001 0.000000  -0.000000 -0.000000 -0.000000
30  2.199414 0.000001 0.000004  0.000001 0.000001 0.029263
31  0.000004 -0.000000 0.000003  0.000000 -0.000000 0.000000
32  -0.000019 -0.000001 0.000001  -0.024704 0.078848 -0.028465
33  0.000002 0.000001 0.000000  0.000000 -0.000000 0.043523
34  -0.000001 0.000000 -0.000000  0.014039 0.000000 -0.000000
35  -0.000001 -0.000002 0.000000  0.028078 0.000000 0.000000
36  -0.000005 -0.000001 0.000001  0.042180 0.000000 0.000000
37  -0.000001 -0.000000 0.000000  0.056222 0.000000 0.000000
38  -0.000008 0.000000 0.000000  0.070268 0.000000 -0.000000
39  -0.000005 -0.000000 0.000000  0.084317 -0.000000 -0.000000
40  -0.000005 -0.000001 0.000001  0.098431 0.000000 0.000000
41  -0.000008 -0.000004 -0.000001  0.118239 -0.031458 0.004620
42  -0.000004 -0.000000 0.000000  0.000001 0.000000 0.000000
43  3.954721 0.000011 0.000004  -0.000000 -0.000002 0.166320
44  0.000004 -0.000002 -0.000001  -0.000000 -0.000000 -0.000000
45  0.000004 -0.000002 -0.000001  0.000000 -0.000000 0.000000
46  -0.000004 0.000000 0.000000  0.000000 0.000000 -0.000000
47  -0.000004 -0.000000 -0.000000  0.000000 0.000000 -0.000000
48  -0.000000 -0.000001 -0.000000  0.000000 0.000000 0.000000
49  -0.000000 -0.000000 -0.000000  0.000000 -0.000000 -0.000000
50  -0.000000 -0.000000 -0.000000  0.000000 0.000000 -0.000000
51  -0.000004 0.000000 0.000000  -0.000000 0.000000 -0.000000
52  -0.000000 -0.000000 -0.000000  0.000000 -0.000000 -0.000000
53  -0.000004 -0.000000 0.000000  0.000000 0.000000 -0.000000
54  -0.000004 0.000000 0.000000  -0.000000 -0.000000 -0.000000
55  -0.000004 0.000001 0.000000  0.000000 -0.000000 -0.000000
56  2.307435 0.000000 -0.000002  0.000002 0.000001 -0.056419
57  0.000000 0.000000 -0.000000  -0.003173 0.001711 0.001401
58  1.991338 -0.778603 -7.437087  0.192964 -0.077139 0.060907
59  0.071249 114.357033 62.238785  -0.000000 -0.000000 -0.000000
60  1.986524 0.000013 -3.123737  -2.705260 -0.000000 -1.570797
61  -1.986694 0.000010 -3.123749  0.436333 0.000001 1.570797
62  -0.000001 -0.000005 -0.000012  0.000000 -0.000000 0.000000
63  -1.986692 0.000025 -3.123741  0.436333 0.000001 1.570797
64  -11.344172 1.135885 0.869281  0.000002 -0.025019 -0.026324
65  1.986524 0.000021 -3.123737  -2.705260 -0.000000 -1.570797
66  -11.350045 -0.729422 0.864897  0.000197 -0.025367 0.026442
67  1.754237 4.036765 -1.682670  0.392575 -0.010120 -1.546362
68  -1.755140 4.036770 -1.682670  -0.392577 -0.010391 -1.594986
69  -0.164556 7.327703 3.928703  0.000000 0.000001 -1.570796
70  0.079082 36.742695 -0.508023  0.000001 -0.000000 -0.000000
71  -1.260174 8.777410 6.736406  -0.000002 -0.424416 -3.141592
72  1.525193 18.283596 2.968622  0.000000 -0.000000 0.000000
73  0.060217 10.324389 74.469055  0.000008 -0.000000 0.000000
74  0.062808 75.917999 83.075432  1.570797 -0.000000 -1.570796
75  4.804181 -3.971740 0.000000  -0.000000 0.000000 -0.000000
76  -7.041566 -5.025991 0.000001  -0.000000 -0.000000 -0.000000
77  8.407182 -3.978429 0.003054  -1.570796 1.570795 0.000000
78  10.376194 -3.978436 0.003057  -1.570796 1.570796 0.000000
79  10.194018 -0.314057 -1.749547  -1.570796 1.570796 0.000000
80  20.857889 -4.015562 0.000003  0.000000 -0.000000 -0.000000
81  3.258444 5.856958 -3.403523  -0.000000 -0.000000 -0.000000
82  15.153053 5.860583 -3.403520  0.000000 -0.000000 0.000000
83  6.064256 77.294960 36.365795  1.570796 0.000000 1.570796
84  -2.662412 1.445753 40.667953  0.000000 3.141591 1.570796
85  8.352066 2.772897 0.000541  -3.141589 0.000002 0.000000
86  6.064256 72.973694 32.593250  1.570796 0.000000 1.570796
87  0.004365 73.768417 -3.792007  0.000000 -0.000000 0.000000
88  -0.442609 1.284874 8.535291  0.000000 -0.000001 0.000000
89  0.000001 1.310211 -0.000001  0.000000 -0.000000 0.000000
90  0.000001 0.582264 0.000000  0.000000 -0.000000 0.000000
91  0.036297 1.284874 7.928800  0.000000 -0.000001 0.000000
92  0.000000 1.310218 -0.000000  0.000000 -0.000000 0.000000
93  -0.000000 0.582264 -0.000000  0.000000 -0.000000 0.000000
94  5.969323 3.427453 -6.170650  -0.000000 -0.000001 -1.570797
95  -1.310213 0.000001 -0.000000  0.000000 -0.000000 -0.000000
96  -0.582258 0.000000 0.000000  0.000000 -0.000000 -0.000000
97  5.969322 9.397387 -6.170658  -0.000000 -0.000001 -1.570796
98  -1.310205 0.000000 0.000000  0.000000 0.000000 -0.000000
99  -0.582251 -0.000001 -0.000000  0.000000 0.000000 -0.000000
100  5.969322 15.223770 -6.170670  0.000000 -0.000001 -1.570796
101  -1.310210 0.000002 0.000001  -0.000000 0.000000 -0.000000
102  -0.582256 0.000001 0.000001  -0.000000 0.000001 -0.000000
103  5.969323 20.835562 -6.170669  0.000000 -0.000001 -1.570796
104  -1.310216 0.000001 0.000000  -0.000000 0.000000 -0.000000
105  -0.582262 0.000000 0.000002  -0.000000 0.000001 -0.000000
106  5.969324 26.771208 -6.170673  0.000000 -0.000001 -1.570796
107  5.969323 32.597595 -6.170675  0.000000 -0.000001 -1.570796
108  5.969324 38.209393 -6.170686  0.000000 -0.000001 -1.570800
109  5.969322 49.488457 -6.170684  0.000000 -0.000001 -1.570800
110  -0.539090 -0.556811 -0.017362  -0.042462 2.681156 1.551919
111  -6.799123 -0.556812 0.818550  -0.272420 2.701993 1.452460
112  -4.615283 -0.556822 0.270327  -0.117230 2.684609 1.518878
113  -2.650970 -0.556814 0.063011  -0.042463 2.681158 1.551919
114  27.110336 1.284853 12.007548  0.000000 -0.000000 -0.000000
115  28.133425 1.284845 12.007550  0.000001 -0.000000 -0.000000
116  12.812886 2.241774 12.007552  0.000000 -0.000001 -0.000001
117  -9.955968 -0.319628 4.380216  -0.000001 -0.000000 -0.000001
118  -11.316473 -0.319628 4.380216  -0.000003 -0.000000 -0.000000
119  -12.667811 -0.319623 4.380216  -0.000003 -0.000000 0.000001
120  -14.022141 -0.319624 4.380216  0.000010 -0.000000 -0.000011
121  -15.373242 -0.319626 4.380215  0.000015 -0.000000 -0.000015
122  -16.724144 -0.319632 4.380216  -0.000009 -0.000000 0.000006
123  -18.074572 -0.319628 4.380216  -0.000006 -0.000000 0.000004
124  -19.423716 -0.319632 4.380217  0.000002 0.000000 -0.000004
125  -20.775272 -0.319629 4.380216  0.000003 0.000000 -0.000004
126  -22.126671 -0.319621 4.380216  0.000003 -0.000000 -0.000004
127  -23.478123 -0.319632 4.380217  0.000005 -0.000000 -0.000006
128  -24.830620 -0.319628 4.380216  0.000036 -0.000000 -0.000038
129  -26.182028 -0.319627 4.380216  -0.000011 -0.000000 0.000011
130  0.529179 -0.167132 0.629484  -0.101270 -0.000000 0.000000
131  -0.211445 -0.241690 0.155363  -0.145847 -0.000000 0.000000
132  0.529189 -0.280703 -0.110292  -0.145847 -0.000000 0.000000
133  -0.173928 -0.337339 -0.638494  -0.181751 -0.000000 0.000000
134  0.529189 -0.399254 -0.975392  -0.181751 -0.000000 0.000000
135  -0.211444 -0.464481 -1.431043  -0.192399 -0.000000 0.000000
136  0.529189 -0.515813 -1.694582  -0.192400 -0.000000 0.000000
137  -0.173928 -0.612158 -2.231910  -0.216703 -0.000000 0.000000
138  0.529188 -0.685808 -2.566439  -0.216703 -0.000000 0.000000
139  -0.211445 -0.769564 -3.027871  -0.237349 -0.000000 0.000000
140  0.529187 -0.832689 -3.288846  -0.237349 -0.000000 0.000000
141  -0.173937 -0.945281 -3.779564  -0.233859 0.000000 0.000000
142  0.529178 -1.024665 -4.112780  -0.233859 0.000000 0.000000
143  -0.211443 -1.132188 -4.577547  -0.262919 -0.000000 0.000000
144  0.529189 -1.201973 -4.836824  -0.262919 0.000000 0.000000
145  -0.000005 -2.810946 -10.636629  0.258454 0.000000 3.141592
146  -0.192456 -1.345784 -5.370045  -0.280373 0.000000 0.000000
147  0.533983 -1.413519 -5.605104  -0.276883 0.000000 0.000000
148  -0.206619 -1.795771 -6.909778  -0.287354 0.000000 0.000000
149  -0.205805 -1.564824 -6.138255  -0.290843 0.000000 0.000000
150  0.530459 -1.643679 -6.395214  -0.290844 0.000000 0.000000
151  0.535311 -1.790712 -7.204133  -0.287354 -0.000000 0.000000
152  -0.202704 -2.030494 -7.702828  -0.286180 -0.000000 0.000000
153  0.509547 -2.118902 -8.011623  -0.298398 -0.000000 0.000000
154  -0.202704 -2.255280 -8.465172  -0.283134 -0.000000 0.000000
155  0.509547 -2.352986 -8.771158  -0.295352 -0.000000 0.000000
156  -0.202705 -2.481603 -9.235471  -0.285437 -0.000000 0.000000
157  0.509546 -2.588685 -9.538639  -0.297654 -0.000000 0.000000
158  0.170122 -21.222092 -1.001140  -0.000001 -0.000001 0.000000
159  0.170122 -20.843866 -0.397183  -0.000001 -0.000001 0.000000
160  0.170122 -20.489750 -1.001141  -0.000001 -0.000001 0.000000
161  0.170123 -20.111074 -0.397182  -0.000001 -0.000001 0.000000
162  0.170122 -19.380089 -0.397187  -0.000001 -0.000001 0.000000
163  0.170122 -19.025114 -1.001145  -0.000001 -0.000001 0.000000
164  0.170123 -18.646662 -0.396447  -0.000001 -0.000001 0.000000
165  0.170123 -19.755766 -1.001141  -0.000001 -0.000001 0.000000
166  -0.015973 10.612517 2.686017  0.000001 -0.000000 0.000000
167  0.059852 -50.160698 6.449380  1.570797 -0.000000 -1.570797
168  0.064652 27.351288 72.195198  -0.000000 -0.000000 -0.000001
169  6.064260 95.114014 31.645498  -0.000000 -0.000001 1.570796
170  0.054185 102.845634 29.795362  0.000000 0.000001 -1.570796
171  6.064257 69.096565 37.164318  1.570796 0.000000 1.570796
172  1.974303 11.989233 4.589251  0.000000 -0.000000 0.000000
173  -0.011481 23.944746 5.090361  0.000001 -0.000000 0.000000
174  -1.691251 8.833342 5.763507  0.000001 -0.000000 0.000000
175  6.064260 89.329811 31.613914  -0.000000 -0.000001 1.570796
176  0.059886 2.255334 54.398010  -0.000000 -0.000000 0.000000
177  0.003496 -22.270645 0.000149  1.570797 -0.000000 -1.570797
178  0.104010 15.380370 2.266153  0.000001 -0.000000 -0.000000
179  -0.000004 0.000049 0.000050  0.000000 0.000000 0.000000
180  0.000021 0.000000 -0.000010  -0.000000 0.000000 0.000000
181  -2.662412 1.445758 33.628742  0.000000 3.141591 1.570796
182  8.352067 2.772897 0.000542  -3.141589 0.000002 0.000000
183  -2.662412 1.445753 40.667953  0.000000 3.141591 1.570796
184  8.352066 2.772897 0.000541  -3.141589 0.000002 0.000000
185  -1.431356 16.384779 4.137811  0.000001 -0.000000 0.000000
186  -0.001844 0.521683 -0.140289  0.000000 -0.000000 -0.000000
187  7.323109 -5.136191 -5.166236  -0.000000 0.000000 -0.610865
188  2.698278 -0.000001 0.000001  -0.000012 0.000000 0.000001
189  2.834160 0.000000 -0.000000  0.000013 0.000000 0.000000
190  2.648917 -0.000001 0.000000  -0.000001 -0.000001 0.000000
191  2.667499 -0.000001 -0.000001  0.000000 0.000000 0.000000
192  2.426703 -0.000000 -0.000001  0.000000 0.000000 -0.000000
193  -0.494744 -44.353447 -1.302299  1.570797 -0.000000 -1.570797
194  11.545937 73.768410 -3.792008  0.000000 -0.000000 0.000000
195  -0.066954 -10.025104 -0.912534  -0.000000 -0.000000 0.000000
196  0.000000 -0.000000 -1.529051  -0.000000 -0.000000 0.000000
197  -0.078942 -0.000001 -0.000000  0.000000 0.000001 1.570796
198  0.097092 0.000000 0.000000  -0.000000 -3.141592 1.570796
199  0.000000 0.000000 0.000000  0.000000 -0.000000 -0.000000
200  0.320560 -0.773660 -2.648113  0.192964 -0.077139 0.060907
201  2.133649 -0.734484 -7.798696  0.192964 -0.077139 0.060907
time 40
0  0 0 0  0 0 0
1  0.000000 0.000000 0.000000  0.000000 -0.000000 -0.000000
2  -0.000005 0.000023 -61.375507  0.000000 0.000000 -1.570795
3  -0.012872 0.000000 8.235020  -1.570799 -1.570796 0.000000
4  16.163128 -0.012870 -0.000002  -0.000000 -0.000000 0.000000
5  -0.000000 0.000000 -0.000005  0.000000 -0.000000 -0.000000
6  -0.000034 -0.000002 -0.000000  0.072391 -0.014150 0.153619
7  0.000002 -0.000006 0.000001  0.000000 0.000000 -0.088227
8  0.000000 0.000001 0.000000  0.001343 -0.000000 -0.000000
9  0.000004 0.000001 -0.000000  0.002686 -0.000000 -0.000000
10  0.000000 0.000000 0.000001  0.004090 -0.000000 -0.000000
11  0.000000 0.000000 0.000001  0.005432 0.000000 -0.000000
12  0.000000 -0.000000 -0.000000  0.006836 -0.000000 -0.000000
13  0.000000 -0.000001 -0.000001  0.008179 -0.000000 -0.000000
14  -0.000004 -0.000001 -0.000000  0.009583 -0.000000 -0.000000
15  -0.000003 0.000002 0.000003  0.010315 0.017573 0.061934
16  -0.000003 -0.000001 0.000001  -0.000000 -0.000001 -0.000000
17  -0.000003 -0.000001 0.000004  0.000000 0.000000 -0.000000
18  -0.000003 0.000001 0.000003  -0.000000 -0.000000 -0.000000
19  0.000005 0.000001 -0.000001  -0.000000 -0.000000 -0.000000
20  0.000002 0.000001 -0.000000  0.000000 -0.000000 -0.000000
21  0.000002 0.000001 -0.000000  0.000000 0.000000 0.000000
22  -0.000006 0.000001 -0.000002  -0.000000 -0.000000 -0.000000
23  3.672210 0.000003 -0.000002  0.000003 0.000001 0.142941
24  -0.000001 -0.000001 0.000000  -0.000000 0.000000 -0.000000
25  0.000002 0.000002 -0.000002  -0.000000 -0.000000 -0.000000
26  -0.000002 0.000001 0.000001  -0.000000 0.000000 -0.000000
27  2.496800 0.000004 -0.000000  0.000000 0.000000 -0.091107
28  0.000001 0.000001 0.000002  -0.000000 0.000000 -0.000000
29  0.000002 0.000001 0.000000  0.000000 -0.000000 -0.000000
30  2.199411 0.000000 0.000004  0.000001 0.000001 0.029263
31  0.000004 -0.000000 0.000003  0.000000 -0.000000 0.000000
32  -0.000019 -0.000001 0.000001  -0.019413 0.044013 -0.038589
33  0.000001 0.000001 0.000000  0.000000 -0.000000 0.060863
34  0.000002 0.000000 -0.000000  0.007324 0.000000 -0.000000
35  -0.000002 -0.000002 0.000000  0.014649 0.000000 0.000000
36  -0.000002 -0.000001 0.000001  0.021974 0.000000 0.000000
37  0.000002 -0.000000 0.000000  0.029299 -0.000000 0.000000
38  -0.000002 0.000000 0.000001  0.036624 0.000000 -0.000000
39  -0.000002 -0.000000 0.000000  0.043950 -0.000000 -0.000000
40  -0.000002 -0.000002 0.000001  0.051277 0.000000 0.000000
41  -0.000006 -0.000004 -0.000001  0.075336 -0.016381 -0.014300
42  -0.000008 -0.000000 0.000001  0.000001 0.000000 0.000000
43  3.954722 0.000011 0.000004  -0.000000 -0.000002 0.166319
44  0.000003 -0.000002 -0.000001  -0.000000 -0.000000 -0.000000
45  -0.000008 -0.000002 -0.000001  0.000000 -0.000000 0.000000
46  -0.000008 0.000000 -0.000000  0.000000 0.000000 -0.000000
47  -0.000004 -0.000000 -0.000000  0.000000 0.000000 -0.000000
48  -0.000008 -0.000000 -0.000000  0.000000 0.000000 0.000000
49  -0.000004 -0.000000 -0.000000  0.000000 -0.000000 0.000000
50  -0.000008 -0.000000 -0.000000  -0.000000 0.000000 -0.000000
51  -0.000011 0.000000 0.000000  -0.000000 0.000000 0.000000
52  -0.000000 -0.000000 -0.000000  0.000000 -0.000000 -0.000000
53  -0.000004 -0.000000 0.000000  0.000000 0.000000 -0.000000
54  -0.000011 0.000000 0.000001  -0.000000 -0.000000 -0.000000
55  -0.000008 0.000001 0.000000  0.000000 0.000000 -0.000000
56  2.307432 0.000000 -0.000002  0.000002 0.000001 -0.056419
57  0.000000 0.000000 -0.000000  -0.004394 0.002748 0.000543
58  1.655037 -1.290016 -4.894256  0.125718 -0.055610 0.048509
59  0.071248 114.357025 62.238792  0.000000 0.000000 -0.000000
60  1.986525 0.000013 -3.123729  -2.705260 -0.000000 -1.570797
61  -1.986692 0.000016 -3.123741  0.436333 0.000001 1.570797
62  -0.000000 -0.000004 -0.000004  0.000000 0.000000 0.000000
63  -1.986691 0.000020 -3.123738  0.436333 0.000001 1.570797
64  -11.344154 1.135885 0.869279  0.000002 -0.025019 -0.026324
65  1.986524 0.000009 -3.123734  -2.705260 -0.000000 -1.570797
66  -11.350057 -0.729425 0.864880  0.000197 -0.025367 0.026442
67  1.754237 4.036757 -1.682665  0.392575 -0.010120 -1.546362
68  -1.755139 4.036754 -1.682662  -0.392577 -0.010391 -1.594986
69  -0.164556 7.327703 3.928703  -0.000000 0.000001 -1.570796
70  0.079082 36.742695 -0.508023  0.000001 0.000000 -0.000000
71  -1.260174 8.777410 6.736405  -0.000002 -0.424416 -3.141592
72  1.525193 18.283598 2.968621  0.000000 0.000000 -0.000000
73  0.060216 10.324389 74.469055  0.000008 0.000000 0.000000
74  0.062809 75.917999 83.075439  1.570797 0.000000 -1.570796
75  4.804184 -3.971737 0.000001  -0.000000 0.000000 -0.000000
76  -7.041571 -5.025990 0.000002  -0.000000 -0.000000 -0.000000
77  8.407180 -3.978433 0.003055  -1.570796 1.570795 0.000000
78  10.376187 -3.978436 0.003056  -1.570796 1.570796 0.000000
79  10.194015 -0.314055 -1.749547  -1.570796 1.570796 0.000000
80  20.857882 -4.015563 0.000003  0.000000 -0.000000 -0.000000
81  3.258444 5.856954 -3.403523  -0.000000 -0.000000 -0.000000
82  15.153054 5.860581 -3.403520  0.000000 -0.000000 -0.000000
83  6.064257 77.294960 36.365799  1.570796 -0.000000 1.570796
84  -2.662412 1.445755 40.667957  -0.000000 3.141591 1.570796
85  8.352065 2.772896 0.000541  -3.141589 0.000002 -0.000000
86  6.064256 72.973694 32.593250  1.570796 -0.000000 1.570796
87  0.004366 73.768417 -3.792008  0.000000 0.000000 0.000000
88  -0.442608 1.284887 8.535289  -0.000000 -0.000001 0.000000
89  0.000001 1.310204 -0.000001  0.000000 -0.000000 0.000000
90  0.000001 0.582255 -0.000002  0.000000 -0.000000 0.000000
91  0.036298 1.284884 7.928797  -0.000000 -0.000001 0.000000
92  0.000001 1.310217 -0.000001  0.000000 0.000000 0.000000
93  0.000000 0.582267 -0.000001  0.000000 0.000000 0.000000
94  5.969324 3.427458 -6.170650  -0.000000 -0.000001 -1.570797
95  -1.310209 0.000001 0.000000  0.000000 -0.000000 -0.000000
96  -0.582259 0.000000 -0.000000  0.000000 -0.000000 -0.000000
97  5.969323 9.397400 -6.170660  -0.000000 -0.000001 -1.570796
98  -1.310201 -0.000000 0.000001  0.000000 0.000000 -0.000000
99  -0.582252 -0.000001 -0.000000  0.000000 0.000000 -0.000000
100  5.969322 15.223763 -6.170670  -0.000000 -0.000001 -1.570796
101  -1.310194 0.000002 -0.000000  -0.000000 0.000000 -0.000000
102  -0.582245 0.000001 -0.000001  -0.000000 0.000000 -0.000000
103  5.969323 20.835566 -6.170671  -0.000000 -0.000001 -1.570796
104  -1.310195 0.000001 0.000001  -0.000000 0.000000 -0.000000
105  -0.582246 0.000000 0.000002  -0.000000 0.000000 -0.000000
106  5.969324 26.771206 -6.170672  -0.000000 -0.000001 -1.570796
107  5.969323 32.597595 -6.170675  -0.000000 -0.000001 -1.570796
108  5.969324 38.209396 -6.170686  -0.000000 -0.000001 -1.570800
109  5.969322 49.488461 -6.170683  -0.000000 -0.000001 -1.570800
110  -0.539090 -0.556811 -0.017363  -0.042462 2.681156 1.551919
111  -6.799124 -0.556809 0.818549  -0.272420 2.701993 1.452460
112  -4.615282 -0.556827 0.270328  -0.117230 2.684609 1.518878
113  -2.650969 -0.556806 0.063010  -0.042463 2.681158 1.551919
114  27.110338 1.284860 12.007547  -0.000000 -0.000000 -0.000000
115  28.133427 1.284857 12.007547  0.000001 -0.000000 -0.000000
116  12.812887 2.241787 12.007550  0.000000 -0.000001 -0.000001
117  -9.955967 -0.319621 4.380214  -0.000001 -0.000000 -0.000001
118  -11.316474 -0.319632 4.380216  -0.000003 -0.000000 -0.000000
119  -12.667810 -0.319626 4.380216  -0.000003 -0.000000 0.000001
120  -14.022142 -0.319621 4.380216  0.000010 -0.000000 -0.000011
121  -15.373240 -0.319619 4.380213  0.000015 -0.000000 -0.000015
122  -16.724144 -0.319618 4.380215  -0.000009 -0.000000 0.000006
123  -18.074572 -0.319617 4.380214  -0.000006 0.000000 0.000004
124  -19.423717 -0.319617 4.380214  0.000002 0.000000 -0.000004
125  -20.775270 -0.319624 4.380215  0.000003 0.000000 -0.000004
126  -22.126671 -0.319622 4.380215  0.000003 0.000000 -0.000004
127  -23.478123 -0.319625 4.380215  0.000005 0.000000 -0.000006
128  -24.830620 -0.319624 4.380216  0.000036 0.000000 -0.000038
129  -26.182030 -0.319622 4.380216  -0.000011 0.000000 0.000011
130  0.529180 -0.167131 0.629484  -0.101270 -0.000000 0.000000
131  -0.211444 -0.241689 0.155362  -0.145847 -0.000000 0.000000
132  0.529190 -0.280702 -0.110293  -0.145847 -0.000000 0.000000
133  -0.173927 -0.337324 -0.638496  -0.181751 -0.000000 0.000000
134  0.529189 -0.399252 -0.975393  -0.181751 -0.000000 0.000000
135  -0.211444 -0.464482 -1.431041  -0.192399 -0.000000 0.000000
136  0.529189 -0.515810 -1.694583  -0.192399 -0.000000 0.000000
137  -0.173928 -0.612157 -2.231911  -0.216703 -0.000000 0.000000
138  0.529188 -0.685807 -2.566439  -0.216703 -0.000000 0.000000
139  -0.211445 -0.769564 -3.027870  -0.237349 -0.000000 0.000000
140  0.529188 -0.832682 -3.288847  -0.237349 -0.000000 0.000000
141  -0.173937 -0.945277 -3.779564  -0.233859 0.000000 0.000000
142  0.529179 -1.024659 -4.112780  -0.233859 0.000000 0.000000
143  -0.211443 -1.132188 -4.577548  -0.262919 -0.000000 0.000000
144  0.529190 -1.201967 -4.836824  -0.262919 0.000000 0.000000
145  -0.000005 -2.810951 -10.636629  0.258454 0.000000 3.141592
146  -0.192455 -1.345782 -5.370045  -0.280373 0.000000 0.000000
147  0.533984 -1.413512 -5.605105  -0.276883 0.000000 0.000000
148  -0.206618 -1.795762 -6.909779  -0.287354 0.000000 0.000000
149  -0.205804 -1.564813 -6.138257  -0.290843 0.000000 0.000000
150  0.530460 -1.643673 -6.395215  -0.290844 0.000000 0.000000
151  0.535312 -1.790713 -7.204133  -0.287354 -0.000000 0.000000
152  -0.202703 -2.030491 -7.702829  -0.286180 -0.000000 0.000000
153  0.509548 -2.118891 -8.011624  -0.298398 -0.000000 0.000000
154  -0.202703 -2.255279 -8.465172  -0.283134 -0.000000 0.000000
155  0.509548 -2.352980 -8.771159  -0.295352 -0.000000 0.000000
156  -0.202704 -2.481600 -9.235469  -0.285437 -0.000000 0.000000
157  0.509547 -2.588686 -9.538637  -0.297654 -0.000000 0.000000
158  0.170122 -21.222095 -1.001139  -0.000001 -0.000001 0.000000
159  0.170122 -20.843870 -0.397182  -0.000001 -0.000001 0.000000
160  0.170122 -20.489750 -1.001140  -0.000001 -0.000001 0.000000
161  0.170124 -20.111074 -0.397182  -0.000001 -0.000001 0.000000
162  0.170123 -19.380096 -0.397186  -0.000001 -0.000001 0.000000
163  0.170123 -19.025112 -1.001145  -0.000001 -0.000001 0.000000
164  0.170123 -18.646660 -0.396447  -0.000001 -0.000001 0.000000
165  0.170124 -19.755762 -1.001142  -0.000001 -0.000001 0.000000
166  -0.015973 10.612517 2.686017  0.000001 0.000000 -0.000000
167  0.059851 -50.160702 6.449379  1.570797 0.000000 -1.570797
168  0.064652 27.351286 72.195206  0.000000 -0.000000 -0.000001
169  6.064260 95.114021 31.645500  0.000000 -0.000001 1.570796
170  0.054185 102.845642 29.795362  -0.000000 0.000001 -1.570796
171  6.064257 69.096565 37.164314  1.570796 -0.000000 1.570796
172  1.974302 11.989234 4.589250  0.000000 0.000000 -0.000000
173  -0.011481 23.944746 5.090362  0.000001 0.000000 0.000000
174  -1.691251 8.833343 5.763506  0.000001 0.000000 -0.000000
175  6.064260 89.329796 31.613920  0.000000 -0.000001 1.570796
176  0.059886 2.255335 54.398010  0.000000 0.000000 0.000000
177  0.003497 -22.270645 0.000155  1.570797 0.000000 -1.570797
178  0.104010 15.380370 2.266152  0.000001 0.000000 -0.000000
179  -0.000006 0.000050 0.000049  0.000000 0.000000 0.000000
180  0.000021 0.000001 -0.000012  0.000000 -0.000000 0.000000
181  -2.662412 1.445758 33.628742  -0.000000 3.141591 1.570796
182  8.352065 2.772896 0.000540  -3.141589 0.000002 -0.000000
183  -2.662412 1.445755 40.667957  -0.000000 3.141591 1.570796
184  8.352065 2.772896 0.000541  -3.141589 0.000002 -0.000000
185  -1.431356 16.384777 4.137811  0.000001 0.000000 0.000000
186  -0.001845 0.521683 -0.140289  0.000000 0.000000 -0.000000
187  7.323109 -5.136191 -5.166237  -0.000000 0.000000 -0.610865
188  2.698278 -0.000000 -0.000000  -0.000012 0.000000 0.000001
189  2.834159 -0.000002 -0.000000  0.000013 0.000000 0.000000
190  2.648917 -0.000002 0.000000  -0.000001 -0.000001 0.000000
191  2.667498 -0.000004 0.000001  0.000000 0.000000 -0.000000
192  2.426702 -0.000003 0.000001  -0.000000 0.000000 -0.000000
193  -0.494744 -44.353447 -1.302299  1.570797 0.000000 -1.570797
194  11.545938 73.768417 -3.792009  0.000000 0.000000 -0.000000
195  -0.066954 -10.025105 -0.912534  0.000000 0.000000 -0.000000
196  0.000000 -0.000001 -1.529052  -0.000000 0.000000 -0.000000
197  -0.078942 0.000000 0.000000  0.000000 0.000001 1.570796
198  0.097092 0.000001 0.000000  -0.000000 -3.141592 1.570796
199  0.000000 0.000000 0.000000  0.000000 -0.000000 -0.000000
200  0.423696 -1.196995 -1.791618  0.125718 -0.055610 0.048509
201  1.760952 -1.248071 -5.110742  0.125718 -0.055610 0.048509
time 41
0  0 0 0  0 0 0
1  0.000000 0.000000 0.000000  0.000000 -0.000000 -0.000000
2  -0.000005 0.000023 -61.375507  0.000000 0.000000 -1.570795
3  -0.012872 0.000000 8.235020  -1.570799 -1.570796 0.000000
4  16.163128 -0.012870 -0.000002  -0.000000 -0.000000 0.000000
5  -0.000000 0.000000 -0.000005  0.000000 -0.000000 -0.000000
6  -0.000034 -0.000002 -0.000000  0.035311 -0.002805 0.093019
7  -0.000005 -0.000006 0.000001  0.000000 0.000000 -0.018800
8  0.000004 -0.000000 0.000000  0.000610 -0.000000 -0.000000
9  0.000004 0.000000 0.000000  0.001282 -0.000000 -0.000000
10  0.000000 0.000000 0.000001  0.001953 -0.000000 -0.000000
11  -0.000004 0.000001 0.000001  0.002625 0.000000 -0.000000
12  -0.000004 0.000000 -0.000000  0.003296 -0.000000 -0.000000
13  0.000000 -0.000001 -0.000001  0.003906 -0.000000 -0.000000
14  0.000000 -0.000002 -0.000000  0.004578 -0.000000 -0.000000
15  0.000000 0.000001 0.000003  0.005043 0.007176 0.010455
16  -0.000004 -0.000001 0.000001  -0.000000 -0.000001 -0.000000
17  -0.000004 0.000000 0.000004  0.000000 0.000000 -0.000000
18  0.000000 0.000001 0.000003  -0.000000 0.000000 -0.000000
19  0.000004 0.000002 -0.000002  -0.000000 -0.000000 -0.000000
20  0.000000 0.000001 -0.000001  -0.000000 -0.000000 -0.000000
21  0.000000 -0.000000 -0.000000  -0.000000 0.000000 0.000000
22  0.000000 0.000001 -0.000001  -0.000000 -0.000000 -0.000000
23  3.672213 0.000003 -0.000002  0.000003 0.000001 0.142941
24  0.000003 -0.000001 0.000000  -0.000000 0.000000 0.000000
25  0.000004 0.000002 -0.000002  -0.000000 -0.000000 -0.000000
26  0.000000 0.000001 0.000001  -0.000000 0.000000 -0.000000
27  2.496794 0.000004 -0.000000  0.000000 0.000000 -0.091107
28  0.000004 0.000000 0.000002  -0.000000 0.000000 -0.000000
29  0.000004 0.000001 0.000000  -0.000000 -0.000000 -0.000000
30  2.199416 0.000000 0.000004  0.000001 0.000001 0.029263
31  0.000004 -0.000000 0.000003  0.000000 -0.000000 0.000000
32  -0.000019 -0.000001 0.000001  -0.013564 0.016158 -0.039117
33  -0.000004 0.000001 -0.000000  0.000000 -0.000000 0.076803
34  0.000002 0.000000 -0.000000  0.000732 0.000000 -0.000000
35  0.000002 -0.000002 0.000000  0.001465 0.000000 0.000000
36  -0.000002 -0.000001 0.000001  0.002197 0.000000 0.000000
37  -0.000002 -0.000000 0.000000  0.002930 -0.000000 0.000000
38  -0.000002 0.000000 0.000001  0.003662 -0.000000 -0.000000
39  -0.000002 -0.000000 0.000000  0.004395 -0.000000 -0.000000
40  -0.000002 -0.000002 0.000001  0.005127 0.000000 0.000000
41  -0.000006 -0.000004 -0.000001  0.043268 -0.020897 -0.038919
42  0.000002 -0.000000 0.000001  0.000001 0.000000 0.000000
43  3.954720 0.000011 0.000004  -0.000000 -0.000002 0.166319
44  -0.000004 -0.000001 -0.000001  -0.000000 -0.000000 -0.000000
45  0.000002 -0.000002 -0.000001  0.000000 -0.000000 0.000000
46  0.000002 0.000000 0.000000  -0.000000 0.000000 -0.000000
47  0.000002 -0.000000 -0.000000  -0.000000 0.000000 -0.000000
48  0.000002 -0.000000 -0.000000  0.000000 0.000000 0.000000
49  -0.000002 -0.000000 -0.000000  -0.000000 -0.000000 -0.000000
50  0.000002 -0.000000 -0.000000  -0.000000 0.000000 -0.000000
51  -0.000006 0.000000 0.000000  -0.000000 0.000000 -0.000000
52  0.000002 -0.000000 -0.000000  0.000000 -0.000000 -0.000000
53  0.000002 -0.000000 0.000000  -0.000000 0.000000 -0.000000
54  -0.000006 0.000000 0.000001  -0.000000 -0.000000 -0.000000
55  -0.000002 0.000001 0.000000  0.000000 -0.000000 -0.000000
56  2.307434 0.000000 -0.000002  0.000002 0.000001 -0.056419
57  0.000000 0.000000 -0.000000  -0.004822 0.003539 -0.000314
58  1.295359 -1.581978 -3.007589  0.076649 -0.026214 0.041515
59  0.071249 114.357040 62.238792  -0.000000 0.000000 -0.000000
60  1.986525 0.000014 -3.123739  -2.705260 -0.000000 -1.570797
61  -1.986692 0.000010 -3.123752  0.436333 0.000001 1.570797
62  -0.000000 -0.000004 -0.000014  0.000000 0.000000 0.000000
63  -1.986692 -0.000004 -3.123741  0.436333 0.000001 1.570797
64  -11.344165 1.135889 0.869280  0.000002 -0.025019 -0.026324
65  1.986525 0.000008 -3.123736  -2.705260 -0.000000 -1.570797
66  -11.350059 -0.729422 0.864897  0.000197 -0.025367 0.026442
67  1.754236 4.036743 -1.682666  0.392575 -0.010120 -1.546362
68  -1.755140 4.036742 -1.682666  -0.392577 -0.010391 -1.594986
69  -0.164556 7.327704 3.928703  -0.000000 0.000001 -1.570796
70  0.079082 36.742691 -0.508023  0.000001 0.000000 -0.000000
71  -1.260174 8.777410 6.736405  -0.000002 -0.424416 -3.141592
72  1.525193 18.283598 2.968622  0.000000 0.000000 0.000000
73  0.060216 10.324389 74.469055  0.000008 0.000000 0.000000
74  0.062808 75.918007 83.075424  1.570797 -0.000000 -1.570796
75  4.804178 -3.971740 0.000001  -0.000000 0.000000 -0.000000
76  -7.041571 -5.025989 0.000002  -0.000000 -0.000000 -0.000000
77  8.407173 -3.978431 0.003055  -1.570796 1.570795 0.000000
78  10.376184 -3.978441 0.003056  -1.570796 1.570796 0.000000
79  10.194012 -0.314058 -1.749547  -1.570796 1.570796 0.000000
80  20.857882 -4.015563 0.000003  0.000000 -0.000000 -0.000000
81  3.258437 5.856957 -3.403523  -0.000000 -0.000000 -0.000000
82  15.153047 5.860584 -3.403521  -0.000000 -0.000000 -0.000000
83  6.064256 77.294952 36.365799  1.570796 0.000000 1.570796
84  -2.662412 1.445756 40.667961  -0.000000 3.141591 1.570796
85  8.352065 2.772896 0.000539  -3.141589 0.000002 0.000000
86  6.064256 72.973686 32.593254  1.570796 0.000000 1.570796
87  0.004365 73.768417 -3.792008  0.000000 0.000000 0.000000
88  -0.442608 1.284868 8.535289  -0.000000 -0.000001 0.000000
89  0.000002 1.310217 -0.000001  0.000000 0.000000 0.000000
90  0.000001 0.582268 -0.000000  0.000000 0.000000 0.000000
91  0.036298 1.284865 7.928799  -0.000000 -0.000001 0.000000
92  0.000000 1.310206 -0.000000  0.000000 -0.000000 0.000000
93  0.000000 0.582257 0.000000  0.000000 -0.000000 0.000000
94  5.969324 3.427449 -6.170651  -0.000000 -0.000001 -1.570797
95  -1.310217 0.000001 0.000001  0.000000 -0.000000 -0.000000
96  -0.582260 -0.000000 0.000000  0.000000 -0.000000 -0.000000
97  5.969323 9.397388 -6.170660  -0.000000 -0.000001 -1.570796
98  -1.310215 -0.000000 -0.000001  0.000000 0.000000 -0.000000
99  -0.582259 -0.000001 -0.000001  0.000000 0.000000 -0.000000
100  5.969322 15.223761 -6.170671  0.000000 -0.000001 -1.570796
101  -1.310216 0.000003 0.000001  -0.000000 0.000000 -0.000000
102  -0.582268 0.000002 0.000001  -0.000000 0.000000 -0.000000
103  5.969323 20.835558 -6.170672  0.000000 -0.000001 -1.570796
104  -1.310213 0.000002 0.000002  -0.000000 0.000000 -0.000000
105  -0.582264 0.000001 0.000003  -0.000000 0.000000 -0.000000
106  5.969324 26.771191 -6.170672  0.000000 -0.000001 -1.570796
107  5.969323 32.597580 -6.170675  0.000000 -0.000001 -1.570796
108  5.969324 38.209385 -6.170685  -0.000000 -0.000001 -1.570800
109  5.969322 49.488449 -6.170685  -0.000000 -0.000001 -1.570800
110  -0.539089 -0.556811 -0.017364  -0.042462 2.681156 1.551919
111  -6.799123 -0.556815 0.818549  -0.272420 2.701993 1.452460
112  -4.615283 -0.556834 0.270327  -0.117230 2.684609 1.518878
113  -2.650969 -0.556825 0.063010  -0.042463 2.681158 1.551919
114  27.110336 1.284837 12.007548  -0.000000 -0.000000 -0.000000
115  28.133427 1.284845 12.007548  0.000001 -0.000000 -0.000000
116  12.812886 2.241770 12.007549  -0.000000 -0.000001 -0.000001
117  -9.955967 -0.319635 4.380214  -0.000001 -0.000000 -0.000001
118  -11.316472 -0.319637 4.380214  -0.000003 -0.000000 -0.000000
119  -12.667810 -0.319637 4.380215  -0.000003 -0.000000 0.000001
120  -14.022141 -0.319635 4.380214  0.000010 -0.000000 -0.000011
121  -15.373239 -0.319636 4.380214  0.000015 -0.000000 -0.000015
122  -16.724142 -0.319639 4.380214  -0.000009 -0.000000 0.000006
123  -18.074572 -0.319630 4.380213  -0.000006 -0.000000 0.000004
124  -19.423717 -0.319636 4.380214  0.000002 0.000000 -0.000004
125  -20.775270 -0.319634 4.380214  0.000003 0.000000 -0.000004
126  -22.126671 -0.319639 4.380215  0.000003 0.000000 -0.000004
127  -23.478123 -0.319633 4.380214  0.000005 -0.000000 -0.000006
128  -24.830620 -0.319631 4.380214  0.000036 -0.000000 -0.000038
129  -26.182028 -0.319627 4.380214  -0.000011 0.000000 0.000011
130  0.529180 -0.167141 0.629483  -0.101270 -0.000000 0.000000
131  -0.211443 -0.241695 0.155360  -0.145847 -0.000000 0.000000
132  0.529190 -0.280711 -0.110293  -0.145847 -0.000000 0.000000
133  -0.173926 -0.337335 -0.638497  -0.181751 -0.000000 0.000000
134  0.529189 -0.399252 -0.975395  -0.181751 -0.000000 0.000000
135  -0.211444 -0.464494 -1.431043  -0.192399 -0.000000 0.000000
136  0.529189 -0.515824 -1.694584  -0.192399 -0.000000 0.000000
137  -0.173928 -0.612165 -2.231911  -0.216703 -0.000000 0.000000
138  0.529188 -0.685823 -2.566440  -0.216703 -0.000000 0.000000
139  -0.211445 -0.769576 -3.027870  -0.237349 -0.000000 0.000000
140  0.529188 -0.832701 -3.288848  -0.237349 -0.000000 0.000000
141  -0.173937 -0.945294 -3.779564  -0.233859 0.000000 0.000000
142  0.529179 -1.024663 -4.112781  -0.233859 0.000000 0.000000
143  -0.211443 -1.132197 -4.577548  -0.262919 -0.000000 0.000000
144  0.529190 -1.201971 -4.836826  -0.262919 0.000000 0.000000
145  -0.000004 -2.810956 -10.636632  0.258454 0.000000 3.141592
146  -0.192455 -1.345784 -5.370046  -0.280373 0.000000 0.000000
147  0.533984 -1.413526 -5.605105  -0.276883 0.000000 0.000000
148  -0.206618 -1.795778 -6.909780  -0.287354 0.000000 0.000000
149  -0.205804 -1.564828 -6.138257  -0.290843 0.000000 0.000000
150  0.530460 -1.643689 -6.395215  -0.290844 0.000000 0.000000
151  0.535312 -1.790726 -7.204133  -0.287354 -0.000000 0.000000
152  -0.202703 -2.030493 -7.702832  -0.286180 -0.000000 0.000000
153  0.509548 -2.118912 -8.011624  -0.298398 -0.000000 0.000000
154  -0.202703 -2.255288 -8.465172  -0.283134 -0.000000 0.000000
155  0.509548 -2.352992 -8.771159  -0.295352 -0.000000 0.000000
156  -0.202704 -2.481609 -9.235472  -0.285437 -0.000000 0.000000
157  0.509547 -2.588697 -9.538639  -0.297654 -0.000000 0.000000
158  0.170123 -21.222101 -1.001141  -0.000001 -0.000001 0.000000
159  0.170123 -20.843878 -0.397183  -0.000001 -0.000001 0.000000
160  0.170123 -20.489754 -1.001142  -0.000001 -0.000001 0.000000
161  0.170124 -20.111082 -0.397183  -0.000001 -0.000001 0.000000
162  0.170123 -19.380108 -0.397187  -0.000001 -0.000001 0.000000
163  0.170123 -19.025118 -1.001146  -0.000001 -0.000001 0.000000
164  0.170123 -18.646669 -0.396448  -0.000001 -0.000001 0.000000
165  0.170124 -19.755774 -1.001142  -0.000001 -0.000001 0.000000
166  -0.015973 10.612517 2.686017  0.000001 0.000000 0.000000
167  0.059851 -50.160702 6.449381  1.570797 -0.000000 -1.570797
168  0.064652 27.351290 72.195206  -0.000000 -0.000000 -0.000001
169  6.064260 95.114006 31.645500  0.000000 -0.000001 1.570796
170  0.054186 102.845650 29.795362  -0.000000 0.000001 -1.570796
171  6.064257 69.096558 37.164318  1.570796 0.000000 1.570796
172  1.974302 11.989233 4.589250  0.000000 0.000000 0.000000
173  -0.011481 23.944748 5.090361  0.000001 0.000000 0.000000
174  -1.691251 8.833342 5.763507  0.000001 0.000000 0.000000
175  6.064260 89.329803 31.613918  0.000000 -0.000001 1.570796
176  0.059886 2.255335 54.398010  -0.000000 0.000000 0.000000
177  0.003497 -22.270645 0.000141  1.570797 -0.000000 -1.570797
178  0.104010 15.380371 2.266152  0.000001 0.000000 -0.000000
179  -0.000006 0.000051 0.000050  0.000000 0.000000 0.000000
180  0.000020 0.000000 -0.000012  -0.000000 0.000000 0.000000
181  -2.662412 1.445758 33.628742  -0.000000 3.141591 1.570796
182  8.352066 2.772897 0.000545  -3.141589 0.000002 0.000000
183  -2.662412 1.445756 40.667961  -0.000000 3.141591 1.570796
184  8.352065 2.772896 0.000539  -3.141589 0.000002 0.000000
185  -1.431356 16.384779 4.137811  0.000001 0.000000 0.000000
186  -0.001845 0.521683 -0.140289  0.000000 0.000000 -0.000000
187  7.323109 -5.136192 -5.166235  -0.000000 0.000000 -0.610865
188  2.698278 -0.000002 -0.000000  -0.000012 0.000000 0.000000
189  2.834160 -0.000003 0.000002  0.000013 0.000000 0.000000
190  2.648918 0.000000 -0.000000  -0.000001 -0.000001 0.000000
191  2.667497 -0.000003 0.000000  0.000000 0.000000 0.000000
192  2.426702 -0.000002 0.000001  0.000000 0.000000 -0.000000
193  -0.494744 -44.353447 -1.302298  1.570797 -0.000000 -1.570797
194  11.545938 73.768425 -3.792011  0.000000 0.000000 0.000000
195  -0.066954 -10.025105 -0.912533  -0.000000 0.000000 0.000000
196  -0.000000 -0.000001 -1.529052  -0.000000 0.000000 0.000000
197  -0.078942 0.000002 0.000001  0.000000 0.000001 1.570796
198  0.097092 0.000001 0.000001  -0.000000 -3.141592 1.570796
199  0.000000 0.000000 0.000000  0.000000 -0.000000 -0.000000
200  0.264774 -1.514115 -1.096094  0.076649 -0.026214 0.041515
201  1.397653 -1.525693 -3.160858  0.076649 -0.026214 0.041514
time 42
0  0 0 0  0 0 0
1  0.000000 0.000000 0.000000  0.000000 -0.000000 -0.000000
2  -0.000005 0.000023 -61.375507  0.000000 0.000000 -1.570795
3  -0.012872 0.000000 8.235020  -1.570799 -1.570796 0.000000
4  16.163128 -0.012870 -0.000002  -0.000000 -0.000000 0.000000
5  -0.000000 0.000000 -0.000005  0.000000 -0.000000 -0.000000
6  -0.000034 -0.000002 -0.000000  0.011117 0.002722 0.048545
7  -0.000003 -0.000007 0.000001  0.000000 0.000000 0.027162
8  0.000001 0.000001 0.000000  -0.000244 -0.000000 -0.000000
9  0.000001 0.000001 0.000000  -0.000549 -0.000000 -0.000000
10  -0.000003 0.000001 0.000001  -0.000854 -0.000000 -0.000000
11  -0.000003 0.000001 0.000001  -0.001160 0.000000 -0.000000
12  0.000001 -0.000000 -0.000000  -0.001465 -0.000000 -0.000000
13  0.000000 -0.000001 -0.000000  -0.001770 -0.000000 -0.000000
14  0.000000 -0.000001 -0.000000  -0.002075 -0.000000 -0.000000
15  0.000001 0.000001 0.000003  -0.001506 -0.012896 -0.022087
16  -0.000004 -0.000001 0.000000  -0.000000 -0.000001 -0.000000
17  -0.000004 0.000000 0.000004  0.000000 0.000000 -0.000000
18  -0.000000 0.000000 0.000003  -0.000000 0.000000 -0.000000
19  0.000004 0.000001 -0.000001  -0.000000 -0.000000 -0.000000
20  0.000004 0.000001 -0.000001  0.000000 -0.000000 -0.000000
21  0.000004 0.000000 -0.000000  -0.000000 0.000000 0.000000
22  -0.000004 0.000001 -0.000002  -0.000000 -0.000000 -0.000000
23  3.672214 0.000003 -0.000002  0.000003 0.000001 0.142941
24  0.000000 -0.000000 0.000000  -0.000000 0.000000 -0.000000
25  0.000000 0.000001 -0.000002  -0.000000 -0.000000 -0.000000
26  0.000000 0.000001 0.000001  -0.000000 0.000000 -0.000000
27  2.496797 0.000004 -0.000000  0.000000 0.000000 -0.091107
28  0.000004 0.000000 0.000002  -0.000000 0.000000 -0.000000
29  0.000008 0.000001 0.000000  -0.000000 -0.000000 -0.000000
30  2.199415 0.000000 0.000004  0.000001 0.000001 0.029263
31  0.000004 -0.000000 0.000003  0.000000 -0.000000 0.000000
32  -0.000019 -0.000001 0.000001  -0.007110 -0.005971 -0.031292
33  0.000001 0.000001 -0.000000  0.000000 -0.000000 0.083645
34  0.000003 0.000000 -0.000000  -0.004395 0.000000 -0.000000
35  0.000002 -0.000002 0.000000  -0.008789 0.000000 0.000000
36  -0.000001 -0.000001 0.000001  -0.013184 0.000000 0.000000
37  0.000003 -0.000000 0.000000  -0.017579 -0.000000 0.000000
38  -0.000005 0.000001 0.000001  -0.021974 -0.000000 -0.000000
39  -0.000005 0.000000 0.000000  -0.026369 -0.000000 -0.000000
40  -0.000001 -0.000001 0.000001  -0.030764 0.000000 0.000000
41  -0.000005 -0.000004 -0.000001  0.023305 -0.037377 -0.057466
42  -0.000001 -0.000000 0.000001  0.000001 0.000000 0.000000
43  3.954715 0.000011 0.000004  -0.000000 -0.000002 0.166320
44  -0.000001 -0.000001 -0.000001  -0.000000 -0.000000 -0.000000
45  -0.000001 -0.000002 -0.000001  0.000000 -0.000000 0.000000
46  -0.000001 0.000000 0.000000  -0.000000 0.000000 -0.000000
47  -0.000001 -0.000000 0.000000  0.000000 0.000000 -0.000000
48  -0.000005 -0.000000 -0.000000  0.000000 -0.000000 0.000000
49  -0.000001 -0.000000 -0.000000  0.000000 -0.000000 0.000000
50  0.000002 -0.000000 -0.000000  0.000000 -0.000000 -0.000000
51  -0.000005 0.000000 0.000000  -0.000000 0.000000 -0.000000
52  -0.000001 -0.000000 -0.000000  0.000000 -0.000000 -0.000000
53  -0.000001 -0.000000 0.000000  0.000000 0.000000 -0.000000
54  -0.000005 0.000000 0.000001  -0.000000 -0.000000 -0.000000
55  0.000002 0.000001 0.000000  0.000000 -0.000000 -0.000000
56  2.307437 0.000000 -0.000002  0.000002 0.000001 -0.056419
57  0.000000 0.000000 -0.000000  -0.004641 0.004026 -0.000986
58  0.935190 -1.621170 -1.624701  0.043761 0.005846 0.037005
59  0.071249 114.357025 62.238789  -0.000000 -0.000000 -0.000000
60  1.986525 0.000014 -3.123735  -2.705260 -0.000000 -1.570797
61  -1.986692 0.000009 -3.123742  0.436333 0.000001 1.570797
62  -0.000000 -0.000010 -0.000009  0.000000 -0.000000 0.000000
63  -1.986691 0.000010 -3.123731  0.436333 0.000001 1.570797
64  -11.344163 1.135889 0.869284  0.000002 -0.025019 -0.026324
65  1.986525 0.000015 -3.123728  -2.705260 -0.000000 -1.570797
66  -11.350049 -0.729424 0.864890  0.000197 -0.025367 0.026442
67  1.754237 4.036752 -1.682659  0.392575 -0.010120 -1.546362
68  -1.755139 4.036758 -1.682662  -0.392577 -0.010391 -1.594986
69  -0.164556 7.327704 3.928703  0.000000 0.000001 -1.570796
70  0.079082 36.742691 -0.508023  0.000001 -0.000000 -0.000000
71  -1.260174 8.777411 6.736405  -0.000002 -0.424415 -3.141592
72  1.525193 18.283598 2.968622  0.000000 -0.000000 0.000000
73  0.060216 10.324389 74.469055  0.000008 -0.000000 0.000000
74  0.062809 75.918007 83.075439  1.570797 -0.000000 -1.570796
75  4.804189 -3.971752 0.000001  -0.000000 0.000000 -0.000000
76  -7.041553 -5.025999 0.000002  -0.000000 -0.000000 -0.000000
77  8.407192 -3.978444 0.003055  -1.570796 1.570795 0.000000
78  10.376203 -3.978451 0.003056  -1.570796 1.570796 0.000000
79  10.194029 -0.314072 -1.749548  -1.570796 1.570796 0.000000
80  20.857903 -4.015574 0.000003  0.000000 -0.000000 0.000000
81  3.258454 5.856945 -3.403523  -0.000000 -0.000000 -0.000000
82  15.153066 5.860575 -3.403521  -0.000000 -0.000000 0.000000
83  6.064257 77.294952 36.365791  1.570796 0.000000 1.570796
84  -2.662412 1.445755 40.667957  0.000000 3.141591 1.570796
85  8.352066 2.772897 0.000539  -3.141589 0.000002 -0.000000
86  6.064257 72.973701 32.593250  1.570796 0.000000 1.570796
87  0.004366 73.768417 -3.792007  0.000000 -0.000000 0.000000
88  -0.442609 1.284879 8.535289  -0.000000 -0.000001 0.000000
89  0.000002 1.310217 -0.000001  0.000000 -0.000000 0.000000
90  0.000000 0.582265 -0.000000  0.000000 -0.000000 0.000000
91  0.036297 1.284880 7.928798  -0.000000 -0.000001 0.000000
92  0.000001 1.310202 -0.000001  0.000000 0.000000 0.000000
93  -0.000000 0.582242 -0.000001  0.000000 0.000000 0.000000
94  5.969323 3.427456 -6.170650  -0.000000 -0.000001 -1.570797
95  -1.310205 0.000002 0.000001  0.000000 0.000000 -0.000000
96  -0.582253 0.000000 0.000001  0.000000 -0.000000 -0.000000
97  5.969322 9.397394 -6.170658  -0.000000 -0.000001 -1.570796
98  -1.310210 0.000000 0.000001  0.000000 0.000000 -0.000000
99  -0.582250 -0.000001 0.000000  0.000000 0.000000 -0.000000
100  5.969321 15.223767 -6.170669  -0.000000 -0.000001 -1.570796
101  -1.310197 0.000002 0.000002  -0.000000 0.000000 -0.000000
102  -0.582253 0.000001 0.000001  -0.000000 0.000000 -0.000000
103  5.969323 20.835566 -6.170670  -0.000000 -0.000001 -1.570796
104  -1.310210 0.000002 0.000002  -0.000000 0.000000 -0.000000
105  -0.582265 0.000001 0.000003  -0.000000 0.000000 -0.000000
106  5.969323 26.771204 -6.170671  -0.000000 -0.000001 -1.570796
107  5.969322 32.597591 -6.170674  -0.000000 -0.000001 -1.570796
108  5.969323 38.209393 -6.170685  -0.000000 -0.000001 -1.570800
109  5.969321 49.488461 -6.170684  -0.000000 -0.000001 -1.570800
110  -0.539090 -0.556809 -0.017363  -0.042462 2.681156 1.551919
111  -6.799123 -0.556809 0.818549  -0.272420 2.701993 1.452460
112  -4.615283 -0.556819 0.270328  -0.117230 2.684609 1.518878
113  -2.650969 -0.556811 0.063010  -0.042463 2.681158 1.551919
114  27.110336 1.284849 12.007546  -0.000000 -0.000000 -0.000000
115  28.133423 1.284849 12.007545  0.000001 -0.000000 -0.000000
116  12.812886 2.241781 12.007547  -0.000000 -0.000001 -0.000001
117  -9.955967 -0.319633 4.380214  -0.000001 -0.000000 -0.000001
118  -11.316473 -0.319628 4.380214  -0.000003 -0.000000 0.000000
119  -12.667810 -0.319626 4.380215  -0.000003 -0.000000 0.000001
120  -14.022140 -0.319621 4.380214  0.000010 -0.000000 -0.000011
121  -15.373238 -0.319628 4.380213  0.000015 -0.000000 -0.000015
122  -16.724142 -0.319628 4.380214  -0.000009 -0.000000 0.000006
123  -18.074572 -0.319621 4.380214  -0.000006 -0.000000 0.000004
124  -19.423716 -0.319624 4.380214  0.000002 0.000000 -0.000004
125  -20.775269 -0.319622 4.380214  0.000003 0.000000 -0.000004
126  -22.126669 -0.319619 4.380214  0.000003 0.000000 -0.000004
127  -23.478123 -0.319628 4.380215  0.000005 -0.000000 -0.000006
128  -24.830618 -0.319622 4.380214  0.000036 0.000000 -0.000038
129  -26.182026 -0.319625 4.380215  -0.000011 0.000000 0.000011
130  0.529180 -0.167131 0.629484  -0.101270 -0.000000 0.000000
131  -0.211444 -0.241694 0.155361  -0.145847 -0.000000 0.000000
132  0.529190 -0.280708 -0.110293  -0.145847 -0.000000 0.000000
133  -0.173927 -0.337325 -0.638496  -0.181751 -0.000000 0.000000
134  0.529189 -0.399247 -0.975394  -0.181751 -0.000000 0.000000
135  -0.211444 -0.464486 -1.431042  -0.192399 -0.000000 0.000000
136  0.529189 -0.515815 -1.694582  -0.192399 -0.000000 0.000000
137  -0.173928 -0.612151 -2.231911  -0.216703 -0.000000 0.000000
138  0.529188 -0.685811 -2.566440  -0.216703 -0.000000 0.000000
139  -0.211445 -0.769565 -3.027869  -0.237349 -0.000000 0.000000
140  0.529188 -0.832692 -3.288847  -0.237349 -0.000000 0.000000
141  -0.173937 -0.945283 -3.779563  -0.233859 0.000000 0.000000
142  0.529179 -1.024665 -4.112779  -0.233859 0.000000 0.000000
143  -0.211443 -1.132186 -4.577547  -0.262919 -0.000000 0.000000
144  0.529190 -1.201975 -4.836824  -0.262919 0.000000 0.000000
145  -0.000005 -2.810945 -10.636630  0.258454 0.000000 3.141592
146  -0.192455 -1.345775 -5.370045  -0.280373 0.000000 0.000000
147  0.533983 -1.413516 -5.605104  -0.276883 0.000000 0.000000
148  -0.206618 -1.795761 -6.909778  -0.287354 0.000000 0.000000
149  -0.205805 -1.564822 -6.138256  -0.290843 0.000000 0.000000
150  0.530459 -1.643679 -6.395214  -0.290844 0.000000 0.000000
151  0.535311 -1.790713 -7.204131  -0.287354 -0.000000 0.000000
152  -0.202703 -2.030485 -7.702830  -0.286180 -0.000000 0.000000
153  0.509548 -2.118901 -8.011624  -0.298398 -0.000000 0.000000
154  -0.202703 -2.255283 -8.465172  -0.283134 -0.000000 0.000000
155  0.509548 -2.352983 -8.771159  -0.295352 -0.000000 0.000000
156  -0.202704 -2.481606 -9.235471  -0.285437 -0.000000 0.000000
157  0.509546 -2.588683 -9.538638  -0.297654 -0.000000 0.000000
158  0.170122 -21.222097 -1.001140  -0.000001 -0.000001 0.000000
159  0.170122 -20.843864 -0.397183  -0.000001 -0.000001 0.000000
160  0.170122 -20.489748 -1.001140  -0.000001 -0.000001 0.000000
161  0.170124 -20.111067 -0.397183  -0.000001 -0.000001 0.000000
162  0.170123 -19.380089 -0.397186  -0.000001 -0.000001 0.000000
163  0.170122 -19.025114 -1.001145  -0.000001 -0.000001 0.000000
164  0.170122 -18.646666 -0.396447  -0.000001 -0.000001 0.000000
165  0.170124 -19.755764 -1.001141  -0.000001 -0.000001 0.000000
166  -0.015973 10.612516 2.686017  0.000001 -0.000000 0.000000
167  0.059851 -50.160702 6.449381  1.570797 -0.000000 -1.570797
168  0.064652 27.351288 72.195206  -0.000000 -0.000000 -0.000001
169  6.064260 95.114014 31.645502  -0.000000 -0.000001 1.570796
170  0.054186 102.845642 29.795362  0.000000 0.000001 -1.570796
171  6.064257 69.096565 37.164318  1.570796 0.000000 1.570796
172  1.974303 11.989234 4.589250  0.000000 -0.000000 0.000000
173  -0.011481 23.944744 5.090361  0.000001 -0.000000 0.000000
174  -1.691251 8.833343 5.763507  0.000001 -0.000000 0.000000
175  6.064260 89.329803 31.613916  -0.000000 -0.000001 1.570796
176  0.059886 2.255335 54.398010  -0.000000 -0.000000 0.000000
177  0.003497 -22.270645 0.000145  1.570797 -0.000000 -1.570797
178  0.104010 15.380370 2.266153  0.000001 -0.000000 -0.000000
179  -0.000006 0.000052 0.000052  0.000000 0.000000 0.000000
180  0.000018 -0.000001 -0.000011  -0.000000 0.000000 0.000000
181  -2.662413 1.445758 33.628742  0.000000 3.141591 1.570796
182  8.352066 2.772897 0.000545  -3.141589 0.000002 -0.000000
183  -2.662412 1.445755 40.667957  0.000000 3.141591 1.570796
184  8.352066 2.772897 0.000539  -3.141589 0.000002 -0.000000
185  -1.431356 16.384779 4.137811  0.000001 -0.000000 0.000000
186  -0.001845 0.521683 -0.140289  0.000000 -0.000000 -0.000000
187  7.323109 -5.136192 -5.166237  0.000000 0.000000 -0.610865
188  2.698276 -0.000001 -0.000000  -0.000012 0.000000 0.000000
189  2.834160 -0.000002 -0.000000  0.000013 0.000000 -0.000000
190  2.648919 0.000001 0.000000  -0.000001 -0.000001 0.000000
191  2.667496 -0.000001 -0.000001  0.000000 0.000000 0.000000
192  2.426700 -0.000001 -0.000001  -0.000000 0.000000 -0.000000
193  -0.494744 -44.353443 -1.302299  1.570797 -0.000000 -1.570797
194  11.545938 73.768417 -3.792009  0.000000 -0.000000 0.000000
195  -0.066955 -10.025105 -0.912534  -0.000000 -0.000000 0.000000
196  -0.000000 0.000000 -1.529052  -0.000000 -0.000000 0.000000
197  -0.078942 0.000002 -0.000000  0.000000 0.000001 1.570796
198  0.097092 0.000002 0.000000  -0.000000 -3.141592 1.570796
199  0.000000 0.000000 0.000000  0.000000 -0.000000 -0.000000
200  -0.039289 -1.609833 -0.474266  0.043761 0.005846 0.037006
201  1.050463 -1.549843 -1.773842  0.043761 0.005846 0.037005
time 43
0  0 0 0  0 0 0
1  0.000000 0.000000 0.000000  0.000000 -0.000000 -0.000000
2  -0.000005 0.000023 -61.375507  0.000000 0.000000 -1.570795
3  -0.012872 0.000000 8.235020  -1.570799 -1.570796 0.000000
4  16.163128 -0.012870 -0.000002  -0.000000 -0.000000 0.000000
5  -0.000000 0.000000 -0.000005  0.000000 -0.000000 -0.000000
6  -0.000034 -0.000002 -0.000000  -0.002824 0.005030 0.017816
7  -0.000001 -0.000007 0.000001  0.000000 0.000000 0.050056
8  -0.000000 0.000001 0.000000  -0.001160 -0.000000 -0.000000
9  0.000004 0.000001 0.000000  -0.002319 -0.000000 -0.000000
10  -0.000000 0.000001 0.000001  -0.003479 -0.000000 -0.000000
11  -0.000000 0.000001 0.000001  -0.004700 0.000000 -0.000000
12  -0.000000 0.000001 -0.000000  -0.005860 -0.000000 -0.000000
13  -0.000004 -0.000001 -0.000001  -0.007019 -0.000000 -0.000000
14  -0.000004 -0.000000 -0.000000  -0.008240 -0.000000 -0.000000
15  -0.000000 0.000002 0.000003  -0.007006 -0.035242 -0.039010
16  -0.000010 -0.000001 0.000001  -0.000000 -0.000001 -0.000000
17  -0.000009 0.000000 0.000004  0.000000 0.000000 -0.000000
18  -0.000006 0.000000 0.000003  -0.000000 -0.000000 -0.000000
19  -0.000002 0.000002 -0.000001  -0.000000 -0.000000 -0.000000
20  -0.000002 0.000001 -0.000001  0.000000 -0.000000 -0.000000
21  -0.000002 -0.000000 -0.000000  -0.000000 0.000000 0.000000
22  -0.000006 0.000001 -0.000001  -0.000000 -0.000000 -0.000000
23  3.672212 0.000003 -0.000002  0.000003 0.000001 0.142941
24  -0.000003 -0.000001 0.000000  -0.000000 0.000000 0.000000
25  0.000002 0.000001 -0.000002  -0.000000 -0.000000 -0.000000
26  -0.000002 0.000001 0.000001  -0.000000 0.000000 -0.000000
27  2.496791 0.000004 -0.000000  0.000000 0.000000 -0.091107
28  -0.000002 0.000001 0.000002  -0.000000 0.000000 -0.000000
29  -0.000002 0.000001 0.000000  -0.000000 -0.000000 -0.000000
30  2.199408 0.000000 0.000004  0.000001 0.000001 0.029263
31  0.000004 -0.000000 0.000003  0.000000 -0.000000 0.000000
32  -0.000019 -0.000001 0.000001  -0.001708 -0.019732 -0.018722
33  0.000001 0.000000 -0.000000  0.000000 -0.000000 0.079858
34  -0.000002 0.000000 -0.000000  -0.008301 0.000000 -0.000000
35  -0.000006 -0.000002 0.000000  -0.016663 0.000000 0.000000
36  -0.000002 -0.000001 0.000000  -0.025026 0.000000 0.000000
37  -0.000006 0.000000 0.000000  -0.033389 -0.000000 0.000000
38  -0.000006 0.000000 0.000001  -0.041753 -0.000000 -0.000000
39  -0.000006 -0.000000 -0.000000  -0.050056 -0.000000 -0.000000
40  -0.000006 -0.000001 0.000001  -0.058421 0.000000 0.000000
41  -0.000006 -0.000004 -0.000001  0.008730 -0.054672 -0.069006
42  0.000005 -0.000000 0.000001  0.000001 0.000000 0.000000
43  3.954723 0.000011 0.000004  -0.000000 -0.000002 0.166320
44  -0.000001 -0.000001 -0.000001  -0.000000 -0.000000 -0.000000
45  0.000001 -0.000002 -0.000001  0.000000 -0.000000 0.000000
46  -0.000003 0.000000 -0.000000  -0.000000 0.000000 -0.000000
47  0.000001 -0.000000 -0.000001  -0.000000 0.000000 -0.000000
48  0.000001 -0.000000 0.000000  -0.000000 -0.000000 0.000000
49  0.000001 -0.000000 0.000000  0.000000 -0.000000 -0.000000
50  -0.000003 -0.000000 -0.000000  -0.000000 0.000000 -0.000000
51  -0.000003 0.000000 0.000001  -0.000000 0.000000 0.000000
52  0.000001 -0.000000 -0.000000  0.000000 -0.000000 -0.000000
53  0.000001 -0.000000 0.000000  0.000000 0.000000 -0.000000
54  -0.000007 0.000000 0.000001  -0.000000 -0.000000 -0.000000
55  0.000001 0.000001 0.000000  0.000000 -0.000000 -0.000000
56  2.307435 0.000000 -0.000003  0.000002 0.000001 -0.056419
57  0.000000 0.000000 -0.000000  -0.004031 0.004209 -0.001290
58  0.586323 -1.439346 -0.644877  0.020169 0.035267 0.032347
59  0.071249 114.357033 62.238792  0.000000 0.000000 -0.000000
60  1.986524 0.000026 -3.123735  -2.705260 -0.000000 -1.570797
61  -1.986692 0.000021 -3.123744  0.436333 0.000001 1.570797
62  -0.000000 0.000008 0.000000  0.000000 0.000000 0.000000
63  -1.986692 0.000022 -3.123737  0.436333 0.000001 1.570797
64  -11.344163 1.135887 0.869278  0.000002 -0.025019 -0.026324
65  1.986524 0.000027 -3.123729  -2.705260 -0.000000 -1.570797
66  -11.350043 -0.729424 0.864885  0.000197 -0.025367 0.026442
67  1.754236 4.036771 -1.682664  0.392575 -0.010120 -1.546362
68  -1.755140 4.036761 -1.682666  -0.392577 -0.010391 -1.594986
69  -0.164556 7.327704 3.928703  -0.000000 0.000001 -1.570796
70  0.079082 36.742691 -0.508023  0.000001 0.000000 -0.000000
71  -1.260174 8.777410 6.736405  -0.000002 -0.424415 -3.141592
72  1.525193 18.283596 2.968621  0.000000 0.000000 -0.000000
73  0.060216 10.324389 74.469055  0.000008 0.000000 0.000000
74  0.062808 75.917992 83.075432  1.570797 0.000000 -1.570796
75  4.804174 -3.971752 0.000001  -0.000000 0.000000 -0.000000
76  -7.041578 -5.025999 0.000001  -0.000000 -0.000000 -0.000000
77  8.407170 -3.978435 0.003056  -1.570796 1.570795 0.000000
78  10.376180 -3.978447 0.003056  -1.570796 1.570796 0.000000
79  10.194004 -0.314055 -1.749547  -1.570796 1.570796 0.000000
80  20.857876 -4.015565 0.000003  0.000000 -0.000000 -0.000000
81  3.258425 5.856953 -3.403524  -0.000000 -0.000000 -0.000000
82  15.153037 5.860585 -3.403521  -0.000000 -0.000000 -0.000000
83  6.064256 77.294952 36.365795  1.570796 -0.000000 1.570796
84  -2.662411 1.445755 40.667957  -0.000000 3.141591 1.570796
85  8.352067 2.772897 0.000539  -3.141589 0.000002 -0.000000
86  6.064256 72.973694 32.593254  1.570796 -0.000000 1.570796
87  0.004365 73.768410 -3.792008  0.000000 0.000000 0.000000
88  -0.442609 1.284874 8.535290  0.000000 -0.000001 0.000000
89  0.000001 1.310215 -0.000001  0.000000 0.000000 0.000000
90  0.000001 0.582263 0.000000  0.000000 0.000000 0.000000
91  0.036297 1.284881 7.928797  0.000000 -0.000001 0.000000
92  0.000001 1.310207 -0.000000  0.000000 0.000000 0.000000
93  0.000000 0.582254 -0.000000  0.000000 0.000000 0.000000
94  5.969323 3.427461 -6.170651  -0.000000 -0.000001 -1.570797
95  -1.310207 0.000001 0.000000  0.000000 -0.000000 -0.000000
96  -0.582255 0.000001 0.000000  0.000000 -0.000000 -0.000000
97  5.969322 9.397397 -6.170660  -0.000000 -0.000001 -1.570796
98  -1.310209 0.000001 0.000001  0.000000 0.000000 -0.000000
99  -0.582257 -0.000000 -0.000000  0.000000 0.000000 -0.000000
100  5.969322 15.223766 -6.170669  -0.000000 -0.000001 -1.570796
101  -1.310209 0.000002 0.000000  -0.000000 0.000000 -0.000000
102  -0.582256 0.000001 0.000001  -0.000000 0.000000 -0.000000
103  5.969323 20.835571 -6.170672  -0.000000 -0.000001 -1.570796
104  -1.310204 0.000002 0.000001  -0.000000 0.000000 -0.000000
105  -0.582252 0.000001 0.000004  -0.000000 0.000000 -0.000000
106  5.969324 26.771202 -6.170672  -0.000000 -0.000001 -1.570796
107  5.969322 32.597588 -6.170676  -0.000000 -0.000001 -1.570796
108  5.969323 38.209393 -6.170685  -0.000000 -0.000001 -1.570800
109  5.969322 49.488461 -6.170684  -0.000000 -0.000001 -1.570800
110  -0.539090 -0.556808 -0.017363  -0.042462 2.681156 1.551919
111  -6.799124 -0.556802 0.818549  -0.272420 2.701993 1.452460
112  -4.615282 -0.556823 0.270327  -0.117230 2.684609 1.518878
113  -2.650969 -0.556810 0.063010  -0.042463 2.681158 1.551919
114  27.110336 1.284858 12.007546  0.000000 -0.000000 -0.000000
115  28.133425 1.284856 12.007547  0.000001 -0.000000 -0.000000
116  12.812885 2.241782 12.007549  0.000000 -0.000001 -0.000001
117  -9.955965 -0.319620 4.380214  -0.000001 -0.000000 -0.000001
118  -11.316471 -0.319623 4.380214  -0.000003 -0.000000 0.000000
119  -12.667809 -0.319624 4.380214  -0.000003 -0.000000 0.000001
120  -14.022140 -0.319620 4.380214  0.000010 -0.000000 -0.000011
121  -15.373239 -0.319622 4.380213  0.000015 -0.000000 -0.000015
122  -16.724142 -0.319622 4.380214  -0.000009 -0.000000 0.000006
123  -18.074574 -0.319622 4.380214  -0.000006 -0.000000 0.000004
124  -19.423716 -0.319618 4.380214  0.000002 0.000000 -0.000004
125  -20.775270 -0.319620 4.380214  0.000003 0.000000 -0.000004
126  -22.126671 -0.319619 4.380214  0.000003 0.000000 -0.000004
127  -23.478123 -0.319616 4.380214  0.000005 0.000000 -0.000006
128  -24.830620 -0.319619 4.380214  0.000036 -0.000000 -0.000038
129  -26.182028 -0.319618 4.380214  -0.000011 0.000000 0.000011
130  0.529180 -0.167132 0.629484  -0.101270 -0.000000 0.000000
131  -0.211444 -0.241681 0.155360  -0.145847 -0.000000 0.000000
132  0.529190 -0.280701 -0.110293  -0.145847 -0.000000 0.000000
133  -0.173927 -0.337323 -0.638496  -0.181751 -0.000000 0.000000
134  0.529190 -0.399244 -0.975394  -0.181751 -0.000000 0.000000
135  -0.211444 -0.464480 -1.431043  -0.192399 -0.000000 0.000000
136  0.529189 -0.515813 -1.694583  -0.192399 -0.000000 0.000000
137  -0.173928 -0.612154 -2.231911  -0.216703 -0.000000 0.000000
138  0.529188 -0.685812 -2.566440  -0.216703 -0.000000 0.000000
139  -0.211445 -0.769570 -3.027870  -0.237349 -0.000000 0.000000
140  0.529188 -0.832682 -3.288848  -0.237349 -0.000000 0.000000
141  -0.173937 -0.945287 -3.779564  -0.233859 0.000000 0.000000
142  0.529179 -1.024658 -4.112781  -0.233859 0.000000 0.000000
143  -0.211443 -1.132187 -4.577549  -0.262919 -0.000000 0.000000
144  0.529190 -1.201959 -4.836825  -0.262919 0.000000 0.000000
145  -0.000004 -2.810938 -10.636631  0.258454 0.000000 3.141592
146  -0.192455 -1.345778 -5.370045  -0.280373 0.000000 0.000000
147  0.533984 -1.413507 -5.605106  -0.276883 0.000000 0.000000
148  -0.206618 -1.795763 -6.909780  -0.287354 0.000000 0.000000
149  -0.205804 -1.564814 -6.138257  -0.290843 0.000000 0.000000
150  0.530460 -1.643675 -6.395215  -0.290844 0.000000 0.000000
151  0.535311 -1.790713 -7.204133  -0.287354 -0.000000 0.000000
152  -0.202703 -2.030483 -7.702830  -0.286180 -0.000000 0.000000
153  0.509548 -2.118898 -8.011624  -0.298398 -0.000000 0.000000
154  -0.202703 -2.255278 -8.465173  -0.283134 -0.000000 0.000000
155  0.509548 -2.352976 -8.771160  -0.295352 -0.000000 0.000000
156  -0.202704 -2.481600 -9.235471  -0.285437 -0.000000 0.000000
157  0.509547 -2.588687 -9.538639  -0.297654 -0.000000 0.000000
158  0.170123 -21.222088 -1.001140  -0.000001 -0.000001 0.000000
159  0.170123 -20.843864 -0.397183  -0.000001 -0.000001 0.000000
160  0.170123 -20.489738 -1.001142  -0.000001 -0.000001 0.000000
161  0.170124 -20.111069 -0.397183  -0.000001 -0.000001 0.000000
162  0.170123 -19.380091 -0.397187  -0.000001 -0.000001 0.000000
163  0.170123 -19.025103 -1.001146  -0.000001 -0.000001 0.000000
164  0.170123 -18.646662 -0.396448  -0.000001 -0.000001 0.000000
165  0.170124 -19.755758 -1.001142  -0.000001 -0.000001 0.000000
166  -0.015973 10.612517 2.686017  0.000001 0.000000 -0.000000
167  0.059851 -50.160702 6.449380  1.570797 0.000000 -1.570797
168  0.064652 27.351290 72.195206  0.000000 -0.000000 -0.000001
169  6.064260 95.114006 31.645502  0.000000 -0.000001 1.570796
170  0.054185 102.845642 29.795362  -0.000000 0.000001 -1.570796
171  6.064257 69.096558 37.164318  1.570796 -0.000000 1.570796
172  1.974302 11.989233 4.589250  0.000000 0.000000 -0.000000
173  -0.011481 23.944744 5.090361  0.000001 0.000000 0.000000
174  -1.691251 8.833342 5.763507  0.000001 0.000000 -0.000000
175  6.064260 89.329796 31.613914  0.000000 -0.000001 1.570796
176  0.059886 2.255334 54.398010  0.000000 0.000000 0.000000
177  0.003497 -22.270647 0.000153  1.570797 0.000000 -1.570797
178  0.104010 15.380369 2.266153  0.000001 0.000000 -0.000000
179  -0.000007 0.000053 0.000049  0.000000 0.000000 0.000000
180  0.000019 -0.000005 -0.000012  -0.000000 0.000000 0.000000
181  -2.662412 1.445758 33.628742  -0.000000 3.141591 1.570796
182  8.352066 2.772897 0.000542  -3.141589 0.000002 -0.000000
183  -2.662411 1.445755 40.667957  -0.000000 3.141591 1.570796
184  8.352067 2.772897 0.000539  -3.141589 0.000002 -0.000000
185  -1.431356 16.384781 4.137811  0.000001 0.000000 0.000000
186  -0.001845 0.521683 -0.140290  0.000000 0.000000 -0.000000
187  7.323109 -5.136191 -5.166237  0.000000 0.000000 -0.610865
188  2.698277 -0.000001 0.000001  -0.000012 0.000000 0.000001
189  2.834161 -0.000002 0.000000  0.000013 0.000000 -0.000000
190  2.648917 0.000001 0.000001  -0.000001 -0.000001 0.000000
191  2.667498 -0.000001 -0.000001  -0.000000 0.000000 0.000000
192  2.426704 -0.000001 0.000000  -0.000000 0.000000 -0.000000
193  -0.494744 -44.353451 -1.302299  1.570797 0.000000 -1.570797
194  11.545937 73.768417 -3.792010  0.000000 0.000000 -0.000000
195  -0.066955 -10.025106 -0.912534  0.000000 0.000000 -0.000000
196  0.000000 -0.000001 -1.529052  -0.000000 0.000000 -0.000000
197  -0.078942 -0.000001 -0.000000  0.000000 0.000001 1.570796
198  0.097092 -0.000001 -0.000000  -0.000000 -3.141592 1.570796
199  0.000000 0.000000 0.000000  0.000000 -0.000000 -0.000000
200  -0.362223 -1.481819 -0.016679  0.020169 0.035267 0.032347
201  0.714371 -1.359646 -0.811788  0.020169 0.035267 0.032347
time 44
0  0 0 0  0 0 0
1  0.000000 0.000000 0.000000  0.000000 -0.000000 -0.000000
2  -0.000005 0.000023 -61.375507  0.000000 0.000000 -1.570795
3  -0.012872 0.000000 8.235020  -1.570799 -1.570796 0.000000
4  16.163128 -0.012870 -0.000002  -0.000000 -0.000000 0.000000
5  -0.000000 0.000000 -0.000005  0.000000 -0.000000 -0.000000
6  -0.000034 -0.000002 -0.000000  -0.008794 0.005363 -0.001916
7  0.000004 -0.000007 0.000001  0.000000 0.000000 0.055795
8  -0.000003 0.000001 0.000000  -0.001953 -0.000000 -0.000000
9  0.000001 0.000001 0.000000  -0.003906 -0.000000 -0.000000
10  0.000001 0.000000 0.000001  -0.005860 -0.000000 -0.000000
11  0.000001 -0.000000 0.000001  -0.007813 0.000000 -0.000000
12  -0.000003 0.000000 -0.000000  -0.009766 -0.000000 -0.000000
13  -0.000003 -0.000001 -0.000001  -0.011719 -0.000000 -0.000000
14  0.000001 -0.000001 -0.000000  -0.013673 -0.000000 -0.000000
15  0.000001 0.000002 0.000003  -0.012015 -0.052598 -0.044750
16  -0.000010 -0.000001 0.000001  -0.000000 -0.000001 -0.000000
17  -0.000006 0.000000 0.000004  0.000000 0.000000 -0.000000
18  -0.000006 0.000000 0.000003  -0.000000 -0.000000 -0.000000
19  -0.000003 0.000002 -0.000001  -0.000000 -0.000000 -0.000000
20  0.000001 0.000001 -0.000000  -0.000000 -0.000000 -0.000000
21  0.000001 0.000000 -0.000000  -0.000000 0.000000 0.000000
22  -0.000011 0.000001 -0.000001  -0.000000 -0.000000 -0.000000
23  3.672210 0.000003 -0.000001  0.000003 0.000001 0.142941
24  -0.000003 -0.000001 0.000000  -0.000000 0.000000 0.000000
25  -0.000003 0.000001 -0.000001  -0.000000 -0.000000 -0.000000
26  -0.000003 0.000001 0.000001  -0.000000 0.000000 -0.000000
27  2.496797 0.000004 -0.000000  0.000000 0.000000 -0.091107
28  -0.000003 0.000000 0.000002  -0.000000 0.000000 -0.000000
29  0.000001 0.000001 0.000001  -0.000000 -0.000000 -0.000000
30  2.199414 0.000000 0.000004  0.000001 0.000001 0.029263
31  0.000004 -0.000000 0.000003  0.000000 -0.000000 0.000000
32  -0.000019 -0.000001 0.000001  0.001967 -0.025874 -0.005824
33  -0.000006 0.000001 0.000000  0.000000 -0.000000 0.066848
34  0.000001 -0.000000 -0.000000  -0.010560 0.000000 -0.000000
35  -0.000003 -0.000003 0.000000  -0.021119 0.000000 0.000000
36  0.000001 -0.000001 0.000000  -0.031680 0.000000 0.000000
37  0.000001 -0.000001 0.000000  -0.042241 -0.000000 0.000000
38  -0.000007 0.000000 0.000001  -0.052803 -0.000000 -0.000000
39  0.000001 -0.000000 -0.000000  -0.063367 -0.000000 -0.000000
40  0.000001 -0.000002 0.000001  -0.073933 0.000000 0.000000
41  -0.000007 -0.000004 -0.000001  -0.003109 -0.065956 -0.068737
42  0.000007 -0.000000 0.000001  0.000001 0.000000 0.000000
43  3.954724 0.000011 0.000004  -0.000000 -0.000002 0.166320
44  0.000003 -0.000002 -0.000001  -0.000000 -0.000000 -0.000000
45  0.000003 -0.000002 -0.000001  0.000000 -0.000000 0.000000
46  0.000003 0.000000 -0.000000  -0.000000 0.000000 -0.000000
47  0.000003 -0.000000 -0.000000  -0.000000 0.000000 -0.000000
48  -0.000001 -0.000001 0.000000  0.000000 -0.000000 0.000000
49  0.000007 -0.000000 -0.000000  0.000000 -0.000000 0.000000
50  0.000003 -0.000000 -0.000000  -0.000000 -0.000000 -0.000000
51  -0.000005 0.000000 0.000001  -0.000000 0.000000 0.000000
52  0.000003 -0.000000 0.000000  0.000000 -0.000000 -0.000000
53  -0.000001 -0.000000 -0.000000  0.000000 0.000000 -0.000000
54  -0.000001 0.000000 0.000000  -0.000000 0.000000 -0.000000
55  0.000003 0.000001 0.000000  0.000000 -0.000000 -0.000000
56  2.307437 0.000000 -0.000002  0.000002 0.000001 -0.056419
57  0.000000 0.000000 -0.000000  -0.003237 0.004149 -0.001044
58  0.257140 -1.117630 -0.010745  0.004368 0.056783 0.024794
59  0.071249 114.357033 62.238800  0.000000 0.000000 -0.000000
60  1.986525 0.000026 -3.123734  -2.705260 -0.000000 -1.570797
61  -1.986692 0.000025 -3.123740  0.436333 0.000001 1.570797
62  -0.000000 0.000004 0.000001  0.000000 0.000000 0.000000
63  -1.986692 0.000025 -3.123734  0.436333 0.000001 1.570797
64  -11.344167 1.135887 0.869274  0.000002 -0.025019 -0.026324
65  1.986525 0.000026 -3.123729  -2.705260 -0.000000 -1.570797
66  -11.350059 -0.729422 0.864884  0.000197 -0.025367 0.026442
67  1.754236 4.036770 -1.682663  0.392575 -0.010120 -1.546362
68  -1.755139 4.036767 -1.682666  -0.392577 -0.010391 -1.594986
69  -0.164556 7.327704 3.928703  -0.000000 0.000001 -1.570796
70  0.079082 36.742691 -0.508023  0.000001 0.000000 -0.000000
71  -1.260174 8.777410 6.736406  -0.000002 -0.424416 -3.141592
72  1.525193 18.283598 2.968622  0.000000 0.000000 -0.000000
73  0.060216 10.324389 74.469055  0.000008 0.000000 0.000000
74  0.062809 75.918007 83.075447  1.570797 0.000000 -1.570796
75  4.804179 -3.971740 0.000001  -0.000000 0.000000 -0.000000
76  -7.041570 -5.025992 0.000002  -0.000000 -0.000000 -0.000000
77  8.407177 -3.978434 0.003055  -1.570796 1.570795 0.000000
78  10.376189 -3.978436 0.003056  -1.570796 1.570796 0.000000
79  10.194015 -0.314053 -1.749548  -1.570796 1.570796 0.000000
80  20.857882 -4.015555 0.000003  0.000000 -0.000000 -0.000000
81  3.258437 5.856951 -3.403524  -0.000000 -0.000000 -0.000000
82  15.153043 5.860580 -3.403520  -0.000000 -0.000000 -0.000000
83  6.064257 77.294960 36.365795  1.570796 -0.000000 1.570796
84  -2.662412 1.445755 40.667961  -0.000000 3.141591 1.570796
85  8.352066 2.772896 0.000546  -3.141589 0.000002 -0.000000
86  6.064256 72.973694 32.593250  1.570796 -0.000000 1.570796
87  0.004365 73.768425 -3.792008  0.000000 0.000000 0.000000
88  -0.442609 1.284885 8.535290  0.000000 -0.000001 0.000000
89  0.000001 1.310213 0.000000  0.000000 0.000000 0.000000
90  0.000000 0.582260 0.000001  0.000000 0.000000 0.000000
91  0.036297 1.284882 7.928799  0.000000 -0.000001 0.000000
92  0.000001 1.310210 -0.000001  0.000000 0.000000 0.000000
93  -0.000000 0.582249 -0.000000  0.000000 0.000000 0.000000
94  5.969324 3.427460 -6.170652  -0.000000 -0.000001 -1.570797
95  -1.310208 0.000001 0.000000  0.000000 0.000000 -0.000000
96  -0.582255 0.000000 -0.000001  0.000000 0.000000 -0.000000
97  5.969323 9.397402 -6.170660  -0.000000 -0.000001 -1.570796
98  -1.310201 0.000000 0.000001  0.000000 0.000000 -0.000000
99  -0.582248 -0.000001 -0.000000  0.000000 0.000000 -0.000000
100  5.969322 15.223768 -6.170671  -0.000000 -0.000001 -1.570796
101  -1.310205 0.000002 0.000002  -0.000000 0.000000 -0.000000
102  -0.582252 0.000001 0.000002  -0.000000 0.000000 -0.000000
103  5.969324 20.835577 -6.170671  -0.000000 -0.000001 -1.570796
104  -1.310205 0.000002 0.000002  -0.000000 0.000000 -0.000000
105  -0.582245 0.000001 0.000003  -0.000000 0.000000 -0.000000
106  5.969324 26.771212 -6.170672  -0.000000 -0.000001 -1.570796
107  5.969323 32.597603 -6.170675  -0.000000 -0.000001 -1.570796
108  5.969323 38.209396 -6.170685  -0.000000 -0.000001 -1.570800
109  5.969323 49.488468 -6.170685  -0.000000 -0.000001 -1.570800
110  -0.539090 -0.556800 -0.017363  -0.042462 2.681156 1.551919
111  -6.799123 -0.556809 0.818549  -0.272420 2.701993 1.452460
112  -4.615283 -0.556819 0.270328  -0.117230 2.684609 1.518878
113  -2.650969 -0.556797 0.063010  -0.042463 2.681158 1.551919
114  27.110340 1.284857 12.007548  0.000000 -0.000000 0.000000
115  28.133427 1.284856 12.007547  0.000001 -0.000000 0.000000
116  12.812888 2.241791 12.007549  0.000000 -0.000001 -0.000001
117  -9.955966 -0.319619 4.380214  -0.000001 -0.000000 -0.000001
118  -11.316474 -0.319616 4.380215  -0.000003 -0.000000 0.000000
119  -12.667810 -0.319619 4.380215  -0.000003 -0.000000 0.000001
120  -14.022141 -0.319616 4.380215  0.000010 -0.000000 -0.000011
121  -15.373240 -0.319610 4.380214  0.000015 -0.000000 -0.000015
122  -16.724142 -0.319615 4.380214  -0.000009 -0.000000 0.000006
123  -18.074574 -0.319618 4.380214  -0.000006 0.000000 0.000004
124  -19.423717 -0.319614 4.380214  0.000002 0.000000 -0.000004
125  -20.775270 -0.319611 4.380214  0.000003 0.000000 -0.000004
126  -22.126671 -0.319612 4.380215  0.000003 0.000000 -0.000004
127  -23.478123 -0.319612 4.380215  0.000005 0.000000 -0.000006
128  -24.830622 -0.319616 4.380215  0.000036 0.000000 -0.000038
129  -26.182028 -0.319610 4.380215  -0.000011 0.000000 0.000011
130  0.529180 -0.167121 0.629484  -0.101270 -0.000000 0.000000
131  -0.211444 -0.241675 0.155361  -0.145847 -0.000000 0.000000
132  0.529190 -0.280693 -0.110293  -0.145847 -0.000000 0.000000
133  -0.173927 -0.337327 -0.638496  -0.181751 -0.000000 0.000000
134  0.529189 -0.399248 -0.975394  -0.181751 -0.000000 0.000000
135  -0.211444 -0.464472 -1.431042  -0.192399 -0.000000 0.000000
136  0.529189 -0.515806 -1.694584  -0.192400 -0.000000 0.000000
137  -0.173928 -0.612149 -2.231911  -0.216703 -0.000000 0.000000
138  0.529188 -0.685796 -2.566440  -0.216703 -0.000000 0.000000
139  -0.211445 -0.769558 -3.027871  -0.237349 -0.000000 0.000000
140  0.529188 -0.832678 -3.288848  -0.237349 -0.000000 0.000000
141  -0.173937 -0.945282 -3.779565  -0.233859 0.000000 0.000000
142  0.529179 -1.024651 -4.112781  -0.233859 0.000000 0.000000
143  -0.211443 -1.132187 -4.577548  -0.262919 -0.000000 0.000000
144  0.529190 -1.201960 -4.836826  -0.262919 0.000000 0.000000
145  -0.000004 -2.810933 -10.636631  0.258454 0.000000 3.141592
146  -0.192455 -1.345775 -5.370046  -0.280373 0.000000 0.000000
147  0.533984 -1.413506 -5.605106  -0.276883 0.000000 0.000000
148  -0.206618 -1.795756 -6.909780  -0.287354 0.000000 0.000000
149  -0.205805 -1.564811 -6.138257  -0.290843 0.000000 0.000000
150  0.530460 -1.643676 -6.395215  -0.290844 0.000000 0.000000
151  0.535311 -1.790705 -7.204133  -0.287354 -0.000000 0.000000
152  -0.202703 -2.030477 -7.702830  -0.286180 -0.000000 0.000000
153  0.509548 -2.118901 -8.011625  -0.298398 -0.000000 0.000000
154  -0.202703 -2.255277 -8.465173  -0.283134 -0.000000 0.000000
155  0.509548 -2.352977 -8.771160  -0.295352 -0.000000 0.000000
156  -0.202704 -2.481590 -9.235473  -0.285437 -0.000000 0.000000
157  0.509547 -2.588678 -9.538640  -0.297654 -0.000000 0.000000
158  0.170122 -21.222094 -1.001141  -0.000001 -0.000001 0.000000
159  0.170122 -20.843861 -0.397183  -0.000001 -0.000001 0.000000
160  0.170122 -20.489746 -1.001141  -0.000001 -0.000001 0.000000
161  0.170124 -20.111069 -0.397183  -0.000001 -0.000001 0.000000
162  0.170122 -19.380087 -0.397187  -0.000001 -0.000001 0.000000
163  0.170123 -19.025106 -1.001146  -0.000001 -0.000001 0.000000
164  0.170123 -18.646654 -0.396448  -0.000001 -0.000001 0.000000
165  0.170124 -19.755762 -1.001142  -0.000001 -0.000001 0.000000
166  -0.015973 10.612517 2.686017  0.000001 0.000000 -0.000000
167  0.059851 -50.160702 6.449381  1.570797 -0.000000 -1.570797
168  0.064652 27.351290 72.195221  0.000000 -0.000000 -0.000001
169  6.064261 95.114021 31.645502  0.000000 -0.000001 1.570796
170  0.054185 102.845650 29.795366  -0.000000 0.000001 -1.570796
171  6.064257 69.096565 37.164322  1.570796 -0.000000 1.570796
172  1.974303 11.989234 4.589251  0.000000 0.000000 -0.000000
173  -0.011481 23.944746 5.090362  0.000001 0.000000 0.000000
174  -1.691251 8.833342 5.763507  0.000001 0.000000 -0.000000
175  6.064260 89.329803 31.613918  0.000000 -0.000001 1.570796
176  0.059887 2.255335 54.398010  -0.000000 0.000000 0.000000
177  0.003496 -22.270647 0.000141  1.570797 0.000000 -1.570797
178  0.104010 15.380371 2.266153  0.000001 0.000000 -0.000000
179  -0.000008 0.000054 0.000052  0.000000 0.000000 0.000000
180  0.000020 -0.000000 -0.000015  -0.000000 0.000000 0.000000
181  -2.662412 1.445758 33.628746  -0.000000 3.141591 1.570796
182  8.352066 2.772896 0.000544  -3.141589 0.000002 -0.000000
183  -2.662412 1.445755 40.667961  -0.000000 3.141591 1.570796
184  8.352066 2.772896 0.000546  -3.141589 0.000002 -0.000000
185  -1.431356 16.384781 4.137811  0.000001 0.000000 0.000000
186  -0.001845 0.521683 -0.140290  0.000000 0.000000 -0.000000
187  7.323109 -5.136191 -5.166237  0.000000 0.000000 -0.610865
188  2.698277 -0.000001 0.000000  -0.000012 0.000000 0.000000
189  2.834160 -0.000001 -0.000000  0.000013 0.000000 0.000000
190  2.648918 -0.000001 0.000000  -0.000001 -0.000001 0.000000
191  2.667500 -0.000001 -0.000001  -0.000000 0.000000 0.000000
192  2.426705 -0.000001 -0.000001  -0.000000 0.000000 -0.000000
193  -0.494744 -44.353451 -1.302299  1.570797 0.000000 -1.570797
194  11.545938 73.768417 -3.792009  0.000000 0.000000 -0.000000
195  -0.066954 -10.025105 -0.912534  0.000000 0.000000 -0.000000
196  -0.000000 -0.000001 -1.529052  -0.000000 0.000000 -0.000000
197  -0.078942 -0.000001 -0.000000  0.000000 0.000001 1.570796
198  0.097092 -0.000001 -0.000000  -0.000000 -3.141592 1.570796
199  0.000000 0.000000 0.000000  0.000000 -0.000000 -0.000000
200  -0.583502 -1.187527 0.276127  0.004368 0.056783 0.024794
201  0.383158 -1.045452 -0.195852  0.004368 0.056783 0.024793
time 45
0  0 0 0  0 0 0
1  0.000000 0.000000 0.000000  0.000000 -0.000000 -0.000000
2  -0.000005 0.000023 -61.375507  0.000000 0.000000 -1.570795
3  -0.012872 0.000000 8.235020  -1.570799 -1.570796 0.000000
4  16.163128 -0.012870 -0.000002  -0.000000 -0.000000 0.000000
5  -0.000000 0.000000 -0.000005  0.000000 -0.000000 -0.000000
6  -0.000034 -0.000002 -0.000000  -0.009550 0.004457 -0.012595
7  0.000000 -0.000007 0.000001  0.000000 0.000000 0.049018
8  -0.000004 0.000001 0.000000  -0.002258 -0.000000 -0.000000
9  -0.000004 0.000001 0.000000  -0.004517 -0.000000 -0.000000
10  -0.000004 0.000001 0.000001  -0.006775 -0.000000 -0.000000
11  -0.000004 0.000000 0.000001  -0.009095 0.000000 -0.000000
12  -0.000004 0.000000 -0.000000  -0.011353 -0.000000 -0.000000
13  -0.000004 -0.000001 -0.000000  -0.013611 -0.000000 -0.000000
14  -0.000007 -0.000001 -0.000000  -0.015870 -0.000000 -0.000000
15  -0.000004 0.000002 0.000003  -0.014473 -0.059344 -0.041220
16  -0.000006 -0.000001 0.000001  -0.000000 -0.000001 -0.000000
17  -0.000002 0.000000 0.000004  0.000000 0.000000 -0.000000
18  0.000002 0.000000 0.000003  -0.000000 -0.000000 -0.000000
19  0.000002 0.000002 -0.000002  -0.000000 -0.000000 -0.000000
20  0.000002 0.000001 -0.000000  0.000000 -0.000000 -0.000000
21  0.000006 0.000000 -0.000001  -0.000000 0.000000 0.000000
22  -0.000006 0.000001 -0.000001  -0.000000 -0.000000 -0.000000
23  3.672213 0.000003 -0.000002  0.000003 0.000001 0.142941
24  -0.000002 -0.000001 0.000000  -0.000000 0.000000 0.000000
25  -0.000002 0.000001 -0.000002  -0.000000 -0.000000 -0.000000
26  0.000002 0.000001 0.000000  -0.000000 0.000000 -0.000000
27  2.496794 0.000004 -0.000000  0.000000 0.000000 -0.091107
28  -0.000002 0.000000 0.000002  -0.000000 0.000000 -0.000000
29  0.000002 0.000001 0.000000  -0.000000 -0.000000 -0.000000
30  2.199418 0.000000 0.000004  0.000001 0.000001 0.029263
31  0.000004 -0.000000 0.000003  0.000000 -0.000000 0.000000
32  -0.000019 -0.000001 0.000001  0.003789 -0.025340 0.004469
33  -0.000001 0.000001 -0.000000  0.000000 -0.000000 0.048163
34  -0.000001 -0.000000 -0.000000  -0.010682 0.000000 -0.000000
35  -0.000005 -0.000002 -0.000000  -0.021363 0.000000 0.000000
36  -0.000009 -0.000001 0.000000  -0.032046 0.000000 0.000000
37  -0.000008 -0.000000 0.000000  -0.042729 -0.000000 0.000000
38  -0.000008 0.000000 0.000000  -0.053414 -0.000000 -0.000000
39  -0.000008 -0.000000 -0.000000  -0.064100 -0.000000 -0.000000
40  -0.000009 -0.000002 0.000001  -0.074788 0.000000 0.000000
41  -0.000013 -0.000004 -0.000001  -0.011118 -0.066715 -0.058633
42  0.000001 -0.000000 0.000001  0.000001 0.000000 0.000000
43  3.954720 0.000011 0.000004  -0.000000 -0.000002 0.166319
44  0.000003 -0.000002 -0.000001  -0.000000 -0.000000 -0.000000
45  0.000000 -0.000002 -0.000001  0.000000 -0.000000 0.000000
46  0.000000 0.000000 0.000000  -0.000000 0.000000 -0.000000
47  0.000000 -0.000000 -0.000000  -0.000000 0.000000 -0.000000
48  -0.000003 -0.000000 0.000000  -0.000000 0.000000 0.000000
49  0.000001 -0.000000 -0.000000  0.000000 -0.000000 -0.000000
50  0.000001 -0.000000 0.000000  -0.000000 -0.000000 -0.000000
51  -0.000003 0.000000 0.000000  -0.000000 0.000000 0.000000
52  0.000001 -0.000000 0.000000  0.000000 -0.000000 -0.000000
53  0.000001 -0.000000 0.000000  0.000000 0.000000 -0.000000
54  -0.000003 0.000000 0.000001  -0.000000 -0.000000 -0.000000
55  0.000001 0.000001 0.000000  0.000000 -0.000000 -0.000000
56  2.307428 0.000000 -0.000002  0.000002 0.000001 -0.056419
57  0.000000 0.000000 -0.000000  -0.002320 0.003845 -0.000554
58  -0.004053 -0.733658 0.335767  -0.005160 0.065120 0.015954
59  0.071248 114.357033 62.238796  0.000000 -0.000000 -0.000000
60  1.986524 0.000011 -3.123740  -2.705260 -0.000000 -1.570797
61  -1.986693 0.000016 -3.123740  0.436333 0.000001 1.570797
62  -0.000000 -0.000008 -0.000003  0.000000 -0.000000 0.000000
63  -1.986692 0.000008 -3.123734  0.436333 0.000001 1.570797
64  -11.344155 1.135885 0.869270  0.000002 -0.025019 -0.026324
65  1.986524 0.000011 -3.123734  -2.705260 -0.000000 -1.570797
66  -11.350053 -0.729422 0.864885  0.000197 -0.025367 0.026442
67  1.754236 4.036745 -1.682670  0.392575 -0.010120 -1.546362
68  -1.755139 4.036743 -1.682668  -0.392577 -0.010391 -1.594986
69  -0.164556 7.327704 3.928703  0.000000 0.000001 -1.570796
70  0.079082 36.742691 -0.508023  0.000001 -0.000000 -0.000000
71  -1.260174 8.777411 6.736405  -0.000002 -0.424416 -3.141592
72  1.525193 18.283598 2.968622  0.000000 -0.000000 -0.000000
73  0.060216 10.324387 74.469055  0.000008 -0.000000 0.000000
74  0.062808 75.917999 83.075439  1.570797 0.000000 -1.570796
75  4.804178 -3.971751 0.000001  -0.000000 0.000000 -0.000000
76  -7.041574 -5.025998 0.000001  -0.000000 -0.000000 -0.000000
77  8.407175 -3.978443 0.003055  -1.570796 1.570795 0.000000
78  10.376179 -3.978459 0.003056  -1.570796 1.570796 0.000000
79  10.194011 -0.314076 -1.749548  -1.570796 1.570796 0.000000
80  20.857882 -4.015573 0.000003  0.000000 -0.000000 -0.000000
81  3.258437 5.856942 -3.403523  -0.000000 -0.000000 -0.000000
82  15.153045 5.860570 -3.403521  0.000000 -0.000000 -0.000000
83  6.064256 77.294945 36.365791  1.570796 -0.000000 1.570796
84  -2.662412 1.445755 40.667957  0.000000 3.141591 1.570796
85  8.352065 2.772896 0.000540  -3.141589 0.000002 0.000000
86  6.064256 72.973686 32.593250  1.570796 -0.000000 1.570796
87  0.004365 73.768417 -3.792008  0.000000 -0.000000 0.000000
88  -0.442609 1.284883 8.535290  -0.000000 -0.000001 0.000000
89  0.000001 1.310214 0.000000  0.000000 -0.000000 0.000000
90  0.000001 0.582264 0.000000  0.000000 -0.000000 0.000000
91  0.036297 1.284878 7.928798  -0.000000 -0.000001 0.000000
92  0.000001 1.310217 -0.000001  0.000000 -0.000000 0.000000
93  0.000000 0.582267 0.000000  0.000000 -0.000000 0.000000
94  5.969323 3.427460 -6.170651  -0.000000 -0.000001 -1.570797
95  -1.310212 0.000001 0.000001  0.000000 -0.000000 -0.000000
96  -0.582262 -0.000000 -0.000001  0.000000 0.000000 -0.000000
97  5.969323 9.397395 -6.170660  -0.000000 -0.000001 -1.570796
98  -1.310206 -0.000000 0.000003  0.000000 0.000000 -0.000000
99  -0.582256 -0.000001 0.000001  0.000000 0.000000 -0.000000
100  5.969321 15.223772 -6.170669  -0.000000 -0.000001 -1.570796
101  -1.310205 0.000001 0.000001  -0.000000 0.000000 -0.000000
102  -0.582255 0.000001 0.000001  -0.000000 0.000000 -0.000000
103  5.969323 20.835571 -6.170671  -0.000000 -0.000001 -1.570796
104  -1.310210 0.000002 0.000001  -0.000000 0.000000 -0.000000
105  -0.582253 0.000001 0.000003  -0.000000 0.000000 -0.000000
106  5.969324 26.771210 -6.170671  -0.000000 -0.000001 -1.570796
107  5.969323 32.597595 -6.170674  -0.000000 -0.000001 -1.570796
108  5.969323 38.209393 -6.170686  -0.000000 -0.000001 -1.570800
109  5.969322 49.488464 -6.170685  -0.000000 -0.000001 -1.570800
110  -0.539090 -0.556807 -0.017363  -0.042462 2.681156 1.551919
111  -6.799123 -0.556808 0.818550  -0.272420 2.701993 1.452460
112  -4.615283 -0.556824 0.270328  -0.117230 2.684609 1.518878
113  -2.650969 -0.556808 0.063010  -0.042463 2.681158 1.551919
114  27.110336 1.284860 12.007548  -0.000000 -0.000000 0.000000
115  28.133425 1.284864 12.007548  0.000001 -0.000000 0.000000
116  12.812886 2.241789 12.007549  0.000000 -0.000001 -0.000001
117  -9.955968 -0.319627 4.380214  -0.000001 -0.000000 -0.000001
118  -11.316473 -0.319623 4.380215  -0.000003 -0.000000 -0.000000
119  -12.667811 -0.319620 4.380215  -0.000003 -0.000000 0.000001
120  -14.022141 -0.319622 4.380215  0.000010 -0.000000 -0.000011
121  -15.373239 -0.319615 4.380214  0.000015 -0.000000 -0.000015
122  -16.724140 -0.319619 4.380214  -0.000009 -0.000000 0.000006
123  -18.074570 -0.319623 4.380214  -0.000006 0.000000 0.000004
124  -19.423716 -0.319617 4.380214  0.000002 0.000000 -0.000004
125  -20.775269 -0.319625 4.380214  0.000003 0.000000 -0.000004
126  -22.126669 -0.319614 4.380215  0.000003 0.000000 -0.000004
127  -23.478121 -0.319617 4.380215  0.000005 -0.000000 -0.000006
128  -24.830616 -0.319625 4.380215  0.000036 0.000000 -0.000038
129  -26.182026 -0.319621 4.380215  -0.000011 0.000000 0.000011
130  0.529179 -0.167138 0.629484  -0.101270 -0.000000 0.000000
131  -0.211444 -0.241689 0.155361  -0.145847 -0.000000 0.000000
132  0.529190 -0.280698 -0.110293  -0.145847 -0.000000 0.000000
133  -0.173927 -0.337325 -0.638496  -0.181751 -0.000000 0.000000
134  0.529189 -0.399243 -0.975393  -0.181751 -0.000000 0.000000
135  -0.211444 -0.464476 -1.431042  -0.192399 -0.000000 0.000000
136  0.529189 -0.515808 -1.694583  -0.192400 -0.000000 0.000000
137  -0.173928 -0.612154 -2.231911  -0.216703 -0.000000 0.000000
138  0.529188 -0.685809 -2.566441  -0.216703 -0.000000 0.000000
139  -0.211445 -0.769558 -3.027870  -0.237349 -0.000000 0.000000
140  0.529188 -0.832689 -3.288847  -0.237349 -0.000000 0.000000
141  -0.173937 -0.945282 -3.779564  -0.233859 0.000000 0.000000
142  0.529179 -1.024661 -4.112781  -0.233859 0.000000 0.000000
143  -0.211443 -1.132178 -4.577548  -0.262919 -0.000000 0.000000
144  0.529190 -1.201967 -4.836824  -0.262919 0.000000 0.000000
145  -0.000005 -2.810945 -10.636630  0.258454 0.000000 3.141592
146  -0.192455 -1.345779 -5.370046  -0.280373 0.000000 0.000000
147  0.533983 -1.413515 -5.605104  -0.276883 0.000000 0.000000
148  -0.206618 -1.795762 -6.909779  -0.287354 0.000000 0.000000
149  -0.205805 -1.564816 -6.138258  -0.290843 0.000000 0.000000
150  0.530460 -1.643685 -6.395215  -0.290844 0.000000 0.000000
151  0.535311 -1.790717 -7.204133  -0.287354 -0.000000 0.000000
152  -0.202703 -2.030488 -7.702829  -0.286180 -0.000000 0.000000
153  0.509548 -2.118895 -8.011624  -0.298398 -0.000000 0.000000
154  -0.202704 -2.255277 -8.465172  -0.283134 -0.000000 0.000000
155  0.509548 -2.352988 -8.771159  -0.295352 -0.000000 0.000000
156  -0.202704 -2.481596 -9.235471  -0.285437 -0.000000 0.000000
157  0.509546 -2.588681 -9.538638  -0.297654 -0.000000 0.000000
158  0.170122 -21.222088 -1.001139  -0.000001 -0.000001 0.000000
159  0.170122 -20.843864 -0.397183  -0.000001 -0.000001 0.000000
160  0.170123 -20.489742 -1.001141  -0.000001 -0.000001 0.000000
161  0.170123 -20.111073 -0.397183  -0.000001 -0.000001 0.000000
162  0.170123 -19.380089 -0.397186  -0.000001 -0.000001 0.000000
163  0.170123 -19.025105 -1.001146  -0.000001 -0.000001 0.000000
164  0.170123 -18.646662 -0.396447  -0.000001 -0.000001 0.000000
165  0.170124 -19.755756 -1.001142  -0.000001 -0.000001 0.000000
166  -0.015973 10.612517 2.686017  0.000001 -0.000000 -0.000000
167  0.059851 -50.160698 6.449381  1.570797 0.000000 -1.570797
168  0.064653 27.351290 72.195206  0.000000 -0.000000 -0.000001
169  6.064260 95.114014 31.645498  -0.000000 -0.000001 1.570796
170  0.054185 102.845642 29.795361  0.000000 0.000001 -1.570796
171  6.064257 69.096558 37.164318  1.570796 -0.000000 1.570796
172  1.974302 11.989233 4.589251  0.000000 -0.000000 -0.000000
173  -0.011481 23.944744 5.090361  0.000001 -0.000000 0.000000
174  -1.691251 8.833341 5.763507  0.000001 -0.000000 -0.000000
175  6.064260 89.329803 31.613918  -0.000000 -0.000001 1.570796
176  0.059886 2.255335 54.398010  0.000000 -0.000000 0.000000
177  0.003496 -22.270643 0.000147  1.570797 -0.000000 -1.570797
178  0.104010 15.380370 2.266153  0.000001 -0.000000 -0.000000
179  -0.000009 0.000054 0.000048  0.000000 0.000000 0.000000
180  0.000018 -0.000000 -0.000015  -0.000000 -0.000000 0.000000
181  -2.662412 1.445758 33.628742  0.000000 3.141591 1.570796
182  8.352065 2.772897 0.000541  -3.141589 0.000002 0.000000
183  -2.662412 1.445755 40.667957  0.000000 3.141591 1.570796
184  8.352065 2.772896 0.000540  -3.141589 0.000002 0.000000
185  -1.431356 16.384779 4.137811  0.000001 -0.000000 0.000000
186  -0.001845 0.521683 -0.140289  0.000000 -0.000000 -0.000000
187  7.323108 -5.136191 -5.166237  0.000000 0.000000 -0.610865
188  2.698277 -0.000002 -0.000000  -0.000012 0.000000 0.000000
189  2.834160 -0.000003 -0.000000  0.000013 0.000000 -0.000000
190  2.648918 0.000000 0.000000  -0.000001 -0.000001 0.000000
191  2.667500 -0.000001 -0.000000  -0.000000 0.000000 0.000000
192  2.426704 -0.000002 -0.000000  -0.000000 0.000000 -0.000000
193  -0.494744 -44.353447 -1.302299  1.570797 0.000000 -1.570797
194  11.545938 73.768417 -3.792010  0.000000 -0.000000 -0.000000
195  -0.066954 -10.025105 -0.912533  0.000000 -0.000000 -0.000000
196  0.000000 -0.000002 -1.529052  -0.000000 -0.000000 -0.000000
197  -0.078942 -0.000000 0.000000  0.000000 0.000001 1.570796
198  0.097092 0.000001 0.000000  -0.000000 -3.141592 1.570796
199  0.000000 0.000000 0.000000  0.000000 -0.000000 -0.000000
200  -0.662163 -0.807842 0.402178  -0.005160 0.065120 0.015955
201  0.104832 -0.678890 0.153715  -0.005160 0.065120 0.015954
time 46
0  0 0 0  0 0 0
1  0.000000 0.000000 0.000000  0.000000 -0.000000 -0.000000
2  -0.000005 0.000023 -61.375507  0.000000 0.000000 -1.570795
3  -0.012872 0.000000 8.235020  -1.570799 -1.570796 0.000000
4  16.163128 -0.012870 -0.000002  -0.000000 -0.000000 0.000000
5  -0.000000 0.000000 -0.000005  0.000000 -0.000000 -0.000000
6  -0.000034 -0.000002 -0.000000  -0.007775 0.003054 -0.015271
7  0.000001 -0.000007 0.000001  0.000000 0.000000 0.033938
8  -0.000004 0.000001 0.000000  -0.001892 -0.000000 -0.000000
9  -0.000004 0.000001 0.000000  -0.003784 -0.000000 -0.000000
10  -0.000004 0.000000 0.000001  -0.005676 -0.000000 -0.000000
11  -0.000004 0.000000 0.000001  -0.007630 0.000000 -0.000000
12  -0.000000 0.000000 -0.000000  -0.009522 -0.000000 -0.000000
13  -0.000004 -0.000001 -0.000001  -0.011414 -0.000000 -0.000000
14  -0.000004 -0.000001 -0.000000  -0.013367 -0.000000 -0.000000
15  -0.000000 0.000001 0.000003  -0.012602 -0.054530 -0.030555
16  -0.000003 -0.000001 0.000001  -0.000000 -0.000001 -0.000000
17  -0.000003 0.000000 0.000004  0.000000 0.000000 -0.000000
18  -0.000002 0.000000 0.000003  -0.000000 0.000000 -0.000000
19  0.000001 0.000002 -0.000002  -0.000000 -0.000000 -0.000000
20  0.000001 0.000001 -0.000000  0.000000 -0.000000 -0.000000
21  0.000001 0.000000 -0.000000  -0.000000 0.000000 0.000000
22  -0.000003 0.000001 -0.000001  -0.000000 -0.000000 -0.000000
23  3.672211 0.000003 -0.000002  0.000003 0.000001 0.142941
24  0.000001 -0.000001 0.000001  -0.000000 0.000000 0.000000
25  0.000001 0.000001 -0.000002  -0.000000 -0.000000 -0.000000
26  0.000005 0.000001 0.000001  0.000000 0.000000 -0.000000
27  2.496799 0.000004 -0.000000  0.000000 0.000000 -0.091107
28  0.000001 0.000000 0.000002  -0.000000 0.000000 -0.000000
29  0.000005 0.000001 0.000000  -0.000000 -0.000000 -0.000000
30  2.199416 0.000000 0.000004  0.000001 0.000001 0.029263
31  0.000004 -0.000000 0.000003  0.000000 -0.000000 0.000000
32  -0.000019 -0.000001 0.000001  0.003613 -0.019858 0.011134
33  0.000003 0.000001 -0.000000  0.000000 -0.000000 0.028627
34  0.000006 0.000000 -0.000000  -0.009095 0.000000 -0.000000
35  0.000002 -0.000002 -0.000000  -0.018250 0.000000 0.000000
36  -0.000002 -0.000001 0.000000  -0.027407 0.000000 0.000000
37  0.000006 -0.000001 0.000000  -0.036563 -0.000000 0.000000
38  -0.000002 0.000001 0.000000  -0.045721 -0.000000 -0.000000
39  -0.000005 0.000000 0.000000  -0.054879 -0.000000 -0.000000
40  -0.000002 -0.000001 0.000001  -0.064039 0.000000 0.000000
41  -0.000009 -0.000004 -0.000001  -0.013733 -0.057160 -0.045226
42  0.000009 -0.000000 0.000000  0.000001 0.000000 0.000000
43  3.954723 0.000011 0.000004  -0.000000 -0.000002 0.166320
44  0.000001 -0.000001 -0.000001  -0.000000 -0.000000 -0.000000
45  0.000005 -0.000002 -0.000001  0.000000 -0.000000 0.000000
46  0.000005 0.000000 0.000000  -0.000000 0.000000 -0.000000
47  0.000001 -0.000000 -0.000000  -0.000000 0.000000 -0.000000
48  0.000005 -0.000000 0.000000  -0.000000 -0.000000 0.000000
49  0.000001 -0.000000 -0.000001  0.000000 -0.000000 0.000000
50  -0.000003 -0.000000 0.000000  -0.000000 -0.000000 -0.000000
51  0.000001 0.000000 0.000000  -0.000000 0.000000 -0.000000
52  -0.000003 -0.000000 -0.000000  0.000000 -0.000000 -0.000000
53  0.000001 -0.000000 -0.000000  0.000000 0.000000 -0.000000
54  -0.000003 0.000000 0.000001  -0.000000 -0.000000 -0.000000
55  0.000001 0.000001 0.000000  0.000000 0.000000 -0.000000
56  2.307433 0.000000 -0.000002  0.000002 0.000001 -0.056419
57  0.000000 0.000000 -0.000000  -0.001465 0.003418 -0.000003
58  -0.147424 -0.365005 0.455021  -0.010099 0.059630 0.009469
59  0.071249 114.357040 62.238789  0.000000 0.000000 -0.000000
60  1.986524 0.000021 -3.123741  -2.705260 -0.000000 -1.570797
61  -1.986692 0.000021 -3.123748  0.436333 0.000001 1.570797
62  -0.000000 0.000012 -0.000008  0.000000 0.000000 0.000000
63  -1.986692 0.000021 -3.123739  0.436333 0.000001 1.570797
64  -11.344166 1.135885 0.869277  0.000002 -0.025019 -0.026324
65  1.986524 0.000020 -3.123735  -2.705260 -0.000000 -1.570797
66  -11.350041 -0.729424 0.864886  0.000197 -0.025367 0.026442
67  1.754237 4.036767 -1.682668  0.392575 -0.010120 -1.546362
68  -1.755139 4.036763 -1.682671  -0.392577 -0.010391 -1.594986
69  -0.164556 7.327704 3.928703  -0.000000 0.000001 -1.570796
70  0.079082 36.742691 -0.508023  0.000001 0.000000 -0.000000
71  -1.260174 8.777411 6.736406  -0.000002 -0.424416 -3.141592
72  1.525193 18.283598 2.968622  0.000000 0.000000 0.000000
73  0.060216 10.324389 74.469055  0.000008 0.000000 0.000000
74  0.062809 75.918007 83.075432  1.570797 0.000000 -1.570796
75  4.804181 -3.971748 0.000002  -0.000000 0.000000 -0.000000
76  -7.041564 -5.026000 0.000002  -0.000000 -0.000000 -0.000000
77  8.407184 -3.978438 0.003056  -1.570796 1.570795 0.000000
78  10.376196 -3.978445 0.003056  -1.570796 1.570796 0.000000
79  10.194013 -0.314064 -1.749547  -1.570796 1.570796 0.000000
80  20.857891 -4.015576 0.000003  0.000000 -0.000000 -0.000000
81  3.258448 5.856946 -3.403523  -0.000000 -0.000000 -0.000000
82  15.153052 5.860581 -3.403520  0.000000 -0.000000 -0.000000
83  6.064256 77.294960 36.365799  1.570796 -0.000000 1.570796
84  -2.662412 1.445755 40.667957  -0.000000 3.141591 1.570796
85  8.352066 2.772896 0.000546  -3.141589 0.000002 0.000000
86  6.064256 72.973694 32.593250  1.570796 -0.000000 1.570796
87  0.004365 73.768425 -3.792008  0.000000 -0.000000 0.000000
88  -0.442609 1.284886 8.535290  -0.000000 -0.000001 0.000000
89  0.000001 1.310207 -0.000001  0.000000 -0.000000 0.000000
90  0.000001 0.582253 -0.000001  0.000000 -0.000000 0.000000
91  0.036298 1.284887 7.928798  -0.000000 -0.000001 0.000000
92  0.000001 1.310223 -0.000000  0.000000 -0.000000 0.000000
93  -0.000000 0.582270 0.000000  0.000000 -0.000000 0.000000
94  5.969324 3.427473 -6.170651  -0.000000 -0.000001 -1.570797
95  -1.310215 0.000001 0.000000  0.000000 -0.000000 -0.000000
96  -0.582261 -0.000000 -0.000001  0.000000 0.000000 -0.000000
97  5.969323 9.397405 -6.170659  -0.000000 -0.000001 -1.570796
98  -1.310221 -0.000000 0.000000  0.000000 0.000000 -0.000000
99  -0.582259 -0.000001 -0.000001  0.000000 0.000000 -0.000000
100  5.969322 15.223776 -6.170670  0.000000 -0.000001 -1.570796
101  -1.310214 0.000001 -0.000000  -0.000000 0.000000 -0.000000
102  -0.582260 0.000000 -0.000000  -0.000000 0.000000 -0.000000
103  5.969323 20.835571 -6.170671  0.000000 -0.000001 -1.570796
104  -1.310224 0.000002 0.000001  -0.000000 0.000000 -0.000000
105  -0.582262 0.000000 0.000003  -0.000000 0.000000 -0.000000
106  5.969324 26.771210 -6.170672  0.000000 -0.000001 -1.570796
107  5.969323 32.597595 -6.170675  0.000000 -0.000001 -1.570796
108  5.969324 38.209400 -6.170685  -0.000000 -0.000001 -1.570800
109  5.969322 49.488468 -6.170684  -0.000000 -0.000001 -1.570800
110  -0.539090 -0.556792 -0.017363  -0.042462 2.681156 1.551919
111  -6.799123 -0.556800 0.818549  -0.272420 2.701993 1.452460
112  -4.615282 -0.556817 0.270328  -0.117230 2.684609 1.518878
113  -2.650969 -0.556800 0.063010  -0.042463 2.681158 1.551919
114  27.110336 1.284869 12.007549  -0.000000 -0.000000 0.000000
115  28.133427 1.284865 12.007547  0.000001 -0.000000 0.000000
116  12.812885 2.241797 12.007549  -0.000000 -0.000001 -0.000001
117  -9.955968 -0.319616 4.380214  -0.000001 -0.000000 -0.000001
118  -11.316473 -0.319620 4.380215  -0.000003 -0.000000 0.000000
119  -12.667811 -0.319620 4.380215  -0.000003 -0.000000 0.000001
120  -14.022141 -0.319621 4.380215  0.000010 -0.000000 -0.000011
121  -15.373240 -0.319615 4.380214  0.000015 -0.000000 -0.000015
122  -16.724138 -0.319619 4.380214  -0.000009 -0.000000 0.000006
123  -18.074570 -0.319620 4.380214  -0.000006 -0.000000 0.000004
124  -19.423714 -0.319617 4.380214  0.000002 0.000000 -0.000004
125  -20.775269 -0.319614 4.380214  0.000003 0.000000 -0.000004
126  -22.126669 -0.319621 4.380215  0.000003 0.000000 -0.000004
127  -23.478121 -0.319612 4.380215  0.000005 0.000000 -0.000006
128  -24.830618 -0.319615 4.380215  0.000036 0.000000 -0.000038
129  -26.182026 -0.319614 4.380215  -0.000011 -0.000000 0.000011
130  0.529180 -0.167120 0.629484  -0.101270 -0.000000 0.000000
131  -0.211444 -0.241682 0.155361  -0.145847 -0.000000 0.000000
132  0.529190 -0.280693 -0.110293  -0.145847 -0.000000 0.000000
133  -0.173927 -0.337314 -0.638496  -0.181751 -0.000000 0.000000
134  0.529189 -0.399241 -0.975394  -0.181751 -0.000000 0.000000
135  -0.211444 -0.464477 -1.431042  -0.192399 -0.000000 0.000000
136  0.529189 -0.515797 -1.694583  -0.192399 -0.000000 0.000000
137  -0.173928 -0.612138 -2.231911  -0.216703 -0.000000 0.000000
138  0.529188 -0.685804 -2.566441  -0.216703 -0.000000 0.000000
139  -0.211445 -0.769551 -3.027870  -0.237349 -0.000000 0.000000
140  0.529188 -0.832673 -3.288847  -0.237349 -0.000000 0.000000
141  -0.173937 -0.945277 -3.779564  -0.233859 0.000000 0.000000
142  0.529179 -1.024658 -4.112781  -0.233859 0.000000 0.000000
143  -0.211443 -1.132178 -4.577548  -0.262919 -0.000000 0.000000
144  0.529190 -1.201949 -4.836825  -0.262919 0.000000 0.000000
145  -0.000004 -2.810934 -10.636631  0.258454 0.000000 3.141592
146  -0.192455 -1.345769 -5.370046  -0.280373 0.000000 0.000000
147  0.533984 -1.413505 -5.605105  -0.276883 0.000000 0.000000
148  -0.206618 -1.795750 -6.909779  -0.287354 0.000000 0.000000
149  -0.205805 -1.564808 -6.138256  -0.290843 0.000000 0.000000
150  0.530460 -1.643666 -6.395216  -0.290844 0.000000 0.000000
151  0.535312 -1.790704 -7.204133  -0.287354 -0.000000 0.000000
152  -0.202703 -2.030483 -7.702830  -0.286180 -0.000000 0.000000
153  0.509548 -2.118886 -8.011624  -0.298398 -0.000000 0.000000
154  -0.202703 -2.255273 -8.465173  -0.283134 -0.000000 0.000000
155  0.509548 -2.352970 -8.771160  -0.295352 -0.000000 0.000000
156  -0.202704 -2.481596 -9.235472  -0.285437 -0.000000 0.000000
157  0.509547 -2.588672 -9.538637  -0.297654 -0.000000 0.000000
158  0.170123 -21.222086 -1.001140  -0.000001 -0.000001 0.000000
159  0.170123 -20.843857 -0.397183  -0.000001 -0.000001 0.000000
160  0.170123 -20.489744 -1.001141  -0.000001 -0.000001 0.000000
161  0.170124 -20.111065 -0.397183  -0.000001 -0.000001 0.000000
162  0.170123 -19.380081 -0.397187  -0.000001 -0.000001 0.000000
163  0.170123 -19.025103 -1.001146  -0.000001 -0.000001 0.000000
164  0.170123 -18.646652 -0.396447  -0.000001 -0.000001 0.000000
165  0.170124 -19.755754 -1.001142  -0.000001 -0.000001 0.000000
166  -0.015973 10.612517 2.686017  0.000001 0.000000 -0.000000
167  0.059851 -50.160706 6.449380  1.570797 0.000000 -1.570797
168  0.064653 27.351290 72.195198  0.000000 -0.000000 -0.000001
169  6.064260 95.114021 31.645498  0.000000 -0.000001 1.570796
170  0.054185 102.845642 29.795362  -0.000000 0.000001 -1.570796
171  6.064257 69.096558 37.164314  1.570796 -0.000000 1.570796
172  1.974303 11.989234 4.589250  0.000000 0.000000 0.000000
173  -0.011481 23.944746 5.090362  0.000001 -0.000000 0.000000
174  -1.691251 8.833342 5.763507  0.000001 0.000000 0.000000
175  6.064260 89.329796 31.613918  0.000000 -0.000001 1.570796
176  0.059886 2.255335 54.398010  0.000000 0.000000 0.000000
177  0.003496 -22.270647 0.000148  1.570797 0.000000 -1.570797
178  0.104010 15.380370 2.266153  0.000001 0.000000 -0.000000
179  -0.000009 0.000055 0.000046  0.000000 0.000000 0.000000
180  0.000017 -0.000004 -0.000016  -0.000000 0.000000 0.000000
181  -2.662412 1.445758 33.628742  -0.000000 3.141591 1.570796
182  8.352067 2.772897 0.000550  -3.141589 0.000002 0.000000
183  -2.662412 1.445755 40.667957  -0.000000 3.141591 1.570796
184  8.352066 2.772896 0.000546  -3.141589 0.000002 0.000000
185  -1.431356 16.384781 4.137811  0.000001 -0.000000 0.000000
186  -0.001845 0.521683 -0.140289  0.000000 0.000000 -0.000000
187  7.323109 -5.136192 -5.166237  -0.000000 0.000000 -0.610865
188  2.698278 -0.000001 0.000000  -0.000012 0.000000 0.000001
189  2.834159 -0.000001 0.000000  0.000013 0.000000 0.000000
190  2.648918 0.000000 0.000001  -0.000001 -0.000001 0.000000
191  2.667497 -0.000002 -0.000000  0.000000 0.000000 0.000000
192  2.426700 -0.000002 0.000000  0.000000 0.000000 -0.000000
193  -0.494744 -44.353451 -1.302299  1.570797 0.000000 -1.570797
194  11.545938 73.768433 -3.792009  0.000000 0.000000 0.000000
195  -0.066954 -10.025105 -0.912534  0.000000 0.000000 0.000000
196  0.000000 0.000000 -1.529052  -0.000000 0.000000 0.000000
197  -0.078942 0.000000 -0.000000  0.000000 0.000001 1.570796
198  0.097092 -0.000000 -0.000000  -0.000000 -3.141592 1.570796
199  0.000000 0.000000 0.000000  0.000000 -0.000000 -0.000000
200  -0.624975 -0.435528 0.377115  -0.010099 0.059630 0.009469
201  -0.061575 -0.325287 0.304499  -0.010099 0.059630 0.009469
time 47
0  0 0 0  0 0 0
1  0.000000 0.000000 0.000000  0.000000 -0.000000 -0.000000
2  -0.000005 0.000023 -61.375507  0.000000 0.000000 -1.570795
3  -0.012872 0.000000 8.235020  -1.570799 -1.570796 0.000000
4  16.163128 -0.012870 -0.000002  -0.000000 -0.000000 0.000000
5  -0.000000 0.000000 -0.000005  0.000000 -0.000000 -0.000000
6  -0.000034 -0.000002 -0.000000  -0.005686 0.001489 -0.012883
7  -0.000004 -0.000007 0.000001  0.000000 0.000000 0.017701
8  0.000002 0.000000 0.000000  -0.001282 -0.000000 -0.000000
9  0.000006 0.000001 0.000000  -0.002564 -0.000000 -0.000000
10  -0.000002 0.000000 0.000001  -0.003845 -0.000000 -0.000000
11  -0.000002 0.000000 0.000001  -0.005127 0.000000 -0.000000
12  -0.000002 -0.000000 -0.000000  -0.006409 -0.000000 -0.000000
13  0.000002 -0.000001 -0.000000  -0.007691 -0.000000 -0.000000
14  -0.000002 -0.000001 -0.000000  -0.008973 -0.000000 -0.000000
15  -0.000002 0.000001 0.000003  -0.008824 -0.042447 -0.018617
16  -0.000002 -0.000001 0.000001  -0.000000 -0.000001 -0.000000
17  -0.000002 0.000000 0.000004  0.000000 0.000000 -0.000000
18  0.000002 0.000000 0.000003  -0.000000 0.000000 -0.000000
19  0.000002 0.000002 -0.000002  -0.000000 -0.000000 -0.000000
20  0.000002 0.000001 -0.000000  0.000000 -0.000000 -0.000000
21  0.000002 0.000000 -0.000000  -0.000000 0.000000 0.000000
22  -0.000006 0.000001 -0.000001  -0.000000 -0.000000 0.000000
23  3.672216 0.000003 -0.000002  0.000003 0.000001 0.142941
24  0.000003 -0.000001 0.000000  -0.000000 0.000000 0.000000
25  0.000002 0.000001 -0.000001  -0.000000 -0.000000 -0.000000
26  -0.000002 0.000000 0.000001  -0.000000 0.000000 -0.000000
27  2.496796 0.000004 -0.000000  0.000000 0.000000 -0.091107
28  0.000002 0.000000 0.000002  -0.000000 0.000000 -0.000000
29  -0.000002 0.000001 0.000000  -0.000000 -0.000000 -0.000000
30  2.199414 0.000000 0.000004  0.000001 0.000001 0.029263
31  0.000004 -0.000000 0.000003  0.000000 -0.000000 0.000000
32  -0.000019 -0.000001 0.000001  0.002120 -0.012160 0.012805
33  -0.000006 0.000001 -0.000000  0.000000 -0.000000 0.012635
34  -0.000003 0.000000 -0.000000  -0.006897 0.000000 -0.000000
35  0.000001 -0.000003 0.000000  -0.013794 0.000000 0.000000
36  -0.000003 -0.000001 0.000001  -0.020692 0.000000 0.000000
37  0.000001 -0.000000 0.000000  -0.027590 -0.000000 0.000000
38  -0.000007 0.000000 0.000001  -0.034549 -0.000000 -0.000000
39  -0.000007 -0.000000 0.000000  -0.041447 -0.000000 -0.000000
40  -0.000007 -0.000001 0.000001  -0.048346 0.000000 0.000000
41  -0.000007 -0.000004 -0.000001  -0.013755 -0.041366 -0.031647
42  -0.000002 -0.000000 0.000001  0.000001 0.000000 0.000000
43  3.954721 0.000011 0.000004  -0.000000 -0.000002 0.166319
44  -0.000004 -0.000001 -0.000001  -0.000000 -0.000000 -0.000000
45  -0.000002 -0.000002 -0.000001  0.000000 -0.000000 0.000000
46  -0.000002 0.000000 0.000000  0.000000 0.000000 -0.000000
47  -0.000002 -0.000000 -0.000000  -0.000000 0.000000 -0.000000
48  -0.000002 -0.000000 -0.000000  0.000000 -0.000000 0.000000
49  -0.000006 -0.000000 0.000000  0.000000 -0.000000 0.000000
50  0.000002 -0.000000 0.000000  -0.000000 0.000000 -0.000000
51  -0.000010 0.000000 0.000000  -0.000000 0.000000 -0.000000
52  -0.000002 -0.000000 -0.000000  0.000000 -0.000000 -0.000000
53  0.000002 -0.000000 0.000000  0.000000 0.000000 -0.000000
54  -0.000006 0.000000 0.000001  -0.000000 -0.000000 -0.000000
55  -0.000002 0.000001 0.000000  0.000000 -0.000000 -0.000000
56  2.307434 0.000000 -0.000002  0.000002 0.000001 -0.056419
57  0.000000 0.000000 -0.000000  -0.000793 0.002930 0.000487
58  -0.175221 -0.088539 0.429414  -0.011911 0.045752 0.005100
59  0.071249 114.357025 62.238785  -0.000000 -0.000000 -0.000000
60  1.986524 0.000026 -3.123733  -2.705260 -0.000000 -1.570797
61  -1.986692 0.000019 -3.123742  0.436333 0.000001 1.570797
62  0.000000 0.000010 0.000001  0.000000 -0.000000 0.000000
63  -1.986692 0.000019 -3.123737  0.436333 0.000001 1.570797
64  -11.344154 1.135890 0.869281  0.000002 -0.025019 -0.026324
65  1.986524 0.000026 -3.123728  -2.705260 -0.000000 -1.570797
66  -11.350043 -0.729419 0.864886  0.000197 -0.025367 0.026442
67  1.754236 4.036772 -1.682665  0.392575 -0.010120 -1.546362
68  -1.755140 4.036767 -1.682663  -0.392577 -0.010391 -1.594986
69  -0.164556 7.327703 3.928702  0.000000 0.000001 -1.570796
70  0.079082 36.742691 -0.508023  0.000001 -0.000000 -0.000000
71  -1.260174 8.777410 6.736405  -0.000002 -0.424415 -3.141592
72  1.525193 18.283598 2.968621  0.000000 -0.000000 -0.000000
73  0.060216 10.324388 74.469048  0.000008 -0.000000 0.000000
74  0.062808 75.917992 83.075432  1.570797 -0.000000 -1.570796
75  4.804188 -3.971734 0.000001  -0.000000 0.000000 -0.000000
76  -7.041554 -5.025984 0.000001  -0.000000 -0.000000 -0.000000
77  8.407187 -3.978432 0.003055  -1.570796 1.570795 0.000000
78  10.376194 -3.978434 0.003056  -1.570796 1.570796 0.000000
79  10.194029 -0.314051 -1.749547  -1.570796 1.570796 0.000000
80  20.857889 -4.015555 0.000003  0.000000 -0.000000 0.000000
81  3.258446 5.856957 -3.403523  -0.000000 -0.000000 -0.000000
82  15.153054 5.860589 -3.403521  -0.000000 -0.000000 0.000000
83  6.064256 77.294937 36.365788  1.570796 0.000000 1.570796
84  -2.662411 1.445755 40.667950  0.000000 3.141591 1.570796
85  8.352065 2.772897 0.000540  -3.141589 0.000002 -0.000000
86  6.064256 72.973686 32.593246  1.570796 0.000000 1.570796
87  0.004365 73.768402 -3.792007  0.000000 -0.000000 0.000000
88  -0.442609 1.284879 8.535289  -0.000000 -0.000001 0.000000
89  0.000001 1.310207 -0.000000  0.000000 -0.000000 0.000000
90  0.000001 0.582259 0.000001  0.000000 -0.000000 0.000000
91  0.036297 1.284874 7.928798  -0.000000 -0.000001 0.000000
92  0.000001 1.310202 -0.000001  0.000000 -0.000000 0.000000
93  -0.000000 0.582255 -0.000000  0.000000 -0.000000 0.000000
94  5.969323 3.427449 -6.170650  -0.000000 -0.000001 -1.570797
95  -1.310213 0.000001 0.000001  0.000000 -0.000000 -0.000000
96  -0.582258 0.000000 -0.000001  0.000000 -0.000000 -0.000000
97  5.969323 9.397387 -6.170659  -0.000000 -0.000001 -1.570796
98  -1.310210 -0.000000 0.000001  0.000000 0.000000 -0.000000
99  -0.582255 -0.000001 0.000001  0.000000 0.000000 -0.000000
100  5.969322 15.223761 -6.170670  -0.000000 -0.000001 -1.570796
101  -1.310206 0.000003 0.000000  -0.000000 0.000000 -0.000000
102  -0.582251 0.000002 0.000000  -0.000000 0.000000 -0.000000
103  5.969322 20.835558 -6.170670  -0.000000 -0.000001 -1.570796
104  -1.310210 0.000001 0.000001  -0.000000 0.000000 -0.000000
105  -0.582255 0.000000 0.000002  -0.000000 0.000000 -0.000000
106  5.969323 26.771196 -6.170672  -0.000000 -0.000001 -1.570796
107  5.969322 32.597584 -6.170674  -0.000000 -0.000001 -1.570796
108  5.969323 38.209381 -6.170686  -0.000000 -0.000001 -1.570800
109  5.969322 49.488453 -6.170683  -0.000000 -0.000001 -1.570800
110  -0.539090 -0.556817 -0.017363  -0.042462 2.681156 1.551919
111  -6.799123 -0.556810 0.818550  -0.272420 2.701993 1.452460
112  -4.615282 -0.556831 0.270328  -0.117230 2.684609 1.518878
113  -2.650969 -0.556814 0.063010  -0.042463 2.681158 1.551919
114  27.110336 1.284856 12.007547  -0.000000 -0.000000 -0.000000
115  28.133425 1.284855 12.007546  0.000001 -0.000000 -0.000000
116  12.812885 2.241781 12.007548  -0.000000 -0.000001 -0.000001
117  -9.955966 -0.319628 4.380214  -0.000001 -0.000000 -0.000001
118  -11.316472 -0.319625 4.380215  -0.000003 -0.000000 -0.000000
119  -12.667809 -0.319629 4.380215  -0.000003 -0.000000 0.000001
120  -14.022139 -0.319627 4.380215  0.000010 -0.000000 -0.000011
121  -15.373239 -0.319625 4.380214  0.000015 -0.000000 -0.000015
122  -16.724140 -0.319624 4.380214  -0.000009 -0.000000 0.000006
123  -18.074572 -0.319619 4.380214  -0.000006 0.000000 0.000004
124  -19.423714 -0.319619 4.380214  0.000002 0.000000 -0.000004
125  -20.775269 -0.319623 4.380214  0.000003 0.000000 -0.000004
126  -22.126669 -0.319620 4.380215  0.000003 0.000000 -0.000004
127  -23.478119 -0.319624 4.380215  0.000005 0.000000 -0.000006
128  -24.830618 -0.319623 4.380215  0.000036 -0.000000 -0.000038
129  -26.182026 -0.319620 4.380215  -0.000011 0.000000 0.000011
130  0.529179 -0.167137 0.629484  -0.101270 -0.000000 0.000000
131  -0.211444 -0.241688 0.155361  -0.145847 -0.000000 0.000000
132  0.529190 -0.280703 -0.110293  -0.145847 -0.000000 0.000000
133  -0.173927 -0.337329 -0.638495  -0.181751 -0.000000 0.000000
134  0.529189 -0.399247 -0.975394  -0.181751 -0.000000 0.000000
135  -0.211444 -0.464484 -1.431042  -0.192399 -0.000000 0.000000
136  0.529189 -0.515809 -1.694583  -0.192399 -0.000000 0.000000
137  -0.173928 -0.612149 -2.231911  -0.216703 -0.000000 0.000000
138  0.529188 -0.685810 -2.566440  -0.216703 -0.000000 0.000000
139  -0.211445 -0.769557 -3.027870  -0.237349 -0.000000 0.000000
140  0.529188 -0.832695 -3.288847  -0.237349 -0.000000 0.000000
141  -0.173937 -0.945283 -3.779564  -0.233859 0.000000 0.000000
142  0.529179 -1.024659 -4.112779  -0.233859 0.000000 0.000000
143  -0.211443 -1.132189 -4.577548  -0.262919 -0.000000 0.000000
144  0.529190 -1.201971 -4.836824  -0.262919 0.000000 0.000000
145  -0.000004 -2.810947 -10.636630  0.258454 0.000000 3.141592
146  -0.192455 -1.345776 -5.370046  -0.280373 0.000000 0.000000
147  0.533984 -1.413514 -5.605104  -0.276883 0.000000 0.000000
148  -0.206618 -1.795759 -6.909779  -0.287354 0.000000 0.000000
149  -0.205805 -1.564827 -6.138257  -0.290843 0.000000 0.000000
150  0.530460 -1.643680 -6.395214  -0.290844 0.000000 0.000000
151  0.535311 -1.790715 -7.204133  -0.287354 -0.000000 0.000000
152  -0.202703 -2.030484 -7.702829  -0.286180 -0.000000 0.000000
153  0.509548 -2.118894 -8.011625  -0.298398 -0.000000 0.000000
154  -0.202703 -2.255290 -8.465172  -0.283134 -0.000000 0.000000
155  0.509548 -2.352991 -8.771159  -0.295352 -0.000000 0.000000
156  -0.202704 -2.481602 -9.235472  -0.285437 -0.000000 0.000000
157  0.509547 -2.588685 -9.538637  -0.297654 -0.000000 0.000000
158  0.170123 -21.222090 -1.001140  -0.000001 -0.000001 0.000000
159  0.170122 -20.843866 -0.397183  -0.000001 -0.000001 0.000000
160  0.170123 -20.489746 -1.001141  -0.000001 -0.000001 0.000000
161  0.170124 -20.111071 -0.397182  -0.000001 -0.000001 0.000000
162  0.170123 -19.380089 -0.397186  -0.000001 -0.000001 0.000000
163  0.170123 -19.025106 -1.001146  -0.000001 -0.000001 0.000000
164  0.170123 -18.646664 -0.396447  -0.000001 -0.000001 0.000000
165  0.170124 -19.755758 -1.001142  -0.000001 -0.000001 0.000000
166  -0.015973 10.612517 2.686017  0.000001 -0.000000 -0.000000
167  0.059851 -50.160698 6.449379  1.570797 -0.000000 -1.570797
168  0.064652 27.351288 72.195198  -0.000000 -0.000000 -0.000001
169  6.064260 95.114006 31.645498  -0.000000 -0.000001 1.570796
170  0.054185 102.845634 29.795361  0.000000 0.000001 -1.570796
171  6.064257 69.096558 37.164310  1.570796 0.000000 1.570796
172  1.974302 11.989232 4.589250  0.000000 -0.000000 -0.000000
173  -0.011481 23.944742 5.090361  0.000001 -0.000000 0.000000
174  -1.691251 8.833342 5.763506  0.000001 -0.000000 -0.000000
175  6.064260 89.329803 31.613911  -0.000000 -0.000001 1.570796
176  0.059886 2.255335 54.398003  -0.000000 -0.000000 0.000000
177  0.003496 -22.270641 0.000153  1.570797 -0.000000 -1.570797
178  0.104010 15.380369 2.266152  0.000001 -0.000000 -0.000000
179  -0.000010 0.000056 0.000047  0.000000 0.000000 0.000000
180  0.000017 -0.000004 -0.000015  -0.000000 0.000000 0.000000
181  -2.662412 1.445758 33.628735  0.000000 3.141591 1.570796
182  8.352065 2.772897 0.000545  -3.141589 0.000002 -0.000000
183  -2.662411 1.445755 40.667950  0.000000 3.141591 1.570796
184  8.352065 2.772897 0.000540  -3.141589 0.000002 -0.000000
185  -1.431356 16.384781 4.137811  0.000001 -0.000000 0.000000
186  -0.001845 0.521683 -0.140289  0.000000 -0.000000 -0.000000
187  7.323108 -5.136191 -5.166236  -0.000000 0.000000 -0.610865
188  2.698277 -0.000002 -0.000000  -0.000012 0.000000 0.000000
189  2.834160 -0.000002 0.000000  0.000013 0.000000 -0.000000
190  2.648918 0.000002 0.000000  -0.000001 -0.000001 0.000000
191  2.667499 -0.000002 -0.000001  -0.000000 0.000000 0.000000
192  2.426701 -0.000002 0.000000  -0.000000 0.000000 -0.000000
193  -0.494744 -44.353447 -1.302299  1.570797 -0.000000 -1.570797
194  11.545938 73.768402 -3.792010  0.000000 -0.000000 -0.000000
195  -0.066955 -10.025106 -0.912533  -0.000000 -0.000000 -0.000000
196  0.000000 -0.000000 -1.529052  -0.000000 -0.000000 0.000000
197  -0.078942 0.000000 -0.000000  0.000000 0.000001 1.570796
198  0.097092 0.000001 -0.000000  -0.000000 -3.141592 1.570796
199  0.000000 0.000000 0.000000  0.000000 -0.000000 -0.000000
200  -0.489624 -0.151409 0.261164  -0.011911 0.045752 0.005100
201  -0.114435 -0.060367 0.326477  -0.011911 0.045752 0.005100
time 48
0  0 0 0  0 0 0
1  0.000000 0.000000 0.000000  0.000000 -0.000000 -0.000000
2  -0.000005 0.000023 -61.375507  0.000000 0.000000 -1.570795
3  -0.012872 0.000000 8.235020  -1.570799 -1.570796 0.000000
4  16.163128 -0.012870 -0.000002  -0.000000 -0.000000 0.000000
5  -0.000000 0.000000 -0.000005  0.000000 -0.000000 -0.000000
6  -0.000034 -0.000002 -0.000000  -0.004641 0.000527 -0.009523
7  0.000005 -0.000007 0.000001  0.000000 0.000000 0.008667
8  -0.000001 0.000001 0.000000  -0.000549 -0.000000 -0.000000
9  -0.000008 0.000001 0.000000  -0.001099 -0.000000 -0.000000
10  -0.000008 0.000000 0.000001  -0.001587 -0.000000 -0.000000
11  -0.000005 0.000000 0.000001  -0.002136 0.000000 -0.000000
12  -0.000008 -0.000000 -0.000000  -0.002686 -0.000000 -0.000000
13  -0.000005 -0.000001 -0.000000  -0.003235 -0.000000 -0.000000
14  -0.000005 -0.000001 -0.000000  -0.003784 -0.000000 -0.000000
15  -0.000008 0.000002 0.000003  -0.003634 -0.026085 -0.011551
16  -0.000008 -0.000001 0.000001  -0.000000 -0.000001 -0.000000
17  -0.000000 0.000000 0.000004  0.000000 0.000000 -0.000000
18  0.000004 0.000000 0.000003  -0.000000 -0.000000 -0.000000
19  -0.000004 0.000002 -0.000002  -0.000000 -0.000000 -0.000000
20  -0.000000 0.000001 -0.000001  0.000000 -0.000000 -0.000000
21  0.000003 0.000000 -0.000000  -0.000000 0.000000 0.000000
22  -0.000008 0.000001 -0.000001  -0.000000 -0.000000 -0.000000
23  3.672209 0.000003 -0.000002  0.000003 0.000001 0.142941
24  -0.000001 -0.000000 0.000000  -0.000000 0.000000 0.000000
25  -0.000004 0.000001 -0.000002  -0.000000 -0.000000 -0.000000
26  0.000003 0.000001 0.000001  -0.000000 0.000000 -0.000000
27  2.496798 0.000004 -0.000000  0.000000 0.000000 -0.091107
28  -0.000004 0.000000 0.000002  -0.000000 0.000000 -0.000000
29  0.000004 0.000001 0.000000  -0.000000 -0.000000 -0.000000
30  2.199413 0.000000 0.000004  0.000001 0.000001 0.029263
31  0.000004 -0.000000 0.000003  0.000000 -0.000000 0.000000
32  -0.000019 -0.000001 0.000001  0.000587 -0.004947 0.009398
33  0.000002 0.000001 -0.000000  0.000000 -0.000000 0.004883
34  -0.000005 0.000000 -0.000000  -0.004700 0.000000 -0.000000
35  -0.000005 -0.000002 0.000000  -0.009461 0.000000 0.000000
36  -0.000009 -0.000001 0.000000  -0.014222 0.000000 0.000000
37  -0.000005 -0.000000 0.000000  -0.018922 -0.000000 0.000000
38  -0.000009 0.000000 0.000000  -0.023683 -0.000000 -0.000000
39  -0.000009 -0.000000 -0.000000  -0.028444 -0.000000 -0.000000
40  -0.000009 -0.000002 0.000001  -0.033206 0.000000 0.000000
41  -0.000013 -0.000004 -0.000001  -0.012205 -0.022355 -0.022205
42  -0.000002 -0.000000 0.000001  0.000001 0.000000 0.000000
43  3.954719 0.000011 0.000004  -0.000000 -0.000002 0.166320
44  0.000001 -0.000001 -0.000001  -0.000000 -0.000000 -0.000000
45  -0.000002 -0.000002 -0.000001  0.000000 -0.000000 0.000000
46  -0.000005 0.000000 0.000000  -0.000000 0.000000 -0.000000
47  -0.000002 -0.000000 -0.000000  -0.000000 0.000000 -0.000000
48  -0.000002 -0.000000 -0.000000  0.000000 0.000000 0.000000
49  -0.000009 -0.000000 -0.000000  0.000000 -0.000000 -0.000000
50  -0.000005 -0.000000 -0.000000  -0.000000 -0.000000 -0.000000
51  -0.000005 0.000000 0.000000  -0.000000 0.000000 0.000000
52  -0.000002 -0.000000 -0.000000  0.000000 -0.000000 -0.000000
53  -0.000002 -0.000000 0.000000  0.000000 0.000000 -0.000000
54  -0.000005 0.000000 0.000000  -0.000000 -0.000000 -0.000000
55  -0.000002 0.000001 0.000000  0.000000 -0.000000 -0.000000
56  2.307434 0.000000 -0.000002  0.000002 0.000001 -0.056419
57  0.000000 0.000000 -0.000000  -0.000365 0.002381 0.000732
58  -0.127311 0.020355 0.337726  -0.012170 0.027790 0.002761
59  0.071249 114.357018 62.238781  0.000000 -0.000000 -0.000000
60  1.986525 0.000018 -3.123736  -2.705260 -0.000000 -1.570797
61  -1.986692 0.000027 -3.123747  0.436333 0.000001 1.570797
62  0.000000 0.000001 -0.000006  0.000000 -0.000000 0.000000
63  -1.986692 0.000012 -3.123739  0.436333 0.000001 1.570797
64  -11.344155 1.135886 0.869278  0.000002 -0.025019 -0.026324
65  1.986525 0.000018 -3.123735  -2.705260 -0.000000 -1.570797
66  -11.350066 -0.729423 0.864884  0.000197 -0.025367 0.026442
67  1.754236 4.036757 -1.682667  0.392575 -0.010120 -1.546362
68  -1.755139 4.036752 -1.682670  -0.392577 -0.010391 -1.594986
69  -0.164556 7.327703 3.928702  0.000000 0.000001 -1.570796
70  0.079082 36.742687 -0.508023  0.000001 -0.000000 -0.000000
71  -1.260174 8.777410 6.736404  -0.000002 -0.424415 -3.141592
72  1.525193 18.283596 2.968621  0.000000 -0.000000 0.000000
73  0.060216 10.324388 74.469048  0.000008 -0.000000 0.000000
74  0.062808 75.917992 83.075432  1.570797 0.000000 -1.570796
75  4.804180 -3.971727 0.000001  -0.000000 0.000000 -0.000000
76  -7.041575 -5.025983 0.000002  -0.000000 -0.000000 -0.000000
77  8.407166 -3.978421 0.003055  -1.570796 1.570795 0.000000
78  10.376180 -3.978430 0.003056  -1.570796 1.570796 0.000000
79  10.194004 -0.314045 -1.749548  -1.570796 1.570796 0.000000
80  20.857878 -4.015547 0.000003  0.000000 -0.000000 0.000000
81  3.258434 5.856968 -3.403523  -0.000000 -0.000000 -0.000000
82  15.153041 5.860599 -3.403521  0.000000 -0.000000 0.000000
83  6.064256 77.294952 36.365788  1.570796 -0.000000 1.570796
84  -2.662411 1.445755 40.667953  0.000000 3.141591 1.570796
85  8.352066 2.772897 0.000546  -3.141589 0.000002 0.000000
86  6.064256 72.973694 32.593246  1.570796 -0.000000 1.570796
87  0.004365 73.768410 -3.792007  0.000000 -0.000000 0.000000
88  -0.442609 1.284873 8.535291  0.000000 -0.000001 0.000000
89  0.000001 1.310204 -0.000000  0.000000 -0.000000 0.000000
90  0.000001 0.582252 0.000000  0.000000 -0.000000 0.000000
91  0.036297 1.284875 7.928799  0.000000 -0.000001 0.000000
92  0.000001 1.310205 -0.000000  0.000000 0.000000 0.000000
93  0.000000 0.582261 0.000000  0.000000 0.000000 0.000000
94  5.969323 3.427454 -6.170651  -0.000000 -0.000001 -1.570797
95  -1.310206 0.000001 0.000000  0.000000 -0.000000 -0.000000
96  -0.582262 0.000000 -0.000001  0.000000 -0.000000 -0.000000
97  5.969323 9.397389 -6.170660  -0.000000 -0.000001 -1.570796
98  -1.310207 0.000000 -0.000000  0.000000 0.000000 -0.000000
99  -0.582256 -0.000000 -0.000001  0.000000 0.000000 -0.000000
100  5.969322 15.223763 -6.170671  -0.000000 -0.000001 -1.570796
101  -1.310218 0.000002 -0.000001  -0.000000 0.000000 -0.000000
102  -0.582266 0.000002 -0.000001  -0.000000 0.000000 -0.000000
103  5.969323 20.835564 -6.170671  -0.000000 -0.000001 -1.570796
104  -1.310210 0.000002 0.000001  -0.000000 0.000000 -0.000000
105  -0.582258 0.000000 0.000003  -0.000000 0.000000 -0.000000
106  5.969324 26.771206 -6.170673  -0.000000 -0.000001 -1.570796
107  5.969323 32.597588 -6.170674  -0.000000 -0.000001 -1.570796
108  5.969323 38.209389 -6.170685  -0.000000 -0.000001 -1.570800
109  5.969322 49.488457 -6.170684  -0.000000 -0.000001 -1.570800
110  -0.539090 -0.556815 -0.017363  -0.042462 2.681156 1.551919
111  -6.799124 -0.556816 0.818549  -0.272420 2.701993 1.452460
112  -4.615283 -0.556832 0.270327  -0.117230 2.684609 1.518878
113  -2.650969 -0.556816 0.063010  -0.042463 2.681158 1.551919
114  27.110336 1.284850 12.007548  -0.000000 -0.000000 0.000000
115  28.133423 1.284849 12.007547  0.000001 -0.000000 0.000000
116  12.812887 2.241772 12.007549  0.000000 -0.000001 -0.000001
117  -9.955966 -0.319632 4.380214  -0.000001 -0.000000 -0.000001
118  -11.316472 -0.319623 4.380215  -0.000003 -0.000000 0.000000
119  -12.667809 -0.319624 4.380215  -0.000003 -0.000000 0.000001
120  -14.022140 -0.319625 4.380215  0.000010 -0.000000 -0.000011
121  -15.373239 -0.319627 4.380214  0.000015 -0.000000 -0.000015
122  -16.724142 -0.319622 4.380214  -0.000009 -0.000000 0.000006
123  -18.074572 -0.319626 4.380214  -0.000006 0.000000 0.000004
124  -19.423716 -0.319625 4.380214  0.000002 0.000000 -0.000004
125  -20.775270 -0.319626 4.380214  0.000003 0.000000 -0.000004
126  -22.126671 -0.319627 4.380215  0.000003 0.000000 -0.000004
127  -23.478123 -0.319628 4.380215  0.000005 0.000000 -0.000006
128  -24.830620 -0.319626 4.380215  0.000036 0.000000 -0.000038
129  -26.182028 -0.319627 4.380215  -0.000011 -0.000000 0.000011
130  0.529180 -0.167141 0.629484  -0.101270 -0.000000 0.000000
131  -0.211444 -0.241693 0.155361  -0.145847 -0.000000 0.000000
132  0.529190 -0.280712 -0.110293  -0.145847 -0.000000 0.000000
133  -0.173927 -0.337330 -0.638496  -0.181751 -0.000000 0.000000
134  0.529189 -0.399249 -0.975394  -0.181751 -0.000000 0.000000
135  -0.211444 -0.464489 -1.431042  -0.192399 -0.000000 0.000000
136  0.529189 -0.515812 -1.694583  -0.192399 -0.000000 0.000000
137  -0.173928 -0.612165 -2.231912  -0.216703 -0.000000 0.000000
138  0.529188 -0.685811 -2.566440  -0.216703 -0.000000 0.000000
139  -0.211445 -0.769560 -3.027871  -0.237349 -0.000000 0.000000
140  0.529188 -0.832696 -3.288848  -0.237349 -0.000000 0.000000
141  -0.173937 -0.945286 -3.779565  -0.233859 0.000000 0.000000
142  0.529179 -1.024663 -4.112780  -0.233859 0.000000 0.000000
143  -0.211443 -1.132195 -4.577547  -0.262919 -0.000000 0.000000
144  0.529190 -1.201975 -4.836825  -0.262919 0.000000 0.000000
145  -0.000005 -2.810952 -10.636632  0.258454 0.000000 3.141592
146  -0.192455 -1.345789 -5.370046  -0.280373 0.000000 0.000000
147  0.533984 -1.413515 -5.605106  -0.276883 0.000000 0.000000
148  -0.206618 -1.795762 -6.909780  -0.287354 0.000000 0.000000
149  -0.205805 -1.564827 -6.138258  -0.290843 0.000000 0.000000
150  0.530460 -1.643681 -6.395216  -0.290844 0.000000 0.000000
151  0.535311 -1.790718 -7.204134  -0.287354 -0.000000 0.000000
152  -0.202703 -2.030491 -7.702830  -0.286180 -0.000000 0.000000
153  0.509548 -2.118907 -8.011626  -0.298398 -0.000000 0.000000
154  -0.202703 -2.255284 -8.465173  -0.283134 -0.000000 0.000000
155  0.509548 -2.352983 -8.771161  -0.295352 -0.000000 0.000000
156  -0.202704 -2.481605 -9.235473  -0.285437 -0.000000 0.000000
157  0.509547 -2.588693 -9.538640  -0.297654 -0.000000 0.000000
158  0.170123 -21.222097 -1.001141  -0.000001 -0.000001 0.000000
159  0.170123 -20.843874 -0.397183  -0.000001 -0.000001 0.000000
160  0.170123 -20.489756 -1.001141  -0.000001 -0.000001 0.000000
161  0.170124 -20.111082 -0.397183  -0.000001 -0.000001 0.000000
162  0.170123 -19.380096 -0.397187  -0.000001 -0.000001 0.000000
163  0.170123 -19.025116 -1.001146  -0.000001 -0.000001 0.000000
164  0.170123 -18.646666 -0.396448  -0.000001 -0.000001 0.000000
165  0.170124 -19.755768 -1.001143  -0.000001 -0.000001 0.000000
166  -0.015973 10.612516 2.686017  0.000001 -0.000000 -0.000000
167  0.059851 -50.160698 6.449379  1.570797 -0.000000 -1.570797
168  0.064653 27.351288 72.195190  0.000000 -0.000000 -0.000001
169  6.064260 95.114006 31.645496  -0.000000 -0.000001 1.570796
170  0.054186 102.845627 29.795357  0.000000 0.000001 -1.570796
171  6.064256 69.096550 37.164314  1.570796 -0.000000 1.570796
172  1.974303 11.989231 4.589249  0.000000 -0.000000 0.000000
173  -0.011481 23.944742 5.090361  0.000001 -0.000000 0.000000
174  -1.691251 8.833341 5.763506  0.000001 -0.000000 0.000000
175  6.064260 89.329796 31.613914  -0.000000 -0.000001 1.570796
176  0.059886 2.255334 54.398003  0.000000 -0.000000 0.000000
177  0.003497 -22.270641 0.000155  1.570797 0.000000 -1.570797
178  0.104010 15.380368 2.266152  0.000001 -0.000000 -0.000000
179  -0.000011 0.000057 0.000051  0.000000 0.000000 0.000000
180  0.000016 0.000002 -0.000016  -0.000000 0.000000 0.000000
181  -2.662412 1.445757 33.628742  0.000000 3.141591 1.570796
182  8.352066 2.772897 0.000542  -3.141589 0.000002 0.000000
183  -2.662411 1.445755 40.667953  0.000000 3.141591 1.570796
184  8.352066 2.772897 0.000546  -3.141589 0.000002 0.000000
185  -1.431356 16.384777 4.137811  0.000001 0.000000 0.000000
186  -0.001845 0.521683 -0.140289  0.000000 -0.000000 -0.000000
187  7.323108 -5.136190 -5.166236  0.000000 0.000000 -0.610865
188  2.698277 -0.000001 -0.000000  -0.000012 0.000000 0.000001
189  2.834158 -0.000002 -0.000000  0.000013 0.000000 -0.000000
190  2.648918 0.000001 0.000001  -0.000001 -0.000001 0.000000
191  2.667499 -0.000002 -0.000000  -0.000000 0.000000 -0.000000
192  2.426704 -0.000004 0.000000  0.000000 0.000000 -0.000000
193  -0.494744 -44.353443 -1.302299  1.570797 0.000000 -1.570797
194  11.545937 73.768410 -3.792009  0.000000 -0.000000 0.000000
195  -0.066955 -10.025105 -0.912533  0.000000 -0.000000 0.000000
196  -0.000000 -0.000000 -1.529052  -0.000000 -0.000000 0.000000
197  -0.078942 0.000001 -0.000000  0.000000 0.000001 1.570796
198  0.097092 0.000001 -0.000000  -0.000000 -3.141592 1.570796
199  0.000000 0.000000 0.000000  0.000000 -0.000000 -0.000000
200  -0.310703 -0.035778 0.107122  -0.012170 0.027790 0.002761
201  -0.090580 0.041584 0.290161  -0.012170 0.027790 0.002761
time 49
0  0 0 0  0 0 0
1  0.000000 0.000000 0.000000  0.000000 -0.000000 -0.000000
2  -0.000005 0.000023 -61.375507  0.000000 0.000000 -1.570795
3  -0.012872 0.000000 8.235020  -1.570799 -1.570796 0.000000
4  16.163128 -0.012870 -0.000002  -0.000000 -0.000000 0.000000
5  -0.000000 0.000000 -0.000005  0.000000 -0.000000 -0.000000
6  -0.000034 -0.000002 -0.000000  -0.004029 0.000352 -0.006837
7  -0.000003 -0.000006 0.000001  0.000000 0.000000 0.005921
8  0.000001 0.000001 0.000000  0.000183 -0.000000 -0.000000
9  0.000001 0.000001 0.000000  0.000366 -0.000000 -0.000000
10  0.000001 0.000000 0.000001  0.000610 -0.000000 -0.000000
11  0.000001 0.000000 0.000001  0.000793 0.000000 -0.000000
12  0.000001 0.000000 -0.000000  0.000977 -0.000000 -0.000000
13  -0.000003 -0.000001 -0.000000  0.001221 -0.000000 -0.000000
14  -0.000003 -0.000001 -0.000000  0.001404 -0.000000 -0.000000
15  -0.000003 0.000001 0.000003  0.001931 -0.009392 -0.008311
16  -0.000004 -0.000001 0.000001  -0.000000 -0.000001 -0.000000
17  -0.000004 0.000000 0.000004  0.000000 0.000000 -0.000000
18  -0.000004 0.000000 0.000003  -0.000000 0.000000 -0.000000
19  0.000004 0.000002 -0.000002  -0.000000 -0.000000 -0.000000
20  0.000000 0.000001 -0.000000  0.000000 -0.000000 -0.000000
21  0.000000 0.000000 -0.000000  -0.000000 0.000000 0.000000
22  -0.000007 0.000001 -0.000001  -0.000000 -0.000000 0.000000
23  3.672219 0.000003 -0.000002  0.000003 0.000001 0.142941
24  -0.000003 -0.000000 0.000000  -0.000000 0.000000 -0.000000
25  0.000004 0.000001 -0.000002  -0.000000 -0.000000 -0.000000
26  0.000000 0.000001 0.000001  -0.000000 0.000000 -0.000000
27  2.496795 0.000004 -0.000000  0.000000 0.000000 -0.091107
28  0.000000 0.000001 0.000002  -0.000000 0.000000 -0.000000
29  0.000000 0.000001 0.000001  -0.000000 -0.000000 -0.000000
30  2.199413 0.000000 0.000004  0.000001 0.000001 0.029263
31  0.000004 -0.000000 0.000003  0.000000 -0.000000 0.000000
32  -0.000019 -0.000001 0.000001  -0.000548 0.000429 0.004150
33  -0.000000 0.000001 -0.000000  0.000000 -0.000000 0.002930
34  0.000001 0.000000 -0.000000  -0.002808 0.000000 -0.000000
35  -0.000003 -0.000003 0.000000  -0.005676 0.000000 0.000000
36  -0.000003 -0.000001 0.000000  -0.008545 0.000000 0.000000
37  -0.000003 -0.000000 0.000000  -0.011414 -0.000000 0.000000
38  -0.000003 0.000000 0.000000  -0.014283 -0.000000 -0.000000
39  -0.000003 -0.000000 -0.000000  -0.017152 -0.000000 -0.000000
40  -0.000003 -0.000002 0.000001  -0.020021 0.000000 0.000000
41  -0.000007 -0.000004 -0.000001  -0.009182 -0.004408 -0.016216
42  0.000003 -0.000000 0.000001  0.000001 0.000000 0.000000
43  3.954722 0.000011 0.000004  -0.000000 -0.000002 0.166320
44  0.000003 -0.000001 -0.000001  -0.000000 -0.000000 -0.000000
45  0.000003 -0.000002 -0.000001  0.000000 -0.000000 0.000000
46  0.000003 0.000000 0.000000  -0.000000 0.000000 -0.000000
47  0.000003 -0.000000 -0.000000  -0.000000 0.000000 -0.000000
48  0.000003 -0.000001 0.000000  0.000000 0.000000 0.000000
49  0.000003 -0.000000 -0.000000  -0.000000 -0.000000 0.000000
50  0.000003 -0.000000 -0.000000  -0.000000 0.000000 -0.000000
51  -0.000001 0.000000 0.000000  -0.000000 0.000000 -0.000000
52  0.000006 -0.000000 -0.000000  0.000000 -0.000000 -0.000000
53  0.000006 -0.000000 0.000000  0.000000 0.000000 -0.000000
54  -0.000001 0.000000 0.000000  -0.000000 -0.000000 -0.000000
55  0.000006 0.000001 0.000000  0.000000 -0.000000 -0.000000
56  2.307437 0.000000 -0.000002  0.000002 0.000001 -0.056419
57  0.000000 0.000000 -0.000000  -0.000182 0.001831 0.000671
58  -0.064497 0.018867 0.226489  -0.011284 0.009836 0.001593
59  0.071249 114.357025 62.238792  -0.000000 -0.000000 -0.000000
60  1.986525 0.000025 -3.123736  -2.705260 -0.000000 -1.570797
61  -1.986692 0.000027 -3.123742  0.436333 0.000001 1.570797
62  -0.000000 -0.000002 -0.000003  0.000000 -0.000000 0.000000
63  -1.986692 0.000019 -3.123737  0.436333 0.000001 1.570797
64  -11.344158 1.135887 0.869280  0.000002 -0.025019 -0.026324
65  1.986525 0.000024 -3.123734  -2.705260 -0.000000 -1.570797
66  -11.350053 -0.729421 0.864887  0.000197 -0.025367 0.026442
67  1.754236 4.036762 -1.682671  0.392575 -0.010120 -1.546362
68  -1.755139 4.036758 -1.682670  -0.392577 -0.010391 -1.594986
69  -0.164556 7.327704 3.928703  0.000000 0.000001 -1.570796
70  0.079082 36.742687 -0.508023  0.000001 -0.000000 -0.000000
71  -1.260174 8.777410 6.736405  -0.000002 -0.424416 -3.141592
72  1.525193 18.283598 2.968622  0.000000 -0.000000 0.000000
73  0.060216 10.324389 74.469048  0.000008 -0.000000 0.000000
74  0.062808 75.917999 83.075439  1.570797 -0.000000 -1.570796
75  4.804184 -3.971752 0.000001  -0.000000 0.000000 -0.000000
76  -7.041561 -5.026003 0.000002  -0.000000 -0.000000 -0.000000
77  8.407181 -3.978445 0.003055  -1.570796 1.570795 0.000000
78  10.376194 -3.978450 0.003056  -1.570796 1.570796 0.000000
79  10.194016 -0.314066 -1.749547  -1.570796 1.570796 0.000000
80  20.857887 -4.015577 0.000003  0.000000 -0.000000 0.000000
81  3.258446 5.856950 -3.403523  -0.000000 -0.000000 -0.000000
82  15.153052 5.860571 -3.403521  0.000000 -0.000000 0.000000
83  6.064256 77.294952 36.365795  1.570796 0.000000 1.570796
84  -2.662412 1.445755 40.667957  0.000000 3.141591 1.570796
85  8.352066 2.772897 0.000549  -3.141589 0.000002 -0.000000
86  6.064256 72.973694 32.593254  1.570796 0.000000 1.570796
87  0.004365 73.768417 -3.792008  0.000000 -0.000000 0.000000
88  -0.442609 1.284869 8.535290  -0.000000 -0.000001 0.000000
89  0.000001 1.310217 -0.000000  0.000000 0.000000 0.000000
90  0.000001 0.582270 -0.000000  0.000000 0.000000 0.000000
91  0.036297 1.284871 7.928799  -0.000000 -0.000001 0.000000
92  0.000001 1.310219 -0.000000  0.000000 -0.000000 0.000000
93  -0.000000 0.582272 -0.000000  0.000000 -0.000000 0.000000
94  5.969323 3.427453 -6.170652  -0.000000 -0.000001 -1.570797
95  -1.310215 0.000001 0.000001  0.000000 -0.000000 -0.000000
96  -0.582268 -0.000000 -0.000000  0.000000 -0.000000 -0.000000
97  5.969323 9.397392 -6.170660  -0.000000 -0.000001 -1.570796
98  -1.310197 -0.000000 0.000001  0.000000 0.000000 -0.000000
99  -0.582251 -0.000001 -0.000001  0.000000 0.000000 -0.000000
100  5.969322 15.223759 -6.170670  0.000000 -0.000001 -1.570796
101  -1.310209 0.000002 0.000002  -0.000000 0.000000 -0.000000
102  -0.582254 0.000001 0.000002  -0.000000 0.000000 -0.000000
103  5.969323 20.835558 -6.170671  0.000000 -0.000001 -1.570796
104  -1.310215 0.000002 0.000001  -0.000000 0.000000 -0.000000
105  -0.582260 0.000000 0.000003  -0.000000 0.000000 -0.000000
106  5.969324 26.771191 -6.170672  0.000000 -0.000001 -1.570796
107  5.969323 32.597588 -6.170675  0.000000 -0.000001 -1.570796
108  5.969323 38.209389 -6.170685  0.000000 -0.000001 -1.570800
109  5.969322 49.488453 -6.170684  0.000000 -0.000001 -1.570800
110  -0.539090 -0.556823 -0.017363  -0.042462 2.681156 1.551919
111  -6.799124 -0.556818 0.818550  -0.272420 2.701993 1.452460
112  -4.615283 -0.556840 0.270328  -0.117230 2.684609 1.518878
113  -2.650969 -0.556825 0.063010  -0.042463 2.681158 1.551919
114  27.110334 1.284851 12.007548  -0.000000 -0.000000 0.000000
115  28.133423 1.284846 12.007547  0.000001 -0.000000 0.000000
116  12.812886 2.241780 12.007549  -0.000000 -0.000001 -0.000001
117  -9.955967 -0.319632 4.380215  -0.000001 -0.000000 -0.000001
118  -11.316474 -0.319632 4.380215  -0.000003 -0.000000 -0.000000
119  -12.667810 -0.319632 4.380215  -0.000003 -0.000000 0.000001
120  -14.022141 -0.319634 4.380215  0.000010 -0.000000 -0.000011
121  -15.373240 -0.319634 4.380214  0.000015 -0.000000 -0.000015
122  -16.724144 -0.319634 4.380215  -0.000009 -0.000000 0.000006
123  -18.074572 -0.319635 4.380215  -0.000006 -0.000000 0.000004
124  -19.423716 -0.319630 4.380215  0.000002 0.000000 -0.000004
125  -20.775272 -0.319629 4.380215  0.000003 0.000000 -0.000004
126  -22.126671 -0.319629 4.380215  0.000003 -0.000000 -0.000004
127  -23.478123 -0.319628 4.380215  0.000005 -0.000000 -0.000006
128  -24.830622 -0.319633 4.380215  0.000036 0.000000 -0.000038
129  -26.182028 -0.319632 4.380215  -0.000011 -0.000000 0.000011
130  0.529180 -0.167139 0.629484  -0.101270 -0.000000 0.000000
131  -0.211444 -0.241697 0.155361  -0.145847 -0.000000 0.000000
132  0.529190 -0.280705 -0.110293  -0.145847 -0.000000 0.000000
133  -0.173927 -0.337338 -0.638495  -0.181751 -0.000000 0.000000
134  0.529189 -0.399257 -0.975394  -0.181751 -0.000000 0.000000
135  -0.211444 -0.464487 -1.431042  -0.192399 -0.000000 0.000000
136  0.529189 -0.515819 -1.694583  -0.192399 -0.000000 0.000000
137  -0.173928 -0.612164 -2.231911  -0.216703 -0.000000 0.000000
138  0.529188 -0.685822 -2.566440  -0.216703 -0.000000 0.000000
139  -0.211445 -0.769566 -3.027871  -0.237349 -0.000000 0.000000
140  0.529188 -0.832693 -3.288847  -0.237349 -0.000000 0.000000
141  -0.173937 -0.945291 -3.779564  -0.233859 0.000000 0.000000
142  0.529179 -1.024673 -4.112780  -0.233859 0.000000 0.000000
143  -0.211443 -1.132201 -4.577548  -0.262919 -0.000000 0.000000
144  0.529190 -1.201978 -4.836824  -0.262919 0.000000 0.000000
145  -0.000004 -2.810955 -10.636630  0.258454 0.000000 3.141592
146  -0.192455 -1.345793 -5.370046  -0.280373 0.000000 0.000000
147  0.533984 -1.413517 -5.605105  -0.276883 0.000000 0.000000
148  -0.206618 -1.795778 -6.909780  -0.287354 0.000000 0.000000
149  -0.205805 -1.564835 -6.138257  -0.290843 0.000000 0.000000
150  0.530460 -1.643689 -6.395215  -0.290844 0.000000 0.000000
151  0.535311 -1.790727 -7.204132  -0.287354 -0.000000 0.000000
152  -0.202703 -2.030499 -7.702830  -0.286180 -0.000000 0.000000
153  0.509548 -2.118900 -8.011624  -0.298398 -0.000000 0.000000
154  -0.202703 -2.255291 -8.465173  -0.283134 -0.000000 0.000000
155  0.509548 -2.352987 -8.771158  -0.295352 -0.000000 0.000000
156  -0.202704 -2.481610 -9.235471  -0.285437 -0.000000 0.000000
157  0.509547 -2.588693 -9.538637  -0.297653 -0.000000 0.000000
158  0.170123 -21.222105 -1.001140  -0.000001 -0.000001 0.000000
159  0.170123 -20.843874 -0.397183  -0.000001 -0.000001 0.000000
160  0.170123 -20.489759 -1.001141  -0.000001 -0.000001 0.000000
161  0.170124 -20.111078 -0.397183  -0.000001 -0.000001 0.000000
162  0.170123 -19.380095 -0.397186  -0.000001 -0.000001 0.000000
163  0.170123 -19.025118 -1.001145  -0.000001 -0.000001 0.000000
164  0.170123 -18.646669 -0.396447  -0.000001 -0.000001 0.000000
165  0.170124 -19.755774 -1.001142  -0.000001 -0.000001 0.000000
166  -0.015973 10.612517 2.686017  0.000001 -0.000000 -0.000000
167  0.059851 -50.160702 6.449380  1.570797 -0.000000 -1.570797
168  0.064652 27.351290 72.195213  -0.000000 -0.000000 -0.000001
169  6.064261 95.114021 31.645500  -0.000000 -0.000001 1.570796
170  0.054185 102.845642 29.795362  0.000000 0.000001 -1.570796
171  6.064257 69.096565 37.164318  1.570796 0.000000 1.570796
172  1.974303 11.989234 4.589251  0.000000 -0.000000 0.000000
173  -0.011481 23.944746 5.090361  0.000001 -0.000000 0.000000
174  -1.691251 8.833342 5.763507  0.000001 -0.000000 0.000000
175  6.064260 89.329803 31.613918  -0.000000 -0.000001 1.570796
176  0.059886 2.255335 54.398014  -0.000000 -0.000000 0.000000
177  0.003497 -22.270645 0.000149  1.570797 -0.000000 -1.570797
178  0.104010 15.380370 2.266153  0.000001 -0.000000 -0.000000
179  -0.000012 0.000058 0.000047  0.000000 0.000000 0.000000
180  0.000017 -0.000002 -0.000020  -0.000000 -0.000000 0.000000
181  -2.662412 1.445758 33.628746  0.000000 3.141591 1.570796
182  8.352066 2.772897 0.000543  -3.141589 0.000002 -0.000000
183  -2.662412 1.445755 40.667957  0.000000 3.141591 1.570796
184  8.352066 2.772897 0.000549  -3.141589 0.000002 -0.000000
185  -1.431356 16.384777 4.137811  0.000001 -0.000000 0.000000
186  -0.001845 0.521683 -0.140290  0.000000 -0.000000 -0.000000
187  7.323109 -5.136192 -5.166237  0.000000 0.000000 -0.610865
188  2.698278 -0.000001 0.000000  -0.000012 0.000000 0.000001
189  2.834160 -0.000002 0.000000  0.000013 0.000000 -0.000000
190  2.648918 -0.000001 0.000000  -0.000001 -0.000001 0.000000
191  2.667499 -0.000002 -0.000000  0.000000 0.000000 -0.000000
192  2.426702 -0.000003 -0.000000  0.000000 0.000000 -0.000000
193  -0.494744 -44.353451 -1.302299  1.570797 -0.000000 -1.570797
194  11.545938 73.768417 -3.792010  0.000000 -0.000000 0.000000
195  -0.066954 -10.025105 -0.912534  -0.000000 -0.000000 0.000000
196  0.000000 -0.000001 -1.529052  -0.000000 -0.000000 0.000000
197  -0.078942 -0.000000 -0.000000  0.000000 0.000001 1.570796
198  0.097092 -0.000000 -0.000000  -0.000000 -3.141592 1.570796
199  0.000000 0.000000 0.000000  0.000000 -0.000000 -0.000000
200  -0.145611 -0.029839 -0.035273  -0.011223 0.009836 0.001593
201  -0.049393 0.035557 0.230499  -0.011284 0.009836 0.001592
time 50
0  0 0 0  0 0 0
1  0.000000 0.000000 0.000000  0.000000 -0.000000 -0.000000
2  -0.000005 0.000023 -61.375507  0.000000 0.000000 -1.570795
3  -0.012872 0.000000 8.235020  -1.570799 -1.570796 0.000000
4  16.163128 -0.012870 -0.000002  -0.000000 -0.000000 0.000000
5  -0.000000 0.000000 -0.000005  0.000000 -0.000000 -0.000000
6  -0.000034 -0.000002 -0.000000  -0.003297 0.000420 -0.004456
7  0.000004 -0.000007 0.000001  0.000000 0.000000 0.003601
8  -0.000001 0.000001 0.000000  0.000671 -0.000000 -0.000000
9  -0.000001 0.000001 0.000000  0.001404 -0.000000 -0.000000
10  -0.000001 0.000000 0.000001  0.002075 -0.000000 -0.000000
11  -0.000001 0.000000 0.000001  0.002808 0.000000 -0.000000
12  -0.000005 0.000000 -0.000000  0.003479 -0.000000 -0.000000
13  -0.000005 -0.000001 -0.000000  0.004211 -0.000000 -0.000000
14  -0.000001 -0.000001 -0.000000  0.004944 -0.000000 -0.000000
15  -0.000001 0.000001 0.000003  0.005730 0.003614 -0.004568
16  -0.000001 -0.000001 0.000001  -0.000000 -0.000001 -0.000000
17  -0.000001 0.000000 0.000004  0.000000 0.000000 -0.000000
18  -0.000001 0.000000 0.000003  -0.000000 0.000000 -0.000000
19  0.000007 0.000002 -0.000002  -0.000000 -0.000000 -0.000000
20  -0.000001 0.000001 -0.000001  0.000000 -0.000000 -0.000000
21  0.000003 0.000000 -0.000000  -0.000000 0.000000 0.000000
22  -0.000001 0.000001 -0.000001  -0.000000 -0.000000 -0.000000
23  3.672210 0.000003 -0.000002  0.000003 0.000001 0.142941
24  0.000001 -0.000001 0.000000  -0.000000 0.000000 -0.000000
25  0.000007 0.000001 -0.000002  -0.000000 -0.000000 -0.000000
26  -0.000009 0.000001 0.000001  -0.000000 0.000000 -0.000000
27  2.496798 0.000004 -0.000000  0.000000 0.000000 -0.091107
28  0.000003 0.000000 0.000002  -0.000000 0.000000 -0.000000
29  -0.000001 0.000001 0.000000  -0.000000 -0.000000 -0.000000
30  2.199406 0.000000 0.000004  0.000001 0.000001 0.029263
31  0.000004 -0.000000 0.000003  0.000000 -0.000000 0.000000
32  -0.000019 -0.000001 0.000001  -0.001343 0.003357 0.000059
33  -0.000005 0.000001 -0.000000  0.000000 -0.000000 0.001282
34  0.000004 0.000000 -0.000000  -0.001099 0.000000 -0.000000
35  -0.000000 -0.000003 0.000000  -0.002258 0.000000 0.000000
36  -0.000000 -0.000001 0.000000  -0.003357 0.000000 0.000000
37  0.000004 -0.000000 0.000000  -0.004517 -0.000000 0.000000
38  -0.000004 0.000000 0.000000  -0.005616 -0.000000 -0.000000
39  -0.000000 -0.000000 -0.000000  -0.006775 -0.000000 -0.000000
40  -0.000000 -0.000002 0.000001  -0.007874 0.000000 0.000000
41  -0.000004 -0.000004 -0.000001  -0.005045 0.008154 -0.009787
42  0.000000 -0.000000 0.000001  0.000001 0.000000 0.000000
43  3.954725 0.000011 0.000004  -0.000000 -0.000002 0.166320
44  -0.000002 -0.000001 -0.000001  -0.000000 -0.000000 -0.000000
45  -0.000003 -0.000002 -0.000001  0.000000 -0.000000 0.000000
46  -0.000003 0.000000 -0.000000  -0.000000 0.000000 -0.000000
47  -0.000003 -0.000000 -0.000000  -0.000000 0.000000 -0.000000
48  0.000000 -0.000000 -0.000000  0.000000 0.000000 0.000000
49  0.000000 -0.000000 -0.000000  0.000000 -0.000000 -0.000000
50  0.000000 -0.000000 -0.000000  -0.000000 0.000000 -0.000000
51  -0.000007 0.000000 0.000000  -0.000000 0.000000 0.000000
52  0.000000 -0.000000 -0.000000  0.000000 -0.000000 -0.000000
53  -0.000003 -0.000000 0.000000  0.000000 0.000000 -0.000000
54  -0.000007 0.000000 0.000000  -0.000000 -0.000000 -0.000000
55  -0.000007 0.000001 0.000000  0.000000 -0.000000 -0.000000
56  2.307436 0.000000 -0.000002  0.000002 0.000001 -0.056419
57  0.000000 0.000000 -0.000000  -0.000061 0.001221 0.000549
58  -0.010371 0.014999 0.136040  -0.008974 -0.003903 0.000811
59  0.071249 114.357040 62.238796  -0.000000 -0.000000 -0.000000
60  1.986525 0.000020 -3.123737  -2.705260 -0.000000 -1.570797
61  -1.986692 0.000023 -3.123742  0.436333 0.000001 1.570797
62  0.000000 0.000000 -0.000001  0.000000 -0.000000 0.000000
63  -1.986692 0.000023 -3.123733  0.436333 0.000001 1.570797
64  -11.344169 1.135887 0.869283  0.000002 -0.025019 -0.026324
65  1.986524 0.000020 -3.123732  -2.705260 -0.000000 -1.570797
66  -11.350033 -0.729423 0.864886  0.000197 -0.025367 0.026442
67  1.754236 4.036766 -1.682661  0.392575 -0.010120 -1.546362
68  -1.755139 4.036766 -1.682664  -0.392577 -0.010391 -1.594986
69  -0.164556 7.327704 3.928703  0.000000 0.000001 -1.570796
70  0.079082 36.742691 -0.508023  0.000001 -0.000000 -0.000000
71  -1.260174 8.777409 6.736406  -0.000002 -0.424416 -3.141592
72  1.525193 18.283600 2.968622  0.000000 -0.000000 0.000000
73  0.060217 10.324389 74.469063  0.000008 -0.000000 0.000000
74  0.062808 75.918007 83.075439  1.570797 -0.000000 -1.570796
75  4.804178 -3.971736 0.000001  -0.000000 0.000000 -0.000000
76  -7.041567 -5.025986 0.000002  -0.000000 -0.000000 -0.000000
77  8.407168 -3.978437 0.003055  -1.570796 1.570795 0.000000
78  10.376177 -3.978444 0.003056  -1.570796 1.570796 0.000000
79  10.194009 -0.314056 -1.749547  -1.570796 1.570796 0.000000
80  20.857880 -4.015555 0.000003  0.000000 -0.000000 -0.000000
81  3.258430 5.856955 -3.403524  -0.000000 -0.000000 -0.000000
82  15.153043 5.860587 -3.403521  -0.000000 -0.000000 -0.000000
83  6.064257 77.294968 36.365795  1.570796 0.000000 1.570796
84  -2.662412 1.445755 40.667957  0.000000 3.141591 1.570796
85  8.352067 2.772897 0.000535  -3.141589 0.000002 0.000000
86  6.064256 72.973701 32.593250  1.570796 0.000000 1.570796
87  0.004365 73.768417 -3.792008  0.000000 -0.000000 0.000000
88  -0.442609 1.284888 8.535290  0.000000 -0.000001 0.000000
89  0.000001 1.310210 -0.000001  0.000000 -0.000000 0.000000
90  0.000001 0.582261 -0.000000  0.000000 -0.000000 0.000000
91  0.036297 1.284890 7.928798  0.000000 -0.000001 0.000000
92  0.000001 1.310211 -0.000000  0.000000 -0.000000 0.000000
93  0.000000 0.582262 0.000000  0.000000 -0.000000 0.000000
94  5.969323 3.427462 -6.170650  -0.000000 -0.000001 -1.570797
95  -1.310213 0.000000 0.000001  0.000000 -0.000000 -0.000000
96  -0.582264 -0.000000 0.000000  0.000000 -0.000000 -0.000000
97  5.969323 9.397407 -6.170661  -0.000000 -0.000001 -1.570796
98  -1.310215 -0.000001 0.000000  0.000000 0.000000 -0.000000
99  -0.582259 -0.000001 -0.000000  0.000000 0.000000 -0.000000
100  5.969322 15.223783 -6.170671  0.000000 -0.000001 -1.570796
101  -1.310208 0.000002 0.000002  -0.000000 0.000000 -0.000000
102  -0.582258 0.000001 0.000001  -0.000000 0.000000 -0.000000
103  5.969323 20.835583 -6.170671  0.000000 -0.000001 -1.570796
104  -1.310213 0.000001 0.000001  -0.000000 0.000000 -0.000000
105  -0.582264 0.000000 0.000003  -0.000000 0.000000 -0.000000
106  5.969324 26.771214 -6.170673  0.000000 -0.000001 -1.570796
107  5.969323 32.597599 -6.170675  0.000000 -0.000001 -1.570796
108  5.969324 38.209404 -6.170687  0.000000 -0.000001 -1.570800
109  5.969322 49.488472 -6.170686  0.000000 -0.000001 -1.570800
110  -0.539090 -0.556799 -0.017363  -0.042462 2.681156 1.551919
111  -6.799124 -0.556809 0.818549  -0.272420 2.701993 1.452460
112  -4.615283 -0.556821 0.270327  -0.117230 2.684609 1.518878
113  -2.650969 -0.556806 0.063010  -0.042463 2.681158 1.551919
114  27.110338 1.284860 12.007548  0.000000 -0.000000 -0.000000
115  28.133425 1.284861 12.007546  0.000001 -0.000000 -0.000000
116  12.812886 2.241793 12.007548  0.000000 -0.000001 -0.000001
117  -9.955967 -0.319622 4.380214  -0.000001 -0.000000 -0.000001
118  -11.316473 -0.319617 4.380214  -0.000003 -0.000000 -0.000000
119  -12.667811 -0.319620 4.380214  -0.000003 -0.000000 0.000001
120  -14.022141 -0.319620 4.380214  0.000010 -0.000000 -0.000011
121  -15.373240 -0.319615 4.380213  0.000015 -0.000000 -0.000015
122  -16.724142 -0.319618 4.380214  -0.000009 -0.000000 0.000006
123  -18.074574 -0.319613 4.380214  -0.000006 -0.000000 0.000004
124  -19.423716 -0.319618 4.380214  0.000002 0.000000 -0.000004
125  -20.775270 -0.319612 4.380214  0.000003 0.000000 -0.000004
126  -22.126673 -0.319615 4.380214  0.000003 -0.000000 -0.000004
127  -23.478123 -0.319617 4.380214  0.000005 -0.000000 -0.000006
128  -24.830622 -0.319611 4.380214  0.000036 -0.000000 -0.000038
129  -26.182028 -0.319614 4.380214  -0.000011 -0.000000 0.000011
130  0.529180 -0.167127 0.629484  -0.101270 -0.000000 0.000000
131  -0.211444 -0.241679 0.155361  -0.145847 -0.000000 0.000000
132  0.529190 -0.280694 -0.110293  -0.145847 -0.000000 0.000000
133  -0.173927 -0.337326 -0.638496  -0.181751 -0.000000 0.000000
134  0.529189 -0.399248 -0.975394  -0.181751 -0.000000 0.000000
135  -0.211444 -0.464474 -1.431043  -0.192399 -0.000000 0.000000
136  0.529189 -0.515800 -1.694584  -0.192400 -0.000000 0.000000
137  -0.173928 -0.612140 -2.231911  -0.216703 -0.000000 0.000000
138  0.529188 -0.685804 -2.566441  -0.216703 -0.000000 0.000000
139  -0.211445 -0.769556 -3.027870  -0.237349 -0.000000 0.000000
140  0.529188 -0.832679 -3.288847  -0.237349 -0.000000 0.000000
141  -0.173937 -0.945277 -3.779564  -0.233859 0.000000 0.000000
142  0.529179 -1.024652 -4.112781  -0.233859 0.000000 0.000000
143  -0.211443 -1.132180 -4.577549  -0.262919 -0.000000 0.000000
144  0.529190 -1.201956 -4.836825  -0.262919 0.000000 0.000000
145  -0.000004 -2.810932 -10.636631  0.258454 0.000000 3.141592
146  -0.192455 -1.345769 -5.370045  -0.280373 0.000000 0.000000
147  0.533984 -1.413507 -5.605105  -0.276883 0.000000 0.000000
148  -0.206618 -1.795750 -6.909780  -0.287354 0.000000 0.000000
149  -0.205805 -1.564807 -6.138257  -0.290843 0.000000 0.000000
150  0.530460 -1.643672 -6.395216  -0.290844 0.000000 0.000000
151  0.535311 -1.790705 -7.204134  -0.287354 -0.000000 0.000000
152  -0.202703 -2.030488 -7.702831  -0.286180 -0.000000 0.000000
153  0.509548 -2.118886 -8.011625  -0.298398 -0.000000 0.000000
154  -0.202703 -2.255265 -8.465172  -0.283134 -0.000000 0.000000
155  0.509548 -2.352975 -8.771159  -0.295352 -0.000000 0.000000
156  -0.202704 -2.481589 -9.235472  -0.285437 -0.000000 0.000000
157  0.509547 -2.588679 -9.538638  -0.297654 -0.000000 0.000000
158  0.170123 -21.222086 -1.001140  -0.000001 -0.000001 0.000000
159  0.170123 -20.843859 -0.397184  -0.000001 -0.000001 0.000000
160  0.170123 -20.489742 -1.001142  -0.000001 -0.000001 0.000000
161  0.170124 -20.111065 -0.397183  -0.000001 -0.000001 0.000000
162  0.170123 -19.380087 -0.397187  -0.000001 -0.000001 0.000000
163  0.170123 -19.025103 -1.001146  -0.000001 -0.000001 0.000000
164  0.170123 -18.646654 -0.396448  -0.000001 -0.000001 0.000000
165  0.170124 -19.755758 -1.001142  -0.000001 -0.000001 0.000000
166  -0.015973 10.612516 2.686017  0.000001 -0.000000 -0.000000
167  0.059851 -50.160698 6.449381  1.570797 -0.000000 -1.570797
168  0.064653 27.351290 72.195213  -0.000000 -0.000000 -0.000001
169  6.064261 95.114014 31.645502  -0.000000 -0.000001 1.570796
170  0.054185 102.845642 29.795362  0.000000 0.000001 -1.570796
171  6.064257 69.096558 37.164322  1.570796 0.000000 1.570796
172  1.974303 11.989233 4.589250  0.000000 -0.000000 0.000000
173  -0.011481 23.944744 5.090362  0.000001 -0.000000 0.000000
174  -1.691251 8.833343 5.763507  0.000001 -0.000000 0.000000
175  6.064261 89.329811 31.613918  -0.000000 -0.000001 1.570796
176  0.059886 2.255335 54.398010  -0.000000 -0.000000 0.000000
177  0.003497 -22.270645 0.000148  1.570797 -0.000000 -1.570797
178  0.104010 15.380370 2.266153  0.000001 -0.000000 -0.000000
179  -0.000012 0.000059 0.000048  0.000000 0.000000 0.000000
180  0.000016 0.000000 -0.000019  -0.000000 -0.000000 0.000000
181  -2.662412 1.445758 33.628746  0.000000 3.141591 1.570796
182  8.352067 2.772897 0.000542  -3.141589 0.000002 0.000000
183  -2.662412 1.445755 40.667957  0.000000 3.141591 1.570796
184  8.352067 2.772897 0.000535  -3.141589 0.000002 0.000000
185  -1.431356 16.384777 4.137811  0.000001 -0.000000 0.000000
186  -0.001845 0.521683 -0.140289  0.000000 -0.000000 -0.000000
187  7.323109 -5.136191 -5.166237  -0.000000 0.000000 -0.610865
188  2.698277 -0.000001 -0.000000  -0.000012 0.000000 0.000001
189  2.834159 -0.000001 -0.000001  0.000013 0.000000 -0.000000
190  2.648918 0.000002 0.000001  -0.000001 -0.000001 0.000000
191  2.667500 -0.000002 0.000000  0.000000 0.000000 0.000000
192  2.426702 -0.000002 0.000001  0.000000 0.000000 -0.000000
193  -0.494744 -44.353451 -1.302299  1.570797 0.000000 -1.570797
194  11.545938 73.768417 -3.792010  0.000000 -0.000000 0.000000
195  -0.066954 -10.025105 -0.912533  -0.000000 -0.000000 0.000000
196  -0.000000 -0.000001 -1.529052  -0.000000 -0.000000 0.000000
197  -0.078942 0.000002 -0.000000  0.000000 0.000001 1.570796
198  0.097092 0.000002 -0.000000  -0.000000 -3.141592 1.570796
199  0.000000 0.000000 0.000000  0.000000 -0.000000 -0.000000
200  -0.015863 -0.022270 -0.108513  -0.008974 -0.003903 0.000811
201  -0.012140 0.026936 0.174870  -0.008974 -0.003903 0.000811
time 51
0  0 0 0  0 0 0
1  0.000000 0.000000 0.000000  0.000000 -0.000000 -0.000000
2  -0.000005 0.000023 -61.375507  0.000000 0.000000 -1.570795
3  -0.012872 0.000000 8.235020  -1.570799 -1.570796 0.000000
4  16.163128 -0.012870 -0.000002  -0.000000 -0.000000 0.000000
5  -0.000000 0.000000 -0.000005  0.000000 -0.000000 -0.000000
6  -0.000034 -0.000002 -0.000000  -0.002503 0.000546 -0.002747
7  0.000002 -0.000006 0.000001  0.000000 0.000000 0.002075
8  0.000002 0.000001 0.000000  0.000793 -0.000000 -0.000000
9  0.000006 0.000001 0.000000  0.001587 -0.000000 -0.000000
10  -0.000002 0.000000 0.000001  0.002380 -0.000000 -0.000000
11  -0.000002 0.000000 0.000001  0.003174 0.000000 -0.000000
12  -0.000002 0.000000 -0.000000  0.003967 -0.000000 -0.000000
13  -0.000002 -0.000001 -0.000000  0.004761 -0.000000 -0.000000
14  0.000002 -0.000001 -0.000000  0.005554 -0.000000 -0.000000
15  -0.000002 0.000002 0.000003  0.006340 0.009039 -0.001803
16  -0.000000 -0.000001 0.000001  -0.000000 -0.000001 -0.000000
17  -0.000001 0.000000 0.000004  0.000000 0.000000 -0.000000
18  0.000003 0.000000 0.000003  -0.000000 0.000000 -0.000000
19  0.000007 0.000002 -0.000002  -0.000000 -0.000000 -0.000000
20  -0.000000 0.000001 -0.000001  0.000000 -0.000000 -0.000000
21  0.000003 0.000000 -0.000000  -0.000000 0.000000 0.000000
22  -0.000000 0.000001 -0.000001  -0.000000 -0.000000 -0.000000
23  3.672212 0.000003 -0.000002  0.000003 0.000001 0.142941
24  -0.000001 -0.000001 0.000000  -0.000000 0.000000 0.000000
25  0.000003 0.000001 -0.000002  -0.000000 -0.000000 -0.000000
26  -0.000004 0.000001 0.000001  -0.000000 0.000000 -0.000000
27  2.496796 0.000004 -0.000000  0.000000 0.000000 -0.091107
28  0.000007 0.000000 0.000002  -0.000000 0.000000 -0.000000
29  0.000003 0.000001 0.000000  -0.000000 -0.000000 -0.000000
30  2.199415 0.000000 0.000004  0.000001 0.000001 0.029263
31  0.000004 -0.000000 0.000003  0.000000 -0.000000 0.000000
32  -0.000019 -0.000001 0.000001  -0.001468 0.003478 -0.001773
33  -0.000000 0.000001 -0.000000  0.000000 -0.000000 0.000305
34  -0.000000 0.000000 -0.000000  -0.000061 0.000000 -0.000000
35  -0.000004 -0.000002 0.000000  -0.000122 0.000000 0.000000
36  -0.000004 -0.000001 0.000000  -0.000183 0.000000 0.000000
37  -0.000000 -0.000000 0.000000  -0.000244 -0.000000 0.000000
38  -0.000004 0.000001 0.000001  -0.000305 -0.000000 -0.000000
39  -0.000004 -0.000000 -0.000000  -0.000366 -0.000000 -0.000000
40  -0.000004 -0.000001 0.000001  -0.000488 0.000000 0.000000
41  -0.000008 -0.000004 -0.000001  -0.001736 0.011837 -0.004527
42  0.000002 -0.000000 0.000001  0.000001 0.000000 0.000000
43  3.954715 0.000011 0.000004  -0.000000 -0.000002 0.166319
44  -0.000001 -0.000001 -0.000001  -0.000000 -0.000000 -0.000000
45  0.000002 -0.000002 -0.000001  0.000000 -0.000000 0.000000
46  0.000002 0.000000 0.000000  0.000000 0.000000 -0.000000
47  0.000002 -0.000000 -0.000000  -0.000000 0.000000 -0.000000
48  0.000002 -0.000000 -0.000000  0.000000 0.000000 0.000000
49  -0.000002 -0.000000 -0.000000  0.000000 -0.000000 -0.000000
50  0.000002 -0.000000 -0.000000  -0.000000 0.000000 -0.000000
51  -0.000002 0.000000 0.000000  -0.000000 0.000000 0.000000
52  0.000002 -0.000000 -0.000000  0.000000 -0.000000 -0.000000
53  0.000002 -0.000000 0.000000  0.000000 0.000000 -0.000000
54  -0.000002 0.000000 0.000001  -0.000000 -0.000000 -0.000000
55  0.000002 0.000001 0.000000  0.000000 -0.000000 -0.000000
56  2.307431 0.000000 -0.000002  0.000002 0.000001 -0.056419
57  0.000000 0.000000 -0.000000  0.000000 0.000732 0.000366
58  0.017322 0.010017 0.078735  -0.006044 -0.009460 0.000334
59  0.071249 114.357033 62.238792  -0.000000 0.000000 -0.000000
60  1.986525 0.000030 -3.123736  -2.705260 -0.000000 -1.570797
61  -1.986692 0.000028 -3.123743  0.436333 0.000001 1.570797
62  0.000000 0.000011 -0.000003  0.000000 0.000000 0.000000
63  -1.986692 0.000021 -3.123734  0.436333 0.000001 1.570797
64  -11.344159 1.135886 0.869274  0.000002 -0.025019 -0.026324
65  1.986525 0.000022 -3.123727  -2.705260 -0.000000 -1.570797
66  -11.350053 -0.729423 0.864884  0.000197 -0.025367 0.026442
67  1.754237 4.036762 -1.682662  0.392575 -0.010120 -1.546362
68  -1.755139 4.036758 -1.682662  -0.392577 -0.010391 -1.594986
69  -0.164556 7.327704 3.928703  -0.000000 0.000001 -1.570796
70  0.079082 36.742691 -0.508023  0.000001 0.000000 -0.000000
71  -1.260174 8.777411 6.736405  -0.000002 -0.424416 -3.141592
72  1.525193 18.283598 2.968622  0.000000 0.000000 0.000000
73  0.060217 10.324389 74.469055  0.000008 -0.000000 0.000000
74  0.062808 75.918007 83.075439  1.570797 -0.000000 -1.570796
75  4.804188 -3.971748 0.000001  -0.000000 0.000000 -0.000000
76  -7.041566 -5.025991 0.000002  -0.000000 -0.000000 -0.000000
77  8.407184 -3.978435 0.003055  -1.570796 1.570795 0.000000
78  10.376188 -3.978448 0.003056  -1.570796 1.570796 0.000000
79  10.194016 -0.314059 -1.749547  -1.570796 1.570796 0.000000
80  20.857885 -4.015561 0.000003  0.000000 -0.000000 -0.000000
81  3.258449 5.856956 -3.403524  -0.000000 -0.000000 -0.000000
82  15.153052 5.860578 -3.403521  0.000000 -0.000000 0.000000
83  6.064256 77.294952 36.365795  1.570796 -0.000000 1.570796
84  -2.662412 1.445755 40.667957  -0.000000 3.141591 1.570796
85  8.352066 2.772897 0.000543  -3.141589 0.000002 0.000000
86  6.064256 72.973686 32.593250  1.570796 -0.000000 1.570796
87  0.004365 73.768410 -3.792008  0.000000 -0.000000 0.000000
88  -0.442609 1.284871 8.535289  0.000000 -0.000001 0.000000
89  0.000001 1.310218 -0.000001  0.000000 -0.000000 0.000000
90  0.000001 0.582271 0.000000  0.000000 -0.000000 0.000000
91  0.036297 1.284873 7.928798  -0.000000 -0.000001 0.000000
92  0.000001 1.310213 -0.000001  0.000000 0.000000 0.000000
93  0.000000 0.582265 -0.000000  0.000000 0.000000 0.000000
94  5.969323 3.427453 -6.170650  -0.000000 -0.000001 -1.570797
95  -1.310214 0.000001 0.000000  0.000000 -0.000000 -0.000000
96  -0.582267 0.000000 -0.000000  0.000000 -0.000000 -0.000000
97  5.969323 9.397398 -6.170660  -0.000000 -0.000001 -1.570796
98  -1.310210 0.000000 0.000001  0.000000 0.000000 -0.000000
99  -0.582255 -0.000001 0.000001  0.000000 0.000000 -0.000000
100  5.969322 15.223768 -6.170671  -0.000000 -0.000001 -1.570796
101  -1.310217 0.000002 0.000001  -0.000000 0.000000 -0.000000
102  -0.582263 0.000001 0.000001  -0.000000 0.000000 -0.000000
103  5.969323 20.835562 -6.170672  -0.000000 -0.000001 -1.570796
104  -1.310217 0.000001 -0.000000  -0.000000 0.000000 -0.000000
105  -0.582270 0.000000 0.000002  -0.000000 0.000000 -0.000000
106  5.969324 26.771204 -6.170673  -0.000000 -0.000001 -1.570796
107  5.969323 32.597588 -6.170675  -0.000000 -0.000001 -1.570796
108  5.969324 38.209396 -6.170686  0.000000 -0.000001 -1.570800
109  5.969322 49.488457 -6.170685  0.000000 -0.000001 -1.570800
110  -0.539090 -0.556817 -0.017363  -0.042462 2.681156 1.551919
111  -6.799124 -0.556816 0.818549  -0.272420 2.701993 1.452460
112  -4.615283 -0.556828 0.270327  -0.117230 2.684609 1.518878
113  -2.650969 -0.556819 0.063010  -0.042463 2.681158 1.551919
114  27.110338 1.284847 12.007548  0.000000 -0.000000 0.000000
115  28.133427 1.284849 12.007547  0.000001 -0.000000 0.000000
116  12.812886 2.241782 12.007549  -0.000000 -0.000001 -0.000001
117  -9.955967 -0.319632 4.380214  -0.000001 -0.000000 -0.000001
118  -11.316473 -0.319628 4.380214  -0.000003 -0.000000 0.000000
119  -12.667810 -0.319627 4.380214  -0.000003 -0.000000 0.000001
120  -14.022141 -0.319624 4.380214  0.000010 -0.000000 -0.000011
121  -15.373239 -0.319631 4.380213  0.000015 -0.000000 -0.000015
122  -16.724142 -0.319630 4.380214  -0.000009 -0.000000 0.000006
123  -18.074572 -0.319629 4.380214  -0.000006 0.000000 0.000004
124  -19.423717 -0.319629 4.380214  0.000002 0.000000 -0.000004
125  -20.775270 -0.319628 4.380214  0.000003 0.000000 -0.000004
126  -22.126673 -0.319627 4.380214  0.000003 -0.000000 -0.000004
127  -23.478123 -0.319626 4.380214  0.000005 0.000000 -0.000006
128  -24.830620 -0.319624 4.380214  0.000036 -0.000000 -0.000038
129  -26.182028 -0.319623 4.380214  -0.000011 -0.000000 0.000011
130  0.529180 -0.167139 0.629484  -0.101270 -0.000000 0.000000
131  -0.211444 -0.241690 0.155361  -0.145847 -0.000000 0.000000
132  0.529190 -0.280701 -0.110293  -0.145847 -0.000000 0.000000
133  -0.173927 -0.337336 -0.638496  -0.181751 -0.000000 0.000000
134  0.529189 -0.399251 -0.975394  -0.181751 -0.000000 0.000000
135  -0.211444 -0.464483 -1.431043  -0.192399 -0.000000 0.000000
136  0.529189 -0.515821 -1.694583  -0.192399 -0.000000 0.000000
137  -0.173928 -0.612152 -2.231912  -0.216703 -0.000000 0.000000
138  0.529188 -0.685808 -2.566441  -0.216703 -0.000000 0.000000
139  -0.211445 -0.769561 -3.027871  -0.237349 -0.000000 0.000000
140  0.529188 -0.832695 -3.288848  -0.237349 -0.000000 0.000000
141  -0.173937 -0.945291 -3.779564  -0.233859 0.000000 0.000000
142  0.529179 -1.024654 -4.112780  -0.233859 0.000000 0.000000
143  -0.211443 -1.132184 -4.577548  -0.262919 -0.000000 0.000000
144  0.529190 -1.201974 -4.836826  -0.262919 0.000000 0.000000
145  -0.000004 -2.810947 -10.636630  0.258454 0.000000 3.141592
146  -0.192455 -1.345787 -5.370046  -0.280373 0.000000 0.000000
147  0.533984 -1.413513 -5.605105  -0.276883 0.000000 0.000000
148  -0.206618 -1.795764 -6.909779  -0.287354 0.000000 0.000000
149  -0.205805 -1.564821 -6.138257  -0.290843 0.000000 0.000000
150  0.530460 -1.643687 -6.395216  -0.290844 0.000000 0.000000
151  0.535311 -1.790709 -7.204132  -0.287354 -0.000000 0.000000
152  -0.202703 -2.030493 -7.702831  -0.286180 -0.000000 0.000000
153  0.509548 -2.118903 -8.011624  -0.298398 -0.000000 0.000000
154  -0.202703 -2.255281 -8.465173  -0.283134 -0.000000 0.000000
155  0.509548 -2.352986 -8.771160  -0.295352 -0.000000 0.000000
156  -0.202704 -2.481609 -9.235472  -0.285437 -0.000000 0.000000
157  0.509547 -2.588692 -9.538639  -0.297654 -0.000000 0.000000
158  0.170123 -21.222099 -1.001140  -0.000001 -0.000001 0.000000
159  0.170123 -20.843866 -0.397183  -0.000001 -0.000001 0.000000
160  0.170123 -20.489750 -1.001141  -0.000001 -0.000001 0.000000
161  0.170124 -20.111067 -0.397183  -0.000001 -0.000001 0.000000
162  0.170123 -19.380091 -0.397187  -0.000001 -0.000001 0.000000
163  0.170123 -19.025118 -1.001146  -0.000001 -0.000001 0.000000
164  0.170123 -18.646666 -0.396448  -0.000001 -0.000001 0.000000
165  0.170124 -19.755768 -1.001142  -0.000001 -0.000001 0.000000
166  -0.015973 10.612517 2.686017  0.000001 0.000000 -0.000000
167  0.059851 -50.160702 6.449380  1.570797 -0.000000 -1.570797
168  0.064653 27.351290 72.195206  0.000000 -0.000000 -0.000001
169  6.064261 95.114014 31.645502  0.000000 -0.000001 1.570796
170  0.054185 102.845642 29.795364  -0.000000 0.000001 -1.570796
171  6.064257 69.096558 37.164318  1.570796 -0.000000 1.570796
172  1.974303 11.989233 4.589250  0.000000 0.000000 0.000000
173  -0.011481 23.944746 5.090361  0.000001 -0.000000 0.000000
174  -1.691251 8.833342 5.763507  0.000001 0.000000 0.000000
175  6.064260 89.329803 31.613918  0.000000 -0.000001 1.570796
176  0.059886 2.255335 54.398014  0.000000 -0.000000 0.000000
177  0.003497 -22.270643 0.000143  1.570797 0.000000 -1.570797
178  0.104010 15.380369 2.266153  0.000001 0.000000 -0.000000
179  -0.000012 0.000059 0.000048  0.000000 0.000000 0.000000
180  0.000015 -0.000004 -0.000021  -0.000000 0.000000 0.000000
181  -2.662412 1.445758 33.628746  -0.000000 3.141591 1.570796
182  8.352066 2.772897 0.000538  -3.141589 0.000002 0.000000
183  -2.662412 1.445755 40.667957  -0.000000 3.141591 1.570796
184  8.352066 2.772897 0.000543  -3.141589 0.000002 0.000000
185  -1.431356 16.384781 4.137811  0.000001 0.000000 0.000000
186  -0.001845 0.521683 -0.140289  0.000000 0.000000 -0.000000
187  7.323109 -5.136191 -5.166236  -0.000000 0.000000 -0.610865
188  2.698277 -0.000001 -0.000000  -0.000012 0.000000 0.000001
189  2.834158 -0.000002 0.000000  0.000013 0.000000 0.000000
190  2.648920 -0.000000 -0.000000  -0.000001 -0.000001 0.000000
191  2.667497 -0.000002 -0.000000  -0.000000 0.000000 0.000000
192  2.426702 -0.000000 0.000000  -0.000000 0.000000 -0.000000
193  -0.494744 -44.353443 -1.302299  1.570797 0.000000 -1.570797
194  11.545938 73.768410 -3.792010  0.000000 0.000000 0.000000
195  -0.066954 -10.025105 -0.912534  0.000000 0.000000 0.000000
196  0.000000 -0.000002 -1.529052  -0.000000 -0.000000 0.000000
197  -0.078942 -0.000001 0.000000  0.000000 0.000001 1.570796
198  0.097092 -0.000001 -0.000000  -0.000000 -3.141592 1.570796
199  0.000000 0.000000 0.000000  0.000000 -0.000000 -0.000000
200  0.045462 -0.014275 -0.106352  -0.006044 -0.009460 0.000334
201  0.008270 0.017448 0.125380  -0.006044 -0.009460 0.000334
time 52
0  0 0 0  0 0 0
1  0.000000 0.000000 0.000000  0.000000 -0.000000 -0.000000
2  -0.000005 0.000023 -61.375507  0.000000 0.000000 -1.570795
3  -0.012872 0.000000 8.235020  -1.570799 -1.570796 0.000000
4  16.163128 -0.012870 -0.000002  -0.000000 -0.000000 0.000000
5  -0.000000 0.000000 -0.000005  0.000000 -0.000000 -0.000000
6  -0.000034 -0.000002 -0.000000  -0.001282 0.000548 -0.001343
7  0.000000 -0.000006 0.000001  0.000000 0.000000 0.000977
8  0.000006 0.000001 0.000000  0.000488 -0.000000 -0.000000
9  0.000002 0.000001 0.000000  0.001038 -0.000000 -0.000000
10  -0.000002 0.000000 0.000001  0.001587 -0.000000 -0.000000
11  0.000002 0.000000 0.000001  0.002075 0.000000 -0.000000
12  -0.000002 0.000000 -0.000000  0.002625 -0.000000 -0.000000
13  -0.000002 -0.000001 -0.000000  0.003174 -0.000000 -0.000000
14  0.000002 -0.000001 -0.000000  0.003662 -0.000000 -0.000000
15  -0.000006 0.000001 0.000003  0.004210 0.006837 -0.000535
16  -0.000003 -0.000001 0.000001  -0.000000 -0.000001 -0.000000
17  -0.000007 0.000000 0.000004  0.000000 0.000000 -0.000000
18  -0.000007 0.000000 0.000003  -0.000000 0.000000 -0.000000
19  0.000001 0.000002 -0.000001  -0.000000 -0.000000 -0.000000
20  -0.000003 0.000001 -0.000001  0.000000 -0.000000 -0.000000
21  -0.000003 0.000000 -0.000000  -0.000000 0.000000 0.000000
22  -0.000007 0.000001 -0.000001  -0.000000 -0.000000 -0.000000
23  3.672209 0.000003 -0.000002  0.000003 0.000001 0.142941
24  -0.000004 -0.000001 0.000000  -0.000000 0.000000 0.000000
25  0.000001 0.000001 -0.000002  -0.000000 -0.000000 -0.000000
26  -0.000003 0.000001 0.000001  -0.000000 0.000000 -0.000000
27  2.496794 0.000004 -0.000000  0.000000 0.000000 -0.091107
28  0.000001 0.000001 0.000002  -0.000000 0.000000 -0.000000
29  0.000001 0.000001 0.000001  -0.000000 -0.000000 -0.000000
30  2.199414 0.000000 0.000004  0.000001 0.000001 0.029263
31  0.000004 -0.000000 0.000003  0.000000 -0.000000 0.000000
32  -0.000019 -0.000001 0.000001  -0.001223 0.002135 -0.001466
33  -0.000000 0.000001 -0.000000  0.000000 -0.000000 0.000000
34  -0.000004 0.000000 -0.000000  0.000122 0.000000 -0.000000
35  -0.000000 -0.000002 0.000000  0.000244 0.000000 0.000000
36  -0.000004 -0.000001 0.000000  0.000427 0.000000 0.000000
37  -0.000000 -0.000000 0.000000  0.000549 -0.000000 0.000000
38  -0.000008 0.000000 0.000000  0.000671 -0.000000 -0.000000
39  -0.000004 -0.000000 -0.000000  0.000855 -0.000000 -0.000000
40  -0.000004 -0.000002 0.000001  0.000976 0.000000 0.000000
41  -0.000004 -0.000004 -0.000001  -0.000557 0.007812 -0.001711
42  0.000002 -0.000000 0.000001  0.000001 0.000000 0.000000
43  3.954722 0.000011 0.000004  -0.000000 -0.000002 0.166320
44  -0.000003 -0.000001 -0.000001  -0.000000 -0.000000 -0.000000
45  0.000002 -0.000002 -0.000001  0.000000 -0.000000 0.000000
46  -0.000002 0.000000 0.000000  0.000000 0.000000 -0.000000
47  0.000006 -0.000000 -0.000000  -0.000000 0.000000 -0.000000
48  0.000002 -0.000000 -0.000000  0.000000 0.000000 0.000000
49  0.000002 -0.000000 -0.000000  0.000000 -0.000000 -0.000000
50  0.000002 -0.000000 -0.000000  -0.000000 0.000000 -0.000000
51  -0.000002 0.000000 0.000000  -0.000000 0.000000 -0.000000
52  0.000002 -0.000000 -0.000000  0.000000 -0.000000 -0.000000
53  0.000002 -0.000000 0.000000  0.000000 0.000000 -0.000000
54  -0.000002 0.000000 0.000000  -0.000000 -0.000000 -0.000000
55  -0.000002 0.000001 0.000000  0.000000 -0.000000 -0.000000
56  2.307440 0.000000 -0.000002  0.000002 0.000001 -0.056419
57  0.000000 0.000000 -0.000000  0.000000 0.000366 0.000183
58  0.016604 0.005142 0.035872  -0.003113 -0.007019 0.000072
59  0.071249 114.357040 62.238792  -0.000000 0.000000 -0.000000
60  1.986525 0.000026 -3.123740  -2.705260 -0.000000 -1.570797
61  -1.986692 0.000022 -3.123749  0.436333 0.000001 1.570797
62  -0.000000 0.000006 -0.000005  0.000000 -0.000000 0.000000
63  -1.986692 0.000022 -3.123740  0.436333 0.000001 1.570797
64  -11.344166 1.135889 0.869281  0.000002 -0.025019 -0.026324
65  1.986525 0.000026 -3.123735  -2.705260 -0.000000 -1.570797
66  -11.350055 -0.729421 0.864885  0.000197 -0.025367 0.026442
67  1.754237 4.036765 -1.682667  0.392575 -0.010120 -1.546362
68  -1.755139 4.036766 -1.682666  -0.392577 -0.010391 -1.594986
69  -0.164556 7.327704 3.928703  0.000000 0.000001 -1.570796
70  0.079082 36.742683 -0.508023  0.000001 0.000000 -0.000000
71  -1.260174 8.777411 6.736405  -0.000002 -0.424415 -3.141592
72  1.525193 18.283602 2.968622  0.000000 -0.000000 0.000000
73  0.060217 10.324390 74.469063  0.000008 -0.000000 0.000000
74  0.062809 75.918007 83.075439  1.570797 0.000000 -1.570796
75  4.804182 -3.971759 0.000001  -0.000000 0.000000 -0.000000
76  -7.041569 -5.026002 0.000002  -0.000000 -0.000000 -0.000000
77  8.407177 -3.978452 0.003055  -1.570796 1.570795 0.000000
78  10.376183 -3.978456 0.003056  -1.570796 1.570796 0.000000
79  10.194002 -0.314071 -1.749548  -1.570796 1.570796 0.000000
80  20.857885 -4.015579 0.000003  0.000000 -0.000000 -0.000000
81  3.258444 5.856940 -3.403523  -0.000000 -0.000000 -0.000000
82  15.153049 5.860562 -3.403521  0.000000 -0.000000 0.000000
83  6.064257 77.294960 36.365799  1.570796 0.000000 1.570796
84  -2.662412 1.445755 40.667957  -0.000000 3.141591 1.570796
85  8.352067 2.772896 0.000540  -3.141589 0.000002 -0.000000
86  6.064257 72.973694 32.593250  1.570796 0.000000 1.570796
87  0.004365 73.768417 -3.792008  0.000000 -0.000000 0.000000
88  -0.442609 1.284880 8.535291  0.000000 -0.000001 0.000000
89  0.000001 1.310207 0.000000  0.000000 -0.000000 0.000000
90  0.000001 0.582256 0.000001  0.000000 -0.000000 0.000000
91  0.036297 1.284879 7.928798  0.000000 -0.000001 0.000000
92  0.000001 1.310206 -0.000000  0.000000 0.000000 0.000000
93  0.000000 0.582255 0.000000  0.000000 0.000000 0.000000
94  5.969324 3.427461 -6.170650  -0.000000 -0.000001 -1.570797
95  -1.310201 0.000002 0.000002  0.000000 0.000000 -0.000000
96  -0.582251 0.000000 0.000001  0.000000 0.000000 -0.000000
97  5.969323 9.397398 -6.170659  -0.000000 -0.000001 -1.570796
98  -1.310212 0.000000 0.000001  0.000000 0.000000 -0.000000
99  -0.582262 -0.000001 -0.000000  0.000000 0.000000 -0.000000
100  5.969322 15.223779 -6.170671  0.000000 -0.000001 -1.570796
101  -1.310215 0.000002 0.000002  -0.000000 0.000000 -0.000000
102  -0.582265 0.000001 0.000001  -0.000000 0.000000 -0.000000
103  5.969324 20.835573 -6.170672  0.000000 -0.000001 -1.570796
104  -1.310216 0.000002 0.000001  -0.000000 0.000000 -0.000000
105  -0.582273 0.000000 0.000002  -0.000000 0.000000 -0.000000
106  5.969324 26.771208 -6.170672  0.000000 -0.000001 -1.570796
107  5.969323 32.597603 -6.170676  0.000000 -0.000001 -1.570796
108  5.969323 38.209408 -6.170686  0.000000 -0.000001 -1.570800
109  5.969322 49.488468 -6.170683  0.000000 -0.000001 -1.570800
110  -0.539090 -0.556806 -0.017363  -0.042462 2.681156 1.551919
111  -6.799123 -0.556805 0.818549  -0.272420 2.701993 1.452460
112  -4.615283 -0.556820 0.270328  -0.117230 2.684609 1.518878
113  -2.650969 -0.556804 0.063010  -0.042463 2.681158 1.551919
114  27.110336 1.284850 12.007549  0.000000 -0.000000 -0.000000
115  28.133425 1.284852 12.007547  0.000001 -0.000000 -0.000000
116  12.812886 2.241784 12.007549  0.000000 -0.000001 -0.000001
117  -9.955967 -0.319621 4.380214  -0.000001 -0.000000 -0.000001
118  -11.316473 -0.319614 4.380215  -0.000003 -0.000000 -0.000000
119  -12.667810 -0.319616 4.380215  -0.000003 -0.000000 0.000001
120  -14.022141 -0.319617 4.380215  0.000010 -0.000000 -0.000011
121  -15.373240 -0.319619 4.380214  0.000015 -0.000000 -0.000015
122  -16.724142 -0.319613 4.380214  -0.000009 -0.000000 0.000006
123  -18.074574 -0.319615 4.380214  -0.000006 0.000000 0.000004
124  -19.423716 -0.319617 4.380214  0.000002 0.000000 -0.000004
125  -20.775272 -0.319611 4.380214  0.000003 0.000000 -0.000004
126  -22.126673 -0.319613 4.380215  0.000003 -0.000000 -0.000004
127  -23.478125 -0.319614 4.380215  0.000005 0.000000 -0.000006
128  -24.830624 -0.319616 4.380215  0.000036 -0.000000 -0.000038
129  -26.182030 -0.319610 4.380215  -0.000011 0.000000 0.000011
130  0.529180 -0.167131 0.629484  -0.101270 -0.000000 0.000000
131  -0.211444 -0.241690 0.155361  -0.145847 -0.000000 0.000000
132  0.529190 -0.280697 -0.110293  -0.145847 -0.000000 0.000000
133  -0.173927 -0.337314 -0.638495  -0.181751 -0.000000 0.000000
134  0.529189 -0.399244 -0.975394  -0.181751 -0.000000 0.000000
135  -0.211444 -0.464477 -1.431042  -0.192399 -0.000000 0.000000
136  0.529189 -0.515804 -1.694583  -0.192399 -0.000000 0.000000
137  -0.173928 -0.612150 -2.231911  -0.216703 -0.000000 0.000000
138  0.529188 -0.685806 -2.566440  -0.216703 -0.000000 0.000000
139  -0.211445 -0.769553 -3.027871  -0.237349 -0.000000 0.000000
140  0.529188 -0.832684 -3.288847  -0.237349 -0.000000 0.000000
141  -0.173937 -0.945281 -3.779564  -0.233859 0.000000 0.000000
142  0.529179 -1.024655 -4.112781  -0.233859 0.000000 0.000000
143  -0.211443 -1.132180 -4.577548  -0.262919 -0.000000 0.000000
144  0.529190 -1.201961 -4.836825  -0.262919 0.000000 0.000000
145  -0.000004 -2.810940 -10.636630  0.258454 0.000000 3.141592
146  -0.192455 -1.345782 -5.370046  -0.280373 0.000000 0.000000
147  0.533984 -1.413516 -5.605104  -0.276883 0.000000 0.000000
148  -0.206618 -1.795766 -6.909779  -0.287354 0.000000 0.000000
149  -0.205805 -1.564820 -6.138257  -0.290843 0.000000 0.000000
150  0.530460 -1.643679 -6.395216  -0.290844 0.000000 0.000000
151  0.535311 -1.790715 -7.204133  -0.287354 -0.000000 0.000000
152  -0.202703 -2.030475 -7.702829  -0.286180 -0.000000 0.000000
153  0.509548 -2.118891 -8.011624  -0.298398 -0.000000 0.000000
154  -0.202703 -2.255270 -8.465173  -0.283134 -0.000000 0.000000
155  0.509548 -2.352980 -8.771158  -0.295352 -0.000000 0.000000
156  -0.202704 -2.481596 -9.235471  -0.285437 -0.000000 0.000000
157  0.509547 -2.588676 -9.538638  -0.297653 -0.000000 0.000000
158  0.170123 -21.222086 -1.001140  -0.000001 -0.000001 0.000000
159  0.170123 -20.843863 -0.397183  -0.000001 -0.000001 0.000000
160  0.170123 -20.489740 -1.001141  -0.000001 -0.000001 0.000000
161  0.170124 -20.111071 -0.397183  -0.000001 -0.000001 0.000000
162  0.170123 -19.380087 -0.397187  -0.000001 -0.000001 0.000000
163  0.170123 -19.025105 -1.001146  -0.000001 -0.000001 0.000000
164  0.170123 -18.646666 -0.396447  -0.000001 -0.000001 0.000000
165  0.170124 -19.755756 -1.001142  -0.000001 -0.000001 0.000000
166  -0.015973 10.612517 2.686017  0.000001 -0.000000 -0.000000
167  0.059851 -50.160709 6.449380  1.570797 0.000000 -1.570797
168  0.064653 27.351290 72.195213  -0.000000 -0.000000 -0.000001
169  6.064261 95.114021 31.645500  -0.000000 -0.000001 1.570796
170  0.054185 102.845650 29.795362  0.000000 0.000001 -1.570796
171  6.064257 69.096550 37.164318  1.570796 0.000000 1.570796
172  1.974303 11.989233 4.589250  0.000000 -0.000000 0.000000
173  -0.011481 23.944746 5.090361  0.000001 -0.000000 0.000000
174  -1.691251 8.833341 5.763506  0.000001 -0.000000 0.000000
175  6.064261 89.329796 31.613916  -0.000000 -0.000001 1.570796
176  0.059886 2.255335 54.398010  -0.000000 -0.000000 0.000000
177  0.003497 -22.270647 0.000146  1.570797 -0.000000 -1.570797
178  0.104010 15.380370 2.266153  0.000001 0.000000 -0.000000
179  -0.000014 0.000060 0.000048  0.000000 0.000000 0.000000
180  0.000015 -0.000004 -0.000019  -0.000000 -0.000000 0.000000
181  -2.662412 1.445758 33.628738  -0.000000 3.141591 1.570796
182  8.352067 2.772897 0.000543  -3.141589 0.000002 -0.000000
183  -2.662412 1.445755 40.667957  -0.000000 3.141591 1.570796
184  8.352067 2.772896 0.000540  -3.141589 0.000002 -0.000000
185  -1.431356 16.384781 4.137812  0.000001 0.000000 0.000000
186  -0.001845 0.521683 -0.140289  0.000000 -0.000000 -0.000000
187  7.323109 -5.136192 -5.166237  0.000000 0.000000 -0.610865
188  2.698278 -0.000001 0.000000  -0.000012 0.000000 0.000001
189  2.834160 -0.000001 -0.000000  0.000013 0.000000 0.000000
190  2.648919 -0.000001 0.000001  -0.000001 -0.000001 0.000000
191  2.667497 -0.000003 0.000001  0.000000 0.000000 -0.000000
192  2.426704 -0.000002 0.000000  0.000000 0.000000 -0.000000
193  -0.494744 -44.353451 -1.302299  1.570797 -0.000000 -1.570797
194  11.545938 73.768417 -3.792010  0.000000 -0.000000 0.000000
195  -0.066954 -10.025104 -0.912534  -0.000000 -0.000000 0.000000
196  0.000000 -0.000002 -1.529052  -0.000000 -0.000000 0.000000
197  -0.078942 -0.000001 -0.000000  0.000000 0.000001 1.570796
198  0.097092 -0.000001 -0.000000  -0.000000 -3.141592 1.570796
199  0.000000 0.000000 0.000000  0.000000 -0.000000 -0.000000
200  0.040880 -0.007107 -0.066355  -0.003113 -0.007019 0.000072
201  0.009518 0.008801 0.066429  -0.003113 -0.007019 0.000072
time 53
0  0 0 0  0 0 0
1  0.000000 0.000000 0.000000  0.000000 -0.000000 -0.000000
2  -0.000005 0.000023 -61.375507  0.000000 0.000000 -1.570795
3  -0.012872 0.000000 8.235020  -1.570799 -1.570796 0.000000
4  16.163128 -0.012870 -0.000002  -0.000000 -0.000000 0.000000
5  -0.000000 0.000000 -0.000005  0.000000 -0.000000 -0.000000
6  -0.000034 -0.000002 -0.000000  -0.000244 0.000366 -0.000366
7  0.000002 -0.000007 0.000001  0.000000 0.000000 0.000244
8  -0.000004 0.000001 0.000000  0.000183 -0.000000 -0.000000
9  -0.000004 0.000001 0.000000  0.000366 -0.000000 -0.000000
10  -0.000004 0.000000 0.000001  0.000549 -0.000000 -0.000000
11  -0.000004 0.000000 0.000001  0.000732 0.000000 -0.000000
12  -0.000004 0.000000 -0.000000  0.000977 -0.000000 -0.000000
13  -0.000004 -0.000001 -0.000000  0.001160 -0.000000 -0.000000
14  -0.000008 -0.000001 -0.000000  0.001343 -0.000000 -0.000000
15  -0.000008 0.000002 0.000003  0.001526 0.002503 -0.000059
16  -0.000003 -0.000001 0.000001  -0.000000 -0.000001 -0.000000
17  0.000001 0.000000 0.000004  0.000000 0.000000 -0.000000
18  0.000001 0.000000 0.000003  -0.000000 0.000000 -0.000000
19  0.000001 0.000002 -0.000001  -0.000000 -0.000000 -0.000000
20  -0.000007 0.000001 -0.000001  0.000000 -0.000000 -0.000000
21  -0.000003 0.000000 -0.000000  -0.000000 0.000000 0.000000
22  -0.000003 0.000001 -0.000002  -0.000000 -0.000000 -0.000000
23  3.672211 0.000003 -0.000002  0.000003 0.000001 0.142941
24  -0.000001 -0.000002 0.000000  -0.000000 0.000000 -0.000000
25  0.000001 0.000001 -0.000002  0.000000 -0.000000 -0.000000
26  -0.000007 0.000001 0.000001  -0.000000 0.000000 -0.000000
27  2.496794 0.000004 -0.000000  0.000000 0.000000 -0.091107
28  0.000001 0.000000 0.000002  -0.000000 0.000000 -0.000000
29  -0.000003 0.000001 0.000000  -0.000000 -0.000000 -0.000000
30  2.199409 0.000000 0.000004  0.000001 0.000001 0.029263
31  0.000004 -0.000000 0.000003  0.000000 -0.000000 0.000000
32  -0.000019 -0.000001 0.000001  -0.000855 0.000549 -0.000488
33  -0.000003 0.000001 -0.000000  0.000000 -0.000000 0.000000
34  -0.000003 0.000000 -0.000000  0.000030 0.000000 -0.000000
35  -0.000006 -0.000002 0.000000  0.000061 0.000000 0.000000
36  -0.000006 -0.000001 0.000000  0.000122 0.000000 0.000000
37  0.000001 -0.000000 0.000000  0.000152 -0.000000 0.000000
38  -0.000010 0.000000 0.000000  0.000152 -0.000000 -0.000000
39  -0.000006 -0.000000 -0.000000  0.000214 -0.000000 -0.000000
40  -0.000006 -0.000002 0.000001  0.000244 0.000000 0.000000
41  -0.000010 -0.000004 -0.000001  -0.000245 0.002197 -0.000305
42  0.000001 -0.000000 0.000001  0.000001 0.000000 0.000000
43  3.954726 0.000011 0.000004  -0.000000 -0.000002 0.166320
44  -0.000004 -0.000000 -0.000001  -0.000000 -0.000000 -0.000000
45  -0.000002 -0.000002 -0.000001  0.000000 -0.000000 0.000000
46  0.000001 0.000000 0.000000  0.000000 0.000000 -0.000000
47  0.000005 -0.000000 -0.000000  -0.000000 0.000000 -0.000000
48  -0.000002 -0.000000 -0.000000  0.000000 0.000000 0.000000
49  0.000005 -0.000000 -0.000000  0.000000 -0.000000 0.000000
50  -0.000002 -0.000000 -0.000000  -0.000000 0.000000 -0.000000
51  -0.000002 0.000000 0.000000  -0.000000 0.000000 -0.000000
52  0.000001 -0.000000 -0.000000  0.000000 -0.000000 -0.000000
53  0.000001 -0.000000 0.000000  0.000000 0.000000 -0.000000
54  -0.000002 0.000000 0.000000  -0.000000 -0.000000 -0.000000
55  0.000001 0.000001 0.000000  0.000000 -0.000000 -0.000000
56  2.307439 0.000000 -0.000002  0.000002 0.000001 -0.056419
57  0.000000 0.000000 -0.000000  0.000000 0.000061 -0.000000
58  0.006400 0.001465 0.009170  -0.000855 -0.002441 0.000001
59  0.071249 114.357040 62.238796  -0.000000 0.000000 -0.000000
60  1.986525 0.000020 -3.123739  -2.705260 -0.000000 -1.570797
61  -1.986692 0.000024 -3.123747  0.436333 0.000001 1.570797
62  0.000000 0.000007 -0.000002  0.000000 0.000000 0.000000
63  -1.986692 0.000024 -3.123738  0.436333 0.000001 1.570797
64  -11.344169 1.135886 0.869278  0.000002 -0.025019 -0.026324
65  1.986525 0.000020 -3.123734  -2.705260 -0.000000 -1.570797
66  -11.350043 -0.729420 0.864892  0.000197 -0.025367 0.026442
67  1.754236 4.036764 -1.682667  0.392575 -0.010120 -1.546362
68  -1.755139 4.036767 -1.682667  -0.392577 -0.010391 -1.594986
69  -0.164556 7.327704 3.928703  -0.000000 0.000001 -1.570796
70  0.079082 36.742695 -0.508023  0.000001 0.000000 -0.000000
71  -1.260174 8.777411 6.736405  -0.000002 -0.424416 -3.141592
72  1.525193 18.283600 2.968621  0.000000 0.000000 0.000000
73  0.060217 10.324389 74.469055  0.000008 0.000000 0.000000
74  0.062808 75.917999 83.075447  1.570797 0.000000 -1.570796
75  4.804177 -3.971746 0.000001  -0.000000 0.000000 -0.000000
76  -7.041566 -5.026000 0.000001  -0.000000 -0.000000 -0.000000
77  8.407179 -3.978441 0.003055  -1.570796 1.570795 0.000000
78  10.376189 -3.978453 0.003056  -1.570796 1.570796 0.000000
79  10.194019 -0.314072 -1.749547  -1.570796 1.570796 0.000000
80  20.857885 -4.015570 0.000003  0.000000 -0.000000 -0.000000
81  3.258440 5.856947 -3.403523  -0.000000 -0.000000 -0.000000
82  15.153052 5.860577 -3.403521  -0.000000 -0.000000 -0.000000
83  6.064256 77.294945 36.365795  1.570796 -0.000000 1.570796
84  -2.662412 1.445755 40.667953  0.000000 3.141591 1.570796
85  8.352067 2.772896 0.000539  -3.141589 0.000002 0.000000
86  6.064257 72.973709 32.593254  1.570796 -0.000000 1.570796
87  0.004365 73.768425 -3.792008  0.000000 0.000000 0.000000
88  -0.442609 1.284875 8.535290  -0.000000 -0.000001 0.000000
89  0.000001 1.310205 -0.000000  0.000000 -0.000000 0.000000
90  0.000001 0.582254 0.000000  0.000000 -0.000000 0.000000
91  0.036297 1.284873 7.928798  -0.000000 -0.000001 0.000000
92  0.000001 1.310204 -0.000001  0.000000 -0.000000 0.000000
93  0.000000 0.582253 -0.000000  0.000000 -0.000000 0.000000
94  5.969323 3.427452 -6.170650  -0.000000 -0.000001 -1.570797
95  -1.310211 0.000000 0.000002  0.000000 -0.000000 -0.000000
96  -0.582260 -0.000000 0.000001  0.000000 -0.000000 -0.000000
97  5.969323 9.397388 -6.170660  -0.000000 -0.000001 -1.570796
98  -1.310199 -0.000001 0.000001  0.000000 0.000000 -0.000000
99  -0.582247 -0.000002 -0.000000  0.000000 0.000000 -0.000000
100  5.969322 15.223763 -6.170670  0.000000 -0.000001 -1.570796
101  -1.310218 0.000001 0.000002  -0.000000 0.000000 -0.000000
102  -0.582267 0.000000 0.000001  -0.000000 0.000000 -0.000000
103  5.969323 20.835569 -6.170671  0.000000 -0.000001 -1.570796
104  -1.310207 0.000001 0.000002  -0.000000 0.000000 -0.000000
105  -0.582256 -0.000000 0.000003  -0.000000 0.000000 -0.000000
106  5.969324 26.771196 -6.170672  0.000000 -0.000001 -1.570796
107  5.969323 32.597588 -6.170675  0.000000 -0.000001 -1.570796
108  5.969323 38.209393 -6.170685  0.000000 -0.000001 -1.570800
109  5.969322 49.488461 -6.170685  0.000000 -0.000001 -1.570800
110  -0.539090 -0.556811 -0.017363  -0.042462 2.681156 1.551919
111  -6.799124 -0.556809 0.818550  -0.272420 2.701993 1.452460
112  -4.615283 -0.556831 0.270328  -0.117230 2.684609 1.518878
113  -2.650969 -0.556809 0.063010  -0.042463 2.681158 1.551919
114  27.110338 1.284851 12.007549  -0.000000 -0.000000 0.000000
115  28.133425 1.284850 12.007547  0.000001 -0.000000 -0.000000
116  12.812886 2.241778 12.007549  -0.000000 -0.000001 -0.000001
117  -9.955967 -0.319628 4.380214  -0.000001 -0.000000 -0.000001
118  -11.316473 -0.319627 4.380215  -0.000003 -0.000000 0.000000
119  -12.667809 -0.319633 4.380215  -0.000003 -0.000000 0.000001
120  -14.022140 -0.319631 4.380215  0.000010 -0.000000 -0.000011
121  -15.373240 -0.319629 4.380214  0.000015 -0.000000 -0.000015
122  -16.724144 -0.319628 4.380214  -0.000009 -0.000000 0.000006
123  -18.074574 -0.319626 4.380214  -0.000006 -0.000000 0.000004
124  -19.423717 -0.319624 4.380214  0.000002 0.000000 -0.000004
125  -20.775272 -0.319630 4.380214  0.000003 0.000000 -0.000004
126  -22.126669 -0.319629 4.380215  0.000003 -0.000000 -0.000004
127  -23.478123 -0.319627 4.380215  0.000005 -0.000000 -0.000006
128  -24.830620 -0.319626 4.380215  0.000036 -0.000000 -0.000038
129  -26.182028 -0.319624 4.380215  -0.000011 -0.000000 0.000011
130  0.529180 -0.167137 0.629484  -0.101270 -0.000000 0.000000
131  -0.211444 -0.241690 0.155361  -0.145847 -0.000000 0.000000
132  0.529190 -0.280702 -0.110293  -0.145847 -0.000000 0.000000
133  -0.173927 -0.337325 -0.638496  -0.181751 -0.000000 0.000000
134  0.529189 -0.399248 -0.975393  -0.181751 -0.000000 0.000000
135  -0.211444 -0.464479 -1.431042  -0.192399 -0.000000 0.000000
136  0.529189 -0.515814 -1.694583  -0.192399 -0.000000 0.000000
137  -0.173928 -0.612156 -2.231911  -0.216703 -0.000000 0.000000
138  0.529188 -0.685807 -2.566440  -0.216703 -0.000000 0.000000
139  -0.211445 -0.769565 -3.027871  -0.237349 -0.000000 0.000000
140  0.529188 -0.832689 -3.288847  -0.237349 -0.000000 0.000000
141  -0.173937 -0.945284 -3.779564  -0.233859 0.000000 0.000000
142  0.529179 -1.024666 -4.112780  -0.233859 0.000000 0.000000
143  -0.211443 -1.132194 -4.577549  -0.262919 -0.000000 0.000000
144  0.529190 -1.201973 -4.836826  -0.262919 0.000000 0.000000
145  -0.000004 -2.810948 -10.636630  0.258454 0.000000 3.141592
146  -0.192455 -1.345781 -5.370046  -0.280373 0.000000 0.000000
147  0.533984 -1.413521 -5.605105  -0.276883 0.000000 0.000000
148  -0.206618 -1.795767 -6.909779  -0.287354 0.000000 0.000000
149  -0.205805 -1.564821 -6.138256  -0.290843 0.000000 0.000000
150  0.530460 -1.643681 -6.395215  -0.290844 0.000000 0.000000
151  0.535311 -1.790718 -7.204133  -0.287354 -0.000000 0.000000
152  -0.202703 -2.030495 -7.702831  -0.286180 -0.000000 0.000000
153  0.509548 -2.118901 -8.011624  -0.298398 -0.000000 0.000000
154  -0.202703 -2.255285 -8.465172  -0.283134 -0.000000 0.000000
155  0.509548 -2.352986 -8.771159  -0.295352 -0.000000 0.000000
156  -0.202704 -2.481601 -9.235471  -0.285437 -0.000000 0.000000
157  0.509547 -2.588689 -9.538639  -0.297654 -0.000000 0.000000
158  0.170123 -21.222097 -1.001140  -0.000001 -0.000001 0.000000
159  0.170123 -20.843868 -0.397183  -0.000001 -0.000001 0.000000
160  0.170123 -20.489752 -1.001141  -0.000001 -0.000001 0.000000
161  0.170124 -20.111071 -0.397183  -0.000001 -0.000001 0.000000
162  0.170123 -19.380091 -0.397186  -0.000001 -0.000001 0.000000
163  0.170123 -19.025112 -1.001145  -0.000001 -0.000001 0.000000
164  0.170123 -18.646662 -0.396447  -0.000001 -0.000001 0.000000
165  0.170124 -19.755766 -1.001142  -0.000001 -0.000001 0.000000
166  -0.015973 10.612517 2.686017  0.000001 0.000000 -0.000000
167  0.059851 -50.160698 6.449380  1.570797 0.000000 -1.570797
168  0.064653 27.351290 72.195198  -0.000000 -0.000000 -0.000001
169  6.064261 95.114021 31.645500  0.000000 -0.000001 1.570796
170  0.054185 102.845642 29.795362  -0.000000 0.000001 -1.570796
171  6.064257 69.096565 37.164318  1.570796 -0.000000 1.570796
172  1.974303 11.989234 4.589250  0.000000 0.000000 0.000000
173  -0.011481 23.944750 5.090361  0.000001 0.000000 0.000000
174  -1.691251 8.833342 5.763507  0.000001 0.000000 0.000000
175  6.064260 89.329811 31.613920  0.000000 -0.000001 1.570796
176  0.059886 2.255335 54.398010  0.000000 0.000000 0.000000
177  0.003497 -22.270645 0.000147  1.570797 0.000000 -1.570797
178  0.104010 15.380370 2.266152  0.000001 0.000000 -0.000000
179  -0.000014 0.000061 0.000049  0.000000 0.000000 0.000000
180  0.000015 -0.000004 -0.000024  -0.000000 -0.000000 0.000000
181  -2.662412 1.445758 33.628746  0.000000 3.141591 1.570796
182  8.352067 2.772897 0.000541  -3.141589 0.000002 0.000000
183  -2.662412 1.445755 40.667953  0.000000 3.141591 1.570796
184  8.352067 2.772896 0.000539  -3.141589 0.000002 0.000000
185  -1.431356 16.384779 4.137811  0.000001 -0.000000 0.000000
186  -0.001845 0.521683 -0.140290  0.000000 0.000000 -0.000000
187  7.323109 -5.136191 -5.166237  0.000000 0.000000 -0.610865
188  2.698277 -0.000001 -0.000000  -0.000012 0.000000 0.000001
189  2.834158 -0.000003 0.000000  0.000013 0.000000 -0.000000
190  2.648920 -0.000001 0.000000  -0.000001 -0.000001 0.000000
191  2.667500 -0.000001 -0.000000  -0.000000 0.000000 0.000000
192  2.426700 -0.000002 -0.000000  -0.000000 0.000000 -0.000000
193  -0.494744 -44.353451 -1.302299  1.570797 0.000000 -1.570797
194  11.545938 73.768425 -3.792010  0.000000 0.000000 0.000000
195  -0.066954 -10.025105 -0.912533  0.000000 0.000000 0.000000
196  0.000000 -0.000000 -1.529052  -0.000000 0.000000 0.000000
197  -0.078942 0.000001 0.000000  0.000000 0.000001 1.570796
198  0.097092 0.000001 -0.000000  -0.000000 -3.141592 1.570796
199  0.000000 0.000000 0.000000  0.000000 -0.000000 -0.000000
200  0.015335 -0.001961 -0.021421  -0.000855 -0.002441 0.000001
201  0.003866 0.002525 0.019312  -0.000855 -0.002441 0.000001
time 54
0  0 0 0  0 0 0
1  0.000000 0.000000 0.000000  0.000000 -0.000000 -0.000000
2  -0.000005 0.000023 -61.375507  0.000000 0.000000 -1.570795
3  -0.012872 0.000000 8.235020  -1.570799 -1.570796 0.000000
4  16.163128 -0.012870 -0.000002  -0.000000 -0.000000 0.000000
5  -0.000000 0.000000 -0.000005  0.000000 -0.000000 -0.000000
6  -0.000034 -0.000002 -0.000000  0.000061 0.000183 0.000000
7  -0.000000 -0.000007 0.000001  0.000000 0.000000 0.000000
8  -0.000000 0.000001 0.000000  0.000000 -0.000000 -0.000000
9  0.000004 0.000001 0.000000  -0.000000 -0.000000 -0.000000
10  -0.000004 0.000000 0.000001  0.000061 -0.000000 -0.000000
11  -0.000004 0.000000 0.000001  0.000061 0.000000 -0.000000
12  -0.000004 0.000000 -0.000000  0.000122 -0.000000 -0.000000
13  -0.000004 -0.000001 -0.000000  0.000122 -0.000000 -0.000000
14  -0.000004 -0.000001 -0.000000  0.000183 -0.000000 -0.000000
15  -0.000004 0.000001 0.000003  0.000183 0.000122 -0.000000
16  -0.000004 -0.000001 0.000000  -0.000000 -0.000001 -0.000000
17  -0.000000 0.000000 0.000004  0.000000 0.000000 -0.000000
18  0.000004 0.000000 0.000003  -0.000000 0.000000 -0.000000
19  0.000008 0.000002 -0.000001  -0.000000 -0.000000 -0.000000
20  -0.000000 0.000001 -0.000001  0.000000 -0.000000 -0.000000
21  0.000004 0.000000 -0.000000  -0.000000 0.000000 0.000000
22  -0.000000 0.000001 -0.000001  -0.000000 -0.000000 -0.000000
23  3.672215 0.000003 -0.000002  0.000003 0.000001 0.142941
24  0.000004 -0.000001 0.000000  -0.000000 0.000000 0.000000
25  0.000008 0.000001 -0.000002  -0.000000 -0.000000 -0.000000
26  -0.000004 0.000001 0.000001  -0.000000 0.000000 -0.000000
27  2.496796 0.000004 -0.000000  0.000000 0.000000 -0.091107
28  0.000004 0.000000 0.000002  -0.000000 0.000000 -0.000000
29  0.000004 0.000001 0.000000  -0.000000 -0.000000 -0.000000
30  2.199414 0.000000 0.000004  0.000001 0.000001 0.029263
31  0.000004 -0.000000 0.000003  0.000000 -0.000000 0.000000
32  -0.000019 -0.000001 0.000001  -0.000671 -0.000122 0.000000
33  -0.000000 0.000001 -0.000000  0.000000 -0.000000 0.000000
34  -0.000004 0.000000 -0.000000  -0.000061 0.000000 -0.000000
35  -0.000004 -0.000002 0.000000  -0.000122 0.000000 0.000000
36  -0.000008 -0.000001 0.000000  -0.000183 0.000000 0.000000
37  -0.000008 -0.000000 0.000000  -0.000244 -0.000000 0.000000
38  -0.000011 0.000001 0.000000  -0.000366 -0.000000 -0.000000
39  -0.000008 -0.000000 -0.000000  -0.000427 -0.000000 -0.000000
40  -0.000011 -0.000001 0.000001  -0.000488 0.000000 0.000000
41  -0.000015 -0.000004 -0.000001  -0.000306 -0.000611 0.000000
42  -0.000000 -0.000000 0.000000  0.000001 0.000000 0.000000
43  3.954718 0.000011 0.000004  -0.000000 -0.000002 0.166320
44  -0.000004 -0.000001 -0.000001  -0.000000 -0.000000 -0.000000
45  -0.000004 -0.000002 -0.000001  0.000000 -0.000000 0.000000
46  -0.000004 0.000000 0.000000  0.000000 0.000000 -0.000000
47  -0.000008 -0.000000 -0.000000  -0.000000 0.000000 -0.000000
48  -0.000008 -0.000001 -0.000000  0.000000 0.000000 0.000000
49  -0.000004 -0.000000 -0.000000  0.000000 -0.000000 0.000000
50  -0.000000 -0.000000 -0.000000  -0.000000 0.000000 -0.000000
51  -0.000008 0.000000 0.000000  -0.000000 0.000000 0.000000
52  -0.000004 -0.000000 -0.000000  0.000000 -0.000000 -0.000000
53  -0.000000 -0.000000 0.000000  0.000000 0.000000 -0.000000
54  -0.000008 0.000000 0.000000  -0.000000 -0.000000 -0.000000
55  0.000004 0.000001 0.000000  0.000000 -0.000000 -0.000000
56  2.307435 0.000000 -0.000002  0.000002 0.000001 -0.056419
57  0.000000 0.000000 -0.000000  0.000000 -0.000000 0.000000
58  0.000000 0.000000 0.000000  -0.000000 -0.000000 -0.000000
59  0.071249 114.357033 62.238792  0.000000 -0.000000 -0.000000
60  1.986525 0.000015 -3.123737  -2.705260 -0.000000 -1.570797
61  -1.986692 0.000015 -3.123745  0.436333 0.000001 1.570797
62  0.000000 0.000000 -0.000004  0.000000 -0.000000 0.000000
63  -1.986692 0.000015 -3.123736  0.436333 0.000001 1.570797
64  -11.344170 1.135888 0.869274  0.000002 -0.025019 -0.026324
65  1.986525 0.000015 -3.123732  -2.705260 -0.000000 -1.570797
66  -11.350053 -0.729423 0.864887  0.000197 -0.025367 0.026442
67  1.754236 4.036759 -1.682667  0.392575 -0.010120 -1.546362
68  -1.755139 4.036759 -1.682667  -0.392577 -0.010391 -1.594986
69  -0.164556 7.327704 3.928703  0.000000 0.000001 -1.570796
70  0.079082 36.742691 -0.508023  0.000001 0.000000 -0.000000
71  -1.260174 8.777410 6.736405  -0.000002 -0.424416 -3.141592
72  1.525193 18.283598 2.968622  0.000000 -0.000000 -0.000000
73  0.060217 10.324389 74.469055  0.000008 -0.000000 0.000000
74  0.062808 75.917999 83.075439  1.570797 -0.000000 -1.570796
75  4.804184 -3.971741 0.000001  -0.000000 0.000000 -0.000000
76  -7.041565 -5.025993 0.000001  -0.000000 -0.000000 -0.000000
77  8.407181 -3.978432 0.003055  -1.570796 1.570795 0.000000
78  10.376190 -3.978447 0.003056  -1.570796 1.570796 0.000000
79  10.194016 -0.314065 -1.749548  -1.570796 1.570796 0.000000
80  20.857887 -4.015564 0.000003  0.000000 -0.000000 -0.000000
81  3.258438 5.856955 -3.403523  -0.000000 -0.000000 -0.000000
82  15.153049 5.860579 -3.403521  0.000000 -0.000000 -0.000000
83  6.064256 77.294952 36.365795  1.570796 -0.000000 1.570796
84  -2.662412 1.445755 40.667957  -0.000000 3.141591 1.570796
85  8.352065 2.772897 0.000540  -3.141589 0.000002 0.000000
86  6.064256 72.973694 32.593250  1.570796 -0.000000 1.570796
87  0.004365 73.768417 -3.792008  0.000000 -0.000000 0.000000
88  -0.442609 1.284883 8.535290  0.000000 -0.000001 0.000000
89  0.000001 1.310212 -0.000000  0.000000 -0.000000 0.000000
90  0.000001 0.582261 -0.000000  0.000000 -0.000000 0.000000
91  0.036297 1.284883 7.928798  0.000000 -0.000001 0.000000
92  0.000001 1.310212 -0.000000  0.000000 -0.000000 0.000000
93  0.000000 0.582261 0.000000  0.000000 -0.000000 0.000000
94  5.969323 3.427456 -6.170650  -0.000000 -0.000001 -1.570797
95  -1.310215 0.000001 0.000002  0.000000 0.000000 -0.000000
96  -0.582264 0.000000 0.000001  0.000000 0.000000 -0.000000
97  5.969323 9.397397 -6.170659  -0.000000 -0.000001 -1.570796
98  -1.310213 -0.000000 0.000002  0.000000 0.000000 -0.000000
99  -0.582262 -0.000001 0.000001  0.000000 0.000000 -0.000000
100  5.969322 15.223767 -6.170670  0.000000 -0.000001 -1.570796
101  -1.310213 0.000002 0.000002  -0.000000 0.000000 -0.000000
102  -0.582262 0.000001 0.000002  -0.000000 0.000000 -0.000000
103  5.969323 20.835567 -6.170671  0.000000 -0.000001 -1.570796
104  -1.310213 0.000001 0.000002  -0.000000 0.000000 -0.000000
105  -0.582262 -0.000000 0.000003  -0.000000 0.000000 -0.000000
106  5.969324 26.771206 -6.170672  0.000000 -0.000001 -1.570796
107  5.969323 32.597591 -6.170675  0.000000 -0.000001 -1.570796
108  5.969324 38.209393 -6.170685  0.000000 -0.000001 -1.570800
109  5.969322 49.488461 -6.170684  0.000000 -0.000001 -1.570800
110  -0.539090 -0.556809 -0.017363  -0.042462 2.681156 1.551919
111  -6.799123 -0.556808 0.818549  -0.272420 2.701993 1.452460
112  -4.615283 -0.556824 0.270328  -0.117230 2.684609 1.518878
113  -2.650969 -0.556809 0.063010  -0.042463 2.681158 1.551919
114  27.110336 1.284856 12.007548  0.000000 -0.000000 0.000000
115  28.133425 1.284856 12.007547  0.000001 -0.000000 -0.000000
116  12.812886 2.241791 12.007550  -0.000000 -0.000001 -0.000001
117  -9.955967 -0.319624 4.380214  -0.000001 -0.000000 -0.000001
118  -11.316473 -0.319624 4.380215  -0.000003 -0.000000 0.000000
119  -12.667810 -0.319624 4.380215  -0.000003 -0.000000 0.000001
120  -14.022141 -0.319624 4.380215  0.000010 -0.000000 -0.000011
121  -15.373240 -0.319623 4.380214  0.000015 -0.000000 -0.000015
122  -16.724142 -0.319623 4.380214  -0.000009 -0.000000 0.000006
123  -18.074572 -0.319623 4.380214  -0.000006 0.000000 0.000004
124  -19.423716 -0.319623 4.380214  0.000002 0.000000 -0.000004
125  -20.775270 -0.319623 4.380214  0.000003 0.000000 -0.000004
126  -22.126671 -0.319622 4.380215  0.000003 -0.000000 -0.000004
127  -23.478123 -0.319622 4.380215  0.000005 -0.000000 -0.000006
128  -24.830620 -0.319622 4.380215  0.000036 -0.000000 -0.000038
129  -26.182028 -0.319622 4.380215  -0.000011 0.000000 0.000011
130  0.529180 -0.167130 0.629484  -0.101270 -0.000000 0.000000
131  -0.211444 -0.241685 0.155361  -0.145847 -0.000000 0.000000
132  0.529190 -0.280702 -0.110293  -0.145847 -0.000000 0.000000
133  -0.173927 -0.337327 -0.638496  -0.181751 -0.000000 0.000000
134  0.529189 -0.399247 -0.975393  -0.181751 -0.000000 0.000000
135  -0.211444 -0.464479 -1.431042  -0.192399 -0.000000 0.000000
136  0.529189 -0.515809 -1.694583  -0.192399 -0.000000 0.000000
137  -0.173928 -0.612154 -2.231911  -0.216703 -0.000000 0.000000
138  0.529188 -0.685808 -2.566440  -0.216703 -0.000000 0.000000
139  -0.211445 -0.769563 -3.027870  -0.237349 -0.000000 0.000000
140  0.529188 -0.832689 -3.288847  -0.237349 -0.000000 0.000000
141  -0.173937 -0.945284 -3.779564  -0.233859 0.000000 0.000000
142  0.529179 -1.024660 -4.112781  -0.233859 0.000000 0.000000
143  -0.211443 -1.132189 -4.577548  -0.262919 -0.000000 0.000000
144  0.529190 -1.201967 -4.836825  -0.262919 0.000000 0.000000
145  -0.000004 -2.810947 -10.636630  0.258454 0.000000 3.141592
146  -0.192455 -1.345782 -5.370045  -0.280373 0.000000 0.000000
147  0.533984 -1.413515 -5.605105  -0.276883 0.000000 0.000000
148  -0.206618 -1.795764 -6.909779  -0.287354 0.000000 0.000000
149  -0.205805 -1.564822 -6.138257  -0.290843 0.000000 0.000000
150  0.530460 -1.643679 -6.395215  -0.290844 0.000000 0.000000
151  0.535311 -1.790713 -7.204132  -0.287354 -0.000000 0.000000
152  -0.202703 -2.030490 -7.702830  -0.286180 -0.000000 0.000000
153  0.509548 -2.118899 -8.011624  -0.298398 -0.000000 0.000000
154  -0.202703 -2.255282 -8.465172  -0.283134 -0.000000 0.000000
155  0.509548 -2.352985 -8.771159  -0.295352 -0.000000 0.000000
156  -0.202704 -2.481601 -9.235471  -0.285437 -0.000000 0.000000
157  0.509547 -2.588687 -9.538638  -0.297654 -0.000000 0.000000
158  0.170123 -21.222094 -1.001140  -0.000001 -0.000001 0.000000
159  0.170123 -20.843866 -0.397182  -0.000001 -0.000001 0.000000
160  0.170123 -20.489748 -1.001141  -0.000001 -0.000001 0.000000
161  0.170124 -20.111071 -0.397183  -0.000001 -0.000001 0.000000
162  0.170123 -19.380091 -0.397187  -0.000001 -0.000001 0.000000
163  0.170123 -19.025110 -1.001146  -0.000001 -0.000001 0.000000
164  0.170123 -18.646662 -0.396447  -0.000001 -0.000001 0.000000
165  0.170124 -19.755762 -1.001142  -0.000001 -0.000001 0.000000
166  -0.015973 10.612517 2.686017  0.000001 0.000000 -0.000000
167  0.059851 -50.160702 6.449380  1.570797 0.000000 -1.570797
168  0.064653 27.351290 72.195206  0.000000 -0.000000 -0.000001
169  6.064260 95.114014 31.645500  0.000000 -0.000001 1.570796
170  0.054185 102.845642 29.795362  0.000000 0.000001 -1.570796
171  6.064257 69.096558 37.164318  1.570796 -0.000000 1.570796
172  1.974303 11.989233 4.589250  0.000000 -0.000000 -0.000000
173  -0.011481 23.944746 5.090361  0.000001 -0.000000 0.000000
174  -1.691251 8.833342 5.763507  0.000001 -0.000000 -0.000000
175  6.064260 89.329803 31.613916  0.000000 -0.000001 1.570796
176  0.059886 2.255335 54.398010  0.000000 0.000000 0.000000
177  0.003497 -22.270645 0.000149  1.570797 0.000000 -1.570797
178  0.104010 15.380370 2.266153  0.000001 -0.000000 -0.000000
179  -0.000016 0.000062 0.000048  0.000000 0.000000 0.000000
180  0.000014 -0.000002 -0.000023  -0.000000 -0.000000 0.000000
181  -2.662412 1.445758 33.628742  -0.000000 3.141591 1.570796
182  8.352065 2.772897 0.000540  -3.141589 0.000002 0.000000
183  -2.662412 1.445755 40.667957  -0.000000 3.141591 1.570796
184  8.352065 2.772897 0.000540  -3.141589 0.000002 0.000000
185  -1.431356 16.384779 4.137811  0.000001 -0.000000 0.000000
186  -0.001845 0.521683 -0.140289  0.000000 -0.000000 -0.000000
187  7.323109 -5.136191 -5.166237  0.000000 0.000000 -0.610865
188  2.698278 -0.000001 -0.000000  -0.000012 0.000000 0.000001
189  2.834160 -0.000002 0.000000  0.000013 0.000000 0.000000
190  2.648917 0.000000 0.000001  -0.000001 -0.000001 0.000000
191  2.667499 -0.000001 -0.000000  0.000000 0.000000 -0.000000
192  2.426702 -0.000001 0.000000  -0.000000 0.000000 -0.000000
193  -0.494744 -44.353447 -1.302299  1.570797 0.000000 -1.570797
194  11.545938 73.768417 -3.792010  0.000000 -0.000000 -0.000000
195  -0.066954 -10.025105 -0.912534  0.000000 -0.000000 0.000000
196  -0.000000 -0.000001 -1.529052  -0.000000 0.000000 0.000000
197  -0.078942 0.000000 -0.000000  0.000000 0.000001 1.570796
198  0.097092 0.000000 -0.000000  -0.000000 -3.141592 1.570796
199  0.000000 0.000000 0.000000  0.000000 -0.000000 -0.000000
200  0.000011 -0.000000 -0.000027  -0.000000 -0.000000 -0.000000
201  -0.000011 0.000076 0.000048  -0.000000 0.000000 -0.000000
end
