version 1
nodes
0 "blender_implicit" -1
1 "b_root" -1
2 "b_ch_middle" 1
3 "b_ch_spine1" 2
4 "b_ch_spine2" 3
5 "b_ch_l_clavical" 4
6 "b_ch_l_upperarm" 5
7 "b_ch_l_forearm" 6
8 "b_ch_l_forearm_twist1" 7
9 "b_ch_l_forearm_twist2" 7
10 "b_ch_l_forearm_twist3" 7
11 "b_ch_l_forearm_twist4" 7
12 "b_ch_l_forearm_twist5" 7
13 "b_ch_l_forearm_twist6" 7
14 "b_ch_l_forearm_twist7" 7
15 "b_ch_l_hand" 7
16 "b_ch_l_finger_00" 15
17 "b_ch_l_finger_01" 16
18 "b_ch_l_finger_02" 17
19 "b_ch_l_finger_40" 15
20 "b_ch_l_finger_41" 19
21 "b_ch_l_finger_42" 20
22 "b_ch_l_finger_20" 15
23 "b_ch_l_finger_21" 22
24 "b_ch_l_finger_22" 23
25 "b_ch_l_finger_30" 15
26 "b_ch_l_finger_31" 25
27 "b_ch_l_finger_32" 26
28 "b_ch_l_finger_10" 15
29 "b_ch_l_finger_11" 28
30 "b_ch_l_finger_12" 29
31 "b_ch_r_clavical" 4
32 "b_ch_r_upperarm" 31
33 "b_ch_r_forearm" 32
34 "b_ch_r_forearm_twist1" 33
35 "b_ch_r_forearm_twist2" 33
36 "b_ch_r_forearm_twist3" 33
37 "b_ch_r_forearm_twist4" 33
38 "b_ch_r_forearm_twist5" 33
39 "b_ch_r_forearm_twist6" 33
40 "b_ch_r_forearm_twist7" 33
41 "b_ch_r_hand" 33
42 "b_ch_r_finger_00" 41
43 "b_ch_r_finger_01" 42
44 "b_ch_r_finger_02" 43
45 "b_ch_r_finger_10" 41
46 "b_ch_r_finger_11" 45
47 "b_ch_r_finger_12" 46
48 "b_ch_r_finger_20" 41
49 "b_ch_r_finger_21" 48
50 "b_ch_r_finger_22" 49
51 "b_ch_r_finger_30" 41
52 "b_ch_r_finger_31" 51
53 "b_ch_r_finger_32" 52
54 "b_ch_r_finger_40" 41
55 "b_ch_r_finger_41" 54
56 "b_ch_r_finger_42" 55
57 "b_camera" 1
58 "b_wpn" 1
59 "b_wpn_bipod" 58
60 "b_wpn_bipod_l" 59
61 "b_wpn_bipod_r" 59
62 "b_wpn_bipod_base" 59
63 "b_wpn_bipod_base_r" 62
64 "b_wpn_bipod_spring_base_r" 63
65 "b_wpn_bipod_base_l" 62
66 "b_wpn_bipod_spring_base_l" 65
67 "b_wpn_bipod_spring_l" 62
68 "b_wpn_bipod_spring_r" 62
69 "b_wpn_bolt" 58
70 "b_wpn_chargehandle" 58
71 "b_wpn_eject" 58
72 "b_wpn_fireselect" 58
73 "b_wpn_foregrip" 58
74 "b_wpn_gl" 58
75 "b_wpn_gl_slide" 74
76 "b_wpn_gl_trigger" 74
77 "b_wpn_gl_round" 74
78 "b_wpn_gl_casing" 74
79 "b_wpn_gl_slidelock" 74
80 "b_wpn_gl_muzzle" 74
81 "b_wpn_gl_sight_back" 74
82 "b_wpn_gl_sight_front" 74
83 "b_wpn_hammer" 58
84 "b_wpn_laserflash" 58
85 "b_wpn_laserflash_beam" 84
86 "b_wpn_lid" 58
87 "b_wpn_mag" 58
88 "b_wpn_mag_b1" 87
89 "b_wpn_mag_casing_1" 88
90 "b_wpn_mag_bullet_1" 88
91 "b_wpn_mag_b2" 87
92 "b_wpn_mag_casing_2" 91
93 "b_wpn_mag_bullet_2" 91
94 "b_wpn_mag_b3" 87
95 "b_wpn_mag_casing_3" 94
96 "b_wpn_mag_bullet_3" 94
97 "b_wpn_mag_b4" 87
98 "b_wpn_mag_casing_4" 97
99 "b_wpn_mag_bullet_4" 97
100 "b_wpn_mag_b5" 87
101 "b_wpn_mag_casing_5" 100
102 "b_wpn_mag_bullet_5" 100
103 "b_wpn_mag_b6" 87
104 "b_wpn_mag_casing_6" 103
105 "b_wpn_mag_bullet_6" 103
106 "b_wpn_mag_b7" 87
107 "b_wpn_mag_b8" 87
108 "b_wpn_mag_b9" 87
109 "b_wpn_mag_follow" 87
110 "b_wpn_mag_b13" 87
111 "b_wpn_mag_b10" 87
112 "b_wpn_mag_b11" 87
113 "b_wpn_mag_b12" 87
114 "b_wpn_mag_b14" 87
115 "b_wpn_mag_b15" 87
116 "b_wpn_mag_tab" 87
117 "b_wpn_mag_b_link1" 87
118 "b_wpn_mag_b_link2" 87
119 "b_wpn_mag_b_link3" 87
120 "b_wpn_mag_b_link4" 87
121 "b_wpn_mag_b_link5" 87
122 "b_wpn_mag_b_link6" 87
123 "b_wpn_mag_b_link7" 87
124 "b_wpn_mag_b_link8" 87
125 "b_wpn_mag_b_link9" 87
126 "b_wpn_mag_b_link10" 87
127 "b_wpn_mag_b_link11" 87
128 "b_wpn_mag_b_link12" 87
129 "b_wpn_mag_b_link13" 87
130 "b_wpn_mag_b16" 87
131 "b_wpn_mag_b17" 87
132 "b_wpn_mag_b18" 87
133 "b_wpn_mag_b19" 87
134 "b_wpn_mag_b20" 87
135 "b_wpn_mag_b21" 87
136 "b_wpn_mag_b22" 87
137 "b_wpn_mag_b23" 87
138 "b_wpn_mag_b24" 87
139 "b_wpn_mag_b25" 87
140 "b_wpn_mag_b26" 87
141 "b_wpn_mag_b27" 87
142 "b_wpn_mag_b28" 87
143 "b_wpn_mag_b29" 87
144 "b_wpn_mag_b30" 87
145 "b_wpn_mag_spring_bottom" 87
146 "b_wpn_mag_b31" 87
147 "b_wpn_mag_b32" 87
148 "b_wpn_mag_b35" 87
149 "b_wpn_mag_b33" 87
150 "b_wpn_mag_b34" 87
151 "b_wpn_mag_b36" 87
152 "b_wpn_mag_b37" 87
153 "b_wpn_mag_b38" 87
154 "b_wpn_mag_b39" 87
155 "b_wpn_mag_b40" 87
156 "b_wpn_mag_b41" 87
157 "b_wpn_mag_b42" 87
158 "b_wpn_mag_b50" 87
159 "b_wpn_mag_b49" 87
160 "b_wpn_mag_b48" 87
161 "b_wpn_mag_b47" 87
162 "b_wpn_mag_b45" 87
163 "b_wpn_mag_b44" 87
164 "b_wpn_mag_b43" 87
165 "b_wpn_mag_b46" 87
166 "b_wpn_magrelease" 58
167 "b_wpn_muzzle" 58
168 "b_wpn_optic" 58
169 "b_wpn_pin" 58
170 "b_wpn_ring" 58
171 "b_wpn_slide" 58
172 "b_wpn_sliderelease" 58
173 "b_wpn_spec_1" 58
174 "b_wpn_spec_2" 58
175 "b_wpn_spoon" 58
176 "b_wpn_suppressor" 58
177 "b_wpn_suppressor_muzzle" 176
178 "b_wpn_trigger" 58
179 "ik_hand_wpn_l" 58
180 "ik_hand_wpn_r" 58
181 "b_wpn_laser" 58
182 "b_wpn_laser_beam" 181
183 "b_wpn_flash" 58
184 "b_wpn_flash_beam" 183
185 "b_wpn_stock" 58
186 "b_wpn_barrel" 58
187 "b_wpn_chain_01" 58
188 "b_wpn_chain_02" 187
189 "b_wpn_chain_03" 188
190 "b_wpn_chain_04" 189
191 "b_wpn_chain_05" 190
192 "b_wpn_chain_06" 191
193 "b_wpn_bayonet" 58
194 "b_wpn_mag_2" 58
195 "b_wpn_gripod" 58
196 "b_wpn_gripod_base" 195
197 "b_wpn_gripod_base_r" 196
198 "b_wpn_gripod_base_l" 196
199 "ik_hand_root" 1
200 "ik_hand_r" 199
201 "ik_hand_l" 199
end
skeleton
time 0
0  0 0 0  0 0 0
1  0.000000 0.000000 0.000000  0.000000 -0.000000 -0.000000
2  -0.000005 0.000023 -61.375507  0.000000 0.000000 -1.570795
3  -0.012872 0.000000 8.235020  -1.570799 -1.570796 0.000000
4  16.163128 -0.012870 -0.000002  -0.000000 -0.000000 0.000000
5  16.163143 -0.000009 3.830524  -3.089336 -1.570794 0.000000
6  -0.000031 -0.000001 -0.000000  0.000000 -0.000000 0.000000
7  0.000001 -0.000007 -0.000002  0.000000 0.000000 0.000000
8  0.000000 0.000001 0.000002  -0.000000 -0.000000 -0.000000
9  0.000001 0.000001 0.000000  -0.000000 -0.000000 -0.000000
10  -0.000001 0.000001 0.000002  0.000000 -0.000000 -0.000000
11  -0.000001 0.000000 0.000002  -0.000000 0.000000 -0.000000
12  -0.000002 0.000000 -0.000002  0.000000 -0.000000 -0.000000
13  -0.000002 -0.000001 -0.000002  -0.000000 -0.000000 -0.000000
14  -0.000004 -0.000001 0.000000  -0.000000 -0.000000 -0.000000
15  -0.000002 0.000002 0.000004  0.000000 0.000000 -0.000000
16  -0.000005 -0.000001 0.000000  -0.000000 -0.000001 -0.000000
17  -0.000002 0.000000 0.000002  0.000000 0.000000 -0.000000
18  -0.000002 0.000000 0.000004  -0.000000 0.000000 -0.000000
19  0.000001 0.000002 -0.000002  -0.000000 -0.000000 -0.000000
20  -0.000000 0.000001 0.000001  0.000000 -0.000000 -0.000000
21  0.000001 -0.000000 -0.000001  -0.000000 0.000000 0.000000
22  -0.000004 0.000001 -0.000004  -0.000000 -0.000000 -0.000000
23  -0.000000 -0.000000 -0.000000  -0.000000 0.000000 0.000000
24  0.000000 -0.000001 0.000003  -0.000000 0.000000 0.000000
25  0.000003 0.000002 -0.000002  -0.000000 -0.000000 -0.000000
26  -0.000001 0.000000 -0.000001  0.000000 0.000000 -0.000000
27  -0.000000 -0.000000 -0.000001  -0.000000 -0.000000 0.000000
28  0.000001 0.000001 0.000002  -0.000000 0.000000 -0.000000
29  0.000001 0.000001 0.000001  -0.000000 -0.000000 -0.000000
30  0.000000 -0.000000 -0.000001  0.000000 0.000000 0.000000
31  16.163136 0.000012 -3.830531  -3.098550 1.570794 0.000000
32  -0.000018 -0.000001 0.000001  0.000000 0.000000 0.000000
33  -0.000004 0.000002 -0.000000  0.000000 -0.000000 0.000000
34  0.000000 0.000000 -0.000003  -0.000000 0.000000 -0.000000
35  -0.000002 -0.000002 -0.000002  0.000000 0.000000 0.000000
36  -0.000003 -0.000001 -0.000001  -0.000000 0.000000 0.000000
37  -0.000002 -0.000000 -0.000003  -0.000000 -0.000000 0.000000
38  -0.000006 0.000000 -0.000001  -0.000000 -0.000000 -0.000000
39  -0.000004 -0.000000 -0.000001  0.000000 -0.000000 -0.000000
40  -0.000004 -0.000002 -0.000002  -0.000000 0.000000 0.000000
41  -0.000008 -0.000004 -0.000004  -0.000000 -0.000000 0.000000
42  1.410069 0.800525 2.089139  -2.009768 -0.630254 0.591907
43  3.954718 0.000012 0.000004  -0.000000 -0.000002 0.166320
44  3.101561 -0.000011 0.000004  -0.000001 -0.000000 0.240238
45  7.183347 -0.532110 3.267603  -0.123210 -0.020355 -0.052486
46  3.511602 -0.000001 -0.000000  0.000003 0.000001 0.099571
47  2.199404 0.000004 -0.000002  -0.000001 -0.000001 0.029267
48  7.145095 -0.676362 1.382422  -0.086920 0.009133 -0.085505
49  3.672218 -0.000002 -0.000000  0.000001 -0.000000 0.142941
50  2.676520 -0.000004 0.000007  -0.000001 -0.000001 -0.026075
51  6.831176 -0.870879 -0.599923  -0.130311 0.006346 -0.065012
52  3.657080 -0.000002 -0.000003  -0.000000 0.000001 0.057734
53  2.496794 0.000001 0.000002  0.000000 -0.000001 -0.091108
54  6.164468 -0.898158 -2.575024  -0.090704 0.013515 -0.151468
55  2.805847 -0.000004 0.000001  -0.000002 -0.000001 0.079091
56  2.307434 0.000000 -0.000004  0.000002 0.000001 -0.056419
57  0.000000 0.000000 -0.000000  0.000000 -0.000000 0.000000
58  0.000000 0.000000 0.000000  -0.000000 -0.000000 -0.000000
59  0.071249 114.357033 62.238792  0.000000 -0.000000 -0.000000
60  1.986525 0.000015 -3.123737  -2.705260 -0.000000 -1.570797
61  -1.986692 0.000015 -3.123745  0.436333 0.000001 1.570797
62  0.000000 0.000000 -0.000004  0.000000 -0.000000 0.000000
63  -1.986692 0.000015 -3.123736  0.436333 0.000001 1.570797
64  -11.344170 1.135888 0.869274  0.000002 -0.025019 -0.026324
65  1.986525 0.000015 -3.123732  -2.705260 -0.000000 -1.570797
66  -11.350053 -0.729423 0.864887  0.000197 -0.025367 0.026442
67  1.754236 4.036759 -1.682667  0.392575 -0.010120 -1.546362
68  -1.755139 4.036759 -1.682667  -0.392577 -0.010391 -1.594986
69  -0.164556 7.327704 3.928703  0.000000 0.000001 -1.570796
70  0.079082 36.742691 -0.508023  0.000001 0.000000 -0.000000
71  -1.260174 8.777410 6.736405  -0.000002 -0.424416 -3.141592
72  1.525193 18.283598 2.968622  0.000000 -0.000000 -0.000000
73  0.060217 10.324389 74.469055  0.000008 -0.000000 0.000000
74  0.062808 75.917999 83.075439  1.570797 -0.000000 -1.570796
75  4.804184 -3.971741 0.000001  -0.000000 0.000000 -0.000000
76  -7.041565 -5.025993 0.000001  -0.000000 -0.000000 -0.000000
77  8.407181 -3.978432 0.003055  -1.570796 1.570795 0.000000
78  10.376190 -3.978447 0.003056  -1.570796 1.570796 0.000000
79  10.194016 -0.314065 -1.749548  -1.570796 1.570796 0.000000
80  20.857887 -4.015564 0.000003  0.000000 -0.000000 -0.000000
81  3.258438 5.856955 -3.403523  -0.000000 -0.000000 -0.000000
82  15.153049 5.860579 -3.403521  0.000000 -0.000000 -0.000000
83  6.064256 77.294952 36.365795  1.570796 -0.000000 1.570796
84  -2.662412 1.445755 40.667957  -0.000000 3.141591 1.570796
85  8.352065 2.772897 0.000540  -3.141589 0.000002 0.000000
86  6.064256 72.973694 32.593250  1.570796 -0.000000 1.570796
87  0.004365 73.768417 -3.792008  0.000000 -0.000000 0.000000
88  -0.442609 1.284883 8.535290  0.000000 -0.000001 0.000000
89  0.000001 1.310212 -0.000000  0.000000 -0.000000 0.000000
90  0.000001 0.582261 -0.000000  0.000000 -0.000000 0.000000
91  0.036297 1.284883 7.928798  0.000000 -0.000001 0.000000
92  0.000001 1.310212 -0.000000  0.000000 -0.000000 0.000000
93  0.000000 0.582261 0.000000  0.000000 -0.000000 0.000000
94  5.969323 3.427456 -6.170650  -0.000000 -0.000001 -1.570797
95  -1.310215 0.000001 0.000002  0.000000 0.000000 -0.000000
96  -0.582264 0.000000 0.000001  0.000000 0.000000 -0.000000
97  5.969323 9.397397 -6.170659  -0.000000 -0.000001 -1.570796
98  -1.310213 -0.000000 0.000002  0.000000 0.000000 -0.000000
99  -0.582262 -0.000001 0.000001  0.000000 0.000000 -0.000000
100  5.969322 15.223767 -6.170670  0.000000 -0.000001 -1.570796
101  -1.310213 0.000002 0.000002  -0.000000 0.000000 -0.000000
102  -0.582262 0.000001 0.000002  -0.000000 0.000000 -0.000000
103  5.969323 20.835567 -6.170671  0.000000 -0.000001 -1.570796
104  -1.310213 0.000001 0.000002  -0.000000 0.000000 -0.000000
105  -0.582262 -0.000000 0.000003  -0.000000 0.000000 -0.000000
106  5.969324 26.771206 -6.170672  0.000000 -0.000001 -1.570796
107  5.969323 32.597591 -6.170675  0.000000 -0.000001 -1.570796
108  5.969324 38.209393 -6.170685  0.000000 -0.000001 -1.570800
109  5.969322 49.488461 -6.170684  0.000000 -0.000001 -1.570800
110  -0.539090 -0.556809 -0.017363  -0.042462 2.681156 1.551919
111  -6.799123 -0.556808 0.818549  -0.272420 2.701993 1.452460
112  -4.615283 -0.556824 0.270328  -0.117230 2.684609 1.518878
113  -2.650969 -0.556809 0.063010  -0.042463 2.681158 1.551919
114  27.110336 1.284856 12.007548  0.000000 -0.000000 0.000000
115  28.133425 1.284856 12.007547  0.000001 -0.000000 -0.000000
116  12.812886 2.241791 12.007550  -0.000000 -0.000001 -0.000001
117  -9.955967 -0.319624 4.380214  -0.000001 -0.000000 -0.000001
118  -11.316473 -0.319624 4.380215  -0.000003 -0.000000 0.000000
119  -12.667810 -0.319624 4.380215  -0.000003 -0.000000 0.000001
120  -14.022141 -0.319624 4.380215  0.000010 -0.000000 -0.000011
121  -15.373240 -0.319623 4.380214  0.000015 -0.000000 -0.000015
122  -16.724142 -0.319623 4.380214  -0.000009 -0.000000 0.000006
123  -18.074572 -0.319623 4.380214  -0.000006 0.000000 0.000004
124  -19.423716 -0.319623 4.380214  0.000002 0.000000 -0.000004
125  -20.775270 -0.319623 4.380214  0.000003 0.000000 -0.000004
126  -22.126671 -0.319622 4.380215  0.000003 -0.000000 -0.000004
127  -23.478123 -0.319622 4.380215  0.000005 -0.000000 -0.000006
128  -24.830620 -0.319622 4.380215  0.000036 -0.000000 -0.000038
129  -26.182028 -0.319622 4.380215  -0.000011 0.000000 0.000011
130  0.529180 -0.167130 0.629484  -0.101270 -0.000000 0.000000
131  -0.211444 -0.241685 0.155361  -0.145847 -0.000000 0.000000
132  0.529190 -0.280702 -0.110293  -0.145847 -0.000000 0.000000
133  -0.173927 -0.337327 -0.638496  -0.181751 -0.000000 0.000000
134  0.529189 -0.399247 -0.975393  -0.181751 -0.000000 0.000000
135  -0.211444 -0.464479 -1.431042  -0.192399 -0.000000 0.000000
136  0.529189 -0.515809 -1.694583  -0.192399 -0.000000 0.000000
137  -0.173928 -0.612154 -2.231911  -0.216703 -0.000000 0.000000
138  0.529188 -0.685808 -2.566440  -0.216703 -0.000000 0.000000
139  -0.211445 -0.769563 -3.027870  -0.237349 -0.000000 0.000000
140  0.529188 -0.832689 -3.288847  -0.237349 -0.000000 0.000000
141  -0.173937 -0.945284 -3.779564  -0.233859 0.000000 0.000000
142  0.529179 -1.024660 -4.112781  -0.233859 0.000000 0.000000
143  -0.211443 -1.132189 -4.577548  -0.262919 -0.000000 0.000000
144  0.529190 -1.201967 -4.836825  -0.262919 0.000000 0.000000
145  -0.000004 -2.810947 -10.636630  0.258454 0.000000 3.141592
146  -0.192455 -1.345782 -5.370045  -0.280373 0.000000 0.000000
147  0.533984 -1.413515 -5.605105  -0.276883 0.000000 0.000000
148  -0.206618 -1.795764 -6.909779  -0.287354 0.000000 0.000000
149  -0.205805 -1.564822 -6.138257  -0.290843 0.000000 0.000000
150  0.530460 -1.643679 -6.395215  -0.290844 0.000000 0.000000
151  0.535311 -1.790713 -7.204132  -0.287354 -0.000000 0.000000
152  -0.202703 -2.030490 -7.702830  -0.286180 -0.000000 0.000000
153  0.509548 -2.118899 -8.011624  -0.298398 -0.000000 0.000000
154  -0.202703 -2.255282 -8.465172  -0.283134 -0.000000 0.000000
155  0.509548 -2.352985 -8.771159  -0.295352 -0.000000 0.000000
156  -0.202704 -2.481601 -9.235471  -0.285437 -0.000000 0.000000
157  0.509547 -2.588687 -9.538638  -0.297654 -0.000000 0.000000
158  0.170123 -21.222094 -1.001140  -0.000001 -0.000001 0.000000
159  0.170123 -20.843866 -0.397182  -0.000001 -0.000001 0.000000
160  0.170123 -20.489748 -1.001141  -0.000001 -0.000001 0.000000
161  0.170124 -20.111071 -0.397183  -0.000001 -0.000001 0.000000
162  0.170123 -19.380091 -0.397187  -0.000001 -0.000001 0.000000
163  0.170123 -19.025110 -1.001146  -0.000001 -0.000001 0.000000
164  0.170123 -18.646662 -0.396447  -0.000001 -0.000001 0.000000
165  0.170124 -19.755762 -1.001142  -0.000001 -0.000001 0.000000
166  -0.015973 10.612517 2.686017  0.000001 0.000000 -0.000000
167  0.059851 -50.160702 6.449380  1.570797 0.000000 -1.570797
168  0.064653 27.351290 72.195206  0.000000 -0.000000 -0.000001
169  6.064260 95.114014 31.645500  0.000000 -0.000001 1.570796
170  0.054185 102.845642 29.795362  0.000000 0.000001 -1.570796
171  6.064257 69.096558 37.164318  1.570796 -0.000000 1.570796
172  1.974303 11.989233 4.589250  0.000000 -0.000000 -0.000000
173  -0.011481 23.944746 5.090361  0.000001 -0.000000 0.000000
174  -1.691251 8.833342 5.763507  0.000001 -0.000000 -0.000000
175  6.064260 89.329803 31.613916  0.000000 -0.000001 1.570796
176  0.059886 2.255335 54.398010  0.000000 0.000000 0.000000
177  0.003497 -22.270645 0.000149  1.570797 0.000000 -1.570797
178  0.104010 15.380370 2.266153  0.000001 -0.000000 -0.000000
179  0.000035 0.000048 0.000002  0.000000 0.000000 0.000000
180  -3.255359 24.458078 -23.114336  0.181523 0.048807 -1.277059
181  -2.662412 1.445758 33.628742  -0.000000 3.141591 1.570796
182  8.352065 2.772897 0.000540  -3.141589 0.000002 0.000000
183  -2.662412 1.445755 40.667957  -0.000000 3.141591 1.570796
184  8.352065 2.772897 0.000540  -3.141589 0.000002 0.000000
185  -1.431356 16.384779 4.137811  0.000001 -0.000000 0.000000
186  -0.001845 0.521683 -0.140289  0.000000 -0.000000 -0.000000
187  7.323109 -5.136191 -5.166237  0.000000 0.000000 -0.610865
188  2.698278 -0.000001 -0.000000  -0.000012 0.000000 0.000001
189  2.834160 -0.000002 0.000000  0.000013 0.000000 0.000000
190  2.648917 0.000000 0.000001  -0.000001 -0.000001 0.000000
191  2.667499 -0.000001 -0.000000  0.000000 0.000000 -0.000000
192  2.426702 -0.000001 0.000000  -0.000000 0.000000 -0.000000
193  -0.494744 -44.353447 -1.302299  1.570797 0.000000 -1.570797
194  11.545938 73.768417 -3.792010  0.000000 -0.000000 -0.000000
195  -0.011102 -16.902813 1.952047  0.000001 -0.000000 -0.000000
196  0.000000 0.000000 -1.529052  -0.000000 0.000000 0.000000
197  -0.078942 0.000000 -0.000000  0.000000 0.000001 1.570796
198  0.097092 0.000000 -0.000000  -0.000000 -3.141592 1.570796
199  0.000000 0.000000 0.000000  0.000000 -0.000000 -0.000000
200  0.000004 0.000004 -0.000000  -0.000000 -0.000000 -0.000000
201  0.000042 0.000046 0.000046  -0.000000 0.000000 -0.000000
time 1
0  0 0 0  0 0 0
1  0.000000 0.000000 0.000000  0.000000 -0.000000 -0.000000
2  -0.000005 0.000023 -61.375507  0.000000 0.000000 -1.570795
3  -0.012872 0.000000 8.235020  -1.570799 -1.570796 0.000000
4  16.163128 -0.012870 -0.000002  -0.000000 -0.000000 0.000000
5  16.163143 -0.000009 3.830524  -3.089336 -1.570794 0.000000
6  -0.000031 -0.000001 -0.000000  0.009063 -0.000215 0.013703
7  0.000001 -0.000007 0.000004  0.000000 0.000000 0.012727
8  0.000000 0.000001 0.000000  0.009339 -0.000000 -0.000000
9  0.000002 0.000001 -0.000002  0.018678 -0.000000 -0.000000
10  -0.000001 0.000001 0.000002  0.028017 -0.000000 -0.000000
11  -0.000002 0.000000 0.000002  0.037357 0.000000 -0.000000
12  -0.000002 0.000000 0.000000  0.046698 -0.000000 -0.000000
13  -0.000003 -0.000001 0.000000  0.056039 -0.000000 -0.000000
14  -0.000002 -0.000001 0.000000  0.065382 -0.000000 -0.000000
15  -0.000002 0.000002 0.000004  0.067053 -0.007592 -0.080176
16  -0.000005 -0.000002 -0.000002  0.030137 0.016878 -0.009942
17  -0.000002 -0.000000 0.000001  0.005815 0.006186 -0.087133
18  -0.000002 -0.000000 0.000000  0.002555 0.000676 -0.027378
19  0.000002 0.000002 -0.000001  0.159050 0.143310 -0.145715
20  -0.000000 0.000002 -0.000001  -0.000000 -0.000000 -0.336268
21  -0.000001 0.000000 -0.000001  0.000000 0.000000 0.418694
22  -0.000004 0.000000 -0.000002  0.039362 0.189755 0.055371
23  -0.000000 -0.000001 0.000002  -0.000000 0.000000 -0.307762
24  0.000000 -0.000001 0.000003  -0.000000 -0.000000 -0.074381
25  0.000002 0.000001 -0.000002  0.096940 0.164051 -0.026431
26  -0.000000 0.000000 0.000003  -0.000000 0.000000 -0.457657
27  0.000000 0.000000 0.000000  -0.000000 -0.000000 0.379969
28  0.000002 0.000000 0.000002  0.040609 0.200895 0.000269
29  0.000000 0.000001 0.000002  -0.000000 -0.000000 0.060066
30  0.000000 0.000001 0.000002  0.000000 -0.000000 -0.293161
31  16.163136 0.000012 -3.830531  -3.098550 1.570794 0.000000
32  -0.000018 -0.000001 0.000001  -0.003234 0.000553 0.002319
33  -0.000000 0.000001 -0.000000  0.000000 -0.000000 -0.006104
34  0.000001 0.000000 -0.000003  -0.000733 0.000000 -0.000000
35  -0.000002 -0.000002 -0.000003  -0.001465 0.000000 0.000000
36  -0.000003 -0.000001 -0.000001  -0.002258 0.000000 0.000000
37  -0.000001 -0.000000 -0.000001  -0.002991 -0.000000 0.000000
38  -0.000006 0.000000 -0.000001  -0.003784 -0.000000 -0.000000
39  -0.000004 -0.000000 -0.000001  -0.004517 -0.000000 -0.000000
40  -0.000006 -0.000002 -0.000001  -0.005310 0.000000 0.000000
41  -0.000008 -0.000004 -0.000003  -0.008144 0.010708 0.006610
42  1.410069 0.800525 2.089138  -2.009768 -0.630254 0.591907
43  3.954719 0.000010 0.000004  -0.000000 -0.000002 0.166319
44  3.101559 -0.000007 0.000004  -0.000001 -0.000000 0.240238
45  7.183348 -0.532110 3.267603  -0.123210 -0.020355 -0.052486
46  3.511602 -0.000001 -0.000003  0.000003 0.000001 0.099571
47  2.199403 0.000004 0.000000  -0.000001 -0.000001 0.029267
48  7.145096 -0.676362 1.382419  -0.086920 0.009133 -0.085505
49  3.672219 -0.000002 0.000002  0.000001 -0.000000 0.142941
50  2.676518 -0.000003 -0.000002  -0.000001 -0.000001 -0.026075
51  6.831175 -0.870879 -0.599928  -0.130311 0.006346 -0.065012
52  3.657079 -0.000002 -0.000001  -0.000000 0.000001 0.057734
53  2.496793 0.000001 0.000003  0.000000 -0.000001 -0.091108
54  6.164466 -0.898158 -2.575026  -0.090704 0.013515 -0.151468
55  2.805848 -0.000003 -0.000002  -0.000002 -0.000001 0.079091
56  2.307434 -0.000000 -0.000001  0.000002 0.000001 -0.056419
57  0.000000 0.000000 -0.000000  -0.000427 -0.000366 -0.000122
58  -0.002365 0.000641 -0.026036  -0.008111 -0.002043 -0.007011
59  0.071249 114.357025 62.238785  -0.000000 -0.000000 -0.000000
60  1.986524 0.000016 -3.123729  -2.705260 -0.000000 -1.570797
61  -1.986692 0.000008 -3.123739  0.436333 0.000001 1.570797
62  0.000000 -0.000006 0.000000  0.000000 -0.000000 0.000000
63  -1.986692 0.000016 -3.123734  0.436333 0.000001 1.570797
64  -11.344159 1.135886 0.869280  0.000002 -0.025019 -0.026324
65  1.986524 0.000008 -3.123732  -2.705260 -0.000000 -1.570797
66  -11.350032 -0.729419 0.864890  0.000197 -0.025367 0.026442
67  1.754236 4.036758 -1.682665  0.392575 -0.010120 -1.546362
68  -1.755139 4.036753 -1.682665  -0.392577 -0.010391 -1.594986
69  -0.164556 7.327703 3.928702  0.000000 0.000001 -1.570796
70  0.079082 36.742687 -0.508023  0.000001 -0.000000 -0.000000
71  -1.260173 8.777408 6.736405  -0.000002 -0.424416 -3.141592
72  1.525193 18.283598 2.968621  0.000000 -0.000000 0.000000
73  0.060216 10.324388 74.469040  0.000008 -0.000000 0.000000
74  0.062808 75.917992 83.075424  1.570797 -0.000000 -1.570796
75  4.804187 -3.971744 0.000001  -0.000000 0.000000 -0.000000
76  -7.041565 -5.025989 0.000001  -0.000000 -0.000000 -0.000000
77  8.407177 -3.978438 0.003055  -1.570796 1.570795 0.000000
78  10.376184 -3.978439 0.003056  -1.570796 1.570796 0.000000
79  10.194025 -0.314057 -1.749547  -1.570796 1.570796 0.000000
80  20.857887 -4.015562 0.000003  0.000000 -0.000000 -0.000000
81  3.258446 5.856953 -3.403524  -0.000000 -0.000000 -0.000000
82  15.153057 5.860580 -3.403521  0.000000 -0.000000 -0.000000
83  6.064255 77.294952 36.365791  1.570796 -0.000000 1.570796
84  -2.662411 1.445755 40.667953  0.000000 3.141591 1.570796
85  8.352066 2.772896 0.000543  -3.141589 0.000002 0.000000
86  6.064256 72.973679 32.593246  1.570796 -0.000000 1.570796
87  0.004365 73.768410 -3.792007  0.000000 -0.000000 0.000000
88  -0.442609 1.284880 8.535289  0.000000 -0.000001 0.000000
89  0.000001 1.310201 -0.000000  0.000000 0.000000 0.000000
90  0.000001 0.582257 -0.000001  0.000000 0.000000 0.000000
91  0.036297 1.284879 7.928797  0.000000 -0.000001 0.000000
92  0.000001 1.310200 -0.000000  0.000000 0.000000 0.000000
93  0.000000 0.582256 0.000001  0.000000 0.000000 0.000000
94  5.969323 3.427464 -6.170649  -0.000000 -0.000001 -1.570797
95  -1.310206 0.000001 0.000002  0.000000 -0.000000 -0.000000
96  -0.582263 0.000000 0.000000  0.000000 0.000000 -0.000000
97  5.969322 9.397405 -6.170659  -0.000000 -0.000001 -1.570796
98  -1.310205 -0.000001 0.000001  0.000000 0.000000 -0.000000
99  -0.582262 -0.000001 -0.000000  0.000000 0.000000 -0.000000
100  5.969322 15.223775 -6.170669  -0.000000 -0.000001 -1.570796
101  -1.310213 0.000002 0.000001  -0.000000 0.000000 -0.000000
102  -0.582269 0.000001 0.000001  -0.000000 0.000000 -0.000000
103  5.969322 20.835573 -6.170671  -0.000000 -0.000001 -1.570796
104  -1.310203 0.000001 0.000002  -0.000000 0.000000 -0.000000
105  -0.582260 -0.000000 0.000004  -0.000000 0.000000 -0.000000
106  5.969323 26.771210 -6.170671  -0.000000 -0.000001 -1.570796
107  5.969322 32.597595 -6.170675  -0.000000 -0.000001 -1.570796
108  5.969323 38.209393 -6.170684  -0.000000 -0.000001 -1.570800
109  5.969321 49.488464 -6.170684  -0.000000 -0.000001 -1.570800
110  -0.539090 -0.556796 -0.017363  -0.042462 2.681156 1.551919
111  -6.799123 -0.556805 0.818550  -0.272420 2.701993 1.452460
112  -4.615282 -0.556825 0.270328  -0.117230 2.684609 1.518878
113  -2.650969 -0.556812 0.063010  -0.042463 2.681158 1.551919
114  27.110332 1.284858 12.007547  0.000000 -0.000000 0.000000
115  28.133423 1.284852 12.007546  0.000001 -0.000000 0.000000
116  12.812885 2.241782 12.007547  0.000000 -0.000001 -0.000001
117  -9.955966 -0.319621 4.380214  -0.000001 -0.000000 -0.000001
118  -11.316472 -0.319614 4.380215  -0.000003 -0.000000 0.000000
119  -12.667809 -0.319612 4.380215  -0.000003 -0.000000 0.000001
120  -14.022140 -0.319616 4.380215  0.000010 -0.000000 -0.000011
121  -15.373239 -0.319612 4.380214  0.000015 -0.000000 -0.000015
122  -16.724140 -0.319614 4.380214  -0.000009 -0.000000 0.000006
123  -18.074572 -0.319613 4.380214  -0.000006 -0.000000 0.000004
124  -19.423716 -0.319611 4.380214  0.000002 0.000000 -0.000004
125  -20.775270 -0.319618 4.380214  0.000003 0.000000 -0.000004
126  -22.126669 -0.319616 4.380215  0.000003 0.000000 -0.000004
127  -23.478121 -0.319614 4.380215  0.000005 -0.000000 -0.000006
128  -24.830618 -0.319613 4.380215  0.000036 0.000000 -0.000038
129  -26.182026 -0.319611 4.380215  -0.000011 -0.000000 0.000011
130  0.529179 -0.167127 0.629484  -0.101270 -0.000000 0.000000
131  -0.211444 -0.241687 0.155361  -0.145847 -0.000000 0.000000
132  0.529190 -0.280690 -0.110293  -0.145847 -0.000000 0.000000
133  -0.173927 -0.337326 -0.638496  -0.181751 -0.000000 0.000000
134  0.529189 -0.399247 -0.975393  -0.181751 -0.000000 0.000000
135  -0.211444 -0.464474 -1.431042  -0.192399 -0.000000 0.000000
136  0.529189 -0.515809 -1.694583  -0.192399 -0.000000 0.000000
137  -0.173928 -0.612155 -2.231910  -0.216703 -0.000000 0.000000
138  0.529188 -0.685801 -2.566439  -0.216703 -0.000000 0.000000
139  -0.211445 -0.769560 -3.027870  -0.237349 -0.000000 0.000000
140  0.529188 -0.832681 -3.288847  -0.237349 -0.000000 0.000000
141  -0.173937 -0.945278 -3.779563  -0.233859 0.000000 0.000000
142  0.529179 -1.024656 -4.112779  -0.233859 0.000000 0.000000
143  -0.211443 -1.132187 -4.577548  -0.262919 -0.000000 0.000000
144  0.529190 -1.201961 -4.836823  -0.262919 0.000000 0.000000
145  -0.000005 -2.810944 -10.636629  0.258454 0.000000 3.141592
146  -0.192455 -1.345779 -5.370044  -0.280373 0.000000 0.000000
147  0.533984 -1.413514 -5.605104  -0.276883 0.000000 0.000000
148  -0.206618 -1.795754 -6.909779  -0.287354 0.000000 0.000000
149  -0.205805 -1.564815 -6.138256  -0.290843 0.000000 0.000000
150  0.530460 -1.643673 -6.395214  -0.290844 0.000000 0.000000
151  0.535311 -1.790709 -7.204132  -0.287354 -0.000000 0.000000
152  -0.202703 -2.030484 -7.702829  -0.286180 -0.000000 0.000000
153  0.509548 -2.118894 -8.011624  -0.298398 -0.000000 0.000000
154  -0.202703 -2.255281 -8.465170  -0.283134 -0.000000 0.000000
155  0.509548 -2.352977 -8.771158  -0.295352 -0.000000 0.000000
156  -0.202704 -2.481593 -9.235469  -0.285437 -0.000000 0.000000
157  0.509547 -2.588682 -9.538637  -0.297654 -0.000000 0.000000
158  0.170122 -21.222084 -1.001140  -0.000001 -0.000001 0.000000
159  0.170122 -20.843861 -0.397183  -0.000001 -0.000001 0.000000
160  0.170123 -20.489738 -1.001141  -0.000001 -0.000001 0.000000
161  0.170124 -20.111063 -0.397183  -0.000001 -0.000001 0.000000
162  0.170123 -19.380083 -0.397186  -0.000001 -0.000001 0.000000
163  0.170123 -19.025103 -1.001145  -0.000001 -0.000001 0.000000
164  0.170123 -18.646652 -0.396447  -0.000001 -0.000001 0.000000
165  0.170124 -19.755751 -1.001142  -0.000001 -0.000001 0.000000
166  -0.015973 10.612516 2.686017  0.000001 -0.000000 -0.000000
167  0.059851 -50.160698 6.449380  1.570797 0.000000 -1.570797
168  0.064653 27.351286 72.195198  -0.000000 -0.000000 -0.000001
169  6.064260 95.113998 31.645498  -0.000000 -0.000001 1.570796
170  0.054185 102.845627 29.795359  0.000000 0.000001 -1.570796
171  6.064256 69.096558 37.164314  1.570796 -0.000000 1.570796
172  1.974302 11.989231 4.589249  0.000000 -0.000000 0.000000
173  -0.011481 23.944742 5.090361  0.000001 -0.000000 0.000000
174  -1.691251 8.833341 5.763506  0.000001 -0.000000 0.000000
175  6.064260 89.329796 31.613914  -0.000000 -0.000001 1.570796
176  0.059886 2.255334 54.398010  -0.000000 -0.000000 0.000000
177  0.003497 -22.270643 0.000151  1.570797 0.000000 -1.570797
178  0.104010 15.380368 2.266152  0.000001 -0.000000 -0.000000
179  0.507117 -0.439376 -0.368328  -0.055598 -0.035270 0.029563
180  -3.255359 24.458076 -23.114336  0.181523 0.048807 -1.277059
181  -2.662412 1.445758 33.628738  0.000000 3.141591 1.570796
182  8.352066 2.772896 0.000536  -3.141589 0.000002 0.000000
183  -2.662411 1.445755 40.667953  0.000000 3.141591 1.570796
184  8.352066 2.772896 0.000543  -3.141589 0.000002 0.000000
185  -1.431356 16.384775 4.137811  0.000001 -0.000000 0.000000
186  -0.001845 0.521683 -0.140289  0.000000 -0.000000 -0.000000
187  7.323109 -5.136190 -5.166236  -0.000000 0.000000 -0.610865
188  2.698277 -0.000002 0.000000  -0.000012 0.000000 0.000000
189  2.834158 -0.000002 -0.000000  0.000013 0.000000 -0.000000
190  2.648919 -0.000001 -0.000000  -0.000001 -0.000001 0.000000
191  2.667498 -0.000002 -0.000000  0.000000 0.000000 -0.000000
192  2.426702 -0.000002 -0.000000  0.000000 0.000000 -0.000000
193  -0.494744 -44.353447 -1.302299  1.570797 0.000000 -1.570797
194  11.545937 73.768410 -3.792009  0.000000 -0.000000 0.000000
195  -0.011103 -16.902811 1.952047  0.000001 -0.000000 -0.000000
196  0.000000 -0.000002 -1.529052  -0.000000 -0.000000 0.000000
197  -0.078942 -0.000000 0.000000  0.000000 0.000001 1.570796
198  0.097092 -0.000000 -0.000000  -0.000000 -3.141592 1.570796
199  0.000000 0.000000 0.000000  0.000000 -0.000000 -0.000000
200  0.051323 0.079407 -0.111229  -0.008111 -0.002043 -0.007011
201  0.566442 -0.313957 -0.499744  -0.069945 -0.036262 -0.018645
time 2
0  0 0 0  0 0 0
1  0.000000 0.000000 0.000000  0.000000 -0.000000 -0.000000
2  -0.000005 0.000023 -61.375507  0.000000 0.000000 -1.570795
3  -0.012872 0.000000 8.235020  -1.570799 -1.570796 0.000000
4  16.163128 -0.012870 -0.000002  -0.000000 -0.000000 0.000000
5  16.163143 -0.000009 3.830524  -3.089336 -1.570794 0.000000
6  -0.000031 -0.000001 -0.000000  0.018123 -0.000554 0.027403
7  -0.000003 -0.000006 0.000001  0.000000 0.000000 0.025453
8  0.000000 0.000001 -0.000000  0.018311 -0.000000 -0.000000
9  0.000001 0.000001 -0.000000  0.036624 -0.000000 -0.000000
10  -0.000001 0.000001 0.000002  0.054940 -0.000000 -0.000000
11  0.000000 0.000000 0.000004  0.073322 0.000000 -0.000000
12  -0.000002 0.000000 -0.000002  0.091649 -0.000000 -0.000000
13  -0.000003 -0.000001 -0.000002  0.109983 -0.000000 -0.000000
14  -0.000002 -0.000001 -0.000000  0.128266 -0.000000 -0.000000
15  -0.000004 0.000002 0.000003  0.134502 -0.009776 -0.160682
16  -0.000005 -0.000002 -0.000001  0.060117 0.034049 -0.019375
17  -0.000002 -0.000000 0.000005  0.011070 0.012854 -0.174233
18  -0.000002 0.000001 0.000003  0.005090 0.001422 -0.054754
19  0.000001 0.000001 -0.000002  0.300457 0.306745 -0.271161
20  -0.000002 0.000001 -0.000000  0.000000 0.000000 -0.672536
21  0.000000 0.000000 -0.000002  0.000000 0.000000 0.837388
22  -0.000005 -0.000000 -0.000004  0.092110 0.376789 0.121806
23  0.000000 -0.000001 -0.000001  -0.000000 0.000000 -0.615524
24  -0.000001 -0.000002 0.000000  -0.000000 -0.000000 -0.148762
25  0.000002 0.000001 -0.000004  0.193423 0.329875 -0.037153
26  -0.000001 0.000000 0.000002  -0.000000 0.000000 -0.915313
27  0.000000 -0.000000 -0.000001  -0.000000 -0.000000 0.759938
28  0.000001 0.000000 0.000002  0.083900 0.401603 0.009357
29  0.000001 0.000000 0.000000  -0.000000 0.000000 0.120132
30  0.000000 -0.000000 -0.000001  0.000000 -0.000000 -0.586322
31  16.163136 0.000012 -3.830531  -3.098550 1.570794 0.000000
32  -0.000018 -0.000001 0.000001  -0.012745 0.002446 0.010178
33  -0.000000 0.000001 -0.000003  0.000000 -0.000000 -0.023073
34  0.000000 -0.000000 -0.000003  -0.003052 0.000000 -0.000000
35  -0.000002 -0.000002 -0.000001  -0.006104 0.000000 0.000000
36  -0.000003 -0.000001 0.000001  -0.009156 0.000000 0.000000
37  -0.000000 -0.000000 -0.000001  -0.012208 -0.000000 0.000000
38  -0.000005 0.000000 -0.000001  -0.015260 -0.000000 -0.000000
39  -0.000003 -0.000000 0.000001  -0.018311 -0.000000 -0.000000
40  -0.000004 -0.000002 -0.000001  -0.021363 0.000000 0.000000
41  -0.000008 -0.000004 -0.000003  -0.031282 0.039746 0.023496
42  1.410069 0.800525 2.089134  -2.009768 -0.630254 0.591907
43  3.954721 0.000012 0.000004  -0.000000 -0.000002 0.166320
44  3.101561 -0.000006 0.000004  -0.000001 -0.000000 0.240238
45  7.183347 -0.532110 3.267603  -0.123210 -0.020355 -0.052486
46  3.511602 -0.000000 0.000000  0.000003 0.000001 0.099571
47  2.199405 0.000005 -0.000004  -0.000001 -0.000001 0.029267
48  7.145096 -0.676362 1.382419  -0.086920 0.009133 -0.085505
49  3.672219 -0.000002 -0.000000  0.000001 -0.000000 0.142941
50  2.676520 -0.000003 0.000002  -0.000001 -0.000001 -0.026075
51  6.831176 -0.870879 -0.599928  -0.130311 0.006346 -0.065012
52  3.657079 -0.000002 -0.000005  -0.000000 0.000001 0.057734
53  2.496795 0.000001 0.000004  0.000000 -0.000001 -0.091108
54  6.164467 -0.898158 -2.575027  -0.090704 0.013515 -0.151468
55  2.805847 -0.000004 0.000002  -0.000002 -0.000001 0.079091
56  2.307436 0.000000 -0.000004  0.000002 0.000001 -0.056419
57  0.000000 0.000000 -0.000000  -0.001648 -0.001343 -0.000426
58  -0.050253 0.003517 -0.152468  -0.029941 -0.006993 -0.026695
59  0.071249 114.357048 62.238796  0.000000 -0.000000 -0.000000
60  1.986525 -0.000003 -3.123737  -2.705260 -0.000000 -1.570797
61  -1.986692 0.000000 -3.123744  0.436333 0.000001 1.570797
62  0.000000 -0.000011 -0.000001  0.000000 -0.000000 0.000000
63  -1.986692 -0.000001 -3.123740  0.436333 0.000001 1.570797
64  -11.344168 1.135890 0.869276  0.000002 -0.025019 -0.026324
65  1.986525 -0.000004 -3.123733  -2.705260 -0.000000 -1.570797
66  -11.350043 -0.729424 0.864885  0.000197 -0.025367 0.026442
67  1.754237 4.036745 -1.682672  0.392575 -0.010120 -1.546362
68  -1.755139 4.036750 -1.682663  -0.392577 -0.010391 -1.594986
69  -0.164556 7.327705 3.928703  0.000000 0.000001 -1.570796
70  0.079082 36.742695 -0.508023  0.000001 -0.000000 -0.000000
71  -1.260174 8.777411 6.736406  -0.000002 -0.424416 -3.141592
72  1.525193 18.283600 2.968622  0.000000 -0.000000 0.000000
73  0.060217 10.324390 74.469063  0.000008 -0.000000 0.000000
74  0.062809 75.918015 83.075447  1.570797 0.000000 -1.570796
75  4.804192 -3.971742 0.000001  -0.000000 0.000000 -0.000000
76  -7.041562 -5.025995 0.000002  -0.000000 -0.000000 -0.000000
77  8.407187 -3.978445 0.003055  -1.570796 1.570795 0.000000
78  10.376196 -3.978446 0.003056  -1.570796 1.570796 0.000000
79  10.194022 -0.314066 -1.749547  -1.570796 1.570796 0.000000
80  20.857893 -4.015573 0.000003  0.000000 -0.000000 -0.000000
81  3.258453 5.856950 -3.403523  -0.000000 -0.000000 -0.000000
82  15.153058 5.860577 -3.403521  0.000000 -0.000000 -0.000000
83  6.064256 77.294960 36.365803  1.570796 -0.000000 1.570796
84  -2.662412 1.445755 40.667961  0.000000 3.141591 1.570796
85  8.352066 2.772896 0.000546  -3.141589 0.000002 0.000000
86  6.064256 72.973701 32.593254  1.570796 -0.000000 1.570796
87  0.004365 73.768425 -3.792008  0.000000 -0.000000 0.000000
88  -0.442609 1.284869 8.535291  0.000000 -0.000001 0.000000
89  0.000001 1.310215 -0.000001  0.000000 -0.000000 0.000000
90  0.000000 0.582260 -0.000000  0.000000 -0.000000 0.000000
91  0.036297 1.284876 7.928799  0.000000 -0.000001 0.000000
92  0.000001 1.310206 -0.000000  0.000000 0.000000 0.000000
93  0.000000 0.582251 -0.000000  0.000000 0.000000 0.000000
94  5.969323 3.427448 -6.170650  -0.000000 -0.000001 -1.570797
95  -1.310216 -0.000000 0.000001  0.000000 0.000000 -0.000000
96  -0.582261 -0.000000 -0.000000  0.000000 0.000000 -0.000000
97  5.969323 9.397388 -6.170659  -0.000000 -0.000001 -1.570796
98  -1.310206 -0.000000 0.000000  0.000000 0.000000 -0.000000
99  -0.582259 -0.000001 -0.000000  0.000000 0.000000 -0.000000
100  5.969322 15.223762 -6.170670  -0.000000 -0.000001 -1.570796
101  -1.310203 0.000001 0.000002  -0.000000 0.000000 -0.000000
102  -0.582256 0.000001 0.000002  -0.000000 0.000000 -0.000000
103  5.969322 20.835562 -6.170670  -0.000000 -0.000001 -1.570796
104  -1.310202 0.000000 0.000002  -0.000000 0.000000 -0.000000
105  -0.582248 0.000000 0.000004  -0.000000 0.000000 -0.000000
106  5.969324 26.771206 -6.170672  -0.000000 -0.000001 -1.570796
107  5.969322 32.597595 -6.170673  -0.000000 -0.000001 -1.570796
108  5.969324 38.209396 -6.170685  0.000000 -0.000001 -1.570800
109  5.969323 49.488453 -6.170684  0.000000 -0.000001 -1.570800
110  -0.539090 -0.556816 -0.017362  -0.042462 2.681156 1.551919
111  -6.799124 -0.556815 0.818550  -0.272420 2.701993 1.452460
112  -4.615283 -0.556832 0.270328  -0.117230 2.684609 1.518878
113  -2.650969 -0.556810 0.063011  -0.042463 2.681158 1.551919
114  27.110338 1.284849 12.007550  0.000000 -0.000000 0.000000
115  28.133425 1.284851 12.007549  0.000001 -0.000000 0.000000
116  12.812886 2.241778 12.007551  0.000000 -0.000001 -0.000001
117  -9.955968 -0.319629 4.380215  -0.000001 -0.000000 -0.000001
118  -11.316474 -0.319626 4.380216  -0.000003 -0.000000 -0.000000
119  -12.667811 -0.319632 4.380216  -0.000003 -0.000000 0.000001
120  -14.022141 -0.319633 4.380216  0.000010 -0.000000 -0.000011
121  -15.373240 -0.319624 4.380215  0.000015 -0.000000 -0.000015
122  -16.724142 -0.319625 4.380215  -0.000009 -0.000000 0.000006
123  -18.074572 -0.319629 4.380215  -0.000006 -0.000000 0.000004
124  -19.423717 -0.319629 4.380215  0.000002 0.000000 -0.000004
125  -20.775270 -0.319624 4.380215  0.000003 0.000000 -0.000004
126  -22.126673 -0.319631 4.380216  0.000003 -0.000000 -0.000004
127  -23.478125 -0.319624 4.380216  0.000005 -0.000000 -0.000006
128  -24.830622 -0.319622 4.380216  0.000036 0.000000 -0.000038
129  -26.182030 -0.319621 4.380216  -0.000011 0.000000 0.000011
130  0.529180 -0.167145 0.629485  -0.101270 -0.000000 0.000000
131  -0.211444 -0.241692 0.155362  -0.145847 -0.000000 0.000000
132  0.529190 -0.280706 -0.110292  -0.145847 -0.000000 0.000000
133  -0.173927 -0.337330 -0.638496  -0.181751 -0.000000 0.000000
134  0.529189 -0.399256 -0.975393  -0.181751 -0.000000 0.000000
135  -0.211444 -0.464478 -1.431041  -0.192399 -0.000000 0.000000
136  0.529189 -0.515814 -1.694582  -0.192399 -0.000000 0.000000
137  -0.173928 -0.612159 -2.231910  -0.216703 -0.000000 0.000000
138  0.529188 -0.685803 -2.566440  -0.216703 -0.000000 0.000000
139  -0.211445 -0.769573 -3.027870  -0.237349 -0.000000 0.000000
140  0.529188 -0.832693 -3.288847  -0.237349 -0.000000 0.000000
141  -0.173937 -0.945284 -3.779563  -0.233859 0.000000 0.000000
142  0.529179 -1.024660 -4.112781  -0.233859 0.000000 0.000000
143  -0.211443 -1.132195 -4.577547  -0.262919 -0.000000 0.000000
144  0.529190 -1.201969 -4.836824  -0.262919 0.000000 0.000000
145  -0.000005 -2.810946 -10.636630  0.258454 0.000000 3.141592
146  -0.192455 -1.345785 -5.370045  -0.280373 0.000000 0.000000
147  0.533984 -1.413511 -5.605104  -0.276883 0.000000 0.000000
148  -0.206618 -1.795765 -6.909780  -0.287354 0.000000 0.000000
149  -0.205805 -1.564829 -6.138257  -0.290843 0.000000 0.000000
150  0.530460 -1.643677 -6.395214  -0.290844 0.000000 0.000000
151  0.535311 -1.790712 -7.204133  -0.287354 -0.000000 0.000000
152  -0.202703 -2.030488 -7.702829  -0.286180 -0.000000 0.000000
153  0.509548 -2.118907 -8.011624  -0.298398 -0.000000 0.000000
154  -0.202703 -2.255283 -8.465172  -0.283134 -0.000000 0.000000
155  0.509548 -2.352987 -8.771159  -0.295352 -0.000000 0.000000
156  -0.202704 -2.481603 -9.235470  -0.285437 -0.000000 0.000000
157  0.509547 -2.588692 -9.538638  -0.297654 -0.000000 0.000000
158  0.170123 -21.222099 -1.001140  -0.000001 -0.000001 0.000000
159  0.170123 -20.843876 -0.397182  -0.000001 -0.000001 0.000000
160  0.170123 -20.489750 -1.001140  -0.000001 -0.000001 0.000000
161  0.170124 -20.111076 -0.397182  -0.000001 -0.000001 0.000000
162  0.170123 -19.380098 -0.397186  -0.000001 -0.000001 0.000000
163  0.170123 -19.025112 -1.001145  -0.000001 -0.000001 0.000000
164  0.170123 -18.646671 -0.396446  -0.000001 -0.000001 0.000000
165  0.170124 -19.755766 -1.001141  -0.000001 -0.000001 0.000000
166  -0.015973 10.612518 2.686018  0.000001 -0.000000 -0.000000
167  0.059851 -50.160706 6.449381  1.570797 0.000000 -1.570797
168  0.064653 27.351290 72.195221  0.000000 -0.000000 -0.000001
169  6.064260 95.114021 31.645502  -0.000000 -0.000001 1.570796
170  0.054186 102.845650 29.795364  0.000000 0.000001 -1.570796
171  6.064257 69.096565 37.164322  1.570796 -0.000000 1.570796
172  1.974303 11.989234 4.589250  0.000000 -0.000000 0.000000
173  -0.011481 23.944748 5.090362  0.000001 -0.000000 0.000000
174  -1.691251 8.833343 5.763508  0.000001 -0.000000 0.000000
175  6.064260 89.329811 31.613920  -0.000000 -0.000001 1.570796
176  0.059886 2.255335 54.398018  0.000000 -0.000000 0.000000
177  0.003497 -22.270645 0.000148  1.570797 0.000000 -1.570797
178  0.104010 15.380371 2.266153  0.000001 -0.000000 -0.000000
179  0.985189 -0.610815 -0.930947  -0.095988 -0.059828 0.064386
180  -3.255359 24.458080 -23.114338  0.181523 0.048807 -1.277059
181  -2.662412 1.445758 33.628746  0.000000 3.141591 1.570796
182  8.352066 2.772896 0.000541  -3.141589 0.000002 0.000000
183  -2.662412 1.445755 40.667961  0.000000 3.141591 1.570796
184  8.352066 2.772896 0.000546  -3.141589 0.000002 0.000000
185  -1.431356 16.384783 4.137812  0.000001 -0.000000 0.000000
186  -0.001845 0.521683 -0.140290  0.000000 -0.000000 -0.000000
187  7.323108 -5.136192 -5.166238  0.000000 0.000000 -0.610865
188  2.698277 -0.000001 -0.000000  -0.000012 0.000000 0.000000
189  2.834157 -0.000001 0.000000  0.000013 0.000000 0.000000
190  2.648919 -0.000001 0.000000  -0.000001 -0.000001 0.000000
191  2.667499 -0.000002 -0.000000  -0.000000 0.000000 -0.000000
192  2.426703 -0.000002 0.000000  0.000000 0.000000 -0.000000
193  -0.494744 -44.353447 -1.302299  1.570797 0.000000 -1.570797
194  11.545938 73.768425 -3.792010  0.000000 -0.000000 0.000000
195  -0.011102 -16.902817 1.952047  0.000001 -0.000000 -0.000000
196  -0.000000 0.000002 -1.529052  -0.000000 -0.000000 0.000000
197  -0.078942 0.000002 -0.000000  0.000000 0.000001 1.570796
198  0.097092 0.000001 -0.000000  -0.000000 -3.141592 1.570796
199  0.000000 0.000000 0.000000  0.000000 -0.000000 -0.000000
200  0.152059 0.304424 -0.453032  -0.029941 -0.006993 -0.026695
201  1.140690 -0.610817 -1.007721  -0.138561 -0.075043 -0.035325
time 3
0  0 0 0  0 0 0
1  0.000000 0.000000 0.000000  0.000000 -0.000000 -0.000000
2  -0.000005 0.000023 -61.375507  0.000000 0.000000 -1.570795
3  -0.012872 0.000000 8.235020  -1.570799 -1.570796 0.000000
4  16.163128 -0.012870 -0.000002  -0.000000 -0.000000 0.000000
5  16.163143 -0.000009 3.830524  -3.089336 -1.570794 0.000000
6  -0.000031 -0.000001 -0.000000  0.037205 -0.004108 0.050110
7  0.000001 -0.000007 -0.000001  0.000000 0.000000 0.027285
8  -0.000000 0.000001 -0.000003  0.028261 -0.000000 -0.000000
9  0.000001 0.000001 -0.000003  0.056589 -0.000000 -0.000000
10  -0.000003 0.000000 -0.000001  0.084867 -0.000000 -0.000000
11  -0.000002 0.000000 -0.000003  0.113223 0.000000 -0.000000
12  -0.000003 0.000000 -0.000003  0.141541 -0.000000 -0.000000
13  -0.000004 -0.000001 -0.000003  0.169826 -0.000000 -0.000000
14  -0.000004 -0.000001 -0.000003  0.198145 -0.000000 -0.000000
15  -0.000000 0.000002 0.000003  0.212689 -0.003974 -0.232670
16  -0.000005 -0.000001 0.000001  0.086005 0.049136 -0.027159
17  -0.000002 0.000000 0.000007  0.015147 0.019004 -0.249800
18  -0.000002 0.000001 0.000003  0.007305 0.002180 -0.078445
19  0.000001 0.000002 -0.000002  0.411951 0.460799 -0.365506
20  -0.000001 0.000002 0.000000  -0.000000 0.000000 -0.964261
21  0.000002 0.000000 -0.000003  0.000000 -0.000000 1.200545
22  -0.000004 0.000002 0.000000  0.153449 0.535624 0.193631
23  -0.000001 -0.000001 -0.000001  -0.000000 0.000000 -0.882513
24  -0.000002 -0.000002 0.000002  -0.000000 0.000000 -0.213363
25  0.000002 0.000002 0.000000  0.281141 0.473953 -0.032557
26  -0.000002 -0.000001 0.000001  -0.000000 0.000000 -1.312286
27  0.000000 0.000001 0.000002  -0.000000 -0.000000 1.089500
28  0.000000 0.000001 0.000003  0.127164 0.575191 0.026374
29  0.000000 0.000000 0.000000  -0.000000 0.000000 0.172276
30  -0.000001 0.000000 0.000002  0.000000 0.000000 -0.840663
31  16.163136 0.000012 -3.830531  -3.098550 1.570794 0.000000
32  -0.000018 -0.000001 0.000001  -0.028316 0.005600 0.024705
33  0.000000 0.000001 0.000002  0.000000 -0.000000 -0.048468
34  0.000001 0.000000 -0.000000  -0.006958 0.000000 -0.000000
35  -0.000002 -0.000002 0.000002  -0.013917 0.000000 0.000000
36  -0.000003 -0.000001 0.000002  -0.020875 0.000000 0.000000
37  -0.000002 -0.000000 -0.000000  -0.027895 -0.000000 0.000000
38  -0.000006 0.000000 -0.000000  -0.034854 -0.000000 -0.000000
39  -0.000003 -0.000000 0.000002  -0.041813 -0.000000 -0.000000
40  -0.000004 -0.000002 -0.000000  -0.048835 0.000000 0.000000
41  -0.000007 -0.000004 -0.000000  -0.067740 0.082261 0.045504
42  1.410069 0.800525 2.089135  -2.009768 -0.630254 0.591907
43  3.954719 0.000011 0.000004  -0.000000 -0.000002 0.166319
44  3.101561 -0.000008 0.000003  -0.000001 -0.000000 0.240238
45  7.183346 -0.532110 3.267604  -0.123210 -0.020355 -0.052486
46  3.511602 -0.000000 -0.000001  0.000003 0.000001 0.099571
47  2.199403 0.000005 -0.000001  -0.000001 -0.000001 0.029267
48  7.145095 -0.676362 1.382420  -0.086920 0.009133 -0.085505
49  3.672219 -0.000002 -0.000001  0.000001 -0.000000 0.142941
50  2.676520 -0.000004 0.000002  -0.000001 -0.000001 -0.026075
51  6.831176 -0.870879 -0.599928  -0.130311 0.006346 -0.065012
52  3.657080 -0.000002 -0.000004  -0.000000 0.000001 0.057734
53  2.496794 0.000001 0.000002  0.000000 -0.000001 -0.091108
54  6.164466 -0.898158 -2.575026  -0.090704 0.013515 -0.151468
55  2.805847 -0.000003 0.000001  -0.000002 -0.000001 0.079091
56  2.307436 -0.000000 -0.000002  0.000002 0.000001 -0.056419
57  0.000000 0.000000 -0.000000  -0.003173 -0.002687 -0.000911
58  -0.204270 0.009277 -0.451953  -0.061379 -0.012810 -0.057079
59  0.071249 114.357025 62.238792  0.000000 -0.000000 -0.000000
60  1.986524 0.000003 -3.123740  -2.705260 -0.000000 -1.570797
61  -1.986692 0.000002 -3.123748  0.436333 0.000001 1.570797
62  -0.000000 -0.000008 -0.000004  0.000000 -0.000000 0.000000
63  -1.986693 0.000014 -3.123742  0.436333 0.000001 1.570797
64  -11.344163 1.135888 0.869276  0.000002 -0.025019 -0.026324
65  1.986523 0.000015 -3.123735  -2.705260 -0.000000 -1.570797
66  -11.350063 -0.729425 0.864888  0.000197 -0.025367 0.026442
67  1.754236 4.036755 -1.682671  0.392575 -0.010120 -1.546362
68  -1.755140 4.036758 -1.682665  -0.392577 -0.010391 -1.594986
69  -0.164556 7.327703 3.928703  0.000000 0.000001 -1.570796
70  0.079082 36.742687 -0.508023  0.000001 -0.000000 -0.000000
71  -1.260174 8.777409 6.736405  -0.000002 -0.424416 -3.141592
72  1.525193 18.283598 2.968622  0.000000 -0.000000 0.000000
73  0.060217 10.324388 74.469055  0.000008 -0.000000 0.000000
74  0.062809 75.917992 83.075447  1.570797 0.000000 -1.570796
75  4.804186 -3.971750 0.000002  -0.000000 0.000000 -0.000000
76  -7.041565 -5.025999 0.000002  -0.000000 -0.000000 -0.000000
77  8.407182 -3.978442 0.003056  -1.570796 1.570795 0.000000
78  10.376190 -3.978446 0.003057  -1.570796 1.570796 0.000000
79  10.194020 -0.314067 -1.749547  -1.570796 1.570796 0.000000
80  20.857893 -4.015568 0.000003  0.000000 -0.000000 -0.000000
81  3.258449 5.856952 -3.403523  -0.000000 -0.000000 -0.000000
82  15.153052 5.860576 -3.403520  -0.000000 -0.000000 -0.000000
83  6.064256 77.294945 36.365795  1.570796 0.000000 1.570796
84  -2.662412 1.445754 40.667961  0.000000 3.141591 1.570796
85  8.352066 2.772897 0.000540  -3.141589 0.000002 -0.000000
86  6.064256 72.973694 32.593250  1.570796 0.000000 1.570796
87  0.004365 73.768402 -3.792008  0.000000 -0.000000 0.000000
88  -0.442609 1.284877 8.535291  0.000000 -0.000001 0.000000
89  0.000001 1.310217 -0.000001  0.000000 -0.000000 0.000000
90  0.000000 0.582266 -0.000000  0.000000 -0.000000 0.000000
91  0.036297 1.284882 7.928799  0.000000 -0.000001 0.000000
92  0.000001 1.310206 0.000000  0.000000 0.000000 0.000000
93  0.000001 0.582256 0.000000  0.000000 0.000000 0.000000
94  5.969323 3.427460 -6.170650  -0.000000 -0.000001 -1.570797
95  -1.310209 0.000001 0.000001  0.000000 -0.000000 -0.000000
96  -0.582251 -0.000000 -0.000000  0.000000 -0.000000 -0.000000
97  5.969322 9.397393 -6.170658  -0.000000 -0.000001 -1.570796
98  -1.310208 0.000000 0.000001  0.000000 0.000000 -0.000000
99  -0.582258 0.000000 0.000000  0.000000 0.000000 -0.000000
100  5.969321 15.223762 -6.170670  -0.000000 -0.000001 -1.570796
101  -1.310214 0.000002 0.000001  -0.000000 0.000000 -0.000000
102  -0.582264 0.000002 0.000001  -0.000000 0.000000 -0.000000
103  5.969322 20.835571 -6.170669  -0.000000 -0.000001 -1.570796
104  -1.310215 0.000001 0.000002  -0.000000 0.000000 -0.000000
105  -0.582257 0.000001 0.000002  -0.000000 0.000000 -0.000000
106  5.969324 26.771204 -6.170671  -0.000000 -0.000001 -1.570796
107  5.969322 32.597595 -6.170674  -0.000000 -0.000001 -1.570796
108  5.969323 38.209396 -6.170684  0.000000 -0.000001 -1.570800
109  5.969324 49.488453 -6.170684  0.000000 -0.000001 -1.570800
110  -0.539090 -0.556815 -0.017361  -0.042462 2.681156 1.551919
111  -6.799124 -0.556806 0.818551  -0.272420 2.701993 1.452460
112  -4.615283 -0.556821 0.270329  -0.117230 2.684609 1.518878
113  -2.650969 -0.556810 0.063011  -0.042463 2.681158 1.551919
114  27.110336 1.284852 12.007549  0.000000 -0.000000 0.000000
115  28.133423 1.284845 12.007547  0.000001 -0.000000 0.000000
116  12.812887 2.241780 12.007550  0.000000 -0.000001 -0.000001
117  -9.955966 -0.319632 4.380215  -0.000001 -0.000000 -0.000001
118  -11.316472 -0.319632 4.380215  -0.000003 -0.000000 0.000000
119  -12.667809 -0.319630 4.380215  -0.000003 -0.000000 0.000001
120  -14.022140 -0.319630 4.380215  0.000010 -0.000000 -0.000011
121  -15.373239 -0.319629 4.380215  0.000015 -0.000000 -0.000015
122  -16.724142 -0.319632 4.380215  -0.000009 -0.000000 0.000006
123  -18.074572 -0.319632 4.380215  -0.000006 0.000000 0.000004
124  -19.423716 -0.319627 4.380215  0.000002 0.000000 -0.000004
125  -20.775272 -0.319621 4.380215  0.000003 0.000000 -0.000004
126  -22.126671 -0.319622 4.380216  0.000003 -0.000000 -0.000004
127  -23.478123 -0.319626 4.380215  0.000005 -0.000000 -0.000006
128  -24.830620 -0.319621 4.380216  0.000036 0.000000 -0.000038
129  -26.182028 -0.319623 4.380216  -0.000011 0.000000 0.000011
130  0.529180 -0.167138 0.629485  -0.101270 -0.000000 0.000000
131  -0.211444 -0.241690 0.155362  -0.145847 -0.000000 0.000000
132  0.529189 -0.280709 -0.110293  -0.145847 -0.000000 0.000000
133  -0.173927 -0.337326 -0.638495  -0.181751 -0.000000 0.000000
134  0.529189 -0.399258 -0.975394  -0.181751 -0.000000 0.000000
135  -0.211444 -0.464487 -1.431041  -0.192399 -0.000000 0.000000
136  0.529189 -0.515809 -1.694582  -0.192400 -0.000000 0.000000
137  -0.173928 -0.612153 -2.231911  -0.216703 -0.000000 0.000000
138  0.529188 -0.685811 -2.566440  -0.216703 -0.000000 0.000000
139  -0.211445 -0.769567 -3.027870  -0.237349 -0.000000 0.000000
140  0.529189 -0.832698 -3.288847  -0.237349 -0.000000 0.000000
141  -0.173938 -0.945280 -3.779564  -0.233859 0.000000 0.000000
142  0.529179 -1.024661 -4.112780  -0.233859 0.000000 0.000000
143  -0.211443 -1.132190 -4.577547  -0.262919 -0.000000 0.000000
144  0.529190 -1.201973 -4.836824  -0.262919 0.000000 0.000000
145  -0.000004 -2.810952 -10.636632  0.258454 0.000000 3.141592
146  -0.192456 -1.345782 -5.370045  -0.280373 0.000000 0.000000
147  0.533983 -1.413512 -5.605105  -0.276883 0.000000 0.000000
148  -0.206618 -1.795771 -6.909781  -0.287354 0.000000 0.000000
149  -0.205805 -1.564818 -6.138257  -0.290843 0.000000 0.000000
150  0.530460 -1.643678 -6.395215  -0.290844 0.000000 0.000000
151  0.535311 -1.790708 -7.204132  -0.287354 -0.000000 0.000000
152  -0.202703 -2.030493 -7.702829  -0.286180 -0.000000 0.000000
153  0.509548 -2.118898 -8.011625  -0.298398 -0.000000 0.000000
154  -0.202703 -2.255284 -8.465173  -0.283134 -0.000000 0.000000
155  0.509548 -2.352993 -8.771161  -0.295352 -0.000000 0.000000
156  -0.202704 -2.481595 -9.235471  -0.285437 -0.000000 0.000000
157  0.509547 -2.588684 -9.538636  -0.297654 -0.000000 0.000000
158  0.170123 -21.222101 -1.001141  -0.000001 -0.000001 0.000000
159  0.170123 -20.843870 -0.397183  -0.000001 -0.000001 0.000000
160  0.170123 -20.489752 -1.001141  -0.000001 -0.000001 0.000000
161  0.170124 -20.111071 -0.397182  -0.000001 -0.000001 0.000000
162  0.170123 -19.380095 -0.397186  -0.000001 -0.000001 0.000000
163  0.170123 -19.025114 -1.001145  -0.000001 -0.000001 0.000000
164  0.170123 -18.646662 -0.396446  -0.000001 -0.000001 0.000000
165  0.170124 -19.755770 -1.001141  -0.000001 -0.000001 0.000000
166  -0.015973 10.612516 2.686017  0.000001 -0.000000 0.000000
167  0.059851 -50.160698 6.449380  1.570797 0.000000 -1.570797
168  0.064653 27.351288 72.195213  0.000000 -0.000000 -0.000001
169  6.064260 95.114014 31.645500  -0.000000 -0.000001 1.570796
170  0.054186 102.845634 29.795362  0.000000 0.000001 -1.570796
171  6.064256 69.096550 37.164314  1.570796 0.000000 1.570796
172  1.974303 11.989232 4.589250  0.000000 -0.000000 0.000000
173  -0.011480 23.944746 5.090361  0.000001 -0.000000 0.000000
174  -1.691251 8.833342 5.763507  0.000001 -0.000000 0.000000
175  6.064260 89.329803 31.613916  -0.000000 -0.000001 1.570796
176  0.059886 2.255334 54.398010  0.000000 -0.000000 0.000000
177  0.003497 -22.270645 0.000148  1.570797 0.000000 -1.570797
178  0.104010 15.380370 2.266153  0.000001 -0.000000 -0.000000
179  1.512830 -0.597594 -1.995829  -0.116992 -0.079824 0.114937
180  -3.255359 24.458076 -23.114336  0.181523 0.048807 -1.277059
181  -2.662412 1.445757 33.628746  0.000000 3.141591 1.570796
182  8.352067 2.772898 0.000546  -3.141589 0.000002 -0.000000
183  -2.662412 1.445754 40.667961  0.000000 3.141591 1.570796
184  8.352066 2.772897 0.000540  -3.141589 0.000002 -0.000000
185  -1.431356 16.384779 4.137812  0.000001 -0.000000 0.000000
186  -0.001845 0.521683 -0.140289  0.000000 -0.000000 0.000000
187  7.323109 -5.136191 -5.166237  -0.000000 0.000000 -0.610865
188  2.698278 -0.000001 0.000001  -0.000012 0.000000 0.000000
189  2.834160 -0.000002 0.000001  0.000013 0.000000 0.000000
190  2.648918 -0.000003 0.000000  -0.000001 -0.000001 0.000000
191  2.667497 -0.000002 -0.000000  0.000000 0.000000 0.000000
192  2.426703 -0.000000 0.000000  0.000000 0.000000 -0.000000
193  -0.494744 -44.353447 -1.302299  1.570797 0.000000 -1.570797
194  11.545938 73.768410 -3.792010  0.000000 -0.000000 0.000000
195  -0.011102 -16.902813 1.952047  0.000001 -0.000000 0.000000
196  -0.000000 0.000003 -1.529052  -0.000000 -0.000000 0.000000
197  -0.078942 -0.000000 -0.000000  0.000000 0.000001 1.570796
198  0.097092 -0.000000 -0.000000  -0.000000 -3.141592 1.570796
199  0.000000 0.000000 0.000000  0.000000 -0.000000 -0.000000
200  0.224695 0.652382 -1.037195  -0.061379 -0.012810 -0.057079
201  1.813913 -0.763215 -1.914747  -0.201660 -0.125033 -0.042108
time 4
0  0 0 0  0 0 0
1  0.000000 0.000000 0.000000  0.000000 -0.000000 -0.000000
2  -0.000005 0.000023 -61.375507  0.000000 0.000000 -1.570795
3  -0.012872 0.000000 8.235020  -1.570799 -1.570796 0.000000
4  16.163128 -0.012870 -0.000002  -0.000000 -0.000000 0.000000
5  16.163143 -0.000009 3.830524  -3.089336 -1.570794 0.000000
6  -0.000031 -0.000001 -0.000000  0.078291 -0.017677 0.107606
7  -0.000002 -0.000007 0.000000  0.000000 0.000000 -0.052681
8  -0.000000 0.000001 0.000004  0.039677 -0.000000 -0.000000
9  0.000002 0.000000 0.000002  0.079369 -0.000000 -0.000000
10  -0.000002 0.000001 0.000004  0.119031 -0.000000 -0.000000
11  -0.000003 0.000000 0.000004  0.158741 0.000000 -0.000000
12  -0.000001 0.000000 0.000004  0.198452 -0.000000 -0.000000
13  -0.000005 -0.000001 0.000003  0.238118 -0.000000 -0.000000
14  -0.000002 -0.000001 0.000003  0.277817 -0.000000 -0.000000
15  -0.000004 0.000002 0.000006  0.302603 0.011597 -0.243349
16  -0.000005 -0.000001 0.000001  0.086669 0.049519 -0.027310
17  -0.000003 0.000002 0.000005  0.015234 0.019156 -0.251767
18  -0.000003 -0.000001 0.000001  0.007366 0.002185 -0.079056
19  0.000001 0.000002 -0.000000  0.414694 0.464847 -0.367768
20  -0.000002 0.000001 -0.000001  0.000000 0.000000 -0.971777
21  0.000002 0.000000 0.000000  -0.000000 -0.000000 1.209954
22  -0.000004 0.000000 -0.000000  0.155291 0.539725 0.195724
23  -0.000002 -0.000002 0.000000  -0.000000 0.000000 -0.889472
24  0.000000 -0.000001 -0.000000  0.000000 -0.000000 -0.215020
25  0.000002 0.000001 -0.000000  0.283506 0.477640 -0.032241
26  -0.000001 0.000001 0.000002  -0.000000 0.000000 -1.322551
27  -0.000002 -0.000000 -0.000002  -0.000001 -0.000000 1.098076
28  0.000002 0.000001 0.000003  0.128383 0.579693 0.026979
29  0.000001 0.000001 0.000000  -0.000000 -0.000000 0.173624
30  0.000001 0.000000 -0.000001  0.000000 -0.000000 -0.847220
31  16.163136 0.000012 -3.830531  -3.098550 1.570794 0.000000
32  -0.000018 -0.000001 0.000001  -0.049887 0.010394 0.046942
33  -0.000000 0.000001 -0.000003  0.000000 -0.000000 -0.079369
34  0.000001 0.000000 0.000000  -0.012513 0.000000 -0.000000
35  -0.000002 -0.000002 0.000000  -0.025087 0.000000 0.000000
36  -0.000003 -0.000001 0.000000  -0.037601 0.000000 0.000000
37  0.000000 -0.000000 0.000000  -0.050178 -0.000000 0.000000
38  -0.000005 0.000000 0.000000  -0.062695 -0.000000 -0.000000
39  -0.000005 -0.000000 0.000000  -0.075276 -0.000000 -0.000000
40  -0.000004 -0.000002 0.000000  -0.087800 0.000000 0.000000
41  -0.000009 -0.000004 -0.000002  -0.115934 0.133479 0.066894
42  1.410069 0.800524 2.089137  -2.009768 -0.630254 0.591907
43  3.954721 0.000011 0.000004  -0.000000 -0.000002 0.166319
44  3.101560 -0.000009 0.000004  -0.000001 -0.000000 0.240238
45  7.183347 -0.532110 3.267602  -0.123210 -0.020355 -0.052486
46  3.511603 -0.000001 0.000001  0.000003 0.000001 0.099571
47  2.199405 0.000004 -0.000001  -0.000001 -0.000001 0.029267
48  7.145097 -0.676362 1.382418  -0.086920 0.009133 -0.085505
49  3.672219 -0.000002 0.000002  0.000001 -0.000000 0.142941
50  2.676515 -0.000004 0.000003  -0.000001 -0.000001 -0.026075
51  6.831175 -0.870879 -0.599927  -0.130311 0.006346 -0.065012
52  3.657079 -0.000002 -0.000003  -0.000000 0.000001 0.057734
53  2.496791 0.000001 0.000001  0.000000 -0.000001 -0.091108
54  6.164467 -0.898158 -2.575027  -0.090704 0.013515 -0.151468
55  2.805847 -0.000004 0.000003  -0.000002 -0.000001 0.079091
56  2.307436 0.000000 -0.000001  0.000002 0.000001 -0.056419
57  0.000000 0.000000 -0.000000  -0.004697 -0.004215 -0.001333
58  -0.525623 0.018036 -0.996924  -0.098368 -0.017762 -0.096028
59  0.071249 114.357033 62.238789  0.000000 0.000000 -0.000000
60  1.986524 0.000020 -3.123737  -2.705260 -0.000000 -1.570797
61  -1.986694 0.000021 -3.123745  0.436333 0.000001 1.570797
62  0.000000 -0.000000 -0.000006  0.000000 0.000000 0.000000
63  -1.986691 0.000009 -3.123737  0.436333 0.000001 1.570797
64  -11.344166 1.135889 0.869279  0.000002 -0.025019 -0.026324
65  1.986525 0.000016 -3.123737  -2.705260 -0.000000 -1.570797
66  -11.350052 -0.729423 0.864883  0.000197 -0.025367 0.026442
67  1.754237 4.036754 -1.682667  0.392575 -0.010120 -1.546362
68  -1.755139 4.036765 -1.682666  -0.392577 -0.010391 -1.594986
69  -0.164556 7.327704 3.928703  -0.000000 0.000001 -1.570796
70  0.079082 36.742691 -0.508022  0.000001 0.000000 -0.000000
71  -1.260174 8.777411 6.736405  -0.000002 -0.424416 -3.141592
72  1.525193 18.283598 2.968622  0.000000 0.000000 0.000000
73  0.060216 10.324390 74.469063  0.000008 0.000000 0.000000
74  0.062808 75.918007 83.075439  1.570797 0.000000 -1.570796
75  4.804181 -3.971756 0.000002  -0.000000 0.000000 -0.000000
76  -7.041573 -5.025999 0.000002  -0.000000 -0.000000 -0.000000
77  8.407182 -3.978446 0.003055  -1.570796 1.570795 0.000000
78  10.376194 -3.978458 0.003055  -1.570796 1.570796 0.000000
79  10.194015 -0.314077 -1.749548  -1.570796 1.570796 0.000000
80  20.857885 -4.015577 0.000003  0.000000 -0.000000 -0.000000
81  3.258433 5.856943 -3.403523  -0.000000 -0.000000 -0.000000
82  15.153048 5.860573 -3.403521  -0.000000 -0.000000 -0.000000
83  6.064256 77.294952 36.365791  1.570796 -0.000000 1.570796
84  -2.662412 1.445755 40.667957  -0.000000 3.141591 1.570796
85  8.352067 2.772897 0.000537  -3.141589 0.000002 0.000000
86  6.064256 72.973701 32.593250  1.570796 -0.000000 1.570796
87  0.004365 73.768417 -3.792007  0.000000 -0.000000 0.000000
88  -0.442609 1.284883 8.535290  0.000000 -0.000001 0.000000
89  0.000000 1.310218 -0.000000  0.000000 0.000000 0.000000
90  0.000000 0.582262 -0.000000  0.000000 0.000000 0.000000
91  0.036297 1.284875 7.928798  0.000000 -0.000001 0.000000
92  0.000000 1.310210 0.000000  0.000000 0.000000 0.000000
93  0.000001 0.582254 -0.000000  0.000000 0.000000 0.000000
94  5.969323 3.427448 -6.170649  -0.000000 -0.000001 -1.570797
95  -1.310212 0.000001 -0.000001  0.000000 -0.000000 -0.000000
96  -0.582256 0.000001 -0.000000  0.000000 -0.000000 -0.000000
97  5.969323 9.397394 -6.170660  -0.000000 -0.000001 -1.570796
98  -1.310215 -0.000001 -0.000001  0.000000 0.000000 -0.000000
99  -0.582259 -0.000002 -0.000000  0.000000 0.000000 -0.000000
100  5.969323 15.223762 -6.170669  0.000000 -0.000001 -1.570796
101  -1.310212 0.000001 0.000002  -0.000000 0.000000 -0.000000
102  -0.582257 0.000001 0.000000  -0.000000 0.000000 -0.000000
103  5.969324 20.835562 -6.170671  0.000000 -0.000001 -1.570796
104  -1.310205 -0.000000 0.000001  -0.000000 0.000000 -0.000000
105  -0.582249 -0.000000 0.000001  -0.000000 0.000000 -0.000000
106  5.969324 26.771200 -6.170674  0.000000 -0.000001 -1.570796
107  5.969323 32.597591 -6.170676  0.000000 -0.000001 -1.570796
108  5.969323 38.209393 -6.170683  0.000000 -0.000001 -1.570800
109  5.969323 49.488457 -6.170684  0.000000 -0.000001 -1.570800
110  -0.539090 -0.556812 -0.017363  -0.042462 2.681156 1.551919
111  -6.799124 -0.556810 0.818549  -0.272420 2.701993 1.452460
112  -4.615283 -0.556824 0.270328  -0.117230 2.684609 1.518878
113  -2.650969 -0.556816 0.063009  -0.042463 2.681158 1.551919
114  27.110336 1.284859 12.007547  -0.000000 -0.000000 -0.000000
115  28.133425 1.284852 12.007546  0.000001 -0.000000 -0.000000
116  12.812885 2.241785 12.007548  -0.000000 -0.000001 -0.000001
117  -9.955967 -0.319625 4.380214  -0.000001 -0.000000 -0.000001
118  -11.316473 -0.319627 4.380214  -0.000003 -0.000000 -0.000000
119  -12.667810 -0.319628 4.380215  -0.000003 -0.000000 0.000001
120  -14.022141 -0.319623 4.380215  0.000010 -0.000000 -0.000011
121  -15.373240 -0.319625 4.380214  0.000015 -0.000000 -0.000015
122  -16.724140 -0.319622 4.380214  -0.000009 -0.000000 0.000006
123  -18.074572 -0.319621 4.380214  -0.000006 -0.000000 0.000004
124  -19.423714 -0.319628 4.380214  0.000002 0.000000 -0.000004
125  -20.775270 -0.319619 4.380214  0.000003 0.000000 -0.000004
126  -22.126671 -0.319618 4.380215  0.000003 -0.000000 -0.000004
127  -23.478123 -0.319623 4.380215  0.000005 0.000000 -0.000006
128  -24.830620 -0.319619 4.380214  0.000036 0.000000 -0.000038
129  -26.182028 -0.319619 4.380215  -0.000011 -0.000000 0.000011
130  0.529179 -0.167125 0.629485  -0.101270 -0.000000 0.000000
131  -0.211444 -0.241682 0.155361  -0.145847 -0.000000 0.000000
132  0.529190 -0.280705 -0.110293  -0.145847 -0.000000 0.000000
133  -0.173927 -0.337334 -0.638497  -0.181751 -0.000000 0.000000
134  0.529190 -0.399256 -0.975394  -0.181751 -0.000000 0.000000
135  -0.211444 -0.464476 -1.431042  -0.192399 -0.000000 0.000000
136  0.529189 -0.515814 -1.694583  -0.192399 -0.000000 0.000000
137  -0.173928 -0.612158 -2.231911  -0.216703 -0.000000 0.000000
138  0.529188 -0.685806 -2.566440  -0.216703 -0.000000 0.000000
139  -0.211445 -0.769563 -3.027870  -0.237349 -0.000000 0.000000
140  0.529188 -0.832685 -3.288848  -0.237349 -0.000000 0.000000
141  -0.173937 -0.945291 -3.779564  -0.233859 0.000000 0.000000
142  0.529179 -1.024663 -4.112782  -0.233859 0.000000 0.000000
143  -0.211444 -1.132188 -4.577547  -0.262919 -0.000000 0.000000
144  0.529190 -1.201967 -4.836825  -0.262919 0.000000 0.000000
145  -0.000005 -2.810945 -10.636628  0.258454 0.000000 3.141592
146  -0.192455 -1.345783 -5.370046  -0.280373 0.000000 0.000000
147  0.533983 -1.413512 -5.605105  -0.276883 0.000000 0.000000
148  -0.206619 -1.795758 -6.909778  -0.287354 0.000000 0.000000
149  -0.205805 -1.564823 -6.138258  -0.290843 0.000000 0.000000
150  0.530460 -1.643682 -6.395215  -0.290844 0.000000 0.000000
151  0.535311 -1.790707 -7.204132  -0.287354 -0.000000 0.000000
152  -0.202703 -2.030489 -7.702830  -0.286180 -0.000000 0.000000
153  0.509547 -2.118896 -8.011622  -0.298398 -0.000000 0.000000
154  -0.202704 -2.255282 -8.465171  -0.283134 -0.000000 0.000000
155  0.509548 -2.352985 -8.771158  -0.295352 -0.000000 0.000000
156  -0.202704 -2.481602 -9.235470  -0.285437 -0.000000 0.000000
157  0.509547 -2.588688 -9.538637  -0.297654 -0.000000 0.000000
158  0.170122 -21.222092 -1.001141  -0.000001 -0.000001 0.000000
159  0.170123 -20.843864 -0.397183  -0.000001 -0.000001 0.000000
160  0.170122 -20.489746 -1.001141  -0.000001 -0.000001 0.000000
161  0.170123 -20.111067 -0.397184  -0.000001 -0.000001 0.000000
162  0.170123 -19.380089 -0.397186  -0.000001 -0.000001 0.000000
163  0.170122 -19.025108 -1.001146  -0.000001 -0.000001 0.000000
164  0.170123 -18.646662 -0.396447  -0.000001 -0.000001 0.000000
165  0.170124 -19.755762 -1.001143  -0.000001 -0.000001 0.000000
166  -0.015973 10.612517 2.686017  0.000001 0.000000 0.000000
167  0.059851 -50.160706 6.449380  1.570797 0.000000 -1.570797
168  0.064652 27.351292 72.195206  0.000000 -0.000000 -0.000001
169  6.064260 95.114014 31.645502  0.000000 -0.000001 1.570796
170  0.054185 102.845642 29.795362  -0.000000 0.000001 -1.570796
171  6.064257 69.096565 37.164314  1.570796 -0.000000 1.570796
172  1.974303 11.989233 4.589250  0.000000 0.000000 0.000000
173  -0.011481 23.944746 5.090361  0.000001 -0.000000 0.000000
174  -1.691251 8.833343 5.763507  0.000001 0.000000 0.000000
175  6.064260 89.329811 31.613914  0.000000 -0.000001 1.570796
176  0.059886 2.255335 54.398006  0.000000 0.000000 0.000000
177  0.003497 -22.270647 0.000146  1.570797 0.000000 -1.570797
178  0.104010 15.380372 2.266153  0.000001 0.000000 -0.000000
179  1.679037 0.402697 -4.288030  -0.110234 -0.103335 0.183822
180  -3.255359 24.458078 -23.114336  0.181523 0.048807 -1.277059
181  -2.662412 1.445758 33.628738  -0.000000 3.141591 1.570796
182  8.352067 2.772897 0.000542  -3.141589 0.000002 0.000000
183  -2.662412 1.445755 40.667957  -0.000000 3.141591 1.570796
184  8.352067 2.772897 0.000537  -3.141589 0.000002 0.000000
185  -1.431356 16.384781 4.137812  0.000001 0.000000 0.000000
186  -0.001845 0.521683 -0.140289  0.000000 0.000000 0.000000
187  7.323109 -5.136192 -5.166237  0.000000 0.000000 -0.610865
188  2.698279 -0.000002 0.000000  -0.000012 0.000000 0.000001
189  2.834159 -0.000001 0.000000  0.000013 0.000000 0.000000
190  2.648919 -0.000000 0.000001  -0.000001 -0.000001 0.000000
191  2.667499 -0.000000 0.000000  0.000000 0.000000 0.000000
192  2.426700 -0.000002 0.000000  -0.000000 0.000000 -0.000000
193  -0.494744 -44.353451 -1.302299  1.570797 0.000000 -1.570797
194  11.545937 73.768417 -3.792010  0.000000 0.000000 0.000000
195  -0.011102 -16.902813 1.952047  0.000001 0.000000 0.000000
196  -0.000000 0.000000 -1.529052  -0.000000 -0.000000 -0.000000
197  -0.078942 -0.000002 -0.000000  0.000000 0.000001 1.570796
198  0.097092 -0.000002 -0.000000  -0.000000 -3.141592 1.570796
199  0.000000 0.000000 0.000000  0.000000 -0.000000 -0.000000
200  0.190359 1.100570 -1.875914  -0.098368 -0.017762 -0.096028
201  2.469026 0.354663 -3.467131  -0.249862 -0.190621 -0.035690
time 5
0  0 0 0  0 0 0
1  0.000000 0.000000 0.000000  0.000000 -0.000000 -0.000000
2  -0.000005 0.000023 -61.375507  0.000000 0.000000 -1.570795
3  -0.012872 0.000000 8.235020  -1.570799 -1.570796 0.000000
4  16.163128 -0.012870 -0.000002  -0.000000 -0.000000 0.000000
5  16.163143 -0.000009 3.830524  -3.089336 -1.570794 0.000000
6  -0.000031 -0.000001 -0.000000  0.119856 -0.034167 0.162154
7  -0.000000 -0.000006 0.000001  0.000000 0.000000 -0.124841
8  -0.000001 0.000001 -0.000002  0.050971 -0.000000 -0.000000
9  0.000001 0.000001 -0.000002  0.101915 -0.000000 -0.000000
10  -0.000002 0.000000 -0.000002  0.152863 -0.000000 -0.000000
11  -0.000001 0.000001 -0.000000  0.203850 0.000000 -0.000000
12  -0.000002 0.000000 -0.000002  0.254847 -0.000000 -0.000000
13  -0.000001 -0.000001 -0.000004  0.305826 -0.000000 -0.000000
14  -0.000004 -0.000001 -0.000002  0.356758 -0.000000 -0.000000
15  -0.000004 0.000002 0.000001  0.391541 0.027836 -0.251957
16  -0.000006 -0.000000 0.000002  0.087090 0.049776 -0.027472
17  -0.000002 -0.000001 0.000004  0.015328 0.019301 -0.252996
18  -0.000001 0.000001 0.000003  0.007426 0.002189 -0.079484
19  0.000001 0.000003 -0.000000  0.416523 0.467587 -0.369246
20  0.000001 -0.000000 -0.000002  0.000000 -0.000000 -0.976750
21  0.000001 0.000000 -0.000002  0.000000 -0.000000 1.216119
22  -0.000004 0.000001 -0.000002  0.156515 0.542375 0.197115
23  0.000000 -0.000002 0.000001  -0.000000 0.000000 -0.894004
24  -0.000000 -0.000002 -0.000001  -0.000000 -0.000000 -0.216125
25  0.000002 0.000002 -0.000002  0.285064 0.480099 -0.032030
26  -0.000001 0.000001 0.000003  -0.000000 0.000000 -1.329289
27  0.000001 -0.000001 -0.000000  -0.000000 -0.000000 1.103662
28  0.000001 0.000001 0.000003  0.129165 0.582613 0.027349
29  0.000001 0.000001 0.000001  0.000000 -0.000000 0.174482
30  0.000001 -0.000001 -0.000000  0.000000 0.000000 -0.851507
31  16.163136 0.000012 -3.830531  -3.098550 1.570794 0.000000
32  -0.000018 -0.000001 0.000001  -0.077184 0.016835 0.078169
33  0.000002 0.000001 0.000004  0.000000 -0.000000 -0.112734
34  0.000000 0.000000 0.000002  -0.019654 0.000000 -0.000000
35  -0.000002 -0.000002 0.000001  -0.039310 0.000000 0.000000
36  -0.000003 -0.000001 0.000001  -0.058970 0.000000 0.000000
37  0.000001 -0.000000 -0.000000  -0.078636 -0.000000 0.000000
38  -0.000006 0.000000 0.000001  -0.098309 -0.000000 -0.000000
39  -0.000003 -0.000000 0.000001  -0.117992 -0.000000 -0.000000
40  -0.000002 -0.000001 0.000003  -0.137686 0.000000 0.000000
41  -0.000010 -0.000004 0.000001  -0.174398 0.188294 0.081749
42  1.410069 0.800525 2.089139  -2.009768 -0.630254 0.591907
43  3.954720 0.000010 0.000004  -0.000000 -0.000002 0.166319
44  3.101556 -0.000006 0.000005  -0.000001 -0.000000 0.240238
45  7.183347 -0.532110 3.267605  -0.123210 -0.020355 -0.052486
46  3.511603 -0.000001 0.000002  0.000003 0.000001 0.099571
47  2.199403 0.000005 -0.000002  -0.000001 -0.000001 0.029267
48  7.145094 -0.676362 1.382424  -0.086920 0.009133 -0.085505
49  3.672219 -0.000003 0.000003  0.000001 -0.000000 0.142941
50  2.676518 -0.000004 0.000004  -0.000001 -0.000001 -0.026075
51  6.831176 -0.870879 -0.599926  -0.130311 0.006346 -0.065012
52  3.657081 -0.000002 0.000000  -0.000000 0.000001 0.057734
53  2.496795 0.000001 0.000000  0.000000 -0.000001 -0.091108
54  6.164467 -0.898157 -2.575023  -0.090704 0.013515 -0.151468
55  2.805848 -0.000003 0.000002  -0.000002 -0.000001 0.079091
56  2.307436 0.000001 -0.000003  0.000002 0.000001 -0.056419
57  0.000000 0.000000 -0.000000  -0.005855 -0.005559 -0.001632
58  -1.077306 0.030190 -1.859077  -0.137075 -0.019662 -0.141452
59  0.071251 114.357040 62.238800  -0.000000 -0.000000 0.000000
60  1.986522 0.000026 -3.123736  -2.705260 -0.000000 -1.570797
61  -1.986693 0.000023 -3.123743  0.436333 0.000001 1.570797
62  -0.000000 0.000010 -0.000002  0.000000 0.000000 0.000000
63  -1.986692 0.000016 -3.123730  0.436333 0.000001 1.570797
64  -11.344161 1.135886 0.869282  0.000002 -0.025019 -0.026324
65  1.986524 0.000021 -3.123727  -2.705260 -0.000000 -1.570797
66  -11.350052 -0.729424 0.864884  0.000197 -0.025367 0.026442
67  1.754238 4.036760 -1.682662  0.392575 -0.010120 -1.546362
68  -1.755139 4.036763 -1.682661  -0.392577 -0.010391 -1.594986
69  -0.164556 7.327705 3.928703  -0.000000 0.000001 -1.570796
70  0.079082 36.742695 -0.508022  0.000001 -0.000000 0.000000
71  -1.260174 8.777411 6.736406  -0.000002 -0.424416 -3.141592
72  1.525193 18.283600 2.968622  0.000000 0.000000 0.000000
73  0.060217 10.324387 74.469055  0.000008 0.000000 0.000000
74  0.062805 75.918015 83.075455  1.570797 -0.000000 -1.570796
75  4.804179 -3.971743 0.000000  -0.000000 0.000000 -0.000000
76  -7.041570 -5.025996 0.000001  -0.000000 -0.000000 -0.000000
77  8.407178 -3.978437 0.003053  -1.570796 1.570795 0.000000
78  10.376182 -3.978449 0.003055  -1.570796 1.570796 0.000000
79  10.194015 -0.314059 -1.749550  -1.570796 1.570796 0.000000
80  20.857882 -4.015564 0.000001  0.000000 -0.000000 -0.000000
81  3.258438 5.856954 -3.403525  -0.000000 -0.000000 -0.000000
82  15.153042 5.860578 -3.403522  -0.000000 -0.000000 -0.000000
83  6.064253 77.294960 36.365799  1.570796 0.000000 1.570796
84  -2.662412 1.445754 40.667961  -0.000000 3.141591 1.570796
85  8.352066 2.772896 0.000537  -3.141589 0.000002 -0.000000
86  6.064255 72.973701 32.593250  1.570796 0.000000 1.570796
87  0.004365 73.768417 -3.792008  0.000000 0.000000 0.000000
88  -0.442610 1.284877 8.535290  -0.000000 -0.000001 0.000000
89  0.000001 1.310225 -0.000000  0.000000 0.000000 0.000000
90  0.000000 0.582271 0.000000  0.000000 0.000000 0.000000
91  0.036297 1.284873 7.928798  -0.000000 -0.000001 0.000000
92  0.000001 1.310215 0.000001  0.000000 0.000000 0.000000
93  -0.000000 0.582260 0.000001  0.000000 0.000000 0.000000
94  5.969323 3.427458 -6.170650  -0.000000 -0.000001 -1.570797
95  -1.310215 0.000003 0.000000  0.000000 -0.000000 -0.000000
96  -0.582260 -0.000000 0.000001  0.000000 -0.000000 -0.000000
97  5.969320 9.397399 -6.170659  -0.000000 -0.000001 -1.570796
98  -1.310220 0.000001 -0.000000  0.000000 0.000000 -0.000000
99  -0.582273 0.000000 0.000001  0.000000 0.000000 -0.000000
100  5.969322 15.223767 -6.170670  -0.000000 -0.000001 -1.570796
101  -1.310211 0.000001 0.000003  -0.000000 0.000000 -0.000000
102  -0.582257 0.000001 0.000002  -0.000000 0.000000 -0.000000
103  5.969324 20.835577 -6.170671  -0.000000 -0.000001 -1.570796
104  -1.310212 0.000004 -0.000000  -0.000000 0.000000 -0.000000
105  -0.582265 0.000002 0.000001  -0.000000 0.000000 -0.000000
106  5.969323 26.771208 -6.170671  -0.000000 -0.000001 -1.570796
107  5.969322 32.597599 -6.170676  -0.000000 -0.000001 -1.570796
108  5.969324 38.209393 -6.170685  -0.000000 -0.000001 -1.570800
109  5.969323 49.488461 -6.170684  -0.000000 -0.000001 -1.570800
110  -0.539090 -0.556815 -0.017364  -0.042462 2.681156 1.551919
111  -6.799124 -0.556815 0.818549  -0.272420 2.701993 1.452460
112  -4.615283 -0.556825 0.270329  -0.117230 2.684609 1.518878
113  -2.650969 -0.556813 0.063011  -0.042463 2.681158 1.551919
114  27.110334 1.284847 12.007548  -0.000000 -0.000000 -0.000000
115  28.133425 1.284855 12.007548  0.000001 -0.000000 -0.000000
116  12.812885 2.241780 12.007549  -0.000000 -0.000001 -0.000001
117  -9.955967 -0.319632 4.380213  -0.000001 -0.000000 -0.000001
118  -11.316473 -0.319627 4.380215  -0.000003 -0.000000 0.000000
119  -12.667811 -0.319630 4.380215  -0.000003 -0.000000 0.000001
120  -14.022141 -0.319626 4.380214  0.000010 -0.000000 -0.000011
121  -15.373240 -0.319626 4.380214  0.000015 -0.000000 -0.000015
122  -16.724144 -0.319629 4.380216  -0.000009 -0.000000 0.000006
123  -18.074572 -0.319628 4.380214  -0.000006 0.000000 0.000004
124  -19.423716 -0.319633 4.380214  0.000002 0.000000 -0.000004
125  -20.775270 -0.319627 4.380214  0.000003 0.000000 -0.000004
126  -22.126671 -0.319623 4.380215  0.000003 0.000000 -0.000004
127  -23.478125 -0.319626 4.380215  0.000005 -0.000000 -0.000006
128  -24.830620 -0.319629 4.380214  0.000036 0.000000 -0.000038
129  -26.182028 -0.319625 4.380214  -0.000011 -0.000000 0.000011
130  0.529180 -0.167138 0.629484  -0.101270 -0.000000 0.000000
131  -0.211444 -0.241688 0.155362  -0.145847 -0.000000 0.000000
132  0.529189 -0.280706 -0.110292  -0.145847 -0.000000 0.000000
133  -0.173926 -0.337327 -0.638496  -0.181751 -0.000000 0.000000
134  0.529189 -0.399246 -0.975394  -0.181751 -0.000000 0.000000
135  -0.211444 -0.464483 -1.431043  -0.192399 -0.000000 0.000000
136  0.529188 -0.515809 -1.694582  -0.192399 -0.000000 0.000000
137  -0.173927 -0.612163 -2.231911  -0.216703 -0.000000 0.000000
138  0.529188 -0.685815 -2.566439  -0.216703 -0.000000 0.000000
139  -0.211445 -0.769568 -3.027871  -0.237349 -0.000000 0.000000
140  0.529188 -0.832694 -3.288849  -0.237349 -0.000000 0.000000
141  -0.173938 -0.945282 -3.779562  -0.233859 0.000000 0.000000
142  0.529180 -1.024659 -4.112780  -0.233859 0.000000 0.000000
143  -0.211445 -1.132185 -4.577546  -0.262919 -0.000000 0.000000
144  0.529191 -1.201972 -4.836827  -0.262919 0.000000 0.000000
145  -0.000006 -2.810947 -10.636631  0.258454 0.000000 3.141592
146  -0.192455 -1.345785 -5.370047  -0.280373 0.000000 0.000000
147  0.533982 -1.413513 -5.605105  -0.276883 0.000000 0.000000
148  -0.206617 -1.795769 -6.909779  -0.287354 0.000000 0.000000
149  -0.205805 -1.564826 -6.138258  -0.290843 0.000000 0.000000
150  0.530460 -1.643682 -6.395214  -0.290844 0.000000 0.000000
151  0.535311 -1.790710 -7.204133  -0.287354 -0.000000 0.000000
152  -0.202704 -2.030488 -7.702829  -0.286180 -0.000000 0.000000
153  0.509547 -2.118905 -8.011625  -0.298398 -0.000000 0.000000
154  -0.202704 -2.255287 -8.465172  -0.283134 -0.000000 0.000000
155  0.509548 -2.352991 -8.771160  -0.295352 -0.000000 0.000000
156  -0.202704 -2.481594 -9.235472  -0.285437 -0.000000 0.000000
157  0.509546 -2.588681 -9.538639  -0.297654 -0.000000 0.000000
158  0.170122 -21.222095 -1.001140  -0.000001 -0.000001 0.000000
159  0.170122 -20.843876 -0.397184  -0.000001 -0.000001 0.000000
160  0.170122 -20.489752 -1.001142  -0.000001 -0.000001 0.000000
161  0.170123 -20.111078 -0.397184  -0.000001 -0.000001 0.000000
162  0.170122 -19.380098 -0.397186  -0.000001 -0.000001 0.000000
163  0.170122 -19.025114 -1.001146  -0.000001 -0.000001 0.000000
164  0.170122 -18.646664 -0.396448  -0.000001 -0.000001 0.000000
165  0.170124 -19.755768 -1.001141  -0.000001 -0.000001 0.000000
166  -0.015973 10.612518 2.686017  0.000001 0.000000 0.000000
167  0.059852 -50.160706 6.449381  1.570797 -0.000000 -1.570797
168  0.064653 27.351290 72.195213  -0.000000 -0.000000 -0.000001
169  6.064258 95.114021 31.645504  0.000000 -0.000001 1.570796
170  0.054185 102.845650 29.795362  -0.000000 0.000001 -1.570796
171  6.064255 69.096573 37.164322  1.570796 0.000000 1.570796
172  1.974303 11.989235 4.589250  0.000000 0.000000 0.000000
173  -0.011481 23.944748 5.090361  0.000001 0.000000 0.000000
174  -1.691251 8.833342 5.763507  0.000001 0.000000 0.000000
175  6.064259 89.329819 31.613918  0.000000 -0.000001 1.570796
176  0.059886 2.255334 54.398014  -0.000000 0.000000 0.000000
177  0.003497 -22.270649 0.000145  1.570797 -0.000000 -1.570797
178  0.104010 15.380372 2.266153  0.000001 -0.000000 0.000000
179  1.942219 1.993284 -6.367543  -0.094826 -0.126380 0.256344
180  -3.255360 24.458080 -23.114336  0.181523 0.048807 -1.277059
181  -2.662412 1.445758 33.628742  -0.000000 3.141591 1.570796
182  8.352066 2.772897 0.000539  -3.141589 0.000002 -0.000000
183  -2.662412 1.445754 40.667961  -0.000000 3.141591 1.570796
184  8.352066 2.772896 0.000537  -3.141589 0.000002 -0.000000
185  -1.431356 16.384781 4.137811  0.000001 0.000000 0.000000
186  -0.001844 0.521683 -0.140290  0.000000 0.000000 0.000000
187  7.323110 -5.136192 -5.166237  0.000000 0.000000 -0.610865
188  2.698279 -0.000001 0.000001  -0.000012 0.000000 0.000000
189  2.834160 -0.000003 -0.000000  0.000013 0.000000 0.000000
190  2.648920 -0.000000 0.000001  -0.000001 -0.000001 0.000000
191  2.667498 -0.000003 -0.000000  -0.000000 0.000000 -0.000000
192  2.426703 -0.000002 0.000000  -0.000000 0.000000 -0.000000
193  -0.494744 -44.353447 -1.302299  1.570797 -0.000000 -1.570797
194  11.545937 73.768425 -3.792010  0.000000 0.000000 0.000000
195  -0.011102 -16.902815 1.952047  0.000001 0.000000 0.000000
196  0.000000 -0.000002 -1.529052  -0.000000 0.000000 -0.000000
197  -0.078942 -0.000001 0.000000  0.000000 0.000001 1.570796
198  0.097092 -0.000002 -0.000000  -0.000000 -3.141592 1.570796
199  0.000000 0.000000 0.000000  0.000000 -0.000000 -0.000000
200  -0.034083 1.630225 -2.982527  -0.137075 -0.019662 -0.141452
201  3.117712 1.472006 -5.010743  -0.294994 -0.252046 -0.024058
time 6
0  0 0 0  0 0 0
1  0.000000 0.000000 0.000000  0.000000 -0.000000 -0.000000
2  -0.000005 0.000023 -61.375507  0.000000 0.000000 -1.570795
3  -0.012872 0.000000 8.235020  -1.570799 -1.570796 0.000000
4  16.163128 -0.012870 -0.000002  -0.000000 -0.000000 0.000000
5  16.163143 -0.000009 3.830524  -3.089336 -1.570794 0.000000
6  -0.000031 -0.000001 -0.000000  0.161977 -0.053471 0.214054
7  0.000002 -0.000006 -0.000003  0.000000 0.000000 -0.189621
8  0.000000 0.000001 0.000001  0.062146 -0.000000 -0.000000
9  0.000002 0.000002 0.000003  0.124290 -0.000000 -0.000000
10  -0.000001 0.000001 0.000003  0.186433 -0.000000 -0.000000
11  0.000000 0.000000 0.000001  0.248633 0.000000 -0.000000
12  -0.000003 0.000001 0.000001  0.310768 -0.000000 -0.000000
13  -0.000003 -0.000000 0.000002  0.372958 -0.000000 -0.000000
14  -0.000002 -0.000001 0.000002  0.435077 -0.000000 -0.000000
15  0.000000 0.000002 0.000005  0.479844 0.044639 -0.258520
16  -0.000005 0.000001 0.000004  0.087331 0.049965 -0.027519
17  -0.000002 -0.000001 0.000002  0.015321 0.019307 -0.253734
18  -0.000004 -0.000001 0.000002  0.007426 0.002190 -0.079728
19  0.000000 0.000004 0.000002  0.417543 0.469064 -0.370044
20  -0.000001 0.000001 -0.000002  0.000000 0.000000 -0.979447
21  -0.000001 -0.000000 -0.000001  0.000000 0.000000 1.219468
22  -0.000004 0.000001 0.000000  0.157168 0.543820 0.197901
23  -0.000001 -0.000001 0.000001  -0.000000 0.000000 -0.896442
24  -0.000002 -0.000001 0.000001  0.000000 0.000000 -0.216678
25  0.000002 0.000002 0.000000  0.285950 0.481393 -0.031888
26  -0.000002 0.000002 0.000001  -0.000000 0.000000 -1.332936
27  0.000002 -0.000000 -0.000001  -0.000000 -0.000000 1.106673
28  0.000001 -0.000000 0.000002  0.129610 0.584198 0.027593
29  -0.000000 0.000001 0.000001  0.000000 -0.000000 0.174972
30  0.000001 -0.000002 0.000001  0.000000 -0.000000 -0.853853
31  16.163136 0.000012 -3.830531  -3.098550 1.570794 0.000000
32  -0.000018 -0.000001 0.000001  -0.110090 0.025117 0.120042
33  0.000002 0.000000 0.000001  0.000000 -0.000000 -0.145335
34  0.000001 0.000000 -0.000002  -0.028078 0.000000 -0.000000
35  -0.000002 -0.000002 -0.000002  -0.056161 0.000000 0.000000
36  -0.000003 -0.000001 0.000000  -0.084195 0.000000 0.000000
37  -0.000003 -0.000000 -0.000002  -0.112306 -0.000000 -0.000000
38  -0.000006 0.000000 -0.000002  -0.140378 -0.000000 -0.000000
39  -0.000004 -0.000000 -0.000002  -0.168478 -0.000000 -0.000000
40  -0.000002 -0.000002 -0.000002  -0.196550 0.000000 0.000000
41  -0.000007 -0.000004 -0.000004  -0.241689 0.240987 0.083922
42  1.410069 0.800525 2.089141  -2.009768 -0.630254 0.591907
43  3.954721 0.000013 0.000005  -0.000000 -0.000002 0.166319
44  3.101560 -0.000006 0.000003  -0.000001 -0.000000 0.240238
45  7.183347 -0.532109 3.267604  -0.123210 -0.020355 -0.052486
46  3.511603 -0.000001 0.000001  0.000003 0.000001 0.099571
47  2.199404 0.000005 -0.000002  -0.000001 -0.000001 0.029267
48  7.145095 -0.676362 1.382421  -0.086920 0.009133 -0.085505
49  3.672218 -0.000003 0.000002  0.000001 -0.000000 0.142941
50  2.676518 -0.000003 -0.000001  -0.000001 -0.000001 -0.026075
51  6.831177 -0.870879 -0.599925  -0.130311 0.006346 -0.065012
52  3.657080 -0.000003 -0.000001  -0.000000 0.000001 0.057734
53  2.496795 -0.000001 0.000004  0.000000 -0.000001 -0.091108
54  6.164467 -0.898158 -2.575023  -0.090704 0.013515 -0.151468
55  2.805847 -0.000004 0.000003  -0.000002 -0.000001 0.079091
56  2.307435 0.000000 -0.000001  0.000002 0.000001 -0.056419
57  0.000000 0.000000 -0.000000  -0.006342 -0.006537 -0.001749
58  -1.924644 0.047119 -3.109423  -0.173568 -0.016683 -0.191172
59  0.071249 114.357048 62.238792  -0.000000 -0.000000 -0.000000
60  1.986525 0.000014 -3.123735  -2.705260 -0.000000 -1.570797
61  -1.986690 0.000010 -3.123744  0.436333 0.000001 1.570797
62  0.000002 -0.000002 -0.000005  0.000000 0.000000 -0.000000
63  -1.986689 0.000008 -3.123738  0.436333 0.000001 1.570797
64  -11.344168 1.135882 0.869281  0.000002 -0.025019 -0.026324
65  1.986525 0.000013 -3.123727  -2.705260 -0.000000 -1.570797
66  -11.350042 -0.729422 0.864886  0.000197 -0.025367 0.026442
67  1.754240 4.036754 -1.682663  0.392575 -0.010120 -1.546362
68  -1.755139 4.036757 -1.682667  -0.392577 -0.010391 -1.594986
69  -0.164556 7.327704 3.928703  -0.000000 0.000001 -1.570796
70  0.079082 36.742691 -0.508022  0.000001 -0.000000 -0.000000
71  -1.260173 8.777411 6.736406  -0.000002 -0.424416 -3.141592
72  1.525193 18.283598 2.968622  0.000000 0.000000 -0.000000
73  0.060217 10.324389 74.469070  0.000008 0.000000 -0.000000
74  0.062811 75.917999 83.075447  1.570797 -0.000000 -1.570796
75  4.804191 -3.971748 0.000001  -0.000000 0.000000 -0.000000
76  -7.041565 -5.025991 0.000002  -0.000000 -0.000000 -0.000000
77  8.407187 -3.978440 0.003055  -1.570796 1.570795 0.000000
78  10.376188 -3.978446 0.003056  -1.570796 1.570796 0.000000
79  10.194020 -0.314061 -1.749547  -1.570796 1.570796 0.000000
80  20.857885 -4.015563 0.000003  0.000000 -0.000000 0.000000
81  3.258446 5.856954 -3.403524  -0.000000 -0.000000 -0.000000
82  15.153060 5.860582 -3.403521  0.000000 -0.000000 0.000000
83  6.064257 77.294952 36.365791  1.570796 -0.000000 1.570796
84  -2.662412 1.445753 40.667961  -0.000000 3.141591 1.570796
85  8.352065 2.772897 0.000544  -3.141589 0.000002 -0.000000
86  6.064259 72.973686 32.593250  1.570796 -0.000000 1.570796
87  0.004366 73.768417 -3.792008  0.000000 -0.000000 0.000000
88  -0.442609 1.284888 8.535289  -0.000000 -0.000001 0.000000
89  0.000002 1.310206 -0.000000  0.000000 0.000000 0.000000
90  0.000001 0.582258 -0.000001  0.000000 0.000000 0.000000
91  0.036298 1.284881 7.928796  -0.000000 -0.000001 0.000000
92  0.000001 1.310216 0.000001  0.000000 0.000000 0.000000
93  0.000000 0.582267 0.000000  0.000000 0.000000 0.000000
94  5.969326 3.427464 -6.170651  -0.000000 -0.000001 -1.570797
95  -1.310202 -0.000000 0.000001  0.000000 -0.000000 -0.000000
96  -0.582253 0.000001 0.000002  0.000000 -0.000000 -0.000000
97  5.969322 9.397411 -6.170661  -0.000000 -0.000001 -1.570796
98  -1.310213 -0.000000 0.000001  0.000000 0.000000 -0.000000
99  -0.582256 -0.000001 -0.000000  0.000000 0.000000 -0.000000
100  5.969321 15.223777 -6.170670  0.000000 -0.000001 -1.570796
101  -1.310216 0.000002 0.000000  -0.000000 0.000000 -0.000000
102  -0.582268 0.000001 -0.000001  -0.000000 0.000000 -0.000000
103  5.969321 20.835577 -6.170671  0.000000 -0.000001 -1.570796
104  -1.310207 0.000003 0.000002  -0.000000 0.000000 -0.000000
105  -0.582258 0.000004 0.000003  -0.000000 0.000000 -0.000000
106  5.969320 26.771225 -6.170673  0.000000 -0.000001 -1.570796
107  5.969322 32.597607 -6.170674  0.000000 -0.000001 -1.570796
108  5.969325 38.209400 -6.170688  0.000000 -0.000001 -1.570800
109  5.969323 49.488464 -6.170683  0.000000 -0.000001 -1.570800
110  -0.539090 -0.556803 -0.017365  -0.042462 2.681156 1.551919
111  -6.799123 -0.556802 0.818550  -0.272420 2.701993 1.452460
112  -4.615281 -0.556818 0.270326  -0.117230 2.684609 1.518878
113  -2.650970 -0.556805 0.063009  -0.042463 2.681158 1.551919
114  27.110336 1.284861 12.007546  -0.000000 -0.000000 -0.000000
115  28.133427 1.284864 12.007547  0.000001 -0.000000 -0.000000
116  12.812886 2.241796 12.007548  -0.000000 -0.000001 -0.000001
117  -9.955968 -0.319613 4.380214  -0.000001 -0.000000 -0.000001
118  -11.316475 -0.319614 4.380215  -0.000003 -0.000000 0.000000
119  -12.667812 -0.319617 4.380214  -0.000003 -0.000000 0.000001
120  -14.022141 -0.319613 4.380214  0.000010 -0.000000 -0.000011
121  -15.373240 -0.319618 4.380212  0.000015 -0.000000 -0.000015
122  -16.724144 -0.319609 4.380214  -0.000009 -0.000000 0.000006
123  -18.074574 -0.319606 4.380215  -0.000006 0.000000 0.000004
124  -19.423716 -0.319611 4.380213  0.000002 0.000000 -0.000004
125  -20.775272 -0.319608 4.380213  0.000003 0.000000 -0.000004
126  -22.126673 -0.319607 4.380215  0.000003 -0.000000 -0.000004
127  -23.478125 -0.319609 4.380214  0.000005 -0.000000 -0.000006
128  -24.830622 -0.319611 4.380215  0.000036 0.000000 -0.000038
129  -26.182030 -0.319612 4.380213  -0.000011 -0.000000 0.000011
130  0.529179 -0.167123 0.629483  -0.101270 -0.000000 0.000000
131  -0.211443 -0.241681 0.155359  -0.145847 -0.000000 0.000000
132  0.529188 -0.280686 -0.110293  -0.145847 -0.000000 0.000000
133  -0.173927 -0.337319 -0.638496  -0.181751 -0.000000 0.000000
134  0.529190 -0.399246 -0.975395  -0.181751 -0.000000 0.000000
135  -0.211445 -0.464465 -1.431042  -0.192399 -0.000000 0.000000
136  0.529189 -0.515803 -1.694586  -0.192400 -0.000000 0.000000
137  -0.173928 -0.612144 -2.231913  -0.216703 -0.000000 0.000000
138  0.529187 -0.685798 -2.566439  -0.216703 -0.000000 0.000000
139  -0.211445 -0.769560 -3.027874  -0.237349 -0.000000 0.000000
140  0.529186 -0.832679 -3.288846  -0.237349 -0.000000 0.000000
141  -0.173940 -0.945271 -3.779565  -0.233859 0.000000 0.000000
142  0.529179 -1.024649 -4.112782  -0.233859 0.000000 0.000000
143  -0.211443 -1.132185 -4.577548  -0.262919 -0.000000 0.000000
144  0.529189 -1.201953 -4.836826  -0.262919 0.000000 0.000000
145  -0.000006 -2.810936 -10.636631  0.258454 0.000000 3.141592
146  -0.192456 -1.345771 -5.370045  -0.280373 0.000000 0.000000
147  0.533982 -1.413499 -5.605107  -0.276883 0.000000 0.000000
148  -0.206619 -1.795752 -6.909780  -0.287354 0.000000 0.000000
149  -0.205805 -1.564816 -6.138256  -0.290843 0.000000 0.000000
150  0.530459 -1.643665 -6.395216  -0.290844 0.000000 0.000000
151  0.535310 -1.790700 -7.204133  -0.287354 -0.000000 0.000000
152  -0.202705 -2.030473 -7.702829  -0.286180 -0.000000 0.000000
153  0.509548 -2.118886 -8.011627  -0.298398 -0.000000 0.000000
154  -0.202704 -2.255276 -8.465175  -0.283134 -0.000000 0.000000
155  0.509548 -2.352973 -8.771161  -0.295352 -0.000000 0.000000
156  -0.202704 -2.481592 -9.235472  -0.285437 -0.000000 0.000000
157  0.509545 -2.588670 -9.538639  -0.297654 -0.000000 0.000000
158  0.170121 -21.222080 -1.001140  -0.000001 -0.000001 0.000000
159  0.170121 -20.843859 -0.397184  -0.000001 -0.000001 0.000000
160  0.170121 -20.489735 -1.001143  -0.000001 -0.000001 0.000000
161  0.170123 -20.111057 -0.397182  -0.000001 -0.000001 0.000000
162  0.170121 -19.380079 -0.397187  -0.000001 -0.000001 0.000000
163  0.170124 -19.025108 -1.001147  -0.000001 -0.000001 0.000000
164  0.170122 -18.646654 -0.396448  -0.000001 -0.000001 0.000000
165  0.170122 -19.755749 -1.001142  -0.000001 -0.000001 0.000000
166  -0.015973 10.612518 2.686017  0.000001 0.000000 -0.000000
167  0.059850 -50.160706 6.449379  1.570797 -0.000000 -1.570797
168  0.064654 27.351288 72.195206  -0.000000 -0.000000 -0.000001
169  6.064264 95.114014 31.645500  0.000000 -0.000001 1.570796
170  0.054186 102.845650 29.795364  -0.000000 0.000001 -1.570796
171  6.064258 69.096558 37.164322  1.570796 -0.000000 1.570796
172  1.974303 11.989234 4.589250  0.000000 0.000000 -0.000000
173  -0.011480 23.944748 5.090362  0.000001 -0.000000 0.000000
174  -1.691251 8.833343 5.763507  0.000001 0.000000 -0.000000
175  6.064263 89.329803 31.613918  0.000000 -0.000001 1.570796
176  0.059886 2.255334 54.398014  -0.000000 0.000000 -0.000000
177  0.003496 -22.270645 0.000148  1.570797 -0.000000 -1.570797
178  0.104010 15.380371 2.266153  0.000001 -0.000000 -0.000000
179  2.390389 4.193156 -8.096805  -0.075426 -0.153307 0.333159
180  -3.255359 24.458080 -23.114336  0.181523 0.048807 -1.277059
181  -2.662412 1.445758 33.628742  -0.000000 3.141591 1.570796
182  8.352065 2.772897 0.000539  -3.141589 0.000002 -0.000000
183  -2.662412 1.445753 40.667961  -0.000000 3.141591 1.570796
184  8.352065 2.772897 0.000544  -3.141589 0.000002 -0.000000
185  -1.431355 16.384777 4.137811  0.000001 -0.000000 0.000000
186  -0.001844 0.521683 -0.140289  0.000000 0.000000 -0.000000
187  7.323110 -5.136192 -5.166237  -0.000000 0.000000 -0.610865
188  2.698279 -0.000001 -0.000001  -0.000012 0.000000 0.000000
189  2.834159 -0.000002 0.000001  0.000013 0.000000 0.000000
190  2.648918 -0.000001 0.000000  -0.000001 -0.000001 0.000000
191  2.667498 -0.000001 -0.000000  0.000000 0.000000 0.000000
192  2.426700 -0.000003 0.000000  0.000000 0.000000 -0.000000
193  -0.494744 -44.353447 -1.302299  1.570797 -0.000000 -1.570797
194  11.545941 73.768417 -3.792010  0.000000 0.000000 -0.000000
195  -0.011103 -16.902813 1.952047  0.000001 0.000000 -0.000000
196  0.000000 0.000000 -1.529052  -0.000000 0.000000 -0.000000
197  -0.078942 0.000001 -0.000000  0.000000 0.000001 1.570796
198  0.097092 0.000001 -0.000000  -0.000000 -3.141592 1.570796
199  0.000000 0.000000 0.000000  0.000000 -0.000000 -0.000000
200  -0.535937 2.229117 -4.371876  -0.173568 -0.016683 -0.191172
201  3.760903 2.588903 -6.546835  -0.337306 -0.309930 -0.007965
time 7
0  0 0 0  0 0 0
1  0.000000 0.000000 0.000000  0.000000 -0.000000 -0.000000
2  -0.000005 0.000023 -61.375507  0.000000 0.000000 -1.570795
3  -0.012872 0.000000 8.235020  -1.570799 -1.570796 0.000000
4  16.163128 -0.012870 -0.000002  -0.000000 -0.000000 0.000000
5  16.163143 -0.000009 3.830524  -3.089336 -1.570794 0.000000
6  -0.000031 -0.000001 -0.000000  0.204754 -0.075551 0.263354
7  0.000001 -0.000007 -0.000002  0.000000 0.000000 -0.247465
8  0.000000 0.000001 0.000000  0.073261 -0.000000 -0.000000
9  0.000002 0.000000 -0.000002  0.146559 -0.000000 -0.000000
10  -0.000002 -0.000000 -0.000001  0.219809 -0.000000 -0.000000
11  -0.000002 0.000000 0.000001  0.293110 0.000000 -0.000000
12  -0.000003 -0.000000 -0.000001  0.366376 -0.000000 -0.000000
13  -0.000003 -0.000002 -0.000003  0.439642 -0.000000 -0.000000
14  -0.000002 -0.000001 -0.000001  0.512945 -0.000000 -0.000000
15  -0.000002 0.000001 0.000002  0.567479 0.061843 -0.263203
16  -0.000006 0.000000 0.000003  0.087390 0.049969 -0.027579
17  -0.000003 -0.000000 0.000003  0.015372 0.019377 -0.253918
18  -0.000003 0.000001 0.000004  0.007426 0.002190 -0.079789
19  0.000000 0.000002 -0.000000  0.417829 0.469459 -0.370315
20  -0.000004 0.000004 -0.000000  0.000000 -0.000000 -0.980208
21  0.000001 -0.000001 -0.000001  0.000000 0.000000 1.220510
22  -0.000005 -0.000001 -0.000002  0.157347 0.544243 0.198125
23  -0.000002 0.000002 0.000001  -0.000000 0.000000 -0.897187
24  0.000002 -0.000001 -0.000000  0.000000 -0.000000 -0.216862
25  0.000002 0.000002 -0.000000  0.286161 0.481841 -0.031837
26  -0.000001 -0.000001 0.000000  -0.000000 0.000000 -1.334023
27  -0.000001 -0.000001 -0.000000  -0.000000 -0.000000 1.107606
28  -0.000000 0.000001 0.000003  0.129781 0.584704 0.027679
29  -0.000000 -0.000000 0.000001  -0.000000 -0.000000 0.175095
30  -0.000001 -0.000002 -0.000000  0.000000 0.000000 -0.854591
31  16.163136 0.000012 -3.830531  -3.098550 1.570794 0.000000
32  -0.000018 -0.000001 0.000001  -0.145419 0.034998 0.181334
33  0.000001 0.000001 -0.000005  0.000000 -0.000000 -0.189989
34  0.000000 0.000000 0.000000  -0.038456 0.000000 -0.000000
35  -0.000002 -0.000002 0.000002  -0.076987 0.000000 0.000000
36  -0.000003 -0.000001 0.000000  -0.115485 0.000000 0.000000
37  -0.000003 0.000000 -0.000002  -0.153966 -0.000000 0.000000
38  -0.000007 0.000000 0.000002  -0.192442 -0.000000 -0.000000
39  -0.000004 0.000000 0.000000  -0.230928 -0.000000 -0.000000
40  -0.000004 -0.000002 0.000002  -0.269438 0.000000 0.000000
41  -0.000006 -0.000004 -0.000000  -0.326814 0.276080 0.079282
42  1.410069 0.800523 2.089139  -2.009768 -0.630254 0.591907
43  3.954721 0.000012 0.000003  -0.000000 -0.000002 0.166319
44  3.101559 -0.000006 0.000002  -0.000001 -0.000000 0.240238
45  7.183348 -0.532111 3.267604  -0.123210 -0.020355 -0.052486
46  3.511602 -0.000000 0.000003  0.000003 0.000001 0.099571
47  2.199403 0.000005 -0.000003  -0.000001 -0.000001 0.029267
48  7.145095 -0.676364 1.382421  -0.086920 0.009133 -0.085505
49  3.672218 -0.000002 0.000002  0.000001 -0.000000 0.142941
50  2.676519 -0.000003 0.000004  -0.000001 -0.000001 -0.026075
51  6.831176 -0.870880 -0.599927  -0.130311 0.006346 -0.065012
52  3.657080 -0.000003 -0.000001  -0.000000 0.000001 0.057734
53  2.496796 0.000000 0.000003  -0.000000 -0.000001 -0.091108
54  6.164467 -0.898159 -2.575026  -0.090704 0.013515 -0.151468
55  2.805849 -0.000002 0.000002  -0.000002 -0.000001 0.079091
56  2.307435 0.000000 -0.000003  0.000002 0.000001 -0.056419
57  0.000000 0.000000 -0.000000  -0.006159 -0.006964 -0.001749
58  -3.095844 0.287117 -4.921763  -0.207764 0.007292 -0.247905
59  0.071246 114.357040 62.238789  -0.000000 -0.000000 -0.000000
60  1.986524 0.000031 -3.123736  -2.705260 -0.000000 -1.570797
61  -1.986693 0.000029 -3.123745  0.436333 0.000001 1.570797
62  -0.000001 0.000015 -0.000005  0.000000 -0.000000 -0.000000
63  -1.986695 0.000017 -3.123740  0.436333 0.000001 1.570797
64  -11.344164 1.135886 0.869273  0.000002 -0.025019 -0.026324
65  1.986521 0.000020 -3.123737  -2.705260 -0.000000 -1.570797
66  -11.350040 -0.729418 0.864890  0.000197 -0.025367 0.026442
67  1.754235 4.036758 -1.682670  0.392575 -0.010120 -1.546362
68  -1.755145 4.036769 -1.682670  -0.392577 -0.010391 -1.594986
69  -0.164556 7.327704 3.928703  0.000000 0.000001 -1.570796
70  0.079082 36.742695 -0.508021  0.000001 -0.000000 -0.000000
71  -1.260174 8.777410 6.736405  -0.000002 -0.424416 -3.141592
72  1.525193 18.283598 2.968621  0.000000 -0.000000 -0.000000
73  0.060216 10.324388 74.469063  0.000008 -0.000000 -0.000000
74  0.062808 75.917999 83.075447  1.570797 -0.000000 -1.570796
75  4.804186 -3.971750 0.000004  -0.000000 0.000000 -0.000000
76  -7.041559 -5.025997 0.000003  -0.000000 -0.000000 -0.000000
77  8.407187 -3.978444 0.003058  -1.570796 1.570795 0.000000
78  10.376194 -3.978448 0.003058  -1.570796 1.570796 0.000000
79  10.194019 -0.314066 -1.749546  -1.570796 1.570796 0.000000
80  20.857897 -4.015572 0.000006  0.000000 -0.000000 -0.000000
81  3.258440 5.856951 -3.403520  -0.000000 -0.000000 -0.000000
82  15.153049 5.860579 -3.403518  0.000000 -0.000000 -0.000000
83  6.064253 77.294960 36.365795  1.570796 -0.000000 1.570796
84  -2.662412 1.445756 40.667953  0.000000 3.141591 1.570796
85  8.352066 2.772897 0.000538  -3.141589 0.000002 0.000000
86  6.064255 72.973694 32.593250  1.570796 -0.000000 1.570796
87  0.004364 73.768425 -3.792006  0.000000 -0.000000 0.000000
88  -0.442610 1.284881 8.535288  -0.000000 -0.000001 0.000000
89  0.000002 1.310204 0.000001  0.000000 0.000000 0.000000
90  0.000001 0.582252 0.000001  0.000000 0.000000 0.000000
91  0.036295 1.284883 7.928797  0.000000 -0.000001 0.000000
92  -0.000001 1.310221 -0.000001  0.000000 0.000000 0.000000
93  -0.000001 0.582269 -0.000002  0.000000 0.000000 0.000000
94  5.969324 3.427463 -6.170655  -0.000000 -0.000001 -1.570797
95  -1.310199 0.000002 -0.000001  0.000000 -0.000000 -0.000000
96  -0.582254 0.000002 -0.000001  0.000000 -0.000000 -0.000000
97  5.969322 9.397400 -6.170660  -0.000000 -0.000001 -1.570796
98  -1.310222 -0.000001 -0.000002  0.000000 0.000000 -0.000000
99  -0.582269 -0.000002 -0.000002  0.000000 0.000000 -0.000000
100  5.969321 15.223774 -6.170674  -0.000000 -0.000001 -1.570796
101  -1.310211 0.000002 0.000002  -0.000000 0.000000 -0.000000
102  -0.582259 0.000002 -0.000003  -0.000000 0.000000 -0.000000
103  5.969322 20.835577 -6.170671  -0.000000 -0.000001 -1.570796
104  -1.310205 -0.000000 0.000004  -0.000000 0.000000 -0.000000
105  -0.582252 -0.000000 0.000006  -0.000000 0.000000 -0.000000
106  5.969322 26.771217 -6.170675  -0.000000 -0.000001 -1.570796
107  5.969319 32.597607 -6.170674  -0.000000 -0.000001 -1.570796
108  5.969318 38.209412 -6.170688  -0.000000 -0.000001 -1.570800
109  5.969318 49.488472 -6.170684  -0.000000 -0.000001 -1.570800
110  -0.539091 -0.556810 -0.017364  -0.042462 2.681156 1.551919
111  -6.799124 -0.556803 0.818546  -0.272420 2.701993 1.452460
112  -4.615285 -0.556818 0.270326  -0.117230 2.684609 1.518878
113  -2.650970 -0.556801 0.063007  -0.042463 2.681158 1.551919
114  27.110334 1.284859 12.007547  0.000000 -0.000000 -0.000000
115  28.133423 1.284861 12.007547  0.000001 -0.000000 -0.000000
116  12.812886 2.241788 12.007548  -0.000000 -0.000001 -0.000001
117  -9.955969 -0.319624 4.380212  -0.000001 -0.000000 -0.000001
118  -11.316474 -0.319626 4.380213  -0.000003 -0.000000 0.000000
119  -12.667811 -0.319621 4.380213  -0.000003 -0.000000 0.000001
120  -14.022144 -0.319619 4.380213  0.000010 -0.000000 -0.000011
121  -15.373241 -0.319619 4.380212  0.000015 -0.000000 -0.000015
122  -16.724144 -0.319620 4.380212  -0.000009 -0.000000 0.000006
123  -18.074572 -0.319617 4.380213  -0.000006 -0.000000 0.000004
124  -19.423716 -0.319620 4.380213  0.000002 0.000000 -0.000004
125  -20.775272 -0.319620 4.380211  0.000003 0.000000 -0.000004
126  -22.126671 -0.319622 4.380211  0.000003 0.000000 -0.000004
127  -23.478125 -0.319622 4.380212  0.000005 0.000000 -0.000006
128  -24.830622 -0.319612 4.380215  0.000036 0.000000 -0.000038
129  -26.182028 -0.319616 4.380211  -0.000011 0.000000 0.000011
130  0.529179 -0.167133 0.629482  -0.101270 -0.000000 0.000000
131  -0.211444 -0.241689 0.155359  -0.145847 -0.000000 0.000000
132  0.529187 -0.280698 -0.110293  -0.145847 -0.000000 0.000000
133  -0.173930 -0.337319 -0.638497  -0.181751 -0.000000 0.000000
134  0.529189 -0.399241 -0.975393  -0.181751 -0.000000 0.000000
135  -0.211447 -0.464474 -1.431045  -0.192399 -0.000000 0.000000
136  0.529189 -0.515803 -1.694584  -0.192400 -0.000000 0.000000
137  -0.173930 -0.612142 -2.231912  -0.216703 -0.000000 0.000000
138  0.529185 -0.685801 -2.566442  -0.216703 -0.000000 0.000000
139  -0.211447 -0.769559 -3.027873  -0.237349 -0.000000 0.000000
140  0.529186 -0.832683 -3.288847  -0.237349 -0.000000 0.000000
141  -0.173938 -0.945276 -3.779566  -0.233859 0.000000 0.000000
142  0.529175 -1.024649 -4.112780  -0.233859 0.000000 0.000000
143  -0.211446 -1.132184 -4.577549  -0.262919 -0.000000 0.000000
144  0.529186 -1.201957 -4.836826  -0.262919 0.000000 0.000000
145  -0.000006 -2.810939 -10.636631  0.258454 0.000000 3.141592
146  -0.192458 -1.345769 -5.370044  -0.280373 0.000000 0.000000
147  0.533981 -1.413507 -5.605106  -0.276883 0.000000 0.000000
148  -0.206619 -1.795759 -6.909782  -0.287354 0.000000 0.000000
149  -0.205807 -1.564810 -6.138258  -0.290843 0.000000 0.000000
150  0.530460 -1.643678 -6.395218  -0.290844 0.000000 0.000000
151  0.535311 -1.790710 -7.204134  -0.287354 -0.000000 0.000000
152  -0.202705 -2.030477 -7.702832  -0.286180 -0.000000 0.000000
153  0.509545 -2.118892 -8.011625  -0.298398 -0.000000 0.000000
154  -0.202707 -2.255270 -8.465175  -0.283134 -0.000000 0.000000
155  0.509545 -2.352977 -8.771163  -0.295352 -0.000000 0.000000
156  -0.202705 -2.481595 -9.235474  -0.285437 -0.000000 0.000000
157  0.509546 -2.588685 -9.538643  -0.297653 -0.000000 0.000000
158  0.170122 -21.222092 -1.001142  -0.000001 -0.000001 0.000000
159  0.170122 -20.843864 -0.397184  -0.000001 -0.000001 0.000000
160  0.170122 -20.489740 -1.001144  -0.000001 -0.000001 0.000000
161  0.170122 -20.111067 -0.397184  -0.000001 -0.000001 0.000000
162  0.170120 -19.380085 -0.397187  -0.000001 -0.000001 0.000000
163  0.170121 -19.025105 -1.001145  -0.000001 -0.000001 0.000000
164  0.170122 -18.646660 -0.396448  -0.000001 -0.000001 0.000000
165  0.170122 -19.755756 -1.001144  -0.000001 -0.000001 0.000000
166  -0.015973 10.612518 2.686017  0.000001 -0.000000 -0.000000
167  0.059851 -50.160702 6.449379  1.570797 -0.000000 -1.570797
168  0.064653 27.351288 72.195213  0.000000 -0.000000 -0.000001
169  6.064261 95.114014 31.645498  -0.000000 -0.000001 1.570796
170  0.054188 102.845634 29.795359  0.000000 0.000001 -1.570796
171  6.064256 69.096565 37.164318  1.570796 -0.000000 1.570796
172  1.974303 11.989233 4.589251  0.000000 -0.000000 -0.000000
173  -0.011480 23.944746 5.090361  0.000001 -0.000000 0.000000
174  -1.691251 8.833342 5.763507  0.000001 -0.000000 -0.000000
175  6.064259 89.329803 31.613916  -0.000000 -0.000001 1.570796
176  0.059886 2.255335 54.398006  -0.000000 -0.000000 -0.000000
177  0.003497 -22.270647 0.000146  1.570797 -0.000000 -1.570797
178  0.104010 15.380371 2.266153  0.000001 -0.000000 -0.000000
179  3.245185 7.191535 -8.943486  -0.055010 -0.197514 0.425278
180  -3.255359 24.458078 -23.114334  0.181523 0.048807 -1.277059
181  -2.662412 1.445758 33.628742  0.000000 3.141591 1.570796
182  8.352065 2.772898 0.000541  -3.141589 0.000002 0.000000
183  -2.662412 1.445756 40.667953  0.000000 3.141591 1.570796
184  8.352066 2.772897 0.000538  -3.141589 0.000002 0.000000
185  -1.431356 16.384781 4.137812  0.000001 -0.000000 0.000000
186  -0.001845 0.521683 -0.140289  0.000000 -0.000000 -0.000000
187  7.323108 -5.136191 -5.166236  0.000000 0.000000 -0.610865
188  2.698278 -0.000001 -0.000001  -0.000012 0.000000 0.000000
189  2.834161 -0.000002 0.000001  0.000013 0.000000 -0.000000
190  2.648919 -0.000001 0.000000  -0.000001 -0.000001 0.000000
191  2.667498 -0.000004 0.000001  -0.000000 -0.000000 -0.000000
192  2.426701 -0.000001 -0.000000  -0.000000 0.000000 -0.000000
193  -0.494743 -44.353447 -1.302299  1.570797 0.000000 -1.570797
194  11.545935 73.768425 -3.792010  0.000000 -0.000000 -0.000000
195  -0.011102 -16.902813 1.952047  0.000001 -0.000000 -0.000000
196  0.000001 -0.000001 -1.529052  -0.000000 -0.000000 -0.000000
197  -0.078942 0.000002 -0.000000  0.000000 0.000001 1.570796
198  0.097092 0.000002 -0.000000  -0.000000 -3.141592 1.570796
199  0.000000 0.000000 0.000000  0.000000 -0.000000 -0.000000
200  -1.408797 3.184797 -5.943296  -0.207764 0.007292 -0.247905
201  4.399501 3.705419 -8.076656  -0.376824 -0.364680 0.012122
time 8
0  0 0 0  0 0 0
1  0.000000 0.000000 0.000000  0.000000 -0.000000 -0.000000
2  -0.000005 0.000023 -61.375507  0.000000 0.000000 -1.570795
3  -0.012872 0.000000 8.235020  -1.570799 -1.570796 0.000000
4  16.163128 -0.012870 -0.000002  -0.000000 -0.000000 0.000000
5  16.163143 -0.000009 3.830524  -3.089336 -1.570794 0.000000
6  -0.000031 -0.000001 -0.000000  0.248214 -0.100200 0.310183
7  0.000000 -0.000007 0.000002  0.000000 0.000000 -0.298541
8  0.000000 0.000001 0.000000  0.084317 -0.000000 -0.000000
9  0.000001 0.000002 0.000002  0.168662 -0.000000 -0.000000
10  -0.000001 0.000001 0.000000  0.253001 -0.000000 -0.000000
11  -0.000001 0.000001 0.000002  0.337362 0.000000 -0.000000
12  -0.000002 0.000001 0.000000  0.421710 -0.000000 -0.000000
13  -0.000001 0.000000 0.000001  0.506070 -0.000000 -0.000000
14  -0.000004 -0.000000 0.000001  0.590404 -0.000000 -0.000000
15  -0.000004 0.000003 0.000004  0.654742 0.079186 -0.266029
16  -0.000005 0.000000 0.000000  0.087331 0.049965 -0.027519
17  -0.000002 -0.000003 0.000005  0.015382 0.019315 -0.253734
18  -0.000001 -0.000003 0.000003  0.007426 0.002190 -0.079728
19  0.000001 0.000005 -0.000001  0.417595 0.469089 -0.370095
20  -0.000001 0.000002 -0.000001  0.000000 -0.000000 -0.979516
21  -0.000002 -0.000000 -0.000000  0.000000 0.000000 1.219617
22  -0.000004 0.000004 -0.000001  0.157179 0.543883 0.197911
23  -0.000001 0.000000 0.000000  -0.000000 0.000000 -0.896578
24  -0.000001 0.000000 0.000001  -0.000000 -0.000000 -0.216739
25  0.000001 0.000003 -0.000002  0.285953 0.481455 -0.031878
26  -0.000001 -0.000004 0.000000  -0.000000 0.000000 -1.333091
27  -0.000001 -0.000000 -0.000000  -0.000000 -0.000000 1.106817
28  0.000001 0.000000 0.000001  0.129617 0.584325 0.027604
29  0.000001 0.000003 0.000001  0.000000 -0.000000 0.174972
30  0.000001 -0.000001 0.000001  0.000000 0.000000 -0.853988
31  16.163136 0.000012 -3.830531  -3.098550 1.570794 0.000000
32  -0.000018 -0.000001 0.000001  -0.180631 0.046961 0.265750
33  0.000000 0.000001 -0.000001  0.000000 -0.000000 -0.255093
34  0.000000 0.000000 -0.000003  -0.051399 0.000000 -0.000000
35  -0.000002 -0.000002 -0.000001  -0.102832 0.000000 0.000000
36  -0.000003 -0.000001 -0.000003  -0.154333 0.000000 0.000000
37  -0.000001 -0.000000 -0.000001  -0.205752 -0.000000 0.000000
38  -0.000006 0.000001 -0.000003  -0.257186 -0.000000 -0.000000
39  -0.000004 0.000000 -0.000003  -0.308667 -0.000000 -0.000000
40  -0.000002 -0.000001 -0.000003  -0.360108 0.000000 0.000000
41  -0.000009 -0.000003 -0.000003  -0.435689 0.283654 0.075334
42  1.410069 0.800526 2.089139  -2.009768 -0.630254 0.591907
43  3.954720 0.000011 0.000004  -0.000000 -0.000002 0.166320
44  3.101559 -0.000006 0.000001  -0.000001 -0.000000 0.240238
45  7.183348 -0.532108 3.267603  -0.123210 -0.020355 -0.052486
46  3.511602 -0.000001 0.000001  0.000003 0.000001 0.099571
47  2.199404 0.000004 -0.000003  -0.000001 -0.000001 0.029267
48  7.145096 -0.676360 1.382419  -0.086920 0.009133 -0.085505
49  3.672218 -0.000004 0.000003  0.000001 -0.000000 0.142941
50  2.676518 -0.000004 0.000001  -0.000001 -0.000001 -0.026075
51  6.831177 -0.870878 -0.599927  -0.130311 0.006346 -0.065012
52  3.657079 -0.000002 -0.000002  -0.000000 0.000001 0.057734
53  2.496794 -0.000000 0.000002  -0.000000 -0.000001 -0.091108
54  6.164468 -0.898157 -2.575025  -0.090704 0.013515 -0.151468
55  2.805848 -0.000004 0.000003  -0.000002 -0.000001 0.079091
56  2.307434 -0.000000 -0.000002  0.000002 0.000001 -0.056419
57  0.000000 0.000000 -0.000000  -0.005610 -0.005681 -0.001754
58  -4.539520 0.912292 -7.339789  -0.242344 0.062944 -0.314054
59  0.071251 114.357025 62.238785  0.000000 -0.000000 -0.000000
60  1.986526 0.000027 -3.123741  -2.705260 -0.000000 -1.570797
61  -1.986691 0.000030 -3.123748  0.436333 0.000001 1.570797
62  -0.000001 0.000009 -0.000010  0.000000 -0.000000 -0.000000
63  -1.986685 0.000025 -3.123738  0.436333 0.000001 1.570797
64  -11.344154 1.135890 0.869277  0.000002 -0.025019 -0.026323
65  1.986528 0.000022 -3.123734  -2.705260 -0.000000 -1.570797
66  -11.350039 -0.729421 0.864886  0.000197 -0.025367 0.026442
67  1.754240 4.036768 -1.682670  0.392575 -0.010120 -1.546363
68  -1.755137 4.036767 -1.682669  -0.392577 -0.010391 -1.594986
69  -0.164556 7.327704 3.928703  0.000000 0.000001 -1.570796
70  0.079081 36.742691 -0.508022  0.000001 -0.000000 -0.000000
71  -1.260173 8.777409 6.736405  -0.000002 -0.424415 -3.141592
72  1.525192 18.283596 2.968622  0.000000 -0.000000 -0.000000
73  0.060217 10.324390 74.469040  0.000008 -0.000000 -0.000000
74  0.062807 75.917999 83.075432  1.570797 -0.000000 -1.570796
75  4.804183 -3.971745 0.000003  -0.000000 0.000000 -0.000000
76  -7.041569 -5.025992 0.000002  -0.000000 -0.000000 -0.000000
77  8.407177 -3.978441 0.003056  -1.570796 1.570795 0.000000
78  10.376186 -3.978448 0.003056  -1.570796 1.570796 0.000000
79  10.194016 -0.314066 -1.749547  -1.570796 1.570796 0.000000
80  20.857883 -4.015567 0.000003  0.000000 -0.000000 -0.000000
81  3.258431 5.856947 -3.403523  -0.000000 -0.000000 -0.000000
82  15.153042 5.860575 -3.403519  -0.000000 -0.000000 -0.000000
83  6.064256 77.294952 36.365791  1.570796 -0.000000 1.570796
84  -2.662412 1.445755 40.667953  -0.000000 3.141591 1.570796
85  8.352066 2.772897 0.000541  -3.141589 0.000002 0.000000
86  6.064256 72.973694 32.593246  1.570796 -0.000000 1.570796
87  0.004365 73.768410 -3.792007  0.000000 -0.000000 0.000000
88  -0.442608 1.284884 8.535293  0.000000 -0.000001 0.000000
89  -0.000002 1.310211 -0.000002  0.000000 -0.000000 0.000000
90  -0.000003 0.582267 -0.000001  0.000000 -0.000000 0.000000
91  0.036298 1.284883 7.928800  -0.000000 -0.000001 0.000000
92  0.000001 1.310210 -0.000001  0.000000 0.000000 0.000000
93  0.000000 0.582265 -0.000003  0.000000 0.000000 0.000000
94  5.969322 3.427463 -6.170644  -0.000000 -0.000001 -1.570797
95  -1.310209 0.000001 -0.000005  0.000000 -0.000000 -0.000000
96  -0.582264 0.000001 -0.000002  0.000000 0.000000 -0.000000
97  5.969323 9.397409 -6.170660  -0.000000 -0.000001 -1.570796
98  -1.310215 -0.000001 -0.000002  0.000000 0.000000 -0.000000
99  -0.582263 -0.000000 -0.000004  0.000000 0.000000 -0.000000
100  5.969321 15.223783 -6.170665  0.000000 -0.000001 -1.570796
101  -1.310211 0.000002 0.000000  -0.000000 0.000000 -0.000000
102  -0.582259 0.000000 -0.000001  -0.000000 0.000000 -0.000000
103  5.969323 20.835577 -6.170668  0.000000 -0.000001 -1.570796
104  -1.310205 -0.000001 0.000000  -0.000000 0.000000 -0.000000
105  -0.582259 -0.000003 0.000002  -0.000000 0.000000 -0.000000
106  5.969323 26.771221 -6.170669  0.000000 -0.000001 -1.570796
107  5.969326 32.597603 -6.170677  0.000000 -0.000001 -1.570796
108  5.969323 38.209408 -6.170685  0.000000 -0.000001 -1.570800
109  5.969321 49.488472 -6.170679  0.000000 -0.000001 -1.570800
110  -0.539091 -0.556801 -0.017362  -0.042462 2.681156 1.551919
111  -6.799125 -0.556796 0.818553  -0.272420 2.701993 1.452460
112  -4.615283 -0.556821 0.270331  -0.117230 2.684609 1.518878
113  -2.650967 -0.556803 0.063014  -0.042463 2.681158 1.551919
114  27.110336 1.284860 12.007551  0.000000 -0.000000 -0.000000
115  28.133430 1.284858 12.007551  0.000001 -0.000000 -0.000000
116  12.812888 2.241789 12.007550  0.000000 -0.000001 -0.000001
117  -9.955967 -0.319618 4.380219  -0.000001 -0.000000 -0.000001
118  -11.316472 -0.319623 4.380217  -0.000003 -0.000000 -0.000000
119  -12.667810 -0.319622 4.380218  -0.000003 -0.000000 0.000001
120  -14.022141 -0.319614 4.380218  0.000010 -0.000000 -0.000011
121  -15.373239 -0.319621 4.380216  0.000015 -0.000000 -0.000015
122  -16.724142 -0.319618 4.380217  -0.000009 -0.000000 0.000006
123  -18.074572 -0.319624 4.380218  -0.000006 -0.000000 0.000004
124  -19.423717 -0.319613 4.380218  0.000002 0.000000 -0.000004
125  -20.775272 -0.319621 4.380217  0.000003 0.000000 -0.000004
126  -22.126673 -0.319615 4.380219  0.000003 -0.000000 -0.000004
127  -23.478125 -0.319615 4.380218  0.000005 -0.000000 -0.000006
128  -24.830622 -0.319610 4.380219  0.000036 -0.000000 -0.000038
129  -26.182030 -0.319614 4.380219  -0.000011 -0.000000 0.000011
130  0.529179 -0.167125 0.629486  -0.101270 -0.000000 0.000000
131  -0.211444 -0.241673 0.155365  -0.145847 -0.000000 0.000000
132  0.529191 -0.280694 -0.110289  -0.145847 -0.000000 -0.000000
133  -0.173927 -0.337320 -0.638495  -0.181751 -0.000000 0.000000
134  0.529191 -0.399240 -0.975389  -0.181751 -0.000000 0.000000
135  -0.211443 -0.464478 -1.431041  -0.192399 -0.000000 0.000000
136  0.529189 -0.515800 -1.694581  -0.192399 -0.000000 0.000000
137  -0.173928 -0.612144 -2.231907  -0.216703 -0.000000 0.000000
138  0.529190 -0.685801 -2.566439  -0.216703 -0.000000 0.000000
139  -0.211443 -0.769554 -3.027869  -0.237349 -0.000000 0.000000
140  0.529189 -0.832680 -3.288846  -0.237349 -0.000000 0.000000
141  -0.173937 -0.945271 -3.779562  -0.233859 0.000000 0.000000
142  0.529181 -1.024654 -4.112782  -0.233859 0.000000 0.000000
143  -0.211442 -1.132185 -4.577545  -0.262919 -0.000000 0.000000
144  0.529191 -1.201958 -4.836826  -0.262919 0.000000 0.000000
145  -0.000002 -2.810941 -10.636632  0.258454 0.000000 3.141592
146  -0.192454 -1.345775 -5.370046  -0.280373 0.000000 0.000000
147  0.533983 -1.413503 -5.605103  -0.276883 0.000000 0.000000
148  -0.206616 -1.795752 -6.909779  -0.287354 0.000000 0.000000
149  -0.205801 -1.564817 -6.138256  -0.290843 0.000000 0.000000
150  0.530461 -1.643678 -6.395213  -0.290844 0.000000 0.000000
151  0.535312 -1.790700 -7.204134  -0.287354 -0.000000 0.000000
152  -0.202701 -2.030479 -7.702830  -0.286180 -0.000000 0.000000
153  0.509550 -2.118892 -8.011621  -0.298398 -0.000000 0.000000
154  -0.202703 -2.255269 -8.465169  -0.283134 -0.000000 0.000000
155  0.509550 -2.352979 -8.771158  -0.295352 -0.000000 0.000000
156  -0.202703 -2.481590 -9.235470  -0.285437 -0.000000 0.000000
157  0.509547 -2.588674 -9.538637  -0.297653 -0.000000 0.000000
158  0.170125 -21.222094 -1.001139  -0.000001 -0.000001 0.000000
159  0.170122 -20.843859 -0.397178  -0.000001 -0.000001 0.000000
160  0.170124 -20.489742 -1.001140  -0.000001 -0.000001 0.000000
161  0.170124 -20.111069 -0.397181  -0.000001 -0.000001 0.000000
162  0.170124 -19.380085 -0.397185  -0.000001 -0.000001 0.000000
163  0.170124 -19.025106 -1.001143  -0.000001 -0.000001 0.000000
164  0.170124 -18.646662 -0.396445  -0.000001 -0.000001 0.000000
165  0.170125 -19.755760 -1.001140  -0.000001 -0.000001 0.000000
166  -0.015973 10.612516 2.686017  0.000001 -0.000000 -0.000000
167  0.059850 -50.160698 6.449380  1.570797 0.000000 -1.570797
168  0.064651 27.351290 72.195198  -0.000000 -0.000000 -0.000001
169  6.064260 95.114006 31.645496  -0.000000 -0.000001 1.570796
170  0.054189 102.845634 29.795359  0.000000 0.000001 -1.570796
171  6.064256 69.096558 37.164314  1.570796 -0.000000 1.570796
172  1.974302 11.989233 4.589251  0.000000 -0.000000 -0.000000
173  -0.011481 23.944746 5.090361  0.000001 -0.000000 0.000000
174  -1.691251 8.833342 5.763507  0.000001 -0.000000 -0.000000
175  6.064260 89.329788 31.613911  -0.000000 -0.000001 1.570796
176  0.059886 2.255336 54.398003  0.000000 -0.000000 -0.000000
177  0.003497 -22.270643 0.000144  1.570797 0.000000 -1.570797
178  0.104010 15.380369 2.266153  0.000001 -0.000000 -0.000000
179  4.473087 11.076567 -8.456886  -0.039244 -0.268750 0.539712
180  -3.255360 24.458076 -23.114336  0.181523 0.048807 -1.277059
181  -2.662412 1.445758 33.628738  -0.000000 3.141591 1.570796
182  8.352066 2.772897 0.000539  -3.141589 0.000002 0.000000
183  -2.662412 1.445755 40.667953  -0.000000 3.141591 1.570796
184  8.352066 2.772897 0.000541  -3.141589 0.000002 0.000000
185  -1.431355 16.384777 4.137811  0.000001 -0.000000 0.000000
186  -0.001845 0.521683 -0.140290  0.000000 -0.000000 -0.000000
187  7.323108 -5.136191 -5.166235  -0.000000 0.000000 -0.610865
188  2.698277 -0.000002 0.000000  -0.000012 0.000000 0.000000
189  2.834159 -0.000002 0.000001  0.000013 0.000000 -0.000000
190  2.648917 -0.000001 -0.000000  -0.000001 -0.000001 0.000000
191  2.667499 -0.000003 -0.000000  -0.000000 -0.000000 -0.000000
192  2.426704 -0.000003 -0.000001  -0.000000 0.000000 -0.000000
193  -0.494744 -44.353443 -1.302299  1.570797 -0.000000 -1.570797
194  11.545939 73.768410 -3.792011  0.000000 -0.000000 -0.000000
195  -0.011103 -16.902813 1.952047  0.000001 -0.000000 -0.000000
196  0.000001 -0.000002 -1.529051  -0.000001 0.000000 0.000000
197  -0.078942 0.000001 -0.000001  0.000000 0.000001 1.570796
198  0.097091 0.000001 -0.000001  -0.000000 -3.141592 1.570796
199  0.000000 0.000000 0.000000  0.000000 -0.000000 -0.000000
200  -2.600633 4.707994 -7.557887  -0.242344 0.062944 -0.314054
201  5.034420 4.821641 -9.601458  -0.413732 -0.417052 0.035639
time 9
0  0 0 0  0 0 0
1  0.000000 0.000000 0.000000  0.000000 -0.000000 -0.000000
2  -0.000005 0.000023 -61.375507  0.000000 0.000000 -1.570795
3  -0.012872 0.000000 8.235020  -1.570799 -1.570796 0.000000
4  16.163128 -0.012870 -0.000002  -0.000000 -0.000000 0.000000
5  16.163143 -0.000009 3.830524  -3.089336 -1.570794 0.000000
6  -0.000031 -0.000001 -0.000000  0.292346 -0.127358 0.354416
7  -0.000000 -0.000007 -0.000001  -0.000000 0.000000 -0.342936
8  -0.000000 0.000001 0.000002  0.095376 -0.000000 -0.000000
9  0.000001 0.000000 -0.000000  0.190724 -0.000000 -0.000000
10  -0.000001 -0.000000 -0.000000  0.286078 -0.000000 -0.000000
11  -0.000003 0.000000 0.000002  0.381471 0.000000 -0.000000
12  -0.000004 -0.000000 -0.000000  0.476871 -0.000000 -0.000000
13  -0.000003 -0.000001 0.000000  0.572246 -0.000000 -0.000000
14  -0.000002 -0.000002 -0.000002  0.667623 -0.000000 -0.000000
15  -0.000004 0.000001 0.000002  0.741766 0.096668 -0.267079
16  -0.000005 -0.000001 -0.000001  0.087211 0.049839 -0.027466
17  -0.000002 -0.000002 0.000003  0.015325 0.019304 -0.253304
18  -0.000005 0.000002 0.000003  0.007426 0.002189 -0.079545
19  0.000000 0.000003 -0.000001  0.416916 0.468141 -0.369535
20  -0.000000 0.000000 -0.000000  0.000000 -0.000000 -0.977718
21  -0.000001 0.000000 -0.000000  0.000000 0.000000 1.217384
22  -0.000003 0.000002 -0.000002  0.156732 0.542918 0.197426
23  -0.000000 0.000003 0.000001  -0.000000 0.000000 -0.894884
24  -0.000001 -0.000001 0.000000  0.000000 -0.000000 -0.216309
25  0.000000 0.000005 -0.000001  0.285414 0.480611 -0.031937
26  -0.000001 0.000001 0.000001  -0.000000 0.000000 -1.330607
27  -0.000000 -0.000001 -0.000001  -0.000000 -0.000000 1.104808
28  0.000001 0.000004 0.000002  0.129343 0.583247 0.027447
29  -0.000002 0.000004 0.000000  -0.000000 -0.000000 0.174666
30  0.000000 -0.000004 0.000000  0.000000 0.000000 -0.852378
31  16.163136 0.000012 -3.830531  -3.098550 1.570794 0.000000
32  -0.000018 -0.000001 0.000001  -0.215964 0.061463 0.366493
33  0.000000 0.000001 0.000001  0.000000 -0.000000 -0.329378
34  -0.000000 0.000000 0.000001  -0.066237 0.000000 -0.000000
35  -0.000002 -0.000002 0.000000  -0.132486 0.000000 0.000000
36  -0.000003 -0.000001 0.000003  -0.198759 0.000000 0.000000
37  -0.000000 -0.000000 0.000001  -0.265004 -0.000000 0.000000
38  -0.000005 0.000000 0.000001  -0.331234 0.000000 -0.000000
39  -0.000004 -0.000000 0.000001  -0.397522 -0.000000 -0.000000
40  -0.000004 -0.000002 0.000002  -0.463753 0.000000 0.000000
41  -0.000008 -0.000003 -0.000002  -0.561314 0.266570 0.070812
42  1.410069 0.800526 2.089139  -2.009768 -0.630254 0.591907
43  3.954720 0.000014 0.000004  -0.000000 -0.000002 0.166320
44  3.101559 -0.000008 0.000003  -0.000001 -0.000000 0.240238
45  7.183347 -0.532108 3.267605  -0.123210 -0.020355 -0.052486
46  3.511604 -0.000002 -0.000001  0.000003 0.000001 0.099571
47  2.199402 0.000002 -0.000003  -0.000001 -0.000001 0.029267
48  7.145094 -0.676361 1.382423  -0.086920 0.009133 -0.085505
49  3.672219 -0.000002 -0.000001  0.000001 -0.000000 0.142941
50  2.676518 -0.000000 -0.000001  -0.000001 -0.000001 -0.026075
51  6.831175 -0.870876 -0.599925  -0.130311 0.006346 -0.065012
52  3.657080 -0.000003 -0.000003  -0.000000 0.000001 0.057734
53  2.496793 0.000001 0.000003  0.000000 -0.000001 -0.091108
54  6.164467 -0.898155 -2.575025  -0.090704 0.013515 -0.151468
55  2.805848 -0.000005 0.000003  -0.000002 -0.000001 0.079091
56  2.307435 0.000001 -0.000003  0.000002 0.000001 -0.056419
57  0.000000 0.000000 -0.000000  -0.004881 -0.002385 -0.001825
58  -6.204104 1.843597 -10.239518  -0.277421 0.144372 -0.386592
59  0.071241 114.357040 62.238792  -0.000000 -0.000000 -0.000000
60  1.986522 0.000022 -3.123738  -2.705260 -0.000000 -1.570797
61  -1.986686 0.000012 -3.123748  0.436333 0.000001 1.570797
62  -0.000000 0.000005 -0.000005  0.000000 -0.000000 -0.000000
63  -1.986685 0.000022 -3.123736  0.436333 0.000001 1.570797
64  -11.344164 1.135894 0.869283  0.000002 -0.025019 -0.026323
65  1.986527 0.000019 -3.123733  -2.705260 -0.000000 -1.570797
66  -11.350058 -0.729426 0.864890  0.000197 -0.025367 0.026442
67  1.754236 4.036765 -1.682665  0.392575 -0.010120 -1.546362
68  -1.755137 4.036764 -1.682667  -0.392577 -0.010391 -1.594986
69  -0.164556 7.327703 3.928703  0.000000 0.000001 -1.570796
70  0.079083 36.742691 -0.508024  0.000001 -0.000000 -0.000000
71  -1.260175 8.777410 6.736405  -0.000002 -0.424416 -3.141592
72  1.525193 18.283598 2.968622  0.000000 -0.000000 -0.000000
73  0.060215 10.324387 74.469055  0.000008 -0.000000 -0.000000
74  0.062806 75.917999 83.075439  1.570797 -0.000000 -1.570796
75  4.804180 -3.971739 -0.000005  -0.000000 0.000000 -0.000000
76  -7.041571 -5.025990 -0.000008  -0.000000 -0.000000 -0.000000
77  8.407176 -3.978433 0.003049  -1.570796 1.570795 0.000000
78  10.376184 -3.978445 0.003050  -1.570796 1.570796 0.000000
79  10.194011 -0.314060 -1.749556  -1.570796 1.570796 0.000000
80  20.857887 -4.015565 -0.000001  0.000000 -0.000000 -0.000000
81  3.258444 5.856954 -3.403528  -0.000000 -0.000000 -0.000000
82  15.153034 5.860581 -3.403521  -0.000000 -0.000000 -0.000000
83  6.064253 77.294952 36.365795  1.570796 0.000000 1.570796
84  -2.662412 1.445755 40.667957  0.000000 3.141591 1.570796
85  8.352065 2.772897 0.000539  -3.141589 0.000002 -0.000000
86  6.064259 72.973694 32.593246  1.570796 0.000000 1.570796
87  0.004363 73.768417 -3.792005  0.000000 -0.000000 0.000000
88  -0.442608 1.284876 8.535292  0.000000 -0.000001 0.000000
89  0.000003 1.310215 -0.000001  0.000000 0.000000 0.000000
90  0.000003 0.582267 -0.000000  0.000000 0.000000 0.000000
91  0.036296 1.284887 7.928799  -0.000000 -0.000001 0.000000
92  0.000004 1.310215 0.000001  0.000000 0.000000 0.000000
93  0.000001 0.582258 -0.000000  0.000000 0.000000 0.000000
94  5.969322 3.427464 -6.170652  -0.000000 -0.000001 -1.570797
95  -1.310209 0.000002 -0.000001  0.000000 -0.000000 -0.000000
96  -0.582256 0.000000 0.000000  0.000000 0.000000 -0.000000
97  5.969319 9.397408 -6.170657  -0.000000 -0.000001 -1.570796
98  -1.310211 0.000000 -0.000002  0.000000 0.000000 -0.000000
99  -0.582255 0.000000 0.000000  0.000000 0.000000 -0.000000
100  5.969319 15.223777 -6.170672  0.000000 -0.000001 -1.570796
101  -1.310226 0.000000 0.000002  -0.000000 0.000000 -0.000000
102  -0.582279 0.000001 0.000000  -0.000000 0.000000 -0.000000
103  5.969322 20.835575 -6.170672  0.000000 -0.000001 -1.570796
104  -1.310218 0.000004 -0.000006  -0.000000 0.000000 -0.000000
105  -0.582269 0.000000 -0.000004  -0.000000 0.000000 -0.000000
106  5.969324 26.771214 -6.170671  0.000000 -0.000001 -1.570796
107  5.969321 32.597599 -6.170677  0.000000 -0.000001 -1.570796
108  5.969322 38.209400 -6.170687  -0.000000 -0.000001 -1.570800
109  5.969321 49.488464 -6.170685  -0.000000 -0.000001 -1.570800
110  -0.539090 -0.556810 -0.017363  -0.042462 2.681156 1.551919
111  -6.799125 -0.556806 0.818548  -0.272420 2.701993 1.452460
112  -4.615283 -0.556819 0.270328  -0.117230 2.684609 1.518878
113  -2.650970 -0.556806 0.063011  -0.042463 2.681158 1.551919
114  27.110338 1.284859 12.007548  0.000000 -0.000000 0.000000
115  28.133423 1.284857 12.007546  0.000001 -0.000000 0.000000
116  12.812883 2.241786 12.007549  -0.000000 -0.000001 -0.000001
117  -9.955969 -0.319616 4.380214  -0.000001 -0.000000 -0.000001
118  -11.316477 -0.319615 4.380216  -0.000003 -0.000000 0.000000
119  -12.667812 -0.319620 4.380216  -0.000003 -0.000000 0.000001
120  -14.022143 -0.319622 4.380215  0.000010 -0.000000 -0.000011
121  -15.373241 -0.319615 4.380213  0.000015 -0.000000 -0.000015
122  -16.724144 -0.319618 4.380214  -0.000009 -0.000000 0.000006
123  -18.074574 -0.319621 4.380212  -0.000006 -0.000000 0.000004
124  -19.423716 -0.319618 4.380214  0.000002 0.000000 -0.000004
125  -20.775270 -0.319621 4.380213  0.000003 0.000000 -0.000004
126  -22.126671 -0.319616 4.380216  0.000003 0.000000 -0.000004
127  -23.478125 -0.319623 4.380213  0.000005 -0.000000 -0.000006
128  -24.830618 -0.319623 4.380213  0.000036 0.000000 -0.000038
129  -26.182028 -0.319622 4.380216  -0.000011 -0.000000 0.000011
130  0.529174 -0.167124 0.629483  -0.101270 -0.000000 0.000000
131  -0.211445 -0.241680 0.155361  -0.145847 -0.000000 0.000000
132  0.529188 -0.280696 -0.110294  -0.145847 -0.000000 0.000000
133  -0.173928 -0.337322 -0.638495  -0.181751 -0.000000 0.000000
134  0.529188 -0.399240 -0.975396  -0.181751 -0.000000 0.000000
135  -0.211444 -0.464474 -1.431041  -0.192399 -0.000000 0.000000
136  0.529186 -0.515803 -1.694580  -0.192399 -0.000000 0.000000
137  -0.173930 -0.612146 -2.231907  -0.216703 -0.000000 0.000000
138  0.529187 -0.685804 -2.566440  -0.216703 -0.000000 0.000000
139  -0.211443 -0.769563 -3.027874  -0.237349 -0.000000 0.000000
140  0.529185 -0.832681 -3.288851  -0.237349 -0.000000 0.000000
141  -0.173937 -0.945280 -3.779569  -0.233859 0.000000 0.000000
142  0.529179 -1.024656 -4.112779  -0.233859 0.000000 0.000000
143  -0.211444 -1.132185 -4.577549  -0.262919 -0.000000 0.000000
144  0.529187 -1.201960 -4.836823  -0.262919 0.000000 0.000000
145  -0.000006 -2.810939 -10.636632  0.258454 0.000000 3.141592
146  -0.192455 -1.345780 -5.370049  -0.280373 0.000000 0.000000
147  0.533982 -1.413509 -5.605106  -0.276883 0.000000 0.000000
148  -0.206621 -1.795754 -6.909777  -0.287354 0.000000 0.000000
149  -0.205807 -1.564812 -6.138257  -0.290843 0.000000 0.000000
150  0.530458 -1.643673 -6.395212  -0.290844 0.000000 0.000000
151  0.535308 -1.790704 -7.204134  -0.287354 -0.000000 0.000000
152  -0.202706 -2.030479 -7.702829  -0.286180 -0.000000 0.000000
153  0.509545 -2.118888 -8.011622  -0.298398 -0.000000 0.000000
154  -0.202703 -2.255276 -8.465173  -0.283134 -0.000000 0.000000
155  0.509547 -2.352979 -8.771159  -0.295352 -0.000000 0.000000
156  -0.202707 -2.481589 -9.235476  -0.285437 -0.000000 0.000000
157  0.509545 -2.588680 -9.538639  -0.297654 -0.000000 0.000000
158  0.170121 -21.222086 -1.001137  -0.000001 -0.000001 0.000000
159  0.170121 -20.843861 -0.397182  -0.000001 -0.000001 0.000000
160  0.170121 -20.489742 -1.001142  -0.000001 -0.000001 0.000000
161  0.170122 -20.111067 -0.397180  -0.000001 -0.000001 0.000000
162  0.170121 -19.380091 -0.397187  -0.000001 -0.000001 0.000000
163  0.170121 -19.025103 -1.001147  -0.000001 -0.000001 0.000000
164  0.170120 -18.646652 -0.396449  -0.000001 -0.000001 0.000000
165  0.170122 -19.755753 -1.001141  -0.000001 -0.000001 0.000000
166  -0.015974 10.612516 2.686017  0.000001 -0.000000 -0.000000
167  0.059850 -50.160698 6.449381  1.570797 -0.000000 -1.570797
168  0.064652 27.351292 72.195206  0.000000 -0.000000 -0.000001
169  6.064260 95.114006 31.645498  0.000000 -0.000001 1.570796
170  0.054188 102.845642 29.795362  0.000000 0.000001 -1.570796
171  6.064257 69.096550 37.164314  1.570796 0.000000 1.570796
172  1.974301 11.989234 4.589250  0.000000 -0.000000 -0.000000
173  -0.011481 23.944744 5.090361  0.000001 -0.000000 0.000000
174  -1.691251 8.833341 5.763507  0.000001 -0.000000 -0.000000
175  6.064256 89.329803 31.613913  0.000000 -0.000001 1.570796
176  0.059885 2.255335 54.398010  -0.000000 -0.000000 -0.000000
177  0.003497 -22.270645 0.000152  1.570797 -0.000000 -1.570797
178  0.104010 15.380368 2.266152  0.000001 -0.000000 -0.000000
179  5.696438 15.654063 -6.644175  -0.038540 -0.362772 0.673643
180  -3.255361 24.458078 -23.114334  0.181523 0.048807 -1.277059
181  -2.662413 1.445759 33.628738  0.000000 3.141591 1.570796
182  8.352065 2.772897 0.000540  -3.141589 0.000002 -0.000000
183  -2.662412 1.445755 40.667957  0.000000 3.141591 1.570796
184  8.352065 2.772897 0.000539  -3.141589 0.000002 -0.000000
185  -1.431356 16.384779 4.137811  0.000001 -0.000000 0.000000
186  -0.001845 0.521683 -0.140290  0.000000 -0.000000 -0.000000
187  7.323109 -5.136191 -5.166237  -0.000000 0.000000 -0.610865
188  2.698277 -0.000001 0.000000  -0.000012 0.000000 0.000000
189  2.834160 -0.000002 0.000001  0.000013 0.000000 -0.000000
190  2.648918 0.000000 -0.000002  -0.000001 -0.000001 0.000000
191  2.667500 -0.000002 0.000000  -0.000000 -0.000000 -0.000000
192  2.426703 -0.000001 -0.000001  -0.000000 0.000000 -0.000000
193  -0.494742 -44.353447 -1.302299  1.570797 -0.000000 -1.570797
194  11.545938 73.768425 -3.792011  0.000000 -0.000000 -0.000000
195  -0.011103 -16.902813 1.952047  0.000001 -0.000000 -0.000000
196  0.000000 0.000001 -1.529052  -0.000000 -0.000000 0.000000
197  -0.078942 -0.000001 0.000001  0.000000 0.000001 1.570796
198  0.097092 -0.000002 0.000001  -0.000000 -3.141592 1.570796
199  0.000000 0.000000 0.000000  0.000000 -0.000000 -0.000000
200  -3.963139 6.658234 -9.169670  -0.277421 0.144372 -0.386592
201  5.666593 5.937630 -11.122507  -0.447971 -0.467619 0.062329
time 10
0  0 0 0  0 0 0
1  0.000000 0.000000 0.000000  0.000000 -0.000000 -0.000000
2  -0.000005 0.000023 -61.375507  0.000000 0.000000 -1.570795
3  -0.012872 0.000000 8.235020  -1.570799 -1.570796 0.000000
4  16.163128 -0.012870 -0.000002  -0.000000 -0.000000 0.000000
5  16.163143 -0.000009 3.830524  -3.089336 -1.570794 0.000000
6  -0.000031 -0.000001 -0.000000  0.337194 -0.156798 0.396073
7  -0.000002 -0.000006 0.000000  0.000000 0.000000 -0.380600
8  0.000000 0.000001 0.000000  0.106378 -0.000000 -0.000000
9  0.000002 0.000002 0.000002  0.212731 -0.000000 -0.000000
10  -0.000001 0.000001 0.000001  0.319111 -0.000000 -0.000000
11  -0.000001 0.000001 0.000003  0.425518 0.000000 -0.000000
12  -0.000004 -0.000000 -0.000001  0.531899 -0.000000 -0.000000
13  -0.000001 -0.000000 0.000001  0.638303 -0.000000 -0.000000
14  -0.000002 -0.000000 0.000001  0.744647 -0.000000 -0.000000
15  -0.000004 0.000003 0.000004  0.828718 0.114035 -0.266397
16  -0.000005 -0.000002 0.000001  0.086969 0.049711 -0.027416
17  -0.000003 0.000001 0.000003  0.015279 0.019230 -0.252628
18  -0.000003 0.000002 0.000004  0.007426 0.002188 -0.079361
19  0.000000 0.000002 -0.000002  0.415948 0.466690 -0.368788
20  -0.000001 0.000000 -0.000001  0.000000 0.000000 -0.975161
21  -0.000002 -0.000000 -0.000000  0.000000 0.000000 1.214187
22  -0.000006 -0.000001 -0.000002  0.156090 0.541535 0.196651
23  -0.000001 -0.000002 0.000001  -0.000000 0.000000 -0.892515
24  0.000001 0.000000 0.000001  -0.000000 0.000000 -0.215757
25  0.000001 0.000000 -0.000002  0.284597 0.479319 -0.032061
26  -0.000001 -0.000001 0.000001  -0.000000 0.000000 -1.327196
27  0.000001 0.000000 -0.000001  -0.000000 -0.000000 1.101870
28  0.000001 -0.000001 0.000002  0.128923 0.581721 0.027279
29  -0.000000 -0.000000 0.000001  -0.000000 0.000000 0.174237
30  0.000000 0.000002 0.000001  0.000000 -0.000000 -0.850167
31  16.163136 0.000012 -3.830531  -3.098550 1.570794 0.000000
32  -0.000018 -0.000001 0.000001  -0.251383 0.078340 0.476214
33  0.000000 0.000001 0.000001  0.000000 -0.000000 -0.402878
34  0.000000 -0.000000 0.000000  -0.082362 0.000000 -0.000000
35  -0.000002 -0.000003 -0.000000  -0.164803 0.000000 0.000000
36  -0.000003 -0.000001 0.000000  -0.247219 0.000000 0.000000
37  -0.000001 -0.000001 0.000000  -0.329626 -0.000000 0.000000
38  -0.000007 -0.000000 0.000001  -0.412040 -0.000000 -0.000000
39  -0.000004 -0.000000 0.000001  -0.494478 -0.000000 -0.000000
40  -0.000002 -0.000002 0.000000  -0.576893 0.000000 0.000000
41  -0.000008 -0.000005 -0.000000  -0.696626 0.228197 0.066185
42  1.410070 0.800524 2.089136  -2.009768 -0.630254 0.591907
43  3.954720 0.000010 0.000004  -0.000000 -0.000002 0.166319
44  3.101561 -0.000008 0.000004  -0.000001 -0.000000 0.240238
45  7.183347 -0.532112 3.267603  -0.123210 -0.020355 -0.052486
46  3.511601 -0.000002 -0.000001  0.000003 0.000001 0.099571
47  2.199404 0.000006 -0.000001  -0.000001 -0.000001 0.029267
48  7.145094 -0.676363 1.382419  -0.086920 0.009133 -0.085505
49  3.672219 -0.000003 0.000001  0.000001 -0.000000 0.142941
50  2.676519 -0.000001 -0.000001  -0.000001 -0.000001 -0.026075
51  6.831176 -0.870881 -0.599928  -0.130311 0.006346 -0.065012
52  3.657079 -0.000001 -0.000001  -0.000000 0.000001 0.057734
53  2.496794 -0.000001 0.000003  -0.000000 -0.000001 -0.091108
54  6.164467 -0.898159 -2.575027  -0.090704 0.013515 -0.151468
55  2.805849 -0.000004 0.000002  -0.000002 -0.000001 0.079091
56  2.307434 0.000001 -0.000004  0.000002 0.000001 -0.056419
57  0.000000 0.000000 -0.000000  -0.004030 0.001766 -0.001835
58  -8.037619 3.007217 -13.495426  -0.312951 0.245690 -0.462481
59  0.071252 114.357025 62.238789  -0.000000 -0.000000 0.000000
60  1.986524 0.000014 -3.123740  -2.705260 -0.000000 -1.570797
61  -1.986687 0.000015 -3.123746  0.436333 0.000001 1.570797
62  0.000003 0.000001 -0.000006  0.000000 -0.000000 0.000000
63  -1.986690 0.000026 -3.123741  0.436333 0.000001 1.570797
64  -11.344144 1.135894 0.869279  0.000002 -0.025020 -0.026324
65  1.986522 0.000026 -3.123737  -2.705260 -0.000000 -1.570797
66  -11.350047 -0.729422 0.864889  0.000197 -0.025367 0.026442
67  1.754239 4.036765 -1.682672  0.392575 -0.010120 -1.546363
68  -1.755136 4.036767 -1.682672  -0.392577 -0.010391 -1.594986
69  -0.164556 7.327703 3.928702  0.000000 0.000001 -1.570796
70  0.079083 36.742687 -0.508025  0.000001 -0.000000 0.000000
71  -1.260173 8.777409 6.736404  -0.000002 -0.424416 -3.141592
72  1.525193 18.283598 2.968620  0.000000 -0.000000 0.000000
73  0.060216 10.324390 74.469055  0.000008 -0.000000 0.000000
74  0.062810 75.917999 83.075439  1.570797 -0.000000 -1.570796
75  4.804187 -3.971744 0.000001  -0.000000 0.000000 -0.000001
76  -7.041562 -5.025989 -0.000005  -0.000000 -0.000000 -0.000001
77  8.407185 -3.978436 0.003050  -1.570796 1.570795 0.000000
78  10.376194 -3.978439 0.003054  -1.570796 1.570796 0.000000
79  10.194025 -0.314059 -1.749548  -1.570796 1.570796 0.000000
80  20.857891 -4.015563 0.000002  0.000000 -0.000000 -0.000000
81  3.258450 5.856952 -3.403522  -0.000000 -0.000000 -0.000001
82  15.153053 5.860586 -3.403521  -0.000000 -0.000000 -0.000000
83  6.064258 77.294952 36.365791  1.570796 0.000000 1.570796
84  -2.662412 1.445756 40.667957  0.000000 3.141591 1.570796
85  8.352065 2.772897 0.000540  -3.141589 0.000002 0.000000
86  6.064261 72.973686 32.593246  1.570796 0.000000 1.570796
87  0.004366 73.768417 -3.792010  0.000000 -0.000000 0.000000
88  -0.442610 1.284877 8.535295  0.000000 -0.000001 0.000000
89  -0.000003 1.310211 0.000000  0.000000 -0.000000 0.000000
90  -0.000002 0.582259 0.000000  0.000000 -0.000000 0.000000
91  0.036299 1.284874 7.928804  0.000000 -0.000001 0.000000
92  0.000000 1.310208 0.000000  0.000000 -0.000000 0.000000
93  0.000001 0.582257 -0.000002  0.000000 -0.000000 0.000000
94  5.969322 3.427454 -6.170641  -0.000000 -0.000001 -1.570797
95  -1.310210 -0.000004 0.000007  0.000000 0.000000 -0.000000
96  -0.582259 -0.000003 0.000005  0.000000 0.000000 -0.000000
97  5.969326 9.397390 -6.170653  -0.000000 -0.000001 -1.570796
98  -1.310217 -0.000001 0.000006  0.000000 0.000000 -0.000000
99  -0.582267 -0.000001 0.000002  0.000000 0.000001 -0.000000
100  5.969327 15.223761 -6.170665  0.000000 -0.000001 -1.570796
101  -1.310213 -0.000002 0.000000  -0.000000 0.000000 -0.000000
102  -0.582263 -0.000003 -0.000003  -0.000000 0.000001 -0.000000
103  5.969324 20.835564 -6.170666  0.000000 -0.000001 -1.570796
104  -1.310209 0.000001 0.000002  -0.000000 0.000000 -0.000000
105  -0.582258 -0.000002 0.000002  -0.000000 0.000001 -0.000000
106  5.969328 26.771194 -6.170669  0.000000 -0.000001 -1.570796
107  5.969324 32.597588 -6.170665  0.000000 -0.000001 -1.570796
108  5.969322 38.209393 -6.170680  0.000000 -0.000001 -1.570800
109  5.969321 49.488464 -6.170680  0.000000 -0.000001 -1.570800
110  -0.539088 -0.556818 -0.017354  -0.042462 2.681156 1.551919
111  -6.799124 -0.556816 0.818555  -0.272420 2.701993 1.452460
112  -4.615279 -0.556835 0.270329  -0.117230 2.684609 1.518878
113  -2.650969 -0.556817 0.063016  -0.042463 2.681158 1.551919
114  27.110340 1.284845 12.007553  0.000000 -0.000000 -0.000000
115  28.133427 1.284842 12.007549  0.000001 -0.000000 -0.000000
116  12.812887 2.241783 12.007556  0.000000 -0.000001 -0.000001
117  -9.955964 -0.319636 4.380215  -0.000001 -0.000000 -0.000001
118  -11.316469 -0.319636 4.380218  -0.000003 -0.000000 0.000000
119  -12.667810 -0.319628 4.380217  -0.000003 -0.000000 0.000001
120  -14.022138 -0.319628 4.380219  0.000010 -0.000000 -0.000011
121  -15.373240 -0.319627 4.380219  0.000015 -0.000000 -0.000015
122  -16.724140 -0.319628 4.380216  -0.000009 -0.000000 0.000006
123  -18.074570 -0.319630 4.380217  -0.000006 -0.000000 0.000004
124  -19.423714 -0.319629 4.380217  0.000002 0.000000 -0.000004
125  -20.775270 -0.319627 4.380219  0.000003 0.000000 -0.000004
126  -22.126671 -0.319626 4.380217  0.000003 -0.000000 -0.000004
127  -23.478121 -0.319623 4.380219  0.000005 -0.000000 -0.000006
128  -24.830618 -0.319624 4.380216  0.000036 -0.000000 -0.000038
129  -26.182026 -0.319628 4.380216  -0.000011 -0.000000 0.000011
130  0.529181 -0.167144 0.629491  -0.101270 -0.000000 0.000000
131  -0.211440 -0.241696 0.155364  -0.145847 -0.000000 0.000000
132  0.529191 -0.280707 -0.110285  -0.145847 -0.000000 0.000000
133  -0.173923 -0.337338 -0.638494  -0.181751 -0.000000 0.000000
134  0.529189 -0.399255 -0.975389  -0.181751 -0.000000 0.000000
135  -0.211443 -0.464486 -1.431036  -0.192399 -0.000000 0.000000
136  0.529190 -0.515816 -1.694578  -0.192399 -0.000000 0.000000
137  -0.173927 -0.612161 -2.231907  -0.216703 -0.000000 0.000000
138  0.529188 -0.685812 -2.566435  -0.216703 -0.000000 0.000000
139  -0.211446 -0.769569 -3.027863  -0.237349 -0.000000 0.000000
140  0.529187 -0.832692 -3.288843  -0.237349 -0.000000 0.000000
141  -0.173937 -0.945286 -3.779556  -0.233859 0.000000 0.000000
142  0.529179 -1.024660 -4.112774  -0.233859 0.000000 0.000000
143  -0.211441 -1.132196 -4.577542  -0.262919 -0.000000 0.000000
144  0.529193 -1.201977 -4.836821  -0.262919 0.000000 0.000000
145  -0.000005 -2.810950 -10.636624  0.258454 0.000000 3.141592
146  -0.192455 -1.345784 -5.370043  -0.280373 0.000000 0.000000
147  0.533986 -1.413522 -5.605101  -0.276883 0.000000 0.000000
148  -0.206619 -1.795768 -6.909772  -0.287354 0.000000 0.000000
149  -0.205802 -1.564826 -6.138256  -0.290843 0.000000 0.000000
150  0.530458 -1.643677 -6.395209  -0.290844 0.000000 0.000000
151  0.535312 -1.790716 -7.204129  -0.287354 -0.000000 0.000000
152  -0.202702 -2.030493 -7.702828  -0.286180 -0.000000 0.000000
153  0.509549 -2.118902 -8.011618  -0.298398 -0.000000 0.000000
154  -0.202702 -2.255287 -8.465170  -0.283134 -0.000000 0.000000
155  0.509551 -2.352992 -8.771153  -0.295352 -0.000000 0.000000
156  -0.202703 -2.481606 -9.235468  -0.285437 -0.000000 0.000000
157  0.509547 -2.588693 -9.538633  -0.297654 -0.000000 0.000000
158  0.170120 -21.222099 -1.001134  -0.000001 -0.000001 0.000000
159  0.170125 -20.843880 -0.397178  -0.000001 -0.000001 0.000000
160  0.170122 -20.489754 -1.001135  -0.000001 -0.000001 0.000000
161  0.170126 -20.111082 -0.397177  -0.000001 -0.000001 0.000000
162  0.170126 -19.380100 -0.397185  -0.000001 -0.000001 0.000000
163  0.170125 -19.025120 -1.001143  -0.000001 -0.000001 0.000000
164  0.170125 -18.646667 -0.396442  -0.000001 -0.000001 0.000000
165  0.170124 -19.755770 -1.001140  -0.000001 -0.000001 0.000000
166  -0.015972 10.612516 2.686016  0.000001 -0.000000 0.000000
167  0.059848 -50.160702 6.449381  1.570797 -0.000000 -1.570797
168  0.064654 27.351288 72.195206  0.000000 -0.000000 -0.000001
169  6.064260 95.114006 31.645500  0.000000 -0.000001 1.570796
170  0.054190 102.845634 29.795357  0.000000 0.000001 -1.570796
171  6.064260 69.096558 37.164318  1.570796 0.000000 1.570796
172  1.974302 11.989233 4.589249  0.000000 -0.000000 0.000000
173  -0.011481 23.944744 5.090360  0.000001 -0.000000 0.000000
174  -1.691251 8.833341 5.763506  0.000001 -0.000000 0.000000
175  6.064264 89.329803 31.613914  0.000000 -0.000001 1.570796
176  0.059885 2.255336 54.398010  -0.000000 -0.000000 0.000000
177  0.003495 -22.270643 0.000153  1.570797 -0.000000 -1.570797
178  0.104011 15.380369 2.266150  0.000001 -0.000000 0.000000
179  6.492812 20.665888 -3.593614  -0.063621 -0.471370 0.828093
180  -3.255360 24.458076 -23.114340  0.181523 0.048807 -1.277059
181  -2.662413 1.445758 33.628742  0.000000 3.141591 1.570796
182  8.352066 2.772897 0.000543  -3.141589 0.000002 0.000000
183  -2.662412 1.445756 40.667957  0.000000 3.141591 1.570796
184  8.352065 2.772897 0.000540  -3.141589 0.000002 0.000000
185  -1.431356 16.384779 4.137811  0.000001 -0.000000 0.000000
186  -0.001844 0.521683 -0.140290  0.000000 -0.000000 0.000000
187  7.323108 -5.136192 -5.166238  0.000000 0.000000 -0.610865
188  2.698277 -0.000001 -0.000002  -0.000012 0.000000 0.000000
189  2.834160 -0.000002 -0.000001  0.000013 0.000000 -0.000000
190  2.648919 -0.000000 -0.000001  -0.000001 -0.000001 0.000000
191  2.667499 -0.000003 0.000002  0.000000 0.000000 -0.000000
192  2.426702 -0.000003 0.000001  0.000000 0.000000 -0.000000
193  -0.494745 -44.353447 -1.302300  1.570797 -0.000000 -1.570797
194  11.545937 73.768417 -3.792008  0.000000 -0.000000 0.000000
195  -0.011104 -16.902813 1.952046  0.000001 -0.000000 0.000000
196  0.000000 0.000000 -1.529052  -0.000000 -0.000000 0.000000
197  -0.078942 -0.000001 0.000001  0.000000 0.000001 1.570796
198  0.097092 0.000000 0.000002  -0.000000 -3.141592 1.570796
199  0.000000 0.000000 0.000000  0.000000 -0.000000 -0.000000
200  -5.348878 8.870872 -10.737157  -0.312951 0.245690 -0.462481
201  6.296481 7.053437 -12.640418  -0.479611 -0.517070 0.091717
time 11
0  0 0 0  0 0 0
1  0.000000 0.000000 0.000000  0.000000 -0.000000 -0.000000
2  -0.000005 0.000023 -61.375507  0.000000 0.000000 -1.570795
3  -0.012872 0.000000 8.235020  -1.570799 -1.570796 0.000000
4  16.163128 -0.012870 -0.000002  -0.000000 -0.000000 0.000000
5  16.163143 -0.000009 3.830524  -3.089336 -1.570794 0.000000
6  -0.000031 -0.000001 -0.000000  0.382706 -0.188092 0.434971
7  0.000001 -0.000008 0.000002  0.000000 0.000000 -0.411479
8  0.000000 0.000001 0.000000  0.117381 -0.000000 -0.000000
9  0.000002 0.000001 -0.000000  0.234738 -0.000000 -0.000000
10  -0.000002 0.000002 0.000002  0.352108 -0.000000 -0.000000
11  -0.000002 0.000001 0.000002  0.469525 0.000000 -0.000000
12  -0.000002 -0.000000 -0.000002  0.586896 -0.000000 -0.000000
13  -0.000001 -0.000000 0.000001  0.704308 -0.000000 -0.000000
14  -0.000002 -0.000000 0.000001  0.821716 -0.000000 -0.000000
15  -0.000002 0.000001 0.000004  0.915760 0.131202 -0.264160
16  -0.000005 0.000003 0.000001  0.086698 0.049551 -0.027338
17  -0.000002 0.000002 0.000004  0.015264 0.019160 -0.251859
18  -0.000002 -0.000001 0.000003  0.007396 0.002186 -0.079117
19  -0.000000 0.000004 -0.000001  0.414857 0.465118 -0.367921
20  -0.000002 0.000000 -0.000001  0.000000 0.000000 -0.972227
21  0.000002 -0.000001 -0.000000  0.000000 0.000000 1.210513
22  -0.000004 0.000001 -0.000002  0.155380 0.539936 0.195835
23  -0.000001 0.000000 0.000001  -0.000000 0.000000 -0.889844
24  -0.000000 -0.000001 0.000001  0.000000 -0.000000 -0.215112
25  0.000002 0.000004 -0.000002  0.283679 0.477865 -0.032200
26  -0.000001 -0.000001 0.000001  -0.000000 0.000000 -1.323173
27  0.000001 -0.000001 -0.000000  -0.000000 -0.000000 1.098542
28  0.000000 0.000003 0.000002  0.128445 0.579976 0.027049
29  0.000000 0.000002 0.000001  -0.000000 -0.000000 0.173716
30  0.000000 0.000001 0.000000  0.000000 0.000000 -0.847622
31  16.163136 0.000012 -3.830531  -3.098550 1.570794 0.000000
32  -0.000018 -0.000001 0.000001  -0.286697 0.096890 0.587686
33  -0.000001 0.000001 0.000000  0.000000 -0.000000 -0.467455
34  0.000000 0.000000 0.000000  -0.099593 0.000000 -0.000000
35  -0.000002 -0.000002 0.000002  -0.199188 0.000000 0.000000
36  -0.000003 -0.000001 0.000002  -0.298788 0.000000 0.000000
37  -0.000002 0.000000 0.000000  -0.398394 -0.000000 0.000000
38  -0.000005 0.000001 0.000000  -0.498004 -0.000000 -0.000000
39  -0.000002 0.000000 0.000000  -0.597617 -0.000000 -0.000000
40  -0.000002 -0.000002 0.000002  -0.697289 0.000000 0.000000
41  -0.000008 -0.000004 -0.000001  -0.835165 0.173492 0.063101
42  1.410069 0.800527 2.089138  -2.009768 -0.630254 0.591907
43  3.954720 0.000011 0.000004  -0.000000 -0.000002 0.166319
44  3.101559 -0.000007 0.000004  -0.000001 -0.000000 0.240238
45  7.183347 -0.532108 3.267605  -0.123210 -0.020355 -0.052486
46  3.511601 0.000000 0.000000  0.000003 0.000001 0.099571
47  2.199403 0.000000 0.000000  -0.000001 -0.000001 0.029267
48  7.145095 -0.676359 1.382421  -0.086920 0.009133 -0.085505
49  3.672220 -0.000003 0.000001  0.000001 -0.000000 0.142941
50  2.676517 -0.000005 0.000000  -0.000001 -0.000001 -0.026075
51  6.831175 -0.870877 -0.599926  -0.130311 0.006346 -0.065012
52  3.657080 -0.000002 -0.000001  -0.000000 0.000001 0.057734
53  2.496794 0.000002 0.000003  0.000000 -0.000001 -0.091108
54  6.164466 -0.898156 -2.575025  -0.090704 0.013515 -0.151468
55  2.805848 -0.000004 0.000001  -0.000002 -0.000001 0.079091
56  2.307435 -0.000004 -0.000003  0.000002 0.000001 -0.056419
57  0.000000 0.000000 -0.000000  -0.003057 0.005979 -0.001840
58  -9.985207 4.334793 -16.978491  -0.348489 0.360951 -0.538825
59  0.071249 114.357033 62.238792  0.000000 0.000000 -0.000000
60  1.986518 0.000015 -3.123737  -2.705260 -0.000000 -1.570797
61  -1.986695 0.000021 -3.123745  0.436333 0.000001 1.570797
62  -0.000006 0.000002 -0.000005  0.000000 0.000000 -0.000000
63  -1.986688 0.000016 -3.123741  0.436333 0.000001 1.570797
64  -11.344154 1.135892 0.869279  0.000002 -0.025019 -0.026324
65  1.986526 0.000020 -3.123736  -2.705260 -0.000000 -1.570797
66  -11.350065 -0.729426 0.864889  0.000197 -0.025367 0.026442
67  1.754242 4.036762 -1.682671  0.392575 -0.010120 -1.546363
68  -1.755135 4.036758 -1.682670  -0.392577 -0.010391 -1.594986
69  -0.164556 7.327705 3.928702  -0.000000 0.000001 -1.570796
70  0.079080 36.742691 -0.508021  0.000001 0.000000 -0.000000
71  -1.260173 8.777410 6.736405  -0.000002 -0.424415 -3.141592
72  1.525193 18.283598 2.968621  0.000000 0.000000 -0.000000
73  0.060215 10.324388 74.469055  0.000008 0.000000 -0.000000
74  0.062809 75.917999 83.075432  1.570797 0.000000 -1.570796
75  4.804180 -3.971739 0.000001  -0.000000 0.000000 -0.000000
76  -7.041567 -5.025987 -0.000002  -0.000000 -0.000000 -0.000000
77  8.407178 -3.978431 0.003052  -1.570796 1.570795 0.000000
78  10.376190 -3.978437 0.003049  -1.570796 1.570796 0.000000
79  10.194016 -0.314055 -1.749549  -1.570796 1.570796 0.000000
80  20.857887 -4.015558 0.000003  0.000000 -0.000000 0.000000
81  3.258443 5.856961 -3.403525  -0.000000 -0.000000 -0.000000
82  15.153050 5.860587 -3.403524  -0.000000 -0.000000 0.000000
83  6.064257 77.294952 36.365795  1.570796 -0.000000 1.570796
84  -2.662413 1.445755 40.667957  -0.000000 3.141591 1.570796
85  8.352065 2.772897 0.000543  -3.141589 0.000002 -0.000000
86  6.064255 72.973694 32.593250  1.570796 -0.000000 1.570796
87  0.004365 73.768417 -3.792006  0.000000 0.000000 0.000000
88  -0.442611 1.284889 8.535282  -0.000000 -0.000001 0.000000
89  0.000002 1.310207 -0.000001  0.000000 0.000000 0.000000
90  -0.000000 0.582261 0.000001  0.000000 0.000000 0.000000
91  0.036295 1.284893 7.928791  -0.000000 -0.000001 0.000000
92  -0.000003 1.310211 0.000002  0.000000 -0.000000 0.000000
93  -0.000003 0.582258 0.000004  0.000000 -0.000000 0.000000
94  5.969323 3.427464 -6.170654  -0.000001 -0.000001 -1.570797
95  -1.310214 0.000004 0.000000  0.000000 -0.000000 -0.000000
96  -0.582268 -0.000000 0.000002  0.000000 -0.000000 -0.000000
97  5.969323 9.397407 -6.170664  -0.000001 -0.000001 -1.570796
98  -1.310213 -0.000004 -0.000003  0.000000 0.000000 -0.000000
99  -0.582261 -0.000004 -0.000002  0.000000 0.000000 -0.000000
100  5.969319 15.223777 -6.170674  -0.000000 -0.000001 -1.570796
101  -1.310202 0.000007 0.000003  -0.000000 0.000001 -0.000000
102  -0.582253 0.000001 0.000005  -0.000000 0.000000 -0.000000
103  5.969325 20.835575 -6.170675  -0.000000 -0.000001 -1.570796
104  -1.310214 0.000005 0.000005  -0.000000 0.000001 -0.000000
105  -0.582267 0.000003 0.000007  -0.000000 0.000000 -0.000000
106  5.969325 26.771217 -6.170678  -0.000000 -0.000001 -1.570796
107  5.969321 32.597607 -6.170678  -0.000000 -0.000001 -1.570796
108  5.969321 38.209404 -6.170691  -0.000000 -0.000001 -1.570800
109  5.969319 49.488480 -6.170692  -0.000000 -0.000001 -1.570800
110  -0.539094 -0.556798 -0.017367  -0.042462 2.681156 1.551919
111  -6.799126 -0.556794 0.818548  -0.272420 2.701993 1.452460
112  -4.615284 -0.556813 0.270326  -0.117230 2.684609 1.518878
113  -2.650971 -0.556799 0.063004  -0.042463 2.681158 1.551919
114  27.110340 1.284863 12.007540  -0.000000 -0.000000 0.000000
115  28.133425 1.284861 12.007545  0.000001 -0.000000 0.000000
116  12.812887 2.241791 12.007546  -0.000000 -0.000001 -0.000001
117  -9.955969 -0.319614 4.380212  -0.000001 -0.000000 -0.000001
118  -11.316475 -0.319612 4.380209  -0.000003 -0.000000 -0.000000
119  -12.667814 -0.319609 4.380211  -0.000003 -0.000000 0.000001
120  -14.022146 -0.319606 4.380211  0.000009 -0.000000 -0.000011
121  -15.373245 -0.319606 4.380213  0.000015 -0.000000 -0.000015
122  -16.724144 -0.319608 4.380211  -0.000009 -0.000000 0.000006
123  -18.074575 -0.319613 4.380214  -0.000006 0.000000 0.000004
124  -19.423717 -0.319606 4.380212  0.000002 0.000000 -0.000004
125  -20.775276 -0.319605 4.380214  0.000003 0.000000 -0.000004
126  -22.126675 -0.319601 4.380212  0.000003 0.000000 -0.000004
127  -23.478128 -0.319603 4.380212  0.000005 0.000000 -0.000006
128  -24.830624 -0.319607 4.380212  0.000036 0.000000 -0.000038
129  -26.182034 -0.319608 4.380212  -0.000011 0.000000 0.000011
130  0.529182 -0.167122 0.629478  -0.101270 -0.000000 0.000000
131  -0.211446 -0.241675 0.155357  -0.145847 -0.000000 0.000000
132  0.529188 -0.280694 -0.110300  -0.145847 -0.000000 -0.000000
133  -0.173931 -0.337310 -0.638498  -0.181751 -0.000000 0.000000
134  0.529188 -0.399240 -0.975397  -0.181751 -0.000000 0.000000
135  -0.211443 -0.464472 -1.431046  -0.192399 -0.000000 0.000000
136  0.529188 -0.515798 -1.694587  -0.192400 -0.000000 0.000000
137  -0.173930 -0.612143 -2.231913  -0.216703 -0.000000 0.000000
138  0.529185 -0.685793 -2.566443  -0.216703 -0.000000 0.000000
139  -0.211446 -0.769547 -3.027875  -0.237349 -0.000000 0.000000
140  0.529186 -0.832684 -3.288850  -0.237349 -0.000000 0.000000
141  -0.173941 -0.945273 -3.779569  -0.233859 0.000000 0.000000
142  0.529175 -1.024649 -4.112783  -0.233859 0.000000 -0.000000
143  -0.211445 -1.132177 -4.577551  -0.262919 -0.000000 0.000000
144  0.529186 -1.201956 -4.836827  -0.262919 0.000000 -0.000000
145  -0.000008 -2.810930 -10.636631  0.258454 0.000000 3.141592
146  -0.192457 -1.345771 -5.370049  -0.280373 0.000000 0.000000
147  0.533983 -1.413502 -5.605109  -0.276883 0.000000 0.000000
148  -0.206623 -1.795749 -6.909782  -0.287354 0.000000 0.000000
149  -0.205805 -1.564811 -6.138260  -0.290843 0.000000 0.000000
150  0.530456 -1.643665 -6.395217  -0.290844 0.000000 0.000000
151  0.535309 -1.790699 -7.204140  -0.287354 -0.000000 0.000000
152  -0.202701 -2.030482 -7.702834  -0.286180 -0.000000 0.000000
153  0.509548 -2.118890 -8.011630  -0.298398 -0.000000 0.000000
154  -0.202707 -2.255267 -8.465175  -0.283134 -0.000000 0.000000
155  0.509545 -2.352975 -8.771162  -0.295352 -0.000000 0.000000
156  -0.202709 -2.481585 -9.235476  -0.285437 -0.000000 0.000000
157  0.509549 -2.588677 -9.538645  -0.297654 -0.000000 0.000000
158  0.170122 -21.222086 -1.001146  -0.000001 -0.000001 0.000000
159  0.170121 -20.843857 -0.397187  -0.000001 -0.000001 0.000000
160  0.170122 -20.489738 -1.001145  -0.000001 -0.000001 0.000000
161  0.170121 -20.111065 -0.397182  -0.000001 -0.000001 0.000000
162  0.170117 -19.380079 -0.397189  -0.000001 -0.000001 0.000000
163  0.170123 -19.025103 -1.001149  -0.000001 -0.000001 0.000000
164  0.170118 -18.646648 -0.396448  -0.000001 -0.000001 0.000000
165  0.170122 -19.755753 -1.001146  -0.000001 -0.000001 0.000000
166  -0.015973 10.612516 2.686017  0.000001 0.000000 -0.000000
167  0.059851 -50.160702 6.449380  1.570797 -0.000000 -1.570797
168  0.064651 27.351288 72.195206  0.000000 -0.000000 -0.000001
169  6.064252 95.114014 31.645500  0.000000 -0.000001 1.570796
170  0.054184 102.845634 29.795364  -0.000000 0.000001 -1.570796
171  6.064251 69.096558 37.164314  1.570796 -0.000000 1.570796
172  1.974303 11.989233 4.589250  0.000000 0.000000 -0.000000
173  -0.011481 23.944746 5.090362  0.000001 0.000000 0.000000
174  -1.691251 8.833343 5.763507  0.000001 0.000000 -0.000000
175  6.064260 89.329811 31.613918  0.000000 -0.000001 1.570796
176  0.059886 2.255334 54.398006  0.000000 0.000000 -0.000000
177  0.003497 -22.270645 0.000145  1.570797 0.000000 -1.570797
178  0.104010 15.380370 2.266152  0.000001 0.000000 -0.000000
179  6.491005 25.802832 0.461538  -0.124882 -0.583291 1.007735
180  -3.255360 24.458078 -23.114334  0.181523 0.048807 -1.277059
181  -2.662413 1.445757 33.628742  -0.000000 3.141591 1.570796
182  8.352064 2.772896 0.000542  -3.141589 0.000002 -0.000000
183  -2.662413 1.445755 40.667957  -0.000000 3.141591 1.570796
184  8.352065 2.772897 0.000543  -3.141589 0.000002 -0.000000
185  -1.431356 16.384779 4.137811  0.000001 0.000000 0.000000
186  -0.001845 0.521683 -0.140288  0.000000 0.000000 -0.000000
187  7.323108 -5.136192 -5.166234  0.000000 0.000000 -0.610865
188  2.698278 -0.000001 -0.000002  -0.000012 0.000000 0.000000
189  2.834160 -0.000001 0.000001  0.000013 0.000000 0.000000
190  2.648918 -0.000002 0.000000  -0.000001 -0.000001 0.000000
191  2.667499 -0.000002 -0.000001  0.000000 -0.000000 0.000000
192  2.426702 -0.000002 -0.000003  0.000000 0.000000 -0.000000
193  -0.494742 -44.353447 -1.302298  1.570797 0.000000 -1.570797
194  11.545934 73.768417 -3.792005  0.000000 0.000000 -0.000000
195  -0.011102 -16.902815 1.952046  0.000001 0.000000 -0.000000
196  0.000000 0.000000 -1.529054  -0.000000 -0.000000 -0.000000
197  -0.078943 -0.000002 0.000001  0.000000 0.000001 1.570796
198  0.097091 -0.000000 0.000000  -0.000000 -3.141592 1.570796
199  0.000000 0.000000 0.000000  0.000000 -0.000000 -0.000000
200  -6.637815 11.166156 -12.232804  -0.348489 0.360951 -0.538825
201  6.926369 8.169239 -14.158329  -0.508949 -0.566311 0.123575
time 12
0  0 0 0  0 0 0
1  0.000000 0.000000 0.000000  0.000000 -0.000000 -0.000000
2  -0.000005 0.000023 -61.375507  0.000000 0.000000 -1.570795
3  -0.012872 0.000000 8.235020  -1.570799 -1.570796 0.000000
4  16.163128 -0.012870 -0.000002  -0.000000 -0.000000 0.000000
5  16.163143 -0.000009 3.830524  -3.089336 -1.570794 0.000000
6  -0.000031 -0.000001 -0.000000  0.428766 -0.220972 0.471043
7  0.000001 -0.000007 0.000003  0.000000 0.000000 -0.435452
8  0.000000 0.000001 -0.000001  0.128388 -0.000000 -0.000000
9  0.000001 0.000001 -0.000001  0.256755 -0.000000 -0.000000
10  -0.000002 0.000001 0.000001  0.385201 -0.000000 -0.000000
11  -0.000002 0.000000 -0.000001  0.513576 0.000000 -0.000000
12  -0.000002 0.000000 -0.000001  0.641968 -0.000000 -0.000000
13  -0.000003 -0.000001 -0.000002  0.770399 -0.000000 -0.000000
14  -0.000002 -0.000001 -0.000002  0.898813 -0.000000 -0.000000
15  -0.000004 0.000002 0.000003  1.003048 0.148110 -0.260417
16  -0.000006 -0.000001 0.000001  0.086427 0.049391 -0.027260
17  -0.000003 0.000001 0.000004  0.015248 0.019090 -0.251091
18  -0.000001 0.000002 0.000003  0.007366 0.002184 -0.078873
19  0.000000 0.000003 -0.000002  0.413765 0.463546 -0.367053
20  -0.000001 0.000001 0.000000  0.000000 -0.000000 -0.969293
21  0.000001 0.000000 -0.000002  0.000000 0.000000 1.206839
22  -0.000005 0.000001 -0.000001  0.154672 0.538337 0.195022
23  -0.000001 -0.000002 0.000001  -0.000000 0.000000 -0.887173
24  -0.000002 -0.000001 0.000000  -0.000000 -0.000000 -0.214468
25  0.000000 0.000003 -0.000002  0.282762 0.476412 -0.032337
26  -0.000002 -0.000001 0.000002  -0.000000 0.000000 -1.319151
27  -0.000001 -0.000000 0.000000  -0.000000 -0.000000 1.095215
28  0.000001 0.000001 0.000002  0.127969 0.578232 0.026819
29  0.000000 0.000001 -0.000001  -0.000000 -0.000000 0.173195
30  0.000001 0.000001 0.000000  0.000000 0.000000 -0.845078
31  16.163136 0.000012 -3.830531  -3.098550 1.570794 0.000000
32  -0.000018 -0.000001 0.000001  -0.321584 0.116253 0.693629
33  -0.000001 -0.000003 0.000001  0.000000 -0.000000 -0.517616
34  0.000000 -0.000000 -0.000001  -0.117503 0.000000 -0.000000
35  -0.000002 -0.000002 -0.000002  -0.234984 0.000000 0.000000
36  -0.000003 -0.000001 -0.000001  -0.352542 0.000000 0.000000
37  -0.000001 -0.000000 -0.000001  -0.470027 -0.000000 0.000000
38  -0.000005 -0.000000 0.000001  -0.587597 -0.000000 -0.000000
39  -0.000005 0.000000 -0.000001  -0.705088 -0.000000 -0.000000
40  -0.000002 -0.000002 0.000000  -0.822648 0.000000 0.000000
41  -0.000007 -0.000004 -0.000002  -0.971923 0.108317 0.063955
42  1.410069 0.800524 2.089138  -2.009768 -0.630254 0.591907
43  3.954720 0.000012 0.000007  -0.000000 -0.000002 0.166320
44  3.101560 -0.000008 0.000004  -0.000001 -0.000000 0.240238
45  7.183347 -0.532109 3.267603  -0.123210 -0.020355 -0.052486
46  3.511602 -0.000003 -0.000000  0.000003 0.000001 0.099571
47  2.199404 0.000002 0.000000  -0.000001 -0.000001 0.029267
48  7.145095 -0.676363 1.382421  -0.086920 0.009133 -0.085505
49  3.672219 0.000000 0.000000  0.000001 -0.000000 0.142941
50  2.676520 -0.000004 0.000001  -0.000001 -0.000001 -0.026075
51  6.831176 -0.870882 -0.599926  -0.130311 0.006346 -0.065012
52  3.657080 -0.000003 -0.000002  -0.000000 0.000001 0.057734
53  2.496793 0.000002 0.000003  0.000000 -0.000001 -0.091108
54  6.164467 -0.898158 -2.575026  -0.090704 0.013515 -0.151468
55  2.805849 -0.000004 0.000001  -0.000002 -0.000001 0.079091
56  2.307435 -0.000006 -0.000002  0.000002 0.000001 -0.056419
57  0.000000 0.000000 -0.000000  -0.001962 0.009215 -0.001840
58  -11.986653 5.762093 -20.555708  -0.383229 0.484376 -0.613031
59  0.071254 114.357018 62.238796  0.000000 -0.000000 0.000000
60  1.986528 0.000015 -3.123735  -2.705260 -0.000000 -1.570797
61  -1.986695 0.000012 -3.123748  0.436333 0.000001 1.570797
62  0.000004 -0.000004 -0.000005  0.000000 -0.000000 0.000000
63  -1.986693 0.000014 -3.123740  0.436333 0.000001 1.570797
64  -11.344153 1.135889 0.869279  0.000002 -0.025020 -0.026324
65  1.986523 0.000021 -3.123733  -2.705260 -0.000000 -1.570797
66  -11.350044 -0.729429 0.864880  0.000197 -0.025367 0.026442
67  1.754237 4.036761 -1.682668  0.392575 -0.010120 -1.546363
68  -1.755141 4.036754 -1.682669  -0.392577 -0.010391 -1.594986
69  -0.164556 7.327703 3.928706  0.000000 0.000001 -1.570796
70  0.079081 36.742691 -0.508020  0.000001 -0.000000 0.000000
71  -1.260174 8.777408 6.736407  -0.000002 -0.424415 -3.141592
72  1.525193 18.283596 2.968624  0.000000 -0.000000 0.000000
73  0.060213 10.324386 74.469055  0.000008 -0.000000 0.000000
74  0.062819 75.917992 83.075439  1.570797 0.000000 -1.570796
75  4.804183 -3.971737 -0.000007  -0.000000 0.000000 -0.000000
76  -7.041567 -5.025987 -0.000005  -0.000000 -0.000000 -0.000000
77  8.407179 -3.978430 0.003053  -1.570796 1.570795 0.000000
78  10.376184 -3.978441 0.003055  -1.570796 1.570796 0.000000
79  10.194016 -0.314060 -1.749555  -1.570796 1.570796 0.000000
80  20.857883 -4.015559 -0.000005  0.000000 -0.000000 -0.000000
81  3.258439 5.856958 -3.403525  -0.000000 -0.000000 -0.000000
82  15.153044 5.860587 -3.403526  -0.000000 -0.000000 -0.000000
83  6.064254 77.294952 36.365799  1.570796 -0.000000 1.570796
84  -2.662411 1.445754 40.667957  0.000000 3.141591 1.570796
85  8.352066 2.772897 0.000542  -3.141589 0.000002 0.000000
86  6.064259 72.973686 32.593254  1.570796 -0.000000 1.570796
87  0.004368 73.768410 -3.792006  0.000000 -0.000000 0.000000
88  -0.442610 1.284882 8.535289  -0.000000 -0.000001 0.000000
89  0.000000 1.310205 0.000003  0.000000 0.000000 0.000000
90  -0.000004 0.582256 -0.000003  0.000000 0.000000 0.000000
91  0.036304 1.284879 7.928798  -0.000000 -0.000001 0.000000
92  0.000000 1.310204 -0.000003  0.000000 0.000000 0.000000
93  0.000002 0.582255 -0.000003  0.000000 0.000000 0.000000
94  5.969324 3.427470 -6.170654  -0.000000 -0.000001 -1.570797
95  -1.310208 0.000003 -0.000003  0.000000 -0.000000 -0.000000
96  -0.582261 -0.000003 -0.000005  0.000000 -0.000000 -0.000000
97  5.969324 9.397400 -6.170659  -0.000000 -0.000001 -1.570796
98  -1.310201 0.000001 -0.000006  0.000000 0.000000 -0.000000
99  -0.582256 -0.000001 -0.000003  0.000000 0.000000 -0.000000
100  5.969328 15.223767 -6.170670  0.000000 -0.000001 -1.570796
101  -1.310216 0.000007 0.000003  -0.000000 0.000000 -0.000000
102  -0.582268 0.000007 0.000002  -0.000000 0.000000 -0.000000
103  5.969324 20.835575 -6.170672  0.000000 -0.000001 -1.570796
104  -1.310208 0.000003 0.000002  -0.000000 0.000000 -0.000000
105  -0.582258 -0.000001 0.000005  -0.000000 0.000000 -0.000000
106  5.969328 26.771210 -6.170670  0.000000 -0.000001 -1.570796
107  5.969328 32.597595 -6.170676  0.000000 -0.000001 -1.570796
108  5.969324 38.209404 -6.170686  -0.000000 -0.000001 -1.570800
109  5.969326 49.488464 -6.170685  -0.000000 -0.000001 -1.570800
110  -0.539087 -0.556807 -0.017362  -0.042462 2.681156 1.551919
111  -6.799120 -0.556807 0.818552  -0.272420 2.701993 1.452460
112  -4.615278 -0.556824 0.270329  -0.117230 2.684609 1.518878
113  -2.650966 -0.556804 0.063008  -0.042463 2.681158 1.551919
114  27.110336 1.284859 12.007548  -0.000000 -0.000000 -0.000000
115  28.133427 1.284857 12.007547  0.000001 -0.000000 -0.000000
116  12.812889 2.241791 12.007549  -0.000000 -0.000001 -0.000001
117  -9.955961 -0.319623 4.380211  -0.000001 -0.000000 -0.000001
118  -11.316470 -0.319618 4.380215  -0.000003 -0.000000 0.000000
119  -12.667805 -0.319621 4.380213  -0.000003 -0.000000 0.000001
120  -14.022138 -0.319621 4.380213  0.000010 -0.000000 -0.000011
121  -15.373236 -0.319620 4.380211  0.000015 -0.000000 -0.000015
122  -16.724140 -0.319617 4.380214  -0.000009 -0.000000 0.000006
123  -18.074566 -0.319619 4.380212  -0.000006 0.000000 0.000004
124  -19.423714 -0.319618 4.380213  0.000002 0.000000 -0.000004
125  -20.775269 -0.319616 4.380211  0.000003 0.000000 -0.000004
126  -22.126671 -0.319617 4.380215  0.000003 0.000000 -0.000004
127  -23.478121 -0.319617 4.380215  0.000005 -0.000000 -0.000006
128  -24.830614 -0.319617 4.380214  0.000036 -0.000000 -0.000038
129  -26.182022 -0.319620 4.380213  -0.000011 -0.000000 0.000011
130  0.529183 -0.167125 0.629481  -0.101270 -0.000000 0.000000
131  -0.211440 -0.241682 0.155360  -0.145847 -0.000000 0.000000
132  0.529192 -0.280698 -0.110292  -0.145847 -0.000000 0.000000
133  -0.173926 -0.337322 -0.638498  -0.181751 -0.000000 0.000000
134  0.529192 -0.399244 -0.975394  -0.181751 -0.000000 0.000000
135  -0.211439 -0.464476 -1.431043  -0.192399 -0.000000 0.000000
136  0.529189 -0.515803 -1.694581  -0.192400 -0.000000 0.000000
137  -0.173923 -0.612151 -2.231911  -0.216703 -0.000000 0.000000
138  0.529190 -0.685800 -2.566443  -0.216703 -0.000000 0.000000
139  -0.211443 -0.769559 -3.027871  -0.237349 -0.000000 0.000000
140  0.529191 -0.832685 -3.288847  -0.237349 -0.000000 0.000000
141  -0.173936 -0.945279 -3.779566  -0.233859 0.000000 0.000000
142  0.529180 -1.024652 -4.112780  -0.233859 0.000000 0.000000
143  -0.211439 -1.132183 -4.577548  -0.262919 -0.000000 0.000000
144  0.529195 -1.201963 -4.836824  -0.262919 0.000000 0.000000
145  -0.000004 -2.810937 -10.636630  0.258454 0.000000 3.141592
146  -0.192452 -1.345773 -5.370048  -0.280373 0.000000 0.000000
147  0.533988 -1.413507 -5.605106  -0.276883 0.000000 0.000000
148  -0.206618 -1.795755 -6.909777  -0.287354 0.000000 0.000000
149  -0.205800 -1.564818 -6.138260  -0.290843 0.000000 0.000000
150  0.530461 -1.643671 -6.395215  -0.290844 0.000000 0.000000
151  0.535315 -1.790711 -7.204134  -0.287354 -0.000000 0.000000
152  -0.202699 -2.030490 -7.702830  -0.286180 -0.000000 0.000000
153  0.509549 -2.118892 -8.011628  -0.298398 -0.000000 0.000000
154  -0.202700 -2.255277 -8.465175  -0.283134 -0.000000 0.000000
155  0.509552 -2.352980 -8.771160  -0.295352 -0.000000 0.000000
156  -0.202702 -2.481592 -9.235471  -0.285437 -0.000000 0.000000
157  0.509548 -2.588681 -9.538639  -0.297653 -0.000000 0.000000
158  0.170123 -21.222088 -1.001141  -0.000001 -0.000001 0.000000
159  0.170126 -20.843866 -0.397183  -0.000001 -0.000001 0.000000
160  0.170122 -20.489742 -1.001141  -0.000001 -0.000001 0.000000
161  0.170128 -20.111071 -0.397182  -0.000001 -0.000001 0.000000
162  0.170126 -19.380087 -0.397188  -0.000001 -0.000001 0.000000
163  0.170122 -19.025103 -1.001145  -0.000001 -0.000001 0.000000
164  0.170123 -18.646656 -0.396446  -0.000001 -0.000001 0.000000
165  0.170124 -19.755756 -1.001141  -0.000001 -0.000001 0.000000
166  -0.015972 10.612517 2.686019  0.000001 -0.000000 0.000000
167  0.059851 -50.160698 6.449382  1.570797 0.000000 -1.570797
168  0.064654 27.351288 72.195206  -0.000000 -0.000000 -0.000001
169  6.064262 95.114014 31.645504  -0.000000 -0.000001 1.570796
170  0.054184 102.845634 29.795366  0.000000 0.000001 -1.570796
171  6.064259 69.096558 37.164322  1.570796 -0.000000 1.570796
172  1.974303 11.989232 4.589252  0.000000 -0.000000 0.000000
173  -0.011482 23.944744 5.090364  0.000001 -0.000000 0.000000
174  -1.691252 8.833342 5.763510  0.000001 -0.000000 0.000000
175  6.064262 89.329803 31.613916  -0.000000 -0.000001 1.570796
176  0.059886 2.255333 54.398010  0.000000 -0.000000 0.000000
177  0.003499 -22.270643 0.000145  1.570797 0.000000 -1.570797
178  0.104010 15.380369 2.266155  0.000001 -0.000000 0.000000
179  5.465136 30.752636 5.129158  -0.230519 -0.684204 1.218616
180  -3.255361 24.458076 -23.114330  0.181523 0.048807 -1.277059
181  -2.662411 1.445756 33.628742  0.000000 3.141591 1.570796
182  8.352066 2.772896 0.000542  -3.141589 0.000002 0.000000
183  -2.662411 1.445754 40.667957  0.000000 3.141591 1.570796
184  8.352066 2.772897 0.000542  -3.141589 0.000002 0.000000
185  -1.431356 16.384777 4.137813  0.000001 -0.000000 0.000000
186  -0.001845 0.521683 -0.140289  0.000000 -0.000000 0.000000
187  7.323108 -5.136190 -5.166233  -0.000000 0.000000 -0.610865
188  2.698277 -0.000002 0.000000  -0.000012 0.000000 0.000000
189  2.834160 -0.000001 -0.000003  0.000013 0.000000 0.000000
190  2.648916 0.000000 0.000002  -0.000001 -0.000001 0.000000
191  2.667499 -0.000002 0.000001  -0.000000 0.000000 0.000000
192  2.426703 -0.000003 -0.000000  -0.000000 0.000000 -0.000000
193  -0.494746 -44.353443 -1.302298  1.570797 -0.000000 -1.570797
194  11.545940 73.768417 -3.792007  0.000000 -0.000000 0.000000
195  -0.011102 -16.902813 1.952049  0.000001 -0.000000 0.000000
196  -0.000000 0.000000 -1.529050  -0.000000 -0.000000 -0.000000
197  -0.078944 0.000000 0.000002  0.000000 0.000001 1.570796
198  0.097090 0.000000 0.000002  -0.000000 -3.141592 1.570796
199  0.000000 0.000000 0.000000  0.000000 -0.000000 -0.000000
200  -7.754379 13.368140 -13.645265  -0.383229 0.484376 -0.613030
201  7.556244 9.285041 -15.676237  -0.536325 -0.616040 0.157721
time 13
0  0 0 0  0 0 0
1  0.000000 0.000000 0.000000  0.000000 -0.000000 -0.000000
2  -0.000005 0.000023 -61.375507  0.000000 0.000000 -1.570795
3  -0.012872 0.000000 8.235020  -1.570799 -1.570796 0.000000
4  16.163128 -0.012870 -0.000002  -0.000000 -0.000000 0.000000
5  16.163143 -0.000009 3.830524  -3.089336 -1.570794 0.000000
6  -0.000031 -0.000001 -0.000000  0.475289 -0.254912 0.504087
7  -0.000001 -0.000007 0.000000  0.000000 0.000000 -0.452347
8  0.000000 0.000001 -0.000001  0.139399 -0.000000 -0.000000
9  0.000002 -0.000000 -0.000003  0.278865 -0.000000 -0.000000
10  -0.000001 -0.000001 -0.000003  0.418277 -0.000000 -0.000000
11  0.000000 -0.000000 -0.000001  0.557756 0.000000 -0.000000
12  -0.000002 -0.000000 -0.000003  0.697224 -0.000000 -0.000000
13  -0.000002 -0.000001 -0.000003  0.836653 -0.000000 -0.000000
14  -0.000002 -0.000002 -0.000003  0.976059 -0.000000 -0.000000
15  0.000000 0.000001 0.000001  1.090718 0.164715 -0.255224
16  -0.000006 0.000002 0.000001  0.086186 0.049262 -0.027210
17  -0.000003 0.000002 0.000003  0.015194 0.019077 -0.250414
18  -0.000002 0.000000 0.000002  0.007305 0.002181 -0.078690
19  0.000000 0.000005 -0.000001  0.412864 0.462111 -0.366289
20  -0.000001 0.000002 -0.000002  -0.000000 -0.000000 -0.966742
21  -0.000001 -0.000000 0.000001  -0.000000 0.000000 1.203653
22  -0.000004 0.000004 -0.000001  0.154065 0.537012 0.194330
23  -0.000001 -0.000005 0.000000  -0.000000 0.000000 -0.884809
24  0.000001 0.000000 0.000000  0.000000 -0.000000 -0.213915
25  0.000001 0.000005 -0.000002  0.281951 0.475182 -0.032448
26  -0.000001 0.000002 0.000000  -0.000000 0.000000 -1.315677
27  -0.000003 -0.000001 -0.000001  -0.000000 -0.000000 1.092356
28  0.000000 0.000003 0.000002  0.127531 0.576711 0.026586
29  0.000000 -0.000002 0.000001  -0.000000 0.000000 0.172705
30  -0.000000 0.000000 0.000001  -0.000000 0.000000 -0.842803
31  16.163136 0.000012 -3.830531  -3.098550 1.570794 0.000000
32  -0.000018 -0.000001 0.000001  -0.355505 0.134872 0.787870
33  -0.000003 0.000001 0.000002  0.000000 0.000000 -0.550331
34  0.000001 -0.000001 0.000002  -0.135606 0.000000 -0.000000
35  -0.000002 -0.000003 0.000003  -0.271163 0.000000 0.000000
36  -0.000002 -0.000001 0.000002  -0.406803 0.000000 0.000000
37  -0.000001 -0.000001 0.000002  -0.542408 -0.000000 0.000000
38  -0.000006 -0.000000 0.000003  -0.678034 0.000000 -0.000000
39  -0.000006 -0.000001 0.000001  -0.813600 -0.000000 -0.000000
40  -0.000002 -0.000003 0.000004  -0.949272 0.000000 0.000000
41  -0.000009 -0.000005 0.000001  -1.102778 0.039231 0.070647
42  1.410069 0.800525 2.089138  -2.009768 -0.630254 0.591907
43  3.954720 0.000011 0.000002  -0.000000 -0.000002 0.166319
44  3.101559 -0.000009 0.000003  -0.000001 -0.000000 0.240238
45  7.183348 -0.532111 3.267604  -0.123210 -0.020355 -0.052486
46  3.511602 -0.000001 -0.000001  0.000003 0.000001 0.099571
47  2.199403 0.000002 -0.000001  -0.000001 -0.000001 0.029267
48  7.145096 -0.676362 1.382421  -0.086920 0.009133 -0.085505
49  3.672219 -0.000002 0.000000  0.000001 -0.000000 0.142941
50  2.676518 -0.000005 0.000000  -0.000001 -0.000001 -0.026075
51  6.831176 -0.870879 -0.599926  -0.130311 0.006346 -0.065012
52  3.657079 -0.000001 -0.000001  -0.000000 0.000001 0.057734
53  2.496794 -0.000003 0.000004  0.000000 -0.000001 -0.091108
54  6.164468 -0.898158 -2.575025  -0.090704 0.013515 -0.151468
55  2.805846 -0.000005 0.000001  -0.000002 -0.000001 0.079091
56  2.307436 0.000003 -0.000003  0.000002 0.000001 -0.056419
57  0.000000 0.000000 -0.000000  -0.000498 0.010498 -0.001834
58  -13.974936 7.226288 -24.091045  -0.415939 0.610061 -0.682452
59  0.071250 114.357040 62.238792  0.000000 -0.000000 -0.000000
60  1.986527 0.000013 -3.123735  -2.705260 -0.000000 -1.570797
61  -1.986695 0.000016 -3.123746  0.436333 0.000001 1.570797
62  0.000007 0.000001 -0.000002  0.000000 -0.000000 -0.000000
63  -1.986700 0.000016 -3.123740  0.436333 0.000001 1.570797
64  -11.344156 1.135889 0.869280  0.000002 -0.025019 -0.026324
65  1.986521 0.000011 -3.123735  -2.705260 -0.000000 -1.570797
66  -11.350040 -0.729413 0.864882  0.000197 -0.025367 0.026442
67  1.754234 4.036757 -1.682669  0.392575 -0.010120 -1.546362
68  -1.755145 4.036755 -1.682672  -0.392577 -0.010391 -1.594986
69  -0.164556 7.327704 3.928705  0.000000 0.000001 -1.570796
70  0.079083 36.742695 -0.508021  0.000001 -0.000000 -0.000000
71  -1.260175 8.777411 6.736407  -0.000002 -0.424415 -3.141592
72  1.525193 18.283600 2.968622  0.000000 -0.000000 -0.000000
73  0.060214 10.324387 74.469055  0.000008 -0.000000 -0.000000
74  0.062811 75.917999 83.075447  1.570797 0.000000 -1.570796
75  4.804187 -3.971745 0.000002  -0.000000 0.000000 -0.000000
76  -7.041562 -5.025993 -0.000000  -0.000000 -0.000000 -0.000001
77  8.407184 -3.978438 0.003062  -1.570796 1.570795 0.000000
78  10.376193 -3.978446 0.003057  -1.570796 1.570796 0.000000
79  10.194019 -0.314068 -1.749540  -1.570796 1.570796 0.000000
80  20.857887 -4.015565 0.000003  0.000000 -0.000000 -0.000000
81  3.258444 5.856954 -3.403523  -0.000000 -0.000000 -0.000001
82  15.153051 5.860581 -3.403518  -0.000000 -0.000000 -0.000000
83  6.064261 77.294952 36.365799  1.570796 -0.000000 1.570796
84  -2.662412 1.445755 40.667961  0.000000 3.141591 1.570796
85  8.352066 2.772897 0.000541  -3.141589 0.000002 -0.000000
86  6.064257 72.973694 32.593250  1.570796 -0.000000 1.570796
87  0.004366 73.768417 -3.792004  0.000000 -0.000000 0.000000
88  -0.442608 1.284874 8.535286  -0.000000 -0.000001 0.000000
89  0.000002 1.310212 -0.000002  0.000000 0.000000 0.000000
90  0.000003 0.582262 -0.000004  0.000000 0.000000 0.000000
91  0.036298 1.284879 7.928795  -0.000000 -0.000001 0.000000
92  0.000001 1.310214 -0.000005  0.000000 -0.000000 0.000000
93  0.000000 0.582264 -0.000004  0.000000 -0.000000 0.000000
94  5.969326 3.427453 -6.170650  -0.000001 -0.000001 -1.570797
95  -1.310216 -0.000001 0.000002  0.000000 -0.000000 -0.000000
96  -0.582264 -0.000002 -0.000000  0.000000 -0.000000 -0.000000
97  5.969326 9.397390 -6.170661  -0.000000 -0.000001 -1.570796
98  -1.310217 0.000003 0.000001  0.000000 0.000001 -0.000000
99  -0.582261 0.000003 0.000004  0.000000 0.000000 -0.000000
100  5.969324 15.223761 -6.170672  -0.000000 -0.000001 -1.570796
101  -1.310210 -0.000002 0.000000  -0.000000 0.000001 -0.000000
102  -0.582261 -0.000002 0.000002  -0.000000 0.000000 -0.000000
103  5.969329 20.835560 -6.170679  -0.000000 -0.000001 -1.570796
104  -1.310215 -0.000001 -0.000004  -0.000000 0.000001 -0.000000
105  -0.582258 -0.000001 -0.000001  -0.000000 0.000000 -0.000000
106  5.969329 26.771202 -6.170678  -0.000000 -0.000001 -1.570796
107  5.969319 32.597588 -6.170674  -0.000000 -0.000001 -1.570796
108  5.969325 38.209389 -6.170691  -0.000000 -0.000001 -1.570800
109  5.969329 49.488457 -6.170691  -0.000000 -0.000001 -1.570800
110  -0.539092 -0.556807 -0.017366  -0.042462 2.681156 1.551919
111  -6.799124 -0.556810 0.818547  -0.272420 2.701993 1.452460
112  -4.615279 -0.556826 0.270323  -0.117230 2.684609 1.518878
113  -2.650968 -0.556807 0.063008  -0.042463 2.681158 1.551919
114  27.110336 1.284849 12.007540  -0.000000 -0.000000 0.000000
115  28.133427 1.284852 12.007538  0.000001 -0.000000 0.000000
116  12.812890 2.241776 12.007548  -0.000000 -0.000001 -0.000001
117  -9.955965 -0.319624 4.380209  -0.000001 -0.000000 -0.000001
118  -11.316474 -0.319625 4.380213  -0.000003 -0.000000 0.000000
119  -12.667811 -0.319627 4.380212  -0.000003 -0.000000 0.000001
120  -14.022137 -0.319624 4.380209  0.000010 -0.000000 -0.000011
121  -15.373241 -0.319620 4.380211  0.000015 -0.000000 -0.000015
122  -16.724140 -0.319620 4.380213  -0.000009 -0.000000 0.000006
123  -18.074568 -0.319623 4.380210  -0.000006 0.000000 0.000004
124  -19.423714 -0.319624 4.380210  0.000002 0.000000 -0.000004
125  -20.775265 -0.319623 4.380211  0.000003 0.000000 -0.000004
126  -22.126669 -0.319622 4.380212  0.000003 0.000000 -0.000004
127  -23.478125 -0.319621 4.380211  0.000005 0.000000 -0.000006
128  -24.830620 -0.319617 4.380214  0.000036 0.000000 -0.000038
129  -26.182024 -0.319619 4.380211  -0.000011 0.000000 0.000011
130  0.529185 -0.167136 0.629480  -0.101270 -0.000000 0.000000
131  -0.211438 -0.241692 0.155356  -0.145847 -0.000000 0.000000
132  0.529193 -0.280710 -0.110296  -0.145847 -0.000000 0.000000
133  -0.173925 -0.337332 -0.638497  -0.181751 -0.000000 0.000000
134  0.529191 -0.399250 -0.975396  -0.181751 -0.000000 0.000000
135  -0.211443 -0.464481 -1.431045  -0.192399 -0.000000 0.000000
136  0.529191 -0.515809 -1.694590  -0.192400 -0.000000 0.000000
137  -0.173926 -0.612154 -2.231913  -0.216703 -0.000000 0.000000
138  0.529189 -0.685808 -2.566445  -0.216704 -0.000000 0.000000
139  -0.211444 -0.769564 -3.027873  -0.237349 -0.000000 0.000000
140  0.529188 -0.832689 -3.288847  -0.237349 -0.000000 0.000000
141  -0.173934 -0.945285 -3.779568  -0.233859 0.000000 0.000000
142  0.529183 -1.024662 -4.112784  -0.233859 0.000000 0.000000
143  -0.211437 -1.132197 -4.577552  -0.262919 -0.000000 0.000000
144  0.529195 -1.201974 -4.836829  -0.262919 0.000000 0.000000
145  -0.000005 -2.810949 -10.636631  0.258454 0.000000 3.141592
146  -0.192451 -1.345782 -5.370050  -0.280373 0.000000 0.000000
147  0.533988 -1.413518 -5.605109  -0.276883 0.000000 0.000000
148  -0.206617 -1.795767 -6.909781  -0.287354 0.000000 0.000000
149  -0.205801 -1.564823 -6.138259  -0.290843 0.000000 0.000000
150  0.530463 -1.643682 -6.395216  -0.290844 0.000000 0.000000
151  0.535315 -1.790716 -7.204136  -0.287354 -0.000000 0.000000
152  -0.202699 -2.030491 -7.702834  -0.286180 -0.000000 0.000000
153  0.509549 -2.118899 -8.011628  -0.298398 -0.000000 0.000000
154  -0.202700 -2.255286 -8.465175  -0.283134 -0.000000 0.000000
155  0.509549 -2.352983 -8.771164  -0.295352 -0.000000 0.000000
156  -0.202700 -2.481602 -9.235476  -0.285437 -0.000000 0.000000
157  0.509554 -2.588689 -9.538642  -0.297654 -0.000000 0.000000
158  0.170123 -21.222094 -1.001143  -0.000001 -0.000001 0.000000
159  0.170124 -20.843866 -0.397185  -0.000001 -0.000001 0.000000
160  0.170125 -20.489746 -1.001145  -0.000001 -0.000001 0.000000
161  0.170124 -20.111071 -0.397186  -0.000001 -0.000001 0.000000
162  0.170125 -19.380093 -0.397189  -0.000001 -0.000001 0.000000
163  0.170127 -19.025110 -1.001153  -0.000001 -0.000001 0.000000
164  0.170127 -18.646667 -0.396453  -0.000001 -0.000001 0.000000
165  0.170125 -19.755764 -1.001145  -0.000001 -0.000001 0.000000
166  -0.015974 10.612517 2.686020  0.000001 -0.000000 -0.000000
167  0.059848 -50.160698 6.449380  1.570797 -0.000000 -1.570797
168  0.064654 27.351292 72.195206  -0.000000 -0.000000 -0.000001
169  6.064261 95.114014 31.645504  -0.000000 -0.000001 1.570796
170  0.054191 102.845650 29.795368  0.000000 0.000001 -1.570796
171  6.064259 69.096565 37.164322  1.570796 -0.000000 1.570796
172  1.974302 11.989235 4.589251  0.000000 -0.000000 -0.000000
173  -0.011479 23.944746 5.090363  0.000001 -0.000000 0.000000
174  -1.691251 8.833343 5.763509  0.000001 -0.000000 -0.000000
175  6.064267 89.329811 31.613918  -0.000000 -0.000001 1.570796
176  0.059887 2.255335 54.398014  0.000000 -0.000000 -0.000000
177  0.003497 -22.270647 0.000148  1.570797 0.000000 -1.570797
178  0.104010 15.380372 2.266153  0.000001 -0.000000 -0.000000
179  3.403201 35.260826 9.906946  -0.380859 -0.759070 1.461334
180  -3.255358 24.458080 -23.114336  0.181523 0.048807 -1.277059
181  -2.662412 1.445758 33.628742  0.000000 3.141591 1.570796
182  8.352066 2.772897 0.000541  -3.141589 0.000002 -0.000000
183  -2.662412 1.445755 40.667961  0.000000 3.141591 1.570796
184  8.352066 2.772897 0.000541  -3.141589 0.000002 -0.000000
185  -1.431356 16.384781 4.137812  0.000001 -0.000000 0.000000
186  -0.001845 0.521683 -0.140288  0.000000 -0.000000 -0.000000
187  7.323106 -5.136192 -5.166235  -0.000000 0.000000 -0.610865
188  2.698277 -0.000001 -0.000000  -0.000012 0.000000 0.000000
189  2.834159 -0.000001 -0.000002  0.000013 0.000000 0.000000
190  2.648917 -0.000002 -0.000001  -0.000001 -0.000001 0.000000
191  2.667499 -0.000003 0.000001  -0.000000 -0.000000 -0.000000
192  2.426702 -0.000000 -0.000001  0.000000 0.000000 -0.000000
193  -0.494745 -44.353443 -1.302297  1.570797 0.000000 -1.570797
194  11.545943 73.768417 -3.792009  0.000000 -0.000000 -0.000000
195  -0.011104 -16.902813 1.952047  0.000001 -0.000000 -0.000000
196  0.000001 -0.000000 -1.529050  -0.000001 0.000000 -0.000000
197  -0.078941 -0.000001 0.000002  0.000000 0.000001 1.570796
198  0.097092 0.000000 0.000003  -0.000000 -3.141592 1.570796
199  0.000000 0.000000 0.000000  0.000000 -0.000000 -0.000000
200  -8.671223 15.328146 -14.974163  -0.415939 0.610061 -0.682452
201  8.186123 10.400847 -17.194141  -0.562177 -0.667133 0.193817
time 14
0  0 0 0  0 0 0
1  0.000000 0.000000 0.000000  0.000000 -0.000000 -0.000000
2  -0.000005 0.000023 -61.375507  0.000000 0.000000 -1.570795
3  -0.012872 0.000000 8.235020  -1.570799 -1.570796 0.000000
4  16.163128 -0.012870 -0.000002  -0.000000 -0.000000 0.000000
5  16.163143 -0.000009 3.830524  -3.089336 -1.570794 0.000000
6  -0.000031 -0.000001 -0.000000  0.522078 -0.289343 0.534064
7  -0.000000 -0.000006 0.000002  -0.000000 0.000000 -0.462060
8  0.000000 0.000001 -0.000000  0.150476 -0.000000 -0.000000
9  0.000002 -0.000002 -0.000002  0.301010 -0.000000 -0.000000
10  -0.000001 -0.000001 0.000000  0.451533 -0.000000 -0.000000
11  -0.000002 -0.000000 0.000001  0.602089 -0.000000 -0.000000
12  -0.000001 -0.000003 -0.000002  0.752647 -0.000000 -0.000000
13  -0.000004 -0.000001 0.000001  0.903152 -0.000000 -0.000000
14  -0.000002 -0.000003 -0.000001  1.053652 -0.000000 -0.000000
15  -0.000001 0.000001 0.000003  1.178976 0.180979 -0.248717
16  -0.000005 -0.000000 0.000001  0.086066 0.049197 -0.027155
17  -0.000002 -0.000002 0.000004  0.015145 0.019006 -0.249984
18  -0.000003 0.000002 0.000002  0.007305 0.002181 -0.078506
19  -0.000000 0.000005 -0.000002  0.412185 0.461167 -0.365726
20  -0.000000 0.000001 0.000001  0.000000 0.000000 -0.964950
21  -0.000001 0.000000 -0.000001  0.000000 -0.000000 1.201432
22  -0.000005 0.000002 -0.000001  0.153615 0.535984 0.193842
23  -0.000000 0.000000 0.000001  -0.000000 0.000000 -0.883189
24  -0.000001 -0.000002 0.000002  -0.000000 -0.000000 -0.213485
25  0.000002 0.000003 -0.000002  0.281344 0.474275 -0.032528
26  -0.000001 0.000002 0.000000  -0.000000 0.000000 -1.313210
27  -0.000001 -0.000000 -0.000001  -0.000000 -0.000000 1.090285
28  0.000000 0.000004 0.000002  0.127260 0.575634 0.026432
29  0.000001 0.000000 0.000001  -0.000000 -0.000000 0.172399
30  0.000000 -0.000001 0.000001  0.000000 -0.000000 -0.841264
31  16.163136 0.000012 -3.830531  -3.098550 1.570794 0.000000
32  -0.000018 -0.000001 0.000001  -0.387520 0.151561 0.865967
33  0.000002 0.000002 0.000002  0.000000 -0.000000 -0.565506
34  0.000001 -0.000002 -0.000002  -0.153047 0.000000 -0.000000
35  -0.000001 -0.000004 -0.000002  -0.306135 0.000000 0.000000
36  -0.000003 -0.000002 -0.000001  -0.459177 0.000000 0.000000
37  0.000000 -0.000002 0.000001  -0.612259 0.000000 0.000000
38  -0.000005 -0.000001 -0.000001  -0.765330 0.000000 -0.000000
39  -0.000004 -0.000002 -0.000001  -0.918445 -0.000000 -0.000000
40  -0.000004 -0.000002 -0.000001  -1.071494 0.000000 0.000000
41  -0.000007 -0.000004 -0.000004  -1.223936 -0.027403 0.084273
42  1.410068 0.800529 2.089138  -2.009768 -0.630254 0.591907
43  3.954720 0.000011 0.000004  -0.000000 -0.000002 0.166320
44  3.101560 -0.000009 0.000006  -0.000001 -0.000000 0.240238
45  7.183347 -0.532105 3.267604  -0.123210 -0.020355 -0.052486
46  3.511602 -0.000003 0.000000  0.000003 0.000001 0.099571
47  2.199405 0.000005 -0.000001  -0.000001 -0.000001 0.029267
48  7.145095 -0.676359 1.382421  -0.086920 0.009133 -0.085505
49  3.672218 -0.000002 0.000001  0.000001 -0.000000 0.142941
50  2.676518 -0.000003 0.000001  -0.000001 -0.000001 -0.026075
51  6.831175 -0.870876 -0.599926  -0.130311 0.006346 -0.065012
52  3.657080 -0.000001 -0.000002  -0.000000 0.000001 0.057734
53  2.496793 0.000003 0.000002  0.000000 -0.000001 -0.091108
54  6.164466 -0.898155 -2.575025  -0.090704 0.013515 -0.151468
55  2.805849 -0.000007 0.000002  -0.000002 -0.000001 0.079091
56  2.307436 -0.000002 -0.000003  0.000002 0.000001 -0.056419
57  0.000000 0.000000 -0.000000  0.000907 0.009828 -0.001827
58  -15.876387 8.663063 -27.447205  -0.445196 0.732147 -0.744673
59  0.071244 114.357033 62.238796  -0.000000 0.000000 0.000000
60  1.986519 0.000009 -3.123742  -2.705260 -0.000000 -1.570797
61  -1.986692 0.000009 -3.123741  0.436333 0.000001 1.570797
62  -0.000002 -0.000002 0.000001  0.000000 0.000000 0.000000
63  -1.986690 0.000008 -3.123735  0.436333 0.000001 1.570797
64  -11.344166 1.135883 0.869292  0.000002 -0.025020 -0.026324
65  1.986526 0.000009 -3.123734  -2.705260 -0.000000 -1.570797
66  -11.350064 -0.729425 0.864890  0.000197 -0.025367 0.026442
67  1.754234 4.036754 -1.682666  0.392575 -0.010120 -1.546363
68  -1.755142 4.036751 -1.682663  -0.392577 -0.010391 -1.594986
69  -0.164557 7.327703 3.928702  -0.000000 0.000001 -1.570796
70  0.079080 36.742691 -0.508025  0.000001 0.000000 0.000000
71  -1.260174 8.777410 6.736404  -0.000002 -0.424415 -3.141592
72  1.525193 18.283598 2.968620  0.000000 0.000000 0.000000
73  0.060218 10.324390 74.469063  0.000008 0.000000 0.000000
74  0.062808 75.918007 83.075439  1.570797 -0.000000 -1.570796
75  4.804185 -3.971748 0.000003  -0.000000 0.000000 -0.000001
76  -7.041564 -5.025992 0.000001  -0.000000 -0.000000 -0.000000
77  8.407180 -3.978440 0.003058  -1.570796 1.570795 0.000000
78  10.376189 -3.978446 0.003058  -1.570796 1.570796 0.000000
79  10.194017 -0.314060 -1.749550  -1.570796 1.570796 0.000000
80  20.857889 -4.015564 0.000002  0.000000 -0.000000 0.000000
81  3.258444 5.856954 -3.403522  -0.000000 -0.000000 -0.000000
82  15.153053 5.860579 -3.403520  0.000000 -0.000000 -0.000000
83  6.064255 77.294952 36.365791  1.570796 -0.000000 1.570796
84  -2.662412 1.445754 40.667961  0.000000 3.141591 1.570796
85  8.352067 2.772896 0.000541  -3.141589 0.000002 0.000000
86  6.064257 72.973694 32.593254  1.570796 -0.000000 1.570796
87  0.004367 73.768417 -3.792012  0.000000 0.000000 0.000000
88  -0.442602 1.284884 8.535291  0.000000 -0.000001 0.000000
89  0.000003 1.310207 0.000002  0.000000 -0.000000 0.000000
90  0.000002 0.582257 -0.000001  0.000000 -0.000000 0.000000
91  0.036304 1.284886 7.928798  -0.000000 -0.000001 0.000000
92  -0.000001 1.310214 -0.000005  0.000000 0.000000 0.000000
93  -0.000001 0.582260 -0.000001  0.000000 0.000000 0.000000
94  5.969327 3.427467 -6.170648  -0.000001 -0.000001 -1.570797
95  -1.310214 0.000002 0.000004  0.000000 -0.000000 -0.000000
96  -0.582259 0.000002 0.000006  0.000000 -0.000000 -0.000000
97  5.969325 9.397407 -6.170660  -0.000001 -0.000001 -1.570796
98  -1.310209 -0.000002 0.000005  0.000000 0.000001 -0.000000
99  -0.582260 -0.000002 0.000003  0.000000 0.000000 -0.000000
100  5.969325 15.223776 -6.170668  -0.000000 -0.000001 -1.570796
101  -1.310215 0.000010 -0.000001  -0.000000 0.000000 -0.000000
102  -0.582263 0.000005 0.000003  -0.000000 0.000000 -0.000000
103  5.969329 20.835573 -6.170671  -0.000000 -0.000001 -1.570796
104  -1.310212 0.000010 0.000001  -0.000000 0.000000 -0.000000
105  -0.582262 0.000008 0.000009  -0.000000 0.000000 -0.000000
106  5.969330 26.771217 -6.170672  -0.000000 -0.000001 -1.570796
107  5.969326 32.597603 -6.170671  -0.000000 -0.000001 -1.570796
108  5.969330 38.209404 -6.170684  -0.000000 -0.000001 -1.570800
109  5.969328 49.488468 -6.170682  -0.000000 -0.000001 -1.570800
110  -0.539084 -0.556808 -0.017359  -0.042462 2.681156 1.551919
111  -6.799112 -0.556804 0.818550  -0.272420 2.701993 1.452460
112  -4.615275 -0.556819 0.270331  -0.117230 2.684609 1.518878
113  -2.650960 -0.556808 0.063013  -0.042463 2.681158 1.551919
114  27.110342 1.284860 12.007550  -0.000000 -0.000000 -0.000000
115  28.133432 1.284860 12.007546  0.000001 -0.000000 -0.000000
116  12.812892 2.241789 12.007549  0.000000 -0.000001 -0.000001
117  -9.955965 -0.319623 4.380219  -0.000001 -0.000000 -0.000001
118  -11.316467 -0.319626 4.380218  -0.000003 -0.000000 -0.000000
119  -12.667806 -0.319621 4.380219  -0.000003 -0.000000 0.000001
120  -14.022137 -0.319622 4.380217  0.000010 -0.000000 -0.000011
121  -15.373236 -0.319620 4.380217  0.000015 -0.000000 -0.000015
122  -16.724140 -0.319619 4.380219  -0.000009 -0.000000 0.000006
123  -18.074570 -0.319617 4.380219  -0.000006 -0.000000 0.000004
124  -19.423710 -0.319623 4.380218  0.000002 0.000000 -0.000004
125  -20.775270 -0.319612 4.380219  0.000003 0.000000 -0.000004
126  -22.126673 -0.319613 4.380219  0.000003 0.000000 -0.000004
127  -23.478121 -0.319618 4.380219  0.000005 0.000000 -0.000006
128  -24.830616 -0.319619 4.380220  0.000036 0.000000 -0.000038
129  -26.182028 -0.319615 4.380218  -0.000011 -0.000000 0.000011
130  0.529185 -0.167125 0.629484  -0.101270 -0.000000 0.000000
131  -0.211438 -0.241677 0.155365  -0.145847 -0.000000 0.000000
132  0.529193 -0.280702 -0.110287  -0.145847 -0.000000 -0.000000
133  -0.173921 -0.337319 -0.638493  -0.181751 -0.000000 0.000000
134  0.529190 -0.399240 -0.975389  -0.181751 -0.000000 0.000000
135  -0.211442 -0.464475 -1.431037  -0.192399 -0.000000 0.000000
136  0.529188 -0.515802 -1.694582  -0.192399 -0.000000 0.000000
137  -0.173922 -0.612144 -2.231910  -0.216703 -0.000000 0.000000
138  0.529192 -0.685808 -2.566438  -0.216703 -0.000000 -0.000000
139  -0.211443 -0.769561 -3.027868  -0.237349 -0.000000 0.000000
140  0.529195 -0.832684 -3.288845  -0.237349 -0.000000 -0.000000
141  -0.173930 -0.945281 -3.779563  -0.233859 0.000000 0.000000
142  0.529186 -1.024655 -4.112777  -0.233859 0.000000 -0.000000
143  -0.211439 -1.132185 -4.577547  -0.262919 -0.000000 0.000000
144  0.529193 -1.201957 -4.836823  -0.262919 0.000000 -0.000000
145  0.000001 -2.810938 -10.636629  0.258454 -0.000000 3.141592
146  -0.192451 -1.345778 -5.370043  -0.280373 0.000000 0.000000
147  0.533986 -1.413507 -5.605105  -0.276883 0.000000 0.000000
148  -0.206614 -1.795753 -6.909777  -0.287354 0.000000 0.000000
149  -0.205804 -1.564813 -6.138254  -0.290843 0.000000 0.000000
150  0.530466 -1.643671 -6.395213  -0.290844 0.000000 0.000000
151  0.535313 -1.790707 -7.204130  -0.287354 -0.000000 0.000000
152  -0.202694 -2.030485 -7.702828  -0.286180 -0.000000 0.000000
153  0.509552 -2.118890 -8.011625  -0.298398 -0.000000 0.000000
154  -0.202701 -2.255278 -8.465168  -0.283134 -0.000000 0.000000
155  0.509552 -2.352978 -8.771158  -0.295352 -0.000000 0.000000
156  -0.202695 -2.481598 -9.235468  -0.285437 -0.000000 0.000000
157  0.509555 -2.588685 -9.538637  -0.297653 -0.000000 0.000000
158  0.170128 -21.222088 -1.001140  -0.000001 -0.000001 0.000000
159  0.170125 -20.843861 -0.397182  -0.000001 -0.000001 0.000000
160  0.170126 -20.489744 -1.001140  -0.000001 -0.000001 0.000000
161  0.170126 -20.111065 -0.397181  -0.000001 -0.000001 0.000000
162  0.170122 -19.380081 -0.397182  -0.000001 -0.000001 0.000000
163  0.170126 -19.025105 -1.001145  -0.000001 -0.000001 0.000000
164  0.170124 -18.646656 -0.396447  -0.000001 -0.000001 0.000000
165  0.170126 -19.755758 -1.001137  -0.000001 -0.000001 0.000000
166  -0.015973 10.612515 2.686016  0.000001 0.000000 0.000000
167  0.059850 -50.160702 6.449381  1.570797 -0.000000 -1.570797
168  0.064651 27.351292 72.195206  0.000000 -0.000000 -0.000001
169  6.064263 95.114021 31.645500  0.000000 -0.000001 1.570796
170  0.054181 102.845650 29.795362  -0.000000 0.000001 -1.570796
171  6.064257 69.096558 37.164318  1.570796 -0.000000 1.570796
172  1.974304 11.989231 4.589248  0.000000 0.000000 0.000000
173  -0.011481 23.944746 5.090361  0.000001 0.000000 0.000000
174  -1.691252 8.833340 5.763506  0.000001 0.000000 0.000000
175  6.064259 89.329803 31.613920  0.000000 -0.000001 1.570796
176  0.059887 2.255334 54.398014  -0.000000 0.000000 0.000000
177  0.003496 -22.270645 0.000149  1.570797 -0.000000 -1.570797
178  0.104009 15.380370 2.266152  0.000001 0.000000 0.000000
179  0.525664 39.175098 14.279488  -0.561107 -0.796480 1.722637
180  -3.255362 24.458078 -23.114340  0.181523 0.048807 -1.277059
181  -2.662413 1.445757 33.628746  0.000000 3.141591 1.570796
182  8.352067 2.772897 0.000542  -3.141589 0.000002 0.000000
183  -2.662412 1.445754 40.667961  0.000000 3.141591 1.570796
184  8.352067 2.772896 0.000541  -3.141589 0.000002 0.000000
185  -1.431357 16.384779 4.137809  0.000001 0.000000 0.000000
186  -0.001845 0.521682 -0.140291  0.000000 0.000000 0.000000
187  7.323108 -5.136193 -5.166237  -0.000000 0.000000 -0.610865
188  2.698278 -0.000002 -0.000005  -0.000012 0.000000 0.000000
189  2.834159 0.000001 0.000001  0.000013 0.000000 0.000000
190  2.648920 0.000001 -0.000003  -0.000001 -0.000001 0.000000
191  2.667499 -0.000003 0.000006  0.000000 -0.000000 0.000000
192  2.426702 -0.000003 0.000001  0.000000 0.000000 -0.000000
193  -0.494745 -44.353455 -1.302301  1.570797 -0.000000 -1.570797
194  11.545938 73.768417 -3.792013  0.000000 0.000000 0.000000
195  -0.011102 -16.902813 1.952046  0.000001 0.000000 0.000000
196  0.000000 0.000000 -1.529054  -0.000001 0.000000 0.000000
197  -0.078940 0.000001 -0.000000  0.000000 0.000001 1.570796
198  0.097094 0.000001 -0.000004  -0.000000 -3.141592 1.570796
199  0.000000 0.000000 0.000000  0.000000 -0.000000 -0.000000
200  -9.399873 16.945536 -16.219250  -0.445195 0.732147 -0.744672
201  8.818298 11.516844 -18.715195  -0.587399 -0.720309 0.231890
time 15
0  0 0 0  0 0 0
1  0.000000 0.000000 0.000000  0.000000 -0.000000 -0.000000
2  -0.000005 0.000023 -61.375507  0.000000 0.000000 -1.570795
3  -0.012872 0.000000 8.235020  -1.570799 -1.570796 0.000000
4  16.163128 -0.012870 -0.000002  -0.000000 -0.000000 0.000000
5  16.163143 -0.000009 3.830524  -3.089336 -1.570794 0.000000
6  -0.000031 -0.000001 -0.000000  0.568973 -0.323606 0.560769
7  0.000000 -0.000005 0.000001  0.000000 0.000000 -0.464443
8  0.000000 0.000000 0.000001  0.161619 -0.000000 -0.000000
9  0.000002 -0.000001 -0.000001  0.323316 -0.000000 -0.000000
10  -0.000002 -0.000001 -0.000001  0.484978 -0.000000 -0.000000
11  -0.000001 -0.000001 -0.000001  0.646665 -0.000000 -0.000000
12  -0.000002 -0.000000 0.000001  0.808353 -0.000000 -0.000000
13  -0.000003 -0.000001 -0.000001  0.969983 -0.000000 -0.000000
14  -0.000002 -0.000003 -0.000002  1.131665 -0.000000 -0.000000
15  -0.000003 0.000001 0.000002  1.267923 0.196715 -0.240976
16  -0.000005 0.000000 -0.000001  0.086005 0.049136 -0.027159
17  -0.000002 0.000002 0.000004  0.015147 0.019004 -0.249800
18  -0.000003 0.000000 0.000004  0.007305 0.002180 -0.078445
19  0.000001 0.000005 -0.000004  0.411950 0.460799 -0.365506
20  -0.000001 0.000001 -0.000001  0.000000 -0.000000 -0.964261
21  0.000000 0.000000 -0.000001  -0.000000 0.000000 1.200545
22  -0.000004 0.000002 -0.000003  0.153449 0.535624 0.193631
23  -0.000001 -0.000002 0.000001  -0.000000 0.000000 -0.882513
24  -0.000001 0.000001 0.000002  -0.000000 -0.000000 -0.213363
25  0.000002 0.000003 -0.000003  0.281141 0.473953 -0.032557
26  -0.000001 0.000001 -0.000002  -0.000000 0.000000 -1.312286
27  0.000002 -0.000000 -0.000001  -0.000000 -0.000000 1.089500
28  0.000002 0.000001 0.000002  0.127164 0.575190 0.026374
29  0.000000 0.000003 -0.000000  -0.000000 0.000000 0.172276
30  -0.000000 -0.000001 0.000001  -0.000000 -0.000000 -0.840663
31  16.163136 0.000012 -3.830531  -3.098550 1.570794 0.000000
32  -0.000018 -0.000001 0.000001  -0.416449 0.165146 0.925660
33  -0.000002 -0.000000 0.000001  0.000000 -0.000000 -0.565506
34  0.000001 -0.000001 0.000003  -0.168968 0.000000 -0.000000
35  -0.000002 -0.000003 0.000002  -0.337920 0.000000 0.000000
36  -0.000003 -0.000001 -0.000001  -0.506890 0.000000 0.000000
37  -0.000002 0.000000 0.000001  -0.675899 0.000000 0.000000
38  -0.000007 -0.000001 0.000001  -0.844877 -0.000000 -0.000000
39  -0.000005 -0.000000 0.000001  -1.013844 -0.000000 -0.000000
40  -0.000005 -0.000002 0.000001  -1.182772 -0.000000 0.000000
41  -0.000008 -0.000004 -0.000002  -1.331756 -0.086399 0.103763
42  1.410070 0.800526 2.089138  -2.009768 -0.630254 0.591907
43  3.954720 0.000011 0.000007  -0.000000 -0.000002 0.166319
44  3.101560 -0.000007 0.000007  -0.000001 -0.000000 0.240238
45  7.183348 -0.532109 3.267603  -0.123210 -0.020355 -0.052486
46  3.511602 -0.000003 0.000000  0.000003 0.000001 0.099571
47  2.199404 0.000003 -0.000001  -0.000001 -0.000001 0.029267
48  7.145097 -0.676364 1.382420  -0.086920 0.009133 -0.085505
49  3.672219 -0.000001 0.000001  0.000001 -0.000000 0.142941
50  2.676519 -0.000000 0.000001  -0.000001 -0.000001 -0.026075
51  6.831176 -0.870879 -0.599926  -0.130311 0.006346 -0.065012
52  3.657079 -0.000003 -0.000001  -0.000000 0.000001 0.057734
53  2.496795 -0.000002 0.000003  0.000000 -0.000001 -0.091108
54  6.164467 -0.898160 -2.575025  -0.090704 0.013515 -0.151468
55  2.805848 -0.000003 0.000000  -0.000002 -0.000001 0.079091
56  2.307436 0.000002 -0.000002  0.000002 0.000001 -0.056419
57  0.000000 0.000000 -0.000000  0.002251 0.008181 -0.001761
58  -17.612368 10.004642 -30.487789  -0.469552 0.844818 -0.797427
59  0.071251 114.357033 62.238792  0.000000 -0.000000 0.000000
60  1.986530 0.000014 -3.123737  -2.705260 -0.000000 -1.570797
61  -1.986691 0.000019 -3.123749  0.436333 0.000001 1.570797
62  0.000002 -0.000008 -0.000003  0.000000 -0.000000 0.000000
63  -1.986691 0.000027 -3.123739  0.436333 0.000001 1.570797
64  -11.344155 1.135891 0.869271  0.000002 -0.025019 -0.026324
65  1.986527 0.000018 -3.123735  -2.705260 -0.000000 -1.570797
66  -11.350056 -0.729423 0.864878  0.000197 -0.025367 0.026442
67  1.754233 4.036772 -1.682665  0.392575 -0.010120 -1.546362
68  -1.755139 4.036775 -1.682665  -0.392577 -0.010391 -1.594986
69  -0.164553 7.327706 3.928705  0.000000 0.000001 -1.570796
70  0.079084 36.742695 -0.508020  0.000001 -0.000000 0.000000
71  -1.260170 8.777411 6.736406  -0.000002 -0.424416 -3.141592
72  1.525196 18.283598 2.968622  0.000000 -0.000000 0.000000
73  0.060216 10.324385 74.469055  0.000008 -0.000000 0.000000
74  0.062810 75.917992 83.075439  1.570797 -0.000000 -1.570796
75  4.804173 -3.971744 -0.000001  -0.000000 0.000000 -0.000001
76  -7.041578 -5.025992 0.000000  -0.000000 -0.000000 -0.000000
77  8.407173 -3.978439 0.003057  -1.570796 1.570795 0.000000
78  10.376178 -3.978446 0.003058  -1.570796 1.570796 0.000000
79  10.194001 -0.314057 -1.749550  -1.570796 1.570796 0.000000
80  20.857878 -4.015564 0.000001  0.000000 -0.000000 -0.000000
81  3.258432 5.856958 -3.403524  -0.000000 -0.000000 -0.000000
82  15.153040 5.860579 -3.403519  -0.000000 -0.000000 0.000000
83  6.064260 77.294952 36.365799  1.570796 0.000000 1.570796
84  -2.662410 1.445756 40.667957  0.000000 3.141591 1.570796
85  8.352065 2.772896 0.000541  -3.141589 0.000002 -0.000000
86  6.064262 72.973694 32.593254  1.570796 0.000000 1.570796
87  0.004368 73.768417 -3.792008  0.000000 -0.000000 0.000000
88  -0.442612 1.284880 8.535287  0.000000 -0.000001 0.000000
89  0.000000 1.310211 0.000001  0.000000 0.000000 0.000000
90  -0.000002 0.582264 -0.000001  0.000000 0.000000 0.000000
91  0.036293 1.284880 7.928793  0.000000 -0.000001 0.000000
92  0.000002 1.310207 -0.000006  0.000000 0.000000 0.000000
93  0.000001 0.582260 -0.000005  0.000000 0.000000 0.000000
94  5.969321 3.427452 -6.170651  -0.000000 -0.000001 -1.570796
95  -1.310211 0.000001 0.000002  0.000000 -0.000000 -0.000000
96  -0.582264 -0.000005 -0.000000  0.000000 0.000000 -0.000000
97  5.969317 9.397405 -6.170663  -0.000000 -0.000001 -1.570796
98  -1.310199 0.000007 0.000001  0.000000 0.000000 -0.000000
99  -0.582252 0.000001 0.000003  0.000000 0.000000 -0.000000
100  5.969324 15.223770 -6.170673  0.000000 -0.000001 -1.570796
101  -1.310205 -0.000002 -0.000002  -0.000000 0.000001 -0.000000
102  -0.582255 -0.000005 -0.000001  -0.000000 0.000000 -0.000000
103  5.969324 20.835569 -6.170677  0.000000 -0.000001 -1.570796
104  -1.310203 0.000007 0.000000  -0.000000 0.000001 -0.000000
105  -0.582256 0.000001 0.000003  -0.000000 0.000000 -0.000000
106  5.969321 26.771212 -6.170674  0.000000 -0.000001 -1.570796
107  5.969316 32.597588 -6.170672  0.000000 -0.000001 -1.570796
108  5.969318 38.209389 -6.170687  0.000000 -0.000001 -1.570800
109  5.969326 49.488461 -6.170685  0.000000 -0.000001 -1.570800
110  -0.539092 -0.556808 -0.017368  -0.042462 2.681156 1.551919
111  -6.799125 -0.556811 0.818548  -0.272420 2.701993 1.452460
112  -4.615287 -0.556822 0.270324  -0.117230 2.684609 1.518878
113  -2.650972 -0.556813 0.063007  -0.042463 2.681158 1.551919
114  27.110332 1.284855 12.007547  0.000000 -0.000000 0.000000
115  28.133427 1.284858 12.007546  0.000001 -0.000000 0.000000
116  12.812880 2.241781 12.007551  0.000000 -0.000001 -0.000001
117  -9.955971 -0.319623 4.380213  -0.000001 -0.000000 -0.000001
118  -11.316481 -0.319626 4.380213  -0.000003 -0.000000 0.000000
119  -12.667816 -0.319628 4.380213  -0.000003 -0.000000 0.000001
120  -14.022146 -0.319623 4.380213  0.000010 -0.000000 -0.000011
121  -15.373244 -0.319627 4.380213  0.000015 -0.000000 -0.000015
122  -16.724150 -0.319626 4.380211  -0.000009 -0.000000 0.000006
123  -18.074575 -0.319621 4.380213  -0.000006 -0.000000 0.000004
124  -19.423717 -0.319630 4.380212  0.000002 0.000000 -0.000004
125  -20.775276 -0.319623 4.380212  0.000003 0.000000 -0.000004
126  -22.126678 -0.319621 4.380211  0.000003 -0.000000 -0.000004
127  -23.478127 -0.319624 4.380211  0.000005 -0.000000 -0.000006
128  -24.830626 -0.319623 4.380211  0.000036 -0.000000 -0.000038
129  -26.182035 -0.319624 4.380212  -0.000011 -0.000000 0.000011
130  0.529181 -0.167138 0.629481  -0.101270 -0.000000 0.000000
131  -0.211446 -0.241690 0.155359  -0.145847 -0.000000 0.000000
132  0.529189 -0.280707 -0.110294  -0.145847 -0.000000 0.000000
133  -0.173925 -0.337328 -0.638500  -0.181751 -0.000000 0.000000
134  0.529188 -0.399256 -0.975396  -0.181751 -0.000000 0.000000
135  -0.211445 -0.464478 -1.431046  -0.192399 -0.000000 0.000000
136  0.529187 -0.515812 -1.694585  -0.192399 -0.000000 0.000000
137  -0.173930 -0.612159 -2.231912  -0.216703 -0.000000 0.000000
138  0.529185 -0.685802 -2.566442  -0.216703 -0.000000 0.000000
139  -0.211447 -0.769559 -3.027875  -0.237349 -0.000000 0.000000
140  0.529186 -0.832690 -3.288851  -0.237349 -0.000000 0.000000
141  -0.173942 -0.945285 -3.779568  -0.233859 0.000000 0.000000
142  0.529176 -1.024657 -4.112783  -0.233859 0.000000 0.000000
143  -0.211448 -1.132191 -4.577550  -0.262919 -0.000000 0.000000
144  0.529189 -1.201974 -4.836826  -0.262919 0.000000 0.000000
145  -0.000007 -2.810946 -10.636632  0.258454 0.000000 3.141592
146  -0.192459 -1.345784 -5.370048  -0.280373 0.000000 0.000000
147  0.533979 -1.413515 -5.605108  -0.276883 0.000000 0.000000
148  -0.206621 -1.795757 -6.909783  -0.287354 0.000000 0.000000
149  -0.205808 -1.564828 -6.138259  -0.290843 0.000000 0.000000
150  0.530454 -1.643683 -6.395216  -0.290844 0.000000 0.000000
151  0.535312 -1.790716 -7.204137  -0.287354 -0.000000 0.000000
152  -0.202710 -2.030484 -7.702833  -0.286180 -0.000000 0.000000
153  0.509541 -2.118897 -8.011627  -0.298398 -0.000000 0.000000
154  -0.202705 -2.255281 -8.465176  -0.283134 -0.000000 0.000000
155  0.509545 -2.352981 -8.771166  -0.295352 -0.000000 0.000000
156  -0.202704 -2.481598 -9.235474  -0.285437 -0.000000 0.000000
157  0.509547 -2.588690 -9.538639  -0.297654 -0.000000 0.000000
158  0.170120 -21.222094 -1.001143  -0.000001 -0.000001 0.000000
159  0.170122 -20.843874 -0.397186  -0.000001 -0.000001 0.000000
160  0.170123 -20.489750 -1.001143  -0.000001 -0.000001 0.000000
161  0.170121 -20.111076 -0.397184  -0.000001 -0.000001 0.000000
162  0.170121 -19.380093 -0.397190  -0.000001 -0.000001 0.000000
163  0.170119 -19.025108 -1.001149  -0.000001 -0.000001 0.000000
164  0.170119 -18.646660 -0.396449  -0.000001 -0.000001 0.000000
165  0.170124 -19.755760 -1.001144  -0.000001 -0.000001 0.000000
166  -0.015969 10.612518 2.686017  0.000001 -0.000000 0.000000
167  0.059852 -50.160698 6.449381  1.570797 0.000000 -1.570797
168  0.064652 27.351288 72.195198  -0.000000 -0.000000 -0.000001
169  6.064262 95.114006 31.645504  -0.000000 -0.000001 1.570796
170  0.054193 102.845634 29.795362  0.000000 0.000001 -1.570796
171  6.064257 69.096558 37.164322  1.570796 0.000000 1.570796
172  1.974307 11.989234 4.589251  0.000000 -0.000000 0.000000
173  -0.011477 23.944746 5.090363  0.000001 -0.000000 0.000000
174  -1.691247 8.833342 5.763509  0.000001 -0.000000 0.000000
175  6.064260 89.329803 31.613913  -0.000000 -0.000001 1.570796
176  0.059886 2.255335 54.398010  0.000000 -0.000000 0.000000
177  0.003496 -22.270645 0.000147  1.570797 -0.000000 -1.570797
178  0.104015 15.380371 2.266153  0.000001 -0.000000 0.000000
179  -2.754952 42.452484 17.825159  -0.742117 -0.795187 1.975853
180  -3.255353 24.458080 -23.114330  0.181523 0.048807 -1.277059
181  -2.662411 1.445758 33.628742  0.000000 3.141591 1.570796
182  8.352064 2.772897 0.000541  -3.141589 0.000002 -0.000000
183  -2.662410 1.445756 40.667957  0.000000 3.141591 1.570796
184  8.352065 2.772896 0.000541  -3.141589 0.000002 -0.000000
185  -1.431353 16.384779 4.137813  0.000001 -0.000000 0.000000
186  -0.001843 0.521683 -0.140288  0.000000 -0.000000 0.000000
187  7.323112 -5.136190 -5.166237  0.000000 0.000000 -0.610865
188  2.698279 -0.000000 -0.000003  -0.000012 0.000000 0.000000
189  2.834159 0.000001 -0.000001  0.000013 0.000000 0.000000
190  2.648918 0.000000 -0.000002  -0.000001 -0.000001 0.000000
191  2.667497 -0.000004 0.000001  -0.000000 0.000000 0.000000
192  2.426700 -0.000003 -0.000001  -0.000000 0.000000 -0.000000
193  -0.494742 -44.353443 -1.302295  1.570797 -0.000000 -1.570797
194  11.545942 73.768417 -3.792009  0.000000 -0.000000 0.000000
195  -0.011102 -16.902811 1.952048  0.000001 -0.000000 0.000000
196  -0.000001 -0.000002 -1.529051  -0.000000 -0.000000 -0.000000
197  -0.078940 0.000000 -0.000002  0.000000 0.000001 1.570796
198  0.097095 0.000000 -0.000000  -0.000000 -3.141592 1.570796
199  0.000000 0.000000 0.000000  0.000000 -0.000000 -0.000000
200  -9.971627 18.178469 -17.367617  -0.469552 0.844818 -0.797426
201  9.453223 12.633066 -20.240005  -0.612903 -0.776079 0.272001
time 16
0  0 0 0  0 0 0
1  0.000000 0.000000 0.000000  0.000000 -0.000000 -0.000000
2  -0.000005 0.000023 -61.375507  0.000000 0.000000 -1.570795
3  -0.012872 0.000000 8.235020  -1.570799 -1.570796 0.000000
4  16.163128 -0.012870 -0.000002  -0.000000 -0.000000 0.000000
5  16.163143 -0.000009 3.830524  -3.089336 -1.570794 0.000000
6  -0.000031 -0.000001 -0.000000  0.568973 -0.323606 0.560769
7  -0.000002 -0.000005 0.000001  0.000000 0.000000 -0.464443
8  -0.000000 0.000003 0.000002  0.161619 -0.000000 -0.000000
9  0.000001 0.000001 0.000001  0.323316 -0.000000 -0.000000
10  -0.000001 0.000001 0.000002  0.484978 -0.000000 -0.000000
11  -0.000003 0.000003 0.000003  0.646665 -0.000000 -0.000000
12  -0.000002 0.000003 0.000003  0.808353 -0.000000 -0.000000
13  -0.000001 0.000001 0.000002  0.969983 -0.000000 -0.000000
14  -0.000000 -0.000001 0.000000  1.131665 -0.000000 -0.000000
15  -0.000004 0.000003 0.000003  1.267923 0.196715 -0.240976
16  -0.000004 0.000000 -0.000000  0.086005 0.049136 -0.027159
17  -0.000002 -0.000000 0.000005  0.015147 0.019004 -0.249800
18  -0.000002 0.000001 0.000005  0.007305 0.002180 -0.078445
19  0.000002 0.000003 -0.000003  0.411950 0.460799 -0.365506
20  -0.000000 0.000002 0.000001  0.000000 -0.000000 -0.964261
21  -0.000001 0.000000 -0.000003  -0.000000 -0.000000 1.200545
22  -0.000004 0.000002 -0.000003  0.153449 0.535624 0.193631
23  -0.000000 -0.000000 0.000000  -0.000000 0.000000 -0.882513
24  -0.000000 -0.000000 0.000001  -0.000000 0.000000 -0.213363
25  0.000003 0.000003 -0.000003  0.281141 0.473952 -0.032558
26  -0.000001 0.000001 0.000001  -0.000000 0.000000 -1.312286
27  0.000000 -0.000001 -0.000001  -0.000000 -0.000000 1.089500
28  0.000002 0.000002 0.000001  0.127164 0.575190 0.026374
29  0.000001 0.000002 0.000001  -0.000000 -0.000000 0.172276
30  0.000000 0.000002 -0.000002  0.000000 0.000000 -0.840663
31  16.163136 0.000012 -3.830531  -3.098550 1.570794 0.000000
32  -0.000018 -0.000001 0.000001  -0.441044 0.174963 0.967540
33  0.000001 -0.000001 0.000001  0.000000 -0.000000 -0.554709
34  0.000001 0.000002 0.000001  -0.182387 0.000000 -0.000000
35  -0.000002 -0.000002 0.000002  -0.364824 0.000000 0.000000
36  -0.000003 -0.000000 0.000003  -0.547224 0.000000 0.000000
37  -0.000000 0.000000 0.000003  -0.729663 0.000000 -0.000000
38  -0.000005 0.000000 0.000003  -0.912049 0.000000 -0.000000
39  -0.000003 0.000001 0.000003  -1.094500 -0.000000 -0.000000
40  -0.000005 -0.000003 0.000004  -1.276935 0.000000 0.000000
41  -0.000007 -0.000003 0.000002  -1.422192 -0.134300 0.126295
42  1.410068 0.800525 2.089137  -2.009768 -0.630254 0.591907
43  3.954720 0.000012 0.000005  -0.000000 -0.000002 0.166320
44  3.101558 -0.000007 0.000003  -0.000001 -0.000000 0.240238
45  7.183346 -0.532109 3.267603  -0.123210 -0.020355 -0.052486
46  3.511603 -0.000000 0.000001  0.000003 0.000001 0.099571
47  2.199405 0.000004 0.000000  -0.000001 -0.000001 0.029267
48  7.145095 -0.676363 1.382421  -0.086920 0.009133 -0.085505
49  3.672218 -0.000001 0.000001  0.000001 -0.000000 0.142941
50  2.676517 -0.000002 0.000000  -0.000001 -0.000001 -0.026075
51  6.831175 -0.870880 -0.599927  -0.130311 0.006346 -0.065012
52  3.657080 0.000000 -0.000001  -0.000000 0.000001 0.057734
53  2.496793 0.000002 0.000003  0.000000 -0.000001 -0.091108
54  6.164465 -0.898159 -2.575025  -0.090704 0.013515 -0.151468
55  2.805849 -0.000004 0.000002  -0.000002 -0.000001 0.079091
56  2.307433 0.000003 -0.000001  0.000002 0.000001 -0.056419
57  0.000000 0.000000 -0.000000  0.003230 0.005862 -0.001761
58  -19.101734 11.179317 -33.078781  -0.487808 0.942428 -0.838861
59  0.071250 114.357048 62.238804  0.000000 -0.000000 -0.000000
60  1.986521 0.000030 -3.123737  -2.705260 -0.000000 -1.570797
61  -1.986694 0.000030 -3.123743  0.436333 0.000001 1.570797
62  -0.000002 0.000019 0.000004  0.000000 -0.000000 -0.000000
63  -1.986689 0.000024 -3.123730  0.436333 0.000001 1.570797
64  -11.344166 1.135884 0.869287  0.000002 -0.025019 -0.026324
65  1.986530 0.000013 -3.123730  -2.705260 -0.000000 -1.570797
66  -11.350046 -0.729431 0.864883  0.000197 -0.025367 0.026442
67  1.754238 4.036759 -1.682663  0.392575 -0.010120 -1.546362
68  -1.755136 4.036761 -1.682659  -0.392577 -0.010391 -1.594986
69  -0.164555 7.327705 3.928705  0.000000 0.000001 -1.570796
70  0.079081 36.742695 -0.508020  0.000001 -0.000000 -0.000000
71  -1.260173 8.777411 6.736407  -0.000002 -0.424416 -3.141592
72  1.525195 18.283600 2.968624  0.000000 -0.000000 -0.000000
73  0.060217 10.324389 74.469063  0.000008 -0.000000 -0.000000
74  0.062810 75.918007 83.075447  1.570797 0.000000 -1.570796
75  4.804176 -3.971741 -0.000001  -0.000000 0.000000 -0.000000
76  -7.041571 -5.025982 -0.000003  -0.000000 -0.000000 -0.000000
77  8.407173 -3.978428 0.003051  -1.570796 1.570795 0.000000
78  10.376183 -3.978436 0.003052  -1.570796 1.570796 0.000000
79  10.194013 -0.314060 -1.749548  -1.570796 1.570796 0.000000
80  20.857882 -4.015556 0.000001  0.000000 -0.000000 0.000000
81  3.258434 5.856959 -3.403525  -0.000000 -0.000000 -0.000000
82  15.153041 5.860584 -3.403524  0.000000 -0.000000 -0.000000
83  6.064258 77.294968 36.365799  1.570796 -0.000000 1.570796
84  -2.662411 1.445754 40.667961  0.000000 3.141591 1.570796
85  8.352066 2.772897 0.000543  -3.141589 0.000002 -0.000000
86  6.064257 72.973701 32.593258  1.570796 -0.000000 1.570796
87  0.004368 73.768433 -3.792010  0.000000 0.000000 0.000000
88  -0.442610 1.284873 8.535294  0.000000 -0.000001 0.000000
89  0.000005 1.310201 0.000002  0.000000 -0.000000 0.000000
90  0.000007 0.582253 -0.000002  0.000000 -0.000000 0.000000
91  0.036295 1.284871 7.928800  0.000000 -0.000001 0.000000
92  0.000005 1.310207 0.000003  0.000000 -0.000000 0.000000
93  -0.000001 0.582258 0.000003  0.000000 -0.000000 0.000000
94  5.969323 3.427452 -6.170646  -0.000000 -0.000001 -1.570796
95  -1.310207 0.000004 0.000003  0.000000 0.000000 -0.000000
96  -0.582264 -0.000005 0.000005  0.000000 -0.000000 -0.000000
97  5.969327 9.397389 -6.170660  -0.000000 -0.000001 -1.570796
98  -1.310213 0.000001 0.000001  0.000000 0.000001 -0.000000
99  -0.582263 -0.000001 0.000005  0.000000 0.000000 -0.000000
100  5.969318 15.223760 -6.170666  0.000000 -0.000001 -1.570796
101  -1.310215 0.000002 0.000002  -0.000000 0.000000 -0.000000
102  -0.582263 -0.000003 0.000003  -0.000000 0.000000 -0.000000
103  5.969324 20.835567 -6.170673  0.000000 -0.000001 -1.570796
104  -1.310199 0.000006 -0.000001  -0.000000 0.000000 -0.000000
105  -0.582257 0.000005 0.000002  -0.000000 0.000000 -0.000000
106  5.969330 26.771196 -6.170668  0.000000 -0.000001 -1.570796
107  5.969322 32.597588 -6.170673  0.000000 -0.000001 -1.570796
108  5.969325 38.209389 -6.170685  0.000000 -0.000001 -1.570800
109  5.969323 49.488461 -6.170681  0.000000 -0.000001 -1.570800
110  -0.539089 -0.556822 -0.017360  -0.042462 2.681156 1.551919
111  -6.799118 -0.556818 0.818552  -0.272420 2.701993 1.452460
112  -4.615279 -0.556833 0.270328  -0.117230 2.684609 1.518878
113  -2.650972 -0.556812 0.063013  -0.042463 2.681158 1.551919
114  27.110336 1.284842 12.007551  0.000000 -0.000000 0.000000
115  28.133430 1.284846 12.007554  0.000001 -0.000000 0.000000
116  12.812891 2.241771 12.007552  0.000000 -0.000001 -0.000001
117  -9.955963 -0.319635 4.380213  -0.000001 -0.000000 -0.000001
118  -11.316476 -0.319627 4.380216  -0.000003 -0.000000 -0.000000
119  -12.667813 -0.319630 4.380216  -0.000003 -0.000000 0.000001
120  -14.022142 -0.319629 4.380218  0.000010 -0.000000 -0.000011
121  -15.373234 -0.319631 4.380214  0.000015 -0.000000 -0.000015
122  -16.724140 -0.319634 4.380217  -0.000009 -0.000000 0.000006
123  -18.074570 -0.319633 4.380215  -0.000006 -0.000000 0.000004
124  -19.423712 -0.319630 4.380216  0.000002 0.000000 -0.000004
125  -20.775270 -0.319624 4.380214  0.000003 0.000000 -0.000004
126  -22.126671 -0.319628 4.380219  0.000003 -0.000000 -0.000004
127  -23.478127 -0.319627 4.380218  0.000005 -0.000000 -0.000006
128  -24.830622 -0.319630 4.380219  0.000036 -0.000000 -0.000038
129  -26.182030 -0.319628 4.380216  -0.000011 -0.000000 0.000011
130  0.529180 -0.167142 0.629485  -0.101270 -0.000000 0.000000
131  -0.211440 -0.241696 0.155365  -0.145847 -0.000000 0.000000
132  0.529189 -0.280706 -0.110290  -0.145847 -0.000000 -0.000000
133  -0.173928 -0.337335 -0.638495  -0.181751 -0.000000 0.000000
134  0.529190 -0.399258 -0.975389  -0.181751 -0.000000 0.000000
135  -0.211440 -0.464490 -1.431038  -0.192399 -0.000000 0.000000
136  0.529188 -0.515813 -1.694584  -0.192400 -0.000000 0.000000
137  -0.173928 -0.612159 -2.231913  -0.216703 -0.000000 0.000000
138  0.529185 -0.685817 -2.566438  -0.216703 -0.000000 0.000000
139  -0.211442 -0.769569 -3.027870  -0.237349 -0.000000 0.000000
140  0.529189 -0.832697 -3.288847  -0.237349 -0.000000 0.000000
141  -0.173934 -0.945296 -3.779562  -0.233859 0.000000 0.000000
142  0.529178 -1.024664 -4.112781  -0.233859 0.000000 0.000000
143  -0.211444 -1.132199 -4.577546  -0.262919 -0.000000 0.000000
144  0.529194 -1.201979 -4.836822  -0.262919 0.000000 0.000000
145  -0.000004 -2.810954 -10.636631  0.258454 0.000000 3.141592
146  -0.192452 -1.345788 -5.370043  -0.280373 0.000000 0.000000
147  0.533989 -1.413522 -5.605103  -0.276883 0.000000 0.000000
148  -0.206623 -1.795768 -6.909776  -0.287354 0.000000 0.000000
149  -0.205802 -1.564825 -6.138255  -0.290843 0.000000 0.000000
150  0.530457 -1.643683 -6.395213  -0.290844 0.000000 0.000000
151  0.535313 -1.790719 -7.204132  -0.287354 -0.000000 0.000000
152  -0.202701 -2.030492 -7.702828  -0.286180 -0.000000 0.000000
153  0.509544 -2.118904 -8.011623  -0.298398 -0.000000 0.000000
154  -0.202702 -2.255291 -8.465172  -0.283134 -0.000000 0.000000
155  0.509556 -2.352992 -8.771158  -0.295352 -0.000000 0.000000
156  -0.202697 -2.481609 -9.235471  -0.285437 -0.000000 0.000000
157  0.509545 -2.588694 -9.538636  -0.297654 -0.000000 0.000000
158  0.170125 -21.222105 -1.001140  -0.000001 -0.000001 0.000000
159  0.170124 -20.843880 -0.397179  -0.000001 -0.000001 0.000000
160  0.170125 -20.489758 -1.001140  -0.000001 -0.000001 0.000000
161  0.170126 -20.111080 -0.397180  -0.000001 -0.000001 0.000000
162  0.170126 -19.380106 -0.397184  -0.000001 -0.000001 0.000000
163  0.170128 -19.025118 -1.001143  -0.000001 -0.000001 0.000000
164  0.170124 -18.646673 -0.396445  -0.000001 -0.000001 0.000000
165  0.170125 -19.755770 -1.001141  -0.000001 -0.000001 0.000000
166  -0.015975 10.612518 2.686017  0.000001 -0.000000 -0.000000
167  0.059852 -50.160709 6.449380  1.570797 0.000000 -1.570797
168  0.064655 27.351292 72.195213  0.000000 -0.000000 -0.000001
169  6.064261 95.114029 31.645506  0.000000 -0.000001 1.570796
170  0.054187 102.845657 29.795368  0.000000 0.000001 -1.570796
171  6.064256 69.096565 37.164322  1.570796 -0.000000 1.570796
172  1.974301 11.989235 4.589251  0.000000 -0.000000 -0.000000
173  -0.011479 23.944750 5.090363  0.000001 0.000000 0.000000
174  -1.691250 8.833344 5.763509  0.000001 -0.000000 -0.000000
175  6.064265 89.329819 31.613922  0.000000 -0.000001 1.570796
176  0.059887 2.255334 54.398018  0.000000 -0.000000 -0.000000
177  0.003497 -22.270649 0.000145  1.570797 0.000000 -1.570797
178  0.104010 15.380375 2.266153  0.000001 -0.000000 -0.000000
179  -6.493075 44.284447 22.005505  -0.850913 -0.759548 2.107984
180  -3.255356 24.458082 -23.114340  0.181523 0.048807 -1.277059
181  -2.662411 1.445757 33.628746  0.000000 3.141591 1.570796
182  8.352064 2.772897 0.000540  -3.141589 0.000002 -0.000000
183  -2.662411 1.445754 40.667961  0.000000 3.141591 1.570796
184  8.352066 2.772897 0.000543  -3.141589 0.000002 -0.000000
185  -1.431355 16.384783 4.137812  0.000001 -0.000000 0.000000
186  -0.001845 0.521682 -0.140286  0.000000 -0.000000 -0.000000
187  7.323112 -5.136191 -5.166239  0.000000 0.000000 -0.610865
188  2.698279 -0.000002 -0.000003  -0.000012 0.000000 0.000000
189  2.834158 -0.000005 -0.000003  0.000013 0.000000 0.000000
190  2.648918 -0.000002 -0.000001  -0.000001 -0.000001 0.000000
191  2.667498 -0.000002 -0.000002  -0.000000 0.000000 -0.000000
192  2.426703 -0.000001 -0.000005  -0.000000 0.000000 -0.000000
193  -0.494745 -44.353451 -1.302297  1.570797 0.000000 -1.570797
194  11.545933 73.768433 -3.792007  0.000000 -0.000000 -0.000000
195  -0.011100 -16.902813 1.952048  0.000001 -0.000000 -0.000000
196  0.000002 -0.000000 -1.529051  -0.000000 -0.000000 0.000000
197  -0.078940 0.000001 0.000004  0.000000 0.000001 1.570796
198  0.097094 0.000001 0.000002  -0.000000 -3.141592 1.570796
199  0.000000 0.000000 0.000000  0.000000 -0.000000 -0.000000
200  -10.416783 19.040535 -18.384085  -0.487808 0.942428 -0.838861
201  9.453223 12.633066 -20.240005  -0.612904 -0.776078 0.272001
time 17
0  0 0 0  0 0 0
1  0.000000 0.000000 0.000000  0.000000 -0.000000 -0.000000
2  -0.000005 0.000023 -61.375507  0.000000 0.000000 -1.570795
3  -0.012872 0.000000 8.235020  -1.570799 -1.570796 0.000000
4  16.163128 -0.012870 -0.000002  -0.000000 -0.000000 0.000000
5  16.163143 -0.000009 3.830524  -3.089336 -1.570794 0.000000
6  -0.000031 -0.000001 -0.000000  0.568973 -0.323606 0.560769
7  0.000000 -0.000005 0.000001  0.000000 0.000000 -0.464443
8  0.000000 0.000000 0.000001  0.161619 -0.000000 -0.000000
9  0.000002 -0.000001 -0.000001  0.323316 -0.000000 -0.000000
10  -0.000002 -0.000001 -0.000001  0.484978 -0.000000 -0.000000
11  -0.000001 -0.000001 -0.000001  0.646665 -0.000000 -0.000000
12  -0.000002 -0.000000 0.000001  0.808353 -0.000000 -0.000000
13  -0.000003 -0.000001 -0.000001  0.969983 -0.000000 -0.000000
14  -0.000002 -0.000003 -0.000002  1.131665 -0.000000 -0.000000
15  -0.000003 0.000001 0.000002  1.267923 0.196715 -0.240976
16  -0.000005 0.000000 -0.000001  0.086005 0.049136 -0.027159
17  -0.000002 0.000002 0.000004  0.015147 0.019004 -0.249800
18  -0.000003 0.000000 0.000004  0.007305 0.002180 -0.078445
19  0.000001 0.000005 -0.000004  0.411950 0.460799 -0.365506
20  -0.000001 0.000001 -0.000001  0.000000 -0.000000 -0.964261
21  0.000000 0.000000 -0.000001  -0.000000 0.000000 1.200545
22  -0.000004 0.000002 -0.000003  0.153449 0.535624 0.193631
23  -0.000001 -0.000002 0.000001  -0.000000 0.000000 -0.882513
24  -0.000000 0.000001 0.000000  -0.000000 0.000000 -0.213363
25  0.000002 0.000003 -0.000003  0.281141 0.473953 -0.032557
26  -0.000001 0.000002 -0.000000  -0.000000 0.000000 -1.312286
27  -0.000001 -0.000000 0.000000  -0.000000 -0.000000 1.089500
28  0.000002 0.000001 0.000002  0.127164 0.575190 0.026374
29  0.000000 0.000003 0.000001  -0.000000 -0.000000 0.172276
30  0.000000 -0.000001 0.000001  -0.000000 0.000000 -0.840663
31  16.163136 0.000012 -3.830531  -3.098550 1.570794 0.000000
32  -0.000018 -0.000001 0.000001  -0.460002 0.181226 0.993901
33  0.000000 0.000001 -0.000001  0.000000 -0.000000 -0.539304
34  0.000001 0.000000 -0.000001  -0.192687 0.000000 -0.000000
35  -0.000001 -0.000003 0.000000  -0.385326 0.000000 0.000000
36  -0.000003 -0.000000 -0.000001  -0.578039 0.000000 0.000000
37  -0.000000 -0.000000 -0.000001  -0.770728 -0.000000 0.000000
38  -0.000006 0.000002 -0.000002  -0.963366 -0.000000 -0.000000
39  -0.000003 0.000001 -0.000000  -1.156055 -0.000000 -0.000000
40  -0.000002 -0.000001 0.000001  -1.348749 0.000000 0.000000
41  -0.000005 -0.000005 -0.000003  -1.491331 -0.169388 0.147595
42  1.410069 0.800524 2.089137  -2.009768 -0.630254 0.591907
43  3.954719 0.000011 0.000005  -0.000000 -0.000002 0.166320
44  3.101559 -0.000008 0.000003  -0.000001 -0.000000 0.240238
45  7.183348 -0.532111 3.267603  -0.123210 -0.020355 -0.052486
46  3.511602 0.000002 0.000000  0.000003 0.000001 0.099571
47  2.199403 0.000005 0.000001  -0.000001 -0.000001 0.029267
48  7.145096 -0.676363 1.382421  -0.086920 0.009133 -0.085505
49  3.672221 -0.000002 -0.000002  0.000001 -0.000000 0.142941
50  2.676517 -0.000004 0.000000  -0.000001 -0.000001 -0.026075
51  6.831176 -0.870880 -0.599927  -0.130311 0.006346 -0.065012
52  3.657080 -0.000003 -0.000000  -0.000000 0.000001 0.057734
53  2.496795 -0.000001 0.000001  0.000000 -0.000001 -0.091108
54  6.164467 -0.898157 -2.575025  -0.090704 0.013515 -0.151468
55  2.805848 -0.000005 0.000002  -0.000002 -0.000001 0.079091
56  2.307435 -0.000002 -0.000004  0.000002 0.000001 -0.056419
57  0.000000 0.000000 -0.000000  0.003598 0.003360 -0.001764
58  -20.263140 12.112335 -35.089027  -0.499311 1.019125 -0.867679
59  0.071249 114.357033 62.238792  -0.000000 -0.000000 0.000000
60  1.986523 0.000010 -3.123739  -2.705260 -0.000000 -1.570797
61  -1.986700 0.000015 -3.123747  0.436333 0.000001 1.570797
62  0.000002 -0.000004 0.000000  0.000000 -0.000000 0.000000
63  -1.986694 0.000018 -3.123737  0.436333 0.000001 1.570797
64  -11.344164 1.135885 0.869279  0.000002 -0.025020 -0.026323
65  1.986526 0.000013 -3.123735  -2.705260 -0.000000 -1.570797
66  -11.350060 -0.729416 0.864878  0.000197 -0.025367 0.026442
67  1.754240 4.036764 -1.682665  0.392575 -0.010120 -1.546363
68  -1.755136 4.036763 -1.682669  -0.392577 -0.010391 -1.594986
69  -0.164557 7.327704 3.928702  0.000000 0.000001 -1.570796
70  0.079080 36.742695 -0.508025  0.000001 -0.000000 0.000000
71  -1.260173 8.777411 6.736404  -0.000002 -0.424415 -3.141592
72  1.525193 18.283600 2.968620  0.000000 -0.000000 0.000000
73  0.060212 10.324387 74.469055  0.000008 -0.000000 0.000000
74  0.062810 75.918007 83.075447  1.570797 -0.000000 -1.570796
75  4.804183 -3.971735 0.000000  -0.000000 0.000000 -0.000000
76  -7.041569 -5.025984 0.000000  -0.000000 -0.000000 -0.000000
77  8.407180 -3.978432 0.003057  -1.570796 1.570795 0.000000
78  10.376191 -3.978438 0.003054  -1.570796 1.570796 0.000000
79  10.194014 -0.314060 -1.749547  -1.570796 1.570796 0.000000
80  20.857883 -4.015560 0.000004  0.000000 -0.000000 -0.000000
81  3.258440 5.856962 -3.403522  -0.000000 -0.000000 -0.000000
82  15.153048 5.860580 -3.403519  0.000000 -0.000000 0.000000
83  6.064259 77.294952 36.365795  1.570796 0.000000 1.570796
84  -2.662412 1.445756 40.667961  0.000000 3.141591 1.570796
85  8.352066 2.772898 0.000542  -3.141589 0.000002 -0.000000
86  6.064255 72.973701 32.593246  1.570796 0.000000 1.570796
87  0.004366 73.768417 -3.792009  0.000000 0.000000 0.000000
88  -0.442607 1.284880 8.535290  -0.000000 -0.000001 0.000000
89  -0.000003 1.310213 0.000004  0.000000 -0.000000 0.000000
90  -0.000005 0.582258 0.000001  0.000000 -0.000000 0.000000
91  0.036301 1.284873 7.928800  -0.000000 -0.000001 0.000000
92  0.000000 1.310212 0.000000  0.000000 -0.000000 0.000000
93  -0.000001 0.582265 -0.000001  0.000000 -0.000000 0.000000
94  5.969329 3.427456 -6.170650  -0.000001 -0.000001 -1.570797
95  -1.310207 -0.000003 0.000002  0.000000 -0.000000 -0.000000
96  -0.582260 -0.000005 0.000001  0.000000 -0.000000 -0.000000
97  5.969327 9.397400 -6.170661  -0.000000 -0.000001 -1.570796
98  -1.310212 0.000005 -0.000002  0.000000 0.000000 -0.000000
99  -0.582263 -0.000001 -0.000001  0.000000 0.000000 -0.000000
100  5.969326 15.223768 -6.170670  0.000000 -0.000001 -1.570796
101  -1.310208 -0.000001 0.000003  -0.000000 0.000000 -0.000000
102  -0.582253 0.000005 -0.000001  -0.000000 0.000000 -0.000000
103  5.969326 20.835567 -6.170672  0.000000 -0.000001 -1.570796
104  -1.310204 -0.000001 0.000001  -0.000000 0.000000 -0.000000
105  -0.582258 -0.000002 0.000004  -0.000000 0.000000 -0.000000
106  5.969326 26.771208 -6.170672  0.000000 -0.000001 -1.570796
107  5.969326 32.597591 -6.170672  0.000000 -0.000001 -1.570796
108  5.969332 38.209396 -6.170685  0.000000 -0.000001 -1.570800
109  5.969328 49.488468 -6.170683  0.000000 -0.000001 -1.570800
110  -0.539092 -0.556815 -0.017361  -0.042462 2.681156 1.551919
111  -6.799122 -0.556805 0.818548  -0.272420 2.701993 1.452460
112  -4.615284 -0.556826 0.270329  -0.117230 2.684609 1.518878
113  -2.650967 -0.556802 0.063009  -0.042463 2.681158 1.551919
114  27.110336 1.284854 12.007553  -0.000000 -0.000000 0.000000
115  28.133423 1.284851 12.007549  0.000001 -0.000000 0.000000
116  12.812887 2.241782 12.007551  -0.000000 -0.000001 -0.000001
117  -9.955966 -0.319622 4.380215  -0.000001 -0.000000 -0.000001
118  -11.316473 -0.319624 4.380216  -0.000003 -0.000000 0.000000
119  -12.667812 -0.319625 4.380216  -0.000003 -0.000000 0.000001
120  -14.022141 -0.319625 4.380216  0.000010 -0.000000 -0.000011
121  -15.373240 -0.319627 4.380216  0.000015 -0.000000 -0.000015
122  -16.724144 -0.319620 4.380214  -0.000009 -0.000000 0.000006
123  -18.074575 -0.319624 4.380218  -0.000006 0.000000 0.000004
124  -19.423714 -0.319624 4.380216  0.000002 0.000000 -0.000004
125  -20.775272 -0.319626 4.380216  0.000003 0.000000 -0.000004
126  -22.126669 -0.319626 4.380216  0.000003 -0.000000 -0.000004
127  -23.478123 -0.319621 4.380215  0.000005 -0.000000 -0.000006
128  -24.830620 -0.319618 4.380215  0.000036 0.000000 -0.000038
129  -26.182030 -0.319622 4.380216  -0.000011 -0.000000 0.000011
130  0.529177 -0.167129 0.629485  -0.101270 -0.000000 0.000000
131  -0.211439 -0.241688 0.155362  -0.145847 -0.000000 0.000000
132  0.529193 -0.280706 -0.110291  -0.145847 -0.000000 0.000000
133  -0.173919 -0.337332 -0.638496  -0.181751 -0.000000 0.000000
134  0.529193 -0.399247 -0.975394  -0.181751 -0.000000 0.000000
135  -0.211442 -0.464478 -1.431041  -0.192399 -0.000000 0.000000
136  0.529190 -0.515819 -1.694580  -0.192399 -0.000000 0.000000
137  -0.173925 -0.612150 -2.231912  -0.216703 -0.000000 0.000000
138  0.529187 -0.685808 -2.566440  -0.216703 -0.000000 0.000000
139  -0.211443 -0.769562 -3.027870  -0.237349 -0.000000 0.000000
140  0.529187 -0.832693 -3.288843  -0.237349 -0.000000 0.000000
141  -0.173934 -0.945289 -3.779563  -0.233859 0.000000 0.000000
142  0.529180 -1.024665 -4.112778  -0.233859 0.000000 0.000000
143  -0.211442 -1.132188 -4.577548  -0.262919 -0.000000 0.000000
144  0.529189 -1.201970 -4.836823  -0.262919 0.000000 0.000000
145  -0.000007 -2.810944 -10.636629  0.258454 0.000000 3.141592
146  -0.192453 -1.345773 -5.370047  -0.280373 0.000000 0.000000
147  0.533984 -1.413519 -5.605103  -0.276883 0.000000 0.000000
148  -0.206615 -1.795766 -6.909778  -0.287354 0.000000 0.000000
149  -0.205805 -1.564818 -6.138256  -0.290843 0.000000 0.000000
150  0.530459 -1.643681 -6.395212  -0.290844 0.000000 0.000000
151  0.535313 -1.790711 -7.204133  -0.287354 -0.000000 0.000000
152  -0.202701 -2.030492 -7.702828  -0.286180 -0.000000 0.000000
153  0.509551 -2.118898 -8.011627  -0.298398 -0.000000 0.000000
154  -0.202700 -2.255287 -8.465171  -0.283134 -0.000000 0.000000
155  0.509550 -2.352979 -8.771158  -0.295352 -0.000000 0.000000
156  -0.202707 -2.481597 -9.235471  -0.285437 -0.000000 0.000000
157  0.509551 -2.588693 -9.538636  -0.297654 -0.000000 0.000000
158  0.170122 -21.222094 -1.001139  -0.000001 -0.000001 0.000000
159  0.170124 -20.843866 -0.397184  -0.000001 -0.000001 0.000000
160  0.170124 -20.489750 -1.001140  -0.000001 -0.000001 0.000000
161  0.170128 -20.111071 -0.397182  -0.000001 -0.000001 0.000000
162  0.170126 -19.380093 -0.397184  -0.000001 -0.000001 0.000000
163  0.170126 -19.025114 -1.001144  -0.000001 -0.000001 0.000000
164  0.170125 -18.646660 -0.396446  -0.000001 -0.000001 0.000000
165  0.170124 -19.755766 -1.001139  -0.000001 -0.000001 0.000000
166  -0.015974 10.612518 2.686016  0.000001 -0.000000 0.000000
167  0.059850 -50.160702 6.449384  1.570797 -0.000000 -1.570797
168  0.064651 27.351290 72.195206  -0.000000 -0.000000 -0.000001
169  6.064260 95.114014 31.645498  -0.000000 -0.000001 1.570796
170  0.054192 102.845634 29.795362  0.000000 0.000001 -1.570796
171  6.064260 69.096565 37.164314  1.570796 0.000000 1.570796
172  1.974302 11.989233 4.589249  0.000000 -0.000000 0.000000
173  -0.011482 23.944744 5.090363  0.000001 0.000000 0.000000
174  -1.691254 8.833342 5.763509  0.000001 -0.000000 0.000000
175  6.064261 89.329803 31.613914  -0.000000 -0.000001 1.570796
176  0.059887 2.255336 54.398010  -0.000000 -0.000000 0.000000
177  0.003499 -22.270643 0.000149  1.570797 -0.000000 -1.570797
178  0.104010 15.380373 2.266151  0.000001 -0.000000 0.000000
179  -9.764114 45.526684 24.931065  -0.929052 -0.721762 2.199894
180  -3.255362 24.458084 -23.114338  0.181523 0.048807 -1.277059
181  -2.662412 1.445758 33.628742  0.000000 3.141591 1.570796
182  8.352066 2.772897 0.000542  -3.141589 0.000002 -0.000000
183  -2.662412 1.445756 40.667961  0.000000 3.141591 1.570796
184  8.352066 2.772898 0.000542  -3.141589 0.000002 -0.000000
185  -1.431356 16.384777 4.137810  0.000001 0.000000 0.000000
186  -0.001843 0.521683 -0.140292  0.000000 -0.000000 0.000000
187  7.323111 -5.136189 -5.166238  0.000000 0.000000 -0.610865
188  2.698275 -0.000003 0.000004  -0.000012 0.000000 0.000000
189  2.834162 -0.000000 0.000003  0.000013 0.000000 0.000000
190  2.648918 -0.000000 0.000000  -0.000001 -0.000001 0.000000
191  2.667500 -0.000001 0.000001  0.000000 0.000000 -0.000000
192  2.426700 -0.000002 0.000000  0.000000 0.000000 -0.000000
193  -0.494744 -44.353447 -1.302299  1.570797 -0.000000 -1.570797
194  11.545936 73.768417 -3.792014  0.000000 -0.000000 0.000000
195  -0.011102 -16.902813 1.952047  0.000001 -0.000000 0.000000
196  0.000002 -0.000001 -1.529053  -0.000000 -0.000000 -0.000000
197  -0.078945 -0.000000 0.000001  0.000000 0.000001 1.570796
198  0.097090 -0.000001 0.000001  -0.000000 -3.141592 1.570796
199  0.000000 0.000000 0.000000  0.000000 -0.000000 -0.000000
200  -10.749514 19.584450 -19.208344  -0.499311 1.019125 -0.867678
201  9.453223 12.633066 -20.240005  -0.612904 -0.776079 0.272001
time 18
0  0 0 0  0 0 0
1  0.000000 0.000000 0.000000  0.000000 -0.000000 -0.000000
2  -0.000005 0.000023 -61.375507  0.000000 0.000000 -1.570795
3  -0.012872 0.000000 8.235020  -1.570799 -1.570796 0.000000
4  16.163128 -0.012870 -0.000002  -0.000000 -0.000000 0.000000
5  16.163143 -0.000009 3.830524  -3.089336 -1.570794 0.000000
6  -0.000031 -0.000001 -0.000000  0.568973 -0.323606 0.560769
7  -0.000004 -0.000005 -0.000000  0.000000 0.000000 -0.464443
8  0.000001 0.000002 0.000001  0.161619 -0.000000 -0.000000
9  0.000001 0.000000 -0.000001  0.323316 -0.000000 -0.000000
10  -0.000001 0.000002 0.000001  0.484978 -0.000000 -0.000000
11  -0.000001 -0.000000 -0.000000  0.646665 -0.000000 -0.000000
12  -0.000002 0.000002 0.000001  0.808353 -0.000000 -0.000000
13  -0.000002 -0.000000 -0.000000  0.969983 -0.000000 -0.000000
14  -0.000004 -0.000001 -0.000001  1.131665 -0.000000 -0.000000
15  -0.000003 0.000003 0.000003  1.267923 0.196715 -0.240976
16  -0.000005 -0.000001 -0.000000  0.086005 0.049136 -0.027159
17  -0.000001 0.000001 0.000004  0.015147 0.019004 -0.249800
18  0.000001 0.000002 0.000004  0.007305 0.002180 -0.078445
19  0.000001 0.000000 -0.000001  0.411950 0.460799 -0.365506
20  -0.000000 -0.000000 -0.000001  0.000000 -0.000000 -0.964261
21  -0.000001 -0.000000 -0.000001  -0.000000 0.000000 1.200545
22  -0.000005 0.000001 -0.000002  0.153449 0.535624 0.193631
23  -0.000001 0.000002 -0.000001  -0.000000 0.000000 -0.882513
24  -0.000000 0.000001 -0.000000  0.000000 -0.000000 -0.213363
25  0.000002 0.000002 -0.000003  0.281141 0.473952 -0.032557
26  -0.000001 0.000001 -0.000000  -0.000000 0.000000 -1.312286
27  0.000001 -0.000000 -0.000001  -0.000000 -0.000000 1.089500
28  0.000002 0.000002 0.000001  0.127165 0.575190 0.026374
29  -0.000001 0.000002 0.000000  -0.000000 0.000000 0.172276
30  -0.000000 -0.000003 0.000000  -0.000000 -0.000000 -0.840663
31  16.163136 0.000012 -3.830531  -3.098550 1.570794 0.000000
32  -0.000018 -0.000001 0.000001  -0.472122 0.184471 1.008070
33  0.000000 0.000001 0.000001  0.000000 -0.000000 -0.525891
34  0.000000 -0.000001 -0.000003  -0.199188 0.000000 -0.000000
35  -0.000002 -0.000003 -0.000001  -0.398394 0.000000 0.000000
36  -0.000004 -0.000002 -0.000001  -0.597617 0.000000 0.000000
37  -0.000002 -0.000002 -0.000001  -0.796882 -0.000000 0.000000
38  -0.000005 -0.000002 -0.000000  -0.996084 0.000000 -0.000000
39  -0.000004 -0.000002 -0.000001  -1.195298 -0.000000 0.000000
40  -0.000005 -0.000003 -0.000001  -1.394494 0.000000 0.000000
41  -0.000007 -0.000007 -0.000003  -1.535518 -0.191130 0.163156
42  1.410069 0.800522 2.089137  -2.009768 -0.630254 0.591907
43  3.954721 0.000010 0.000007  -0.000000 -0.000002 0.166319
44  3.101558 -0.000008 0.000002  -0.000001 -0.000000 0.240238
45  7.183347 -0.532110 3.267603  -0.123210 -0.020355 -0.052486
46  3.511603 0.000001 0.000001  0.000003 0.000001 0.099571
47  2.199403 0.000005 -0.000000  -0.000001 -0.000001 0.029267
48  7.145095 -0.676363 1.382421  -0.086920 0.009133 -0.085505
49  3.672218 -0.000003 -0.000002  0.000001 -0.000000 0.142941
50  2.676517 -0.000004 0.000001  -0.000001 -0.000001 -0.026075
51  6.831176 -0.870880 -0.599926  -0.130311 0.006346 -0.065012
52  3.657079 -0.000000 -0.000002  -0.000000 0.000001 0.057734
53  2.496793 -0.000000 0.000001  0.000000 -0.000001 -0.091108
54  6.164467 -0.898159 -2.575026  -0.090704 0.013515 -0.151468
55  2.805848 -0.000002 0.000000  -0.000002 -0.000001 0.079091
56  2.307437 -0.000001 -0.000003  0.000002 0.000001 -0.056419
57  0.000000 0.000000 -0.000000  0.003478 0.001041 -0.001707
58  -21.016655 12.727512 -36.389580  -0.504888 1.069264 -0.884257
59  0.071255 114.357040 62.238808  0.000000 -0.000000 -0.000000
60  1.986525 0.000013 -3.123734  -2.705260 -0.000000 -1.570797
61  -1.986687 0.000013 -3.123736  0.436333 0.000001 1.570797
62  0.000002 -0.000004 0.000006  0.000000 -0.000000 -0.000000
63  -1.986696 0.000020 -3.123736  0.436333 0.000001 1.570797
64  -11.344167 1.135888 0.869281  0.000002 -0.025019 -0.026324
65  1.986519 0.000012 -3.123734  -2.705260 -0.000000 -1.570797
66  -11.350058 -0.729424 0.864889  0.000197 -0.025367 0.026442
67  1.754230 4.036758 -1.682669  0.392575 -0.010120 -1.546363
68  -1.755148 4.036757 -1.682668  -0.392577 -0.010391 -1.594986
69  -0.164556 7.327703 3.928702  0.000000 0.000001 -1.570796
70  0.079084 36.742691 -0.508025  0.000001 -0.000000 -0.000000
71  -1.260171 8.777409 6.736404  -0.000002 -0.424415 -3.141592
72  1.525195 18.283598 2.968622  0.000000 -0.000000 -0.000000
73  0.060216 10.324388 74.469055  0.000008 -0.000000 -0.000000
74  0.062807 75.918007 83.075447  1.570797 0.000000 -1.570796
75  4.804188 -3.971756 0.000006  -0.000000 0.000000 -0.000000
76  -7.041564 -5.025999 0.000004  -0.000000 -0.000000 -0.000000
77  8.407185 -3.978442 0.003057  -1.570796 1.570795 0.000000
78  10.376194 -3.978453 0.003061  -1.570796 1.570796 0.000000
79  10.194015 -0.314064 -1.749544  -1.570796 1.570796 0.000000
80  20.857889 -4.015571 0.000005  0.000000 -0.000000 -0.000000
81  3.258445 5.856943 -3.403521  -0.000000 -0.000000 -0.000000
82  15.153048 5.860572 -3.403517  -0.000000 -0.000000 -0.000000
83  6.064260 77.294952 36.365799  1.570796 -0.000000 1.570796
84  -2.662412 1.445752 40.667957  0.000000 3.141591 1.570796
85  8.352067 2.772894 0.000540  -3.141589 0.000002 0.000000
86  6.064259 72.973694 32.593254  1.570796 -0.000000 1.570796
87  0.004367 73.768417 -3.792008  0.000000 0.000000 0.000000
88  -0.442602 1.284883 8.535293  -0.000000 -0.000001 0.000000
89  0.000003 1.310205 0.000000  0.000000 0.000000 0.000000
90  0.000001 0.582251 0.000002  0.000000 0.000000 0.000000
91  0.036300 1.284891 7.928800  -0.000000 -0.000001 0.000000
92  -0.000002 1.310208 0.000000  0.000000 0.000000 0.000000
93  -0.000005 0.582254 0.000002  0.000000 0.000000 0.000000
94  5.969325 3.427465 -6.170650  -0.000000 -0.000001 -1.570797
95  -1.310202 0.000008 0.000001  0.000000 -0.000000 -0.000000
96  -0.582254 0.000006 0.000002  0.000000 -0.000000 -0.000000
97  5.969324 9.397409 -6.170660  -0.000000 -0.000001 -1.570796
98  -1.310206 -0.000003 0.000001  0.000000 0.000000 -0.000000
99  -0.582251 -0.000004 0.000002  0.000000 0.000000 -0.000000
100  5.969328 15.223776 -6.170667  -0.000000 -0.000001 -1.570796
101  -1.310213 0.000002 0.000005  -0.000000 0.000000 -0.000000
102  -0.582258 -0.000003 0.000004  -0.000000 0.000000 -0.000000
103  5.969326 20.835573 -6.170669  -0.000000 -0.000001 -1.570796
104  -1.310221 -0.000002 0.000000  -0.000000 0.000000 -0.000000
105  -0.582268 -0.000003 0.000000  -0.000000 0.000000 -0.000000
106  5.969326 26.771217 -6.170670  -0.000000 -0.000001 -1.570796
107  5.969326 32.597607 -6.170674  -0.000000 -0.000001 -1.570796
108  5.969326 38.209408 -6.170689  -0.000000 -0.000001 -1.570800
109  5.969326 49.488472 -6.170685  -0.000000 -0.000001 -1.570800
110  -0.539089 -0.556807 -0.017360  -0.042462 2.681156 1.551919
111  -6.799122 -0.556797 0.818551  -0.272420 2.701993 1.452460
112  -4.615283 -0.556817 0.270331  -0.117230 2.684609 1.518878
113  -2.650963 -0.556804 0.063013  -0.042463 2.681158 1.551919
114  27.110340 1.284868 12.007547  0.000000 -0.000000 0.000000
115  28.133432 1.284864 12.007549  0.000001 -0.000000 0.000000
116  12.812891 2.241793 12.007549  -0.000000 -0.000001 -0.000001
117  -9.955962 -0.319620 4.380217  -0.000001 -0.000000 -0.000001
118  -11.316469 -0.319618 4.380215  -0.000003 -0.000000 0.000000
119  -12.667807 -0.319612 4.380217  -0.000003 -0.000000 0.000001
120  -14.022138 -0.319620 4.380219  0.000010 -0.000000 -0.000011
121  -15.373240 -0.319612 4.380217  0.000015 -0.000000 -0.000015
122  -16.724138 -0.319615 4.380216  -0.000009 -0.000000 0.000006
123  -18.074570 -0.319616 4.380215  -0.000006 0.000000 0.000004
124  -19.423714 -0.319616 4.380216  0.000002 0.000000 -0.000004
125  -20.775269 -0.319612 4.380217  0.000003 0.000000 -0.000004
126  -22.126667 -0.319610 4.380217  0.000003 0.000000 -0.000004
127  -23.478117 -0.319611 4.380218  0.000005 0.000000 -0.000006
128  -24.830618 -0.319612 4.380216  0.000036 0.000000 -0.000038
129  -26.182026 -0.319614 4.380217  -0.000011 0.000000 0.000011
130  0.529183 -0.167127 0.629485  -0.101270 -0.000000 0.000000
131  -0.211437 -0.241682 0.155364  -0.145847 -0.000000 0.000000
132  0.529195 -0.280696 -0.110291  -0.145847 -0.000000 0.000000
133  -0.173922 -0.337319 -0.638493  -0.181751 -0.000000 0.000000
134  0.529193 -0.399238 -0.975393  -0.181751 -0.000000 0.000000
135  -0.211441 -0.464474 -1.431038  -0.192399 -0.000000 0.000000
136  0.529189 -0.515801 -1.694581  -0.192400 -0.000000 0.000000
137  -0.173925 -0.612139 -2.231910  -0.216703 -0.000000 0.000000
138  0.529187 -0.685799 -2.566439  -0.216703 -0.000000 0.000000
139  -0.211444 -0.769548 -3.027872  -0.237349 -0.000000 0.000000
140  0.529190 -0.832677 -3.288846  -0.237349 -0.000000 0.000000
141  -0.173937 -0.945277 -3.779561  -0.233859 0.000000 0.000000
142  0.529181 -1.024649 -4.112781  -0.233859 0.000000 0.000000
143  -0.211442 -1.132186 -4.577546  -0.262919 -0.000000 0.000000
144  0.529191 -1.201961 -4.836822  -0.262919 0.000000 0.000000
145  -0.000001 -2.810938 -10.636629  0.258454 -0.000000 3.141592
146  -0.192450 -1.345772 -5.370043  -0.280373 0.000000 0.000000
147  0.533988 -1.413505 -5.605103  -0.276883 0.000000 0.000000
148  -0.206618 -1.795755 -6.909779  -0.287354 0.000000 0.000000
149  -0.205801 -1.564809 -6.138257  -0.290843 0.000000 0.000000
150  0.530462 -1.643675 -6.395214  -0.290844 0.000000 0.000000
151  0.535314 -1.790701 -7.204131  -0.287354 -0.000000 0.000000
152  -0.202702 -2.030475 -7.702830  -0.286180 -0.000000 0.000000
153  0.509549 -2.118890 -8.011624  -0.298398 -0.000000 0.000000
154  -0.202699 -2.255273 -8.465171  -0.283134 -0.000000 0.000000
155  0.509552 -2.352969 -8.771159  -0.295352 -0.000000 0.000000
156  -0.202703 -2.481592 -9.235469  -0.285437 -0.000000 0.000000
157  0.509546 -2.588671 -9.538637  -0.297654 -0.000000 0.000000
158  0.170127 -21.222084 -1.001140  -0.000001 -0.000001 0.000000
159  0.170126 -20.843859 -0.397181  -0.000001 -0.000001 0.000000
160  0.170126 -20.489742 -1.001138  -0.000001 -0.000001 0.000000
161  0.170126 -20.111067 -0.397180  -0.000001 -0.000001 0.000000
162  0.170121 -19.380081 -0.397187  -0.000001 -0.000001 0.000000
163  0.170123 -19.025099 -1.001146  -0.000001 -0.000001 0.000000
164  0.170123 -18.646652 -0.396446  -0.000001 -0.000001 0.000000
165  0.170128 -19.755756 -1.001139  -0.000001 -0.000001 0.000000
166  -0.015971 10.612517 2.686016  0.000001 -0.000000 -0.000000
167  0.059852 -50.160706 6.449382  1.570797 0.000000 -1.570797
168  0.064652 27.351292 72.195206  0.000000 -0.000000 -0.000001
169  6.064263 95.114021 31.645504  0.000000 -0.000001 1.570796
170  0.054190 102.845650 29.795364  0.000000 0.000001 -1.570796
171  6.064257 69.096558 37.164322  1.570796 -0.000000 1.570796
172  1.974305 11.989231 4.589249  0.000000 -0.000000 -0.000000
173  -0.011480 23.944746 5.090360  0.000001 0.000000 0.000000
174  -1.691248 8.833340 5.763505  0.000001 -0.000000 -0.000000
175  6.064260 89.329811 31.613914  0.000000 -0.000001 1.570796
176  0.059887 2.255334 54.398014  0.000000 -0.000000 -0.000000
177  0.003498 -22.270649 0.000146  1.570797 -0.000000 -1.570797
178  0.104011 15.380369 2.266152  0.000001 -0.000000 -0.000000
179  -12.037630 46.255806 26.650089  -0.976325 -0.692918 2.253927
180  -3.255359 24.458076 -23.114338  0.181523 0.048807 -1.277059
181  -2.662410 1.445757 33.628746  0.000000 3.141591 1.570796
182  8.352066 2.772897 0.000541  -3.141589 0.000002 0.000000
183  -2.662412 1.445752 40.667957  0.000000 3.141591 1.570796
184  8.352067 2.772894 0.000540  -3.141589 0.000002 0.000000
185  -1.431354 16.384781 4.137812  0.000001 -0.000000 0.000000
186  -0.001842 0.521681 -0.140290  0.000000 -0.000000 -0.000000
187  7.323111 -5.136195 -5.166238  0.000000 0.000000 -0.610865
188  2.698277 -0.000001 0.000005  -0.000012 0.000000 0.000000
189  2.834159 0.000003 -0.000002  0.000013 0.000000 -0.000000
190  2.648921 -0.000001 0.000005  -0.000001 -0.000001 0.000000
191  2.667499 -0.000004 -0.000001  -0.000000 0.000000 -0.000000
192  2.426706 0.000000 -0.000004  -0.000000 0.000000 -0.000000
193  -0.494744 -44.353455 -1.302304  1.570797 -0.000000 -1.570797
194  11.545942 73.768417 -3.792011  0.000000 -0.000000 -0.000000
195  -0.011102 -16.902817 1.952045  0.000001 -0.000000 -0.000000
196  -0.000005 -0.000001 -1.529052  -0.000001 0.000000 -0.000000
197  -0.078944 -0.000001 0.000002  0.000000 0.000001 1.570796
198  0.097092 0.000000 0.000003  -0.000000 -3.141592 1.570796
199  0.000000 0.000000 0.000000  0.000000 -0.000000 -0.000000
200  -10.963707 19.876839 -19.761541  -0.504887 1.069264 -0.884257
201  9.453223 12.633066 -20.240005  -0.612903 -0.776079 0.272001
time 19
0  0 0 0  0 0 0
1  0.000000 0.000000 0.000000  0.000000 -0.000000 -0.000000
2  -0.000005 0.000023 -61.375507  0.000000 0.000000 -1.570795
3  -0.012872 0.000000 8.235020  -1.570799 -1.570796 0.000000
4  16.163128 -0.012870 -0.000002  -0.000000 -0.000000 0.000000
5  16.163143 -0.000009 3.830524  -3.089336 -1.570794 0.000000
6  -0.000031 -0.000001 -0.000000  0.568973 -0.323606 0.560769
7  -0.000004 -0.000005 -0.000000  0.000000 0.000000 -0.464443
8  0.000001 0.000002 0.000001  0.161619 -0.000000 -0.000000
9  0.000001 0.000000 -0.000001  0.323316 -0.000000 -0.000000
10  -0.000001 0.000002 0.000001  0.484978 -0.000000 -0.000000
11  -0.000001 -0.000000 -0.000000  0.646665 -0.000000 -0.000000
12  -0.000002 0.000002 0.000001  0.808353 -0.000000 -0.000000
13  -0.000002 -0.000000 -0.000000  0.969983 -0.000000 -0.000000
14  -0.000004 -0.000001 -0.000001  1.131665 -0.000000 -0.000000
15  -0.000003 0.000003 0.000003  1.267923 0.196715 -0.240976
16  -0.000005 -0.000001 -0.000000  0.086005 0.049136 -0.027159
17  -0.000001 0.000001 0.000004  0.015147 0.019004 -0.249800
18  0.000001 0.000002 0.000004  0.007305 0.002180 -0.078445
19  0.000001 0.000000 -0.000001  0.411950 0.460799 -0.365506
20  -0.000000 -0.000000 -0.000001  0.000000 0.000000 -0.964261
21  -0.000001 -0.000000 -0.000001  -0.000000 0.000000 1.200545
22  -0.000005 0.000001 -0.000002  0.153449 0.535624 0.193631
23  0.000000 -0.000000 0.000001  -0.000000 0.000000 -0.882513
24  -0.000001 0.000000 -0.000001  -0.000000 -0.000000 -0.213363
25  0.000002 0.000002 -0.000003  0.281141 0.473952 -0.032557
26  -0.000001 -0.000001 -0.000000  -0.000000 0.000000 -1.312286
27  0.000001 -0.000001 -0.000001  -0.000000 -0.000000 1.089500
28  0.000002 0.000002 0.000001  0.127165 0.575190 0.026374
29  -0.000001 0.000002 0.000000  -0.000000 0.000000 0.172276
30  -0.000000 -0.000003 0.000000  -0.000000 0.000000 -0.840663
31  16.163136 0.000012 -3.830531  -3.098550 1.570794 0.000000
32  -0.000018 -0.000001 0.000001  -0.476398 0.185412 1.012517
33  0.000001 0.000000 -0.000002  0.000000 -0.000000 -0.520457
34  0.000001 -0.000001 0.000000  -0.201519 0.000000 -0.000000
35  -0.000002 -0.000003 0.000001  -0.403002 0.000000 0.000000
36  -0.000003 -0.000001 0.000000  -0.604518 0.000000 0.000000
37  -0.000000 -0.000001 0.000000  -0.806030 -0.000000 0.000000
38  -0.000005 -0.000000 0.000001  -1.007566 -0.000000 -0.000000
39  -0.000005 -0.000001 0.000001  -1.209063 -0.000000 0.000000
40  -0.000004 -0.000003 0.000002  -1.410631 0.000000 0.000000
41  -0.000008 -0.000004 -0.000001  -1.551098 -0.198644 0.169058
42  1.410069 0.800524 2.089137  -2.009768 -0.630254 0.591907
43  3.954719 0.000011 0.000004  -0.000000 -0.000002 0.166319
44  3.101561 -0.000009 0.000003  -0.000001 -0.000000 0.240238
45  7.183348 -0.532111 3.267601  -0.123210 -0.020355 -0.052486
46  3.511600 0.000000 -0.000001  0.000003 0.000001 0.099571
47  2.199404 0.000003 -0.000003  -0.000001 -0.000001 0.029267
48  7.145095 -0.676361 1.382420  -0.086920 0.009133 -0.085505
49  3.672219 -0.000004 0.000001  0.000001 -0.000000 0.142941
50  2.676519 -0.000002 0.000000  -0.000001 -0.000001 -0.026075
51  6.831176 -0.870880 -0.599928  -0.130311 0.006346 -0.065012
52  3.657080 0.000000 0.000000  -0.000000 0.000001 0.057734
53  2.496792 0.000004 0.000003  0.000000 -0.000001 -0.091108
54  6.164467 -0.898158 -2.575026  -0.090704 0.013515 -0.151468
55  2.805848 -0.000005 0.000001  -0.000002 -0.000001 0.079091
56  2.307435 -0.000001 -0.000001  0.000002 0.000001 -0.056419
57  0.000000 0.000000 -0.000000  0.003052 -0.000608 -0.001466
58  -21.284637 12.949139 -36.851875  -0.506342 1.087253 -0.889552
59  0.071253 114.357040 62.238800  -0.000000 0.000000 -0.000000
60  1.986526 0.000017 -3.123735  -2.705260 -0.000000 -1.570797
61  -1.986694 0.000019 -3.123748  0.436333 0.000001 1.570797
62  0.000004 0.000000 -0.000001  0.000000 0.000000 -0.000000
63  -1.986696 0.000014 -3.123735  0.436333 0.000001 1.570797
64  -11.344160 1.135889 0.869276  0.000002 -0.025019 -0.026324
65  1.986530 0.000020 -3.123730  -2.705260 -0.000000 -1.570797
66  -11.350059 -0.729429 0.864885  0.000197 -0.025367 0.026442
67  1.754236 4.036753 -1.682663  0.392575 -0.010120 -1.546362
68  -1.755138 4.036760 -1.682665  -0.392577 -0.010391 -1.594986
69  -0.164553 7.327704 3.928706  -0.000000 0.000001 -1.570796
70  0.079086 36.742691 -0.508021  0.000001 0.000000 -0.000000
71  -1.260173 8.777411 6.736408  -0.000002 -0.424415 -3.141592
72  1.525196 18.283598 2.968625  0.000000 0.000000 -0.000000
73  0.060218 10.324388 74.469063  0.000008 0.000000 -0.000000
74  0.062807 75.918007 83.075439  1.570797 0.000000 -1.570796
75  4.804186 -3.971743 -0.000004  -0.000000 0.000000 -0.000000
76  -7.041560 -5.025990 -0.000006  -0.000000 -0.000000 -0.000000
77  8.407185 -3.978435 0.003052  -1.570796 1.570795 0.000000
78  10.376190 -3.978441 0.003050  -1.570796 1.570796 0.000000
79  10.194022 -0.314061 -1.749554  -1.570796 1.570796 0.000000
80  20.857893 -4.015563 -0.000004  0.000000 -0.000000 0.000000
81  3.258446 5.856956 -3.403530  -0.000000 -0.000000 -0.000000
82  15.153055 5.860580 -3.403526  0.000000 -0.000000 0.000000
83  6.064257 77.294952 36.365803  1.570796 -0.000000 1.570796
84  -2.662410 1.445755 40.667961  -0.000000 3.141591 1.570796
85  8.352067 2.772895 0.000540  -3.141589 0.000002 -0.000000
86  6.064255 72.973701 32.593254  1.570796 -0.000000 1.570796
87  0.004369 73.768417 -3.792004  0.000000 -0.000000 0.000000
88  -0.442612 1.284885 8.535294  -0.000000 -0.000001 0.000000
89  -0.000002 1.310210 0.000003  0.000000 0.000000 0.000000
90  0.000002 0.582257 0.000002  0.000000 0.000000 0.000000
91  0.036294 1.284889 7.928805  -0.000000 -0.000001 0.000000
92  -0.000003 1.310217 0.000004  0.000000 0.000000 0.000000
93  -0.000001 0.582265 0.000005  0.000000 0.000000 0.000000
94  5.969321 3.427464 -6.170644  -0.000000 -0.000001 -1.570796
95  -1.310217 -0.000003 -0.000001  0.000000 0.000000 -0.000000
96  -0.582255 -0.000003 0.000001  0.000000 0.000000 -0.000000
97  5.969324 9.397402 -6.170654  -0.000000 -0.000001 -1.570796
98  -1.310204 0.000003 -0.000001  0.000000 0.000000 -0.000000
99  -0.582251 0.000001 0.000000  0.000000 0.000000 -0.000000
100  5.969318 15.223771 -6.170664  0.000000 -0.000001 -1.570796
101  -1.310220 0.000002 0.000002  -0.000000 0.000001 -0.000000
102  -0.582267 0.000002 0.000005  -0.000000 0.000000 -0.000000
103  5.969322 20.835573 -6.170668  0.000000 -0.000001 -1.570796
104  -1.310213 0.000004 0.000009  -0.000000 0.000001 -0.000000
105  -0.582260 0.000004 0.000010  -0.000000 0.000000 -0.000000
106  5.969321 26.771214 -6.170667  0.000000 -0.000001 -1.570796
107  5.969316 32.597607 -6.170670  0.000000 -0.000001 -1.570796
108  5.969314 38.209404 -6.170683  0.000000 -0.000001 -1.570800
109  5.969314 49.488468 -6.170675  0.000000 -0.000001 -1.570800
110  -0.539094 -0.556795 -0.017360  -0.042462 2.681156 1.551919
111  -6.799130 -0.556790 0.818552  -0.272420 2.701993 1.452460
112  -4.615285 -0.556816 0.270332  -0.117230 2.684609 1.518878
113  -2.650974 -0.556801 0.063016  -0.042463 2.681158 1.551919
114  27.110327 1.284859 12.007555  0.000000 -0.000000 0.000000
115  28.133425 1.284861 12.007555  0.000001 -0.000000 0.000000
116  12.812882 2.241788 12.007555  0.000000 -0.000001 -0.000001
117  -9.955967 -0.319617 4.380219  -0.000001 -0.000000 -0.000001
118  -11.316477 -0.319618 4.380218  -0.000003 -0.000000 0.000000
119  -12.667815 -0.319614 4.380219  -0.000003 -0.000000 0.000001
120  -14.022144 -0.319620 4.380219  0.000010 -0.000000 -0.000011
121  -15.373240 -0.319615 4.380219  0.000015 -0.000000 -0.000015
122  -16.724144 -0.319617 4.380219  -0.000009 -0.000000 0.000006
123  -18.074575 -0.319614 4.380219  -0.000006 -0.000000 0.000004
124  -19.423716 -0.319617 4.380218  0.000002 0.000000 -0.000004
125  -20.775272 -0.319614 4.380219  0.000003 0.000000 -0.000004
126  -22.126675 -0.319615 4.380219  0.000003 -0.000000 -0.000004
127  -23.478125 -0.319617 4.380219  0.000005 -0.000000 -0.000006
128  -24.830622 -0.319617 4.380220  0.000036 -0.000000 -0.000038
129  -26.182030 -0.319612 4.380220  -0.000011 -0.000000 0.000011
130  0.529176 -0.167124 0.629488  -0.101270 -0.000000 0.000000
131  -0.211449 -0.241678 0.155364  -0.145847 -0.000000 0.000000
132  0.529183 -0.280695 -0.110286  -0.145847 -0.000000 0.000000
133  -0.173928 -0.337320 -0.638491  -0.181751 -0.000000 0.000000
134  0.529188 -0.399237 -0.975387  -0.181751 -0.000000 0.000000
135  -0.211449 -0.464468 -1.431036  -0.192399 -0.000000 0.000000
136  0.529182 -0.515804 -1.694576  -0.192399 -0.000000 0.000000
137  -0.173931 -0.612149 -2.231904  -0.216703 -0.000000 0.000000
138  0.529185 -0.685800 -2.566436  -0.216703 -0.000000 0.000000
139  -0.211448 -0.769553 -3.027867  -0.237349 -0.000000 0.000000
140  0.529181 -0.832678 -3.288841  -0.237349 -0.000000 0.000000
141  -0.173940 -0.945278 -3.779560  -0.233859 0.000000 0.000000
142  0.529176 -1.024655 -4.112774  -0.233859 0.000000 0.000000
143  -0.211446 -1.132178 -4.577542  -0.262919 -0.000000 0.000000
144  0.529188 -1.201953 -4.836822  -0.262919 0.000000 0.000000
145  -0.000010 -2.810931 -10.636623  0.258454 0.000000 3.141592
146  -0.192458 -1.345771 -5.370043  -0.280373 0.000000 0.000000
147  0.533981 -1.413508 -5.605098  -0.276883 0.000000 0.000000
148  -0.206618 -1.795755 -6.909772  -0.287354 0.000000 0.000000
149  -0.205808 -1.564812 -6.138249  -0.290843 0.000000 0.000000
150  0.530457 -1.643672 -6.395210  -0.290844 0.000000 0.000000
151  0.535307 -1.790698 -7.204127  -0.287354 -0.000000 0.000000
152  -0.202706 -2.030481 -7.702823  -0.286180 -0.000000 0.000000
153  0.509545 -2.118891 -8.011619  -0.298398 -0.000000 0.000000
154  -0.202707 -2.255270 -8.465168  -0.283134 -0.000000 0.000000
155  0.509544 -2.352974 -8.771154  -0.295352 -0.000000 0.000000
156  -0.202706 -2.481588 -9.235466  -0.285437 -0.000000 0.000000
157  0.509542 -2.588673 -9.538633  -0.297654 -0.000000 0.000000
158  0.170119 -21.222080 -1.001137  -0.000001 -0.000001 0.000000
159  0.170117 -20.843853 -0.397180  -0.000001 -0.000001 0.000000
160  0.170116 -20.489737 -1.001137  -0.000001 -0.000001 0.000000
161  0.170119 -20.111055 -0.397178  -0.000001 -0.000001 0.000000
162  0.170118 -19.380079 -0.397182  -0.000001 -0.000001 0.000000
163  0.170118 -19.025105 -1.001139  -0.000001 -0.000001 0.000000
164  0.170121 -18.646652 -0.396444  -0.000001 -0.000001 0.000000
165  0.170116 -19.755751 -1.001136  -0.000001 -0.000001 0.000000
166  -0.015972 10.612518 2.686019  0.000001 0.000000 -0.000000
167  0.059850 -50.160702 6.449382  1.570797 -0.000000 -1.570797
168  0.064654 27.351290 72.195213  -0.000000 -0.000000 -0.000001
169  6.064256 95.114021 31.645498  0.000000 -0.000001 1.570796
170  0.054186 102.845650 29.795366  -0.000000 0.000001 -1.570796
171  6.064260 69.096558 37.164330  1.570796 -0.000000 1.570796
172  1.974302 11.989233 4.589252  0.000000 0.000000 -0.000000
173  -0.011481 23.944748 5.090364  0.000001 -0.000000 0.000000
174  -1.691250 8.833342 5.763509  0.000001 0.000000 -0.000000
175  6.064259 89.329811 31.613922  0.000000 -0.000001 1.570796
176  0.059888 2.255335 54.398014  -0.000000 0.000000 -0.000000
177  0.003495 -22.270645 0.000150  1.570797 0.000000 -1.570797
178  0.104012 15.380371 2.266152  0.000001 0.000000 -0.000000
179  -12.873924 46.501785 27.225649  -0.992547 -0.681870 2.272189
180  -3.255354 24.458082 -23.114334  0.181523 0.048807 -1.277059
181  -2.662410 1.445758 33.628746  -0.000000 3.141591 1.570796
182  8.352066 2.772896 0.000542  -3.141589 0.000002 -0.000000
183  -2.662410 1.445755 40.667961  -0.000000 3.141591 1.570796
184  8.352067 2.772895 0.000540  -3.141589 0.000002 -0.000000
185  -1.431354 16.384779 4.137812  0.000001 -0.000000 0.000000
186  -0.001843 0.521684 -0.140288  0.000000 0.000000 -0.000000
187  7.323110 -5.136192 -5.166234  0.000000 0.000000 -0.610865
188  2.698278 -0.000006 -0.000001  -0.000012 0.000000 0.000000
189  2.834159 -0.000003 0.000004  0.000013 0.000000 -0.000000
190  2.648919 -0.000002 -0.000001  -0.000001 -0.000001 0.000000
191  2.667498 -0.000001 0.000007  -0.000000 -0.000000 -0.000000
192  2.426699 -0.000003 0.000005  -0.000000 0.000000 -0.000000
193  -0.494744 -44.353451 -1.302300  1.570797 0.000000 -1.570797
194  11.545938 73.768417 -3.792002  0.000000 0.000000 -0.000000
195  -0.011100 -16.902813 1.952051  0.000001 0.000000 -0.000000
196  0.000003 0.000001 -1.529049  -0.000000 -0.000000 -0.000000
197  -0.078944 -0.000001 0.000005  0.000000 0.000001 1.570796
198  0.097091 -0.000001 0.000005  -0.000000 -3.141592 1.570796
199  0.000000 0.000000 0.000000  0.000000 -0.000000 -0.000000
200  -11.039953 19.969460 -19.961752  -0.506341 1.087253 -0.889551
201  9.453223 12.633066 -20.240005  -0.612904 -0.776079 0.272001
time 20
0  0 0 0  0 0 0
1  0.000000 0.000000 0.000000  0.000000 -0.000000 -0.000000
2  -0.000005 0.000023 -61.375507  0.000000 0.000000 -1.570795
3  -0.012872 0.000000 8.235020  -1.570799 -1.570796 0.000000
4  16.163128 -0.012870 -0.000002  -0.000000 -0.000000 0.000000
5  16.163143 -0.000009 3.830524  -3.089336 -1.570794 0.000000
6  -0.000031 -0.000001 -0.000000  0.568973 -0.323606 0.560769
7  0.000000 -0.000005 0.000001  0.000000 0.000000 -0.464443
8  0.000000 0.000000 0.000001  0.161619 -0.000000 -0.000000
9  0.000002 -0.000001 -0.000001  0.323316 -0.000000 -0.000000
10  -0.000002 -0.000001 -0.000001  0.484978 -0.000000 -0.000000
11  -0.000001 -0.000001 -0.000001  0.646665 -0.000000 -0.000000
12  -0.000002 -0.000000 0.000001  0.808353 -0.000000 -0.000000
13  -0.000003 -0.000001 -0.000001  0.969983 -0.000000 -0.000000
14  -0.000002 -0.000003 -0.000002  1.131665 -0.000000 -0.000000
15  -0.000003 0.000001 0.000002  1.267923 0.196715 -0.240976
16  -0.000005 0.000000 -0.000001  0.086005 0.049136 -0.027159
17  -0.000002 0.000002 0.000004  0.015147 0.019004 -0.249800
18  -0.000003 0.000000 0.000004  0.007305 0.002180 -0.078445
19  0.000001 0.000005 -0.000004  0.411950 0.460799 -0.365506
20  -0.000001 0.000001 -0.000001  0.000000 -0.000000 -0.964261
21  0.000000 0.000000 -0.000001  -0.000000 0.000000 1.200545
22  -0.000004 0.000002 -0.000003  0.153449 0.535624 0.193631
23  -0.000001 -0.000002 0.000001  -0.000000 0.000000 -0.882513
24  -0.000001 0.000001 0.000002  -0.000000 -0.000000 -0.213363
25  0.000002 0.000003 -0.000003  0.281141 0.473953 -0.032557
26  -0.000001 0.000001 -0.000002  -0.000000 0.000000 -1.312286
27  0.000002 -0.000000 -0.000001  -0.000000 -0.000000 1.089500
28  0.000002 0.000001 0.000002  0.127164 0.575190 0.026374
29  0.000000 0.000003 -0.000000  -0.000000 0.000000 0.172276
30  -0.000000 -0.000001 0.000001  -0.000000 -0.000000 -0.840663
31  16.163136 0.000012 -3.830531  -3.098550 1.570794 0.000000
32  -0.000018 -0.000001 0.000001  -0.491699 0.192750 1.000532
33  0.000000 0.000000 -0.000001  0.000000 -0.000000 -0.539241
34  -0.000000 -0.000000 0.000003  -0.202685 0.000000 -0.000000
35  -0.000003 -0.000003 0.000004  -0.405433 -0.000000 0.000000
36  -0.000004 -0.000001 0.000003  -0.608100 0.000000 0.000000
37  -0.000001 -0.000000 0.000003  -0.810810 -0.000000 -0.000000
38  -0.000007 0.000000 0.000004  -1.013565 -0.000000 -0.000000
39  -0.000006 -0.000000 0.000004  -1.216268 -0.000000 -0.000000
40  -0.000006 -0.000001 0.000003  -1.418984 -0.000000 0.000000
41  -0.000007 -0.000004 0.000002  -1.562470 -0.184346 0.195722
42  1.410069 0.800527 2.089139  -2.009768 -0.630254 0.591907
43  3.954720 0.000011 0.000002  -0.000000 -0.000002 0.166319
44  3.101558 -0.000007 0.000002  -0.000001 -0.000000 0.240238
45  7.183348 -0.532107 3.267605  -0.123210 -0.020355 -0.052486
46  3.511602 0.000001 0.000001  0.000003 0.000001 0.099571
47  2.199404 0.000003 0.000000  -0.000001 -0.000001 0.029267
48  7.145095 -0.676359 1.382421  -0.086920 0.009133 -0.085505
49  3.672218 -0.000002 -0.000001  0.000001 -0.000000 0.142941
50  2.676518 -0.000003 0.000001  -0.000001 -0.000001 -0.026075
51  6.831176 -0.870875 -0.599926  -0.130311 0.006346 -0.065012
52  3.657078 -0.000003 -0.000001  -0.000000 0.000001 0.057734
53  2.496794 0.000000 0.000003  0.000000 -0.000001 -0.091108
54  6.164467 -0.898154 -2.575025  -0.090704 0.013515 -0.151468
55  2.805847 -0.000004 0.000002  -0.000002 -0.000001 0.079091
56  2.307436 0.000000 -0.000003  0.000002 0.000001 -0.056419
57  0.000000 0.000000 -0.000000  0.002442 -0.001219 -0.001222
58  -20.607130 12.949127 -36.851879  -0.506342 1.087253 -0.889552
59  0.071245 114.357040 62.238800  -0.000000 0.000000 -0.000000
60  1.986519 0.000007 -3.123734  -2.705260 -0.000000 -1.570797
61  -1.986696 0.000010 -3.123739  0.436333 0.000001 1.570797
62  -0.000008 -0.000011 0.000002  0.000000 0.000000 -0.000000
63  -1.986700 0.000019 -3.123731  0.436333 0.000001 1.570797
64  -11.344158 1.135890 0.869289  0.000002 -0.025019 -0.026324
65  1.986519 0.000024 -3.123724  -2.705260 -0.000000 -1.570797
66  -11.350047 -0.729435 0.864887  0.000197 -0.025367 0.026442
67  1.754234 4.036757 -1.682657  0.392575 -0.010120 -1.546362
68  -1.755140 4.036765 -1.682660  -0.392577 -0.010391 -1.594986
69  -0.164554 7.327703 3.928704  -0.000000 0.000001 -1.570796
70  0.079086 36.742691 -0.508018  0.000001 0.000000 -0.000000
71  -1.260173 8.777411 6.736408  -0.000002 -0.424415 -3.141592
72  1.525192 18.283598 2.968627  0.000000 0.000000 -0.000000
73  0.060217 10.324386 74.469055  0.000008 0.000000 -0.000000
74  0.062809 75.917999 83.075439  1.570797 0.000000 -1.570796
75  4.804190 -3.971743 0.000004  -0.000000 0.000000 -0.000000
76  -7.041560 -5.025991 0.000000  -0.000000 -0.000000 -0.000000
77  8.407187 -3.978436 0.003057  -1.570796 1.570795 0.000000
78  10.376194 -3.978439 0.003056  -1.570796 1.570796 0.000000
79  10.194021 -0.314061 -1.749546  -1.570796 1.570796 0.000000
80  20.857895 -4.015564 0.000004  0.000000 -0.000000 0.000000
81  3.258445 5.856956 -3.403522  -0.000000 -0.000000 -0.000000
82  15.153054 5.860587 -3.403517  0.000000 -0.000000 0.000000
83  6.064260 77.294952 36.365799  1.570796 -0.000000 1.570796
84  -2.662412 1.445754 40.667961  -0.000000 3.141591 1.570796
85  8.352067 2.772895 0.000541  -3.141589 0.000002 -0.000000
86  6.064259 72.973694 32.593254  1.570796 -0.000000 1.570796
87  0.004368 73.768417 -3.792004  0.000000 -0.000000 0.000000
88  -0.442607 1.284891 8.535288  -0.000000 -0.000001 0.000000
89  -0.000002 1.310207 0.000001  0.000000 0.000000 0.000000
90  0.000000 0.582255 0.000000  0.000000 0.000000 0.000000
91  0.036299 1.284887 7.928801  -0.000000 -0.000001 0.000000
92  0.000001 1.310215 -0.000001  0.000000 0.000000 0.000000
93  0.000005 0.582263 -0.000001  0.000000 0.000000 0.000000
94  5.969325 3.427462 -6.170649  -0.000000 -0.000001 -1.570796
95  -1.310214 -0.000002 0.000002  0.000000 0.000000 -0.000000
96  -0.582253 -0.000004 0.000005  0.000000 0.000000 -0.000000
97  5.969322 9.397406 -6.170660  -0.000000 -0.000001 -1.570796
98  -1.310208 0.000002 -0.000003  0.000000 0.000000 -0.000000
99  -0.582255 0.000000 -0.000001  0.000000 0.000000 -0.000000
100  5.969328 15.223770 -6.170671  0.000000 -0.000001 -1.570796
101  -1.310219 -0.000002 -0.000001  -0.000000 0.000001 -0.000000
102  -0.582266 -0.000006 0.000001  -0.000000 0.000000 -0.000000
103  5.969324 20.835571 -6.170671  0.000000 -0.000001 -1.570796
104  -1.310209 0.000001 0.000006  -0.000000 0.000001 -0.000000
105  -0.582257 0.000002 0.000008  -0.000000 0.000000 -0.000000
106  5.969323 26.771212 -6.170669  0.000000 -0.000001 -1.570796
107  5.969322 32.597595 -6.170670  0.000000 -0.000001 -1.570796
108  5.969316 38.209404 -6.170679  0.000000 -0.000001 -1.570800
109  5.969323 49.488464 -6.170681  0.000000 -0.000001 -1.570800
110  -0.539091 -0.556797 -0.017365  -0.042462 2.681156 1.551919
111  -6.799126 -0.556792 0.818546  -0.272420 2.701993 1.452460
112  -4.615282 -0.556818 0.270328  -0.117230 2.684609 1.518878
113  -2.650970 -0.556803 0.063011  -0.042463 2.681158 1.551919
114  27.110336 1.284859 12.007549  0.000000 -0.000000 0.000000
115  28.133423 1.284864 12.007547  0.000001 -0.000000 0.000000
116  12.812888 2.241787 12.007551  0.000000 -0.000001 -0.000001
117  -9.955967 -0.319619 4.380214  -0.000001 -0.000000 -0.000001
118  -11.316473 -0.319620 4.380214  -0.000003 -0.000000 0.000000
119  -12.667810 -0.319617 4.380213  -0.000003 -0.000000 0.000001
120  -14.022140 -0.319622 4.380215  0.000010 -0.000000 -0.000011
121  -15.373235 -0.319617 4.380213  0.000015 -0.000000 -0.000015
122  -16.724142 -0.319620 4.380217  -0.000009 -0.000000 0.000006
123  -18.074566 -0.319615 4.380213  -0.000006 -0.000000 0.000004
124  -19.423714 -0.319620 4.380217  0.000002 0.000000 -0.000004
125  -20.775267 -0.319616 4.380214  0.000003 0.000000 -0.000004
126  -22.126671 -0.319618 4.380215  0.000003 -0.000000 -0.000004
127  -23.478123 -0.319620 4.380217  0.000005 -0.000000 -0.000006
128  -24.830618 -0.319611 4.380215  0.000036 -0.000000 -0.000038
129  -26.182024 -0.319614 4.380216  -0.000011 -0.000000 0.000011
130  0.529181 -0.167126 0.629483  -0.101270 -0.000000 0.000000
131  -0.211444 -0.241672 0.155361  -0.145847 -0.000000 0.000000
132  0.529186 -0.280697 -0.110291  -0.145847 -0.000000 0.000000
133  -0.173929 -0.337322 -0.638497  -0.181751 -0.000000 0.000000
134  0.529187 -0.399239 -0.975393  -0.181751 -0.000000 0.000000
135  -0.211443 -0.464470 -1.431042  -0.192399 -0.000000 0.000000
136  0.529186 -0.515806 -1.694581  -0.192399 -0.000000 0.000000
137  -0.173927 -0.612151 -2.231908  -0.216703 -0.000000 0.000000
138  0.529188 -0.685794 -2.566441  -0.216703 -0.000000 0.000000
139  -0.211442 -0.769555 -3.027870  -0.237349 -0.000000 0.000000
140  0.529186 -0.832680 -3.288846  -0.237349 -0.000000 0.000000
141  -0.173936 -0.945280 -3.779564  -0.233859 0.000000 0.000000
142  0.529179 -1.024657 -4.112778  -0.233859 0.000000 0.000000
143  -0.211443 -1.132179 -4.577548  -0.262919 -0.000000 0.000000
144  0.529187 -1.201955 -4.836827  -0.262919 0.000000 0.000000
145  -0.000007 -2.810933 -10.636627  0.258454 0.000000 3.141592
146  -0.192454 -1.345773 -5.370047  -0.280373 0.000000 0.000000
147  0.533983 -1.413510 -5.605102  -0.276883 0.000000 0.000000
148  -0.206614 -1.795757 -6.909778  -0.287354 0.000000 0.000000
149  -0.205805 -1.564814 -6.138254  -0.290843 0.000000 0.000000
150  0.530463 -1.643674 -6.395215  -0.290844 0.000000 0.000000
151  0.535310 -1.790700 -7.204133  -0.287354 -0.000000 0.000000
152  -0.202700 -2.030483 -7.702828  -0.286180 -0.000000 0.000000
153  0.509551 -2.118892 -8.011621  -0.298398 -0.000000 0.000000
154  -0.202702 -2.255272 -8.465172  -0.283134 -0.000000 0.000000
155  0.509545 -2.352976 -8.771157  -0.295352 -0.000000 0.000000
156  -0.202703 -2.481590 -9.235470  -0.285437 -0.000000 0.000000
157  0.509547 -2.588675 -9.538636  -0.297654 -0.000000 0.000000
158  0.170122 -21.222084 -1.001140  -0.000001 -0.000001 0.000000
159  0.170122 -20.843857 -0.397183  -0.000001 -0.000001 0.000000
160  0.170122 -20.489735 -1.001141  -0.000001 -0.000001 0.000000
161  0.170122 -20.111057 -0.397184  -0.000001 -0.000001 0.000000
162  0.170121 -19.380081 -0.397186  -0.000001 -0.000001 0.000000
163  0.170123 -19.025106 -1.001143  -0.000001 -0.000001 0.000000
164  0.170127 -18.646650 -0.396447  -0.000001 -0.000001 0.000000
165  0.170121 -19.755753 -1.001141  -0.000001 -0.000001 0.000000
166  -0.015972 10.612516 2.686020  0.000001 0.000000 -0.000000
167  0.059850 -50.160702 6.449384  1.570797 -0.000000 -1.570797
168  0.064654 27.351292 72.195213  -0.000000 -0.000000 -0.000001
169  6.064258 95.114014 31.645504  0.000000 -0.000001 1.570796
170  0.054186 102.845650 29.795364  -0.000000 0.000001 -1.570796
171  6.064260 69.096558 37.164326  1.570796 -0.000000 1.570796
172  1.974302 11.989233 4.589253  0.000000 0.000000 -0.000000
173  -0.011482 23.944748 5.090364  0.000001 -0.000000 0.000000
174  -1.691250 8.833342 5.763510  0.000001 0.000000 -0.000000
175  6.064260 89.329811 31.613920  0.000000 -0.000001 1.570796
176  0.059887 2.255334 54.398018  -0.000000 0.000000 -0.000000
177  0.003495 -22.270645 0.000146  1.570797 0.000000 -1.570797
178  0.104011 15.380371 2.266154  0.000001 0.000000 -0.000000
179  -13.084443 45.880005 27.058083  -0.992547 -0.681870 2.272189
180  -3.255359 24.458078 -23.114334  0.181523 0.048807 -1.277059
181  -2.662412 1.445757 33.628746  -0.000000 3.141591 1.570796
182  8.352065 2.772897 0.000540  -3.141589 0.000002 -0.000000
183  -2.662412 1.445754 40.667961  -0.000000 3.141591 1.570796
184  8.352067 2.772895 0.000541  -3.141589 0.000002 -0.000000
185  -1.431358 16.384779 4.137816  0.000001 -0.000000 0.000000
186  -0.001843 0.521683 -0.140287  0.000000 0.000000 -0.000000
187  7.323113 -5.136191 -5.166236  0.000000 0.000000 -0.610865
188  2.698275 -0.000005 -0.000001  -0.000012 0.000000 0.000000
189  2.834157 -0.000004 0.000001  0.000013 0.000000 -0.000000
190  2.648917 -0.000005 0.000000  -0.000001 -0.000001 0.000000
191  2.667498 -0.000004 0.000006  -0.000000 -0.000000 -0.000000
192  2.426702 -0.000002 0.000001  -0.000000 0.000000 -0.000000
193  -0.494744 -44.353455 -1.302298  1.570797 0.000000 -1.570797
194  11.545936 73.768417 -3.792006  0.000000 0.000000 -0.000000
195  -0.011102 -16.902815 1.952048  0.000001 0.000000 -0.000000
196  0.000002 0.000000 -1.529050  -0.000000 -0.000000 -0.000000
197  -0.078943 -0.000001 0.000003  0.000000 0.000001 1.570796
198  0.097092 0.000000 0.000003  -0.000000 -3.141592 1.570796
199  0.000000 0.000000 0.000000  0.000000 -0.000000 -0.000000
200  -10.362447 19.969460 -19.961752  -0.506341 1.087253 -0.889551
201  9.453223 12.633066 -20.240005  -0.612903 -0.776079 0.272001
time 21
0  0 0 0  0 0 0
1  0.000000 0.000000 0.000000  0.000000 -0.000000 -0.000000
2  -0.000005 0.000023 -61.375507  0.000000 0.000000 -1.570795
3  -0.012872 0.000000 8.235020  -1.570799 -1.570796 0.000000
4  16.163128 -0.012870 -0.000002  -0.000000 -0.000000 0.000000
5  16.163143 -0.000009 3.830524  -3.089336 -1.570794 0.000000
6  -0.000031 -0.000001 -0.000000  0.568973 -0.323606 0.560769
7  0.000000 -0.000005 0.000001  0.000000 0.000000 -0.464443
8  0.000000 0.000000 0.000001  0.161619 -0.000000 -0.000000
9  0.000002 -0.000001 -0.000001  0.323316 -0.000000 -0.000000
10  -0.000002 -0.000001 -0.000001  0.484978 -0.000000 -0.000000
11  -0.000001 -0.000001 -0.000001  0.646665 -0.000000 -0.000000
12  -0.000002 -0.000000 0.000001  0.808353 -0.000000 -0.000000
13  -0.000003 -0.000001 -0.000001  0.969983 -0.000000 -0.000000
14  -0.000002 -0.000003 -0.000002  1.131665 -0.000000 -0.000000
15  -0.000003 0.000001 0.000002  1.267923 0.196715 -0.240976
16  -0.000005 0.000000 -0.000001  0.086005 0.049136 -0.027159
17  -0.000002 0.000002 0.000004  0.015147 0.019004 -0.249800
18  -0.000003 0.000000 0.000004  0.007305 0.002180 -0.078445
19  0.000001 0.000005 -0.000004  0.411950 0.460799 -0.365506
20  -0.000001 0.000001 -0.000001  0.000000 -0.000000 -0.964261
21  0.000000 0.000000 -0.000001  -0.000000 0.000000 1.200545
22  -0.000004 0.000002 -0.000003  0.153449 0.535624 0.193631
23  -0.000001 -0.000002 0.000001  -0.000000 0.000000 -0.882513
24  -0.000001 0.000001 0.000002  -0.000000 -0.000000 -0.213363
25  0.000002 0.000003 -0.000003  0.281141 0.473953 -0.032557
26  -0.000001 0.000001 -0.000002  -0.000000 0.000000 -1.312286
27  0.000002 -0.000000 -0.000001  -0.000000 -0.000000 1.089500
28  0.000002 0.000001 0.000002  0.127164 0.575190 0.026374
29  -0.000000 0.000003 0.000001  -0.000000 -0.000000 0.172276
30  -0.000000 -0.000001 0.000001  -0.000000 -0.000000 -0.840663
31  16.163136 0.000012 -3.830531  -3.098550 1.570794 0.000000
32  -0.000018 -0.000001 0.000001  -0.531432 0.211214 0.965446
33  0.000001 0.000003 -0.000001  0.000000 -0.000000 -0.582944
34  0.000001 -0.000000 -0.000003  -0.205630 0.000000 -0.000000
35  -0.000002 -0.000003 -0.000002  -0.411354 0.000000 0.000000
36  -0.000002 -0.000002 -0.000001  -0.616998 0.000000 0.000000
37  -0.000000 -0.000000 -0.000003  -0.822714 0.000000 0.000000
38  -0.000005 0.000000 -0.000002  -1.028396 0.000000 -0.000000
39  -0.000005 0.000000 -0.000002  -1.234023 0.000000 -0.000000
40  -0.000001 -0.000001 -0.000003  -1.439752 0.000000 0.000000
41  -0.000010 -0.000003 -0.000003  -1.589829 -0.145034 0.261857
42  1.410069 0.800525 2.089139  -2.009768 -0.630254 0.591907
43  3.954720 0.000012 0.000004  -0.000000 -0.000002 0.166320
44  3.101560 -0.000007 0.000003  -0.000001 -0.000000 0.240238
45  7.183347 -0.532108 3.267605  -0.123210 -0.020355 -0.052486
46  3.511603 -0.000000 -0.000001  0.000003 0.000001 0.099571
47  2.199404 0.000005 -0.000002  -0.000001 -0.000001 0.029267
48  7.145096 -0.676361 1.382421  -0.086920 0.009133 -0.085505
49  3.672220 -0.000004 0.000000  0.000001 -0.000000 0.142941
50  2.676520 -0.000003 0.000001  -0.000001 -0.000001 -0.026075
51  6.831176 -0.870876 -0.599926  -0.130311 0.006346 -0.065012
52  3.657078 -0.000001 0.000003  -0.000000 0.000001 0.057734
53  2.496795 0.000004 0.000002  -0.000000 -0.000001 -0.091108
54  6.164466 -0.898156 -2.575025  -0.090704 0.013515 -0.151468
55  2.805847 -0.000002 0.000001  -0.000002 -0.000001 0.079091
56  2.307436 -0.000001 -0.000003  0.000002 0.000001 -0.056419
57  0.000000 0.000000 -0.000000  0.001771 -0.001098 -0.000855
58  -18.913359 12.949131 -36.851879  -0.506341 1.087253 -0.889551
59  0.071251 114.357033 62.238800  -0.000000 -0.000000 0.000000
60  1.986521 0.000016 -3.123745  -2.705260 -0.000000 -1.570797
61  -1.986694 0.000012 -3.123750  0.436333 0.000001 1.570797
62  0.000000 0.000001 -0.000002  0.000000 -0.000000 0.000000
63  -1.986694 0.000022 -3.123731  0.436333 0.000001 1.570797
64  -11.344163 1.135884 0.869277  0.000002 -0.025019 -0.026324
65  1.986521 0.000020 -3.123724  -2.705260 -0.000000 -1.570797
66  -11.350052 -0.729422 0.864895  0.000197 -0.025367 0.026442
67  1.754232 4.036765 -1.682659  0.392575 -0.010120 -1.546362
68  -1.755142 4.036757 -1.682657  -0.392577 -0.010391 -1.594986
69  -0.164560 7.327703 3.928701  0.000000 0.000001 -1.570796
70  0.079082 36.742687 -0.508022  0.000001 -0.000000 0.000000
71  -1.260173 8.777411 6.736403  -0.000002 -0.424416 -3.141592
72  1.525191 18.283598 2.968620  0.000000 -0.000000 0.000000
73  0.060215 10.324388 74.469055  0.000008 -0.000000 0.000000
74  0.062809 75.917992 83.075439  1.570797 -0.000000 -1.570796
75  4.804183 -3.971736 0.000004  -0.000000 0.000000 -0.000000
76  -7.041564 -5.025981 0.000002  -0.000000 -0.000000 -0.000001
77  8.407182 -3.978429 0.003056  -1.570796 1.570795 0.000000
78  10.376193 -3.978441 0.003057  -1.570796 1.570796 0.000000
79  10.194021 -0.314055 -1.749548  -1.570796 1.570796 0.000000
80  20.857893 -4.015563 0.000006  0.000000 -0.000000 0.000000
81  3.258446 5.856956 -3.403521  -0.000000 -0.000000 -0.000001
82  15.153057 5.860585 -3.403520  0.000000 -0.000000 -0.000000
83  6.064255 77.294952 36.365791  1.570796 0.000000 1.570796
84  -2.662413 1.445755 40.667957  0.000000 3.141591 1.570796
85  8.352067 2.772900 0.000540  -3.141589 0.000002 0.000000
86  6.064260 72.973694 32.593250  1.570796 0.000000 1.570796
87  0.004367 73.768410 -3.792009  0.000000 0.000000 0.000000
88  -0.442609 1.284870 8.535288  0.000000 -0.000001 0.000000
89  -0.000003 1.310212 -0.000001  0.000000 -0.000000 0.000000
90  -0.000001 0.582252 -0.000001  0.000000 -0.000000 0.000000
91  0.036297 1.284874 7.928798  -0.000000 -0.000001 0.000000
92  -0.000002 1.310219 0.000000  0.000000 -0.000000 0.000000
93  0.000000 0.582267 0.000001  0.000000 -0.000000 0.000000
94  5.969320 3.427449 -6.170652  -0.000000 -0.000001 -1.570796
95  -1.310206 0.000006 -0.000002  0.000000 -0.000000 -0.000000
96  -0.582252 0.000004 -0.000000  0.000000 -0.000000 -0.000000
97  5.969323 9.397386 -6.170661  -0.000000 -0.000001 -1.570796
98  -1.310217 0.000003 -0.000001  0.000000 0.000000 -0.000000
99  -0.582265 0.000001 0.000000  0.000000 0.000000 -0.000000
100  5.969321 15.223763 -6.170672  -0.000000 -0.000001 -1.570796
101  -1.310219 0.000007 0.000002  -0.000000 0.000000 -0.000000
102  -0.582266 0.000003 0.000005  -0.000000 0.000000 -0.000000
103  5.969321 20.835564 -6.170676  -0.000000 -0.000001 -1.570796
104  -1.310210 0.000003 -0.000003  -0.000000 0.000000 -0.000000
105  -0.582250 0.000004 0.000001  -0.000000 0.000000 -0.000000
106  5.969322 26.771206 -6.170674  -0.000000 -0.000001 -1.570796
107  5.969320 32.597588 -6.170678  -0.000000 -0.000001 -1.570796
108  5.969323 38.209385 -6.170689  0.000000 -0.000001 -1.570800
109  5.969321 49.488457 -6.170685  0.000000 -0.000001 -1.570800
110  -0.539092 -0.556809 -0.017368  -0.042462 2.681156 1.551919
111  -6.799126 -0.556811 0.818549  -0.272420 2.701993 1.452460
112  -4.615280 -0.556828 0.270324  -0.117230 2.684609 1.518878
113  -2.650972 -0.556815 0.063007  -0.042463 2.681158 1.551919
114  27.110336 1.284847 12.007549  0.000000 -0.000000 -0.000000
115  28.133425 1.284846 12.007549  0.000001 -0.000000 -0.000000
116  12.812889 2.241779 12.007545  0.000000 -0.000001 -0.000001
117  -9.955965 -0.319629 4.380210  -0.000001 -0.000000 -0.000001
118  -11.316471 -0.319631 4.380210  -0.000003 -0.000000 -0.000000
119  -12.667809 -0.319627 4.380211  -0.000003 -0.000000 0.000001
120  -14.022139 -0.319632 4.380211  0.000010 -0.000000 -0.000011
121  -15.373239 -0.319628 4.380210  0.000015 -0.000000 -0.000015
122  -16.724142 -0.319629 4.380211  -0.000009 -0.000000 0.000006
123  -18.074575 -0.319625 4.380213  -0.000006 -0.000000 0.000004
124  -19.423717 -0.319629 4.380211  0.000002 0.000000 -0.000004
125  -20.775269 -0.319625 4.380212  0.000003 0.000000 -0.000004
126  -22.126671 -0.319626 4.380212  0.000003 -0.000000 -0.000004
127  -23.478125 -0.319629 4.380214  0.000005 0.000000 -0.000006
128  -24.830620 -0.319628 4.380212  0.000036 0.000000 -0.000038
129  -26.182030 -0.319623 4.380213  -0.000011 0.000000 0.000011
130  0.529180 -0.167137 0.629482  -0.101270 -0.000000 0.000000
131  -0.211445 -0.241691 0.155358  -0.145847 -0.000000 0.000000
132  0.529186 -0.280710 -0.110294  -0.145847 -0.000000 -0.000000
133  -0.173930 -0.337334 -0.638498  -0.181751 -0.000000 0.000000
134  0.529186 -0.399250 -0.975397  -0.181751 -0.000000 0.000000
135  -0.211445 -0.464482 -1.431045  -0.192399 -0.000000 0.000000
136  0.529188 -0.515816 -1.694585  -0.192399 -0.000000 0.000000
137  -0.173929 -0.612162 -2.231913  -0.216703 -0.000000 0.000000
138  0.529186 -0.685813 -2.566444  -0.216703 -0.000000 0.000000
139  -0.211445 -0.769567 -3.027874  -0.237349 -0.000000 0.000000
140  0.529188 -0.832690 -3.288851  -0.237349 -0.000000 0.000000
141  -0.173939 -0.945291 -3.779566  -0.233859 0.000000 0.000000
142  0.529176 -1.024668 -4.112782  -0.233859 0.000000 0.000000
143  -0.211442 -1.132191 -4.577552  -0.262919 -0.000000 0.000000
144  0.529185 -1.201973 -4.836827  -0.262919 0.000000 0.000000
145  -0.000001 -2.810958 -10.636633  0.258454 0.000000 3.141592
146  -0.192457 -1.345784 -5.370049  -0.280373 0.000000 0.000000
147  0.533984 -1.413521 -5.605106  -0.276883 0.000000 0.000000
148  -0.206618 -1.795769 -6.909781  -0.287354 0.000000 0.000000
149  -0.205804 -1.564825 -6.138258  -0.290843 0.000000 0.000000
150  0.530459 -1.643685 -6.395215  -0.290844 0.000000 0.000000
151  0.535308 -1.790719 -7.204135  -0.287354 -0.000000 0.000000
152  -0.202704 -2.030494 -7.702833  -0.286180 -0.000000 0.000000
153  0.509547 -2.118904 -8.011625  -0.298398 -0.000000 0.000000
154  -0.202706 -2.255282 -8.465175  -0.283134 -0.000000 0.000000
155  0.509545 -2.352986 -8.771163  -0.295352 -0.000000 0.000000
156  -0.202707 -2.481601 -9.235474  -0.285437 -0.000000 0.000000
157  0.509546 -2.588693 -9.538639  -0.297653 -0.000000 0.000000
158  0.170120 -21.222095 -1.001145  -0.000001 -0.000001 0.000000
159  0.170118 -20.843870 -0.397188  -0.000001 -0.000001 0.000000
160  0.170123 -20.489756 -1.001143  -0.000001 -0.000001 0.000000
161  0.170120 -20.111071 -0.397185  -0.000001 -0.000001 0.000000
162  0.170123 -19.380093 -0.397190  -0.000001 -0.000001 0.000000
163  0.170127 -19.025118 -1.001149  -0.000001 -0.000001 0.000000
164  0.170123 -18.646667 -0.396452  -0.000001 -0.000001 0.000000
165  0.170123 -19.755768 -1.001144  -0.000001 -0.000001 0.000000
166  -0.015974 10.612518 2.686015  0.000001 -0.000000 0.000000
167  0.059849 -50.160706 6.449377  1.570797 -0.000000 -1.570797
168  0.064653 27.351288 72.195206  -0.000000 -0.000000 -0.000001
169  6.064260 95.114014 31.645500  -0.000000 -0.000001 1.570796
170  0.054186 102.845642 29.795361  0.000000 0.000001 -1.570796
171  6.064255 69.096558 37.164318  1.570796 0.000000 1.570796
172  1.974301 11.989233 4.589248  0.000000 -0.000000 0.000000
173  -0.011480 23.944744 5.090360  0.000001 0.000000 0.000000
174  -1.691251 8.833342 5.763504  0.000001 -0.000000 0.000000
175  6.064259 89.329803 31.613918  -0.000000 -0.000001 1.570796
176  0.059886 2.255335 54.398010  -0.000000 -0.000000 0.000000
177  0.003497 -22.270645 0.000147  1.570797 0.000000 -1.570797
178  0.104010 15.380373 2.266150  0.000001 -0.000000 0.000000
179  -13.610735 44.325527 26.639183  -0.992547 -0.681871 2.272189
180  -3.255363 24.458082 -23.114336  0.181523 0.048807 -1.277059
181  -2.662413 1.445756 33.628742  0.000000 3.141591 1.570796
182  8.352065 2.772896 0.000540  -3.141589 0.000002 0.000000
183  -2.662413 1.445755 40.667957  0.000000 3.141591 1.570796
184  8.352067 2.772900 0.000540  -3.141589 0.000002 0.000000
185  -1.431355 16.384779 4.137810  0.000001 -0.000000 0.000000
186  -0.001844 0.521682 -0.140291  0.000000 -0.000000 0.000000
187  7.323105 -5.136192 -5.166237  0.000000 0.000000 -0.610865
188  2.698278 -0.000002 0.000000  -0.000012 0.000000 0.000000
189  2.834165 0.000003 0.000005  0.000013 0.000000 0.000000
190  2.648920 -0.000004 0.000001  -0.000001 -0.000001 0.000000
191  2.667503 0.000002 0.000003  0.000000 -0.000000 0.000000
192  2.426704 -0.000003 0.000003  -0.000000 -0.000000 -0.000000
193  -0.494749 -44.353447 -1.302302  1.570797 0.000000 -1.570797
194  11.545943 73.768417 -3.792010  0.000000 -0.000000 0.000000
195  -0.011106 -16.902813 1.952047  0.000001 -0.000000 0.000000
196  0.000002 -0.000000 -1.529052  -0.000000 -0.000000 -0.000000
197  -0.078945 -0.000001 -0.000001  0.000000 0.000001 1.570796
198  0.097090 -0.000002 -0.000002  -0.000000 -3.141592 1.570796
199  0.000000 0.000000 0.000000  0.000000 -0.000000 -0.000000
200  -8.668676 19.969460 -19.961742  -0.506341 1.087253 -0.889551
201  9.453223 12.633066 -20.240005  -0.612903 -0.776079 0.272001
time 22
0  0 0 0  0 0 0
1  0.000000 0.000000 0.000000  0.000000 -0.000000 -0.000000
2  -0.000005 0.000023 -61.375507  0.000000 0.000000 -1.570795
3  -0.012872 0.000000 8.235020  -1.570799 -1.570796 0.000000
4  16.163128 -0.012870 -0.000002  -0.000000 -0.000000 0.000000
5  16.163143 -0.000009 3.830524  -3.089336 -1.570794 0.000000
6  -0.000031 -0.000001 -0.000000  0.568973 -0.323606 0.560769
7  -0.000004 -0.000005 -0.000000  0.000000 0.000000 -0.464443
8  0.000001 0.000002 0.000001  0.161619 -0.000000 -0.000000
9  0.000001 0.000000 -0.000001  0.323316 -0.000000 -0.000000
10  -0.000001 0.000002 0.000001  0.484978 -0.000000 -0.000000
11  -0.000001 -0.000000 -0.000000  0.646665 -0.000000 -0.000000
12  -0.000002 0.000002 0.000001  0.808353 -0.000000 -0.000000
13  -0.000002 -0.000000 -0.000000  0.969983 -0.000000 -0.000000
14  -0.000004 -0.000001 -0.000001  1.131665 -0.000000 -0.000000
15  -0.000003 0.000003 0.000003  1.267923 0.196715 -0.240976
16  -0.000005 -0.000001 -0.000000  0.086005 0.049136 -0.027159
17  -0.000001 0.000001 0.000004  0.015147 0.019004 -0.249800
18  0.000001 0.000002 0.000004  0.007305 0.002180 -0.078445
19  0.000001 0.000000 -0.000001  0.411950 0.460799 -0.365506
20  -0.000000 -0.000000 -0.000001  0.000000 -0.000000 -0.964261
21  -0.000001 -0.000000 -0.000001  -0.000000 0.000000 1.200545
22  -0.000005 0.000001 -0.000002  0.153449 0.535624 0.193631
23  -0.000001 0.000002 -0.000001  -0.000000 0.000000 -0.882513
24  -0.000000 0.000001 -0.000000  0.000000 -0.000000 -0.213363
25  0.000002 0.000002 -0.000003  0.281141 0.473952 -0.032557
26  -0.000001 0.000001 -0.000000  -0.000000 0.000000 -1.312286
27  0.000001 -0.000000 -0.000001  -0.000000 -0.000000 1.089500
28  0.000002 0.000002 0.000001  0.127165 0.575190 0.026374
29  -0.000001 0.000002 0.000000  -0.000000 0.000000 0.172276
30  -0.000000 -0.000003 0.000000  -0.000000 -0.000000 -0.840663
31  16.163136 0.000012 -3.830531  -3.098550 1.570794 0.000000
32  -0.000018 -0.000001 0.000001  -0.586119 0.235165 0.908313
33  0.000002 0.000000 0.000001  0.000000 -0.000000 -0.632584
34  -0.000000 0.000000 0.000001  -0.209312 0.000000 -0.000000
35  -0.000002 -0.000003 0.000002  -0.418589 0.000000 0.000000
36  -0.000003 -0.000001 0.000001  -0.627898 0.000000 0.000000
37  -0.000001 0.000000 0.000001  -0.837255 0.000000 -0.000000
38  -0.000007 0.000001 0.000002  -1.046599 -0.000000 -0.000000
39  -0.000004 -0.000000 0.000001  -1.255886 -0.000000 -0.000000
40  -0.000003 -0.000000 0.000001  -1.465222 0.000000 0.000000
41  -0.000008 -0.000004 -0.000000  -1.622225 -0.086241 0.345993
42  1.410069 0.800525 2.089138  -2.009768 -0.630254 0.591907
43  3.954720 0.000012 0.000004  -0.000000 -0.000002 0.166320
44  3.101559 -0.000008 0.000004  -0.000001 -0.000000 0.240238
45  7.183347 -0.532109 3.267604  -0.123210 -0.020355 -0.052486
46  3.511602 -0.000000 0.000000  0.000003 0.000001 0.099571
47  2.199403 0.000006 -0.000000  -0.000001 -0.000001 0.029267
48  7.145096 -0.676361 1.382421  -0.086920 0.009133 -0.085505
49  3.672219 -0.000003 -0.000002  0.000001 -0.000000 0.142941
50  2.676517 -0.000003 0.000002  -0.000001 -0.000001 -0.026075
51  6.831176 -0.870880 -0.599928  -0.130311 0.006346 -0.065012
52  3.657080 -0.000002 -0.000002  -0.000000 0.000001 0.057734
53  2.496794 0.000000 0.000002  -0.000000 -0.000001 -0.091108
54  6.164468 -0.898157 -2.575025  -0.090704 0.013515 -0.151468
55  2.805848 -0.000003 0.000003  -0.000002 -0.000001 0.079091
56  2.307435 0.000000 -0.000003  0.000002 0.000001 -0.056419
57  0.000000 0.000000 -0.000000  0.001099 -0.000793 -0.000550
58  -16.711460 12.949131 -36.851879  -0.506342 1.087253 -0.889552
59  0.071243 114.357033 62.238800  -0.000000 0.000000 -0.000000
60  1.986523 0.000020 -3.123735  -2.705260 -0.000000 -1.570797
61  -1.986691 0.000019 -3.123741  0.436333 0.000001 1.570797
62  -0.000004 0.000000 0.000008  0.000000 0.000000 -0.000000
63  -1.986696 0.000023 -3.123734  0.436333 0.000001 1.570797
64  -11.344164 1.135887 0.869283  0.000002 -0.025019 -0.026324
65  1.986521 0.000031 -3.123728  -2.705260 -0.000000 -1.570797
66  -11.350059 -0.729429 0.864883  0.000197 -0.025367 0.026442
67  1.754236 4.036765 -1.682661  0.392575 -0.010120 -1.546362
68  -1.755138 4.036769 -1.682664  -0.392577 -0.010391 -1.594986
69  -0.164556 7.327704 3.928704  -0.000000 0.000001 -1.570796
70  0.079083 36.742691 -0.508020  0.000001 0.000000 -0.000000
71  -1.260175 8.777411 6.736407  -0.000002 -0.424415 -3.141592
72  1.525190 18.283596 2.968625  0.000000 0.000000 -0.000000
73  0.060215 10.324389 74.469063  0.000008 0.000000 -0.000000
74  0.062805 75.918007 83.075439  1.570797 0.000000 -1.570796
75  4.804192 -3.971745 0.000000  -0.000000 0.000000 -0.000000
76  -7.041556 -5.025993 0.000000  -0.000000 -0.000000 -0.000000
77  8.407187 -3.978438 0.003056  -1.570796 1.570795 0.000000
78  10.376194 -3.978441 0.003054  -1.570796 1.570796 0.000000
79  10.194021 -0.314064 -1.749548  -1.570796 1.570796 0.000000
80  20.857895 -4.015563 0.000001  0.000000 -0.000000 0.000000
81  3.258445 5.856953 -3.403526  -0.000000 -0.000000 -0.000000
82  15.153054 5.860584 -3.403521  0.000000 -0.000000 0.000000
83  6.064257 77.294960 36.365799  1.570796 -0.000000 1.570796
84  -2.662414 1.445754 40.667961  -0.000000 3.141591 1.570796
85  8.352067 2.772896 0.000539  -3.141589 0.000002 -0.000000
86  6.064256 72.973701 32.593254  1.570796 -0.000000 1.570796
87  0.004367 73.768417 -3.792004  0.000000 -0.000000 0.000000
88  -0.442604 1.284888 8.535288  -0.000000 -0.000001 0.000000
89  -0.000001 1.310213 0.000002  0.000000 0.000000 0.000000
90  0.000000 0.582261 0.000001  0.000000 0.000000 0.000000
91  0.036302 1.284885 7.928800  -0.000000 -0.000001 0.000000
92  0.000003 1.310205 0.000003  0.000000 0.000000 0.000000
93  0.000007 0.582253 0.000004  0.000000 0.000000 0.000000
94  5.969328 3.427459 -6.170650  -0.000000 -0.000001 -1.570796
95  -1.310218 -0.000004 0.000003  0.000000 0.000000 -0.000000
96  -0.582257 -0.000006 0.000006  0.000000 0.000000 -0.000000
97  5.969325 9.397404 -6.170661  -0.000000 -0.000001 -1.570796
98  -1.310204 0.000002 0.000001  0.000000 0.000000 -0.000000
99  -0.582251 0.000000 0.000004  0.000000 0.000000 -0.000000
100  5.969331 15.223768 -6.170672  0.000000 -0.000001 -1.570796
101  -1.310207 0.000001 0.000003  -0.000000 0.000001 -0.000000
102  -0.582254 -0.000003 0.000006  -0.000000 0.000000 -0.000000
103  5.969327 20.835567 -6.170671  0.000000 -0.000001 -1.570796
104  -1.310213 0.000000 0.000010  -0.000000 0.000001 -0.000000
105  -0.582261 0.000001 0.000011  -0.000000 0.000000 -0.000000
106  5.969326 26.771210 -6.170669  0.000000 -0.000001 -1.570796
107  5.969325 32.597595 -6.170670  0.000000 -0.000001 -1.570796
108  5.969318 38.209400 -6.170681  0.000000 -0.000001 -1.570800
109  5.969326 49.488464 -6.170681  0.000000 -0.000001 -1.570800
110  -0.539087 -0.556799 -0.017365  -0.042462 2.681156 1.551919
111  -6.799122 -0.556794 0.818546  -0.272420 2.701993 1.452460
112  -4.615279 -0.556820 0.270328  -0.117230 2.684609 1.518878
113  -2.650967 -0.556805 0.063009  -0.042463 2.681158 1.551919
114  27.110338 1.284856 12.007547  0.000000 -0.000000 0.000000
115  28.133427 1.284863 12.007547  0.000001 -0.000000 0.000000
116  12.812891 2.241784 12.007549  0.000000 -0.000001 -0.000001
117  -9.955964 -0.319621 4.380214  -0.000001 -0.000000 -0.000001
118  -11.316469 -0.319622 4.380214  -0.000003 -0.000000 0.000000
119  -12.667807 -0.319619 4.380213  -0.000003 -0.000000 0.000001
120  -14.022137 -0.319624 4.380214  0.000010 -0.000000 -0.000011
121  -15.373232 -0.319619 4.380213  0.000015 -0.000000 -0.000015
122  -16.724138 -0.319622 4.380216  -0.000009 -0.000000 0.000006
123  -18.074564 -0.319617 4.380212  -0.000006 -0.000000 0.000004
124  -19.423712 -0.319622 4.380216  0.000002 0.000000 -0.000004
125  -20.775265 -0.319618 4.380214  0.000003 0.000000 -0.000004
126  -22.126667 -0.319620 4.380214  0.000003 -0.000000 -0.000004
127  -23.478119 -0.319622 4.380216  0.000005 -0.000000 -0.000006
128  -24.830616 -0.319613 4.380214  0.000036 -0.000000 -0.000038
129  -26.182022 -0.319616 4.380215  -0.000011 -0.000000 0.000011
130  0.529184 -0.167128 0.629482  -0.101270 -0.000000 0.000000
131  -0.211441 -0.241674 0.155360  -0.145847 -0.000000 0.000000
132  0.529190 -0.280699 -0.110291  -0.145847 -0.000000 0.000000
133  -0.173926 -0.337325 -0.638498  -0.181751 -0.000000 0.000000
134  0.529190 -0.399241 -0.975393  -0.181751 -0.000000 0.000000
135  -0.211441 -0.464473 -1.431044  -0.192399 -0.000000 0.000000
136  0.529189 -0.515808 -1.694582  -0.192399 -0.000000 0.000000
137  -0.173924 -0.612153 -2.231908  -0.216703 -0.000000 0.000000
138  0.529191 -0.685796 -2.566442  -0.216703 -0.000000 0.000000
139  -0.211439 -0.769557 -3.027871  -0.237349 -0.000000 0.000000
140  0.529189 -0.832682 -3.288847  -0.237349 -0.000000 0.000000
141  -0.173933 -0.945282 -3.779564  -0.233859 0.000000 0.000000
142  0.529182 -1.024659 -4.112778  -0.233859 0.000000 0.000000
143  -0.211440 -1.132182 -4.577549  -0.262919 -0.000000 0.000000
144  0.529191 -1.201957 -4.836827  -0.262919 0.000000 0.000000
145  -0.000004 -2.810935 -10.636627  0.258454 0.000000 3.141592
146  -0.192451 -1.345775 -5.370048  -0.280373 0.000000 0.000000
147  0.533986 -1.413512 -5.605103  -0.276883 0.000000 0.000000
148  -0.206611 -1.795759 -6.909779  -0.287354 0.000000 0.000000
149  -0.205802 -1.564817 -6.138255  -0.290843 0.000000 0.000000
150  0.530466 -1.643676 -6.395216  -0.290844 0.000000 0.000000
151  0.535313 -1.790702 -7.204134  -0.287354 -0.000000 0.000000
152  -0.202697 -2.030486 -7.702829  -0.286180 -0.000000 0.000000
153  0.509554 -2.118895 -8.011622  -0.298398 -0.000000 0.000000
154  -0.202699 -2.255274 -8.465172  -0.283134 -0.000000 0.000000
155  0.509549 -2.352978 -8.771158  -0.295352 -0.000000 0.000000
156  -0.202700 -2.481592 -9.235471  -0.285437 -0.000000 0.000000
157  0.509550 -2.588677 -9.538637  -0.297654 -0.000000 0.000000
158  0.170125 -21.222086 -1.001141  -0.000001 -0.000001 0.000000
159  0.170125 -20.843859 -0.397184  -0.000001 -0.000001 0.000000
160  0.170125 -20.489737 -1.001142  -0.000001 -0.000001 0.000000
161  0.170126 -20.111059 -0.397184  -0.000001 -0.000001 0.000000
162  0.170124 -19.380083 -0.397187  -0.000001 -0.000001 0.000000
163  0.170126 -19.025108 -1.001143  -0.000001 -0.000001 0.000000
164  0.170130 -18.646654 -0.396448  -0.000001 -0.000001 0.000000
165  0.170124 -19.755754 -1.001142  -0.000001 -0.000001 0.000000
166  -0.015974 10.612516 2.686018  0.000001 0.000000 -0.000000
167  0.059847 -50.160706 6.449381  1.570797 -0.000000 -1.570797
168  0.064651 27.351290 72.195213  -0.000000 -0.000000 -0.000001
169  6.064256 95.114021 31.645504  0.000000 -0.000001 1.570796
170  0.054184 102.845642 29.795364  -0.000000 0.000001 -1.570796
171  6.064258 69.096558 37.164322  1.570796 -0.000000 1.570796
172  1.974300 11.989234 4.589253  0.000000 0.000000 -0.000000
173  -0.011483 23.944748 5.090362  0.000001 -0.000000 0.000000
174  -1.691252 8.833342 5.763508  0.000001 0.000000 -0.000000
175  6.064260 89.329811 31.613916  0.000000 -0.000001 1.570796
176  0.059885 2.255334 54.398014  -0.000000 0.000000 -0.000000
177  0.003494 -22.270645 0.000149  1.570797 0.000000 -1.570797
178  0.104010 15.380371 2.266152  0.000001 0.000000 -0.000000
179  -14.294926 42.304703 26.094620  -0.992547 -0.681870 2.272189
180  -3.255361 24.458076 -23.114338  0.181523 0.048807 -1.277059
181  -2.662414 1.445757 33.628746  -0.000000 3.141591 1.570796
182  8.352067 2.772898 0.000541  -3.141589 0.000002 -0.000000
183  -2.662414 1.445754 40.667961  -0.000000 3.141591 1.570796
184  8.352067 2.772896 0.000539  -3.141589 0.000002 -0.000000
185  -1.431360 16.384779 4.137814  0.000001 -0.000000 0.000000
186  -0.001846 0.521682 -0.140288  0.000000 0.000000 -0.000000
187  7.323111 -5.136192 -5.166237  0.000000 0.000000 -0.610865
188  2.698276 -0.000004 -0.000001  -0.000012 0.000000 0.000000
189  2.834157 -0.000006 0.000000  0.000013 0.000000 -0.000000
190  2.648918 -0.000004 -0.000003  -0.000001 -0.000001 0.000000
191  2.667498 -0.000004 -0.000001  -0.000000 -0.000000 -0.000000
192  2.426699 -0.000002 0.000008  -0.000000 0.000000 -0.000000
193  -0.494745 -44.353455 -1.302296  1.570797 0.000000 -1.570797
194  11.545935 73.768417 -3.792006  0.000000 0.000000 -0.000000
195  -0.011104 -16.902815 1.952049  0.000001 0.000000 -0.000000
196  0.000004 -0.000000 -1.529052  -0.000000 -0.000000 -0.000000
197  -0.078945 -0.000000 0.000000  0.000000 0.000001 1.570796
198  0.097090 -0.000000 0.000000  -0.000000 -3.141592 1.570796
199  0.000000 0.000000 0.000000  0.000000 -0.000000 -0.000000
200  -6.466777 19.969460 -19.961746  -0.506341 1.087253 -0.889551
201  9.453223 12.633066 -20.240005  -0.612903 -0.776079 0.272001
time 23
0  0 0 0  0 0 0
1  0.000000 0.000000 0.000000  0.000000 -0.000000 -0.000000
2  -0.000005 0.000023 -61.375507  0.000000 0.000000 -1.570795
3  -0.012872 0.000000 8.235020  -1.570799 -1.570796 0.000000
4  16.163128 -0.012870 -0.000002  -0.000000 -0.000000 0.000000
5  16.163143 -0.000009 3.830524  -3.089336 -1.570794 0.000000
6  -0.000031 -0.000001 -0.000000  0.568973 -0.323606 0.560769
7  0.000000 -0.000005 0.000001  0.000000 0.000000 -0.464443
8  0.000000 0.000000 0.000001  0.161619 -0.000000 -0.000000
9  0.000002 -0.000001 -0.000001  0.323316 -0.000000 -0.000000
10  -0.000002 -0.000001 -0.000001  0.484978 -0.000000 -0.000000
11  -0.000001 -0.000001 -0.000001  0.646665 -0.000000 -0.000000
12  -0.000002 -0.000000 0.000001  0.808353 -0.000000 -0.000000
13  -0.000003 -0.000001 -0.000001  0.969983 -0.000000 -0.000000
14  -0.000002 -0.000003 -0.000002  1.131665 -0.000000 -0.000000
15  -0.000003 0.000001 0.000002  1.267923 0.196715 -0.240976
16  -0.000005 0.000000 -0.000001  0.086005 0.049136 -0.027159
17  -0.000002 0.000002 0.000004  0.015147 0.019004 -0.249800
18  -0.000003 0.000000 0.000004  0.007305 0.002180 -0.078445
19  0.000001 0.000005 -0.000004  0.411950 0.460799 -0.365506
20  -0.000001 0.000001 -0.000000  0.000000 -0.000000 -0.964261
21  0.000001 -0.000000 -0.000003  -0.000000 0.000000 1.200545
22  -0.000004 0.000002 -0.000003  0.153449 0.535624 0.193631
23  -0.000000 0.000000 0.000001  -0.000000 0.000000 -0.882513
24  -0.000001 0.000001 0.000001  -0.000000 0.000000 -0.213363
25  0.000002 0.000003 -0.000003  0.281141 0.473953 -0.032557
26  -0.000001 0.000001 -0.000002  -0.000000 0.000000 -1.312286
27  0.000002 -0.000000 -0.000001  -0.000000 -0.000000 1.089500
28  0.000002 0.000001 0.000002  0.127164 0.575190 0.026374
29  0.000000 0.000003 -0.000000  -0.000000 0.000000 0.172276
30  -0.000000 -0.000001 0.000001  -0.000000 0.000000 -0.840663
31  16.163136 0.000012 -3.830531  -3.098550 1.570794 0.000000
32  -0.000018 -0.000001 0.000001  -0.643627 0.258396 0.837121
33  0.000002 -0.000001 0.000002  0.000000 0.000000 -0.673699
34  0.000000 0.000001 -0.000003  -0.212319 0.000000 -0.000000
35  -0.000002 -0.000001 -0.000003  -0.424582 0.000000 0.000000
36  -0.000003 -0.000000 -0.000002  -0.636953 0.000000 0.000000
37  -0.000000 0.000000 -0.000003  -0.849229 0.000000 -0.000000
38  -0.000005 0.000001 -0.000001  -1.061570 -0.000000 -0.000000
39  -0.000004 0.000002 -0.000004  -1.273896 -0.000000 -0.000000
40  -0.000003 -0.000001 -0.000003  -1.486176 0.000000 -0.000000
41  -0.000007 -0.000004 -0.000002  -1.648892 -0.018069 0.428077
42  1.410069 0.800525 2.089137  -2.009768 -0.630254 0.591907
43  3.954720 0.000012 0.000004  -0.000000 -0.000002 0.166319
44  3.101561 -0.000009 0.000005  -0.000001 -0.000000 0.240238
45  7.183347 -0.532108 3.267603  -0.123210 -0.020355 -0.052486
46  3.511602 -0.000001 -0.000000  0.000003 0.000001 0.099571
47  2.199404 0.000002 -0.000005  -0.000001 -0.000001 0.029267
48  7.145095 -0.676360 1.382422  -0.086920 0.009133 -0.085505
49  3.672219 -0.000002 0.000001  0.000001 -0.000000 0.142941
50  2.676519 -0.000001 0.000002  -0.000001 -0.000001 -0.026075
51  6.831175 -0.870877 -0.599926  -0.130311 0.006346 -0.065012
52  3.657079 -0.000002 0.000000  -0.000000 0.000001 0.057734
53  2.496794 0.000000 0.000002  -0.000000 -0.000001 -0.091108
54  6.164466 -0.898156 -2.575024  -0.090704 0.013515 -0.151468
55  2.805846 -0.000004 0.000005  -0.000002 -0.000001 0.079091
56  2.307434 -0.000002 -0.000007  0.000002 0.000001 -0.056419
57  0.000000 0.000000 -0.000000  0.000549 -0.000427 -0.000244
58  -14.509560 12.949127 -36.851879  -0.506342 1.087253 -0.889552
59  0.071243 114.357040 62.238792  -0.000000 0.000000 -0.000000
60  1.986519 0.000016 -3.123735  -2.705260 -0.000000 -1.570797
61  -1.986694 0.000019 -3.123741  0.436333 0.000001 1.570797
62  -0.000008 0.000000 0.000008  0.000000 0.000000 -0.000000
63  -1.986698 0.000015 -3.123734  0.436333 0.000001 1.570797
64  -11.344166 1.135887 0.869280  0.000002 -0.025019 -0.026324
65  1.986519 0.000024 -3.123728  -2.705260 -0.000000 -1.570797
66  -11.350039 -0.729433 0.864883  0.000197 -0.025367 0.026442
67  1.754234 4.036757 -1.682661  0.392575 -0.010120 -1.546362
68  -1.755140 4.036761 -1.682664  -0.392577 -0.010391 -1.594986
69  -0.164553 7.327703 3.928702  -0.000000 0.000001 -1.570796
70  0.079086 36.742691 -0.508021  0.000001 0.000000 -0.000000
71  -1.260173 8.777409 6.736405  -0.000002 -0.424415 -3.141592
72  1.525192 18.283596 2.968624  0.000000 0.000000 -0.000000
73  0.060218 10.324387 74.469055  0.000008 0.000000 -0.000000
74  0.062809 75.917999 83.075439  1.570797 0.000000 -1.570796
75  4.804184 -3.971746 0.000002  -0.000000 0.000000 -0.000000
76  -7.041568 -5.025995 -0.000002  -0.000000 -0.000000 -0.000000
77  8.407183 -3.978439 0.003056  -1.570796 1.570795 0.000000
78  10.376190 -3.978443 0.003054  -1.570796 1.570796 0.000000
79  10.194014 -0.314065 -1.749548  -1.570796 1.570796 0.000000
80  20.857887 -4.015564 0.000002  0.000000 -0.000000 0.000000
81  3.258438 5.856952 -3.403524  -0.000000 -0.000000 -0.000000
82  15.153047 5.860583 -3.403519  0.000000 -0.000000 0.000000
83  6.064260 77.294952 36.365799  1.570796 -0.000000 1.570796
84  -2.662411 1.445753 40.667961  -0.000000 3.141591 1.570796
85  8.352066 2.772898 0.000540  -3.141589 0.000002 -0.000000
86  6.064258 72.973694 32.593250  1.570796 -0.000000 1.570796
87  0.004368 73.768417 -3.792006  0.000000 -0.000000 0.000000
88  -0.442605 1.284882 8.535292  -0.000000 -0.000001 0.000000
89  0.000003 1.310221 0.000002  0.000000 0.000000 0.000000
90  0.000005 0.582269 0.000002  0.000000 0.000000 0.000000
91  0.036301 1.284878 7.928804  -0.000000 -0.000001 0.000000
92  0.000001 1.310213 -0.000002  0.000000 0.000000 0.000000
93  0.000005 0.582262 0.000000  0.000000 0.000000 0.000000
94  5.969327 3.427453 -6.170646  -0.000000 -0.000001 -1.570796
95  -1.310217 0.000003 0.000000  0.000000 0.000000 -0.000000
96  -0.582257 0.000002 0.000004  0.000000 0.000000 -0.000000
97  5.969324 9.397397 -6.170656  -0.000000 -0.000001 -1.570796
98  -1.310204 -0.000002 -0.000002  0.000000 0.000000 -0.000000
99  -0.582251 -0.000003 0.000001  0.000000 0.000000 -0.000000
100  5.969330 15.223761 -6.170668  0.000000 -0.000001 -1.570796
101  -1.310207 -0.000002 0.000000  -0.000000 0.000001 -0.000000
102  -0.582254 -0.000006 0.000003  -0.000000 0.000000 -0.000000
103  5.969326 20.835560 -6.170669  0.000000 -0.000001 -1.570796
104  -1.310205 0.000007 0.000006  -0.000000 0.000001 -0.000000
105  -0.582252 0.000008 0.000008  -0.000000 0.000000 -0.000000
106  5.969326 26.771202 -6.170664  0.000000 -0.000001 -1.570796
107  5.969324 32.597588 -6.170666  0.000000 -0.000001 -1.570796
108  5.969317 38.209393 -6.170677  0.000000 -0.000001 -1.570800
109  5.969325 49.488457 -6.170677  0.000000 -0.000001 -1.570800
110  -0.539088 -0.556807 -0.017362  -0.042462 2.681156 1.551919
111  -6.799123 -0.556801 0.818550  -0.272420 2.701993 1.452460
112  -4.615279 -0.556827 0.270331  -0.117230 2.684609 1.518878
113  -2.650968 -0.556812 0.063014  -0.042463 2.681158 1.551919
114  27.110336 1.284848 12.007551  0.000000 -0.000000 0.000000
115  28.133425 1.284857 12.007553  0.000001 -0.000000 0.000000
116  12.812890 2.241777 12.007553  0.000000 -0.000001 -0.000001
117  -9.955965 -0.319628 4.380218  -0.000001 -0.000000 -0.000001
118  -11.316470 -0.319629 4.380219  -0.000003 -0.000000 0.000000
119  -12.667808 -0.319625 4.380218  -0.000003 -0.000000 0.000001
120  -14.022137 -0.319631 4.380219  0.000010 -0.000000 -0.000011
121  -15.373233 -0.319626 4.380218  0.000015 -0.000000 -0.000015
122  -16.724140 -0.319629 4.380220  -0.000009 -0.000000 0.000006
123  -18.074564 -0.319623 4.380217  -0.000006 -0.000000 0.000004
124  -19.423712 -0.319629 4.380220  0.000002 0.000000 -0.000004
125  -20.775265 -0.319625 4.380218  0.000003 0.000000 -0.000004
126  -22.126669 -0.319626 4.380219  0.000003 -0.000000 -0.000004
127  -23.478121 -0.319628 4.380220  0.000005 -0.000000 -0.000006
128  -24.830616 -0.319620 4.380218  0.000036 -0.000000 -0.000038
129  -26.182022 -0.319623 4.380219  -0.000011 -0.000000 0.000011
130  0.529183 -0.167135 0.629487  -0.101270 -0.000000 0.000000
131  -0.211441 -0.241681 0.155365  -0.145847 -0.000000 0.000000
132  0.529189 -0.280706 -0.110288  -0.145847 -0.000000 0.000000
133  -0.173927 -0.337332 -0.638494  -0.181751 -0.000000 0.000000
134  0.529189 -0.399248 -0.975389  -0.181751 -0.000000 0.000000
135  -0.211441 -0.464479 -1.431039  -0.192399 -0.000000 0.000000
136  0.529188 -0.515815 -1.694577  -0.192399 -0.000000 0.000000
137  -0.173925 -0.612160 -2.231904  -0.216703 -0.000000 0.000000
138  0.529191 -0.685803 -2.566437  -0.216703 -0.000000 0.000000
139  -0.211440 -0.769565 -3.027867  -0.237349 -0.000000 0.000000
140  0.529189 -0.832689 -3.288842  -0.237349 -0.000000 0.000000
141  -0.173934 -0.945288 -3.779560  -0.233859 0.000000 0.000000
142  0.529181 -1.024666 -4.112773  -0.233859 0.000000 0.000000
143  -0.211441 -1.132189 -4.577544  -0.262919 -0.000000 0.000000
144  0.529190 -1.201963 -4.836823  -0.262919 0.000000 0.000000
145  -0.000005 -2.810942 -10.636623  0.258454 0.000000 3.141592
146  -0.192452 -1.345782 -5.370043  -0.280373 0.000000 0.000000
147  0.533985 -1.413519 -5.605098  -0.276883 0.000000 0.000000
148  -0.206612 -1.795766 -6.909774  -0.287354 0.000000 0.000000
149  -0.205802 -1.564823 -6.138251  -0.290843 0.000000 0.000000
150  0.530465 -1.643683 -6.395211  -0.290844 0.000000 0.000000
151  0.535313 -1.790709 -7.204129  -0.287354 -0.000000 0.000000
152  -0.202698 -2.030492 -7.702825  -0.286180 -0.000000 0.000000
153  0.509553 -2.118901 -8.011618  -0.298398 -0.000000 0.000000
154  -0.202700 -2.255280 -8.465168  -0.283134 -0.000000 0.000000
155  0.509548 -2.352985 -8.771154  -0.295352 -0.000000 0.000000
156  -0.202700 -2.481599 -9.235466  -0.285437 -0.000000 0.000000
157  0.509549 -2.588684 -9.538632  -0.297654 -0.000000 0.000000
158  0.170125 -21.222092 -1.001136  -0.000001 -0.000001 0.000000
159  0.170124 -20.843864 -0.397179  -0.000001 -0.000001 0.000000
160  0.170124 -20.489744 -1.001137  -0.000001 -0.000001 0.000000
161  0.170125 -20.111067 -0.397180  -0.000001 -0.000001 0.000000
162  0.170123 -19.380091 -0.397182  -0.000001 -0.000001 0.000000
163  0.170125 -19.025116 -1.001139  -0.000001 -0.000001 0.000000
164  0.170129 -18.646660 -0.396444  -0.000001 -0.000001 0.000000
165  0.170124 -19.755760 -1.001137  -0.000001 -0.000001 0.000000
166  -0.015971 10.612515 2.686016  0.000001 0.000000 -0.000000
167  0.059850 -50.160706 6.449378  1.570797 -0.000000 -1.570797
168  0.064655 27.351288 72.195206  -0.000000 -0.000000 -0.000001
169  6.064258 95.114014 31.645500  0.000000 -0.000001 1.570796
170  0.054185 102.845650 29.795361  -0.000000 0.000001 -1.570796
171  6.064261 69.096558 37.164322  1.570796 -0.000000 1.570796
172  1.974302 11.989232 4.589251  0.000000 0.000000 -0.000000
173  -0.011481 23.944748 5.090361  0.000001 -0.000000 0.000000
174  -1.691250 8.833341 5.763507  0.000001 0.000000 -0.000000
175  6.064260 89.329811 31.613916  0.000000 -0.000001 1.570796
176  0.059886 2.255332 54.398010  -0.000000 0.000000 -0.000000
177  0.003495 -22.270645 0.000146  1.570797 0.000000 -1.570797
178  0.104012 15.380370 2.266151  0.000001 0.000000 -0.000000
179  -14.979109 40.283882 25.550045  -0.992547 -0.681870 2.272189
180  -3.255358 24.458076 -23.114334  0.181523 0.048807 -1.277059
181  -2.662411 1.445756 33.628746  -0.000000 3.141591 1.570796
182  8.352066 2.772897 0.000541  -3.141589 0.000002 -0.000000
183  -2.662411 1.445753 40.667961  -0.000000 3.141591 1.570796
184  8.352066 2.772898 0.000540  -3.141589 0.000002 -0.000000
185  -1.431358 16.384777 4.137812  0.000001 -0.000000 0.000000
186  -0.001843 0.521681 -0.140290  0.000000 0.000000 -0.000000
187  7.323113 -5.136192 -5.166240  0.000000 0.000000 -0.610865
188  2.698277 -0.000005 -0.000005  -0.000012 0.000000 0.000000
189  2.834159 -0.000003 -0.000002  0.000013 0.000000 -0.000000
190  2.648918 -0.000004 -0.000002  -0.000001 -0.000001 0.000000
191  2.667497 -0.000007 0.000002  -0.000000 -0.000000 -0.000000
192  2.426700 -0.000002 0.000001  -0.000000 0.000000 -0.000000
193  -0.494744 -44.353455 -1.302302  1.570797 0.000000 -1.570797
194  11.545936 73.768417 -3.792008  0.000000 0.000000 -0.000000
195  -0.011102 -16.902815 1.952046  0.000001 0.000000 -0.000000
196  0.000003 0.000001 -1.529050  -0.000000 -0.000000 -0.000000
197  -0.078944 -0.000001 0.000001  0.000000 0.000001 1.570796
198  0.097090 -0.000001 0.000001  -0.000000 -3.141592 1.570796
199  0.000000 0.000000 0.000000  0.000000 -0.000000 -0.000000
200  -4.264877 19.969452 -19.961748  -0.506341 1.087253 -0.889551
201  9.453223 12.633066 -20.240005  -0.612904 -0.776079 0.272001
time 24
0  0 0 0  0 0 0
1  0.000000 0.000000 0.000000  0.000000 -0.000000 -0.000000
2  -0.000005 0.000023 -61.375507  0.000000 0.000000 -1.570795
3  -0.012872 0.000000 8.235020  -1.570799 -1.570796 0.000000
4  16.163128 -0.012870 -0.000002  -0.000000 -0.000000 0.000000
5  16.163143 -0.000009 3.830524  -3.089336 -1.570794 0.000000
6  -0.000031 -0.000001 -0.000000  0.568973 -0.323606 0.560769
7  -0.000004 -0.000005 -0.000000  0.000000 0.000000 -0.464443
8  0.000001 0.000002 0.000001  0.161619 -0.000000 -0.000000
9  0.000001 0.000000 -0.000001  0.323316 -0.000000 -0.000000
10  -0.000001 0.000002 0.000001  0.484978 -0.000000 -0.000000
11  -0.000001 -0.000000 -0.000000  0.646665 -0.000000 -0.000000
12  -0.000002 0.000002 0.000001  0.808353 -0.000000 -0.000000
13  -0.000002 -0.000000 -0.000000  0.969983 -0.000000 -0.000000
14  -0.000004 -0.000001 -0.000001  1.131665 -0.000000 -0.000000
15  -0.000003 0.000003 0.000003  1.267923 0.196715 -0.240976
16  -0.000005 -0.000001 -0.000000  0.086005 0.049136 -0.027159
17  -0.000001 0.000001 0.000004  0.015147 0.019004 -0.249800
18  0.000001 0.000002 0.000004  0.007305 0.002180 -0.078445
19  0.000001 0.000000 -0.000001  0.411950 0.460799 -0.365506
20  -0.000000 -0.000000 -0.000001  0.000000 -0.000000 -0.964261
21  -0.000001 -0.000000 -0.000001  -0.000000 0.000000 1.200545
22  -0.000005 0.000001 -0.000002  0.153449 0.535624 0.193631
23  -0.000001 0.000002 -0.000001  -0.000000 0.000000 -0.882513
24  -0.000000 0.000001 -0.000000  0.000000 -0.000000 -0.213363
25  0.000002 0.000002 -0.000003  0.281141 0.473952 -0.032557
26  -0.000001 0.000002 0.000001  -0.000000 0.000000 -1.312286
27  0.000000 -0.000000 0.000001  -0.000000 -0.000000 1.089500
28  0.000002 0.000002 0.000001  0.127164 0.575190 0.026374
29  -0.000001 -0.000000 -0.000001  -0.000000 0.000000 0.172276
30  -0.000000 -0.000003 0.000000  -0.000000 -0.000000 -0.840663
31  16.163136 0.000012 -3.830531  -3.098550 1.570794 0.000000
32  -0.000018 -0.000001 0.000001  -0.689066 0.275053 0.772121
33  -0.000001 -0.000003 0.000000  0.000000 0.000000 -0.699173
34  -0.000000 -0.000001 -0.000001  -0.213731 0.000000 -0.000000
35  -0.000002 -0.000004 0.000000  -0.427517 -0.000000 0.000000
36  -0.000004 -0.000002 -0.000000  -0.641260 0.000000 0.000000
37  -0.000001 -0.000001 -0.000000  -0.855061 -0.000000 -0.000000
38  -0.000006 -0.000001 -0.000000  -1.068797 -0.000000 -0.000000
39  -0.000005 -0.000002 -0.000000  -1.282566 -0.000000 -0.000000
40  -0.000006 -0.000004 0.000002  -1.496312 0.000000 0.000000
41  -0.000009 -0.000004 -0.000002  -1.663377 0.040662 0.489961
42  1.410069 0.800524 2.089137  -2.009768 -0.630254 0.591907
43  3.954719 0.000012 0.000004  -0.000000 -0.000002 0.166319
44  3.101558 -0.000008 0.000003  -0.000001 -0.000000 0.240238
45  7.183347 -0.532109 3.267603  -0.123210 -0.020355 -0.052486
46  3.511602 0.000000 -0.000001  0.000003 0.000001 0.099571
47  2.199405 0.000004 -0.000003  -0.000001 -0.000001 0.029267
48  7.145095 -0.676363 1.382420  -0.086920 0.009133 -0.085505
49  3.672219 -0.000001 -0.000000  0.000001 -0.000000 0.142941
50  2.676518 -0.000004 0.000002  -0.000001 -0.000001 -0.026075
51  6.831176 -0.870880 -0.599928  -0.130311 0.006346 -0.065012
52  3.657081 -0.000002 -0.000004  -0.000000 0.000001 0.057734
53  2.496794 0.000000 0.000002  0.000000 -0.000001 -0.091108
54  6.164467 -0.898158 -2.575026  -0.090704 0.013515 -0.151468
55  2.805848 -0.000004 0.000003  -0.000002 -0.000001 0.079091
56  2.307432 0.000002 -0.000004  0.000002 0.000001 -0.056419
57  0.000000 0.000000 -0.000000  0.000122 -0.000122 -0.000061
58  -12.815795 12.949135 -36.851879  -0.506342 1.087253 -0.889552
59  0.071247 114.357033 62.238800  -0.000000 0.000000 -0.000000
60  1.986521 0.000016 -3.123734  -2.705260 -0.000000 -1.570797
61  -1.986692 0.000015 -3.123739  0.436333 0.000001 1.570797
62  -0.000006 -0.000004 0.000010  0.000000 0.000000 -0.000000
63  -1.986698 0.000031 -3.123736  0.436333 0.000001 1.570797
64  -11.344170 1.135892 0.869283  0.000002 -0.025019 -0.026324
65  1.986521 0.000035 -3.123730  -2.705260 -0.000000 -1.570797
66  -11.350039 -0.729429 0.864882  0.000197 -0.025367 0.026442
67  1.754234 4.036769 -1.682663  0.392575 -0.010120 -1.546362
68  -1.755140 4.036777 -1.682666  -0.392577 -0.010391 -1.594986
69  -0.164553 7.327705 3.928702  -0.000000 0.000001 -1.570796
70  0.079086 36.742691 -0.508021  0.000001 0.000000 -0.000000
71  -1.260173 8.777411 6.736405  -0.000002 -0.424415 -3.141592
72  1.525192 18.283596 2.968624  0.000000 0.000000 -0.000000
73  0.060216 10.324388 74.469055  0.000008 0.000000 -0.000000
74  0.062807 75.918007 83.075439  1.570797 0.000000 -1.570796
75  4.804188 -3.971738 0.000002  -0.000000 0.000000 -0.000000
76  -7.041560 -5.025993 0.000002  -0.000000 -0.000000 -0.000000
77  8.407187 -3.978438 0.003057  -1.570796 1.570795 0.000000
78  10.376194 -3.978441 0.003056  -1.570796 1.570796 0.000000
79  10.194021 -0.314064 -1.749546  -1.570796 1.570796 0.000000
80  20.857893 -4.015563 0.000003  0.000000 -0.000000 0.000000
81  3.258441 5.856953 -3.403524  -0.000000 -0.000000 -0.000000
82  15.153054 5.860584 -3.403519  0.000000 -0.000000 0.000000
83  6.064260 77.294952 36.365799  1.570796 -0.000000 1.570796
84  -2.662412 1.445755 40.667961  -0.000000 3.141591 1.570796
85  8.352067 2.772899 0.000540  -3.141589 0.000002 -0.000000
86  6.064260 72.973694 32.593254  1.570796 -0.000000 1.570796
87  0.004371 73.768417 -3.792005  0.000000 -0.000000 0.000000
88  -0.442605 1.284899 8.535294  -0.000000 -0.000001 0.000000
89  0.000003 1.310216 0.000002  0.000000 0.000000 0.000000
90  0.000005 0.582264 0.000002  0.000000 0.000000 0.000000
91  0.036302 1.284896 7.928804  -0.000000 -0.000001 0.000000
92  0.000000 1.310216 0.000002  0.000000 0.000000 0.000000
93  0.000004 0.582264 0.000004  0.000000 0.000000 0.000000
94  5.969327 3.427470 -6.170645  -0.000000 -0.000001 -1.570796
95  -1.310218 0.000002 0.000002  0.000000 0.000000 -0.000000
96  -0.582258 0.000001 0.000005  0.000000 0.000000 -0.000000
97  5.969325 9.397414 -6.170655  -0.000000 -0.000001 -1.570796
98  -1.310205 0.000001 0.000000  0.000000 0.000000 -0.000000
99  -0.582252 0.000000 0.000003  0.000000 0.000000 -0.000000
100  5.969330 15.223778 -6.170667  0.000000 -0.000001 -1.570796
101  -1.310208 -0.000003 0.000002  -0.000000 0.000001 -0.000000
102  -0.582256 -0.000007 0.000005  -0.000000 0.000000 -0.000000
103  5.969326 20.835579 -6.170668  0.000000 -0.000001 -1.570796
104  -1.310214 0.000002 0.000008  -0.000000 0.000001 -0.000000
105  -0.582261 0.000002 0.000010  -0.000000 0.000000 -0.000000
106  5.969326 26.771221 -6.170664  0.000000 -0.000001 -1.570796
107  5.969324 32.597603 -6.170666  0.000000 -0.000001 -1.570796
108  5.969318 38.209412 -6.170675  0.000000 -0.000001 -1.570800
109  5.969326 49.488476 -6.170675  0.000000 -0.000001 -1.570800
110  -0.539088 -0.556789 -0.017360  -0.042462 2.681156 1.551919
111  -6.799123 -0.556784 0.818552  -0.272420 2.701993 1.452460
112  -4.615279 -0.556809 0.270333  -0.117230 2.684609 1.518878
113  -2.650968 -0.556795 0.063015  -0.042463 2.681158 1.551919
114  27.110338 1.284866 12.007553  0.000000 -0.000000 0.000000
115  28.133425 1.284874 12.007553  0.000001 -0.000000 0.000000
116  12.812890 2.241795 12.007555  0.000000 -0.000001 -0.000001
117  -9.955965 -0.319610 4.380219  -0.000001 -0.000000 -0.000001
118  -11.316470 -0.319611 4.380219  -0.000003 -0.000000 0.000000
119  -12.667808 -0.319608 4.380219  -0.000003 -0.000000 0.000001
120  -14.022137 -0.319613 4.380219  0.000010 -0.000000 -0.000011
121  -15.373232 -0.319609 4.380219  0.000015 -0.000000 -0.000015
122  -16.724140 -0.319611 4.380222  -0.000009 -0.000000 0.000006
123  -18.074564 -0.319606 4.380219  -0.000006 -0.000000 0.000004
124  -19.423712 -0.319612 4.380221  0.000002 0.000000 -0.000004
125  -20.775265 -0.319608 4.380219  0.000003 0.000000 -0.000004
126  -22.126669 -0.319609 4.380220  0.000003 -0.000000 -0.000004
127  -23.478121 -0.319611 4.380222  0.000005 -0.000000 -0.000006
128  -24.830616 -0.319603 4.380219  0.000036 -0.000000 -0.000038
129  -26.182022 -0.319606 4.380220  -0.000011 -0.000000 0.000011
130  0.529183 -0.167117 0.629488  -0.101270 -0.000000 0.000000
131  -0.211441 -0.241663 0.155366  -0.145847 -0.000000 0.000000
132  0.529189 -0.280689 -0.110286  -0.145847 -0.000000 0.000000
133  -0.173926 -0.337314 -0.638493  -0.181751 -0.000000 0.000000
134  0.529190 -0.399230 -0.975388  -0.181751 -0.000000 0.000000
135  -0.211441 -0.464462 -1.431038  -0.192399 -0.000000 0.000000
136  0.529188 -0.515797 -1.694576  -0.192399 -0.000000 0.000000
137  -0.173925 -0.612143 -2.231903  -0.216703 -0.000000 0.000000
138  0.529191 -0.685785 -2.566436  -0.216703 -0.000000 0.000000
139  -0.211440 -0.769547 -3.027866  -0.237349 -0.000000 0.000000
140  0.529189 -0.832671 -3.288841  -0.237349 -0.000000 0.000000
141  -0.173934 -0.945271 -3.779558  -0.233859 0.000000 0.000000
142  0.529181 -1.024648 -4.112772  -0.233859 0.000000 0.000000
143  -0.211440 -1.132171 -4.577543  -0.262919 -0.000000 0.000000
144  0.529190 -1.201946 -4.836822  -0.262919 0.000000 0.000000
145  -0.000004 -2.810924 -10.636621  0.258454 0.000000 3.141592
146  -0.192452 -1.345765 -5.370042  -0.280373 0.000000 0.000000
147  0.533985 -1.413502 -5.605097  -0.276883 0.000000 0.000000
148  -0.206612 -1.795749 -6.909772  -0.287354 0.000000 0.000000
149  -0.205802 -1.564806 -6.138249  -0.290843 0.000000 0.000000
150  0.530465 -1.643666 -6.395210  -0.290844 0.000000 0.000000
151  0.535313 -1.790691 -7.204128  -0.287354 -0.000000 0.000000
152  -0.202698 -2.030475 -7.702824  -0.286180 -0.000000 0.000000
153  0.509553 -2.118884 -8.011617  -0.298398 -0.000000 0.000000
154  -0.202700 -2.255263 -8.465166  -0.283134 -0.000000 0.000000
155  0.509548 -2.352968 -8.771152  -0.295352 -0.000000 0.000000
156  -0.202700 -2.481581 -9.235465  -0.285437 -0.000000 0.000000
157  0.509549 -2.588666 -9.538631  -0.297654 -0.000000 0.000000
158  0.170125 -21.222075 -1.001135  -0.000001 -0.000001 0.000000
159  0.170125 -20.843847 -0.397178  -0.000001 -0.000001 0.000000
160  0.170124 -20.489727 -1.001136  -0.000001 -0.000001 0.000000
161  0.170125 -20.111050 -0.397178  -0.000001 -0.000001 0.000000
162  0.170124 -19.380074 -0.397181  -0.000001 -0.000001 0.000000
163  0.170126 -19.025097 -1.001138  -0.000001 -0.000001 0.000000
164  0.170129 -18.646643 -0.396442  -0.000001 -0.000001 0.000000
165  0.170124 -19.755743 -1.001136  -0.000001 -0.000001 0.000000
166  -0.015972 10.612518 2.686016  0.000001 0.000000 -0.000000
167  0.059849 -50.160702 6.449380  1.570797 -0.000000 -1.570797
168  0.064654 27.351290 72.195213  -0.000000 -0.000000 -0.000001
169  6.064259 95.114014 31.645500  0.000000 -0.000001 1.570796
170  0.054188 102.845650 29.795362  -0.000000 0.000001 -1.570796
171  6.064260 69.096558 37.164322  1.570796 -0.000000 1.570796
172  1.974303 11.989233 4.589252  0.000000 0.000000 -0.000000
173  -0.011481 23.944750 5.090362  0.000001 -0.000000 0.000000
174  -1.691250 8.833342 5.763507  0.000001 0.000000 -0.000000
175  6.064262 89.329803 31.613916  0.000000 -0.000001 1.570796
176  0.059886 2.255333 54.398010  -0.000000 0.000000 -0.000000
177  0.003496 -22.270645 0.000149  1.570797 0.000000 -1.570797
178  0.104012 15.380373 2.266151  0.000001 0.000000 -0.000000
179  -15.505390 38.729416 25.131157  -0.992547 -0.681870 2.272189
180  -3.255358 24.458080 -23.114338  0.181523 0.048807 -1.277059
181  -2.662411 1.445758 33.628746  -0.000000 3.141591 1.570796
182  8.352064 2.772896 0.000540  -3.141589 0.000002 -0.000000
183  -2.662412 1.445755 40.667961  -0.000000 3.141591 1.570796
184  8.352067 2.772899 0.000540  -3.141589 0.000002 -0.000000
185  -1.431358 16.384779 4.137813  0.000001 -0.000000 0.000000
186  -0.001843 0.521683 -0.140290  0.000000 0.000000 -0.000000
187  7.323113 -5.136190 -5.166238  0.000000 0.000000 -0.610865
188  2.698277 -0.000006 -0.000001  -0.000012 0.000000 0.000000
189  2.834157 -0.000004 0.000000  0.000013 0.000000 -0.000000
190  2.648917 -0.000003 -0.000003  -0.000001 -0.000001 0.000000
191  2.667498 -0.000005 0.000002  -0.000000 -0.000000 -0.000000
192  2.426701 -0.000003 0.000006  -0.000000 0.000000 -0.000000
193  -0.494744 -44.353451 -1.302299  1.570797 0.000000 -1.570797
194  11.545937 73.768417 -3.792008  0.000000 0.000000 -0.000000
195  -0.011102 -16.902815 1.952046  0.000001 0.000000 -0.000000
196  0.000002 0.000000 -1.529050  -0.000000 -0.000000 -0.000000
197  -0.078941 -0.000001 0.000001  0.000000 0.000001 1.570796
198  0.097093 -0.000001 0.000001  -0.000000 -3.141592 1.570796
199  0.000000 0.000000 0.000000  0.000000 -0.000000 -0.000000
200  -2.571117 19.969460 -19.961748  -0.506341 1.087253 -0.889551
201  9.453223 12.633066 -20.240005  -0.612903 -0.776079 0.272001
time 25
0  0 0 0  0 0 0
1  0.000000 0.000000 0.000000  0.000000 -0.000000 -0.000000
2  -0.000005 0.000023 -61.375507  0.000000 0.000000 -1.570795
3  -0.012872 0.000000 8.235020  -1.570799 -1.570796 0.000000
4  16.163128 -0.012870 -0.000002  -0.000000 -0.000000 0.000000
5  16.163143 -0.000009 3.830524  -3.089336 -1.570794 0.000000
6  -0.000031 -0.000001 -0.000000  0.568973 -0.323606 0.560769
7  0.000000 -0.000005 0.000001  0.000000 0.000000 -0.464443
8  0.000000 0.000000 0.000001  0.161619 -0.000000 -0.000000
9  0.000002 -0.000001 -0.000001  0.323316 -0.000000 -0.000000
10  -0.000002 -0.000001 -0.000001  0.484978 -0.000000 -0.000000
11  -0.000001 -0.000001 -0.000001  0.646665 -0.000000 -0.000000
12  -0.000002 -0.000000 0.000001  0.808353 -0.000000 -0.000000
13  -0.000003 -0.000001 -0.000001  0.969983 -0.000000 -0.000000
14  -0.000002 -0.000003 -0.000002  1.131665 -0.000000 -0.000000
15  -0.000003 0.000001 0.000002  1.267923 0.196715 -0.240976
16  -0.000005 0.000000 -0.000001  0.086005 0.049136 -0.027159
17  -0.000002 0.000002 0.000004  0.015147 0.019004 -0.249800
18  -0.000003 0.000000 0.000004  0.007305 0.002180 -0.078445
19  0.000001 0.000005 -0.000004  0.411950 0.460799 -0.365506
20  -0.000001 0.000001 -0.000001  0.000000 -0.000000 -0.964261
21  0.000000 0.000000 -0.000001  -0.000000 0.000000 1.200545
22  -0.000004 0.000002 -0.000003  0.153449 0.535624 0.193631
23  -0.000001 -0.000002 0.000001  -0.000000 0.000000 -0.882513
24  -0.000001 0.000001 0.000002  -0.000000 -0.000000 -0.213363
25  0.000002 0.000003 -0.000003  0.281141 0.473953 -0.032557
26  -0.000001 0.000001 -0.000002  -0.000000 0.000000 -1.312286
27  0.000002 -0.000000 -0.000001  -0.000000 -0.000000 1.089500
28  0.000002 0.000001 0.000002  0.127164 0.575190 0.026374
29  0.000000 0.000003 -0.000000  -0.000000 0.000000 0.172276
30  -0.000000 -0.000001 0.000001  -0.000000 -0.000000 -0.840663
31  16.163136 0.000012 -3.830531  -3.098550 1.570794 0.000000
32  -0.000018 -0.000001 0.000001  -0.707359 0.281387 0.743558
33  -0.000000 -0.000000 -0.000002  0.000000 0.000000 -0.707820
34  0.000001 0.000001 0.000001  -0.213977 0.000000 -0.000000
35  -0.000002 -0.000002 0.000002  -0.428016 0.000000 0.000000
36  -0.000002 -0.000000 0.000001  -0.642032 0.000000 0.000000
37  -0.000001 0.000001 -0.000000  -0.856066 -0.000000 0.000000
38  -0.000005 0.000000 0.000002  -1.070074 -0.000000 -0.000000
39  -0.000006 0.000000 0.000002  -1.284090 -0.000000 -0.000000
40  -0.000004 -0.000001 0.000000  -1.498145 -0.000000 0.000000
41  -0.000008 -0.000003 -0.000000  -1.667364 0.065728 0.514555
42  1.410069 0.800526 2.089138  -2.009768 -0.630254 0.591907
43  3.954720 0.000011 0.000004  -0.000000 -0.000002 0.166319
44  3.101558 -0.000007 0.000003  -0.000001 -0.000000 0.240238
45  7.183347 -0.532108 3.267604  -0.123210 -0.020355 -0.052486
46  3.511602 0.000000 -0.000000  0.000003 0.000001 0.099571
47  2.199404 0.000004 -0.000001  -0.000001 -0.000001 0.029267
48  7.145095 -0.676361 1.382421  -0.086920 0.009133 -0.085505
49  3.672219 -0.000001 0.000001  0.000001 -0.000000 0.142941
50  2.676518 -0.000004 0.000001  -0.000001 -0.000001 -0.026075
51  6.831175 -0.870877 -0.599925  -0.130311 0.006346 -0.065012
52  3.657079 -0.000002 0.000001  -0.000000 0.000001 0.057734
53  2.496795 0.000003 0.000003  -0.000000 -0.000001 -0.091108
54  6.164466 -0.898156 -2.575025  -0.090704 0.013515 -0.151468
55  2.805847 -0.000005 0.000005  -0.000002 -0.000001 0.079091
56  2.307435 0.000001 -0.000005  0.000002 0.000001 -0.056419
57  0.000000 0.000000 -0.000000  0.000000 -0.000000 0.000000
58  -12.138285 12.949127 -36.851879  -0.506342 1.087253 -0.889552
59  0.071243 114.357040 62.238796  -0.000000 0.000000 -0.000000
60  1.986526 0.000020 -3.123741  -2.705260 -0.000000 -1.570797
61  -1.986689 0.000023 -3.123747  0.436333 0.000001 1.570797
62  0.000000 0.000000 0.000002  0.000000 0.000000 -0.000000
63  -1.986692 0.000019 -3.123736  0.436333 0.000001 1.570797
64  -11.344166 1.135888 0.869287  0.000002 -0.025019 -0.026324
65  1.986526 0.000024 -3.123730  -2.705260 -0.000000 -1.570797
66  -11.350043 -0.729429 0.864885  0.000197 -0.025367 0.026442
67  1.754242 4.036757 -1.682663  0.392575 -0.010120 -1.546362
68  -1.755133 4.036765 -1.682666  -0.392577 -0.010391 -1.594986
69  -0.164554 7.327703 3.928704  -0.000000 0.000001 -1.570796
70  0.079085 36.742691 -0.508020  0.000001 0.000000 -0.000000
71  -1.260174 8.777410 6.736406  -0.000002 -0.424415 -3.141592
72  1.525191 18.283596 2.968626  0.000000 0.000000 -0.000000
73  0.060217 10.324389 74.469063  0.000008 0.000000 -0.000000
74  0.062809 75.917999 83.075447  1.570797 0.000000 -1.570796
75  4.804184 -3.971743 0.000002  -0.000000 0.000000 -0.000000
76  -7.041568 -5.025999 -0.000002  -0.000000 -0.000000 -0.000000
77  8.407179 -3.978443 0.003056  -1.570796 1.570795 0.000000
78  10.376186 -3.978447 0.003054  -1.570796 1.570796 0.000000
79  10.194014 -0.314069 -1.749548  -1.570796 1.570796 0.000000
80  20.857885 -4.015568 0.000000  0.000000 -0.000000 0.000000
81  3.258438 5.856948 -3.403524  -0.000000 -0.000000 -0.000000
82  15.153047 5.860579 -3.403519  0.000000 -0.000000 0.000000
83  6.064260 77.294952 36.365799  1.570796 -0.000000 1.570796
84  -2.662413 1.445754 40.667961  -0.000000 3.141591 1.570796
85  8.352066 2.772897 0.000540  -3.141589 0.000002 -0.000000
86  6.064258 72.973694 32.593254  1.570796 -0.000000 1.570796
87  0.004367 73.768417 -3.792006  0.000000 -0.000000 0.000000
88  -0.442608 1.284889 8.535290  -0.000000 -0.000001 0.000000
89  0.000002 1.310213 0.000000  0.000000 0.000000 0.000000
90  0.000004 0.582262 0.000000  0.000000 0.000000 0.000000
91  0.036298 1.284887 7.928802  -0.000000 -0.000001 0.000000
92  0.000001 1.310222 0.000002  0.000000 0.000000 0.000000
93  0.000005 0.582271 0.000002  0.000000 0.000000 0.000000
94  5.969324 3.427461 -6.170647  -0.000000 -0.000001 -1.570796
95  -1.310217 -0.000001 0.000000  0.000000 0.000000 -0.000000
96  -0.582257 -0.000003 0.000003  0.000000 0.000000 -0.000000
97  5.969321 9.397406 -6.170657  -0.000000 -0.000001 -1.570796
98  -1.310211 0.000000 -0.000002  0.000000 0.000000 -0.000000
99  -0.582258 -0.000001 0.000001  0.000000 0.000000 -0.000000
100  5.969327 15.223770 -6.170669  0.000000 -0.000001 -1.570796
101  -1.310214 0.000001 0.000000  -0.000000 0.000001 -0.000000
102  -0.582262 -0.000003 0.000003  -0.000000 0.000000 -0.000000
103  5.969324 20.835571 -6.170668  0.000000 -0.000001 -1.570796
104  -1.310205 -0.000001 0.000004  -0.000000 0.000001 -0.000000
105  -0.582253 -0.000000 0.000006  -0.000000 0.000000 -0.000000
106  5.969322 26.771210 -6.170668  0.000000 -0.000001 -1.570796
107  5.969321 32.597595 -6.170666  0.000000 -0.000001 -1.570796
108  5.969315 38.209404 -6.170675  0.000000 -0.000001 -1.570800
109  5.969322 49.488464 -6.170677  0.000000 -0.000001 -1.570800
110  -0.539091 -0.556798 -0.017363  -0.042462 2.681156 1.551919
111  -6.799126 -0.556793 0.818549  -0.272420 2.701993 1.452460
112  -4.615283 -0.556818 0.270331  -0.117230 2.684609 1.518878
113  -2.650971 -0.556804 0.063013  -0.042463 2.681158 1.551919
114  27.110336 1.284858 12.007551  0.000000 -0.000000 0.000000
115  28.133421 1.284864 12.007549  0.000001 -0.000000 0.000000
116  12.812887 2.241787 12.007555  0.000000 -0.000001 -0.000001
117  -9.955967 -0.319619 4.380217  -0.000001 -0.000000 -0.000001
118  -11.316473 -0.319620 4.380218  -0.000003 -0.000000 0.000000
119  -12.667810 -0.319617 4.380217  -0.000003 -0.000000 0.000001
120  -14.022141 -0.319622 4.380218  0.000010 -0.000000 -0.000011
121  -15.373236 -0.319617 4.380217  0.000015 -0.000000 -0.000015
122  -16.724142 -0.319620 4.380219  -0.000009 -0.000000 0.000006
123  -18.074566 -0.319615 4.380216  -0.000006 -0.000000 0.000004
124  -19.423716 -0.319621 4.380219  0.000002 0.000000 -0.000004
125  -20.775269 -0.319617 4.380218  0.000003 0.000000 -0.000004
126  -22.126671 -0.319618 4.380219  0.000003 -0.000000 -0.000004
127  -23.478123 -0.319620 4.380219  0.000005 -0.000000 -0.000006
128  -24.830620 -0.319612 4.380217  0.000036 -0.000000 -0.000038
129  -26.182026 -0.319614 4.380219  -0.000011 -0.000000 0.000011
130  0.529180 -0.167126 0.629486  -0.101270 -0.000000 0.000000
131  -0.211444 -0.241673 0.155364  -0.145847 -0.000000 0.000000
132  0.529186 -0.280698 -0.110288  -0.145847 -0.000000 0.000000
133  -0.173929 -0.337323 -0.638494  -0.181751 -0.000000 0.000000
134  0.529187 -0.399239 -0.975389  -0.181751 -0.000000 0.000000
135  -0.211444 -0.464471 -1.431040  -0.192399 -0.000000 0.000000
136  0.529185 -0.515806 -1.694578  -0.192399 -0.000000 0.000000
137  -0.173928 -0.612151 -2.231905  -0.216703 -0.000000 0.000000
138  0.529188 -0.685794 -2.566438  -0.216703 -0.000000 0.000000
139  -0.211443 -0.769556 -3.027868  -0.237349 -0.000000 0.000000
140  0.529186 -0.832680 -3.288843  -0.237349 -0.000000 0.000000
141  -0.173937 -0.945280 -3.779560  -0.233859 0.000000 0.000000
142  0.529178 -1.024657 -4.112775  -0.233859 0.000000 0.000000
143  -0.211443 -1.132180 -4.577545  -0.262919 -0.000000 0.000000
144  0.529187 -1.201955 -4.836823  -0.262919 0.000000 0.000000
145  -0.000008 -2.810933 -10.636623  0.258454 0.000000 3.141592
146  -0.192455 -1.345773 -5.370045  -0.280373 0.000000 0.000000
147  0.533982 -1.413510 -5.605099  -0.276883 0.000000 0.000000
148  -0.206615 -1.795758 -6.909775  -0.287354 0.000000 0.000000
149  -0.205805 -1.564815 -6.138252  -0.290843 0.000000 0.000000
150  0.530462 -1.643674 -6.395213  -0.290844 0.000000 0.000000
151  0.535310 -1.790700 -7.204130  -0.287354 -0.000000 0.000000
152  -0.202701 -2.030484 -7.702826  -0.286180 -0.000000 0.000000
153  0.509550 -2.118893 -8.011620  -0.298398 -0.000000 0.000000
154  -0.202703 -2.255272 -8.465168  -0.283134 -0.000000 0.000000
155  0.509545 -2.352976 -8.771154  -0.295352 -0.000000 0.000000
156  -0.202703 -2.481590 -9.235467  -0.285437 -0.000000 0.000000
157  0.509546 -2.588675 -9.538633  -0.297654 -0.000000 0.000000
158  0.170122 -21.222084 -1.001137  -0.000001 -0.000001 0.000000
159  0.170121 -20.843857 -0.397180  -0.000001 -0.000001 0.000000
160  0.170121 -20.489735 -1.001138  -0.000001 -0.000001 0.000000
161  0.170122 -20.111057 -0.397181  -0.000001 -0.000001 0.000000
162  0.170120 -19.380081 -0.397183  -0.000001 -0.000001 0.000000
163  0.170122 -19.025106 -1.001140  -0.000001 -0.000001 0.000000
164  0.170126 -18.646652 -0.396444  -0.000001 -0.000001 0.000000
165  0.170121 -19.755753 -1.001138  -0.000001 -0.000001 0.000000
166  -0.015972 10.612516 2.686017  0.000001 0.000000 -0.000000
167  0.059849 -50.160702 6.449382  1.570797 -0.000000 -1.570797
168  0.064653 27.351288 72.195213  -0.000000 -0.000000 -0.000001
169  6.064257 95.114014 31.645506  0.000000 -0.000001 1.570796
170  0.054184 102.845650 29.795362  -0.000000 0.000001 -1.570796
171  6.064260 69.096558 37.164322  1.570796 -0.000000 1.570796
172  1.974301 11.989233 4.589252  0.000000 0.000000 -0.000000
173  -0.011482 23.944748 5.090363  0.000001 -0.000000 0.000000
174  -1.691251 8.833342 5.763509  0.000001 0.000000 -0.000000
175  6.064259 89.329811 31.613914  0.000000 -0.000001 1.570796
176  0.059886 2.255334 54.398014  -0.000000 0.000000 -0.000000
177  0.003494 -22.270645 0.000146  1.570797 0.000000 -1.570797
178  0.104011 15.380371 2.266153  0.000001 0.000000 -0.000000
179  -15.715919 38.107624 24.963593  -0.992547 -0.681870 2.272189
180  -3.255359 24.458076 -23.114334  0.181523 0.048807 -1.277059
181  -2.662412 1.445757 33.628746  -0.000000 3.141591 1.570796
182  8.352066 2.772897 0.000541  -3.141589 0.000002 -0.000000
183  -2.662413 1.445754 40.667961  -0.000000 3.141591 1.570796
184  8.352066 2.772897 0.000540  -3.141589 0.000002 -0.000000
185  -1.431359 16.384777 4.137814  0.000001 -0.000000 0.000000
186  -0.001844 0.521682 -0.140289  0.000000 0.000000 -0.000000
187  7.323112 -5.136192 -5.166238  0.000000 0.000000 -0.610865
188  2.698277 -0.000004 -0.000002  -0.000012 0.000000 0.000000
189  2.834157 -0.000003 -0.000000  0.000013 0.000000 -0.000000
190  2.648918 -0.000004 -0.000001  -0.000001 -0.000001 0.000000
191  2.667497 -0.000003 0.000001  -0.000000 -0.000000 -0.000000
192  2.426702 -0.000001 0.000004  -0.000000 0.000000 -0.000000
193  -0.494745 -44.353455 -1.302298  1.570797 0.000000 -1.570797
194  11.545935 73.768417 -3.792007  0.000000 0.000000 -0.000000
195  -0.011103 -16.902817 1.952046  0.000001 0.000000 -0.000000
196  0.000003 -0.000000 -1.529051  -0.000000 -0.000000 -0.000000
197  -0.078944 -0.000001 0.000001  0.000000 0.000001 1.570796
198  0.097090 -0.000001 0.000001  -0.000000 -3.141592 1.570796
199  0.000000 0.000000 0.000000  0.000000 -0.000000 -0.000000
200  -1.893608 19.969454 -19.961748  -0.506341 1.087253 -0.889551
201  9.453223 12.633066 -20.240005  -0.612903 -0.776079 0.272001
end
