version 1
nodes
0 "blender_implicit" -1
1 "b_root" -1
2 "b_ch_middle" 1
3 "b_ch_spine1" 2
4 "b_ch_spine2" 3
5 "b_ch_l_clavical" 4
6 "b_ch_l_upperarm" 5
7 "b_ch_l_forearm" 6
8 "b_ch_l_forearm_twist1" 7
9 "b_ch_l_forearm_twist2" 7
10 "b_ch_l_forearm_twist3" 7
11 "b_ch_l_forearm_twist4" 7
12 "b_ch_l_forearm_twist5" 7
13 "b_ch_l_forearm_twist6" 7
14 "b_ch_l_forearm_twist7" 7
15 "b_ch_l_hand" 7
16 "b_ch_l_finger_00" 15
17 "b_ch_l_finger_01" 16
18 "b_ch_l_finger_02" 17
19 "b_ch_l_finger_40" 15
20 "b_ch_l_finger_41" 19
21 "b_ch_l_finger_42" 20
22 "b_ch_l_finger_20" 15
23 "b_ch_l_finger_21" 22
24 "b_ch_l_finger_22" 23
25 "b_ch_l_finger_30" 15
26 "b_ch_l_finger_31" 25
27 "b_ch_l_finger_32" 26
28 "b_ch_l_finger_10" 15
29 "b_ch_l_finger_11" 28
30 "b_ch_l_finger_12" 29
31 "b_ch_r_clavical" 4
32 "b_ch_r_upperarm" 31
33 "b_ch_r_forearm" 32
34 "b_ch_r_forearm_twist1" 33
35 "b_ch_r_forearm_twist2" 33
36 "b_ch_r_forearm_twist3" 33
37 "b_ch_r_forearm_twist4" 33
38 "b_ch_r_forearm_twist5" 33
39 "b_ch_r_forearm_twist6" 33
40 "b_ch_r_forearm_twist7" 33
41 "b_ch_r_hand" 33
42 "b_ch_r_finger_00" 41
43 "b_ch_r_finger_01" 42
44 "b_ch_r_finger_02" 43
45 "b_ch_r_finger_10" 41
46 "b_ch_r_finger_11" 45
47 "b_ch_r_finger_12" 46
48 "b_ch_r_finger_20" 41
49 "b_ch_r_finger_21" 48
50 "b_ch_r_finger_22" 49
51 "b_ch_r_finger_30" 41
52 "b_ch_r_finger_31" 51
53 "b_ch_r_finger_32" 52
54 "b_ch_r_finger_40" 41
55 "b_ch_r_finger_41" 54
56 "b_ch_r_finger_42" 55
57 "b_camera" 1
58 "b_wpn" 1
59 "b_wpn_bipod" 58
60 "b_wpn_bipod_l" 59
61 "b_wpn_bipod_r" 59
62 "b_wpn_bipod_base" 59
63 "b_wpn_bipod_base_r" 62
64 "b_wpn_bipod_spring_base_r" 63
65 "b_wpn_bipod_base_l" 62
66 "b_wpn_bipod_spring_base_l" 65
67 "b_wpn_bipod_spring_l" 62
68 "b_wpn_bipod_spring_r" 62
69 "b_wpn_bolt" 58
70 "b_wpn_chargehandle" 58
71 "b_wpn_eject" 58
72 "b_wpn_fireselect" 58
73 "b_wpn_foregrip" 58
74 "b_wpn_gl" 58
75 "b_wpn_gl_slide" 74
76 "b_wpn_gl_trigger" 74
77 "b_wpn_gl_round" 74
78 "b_wpn_gl_casing" 74
79 "b_wpn_gl_slidelock" 74
80 "b_wpn_gl_muzzle" 74
81 "b_wpn_gl_sight_back" 74
82 "b_wpn_gl_sight_front" 74
83 "b_wpn_hammer" 58
84 "b_wpn_laserflash" 58
85 "b_wpn_laserflash_beam" 84
86 "b_wpn_lid" 58
87 "b_wpn_mag" 58
88 "b_wpn_mag_b1" 87
89 "b_wpn_mag_casing_1" 88
90 "b_wpn_mag_bullet_1" 88
91 "b_wpn_mag_b2" 87
92 "b_wpn_mag_casing_2" 91
93 "b_wpn_mag_bullet_2" 91
94 "b_wpn_mag_b3" 87
95 "b_wpn_mag_casing_3" 94
96 "b_wpn_mag_bullet_3" 94
97 "b_wpn_mag_b4" 87
98 "b_wpn_mag_casing_4" 97
99 "b_wpn_mag_bullet_4" 97
100 "b_wpn_mag_b5" 87
101 "b_wpn_mag_casing_5" 100
102 "b_wpn_mag_bullet_5" 100
103 "b_wpn_mag_b6" 87
104 "b_wpn_mag_casing_6" 103
105 "b_wpn_mag_bullet_6" 103
106 "b_wpn_mag_b7" 87
107 "b_wpn_mag_b8" 87
108 "b_wpn_mag_b9" 87
109 "b_wpn_mag_follow" 87
110 "b_wpn_mag_b13" 87
111 "b_wpn_mag_b10" 87
112 "b_wpn_mag_b11" 87
113 "b_wpn_mag_b12" 87
114 "b_wpn_mag_b14" 87
115 "b_wpn_mag_b15" 87
116 "b_wpn_mag_tab" 87
117 "b_wpn_mag_b_link1" 87
118 "b_wpn_mag_b_link2" 87
119 "b_wpn_mag_b_link3" 87
120 "b_wpn_mag_b_link4" 87
121 "b_wpn_mag_b_link5" 87
122 "b_wpn_mag_b_link6" 87
123 "b_wpn_mag_b_link7" 87
124 "b_wpn_mag_b_link8" 87
125 "b_wpn_mag_b_link9" 87
126 "b_wpn_mag_b_link10" 87
127 "b_wpn_mag_b_link11" 87
128 "b_wpn_mag_b_link12" 87
129 "b_wpn_mag_b_link13" 87
130 "b_wpn_mag_b16" 87
131 "b_wpn_mag_b17" 87
132 "b_wpn_mag_b18" 87
133 "b_wpn_mag_b19" 87
134 "b_wpn_mag_b20" 87
135 "b_wpn_mag_b21" 87
136 "b_wpn_mag_b22" 87
137 "b_wpn_mag_b23" 87
138 "b_wpn_mag_b24" 87
139 "b_wpn_mag_b25" 87
140 "b_wpn_mag_b26" 87
141 "b_wpn_mag_b27" 87
142 "b_wpn_mag_b28" 87
143 "b_wpn_mag_b29" 87
144 "b_wpn_mag_b30" 87
145 "b_wpn_mag_spring_bottom" 87
146 "b_wpn_mag_b31" 87
147 "b_wpn_mag_b32" 87
148 "b_wpn_mag_b35" 87
149 "b_wpn_mag_b33" 87
150 "b_wpn_mag_b34" 87
151 "b_wpn_mag_b36" 87
152 "b_wpn_mag_b37" 87
153 "b_wpn_mag_b38" 87
154 "b_wpn_mag_b39" 87
155 "b_wpn_mag_b40" 87
156 "b_wpn_mag_b41" 87
157 "b_wpn_mag_b42" 87
158 "b_wpn_mag_b50" 87
159 "b_wpn_mag_b49" 87
160 "b_wpn_mag_b48" 87
161 "b_wpn_mag_b47" 87
162 "b_wpn_mag_b45" 87
163 "b_wpn_mag_b44" 87
164 "b_wpn_mag_b43" 87
165 "b_wpn_mag_b46" 87
166 "b_wpn_magrelease" 58
167 "b_wpn_muzzle" 58
168 "b_wpn_optic" 58
169 "b_wpn_pin" 58
170 "b_wpn_ring" 58
171 "b_wpn_slide" 58
172 "b_wpn_sliderelease" 58
173 "b_wpn_spec_1" 58
174 "b_wpn_spec_2" 58
175 "b_wpn_spoon" 58
176 "b_wpn_suppressor" 58
177 "b_wpn_suppressor_muzzle" 176
178 "b_wpn_trigger" 58
179 "ik_hand_wpn_l" 58
180 "ik_hand_wpn_r" 58
181 "b_wpn_laser" 58
182 "b_wpn_laser_beam" 181
183 "b_wpn_flash" 58
184 "b_wpn_flash_beam" 183
185 "b_wpn_stock" 58
186 "b_wpn_barrel" 58
187 "b_wpn_chain_01" 58
188 "b_wpn_chain_02" 187
189 "b_wpn_chain_03" 188
190 "b_wpn_chain_04" 189
191 "b_wpn_chain_05" 190
192 "b_wpn_chain_06" 191
193 "b_wpn_bayonet" 58
194 "b_wpn_mag_2" 58
195 "b_wpn_gripod" 58
196 "b_wpn_gripod_base" 195
197 "b_wpn_gripod_base_r" 196
198 "b_wpn_gripod_base_l" 196
199 "ik_hand_root" 1
200 "ik_hand_r" 199
201 "ik_hand_l" 199
end
skeleton
time 0
0  0 0 0  0 0 0
1  0.000000 0.000000 0.000000  0.000000 -0.000000 -0.000000
2  -0.000000 -0.000000 -55.423229  0.000000 -0.000000 -1.570730
3  -0.012872 0.000000 8.235027  -0.784749 -1.570710 -0.785986
4  16.163124 -0.010663 0.007211  -0.594297 0.000409 -0.000125
5  16.163132 -0.000000 3.830524  -1.333359 -0.199015 -2.456806
6  14.868229 0.000001 0.000001  -0.824118 0.745112 -1.715406
7  26.391941 -0.000003 -0.000002  -0.000000 0.000000 -1.331073
8  0.000001 -0.000001 -0.000000  -0.136157 -0.000000 -0.000000
9  3.093518 -0.000002 -0.000001  -0.272395 -0.000000 -0.000000
10  6.187024 -0.000003 0.000001  -0.408611 -0.000000 -0.000000
11  9.280534 -0.000003 -0.000000  -0.544816 0.000000 -0.000000
12  12.374047 -0.000003 0.000001  -0.681012 -0.000000 -0.000000
13  15.467556 -0.000004 0.000003  -0.817257 -0.000000 -0.000000
14  18.561060 -0.000007 0.000001  -0.953460 -0.000000 -0.000000
15  21.654573 -0.000007 0.000002  -2.884480 -0.423869 0.777199
16  1.410071 0.800539 -2.089135  1.926816 0.229617 0.446891
17  3.954707 -0.000002 0.000003  0.032650 -0.305879 0.082888
18  3.101571 0.000001 0.000001  0.038488 -0.173200 0.020373
19  6.164465 -0.898152 2.575013  -0.464106 -0.015897 1.186542
20  2.805846 0.000003 0.000000  -0.000000 -0.000000 0.521973
21  2.307440 0.000003 0.000001  -0.000000 0.000000 0.361287
22  7.145093 -0.676340 -1.382428  0.048305 -0.466031 0.179016
23  3.672209 -0.000001 -0.000002  0.000000 0.000000 1.094786
24  2.676516 -0.000004 0.000002  -0.000000 0.000000 0.976405
25  6.831183 -0.870864 0.599916  -0.198432 -0.274957 0.706750
26  3.657078 0.000000 -0.000002  0.000000 0.000000 1.196110
27  2.496794 -0.000000 -0.000000  -0.000000 -0.000000 0.510610
28  7.183353 -0.532080 -3.267603  0.092002 -0.569205 -0.163901
29  3.511585 0.000000 -0.000001  -0.000000 -0.000000 0.459239
30  2.199411 -0.000001 0.000000  0.000000 -0.000000 0.877656
31  16.163136 0.000000 -3.830527  0.703564 0.858106 -2.571306
32  14.868248 0.000000 0.000001  -0.215999 -0.144863 -1.797531
33  26.391966 -0.000002 0.000000  0.000000 0.000000 -1.699981
34  0.000000 -0.000000 0.000004  0.127715 0.000000 -0.000000
35  3.093514 -0.000002 0.000005  0.255401 0.000000 0.000000
36  6.187022 0.000000 0.000003  0.383087 0.000000 0.000000
37  9.280537 0.000000 0.000003  0.510863 -0.000000 -0.000000
38  12.374041 0.000001 0.000005  0.638560 -0.000000 -0.000000
39  15.467550 0.000002 0.000003  0.766251 -0.000000 0.000000
40  18.561068 0.000000 0.000004  0.894005 -0.000000 0.000000
41  21.654564 -0.000001 0.000003  2.653211 -0.557048 0.022307
42  1.410065 0.800527 2.089143  -1.966491 -0.287076 0.559263
43  3.954716 -0.000001 -0.000001  0.000000 -0.000000 0.375132
44  3.101564 -0.000002 -0.000002  0.000000 -0.000000 0.790793
45  7.183350 -0.532093 3.267620  0.052242 -0.011652 -0.158551
46  3.511586 -0.000001 0.000000  -0.000000 0.000000 0.189253
47  2.199410 -0.000001 0.000002  0.000000 -0.000000 -0.104054
48  7.145096 -0.676349 1.382434  0.255424 0.283825 0.886074
49  3.672211 -0.000003 -0.000000  -0.000000 -0.000000 1.435616
50  2.676522 0.000001 0.000001  -0.000000 0.000000 1.062915
51  6.831167 -0.870867 -0.599910  0.339890 0.115856 1.057859
52  3.657082 0.000002 0.000001  -0.000000 -0.000000 1.252193
53  2.496799 -0.000001 -0.000001  0.000000 0.000000 0.840195
54  6.164461 -0.898159 -2.575006  0.409526 -0.061317 1.152482
55  2.805845 0.000000 0.000002  -0.000000 -0.000000 0.666009
56  2.307451 0.000001 0.000003  -0.000000 -0.000000 0.844543
57  0.000000 0.000000 0.000000  0.000001 -0.000000 -0.000000
58  10.149750 -33.236214 -17.422209  0.166335 0.445083 0.865440
59  0.000001 -19.069485 4.681029  0.000000 0.000000 0.000000
60  1.986522 0.000013 -3.123738  -2.705260 -0.000000 -1.570797
61  -1.986691 0.000013 -3.123747  0.436333 0.000001 1.570797
62  -0.000002 -0.000003 -0.000001  0.000000 0.000000 0.000000
63  -1.530662 0.861419 -3.109962  0.392682 0.000010 1.570745
64  -11.344168 1.135892 0.869267  0.000328 -0.024963 -0.026314
65  1.907532 0.861414 -2.954428  -0.392858 -0.000004 1.570778
66  -11.350042 -0.729409 0.864870  0.000154 -0.025335 0.026430
67  1.754237 4.036756 -1.682669  0.392549 -0.010099 -1.546344
68  -1.755145 4.036756 -1.682670  -0.392547 -0.010382 -1.594901
69  -0.164559 5.734781 5.880445  0.000000 -0.000000 -1.570730
70  1.203546 5.503722 4.339430  0.000000 0.000000 0.000000
71  -1.260178 5.668898 5.788550  0.070161 -0.418898 2.970131
72  1.185469 17.272329 1.821943  0.000000 0.000000 0.000000
73  0.060222 10.324430 74.469040  0.000000 0.000000 0.000000
74  0.052667 -3.972628 3.515843  1.570735 -0.000061 -1.570735
75  4.804183 -3.856466 -0.006876  -0.000000 -0.000000 0.000000
76  -6.013988 -4.624458 0.000003  0.000000 0.000000 0.000000
77  -65.574097 -37.156048 0.002937  -0.787349 1.570710 0.783752
78  1.602680 -3.785213 0.003051  -0.786618 1.570710 0.784361
79  11.681371 -1.114738 -1.027846  -0.785703 1.570710 0.785581
80  19.766773 -3.800921 0.000004  -0.000000 0.000000 0.000000
81  3.258435 5.856956 -3.403522  -0.000000 -0.000000 -0.000000
82  15.153046 5.860583 -3.403518  -0.000000 -0.000000 0.000000
83  6.064261 77.294952 36.365791  1.570796 -0.000000 1.570796
84  -2.662414 1.445756 40.667953  -0.000000 3.141591 1.570796
85  8.352070 2.772899 0.000543  -3.141589 0.000002 0.000000
86  6.064260 72.973686 32.593246  1.570796 -0.000000 1.570796
87  -0.113678 5.957329 -0.188889  0.000000 0.000000 0.000000
88  0.097223 0.210961 3.469587  0.000000 0.000000 0.000000
89  -0.000002 1.310210 0.000001  0.000000 0.000000 0.000000
90  -0.000004 0.582259 0.000001  0.000000 0.000000 0.000000
91  0.036295 1.284879 7.928799  0.000000 -0.000001 0.000000
92  -0.000000 1.310212 -0.000000  0.000000 0.000000 0.000000
93  -0.000002 0.582261 0.000000  0.000000 0.000000 0.000000
94  5.969321 3.427457 -6.170647  -0.000000 -0.000001 -1.570797
95  -1.310212 0.000002 -0.000001  0.000000 0.000000 -0.000000
96  -0.582261 0.000002 -0.000002  0.000000 0.000000 -0.000000
97  5.969322 9.397397 -6.170658  -0.000000 -0.000001 -1.570796
98  -1.310212 -0.000000 -0.000001  0.000000 0.000001 -0.000000
99  -0.582262 -0.000001 -0.000001  0.000000 0.000000 -0.000000
100  5.969319 15.223766 -6.170669  -0.000000 -0.000001 -1.570796
101  -1.310210 0.000003 0.000003  -0.000000 0.000000 -0.000000
102  -0.582260 0.000001 0.000002  -0.000000 0.000000 -0.000000
103  5.969322 20.835567 -6.170668  -0.000000 -0.000001 -1.570796
104  -1.310210 0.000002 -0.000001  -0.000000 0.000000 -0.000000
105  -0.582259 0.000001 0.000001  -0.000000 0.000000 -0.000000
106  5.969323 26.771204 -6.170671  -0.000000 -0.000001 -1.570796
107  5.969323 32.597595 -6.170671  -0.000000 -0.000001 -1.570796
108  5.969323 38.209393 -6.170685  0.000000 -0.000001 -1.570800
109  5.969323 49.488461 -6.170681  0.000000 -0.000001 -1.570800
110  -0.539091 -0.556811 -0.017361  -0.042462 2.681156 1.551919
111  -6.799124 -0.556808 0.818550  -0.272420 2.701993 1.452460
112  -4.615284 -0.556823 0.270329  -0.117230 2.684609 1.518878
113  -2.650970 -0.556808 0.063010  -0.042463 2.681158 1.551919
114  27.110332 1.284856 12.007547  0.000000 -0.000000 0.000000
115  28.133421 1.284857 12.007548  0.000001 -0.000000 0.000000
116  12.812885 2.241784 12.007549  -0.000000 -0.000001 -0.000001
117  -9.955969 -0.319624 4.380214  -0.000001 -0.000000 -0.000001
118  -11.316474 -0.319625 4.380216  -0.000003 -0.000000 -0.000000
119  -12.667811 -0.319623 4.380216  -0.000003 -0.000000 0.000001
120  -14.022143 -0.319626 4.380216  0.000010 -0.000000 -0.000011
121  -15.373240 -0.319623 4.380215  0.000015 -0.000000 -0.000015
122  -16.724144 -0.319624 4.380215  -0.000009 -0.000000 0.000006
123  -18.074572 -0.319622 4.380215  -0.000006 0.000000 0.000004
124  -19.423716 -0.319620 4.380215  0.000002 0.000000 -0.000004
125  -20.775272 -0.319623 4.380215  0.000003 0.000000 -0.000004
126  -22.126671 -0.319620 4.380216  0.000003 -0.000000 -0.000004
127  -23.478123 -0.319619 4.380215  0.000005 -0.000000 -0.000006
128  -24.830620 -0.319620 4.380215  0.000036 0.000000 -0.000038
129  -26.182028 -0.319619 4.380215  -0.000011 0.000000 0.000011
130  0.529178 -0.167131 0.629486  -0.101270 -0.000000 0.000000
131  -0.211445 -0.241683 0.155363  -0.145847 -0.000000 0.000000
132  0.529189 -0.280700 -0.110291  -0.145847 -0.000000 -0.000000
133  -0.173929 -0.337328 -0.638495  -0.181751 -0.000000 0.000000
134  0.529188 -0.399248 -0.975393  -0.181751 -0.000000 0.000000
135  -0.211444 -0.464477 -1.431041  -0.192399 -0.000000 0.000000
136  0.529187 -0.515810 -1.694581  -0.192399 -0.000000 0.000000
137  -0.173930 -0.612153 -2.231909  -0.216703 -0.000000 0.000000
138  0.529187 -0.685807 -2.566436  -0.216703 -0.000000 -0.000000
139  -0.211447 -0.769561 -3.027868  -0.237349 -0.000000 0.000000
140  0.529186 -0.832688 -3.288845  -0.237349 -0.000000 -0.000000
141  -0.173938 -0.945281 -3.779562  -0.233859 0.000000 0.000000
142  0.529178 -1.024659 -4.112780  -0.233859 0.000000 -0.000000
143  -0.211444 -1.132188 -4.577546  -0.262919 -0.000000 0.000000
144  0.529187 -1.201966 -4.836822  -0.262919 0.000000 0.000000
145  -0.000006 -2.810942 -10.636626  0.258454 0.000000 3.141592
146  -0.192457 -1.345779 -5.370045  -0.280373 0.000000 0.000000
147  0.533982 -1.413515 -5.605104  -0.276883 0.000000 0.000000
148  -0.206620 -1.795763 -6.909779  -0.287354 0.000000 0.000000
149  -0.205807 -1.564818 -6.138253  -0.290843 0.000000 0.000000
150  0.530456 -1.643678 -6.395212  -0.290844 0.000000 0.000000
151  0.535310 -1.790709 -7.204129  -0.287354 -0.000000 0.000000
152  -0.202704 -2.030487 -7.702827  -0.286180 -0.000000 0.000000
153  0.509546 -2.118896 -8.011622  -0.298398 -0.000000 0.000000
154  -0.202706 -2.255281 -8.465171  -0.283134 -0.000000 0.000000
155  0.509543 -2.352983 -8.771156  -0.295352 -0.000000 0.000000
156  -0.202706 -2.481597 -9.235469  -0.285437 -0.000000 0.000000
157  0.509544 -2.588684 -9.538636  -0.297654 -0.000000 0.000000
158  0.170119 -21.222090 -1.001140  -0.000001 -0.000001 0.000000
159  0.170121 -20.843864 -0.397182  -0.000001 -0.000001 0.000000
160  0.170120 -20.489746 -1.001141  -0.000001 -0.000001 0.000000
161  0.170120 -20.111069 -0.397183  -0.000001 -0.000001 0.000000
162  0.170120 -19.380089 -0.397183  -0.000001 -0.000001 0.000000
163  0.170120 -19.025108 -1.001145  -0.000001 -0.000001 0.000000
164  0.170120 -18.646658 -0.396445  -0.000001 -0.000001 0.000000
165  0.170120 -19.755760 -1.001141  -0.000001 -0.000001 0.000000
166  -0.015977 10.035400 1.098090  0.000000 0.000000 0.000000
167  -0.104329 -52.163570 4.437344  1.570735 -0.000061 -1.570735
168  0.064656 27.351339 72.195198  0.000000 0.000000 0.000000
169  6.064265 95.114006 31.645498  0.000000 -0.000001 1.570796
170  -0.103716 -26.907860 3.305351  0.000000 -0.000000 -1.570730
171  6.064260 69.096550 37.164314  1.570796 -0.000000 1.570796
172  1.974300 11.989230 4.589251  0.000000 0.000000 0.000000
173  1.941735 0.883630 4.309755  0.000000 -0.000000 -1.483525
174  -0.115679 1.104777 6.744192  0.000000 0.000000 0.000000
175  6.064263 89.329796 31.613914  0.000000 -0.000001 1.570796
176  0.059884 2.255378 54.398018  0.000000 0.000000 0.000000
177  0.003490 -22.270647 -0.000001  1.570735 -0.000061 -1.570735
178  0.104009 14.792240 1.530320  0.000000 0.000000 0.000000
179  3.000520 -2.985217 1.029104  2.067399 -0.085866 -1.929635
180  -2.951611 25.811045 -3.742301  -0.096365 0.008023 -1.450340
181  -2.662413 1.445782 33.628738  0.000487 3.141104 1.570796
182  8.352070 2.772899 0.000540  -3.140902 0.000003 -0.000001
183  -2.662411 1.445787 40.667965  0.000487 3.141104 1.570796
184  8.352070 2.772899 0.000546  -3.140902 0.000003 -0.000001
185  -1.431359 16.384775 4.137810  0.000001 0.000000 0.000000
186  -0.001846 0.521683 -0.140287  0.000000 0.000000 0.000000
187  7.323104 -5.136196 -5.166237  -0.000000 0.000000 -0.610865
188  2.698276 -0.000005 -0.000002  -0.000012 0.000000 0.000000
189  2.834158 -0.000005 0.000002  0.000013 0.000000 -0.000000
190  2.648921 -0.000001 0.000003  -0.000001 -0.000001 0.000000
191  2.667500 -0.000002 -0.000002  -0.000000 -0.000000 0.000000
192  2.426702 -0.000003 -0.000000  0.000000 -0.000000 -0.000000
193  -0.494744 -44.353439 -1.302300  1.570797 -0.000000 -1.570797
194  11.545940 73.768410 -3.792006  0.000000 0.000000 0.000000
195  -0.011103 -16.902815 1.952048  0.000001 0.000000 0.000000
196  0.000001 -0.000002 -1.529051  -0.000000 -0.000000 0.000000
197  -0.078938 -0.000002 0.000000  0.000000 0.000001 1.570796
198  0.097096 -0.000001 0.000000  -0.000000 -3.141592 1.570796
199  0.000000 0.000000 -0.000000  0.000000 -0.000000 -0.000000
200  -11.264404 -18.169806 -15.625788  -0.528178 0.208707 -0.670179
201  14.429462 -33.020859 -18.243776  1.592419 -0.087671 -1.059982
time 1
0  0 0 0  0 0 0
1  0.000000 0.000000 0.000000  0.000000 -0.000000 -0.000000
2  -0.000000 -0.000000 -55.423229  0.000000 -0.000000 -1.570730
3  -0.012872 0.000000 8.235027  -0.784749 -1.570710 -0.785986
4  16.163124 -0.010663 0.007211  -0.594297 0.000409 -0.000125
5  16.163132 -0.000000 3.830524  -1.333359 -0.199015 -2.456806
6  14.868229 0.000001 0.000001  -0.819146 0.751742 -1.709314
7  26.391945 -0.000004 -0.000001  -0.000000 0.000000 -1.326963
8  -0.000003 0.000002 0.000002  -0.136340 -0.000000 -0.000000
9  3.093517 -0.000002 0.000002  -0.272765 -0.000000 -0.000000
10  6.187024 -0.000001 0.000003  -0.409110 -0.000000 -0.000000
11  9.280533 -0.000005 0.000003  -0.545513 -0.000000 -0.000000
12  12.374044 -0.000003 0.000004  -0.681919 -0.000000 -0.000000
13  15.467557 -0.000004 0.000003  -0.818255 -0.000000 -0.000000
14  18.561060 -0.000003 0.000003  -0.954697 -0.000000 -0.000000
15  21.654572 -0.000007 0.000005  -2.879280 -0.417933 0.773246
16  1.410072 0.800540 -2.089134  1.926816 0.229617 0.446891
17  3.954705 -0.000003 0.000003  0.032650 -0.305879 0.082888
18  3.101571 0.000001 0.000002  0.038488 -0.173200 0.020373
19  6.164464 -0.898148 2.575010  -0.464106 -0.015897 1.186542
20  2.805842 -0.000000 0.000001  -0.000000 -0.000000 0.521973
21  2.307439 0.000006 -0.000000  0.000000 0.000000 0.361287
22  7.145092 -0.676338 -1.382432  0.048305 -0.466031 0.179016
23  3.672215 0.000002 -0.000001  0.000000 0.000000 1.094786
24  2.676518 -0.000003 0.000000  -0.000000 0.000000 0.976405
25  6.831181 -0.870860 0.599913  -0.198432 -0.274957 0.706750
26  3.657078 0.000003 -0.000004  0.000000 0.000000 1.196110
27  2.496793 -0.000002 0.000001  -0.000000 -0.000000 0.510611
28  7.183347 -0.532075 -3.267604  0.092002 -0.569205 -0.163901
29  3.511585 0.000001 -0.000001  -0.000000 -0.000000 0.459239
30  2.199415 0.000001 0.000002  0.000000 -0.000000 0.877656
31  16.163136 0.000000 -3.830527  0.703564 0.858106 -2.571306
32  14.868248 0.000000 0.000001  -0.223316 -0.150519 -1.790925
33  26.391968 0.000001 0.000003  0.000000 0.000000 -1.706745
34  -0.000002 0.000004 -0.000002  0.128510 0.000000 -0.000000
35  3.093512 -0.000000 0.000002  0.257063 0.000000 0.000000
36  6.187021 0.000002 0.000003  0.385574 0.000000 0.000000
37  9.280534 0.000001 0.000000  0.514144 -0.000000 0.000000
38  12.374039 0.000003 0.000001  0.642675 -0.000000 -0.000000
39  15.467546 0.000003 0.000002  0.771189 -0.000000 -0.000000
40  18.561066 0.000003 0.000001  0.899762 0.000000 0.000000
41  21.654564 -0.000000 0.000002  2.652648 -0.553146 0.035400
42  1.410064 0.800529 2.089141  -1.966491 -0.287076 0.559263
43  3.954717 0.000001 0.000000  0.000000 -0.000000 0.375132
44  3.101564 -0.000004 -0.000001  -0.000000 0.000000 0.790793
45  7.183350 -0.532090 3.267617  0.052242 -0.011652 -0.158551
46  3.511588 -0.000003 0.000002  -0.000000 -0.000000 0.189253
47  2.199409 0.000002 -0.000001  -0.000000 -0.000000 -0.104054
48  7.145096 -0.676346 1.382433  0.255424 0.283825 0.886074
49  3.672210 -0.000001 -0.000000  -0.000000 -0.000000 1.435616
50  2.676522 -0.000002 -0.000000  0.000000 -0.000000 1.062915
51  6.831169 -0.870865 -0.599910  0.339890 0.115856 1.057859
52  3.657084 -0.000001 -0.000001  -0.000000 -0.000000 1.252193
53  2.496799 -0.000001 -0.000001  0.000000 0.000000 0.840195
54  6.164460 -0.898154 -2.575006  0.409526 -0.061317 1.152482
55  2.805843 0.000002 -0.000004  0.000000 -0.000000 0.666009
56  2.307451 0.000000 -0.000001  0.000000 -0.000000 0.844543
57  0.000000 0.000000 0.000000  0.000001 -0.000000 -0.000000
58  10.035152 -33.348579 -17.776642  0.168396 0.434550 0.858069
59  0.000005 -19.069481 4.681033  0.000000 -0.000000 0.000000
60  1.986526 0.000013 -3.123737  -2.705260 -0.000000 -1.570797
61  -1.986695 0.000010 -3.123747  0.436333 0.000001 1.570797
62  0.000000 -0.000004 0.000000  0.000000 -0.000000 0.000000
63  -1.530654 0.861415 -3.109959  0.392682 0.000010 1.570745
64  -11.344162 1.135891 0.869268  0.000328 -0.024963 -0.026314
65  1.907534 0.861413 -2.954429  -0.392858 -0.000004 1.570778
66  -11.350037 -0.729405 0.864871  0.000154 -0.025335 0.026430
67  1.754237 4.036752 -1.682669  0.392549 -0.010099 -1.546344
68  -1.755143 4.036755 -1.682669  -0.392547 -0.010382 -1.594901
69  -0.164558 5.734782 5.880445  0.000000 0.000000 -1.570730
70  1.203549 5.503722 4.339430  0.000000 -0.000000 0.000000
71  -1.260173 5.668900 5.788552  0.070161 -0.418898 2.970131
72  1.185470 17.272335 1.821941  0.000000 -0.000000 0.000000
73  0.060218 10.324434 74.469055  0.000000 -0.000000 0.000000
74  0.052671 -3.972626 3.515853  1.570735 -0.000061 -1.570735
75  4.804188 -3.856464 -0.006879  -0.000000 -0.000000 0.000000
76  -6.013983 -4.624460 -0.000001  0.000000 0.000000 -0.000000
77  -65.574089 -37.156048 0.002939  -0.786800 1.570710 0.783813
78  1.602684 -3.785213 0.003046  -0.786983 1.570710 0.784544
79  11.681377 -1.114741 -1.027846  -0.785520 1.570710 0.785764
80  19.766781 -3.800923 0.000000  -0.000000 0.000000 0.000000
81  3.258443 5.856955 -3.403524  -0.000000 -0.000000 -0.000000
82  15.153049 5.860581 -3.403522  -0.000000 -0.000000 0.000000
83  6.064259 77.294960 36.365799  1.570796 -0.000000 1.570796
84  -2.662413 1.445754 40.667957  -0.000000 3.141591 1.570796
85  8.352066 2.772895 0.000542  -3.141589 0.000002 -0.000000
86  6.064256 72.973701 32.593254  1.570796 -0.000000 1.570796
87  -0.113677 5.957332 -0.188890  0.000000 -0.000000 0.000000
88  0.097226 0.210963 3.469589  0.000000 -0.000000 0.000000
89  0.000001 1.310209 -0.000000  0.000000 -0.000000 0.000000
90  0.000001 0.582259 0.000001  0.000000 -0.000000 0.000000
91  0.036297 1.284878 7.928800  -0.000000 -0.000001 0.000000
92  -0.000000 1.310209 0.000001  0.000000 -0.000000 0.000000
93  0.000000 0.582258 0.000001  0.000000 -0.000000 0.000000
94  5.969321 3.427456 -6.170649  -0.000000 -0.000001 -1.570796
95  -1.310212 0.000002 0.000000  0.000000 -0.000000 -0.000000
96  -0.582261 0.000002 -0.000000  0.000000 0.000000 -0.000000
97  5.969323 9.397398 -6.170656  -0.000000 -0.000001 -1.570796
98  -1.310209 0.000001 -0.000001  0.000000 0.000001 -0.000000
99  -0.582257 -0.000000 -0.000000  0.000000 0.000000 -0.000000
100  5.969323 15.223768 -6.170669  0.000000 -0.000001 -1.570796
101  -1.310211 0.000002 0.000003  -0.000000 0.000000 -0.000000
102  -0.582261 0.000001 0.000002  -0.000000 0.000000 -0.000000
103  5.969324 20.835567 -6.170669  0.000000 -0.000001 -1.570796
104  -1.310211 0.000002 -0.000000  -0.000000 0.000000 -0.000000
105  -0.582260 0.000001 0.000001  -0.000000 0.000000 -0.000000
106  5.969325 26.771208 -6.170670  0.000000 -0.000001 -1.570796
107  5.969323 32.597595 -6.170672  0.000000 -0.000001 -1.570796
108  5.969326 38.209396 -6.170683  0.000000 -0.000001 -1.570800
109  5.969323 49.488464 -6.170682  0.000000 -0.000001 -1.570800
110  -0.539090 -0.556811 -0.017362  -0.042462 2.681156 1.551919
111  -6.799122 -0.556808 0.818553  -0.272420 2.701993 1.452460
112  -4.615281 -0.556824 0.270331  -0.117230 2.684609 1.518878
113  -2.650967 -0.556810 0.063012  -0.042463 2.681158 1.551919
114  27.110338 1.284857 12.007550  0.000000 -0.000000 0.000000
115  28.133427 1.284856 12.007547  0.000001 -0.000000 0.000000
116  12.812887 2.241784 12.007551  -0.000000 -0.000001 -0.000001
117  -9.955968 -0.319627 4.380216  -0.000001 -0.000000 -0.000001
118  -11.316472 -0.319625 4.380218  -0.000003 -0.000000 0.000000
119  -12.667811 -0.319626 4.380217  -0.000003 -0.000000 0.000001
120  -14.022141 -0.319625 4.380217  0.000010 -0.000000 -0.000011
121  -15.373238 -0.319623 4.380216  0.000015 -0.000000 -0.000015
122  -16.724142 -0.319625 4.380216  -0.000009 -0.000000 0.000006
123  -18.074572 -0.319623 4.380216  -0.000006 -0.000000 0.000004
124  -19.423717 -0.319623 4.380217  0.000002 0.000000 -0.000004
125  -20.775272 -0.319625 4.380216  0.000003 0.000000 -0.000004
126  -22.126669 -0.319623 4.380218  0.000003 -0.000000 -0.000004
127  -23.478125 -0.319623 4.380217  0.000005 -0.000000 -0.000006
128  -24.830620 -0.319620 4.380219  0.000036 0.000000 -0.000038
129  -26.182030 -0.319621 4.380216  -0.000011 -0.000000 0.000011
130  0.529180 -0.167132 0.629485  -0.101270 -0.000000 0.000000
131  -0.211443 -0.241686 0.155363  -0.145847 -0.000000 0.000000
132  0.529189 -0.280702 -0.110290  -0.145847 -0.000000 0.000000
133  -0.173928 -0.337330 -0.638494  -0.181751 -0.000000 0.000000
134  0.529192 -0.399247 -0.975392  -0.181751 -0.000000 0.000000
135  -0.211443 -0.464481 -1.431041  -0.192399 -0.000000 0.000000
136  0.529190 -0.515809 -1.694581  -0.192399 -0.000000 0.000000
137  -0.173927 -0.612153 -2.231910  -0.216703 -0.000000 0.000000
138  0.529188 -0.685809 -2.566437  -0.216703 -0.000000 0.000000
139  -0.211443 -0.769563 -3.027869  -0.237349 -0.000000 0.000000
140  0.529190 -0.832689 -3.288845  -0.237349 -0.000000 0.000000
141  -0.173936 -0.945284 -3.779563  -0.233859 0.000000 0.000000
142  0.529180 -1.024661 -4.112778  -0.233859 0.000000 0.000000
143  -0.211443 -1.132189 -4.577545  -0.262919 -0.000000 0.000000
144  0.529190 -1.201966 -4.836822  -0.262919 0.000000 0.000000
145  -0.000006 -2.810946 -10.636629  0.258454 0.000000 3.141592
146  -0.192456 -1.345782 -5.370043  -0.280373 0.000000 0.000000
147  0.533985 -1.413515 -5.605103  -0.276883 0.000000 0.000000
148  -0.206619 -1.795764 -6.909778  -0.287354 0.000000 0.000000
149  -0.205805 -1.564820 -6.138253  -0.290843 0.000000 0.000000
150  0.530461 -1.643678 -6.395214  -0.290844 0.000000 0.000000
151  0.535313 -1.790711 -7.204132  -0.287354 -0.000000 0.000000
152  -0.202704 -2.030489 -7.702830  -0.286180 -0.000000 0.000000
153  0.509550 -2.118897 -8.011622  -0.298398 -0.000000 0.000000
154  -0.202704 -2.255280 -8.465168  -0.283134 -0.000000 0.000000
155  0.509549 -2.352981 -8.771155  -0.295352 -0.000000 0.000000
156  -0.202704 -2.481599 -9.235469  -0.285437 -0.000000 0.000000
157  0.509547 -2.588687 -9.538637  -0.297654 -0.000000 0.000000
158  0.170125 -21.222095 -1.001136  -0.000001 -0.000001 0.000000
159  0.170124 -20.843868 -0.397181  -0.000001 -0.000001 0.000000
160  0.170122 -20.489752 -1.001140  -0.000001 -0.000001 0.000000
161  0.170125 -20.111074 -0.397181  -0.000001 -0.000001 0.000000
162  0.170125 -19.380093 -0.397184  -0.000001 -0.000001 0.000000
163  0.170123 -19.025112 -1.001143  -0.000001 -0.000001 0.000000
164  0.170121 -18.646666 -0.396446  -0.000001 -0.000001 0.000000
165  0.170126 -19.755762 -1.001141  -0.000001 -0.000001 0.000000
166  -0.015972 10.035403 1.098091  0.000000 -0.000000 0.000000
167  -0.104327 -52.163586 4.437344  1.570735 -0.000061 -1.570735
168  0.064655 27.351345 72.195206  0.000000 -0.000000 0.000000
169  6.064255 95.114029 31.645500  0.000000 -0.000001 1.570796
170  -0.103714 -26.907869 3.305356  0.000000 0.000000 -1.570730
171  6.064255 69.096558 37.164318  1.570796 -0.000000 1.570796
172  1.974301 11.989232 4.589251  0.000000 -0.000000 0.000000
173  1.941735 0.883628 4.309756  0.000000 -0.000000 -1.483524
174  -0.115678 1.104776 6.744192  0.000000 -0.000000 0.000000
175  6.064263 89.329811 31.613918  0.000000 -0.000001 1.570796
176  0.059884 2.255380 54.398022  0.000000 -0.000000 0.000000
177  0.003500 -22.270653 -0.000003  1.570735 -0.000061 -1.570735
178  0.104010 14.792243 1.530320  0.000000 -0.000000 0.000000
179  3.000522 -2.985221 1.029101  2.067399 -0.085866 -1.929634
180  -2.951611 25.811052 -3.742302  -0.096365 0.008023 -1.450340
181  -2.662416 1.445784 33.628742  0.000487 3.141104 1.570796
182  8.352069 2.772899 0.000540  -3.140902 0.000003 -0.000001
183  -2.662411 1.445789 40.667973  0.000487 3.141104 1.570796
184  8.352065 2.772895 0.000542  -3.140902 0.000003 -0.000001
185  -1.431355 16.384781 4.137812  0.000001 -0.000000 0.000000
186  -0.001844 0.521683 -0.140288  0.000000 -0.000000 0.000000
187  7.323107 -5.136192 -5.166237  -0.000000 0.000000 -0.610865
188  2.698275 -0.000003 0.000000  -0.000012 0.000000 0.000000
189  2.834159 0.000002 0.000000  0.000013 0.000000 -0.000000
190  2.648918 -0.000000 -0.000001  -0.000001 -0.000001 0.000000
191  2.667498 -0.000002 -0.000001  0.000000 -0.000000 0.000000
192  2.426703 -0.000003 -0.000001  0.000000 -0.000000 -0.000000
193  -0.494745 -44.353451 -1.302301  1.570797 0.000000 -1.570797
194  11.545935 73.768425 -3.792010  0.000000 -0.000000 0.000000
195  -0.011101 -16.902815 1.952047  0.000001 -0.000000 0.000000
196  -0.000001 -0.000000 -1.529053  -0.000000 0.000000 -0.000000
197  -0.078946 0.000001 -0.000003  0.000000 0.000001 1.570796
198  0.097092 -0.000000 -0.000003  -0.000000 -3.141592 1.570796
199  0.000000 0.000000 -0.000000  0.000000 -0.000000 -0.000000
200  -11.264404 -18.124361 -15.956410  -0.517388 0.210205 -0.676172
201  14.315590 -33.164330 -18.573956  1.601665 -0.082186 -1.069008
time 2
0  0 0 0  0 0 0
1  0.000000 0.000000 0.000000  0.000000 -0.000000 -0.000000
2  -0.000000 -0.000000 -55.423229  0.000000 -0.000000 -1.570730
3  -0.012872 0.000000 8.235027  -0.784749 -1.570710 -0.785986
4  16.163124 -0.010663 0.007211  -0.594297 0.000409 -0.000125
5  16.163132 -0.000000 3.830524  -1.333359 -0.199015 -2.456806
6  14.868229 0.000001 0.000001  -0.814547 0.757981 -1.703690
7  26.391945 -0.000004 -0.000000  -0.000000 0.000000 -1.322551
8  0.000001 0.000004 -0.000001  -0.137074 -0.000000 -0.000000
9  3.093514 0.000003 0.000000  -0.274182 -0.000000 -0.000000
10  6.187025 0.000002 -0.000000  -0.411229 -0.000000 -0.000000
11  9.280537 0.000003 0.000000  -0.548365 -0.000000 -0.000000
12  12.374047 0.000001 0.000000  -0.685417 -0.000000 -0.000000
13  15.467560 0.000003 0.000001  -0.822514 -0.000000 -0.000000
14  18.561058 -0.000002 0.000001  -0.959648 -0.000000 -0.000000
15  21.654573 -0.000002 0.000001  -2.881377 -0.412138 0.771718
16  1.410070 0.800540 -2.089132  1.926816 0.229617 0.446891
17  3.954709 0.000000 0.000004  0.032650 -0.305879 0.082888
18  3.101571 0.000001 0.000003  0.038488 -0.173200 0.020373
19  6.164463 -0.898149 2.575012  -0.464106 -0.015897 1.186542
20  2.805844 0.000001 0.000001  -0.000000 -0.000000 0.521973
21  2.307440 0.000001 0.000002  0.000000 -0.000000 0.361287
22  7.145094 -0.676339 -1.382428  0.048305 -0.466031 0.179016
23  3.672217 0.000000 -0.000002  0.000000 0.000000 1.094786
24  2.676517 0.000002 0.000004  0.000000 0.000000 0.976405
25  6.831181 -0.870861 0.599916  -0.198432 -0.274957 0.706750
26  3.657078 0.000003 -0.000003  0.000000 0.000000 1.196110
27  2.496793 0.000005 0.000002  -0.000000 -0.000000 0.510610
28  7.183352 -0.532078 -3.267605  0.092002 -0.569205 -0.163901
29  3.511584 0.000002 0.000000  -0.000000 -0.000000 0.459239
30  2.199417 0.000003 -0.000001  0.000000 0.000000 0.877656
31  16.163136 0.000000 -3.830527  0.703564 0.858106 -2.571306
32  14.868248 0.000000 0.000001  -0.227019 -0.153347 -1.787533
33  26.391968 -0.000001 0.000000  0.000000 0.000000 -1.712697
34  -0.000004 0.000000 -0.000004  0.129000 0.000000 -0.000000
35  3.093513 -0.000003 -0.000002  0.258048 -0.000000 0.000000
36  6.187019 -0.000001 0.000000  0.387067 0.000000 0.000000
37  9.280535 -0.000001 -0.000002  0.516100 -0.000000 0.000000
38  12.374041 -0.000001 -0.000000  0.645185 -0.000000 -0.000000
39  15.467551 -0.000001 -0.000003  0.774221 -0.000000 -0.000000
40  18.561066 -0.000002 0.000000  0.903220 0.000000 0.000000
41  21.654566 -0.000001 -0.000002  2.650847 -0.556260 0.049849
42  1.410062 0.800530 2.089142  -1.966491 -0.287076 0.559263
43  3.954715 0.000001 -0.000000  0.000000 -0.000000 0.375132
44  3.101564 -0.000003 -0.000002  0.000000 0.000000 0.790793
45  7.183347 -0.532089 3.267620  0.052242 -0.011652 -0.158551
46  3.511588 -0.000001 -0.000000  0.000000 -0.000000 0.189253
47  2.199409 0.000001 0.000001  0.000000 0.000000 -0.104054
48  7.145093 -0.676347 1.382435  0.255424 0.283825 0.886075
49  3.672210 -0.000003 0.000002  -0.000000 -0.000000 1.435616
50  2.676522 -0.000000 0.000001  -0.000000 0.000000 1.062915
51  6.831166 -0.870865 -0.599907  0.339890 0.115857 1.057859
52  3.657084 -0.000000 0.000003  -0.000000 -0.000000 1.252193
53  2.496799 -0.000002 -0.000000  0.000000 0.000000 0.840195
54  6.164458 -0.898155 -2.575004  0.409526 -0.061316 1.152482
55  2.805844 0.000001 -0.000001  -0.000000 -0.000000 0.666009
56  2.307450 -0.000001 -0.000000  0.000000 -0.000000 0.844543
57  0.000000 0.000000 0.000000  0.000001 -0.000000 -0.000000
58  9.930105 -33.456535 -18.087967  0.174984 0.429267 0.851881
59  -0.000002 -19.069485 4.681036  -0.000000 0.000000 -0.000000
60  1.986524 0.000015 -3.123734  -2.705260 -0.000000 -1.570797
61  -1.986696 0.000013 -3.123742  0.436333 0.000001 1.570797
62  -0.000001 -0.000004 0.000003  -0.000000 0.000000 -0.000000
63  -1.530662 0.861415 -3.109957  0.392682 0.000010 1.570745
64  -11.344162 1.135889 0.869268  0.000328 -0.024963 -0.026314
65  1.907528 0.861411 -2.954427  -0.392858 -0.000004 1.570778
66  -11.350048 -0.729405 0.864871  0.000154 -0.025335 0.026430
67  1.754234 4.036756 -1.682665  0.392549 -0.010099 -1.546344
68  -1.755147 4.036755 -1.682666  -0.392547 -0.010382 -1.594901
69  -0.164557 5.734781 5.880445  0.000000 -0.000000 -1.570730
70  1.203548 5.503722 4.339431  -0.000000 0.000000 -0.000000
71  -1.260172 5.668900 5.788554  0.070161 -0.418898 2.970131
72  1.185470 17.272331 1.821942  -0.000000 0.000000 -0.000000
73  0.060222 10.324429 74.469048  -0.000000 0.000000 -0.000000
74  0.052673 -3.972629 3.515850  1.570735 -0.000061 -1.570735
75  4.804187 -3.856465 -0.006877  -0.000000 -0.000000 -0.000000
76  -6.013981 -4.624457 0.000000  -0.000000 0.000000 -0.000000
77  -65.574089 -37.156044 0.002936  -0.786801 1.570710 0.783874
78  1.602687 -3.785213 0.003046  -0.786740 1.570710 0.784666
79  11.681377 -1.114739 -1.027846  -0.785947 1.570710 0.786191
80  19.766781 -3.800923 -0.000001  -0.000000 0.000000 0.000000
81  3.258443 5.856954 -3.403523  -0.000000 -0.000000 -0.000000
82  15.153053 5.860580 -3.403519  -0.000000 -0.000000 0.000000
83  6.064255 77.294952 36.365791  1.570796 0.000000 1.570796
84  -2.662412 1.445752 40.667957  0.000000 3.141591 1.570796
85  8.352063 2.772895 0.000540  -3.141589 0.000002 -0.000000
86  6.064258 72.973694 32.593246  1.570796 0.000000 1.570796
87  -0.113678 5.957339 -0.188890  -0.000000 0.000000 -0.000000
88  0.097224 0.210959 3.469586  -0.000000 0.000000 -0.000000
89  0.000000 1.310208 0.000002  0.000000 0.000000 0.000000
90  -0.000000 0.582258 0.000001  0.000000 0.000000 0.000000
91  0.036296 1.284877 7.928798  -0.000000 -0.000001 0.000000
92  0.000000 1.310210 0.000002  0.000000 0.000000 0.000000
93  0.000000 0.582257 0.000001  0.000000 0.000000 0.000000
94  5.969322 3.427454 -6.170651  -0.000000 -0.000001 -1.570797
95  -1.310210 -0.000002 0.000001  0.000000 -0.000000 -0.000000
96  -0.582260 -0.000003 0.000002  0.000000 0.000000 -0.000000
97  5.969320 9.397394 -6.170659  -0.000000 -0.000001 -1.570796
98  -1.310211 -0.000001 0.000002  0.000000 0.000000 -0.000000
99  -0.582261 -0.000000 0.000001  0.000000 0.000000 -0.000000
100  5.969319 15.223763 -6.170671  -0.000000 -0.000001 -1.570796
101  -1.310210 0.000002 -0.000001  -0.000000 0.000001 -0.000000
102  -0.582260 0.000001 -0.000002  -0.000000 0.000001 -0.000000
103  5.969322 20.835564 -6.170671  -0.000000 -0.000001 -1.570796
104  -1.310211 0.000001 0.000001  -0.000000 0.000001 -0.000000
105  -0.582261 0.000000 0.000004  -0.000000 0.000001 -0.000000
106  5.969322 26.771204 -6.170673  -0.000000 -0.000001 -1.570796
107  5.969320 32.597591 -6.170675  -0.000000 -0.000001 -1.570796
108  5.969322 38.209393 -6.170687  0.000000 -0.000001 -1.570800
109  5.969319 49.488461 -6.170686  0.000000 -0.000001 -1.570800
110  -0.539091 -0.556812 -0.017363  -0.042462 2.681156 1.551919
111  -6.799125 -0.556810 0.818549  -0.272420 2.701993 1.452460
112  -4.615283 -0.556825 0.270329  -0.117230 2.684609 1.518878
113  -2.650972 -0.556811 0.063011  -0.042463 2.681158 1.551919
114  27.110334 1.284852 12.007545  -0.000000 -0.000000 0.000000
115  28.133421 1.284852 12.007545  0.000001 -0.000000 0.000000
116  12.812883 2.241781 12.007548  0.000000 -0.000001 -0.000001
117  -9.955970 -0.319628 4.380213  -0.000001 -0.000000 -0.000001
118  -11.316475 -0.319628 4.380216  -0.000003 -0.000000 -0.000000
119  -12.667811 -0.319626 4.380214  -0.000003 -0.000000 0.000001
120  -14.022142 -0.319628 4.380214  0.000009 -0.000000 -0.000011
121  -15.373241 -0.319627 4.380213  0.000015 -0.000000 -0.000015
122  -16.724144 -0.319625 4.380213  -0.000009 -0.000000 0.000006
123  -18.074574 -0.319626 4.380213  -0.000006 0.000000 0.000004
124  -19.423716 -0.319624 4.380214  0.000002 0.000000 -0.000004
125  -20.775272 -0.319624 4.380213  0.000003 0.000000 -0.000004
126  -22.126671 -0.319624 4.380214  0.000003 -0.000000 -0.000004
127  -23.478121 -0.319622 4.380215  0.000005 -0.000000 -0.000006
128  -24.830622 -0.319623 4.380213  0.000036 -0.000000 -0.000038
129  -26.182028 -0.319621 4.380215  -0.000011 -0.000000 0.000011
130  0.529176 -0.167133 0.629484  -0.101270 -0.000000 0.000000
131  -0.211445 -0.241688 0.155361  -0.145847 -0.000000 0.000000
132  0.529187 -0.280704 -0.110292  -0.145847 -0.000000 -0.000000
133  -0.173930 -0.337329 -0.638495  -0.181751 -0.000000 0.000000
134  0.529188 -0.399251 -0.975395  -0.181751 -0.000000 0.000000
135  -0.211447 -0.464481 -1.431041  -0.192399 -0.000000 0.000000
136  0.529186 -0.515812 -1.694581  -0.192399 -0.000000 0.000000
137  -0.173931 -0.612155 -2.231910  -0.216703 -0.000000 0.000000
138  0.529186 -0.685810 -2.566439  -0.216703 -0.000000 -0.000000
139  -0.211446 -0.769564 -3.027870  -0.237349 -0.000000 0.000000
140  0.529186 -0.832692 -3.288848  -0.237349 -0.000000 -0.000000
141  -0.173939 -0.945285 -3.779564  -0.233859 0.000000 0.000000
142  0.529176 -1.024661 -4.112780  -0.233859 0.000000 0.000000
143  -0.211445 -1.132189 -4.577546  -0.262919 -0.000000 0.000000
144  0.529188 -1.201968 -4.836824  -0.262919 0.000000 0.000000
145  -0.000006 -2.810946 -10.636628  0.258454 0.000000 3.141592
146  -0.192456 -1.345782 -5.370044  -0.280373 0.000000 0.000000
147  0.533980 -1.413517 -5.605104  -0.276883 0.000000 0.000000
148  -0.206620 -1.795763 -6.909778  -0.287354 0.000000 0.000000
149  -0.205807 -1.564824 -6.138257  -0.290843 0.000000 0.000000
150  0.530458 -1.643680 -6.395214  -0.290844 0.000000 0.000000
151  0.535310 -1.790713 -7.204132  -0.287354 -0.000000 0.000000
152  -0.202705 -2.030489 -7.702829  -0.286180 -0.000000 0.000000
153  0.509545 -2.118899 -8.011624  -0.298398 -0.000000 0.000000
154  -0.202705 -2.255282 -8.465170  -0.283134 -0.000000 0.000000
155  0.509547 -2.352984 -8.771160  -0.295352 -0.000000 0.000000
156  -0.202706 -2.481600 -9.235470  -0.285437 -0.000000 0.000000
157  0.509542 -2.588689 -9.538636  -0.297654 -0.000000 0.000000
158  0.170118 -21.222099 -1.001138  -0.000001 -0.000001 0.000000
159  0.170120 -20.843870 -0.397184  -0.000001 -0.000001 0.000000
160  0.170122 -20.489750 -1.001141  -0.000001 -0.000001 0.000000
161  0.170122 -20.111073 -0.397184  -0.000001 -0.000001 0.000000
162  0.170120 -19.380095 -0.397185  -0.000001 -0.000001 0.000000
163  0.170121 -19.025112 -1.001146  -0.000001 -0.000001 0.000000
164  0.170120 -18.646664 -0.396447  -0.000001 -0.000001 0.000000
165  0.170122 -19.755762 -1.001140  -0.000001 -0.000001 0.000000
166  -0.015973 10.035400 1.098091  -0.000000 0.000000 -0.000000
167  -0.104325 -52.163570 4.437348  1.570735 -0.000061 -1.570735
168  0.064658 27.351341 72.195198  -0.000000 0.000000 -0.000000
169  6.064267 95.114006 31.645500  0.000000 -0.000001 1.570796
170  -0.103719 -26.907866 3.305357  0.000000 -0.000000 -1.570730
171  6.064259 69.096550 37.164314  1.570796 0.000000 1.570796
172  1.974302 11.989231 4.589252  0.000000 0.000000 -0.000000
173  1.941736 0.883626 4.309757  -0.000000 -0.000000 -1.483525
174  -0.115676 1.104775 6.744193  -0.000000 0.000000 -0.000000
175  6.064264 89.329803 31.613914  0.000000 -0.000001 1.570796
176  0.059883 2.255378 54.398018  -0.000000 0.000000 -0.000000
177  0.003495 -22.270651 -0.000006  1.570735 -0.000061 -1.570735
178  0.104009 14.792239 1.530322  -0.000000 0.000000 -0.000000
179  3.000524 -2.985221 1.029101  2.067399 -0.085866 -1.929635
180  -2.951612 25.811049 -3.742299  -0.096365 0.008023 -1.450340
181  -2.662413 1.445782 33.628742  0.000487 3.141104 1.570796
182  8.352066 2.772900 0.000538  -3.140902 0.000003 -0.000001
183  -2.662410 1.445787 40.667969  0.000487 3.141104 1.570796
184  8.352068 2.772899 0.000543  -3.140902 0.000003 -0.000001
185  -1.431357 16.384777 4.137813  0.000001 -0.000000 0.000000
186  -0.001844 0.521681 -0.140287  0.000000 0.000000 -0.000000
187  7.323109 -5.136191 -5.166235  -0.000000 0.000000 -0.610865
188  2.698277 -0.000006 -0.000002  -0.000012 0.000000 0.000000
189  2.834162 -0.000002 0.000001  0.000013 0.000000 0.000000
190  2.648919 0.000000 0.000000  -0.000001 -0.000001 0.000000
191  2.667502 -0.000006 0.000000  0.000000 -0.000000 0.000000
192  2.426702 -0.000001 0.000000  0.000000 0.000000 -0.000000
193  -0.494745 -44.353451 -1.302296  1.570797 -0.000000 -1.570797
194  11.545938 73.768417 -3.792008  0.000000 0.000000 -0.000000
195  -0.011103 -16.902815 1.952049  0.000001 0.000000 -0.000000
196  -0.000002 -0.000007 -1.529050  -0.000000 0.000000 -0.000000
197  -0.078940 -0.000004 0.000000  0.000000 0.000001 1.570796
198  0.097093 -0.000004 -0.000002  -0.000000 -3.141592 1.570796
199  0.000000 0.000000 -0.000000  0.000000 -0.000000 -0.000000
200  -11.231016 -18.054998 -16.124434  -0.511787 0.215982 -0.683984
201  14.211206 -33.302277 -18.887789  1.604503 -0.074781 -1.078150
time 3
0  0 0 0  0 0 0
1  0.000000 0.000000 0.000000  0.000000 -0.000000 -0.000000
2  -0.000000 -0.000000 -55.423229  0.000000 -0.000000 -1.570730
3  -0.012872 0.000000 8.235027  -0.784749 -1.570710 -0.785986
4  16.163124 -0.010663 0.007211  -0.594297 0.000409 -0.000125
5  16.163132 -0.000000 3.830524  -1.333359 -0.199015 -2.456806
6  14.868229 0.000001 0.000001  -0.810692 0.764009 -1.700477
7  26.391943 -0.000001 -0.000001  -0.000000 0.000000 -1.315214
8  -0.000001 0.000007 0.000001  -0.139093 -0.000000 -0.000000
9  3.093518 0.000005 0.000001  -0.278249 -0.000000 -0.000000
10  6.187026 0.000001 0.000001  -0.417342 -0.000000 -0.000000
11  9.280539 0.000003 0.000002  -0.556486 0.000000 -0.000000
12  12.374048 0.000002 0.000003  -0.695601 -0.000000 -0.000000
13  15.467560 0.000001 0.000001  -0.834716 -0.000000 -0.000000
14  18.561062 0.000002 0.000002  -0.973849 -0.000000 -0.000000
15  21.654575 -0.000003 0.000002  -2.903678 -0.411804 0.761812
16  1.410068 0.800538 -2.089133  1.926816 0.229617 0.446891
17  3.954709 -0.000002 0.000005  0.032650 -0.305879 0.082888
18  3.101571 0.000003 0.000001  0.038488 -0.173200 0.020373
19  6.164456 -0.898147 2.575009  -0.464106 -0.015897 1.186542
20  2.805844 -0.000002 0.000000  -0.000000 -0.000000 0.521973
21  2.307441 0.000004 -0.000000  0.000000 0.000000 0.361287
22  7.145091 -0.676338 -1.382427  0.048305 -0.466031 0.179016
23  3.672223 -0.000002 -0.000003  0.000000 0.000000 1.094786
24  2.676519 -0.000005 0.000001  0.000000 0.000000 0.976405
25  6.831175 -0.870863 0.599916  -0.198432 -0.274957 0.706750
26  3.657079 0.000003 -0.000003  0.000000 0.000000 1.196110
27  2.496793 -0.000004 0.000000  -0.000000 -0.000000 0.510611
28  7.183349 -0.532078 -3.267603  0.092002 -0.569205 -0.163901
29  3.511592 0.000005 0.000003  -0.000000 -0.000000 0.459239
30  2.199414 0.000005 0.000001  0.000000 -0.000000 0.877656
31  16.163136 0.000000 -3.830527  0.703564 0.858106 -2.571306
32  14.868248 0.000000 0.000001  -0.225247 -0.151884 -1.788737
33  26.391966 0.000003 0.000003  0.000000 0.000000 -1.710742
34  0.000001 -0.000001 -0.000000  0.126370 0.000000 -0.000000
35  3.093514 -0.000002 0.000000  0.252755 0.000000 0.000000
36  6.187022 -0.000001 -0.000001  0.379171 0.000000 0.000000
37  9.280535 0.000000 0.000000  0.505565 -0.000000 0.000000
38  12.374040 -0.000000 -0.000000  0.631942 -0.000000 -0.000000
39  15.467551 -0.000001 -0.000000  0.758360 -0.000000 0.000000
40  18.561066 -0.000000 0.000001  0.884742 0.000000 0.000000
41  21.654568 0.000000 0.000003  2.630438 -0.567922 0.058612
42  1.410067 0.800528 2.089142  -1.966491 -0.287076 0.559263
43  3.954715 -0.000003 -0.000001  0.000000 -0.000000 0.375132
44  3.101565 0.000000 -0.000003  -0.000000 0.000000 0.790793
45  7.183352 -0.532092 3.267618  0.052242 -0.011652 -0.158551
46  3.511587 0.000001 0.000001  -0.000000 0.000000 0.189253
47  2.199410 -0.000001 0.000001  0.000000 0.000000 -0.104054
48  7.145098 -0.676347 1.382434  0.255424 0.283825 0.886075
49  3.672212 -0.000001 0.000001  -0.000000 -0.000000 1.435616
50  2.676520 -0.000001 0.000000  0.000000 0.000000 1.062915
51  6.831170 -0.870867 -0.599911  0.339890 0.115856 1.057859
52  3.657081 -0.000001 -0.000000  -0.000000 -0.000000 1.252193
53  2.496799 -0.000001 0.000001  0.000000 0.000000 0.840195
54  6.164461 -0.898154 -2.575005  0.409526 -0.061316 1.152482
55  2.805843 0.000000 0.000003  0.000000 0.000000 0.666009
56  2.307451 0.000002 0.000002  -0.000000 0.000000 0.844543
57  0.000000 0.000000 0.000000  0.000001 -0.000000 -0.000000
58  9.786860 -33.606354 -18.298710  0.185459 0.447844 0.850765
59  0.000005 -19.069475 4.681033  -0.000000 0.000000 0.000000
60  1.986528 0.000019 -3.123738  -2.705260 -0.000000 -1.570797
61  -1.986689 0.000020 -3.123745  0.436333 0.000001 1.570797
62  0.000004 0.000001 0.000000  -0.000000 0.000000 0.000000
63  -1.530656 0.861423 -3.109960  0.392682 0.000010 1.570745
64  -11.344168 1.135890 0.869264  0.000328 -0.024963 -0.026314
65  1.907537 0.861419 -2.954426  -0.392858 -0.000004 1.570778
66  -11.350043 -0.729405 0.864869  0.000154 -0.025335 0.026430
67  1.754238 4.036759 -1.682669  0.392549 -0.010099 -1.546344
68  -1.755142 4.036762 -1.682669  -0.392547 -0.010382 -1.594901
69  -0.164554 5.734786 5.880445  -0.000000 -0.000000 -1.570730
70  1.203549 5.503726 4.339432  -0.000000 0.000000 0.000000
71  -1.260170 5.668901 5.788552  0.070161 -0.418898 2.970131
72  1.185471 17.272335 1.821941  -0.000000 0.000000 0.000000
73  0.060218 10.324437 74.469063  -0.000000 0.000000 0.000000
74  0.052670 -3.972625 3.515851  1.570735 -0.000061 -1.570735
75  4.804192 -3.856466 -0.006876  -0.000000 -0.000000 -0.000000
76  -6.013979 -4.624460 0.000001  0.000000 0.000000 -0.000000
77  -65.574089 -37.156044 0.002937  -0.787409 1.570710 0.783570
78  1.602688 -3.785213 0.003049  -0.787227 1.570710 0.783570
79  11.681377 -1.114743 -1.027844  -0.785642 1.570710 0.785093
80  19.766785 -3.800922 0.000003  -0.000000 0.000000 0.000000
81  3.258444 5.856956 -3.403524  -0.000000 -0.000000 -0.000000
82  15.153053 5.860583 -3.403521  -0.000000 -0.000000 0.000000
83  6.064258 77.294960 36.365795  1.570796 0.000000 1.570797
84  -2.662412 1.445759 40.667961  0.000000 3.141591 1.570796
85  8.352062 2.772895 0.000541  -3.141589 0.000002 0.000000
86  6.064259 72.973701 32.593250  1.570796 0.000000 1.570797
87  -0.113674 5.957335 -0.188890  -0.000000 0.000000 0.000000
88  0.097228 0.210961 3.469586  -0.000000 0.000000 0.000000
89  0.000004 1.310211 0.000001  0.000000 0.000000 0.000000
90  0.000004 0.582259 0.000000  0.000000 0.000000 0.000000
91  0.036299 1.284877 7.928799  -0.000000 -0.000001 0.000000
92  0.000002 1.310210 -0.000000  0.000000 -0.000000 0.000000
93  0.000002 0.582257 0.000000  0.000000 -0.000000 0.000000
94  5.969325 3.427458 -6.170651  -0.000000 -0.000001 -1.570796
95  -1.310211 -0.000000 0.000001  0.000000 -0.000000 -0.000000
96  -0.582262 -0.000001 0.000002  0.000000 0.000000 -0.000000
97  5.969325 9.397398 -6.170659  -0.000000 -0.000001 -1.570796
98  -1.310212 0.000000 0.000002  0.000000 0.000000 -0.000000
99  -0.582261 0.000000 0.000001  0.000000 0.000000 -0.000000
100  5.969324 15.223768 -6.170670  -0.000000 -0.000001 -1.570796
101  -1.310210 0.000003 -0.000001  -0.000000 0.000000 -0.000000
102  -0.582260 0.000001 -0.000000  -0.000000 0.000000 -0.000000
103  5.969326 20.835569 -6.170670  -0.000000 -0.000001 -1.570796
104  -1.310210 0.000002 0.000002  -0.000000 0.000000 -0.000000
105  -0.582260 0.000001 0.000003  -0.000000 0.000000 -0.000000
106  5.969324 26.771206 -6.170671  -0.000000 -0.000001 -1.570796
107  5.969324 32.597591 -6.170674  -0.000000 -0.000001 -1.570796
108  5.969325 38.209396 -6.170687  0.000000 -0.000001 -1.570800
109  5.969323 49.488461 -6.170684  0.000000 -0.000001 -1.570800
110  -0.539089 -0.556812 -0.017363  -0.042462 2.681156 1.551919
111  -6.799124 -0.556809 0.818550  -0.272420 2.701993 1.452460
112  -4.615282 -0.556826 0.270328  -0.117230 2.684609 1.518878
113  -2.650967 -0.556810 0.063010  -0.042463 2.681158 1.551919
114  27.110338 1.284854 12.007548  -0.000000 -0.000000 -0.000000
115  28.133425 1.284854 12.007546  0.000001 -0.000000 -0.000000
116  12.812887 2.241783 12.007550  -0.000000 -0.000001 -0.000001
117  -9.955965 -0.319624 4.380216  -0.000001 -0.000000 -0.000001
118  -11.316473 -0.319625 4.380215  -0.000003 -0.000000 -0.000000
119  -12.667808 -0.319623 4.380214  -0.000003 -0.000000 0.000001
120  -14.022138 -0.319624 4.380215  0.000010 -0.000000 -0.000012
121  -15.373239 -0.319624 4.380214  0.000015 -0.000000 -0.000015
122  -16.724140 -0.319623 4.380215  -0.000009 -0.000000 0.000006
123  -18.074572 -0.319623 4.380215  -0.000006 0.000000 0.000004
124  -19.423712 -0.319622 4.380215  0.000002 0.000000 -0.000004
125  -20.775270 -0.319622 4.380214  0.000003 0.000000 -0.000004
126  -22.126671 -0.319623 4.380216  0.000003 -0.000000 -0.000004
127  -23.478119 -0.319620 4.380216  0.000005 -0.000000 -0.000006
128  -24.830620 -0.319624 4.380215  0.000036 -0.000000 -0.000038
129  -26.182026 -0.319618 4.380216  -0.000011 -0.000000 0.000011
130  0.529181 -0.167132 0.629484  -0.101270 -0.000000 0.000000
131  -0.211441 -0.241687 0.155362  -0.145847 -0.000000 0.000000
132  0.529193 -0.280704 -0.110294  -0.145847 -0.000000 -0.000000
133  -0.173926 -0.337329 -0.638496  -0.181751 -0.000000 0.000000
134  0.529191 -0.399247 -0.975393  -0.181751 -0.000000 0.000000
135  -0.211444 -0.464481 -1.431041  -0.192399 -0.000000 0.000000
136  0.529189 -0.515811 -1.694581  -0.192400 -0.000000 0.000000
137  -0.173927 -0.612153 -2.231910  -0.216703 -0.000000 0.000000
138  0.529189 -0.685808 -2.566438  -0.216704 -0.000000 -0.000000
139  -0.211443 -0.769563 -3.027870  -0.237349 -0.000000 0.000000
140  0.529189 -0.832688 -3.288846  -0.237349 -0.000000 -0.000000
141  -0.173934 -0.945283 -3.779563  -0.233859 0.000000 0.000000
142  0.529181 -1.024661 -4.112780  -0.233859 0.000000 0.000000
143  -0.211442 -1.132189 -4.577546  -0.262919 -0.000000 0.000000
144  0.529193 -1.201967 -4.836827  -0.262919 0.000000 0.000000
145  -0.000003 -2.810944 -10.636632  0.258454 0.000000 3.141592
146  -0.192453 -1.345782 -5.370047  -0.280373 0.000000 0.000000
147  0.533986 -1.413515 -5.605104  -0.276883 0.000000 0.000000
148  -0.206615 -1.795763 -6.909779  -0.287354 0.000000 0.000000
149  -0.205802 -1.564819 -6.138257  -0.290843 0.000000 0.000000
150  0.530461 -1.643678 -6.395215  -0.290844 0.000000 0.000000
151  0.535313 -1.790712 -7.204133  -0.287354 -0.000000 0.000000
152  -0.202702 -2.030489 -7.702829  -0.286180 -0.000000 0.000000
153  0.509550 -2.118898 -8.011624  -0.298398 -0.000000 0.000000
154  -0.202700 -2.255280 -8.465172  -0.283134 -0.000000 0.000000
155  0.509549 -2.352985 -8.771160  -0.295352 -0.000000 0.000000
156  -0.202701 -2.481599 -9.235473  -0.285437 -0.000000 0.000000
157  0.509547 -2.588686 -9.538637  -0.297654 -0.000000 0.000000
158  0.170124 -21.222094 -1.001140  -0.000001 -0.000001 0.000000
159  0.170125 -20.843868 -0.397182  -0.000001 -0.000001 0.000000
160  0.170125 -20.489748 -1.001140  -0.000001 -0.000001 0.000000
161  0.170127 -20.111073 -0.397183  -0.000001 -0.000001 0.000000
162  0.170125 -19.380089 -0.397186  -0.000001 -0.000001 0.000000
163  0.170127 -19.025108 -1.001144  -0.000001 -0.000001 0.000000
164  0.170125 -18.646662 -0.396446  -0.000001 -0.000001 0.000000
165  0.170126 -19.755760 -1.001142  -0.000001 -0.000001 0.000000
166  -0.015971 10.035407 1.098091  -0.000000 0.000000 0.000000
167  -0.104316 -52.163574 4.437348  1.570735 -0.000061 -1.570735
168  0.064656 27.351345 72.195213  -0.000000 0.000000 0.000000
169  6.064259 95.114021 31.645500  0.000000 -0.000001 1.570796
170  -0.103717 -26.907873 3.305358  -0.000000 -0.000000 -1.570730
171  6.064262 69.096565 37.164318  1.570796 0.000000 1.570797
172  1.974306 11.989236 4.589252  0.000000 0.000000 0.000000
173  1.941739 0.883635 4.309754  -0.000000 -0.000000 -1.483524
174  -0.115674 1.104780 6.744192  -0.000000 0.000000 0.000000
175  6.064260 89.329811 31.613914  0.000000 -0.000001 1.570796
176  0.059887 2.255381 54.398026  -0.000000 0.000000 0.000000
177  0.003498 -22.270653 0.000001  1.570735 -0.000061 -1.570735
178  0.104014 14.792247 1.530321  -0.000000 0.000000 0.000000
179  3.000527 -2.985217 1.029098  2.067399 -0.085866 -1.929635
180  -2.951610 25.811052 -3.742300  -0.096365 0.008023 -1.450340
181  -2.662412 1.445785 33.628746  0.000487 3.141104 1.570796
182  8.352064 2.772892 0.000539  -3.140902 0.000003 -0.000001
183  -2.662410 1.445791 40.667969  0.000487 3.141104 1.570796
184  8.352070 2.772896 0.000539  -3.140902 0.000003 -0.000001
185  -1.431354 16.384781 4.137812  0.000001 -0.000000 0.000000
186  -0.001842 0.521685 -0.140290  0.000000 0.000000 0.000000
187  7.323111 -5.136190 -5.166236  -0.000000 0.000000 -0.610865
188  2.698277 0.000000 0.000002  -0.000012 0.000000 0.000000
189  2.834158 0.000001 0.000000  0.000013 0.000000 -0.000000
190  2.648916 0.000000 -0.000001  -0.000001 -0.000001 0.000000
191  2.667500 -0.000002 0.000003  0.000000 -0.000000 0.000000
192  2.426701 -0.000000 0.000000  0.000000 0.000000 -0.000000
193  -0.494738 -44.353443 -1.302296  1.570797 -0.000000 -1.570797
194  11.545940 73.768425 -3.792014  0.000000 0.000000 0.000000
195  -0.011098 -16.902809 1.952049  0.000001 0.000000 0.000000
196  -0.000003 0.000003 -1.529054  -0.000000 -0.000000 -0.000000
197  -0.078939 0.000004 -0.000003  0.000000 0.000001 1.570796
198  0.097092 0.000001 -0.000005  -0.000000 -3.141592 1.570796
199  0.000000 0.000000 -0.000000  0.000000 -0.000000 -0.000000
200  -11.242146 -18.071745 -16.046745  -0.530520 0.226026 -0.693665
201  14.049885 -33.481613 -19.182009  1.583714 -0.072472 -1.082196
time 4
0  0 0 0  0 0 0
1  0.000000 0.000000 0.000000  0.000000 -0.000000 -0.000000
2  -0.000000 -0.000000 -55.423229  0.000000 -0.000000 -1.570730
3  -0.012872 0.000000 8.235027  -0.784749 -1.570710 -0.785986
4  16.163124 -0.010663 0.007211  -0.594297 0.000409 -0.000125
5  16.163132 -0.000000 3.830524  -1.333359 -0.199015 -2.456806
6  14.868229 0.000001 0.000001  -0.809230 0.767102 -1.700050
7  26.391943 -0.000006 -0.000001  -0.000000 0.000000 -1.305899
8  0.000002 -0.000002 0.000000  -0.141663 -0.000000 -0.000000
9  3.093517 -0.000002 0.000001  -0.283427 -0.000000 -0.000000
10  6.187026 -0.000003 0.000001  -0.425144 -0.000000 -0.000000
11  9.280540 -0.000005 0.000000  -0.566841 0.000000 -0.000000
12  12.374052 -0.000003 0.000002  -0.708536 -0.000000 -0.000000
13  15.467562 -0.000008 0.000002  -0.850301 -0.000000 -0.000000
14  18.561062 -0.000006 0.000001  -0.991987 -0.000000 -0.000000
15  21.654575 -0.000004 0.000002  -2.933312 -0.413018 0.749939
16  1.410069 0.800538 -2.089132  1.926816 0.229617 0.446891
17  3.954706 -0.000002 0.000003  0.032650 -0.305879 0.082888
18  3.101570 0.000001 0.000001  0.038488 -0.173200 0.020373
19  6.164462 -0.898153 2.575012  -0.464106 -0.015897 1.186542
20  2.805841 0.000002 0.000000  -0.000000 -0.000000 0.521973
21  2.307444 0.000000 -0.000000  -0.000000 0.000000 0.361287
22  7.145092 -0.676340 -1.382426  0.048305 -0.466031 0.179016
23  3.672216 -0.000000 -0.000002  0.000000 0.000000 1.094786
24  2.676518 -0.000002 0.000002  -0.000000 0.000000 0.976405
25  6.831184 -0.870863 0.599919  -0.198432 -0.274957 0.706750
26  3.657076 0.000004 -0.000001  0.000000 0.000000 1.196110
27  2.496792 0.000002 -0.000001  -0.000000 -0.000000 0.510610
28  7.183349 -0.532079 -3.267604  0.092002 -0.569205 -0.163901
29  3.511590 -0.000003 0.000003  -0.000000 -0.000000 0.459239
30  2.199420 0.000001 -0.000000  0.000000 -0.000000 0.877656
31  16.163136 0.000000 -3.830527  0.703564 0.858106 -2.571306
32  14.868248 0.000000 0.000001  -0.220022 -0.148261 -1.794738
33  26.391968 0.000003 0.000002  0.000000 0.000000 -1.704797
34  -0.000001 0.000002 -0.000003  0.122639 0.000000 -0.000000
35  3.093513 -0.000001 -0.000003  0.245374 0.000000 0.000000
36  6.187020 0.000001 -0.000002  0.368052 0.000000 0.000000
37  9.280536 -0.000000 -0.000003  0.490765 -0.000000 0.000000
38  12.374041 0.000000 -0.000001  0.613475 -0.000000 -0.000000
39  15.467551 0.000001 -0.000001  0.736135 -0.000000 -0.000000
40  18.561064 0.000002 -0.000000  0.858818 0.000000 0.000000
41  21.654564 0.000001 0.000001  2.604526 -0.582819 0.065138
42  1.410063 0.800528 2.089141  -1.966491 -0.287076 0.559263
43  3.954715 0.000002 -0.000002  -0.000000 -0.000000 0.375132
44  3.101565 0.000001 -0.000001  -0.000000 0.000000 0.790793
45  7.183350 -0.532090 3.267617  0.052242 -0.011652 -0.158551
46  3.511586 -0.000002 0.000001  -0.000000 0.000000 0.189253
47  2.199409 -0.000003 -0.000003  -0.000000 0.000000 -0.104054
48  7.145095 -0.676344 1.382432  0.255424 0.283825 0.886074
49  3.672211 -0.000001 0.000001  -0.000000 -0.000000 1.435616
50  2.676521 0.000000 -0.000001  0.000000 0.000000 1.062915
51  6.831168 -0.870867 -0.599911  0.339890 0.115856 1.057859
52  3.657084 0.000001 -0.000001  -0.000000 -0.000000 1.252192
53  2.496797 0.000000 -0.000002  0.000000 0.000000 0.840195
54  6.164460 -0.898153 -2.575008  0.409526 -0.061317 1.152482
55  2.805843 0.000003 0.000001  0.000000 0.000000 0.666009
56  2.307448 0.000001 0.000000  -0.000000 0.000000 0.844543
57  0.000000 0.000000 0.000000  0.000001 -0.000000 -0.000000
58  9.700912 -33.760582 -18.383326  0.196762 0.475646 0.852675
59  0.000007 -19.069490 4.681039  0.000000 0.000000 0.000000
60  1.986528 0.000011 -3.123738  -2.705260 -0.000000 -1.570797
61  -1.986691 0.000012 -3.123746  0.436333 0.000001 1.570797
62  0.000001 -0.000005 0.000000  0.000000 0.000000 0.000000
63  -1.530660 0.861417 -3.109960  0.392682 0.000010 1.570745
64  -11.344167 1.135894 0.869265  0.000328 -0.024963 -0.026314
65  1.907532 0.861408 -2.954432  -0.392858 -0.000004 1.570778
66  -11.350045 -0.729408 0.864869  0.000154 -0.025335 0.026430
67  1.754239 4.036756 -1.682668  0.392549 -0.010099 -1.546344
68  -1.755143 4.036756 -1.682669  -0.392547 -0.010382 -1.594901
69  -0.164561 5.734784 5.880444  -0.000000 -0.000000 -1.570730
70  1.203545 5.503724 4.339430  0.000000 0.000000 0.000000
71  -1.260174 5.668903 5.788551  0.070161 -0.418898 2.970131
72  1.185468 17.272337 1.821942  0.000000 0.000000 0.000000
73  0.060217 10.324440 74.469063  0.000000 0.000000 0.000000
74  0.052673 -3.972624 3.515843  1.570735 -0.000061 -1.570735
75  4.804189 -3.856469 -0.006879  -0.000000 0.000000 -0.000000
76  -6.013983 -4.624460 -0.000001  0.000000 0.000000 -0.000000
77  -65.574089 -37.156040 0.002936  -0.787348 1.570710 0.783693
78  1.602685 -3.785213 0.003047  -0.786556 1.570710 0.784971
79  11.681376 -1.114741 -1.027847  -0.785215 1.570710 0.785825
80  19.766779 -3.800920 -0.000004  0.000000 0.000000 0.000000
81  3.258442 5.856954 -3.403523  -0.000000 -0.000000 -0.000001
82  15.153051 5.860581 -3.403521  0.000000 -0.000000 0.000000
83  6.064256 77.294960 36.365799  1.570796 -0.000000 1.570796
84  -2.662413 1.445758 40.667957  -0.000000 3.141591 1.570796
85  8.352068 2.772896 0.000544  -3.141589 0.000002 0.000000
86  6.064257 72.973701 32.593254  1.570796 -0.000000 1.570796
87  -0.113679 5.957335 -0.188893  0.000000 0.000000 0.000000
88  0.097223 0.210959 3.469589  0.000000 0.000000 0.000000
89  0.000001 1.310209 0.000002  0.000000 0.000000 0.000000
90  0.000001 0.582258 0.000002  0.000000 0.000000 0.000000
91  0.036297 1.284879 7.928799  0.000000 -0.000001 0.000000
92  0.000000 1.310210 0.000000  0.000000 -0.000000 0.000000
93  -0.000001 0.582259 0.000001  0.000000 -0.000000 0.000000
94  5.969323 3.427456 -6.170650  -0.000000 -0.000001 -1.570797
95  -1.310213 -0.000000 0.000003  0.000000 -0.000000 -0.000000
96  -0.582262 0.000001 0.000001  0.000000 0.000000 -0.000000
97  5.969321 9.397396 -6.170658  -0.000000 -0.000001 -1.570796
98  -1.310213 -0.000001 0.000001  0.000000 0.000001 -0.000000
99  -0.582261 -0.000002 -0.000000  0.000000 0.000000 -0.000000
100  5.969320 15.223769 -6.170669  -0.000000 -0.000001 -1.570796
101  -1.310210 0.000002 -0.000001  -0.000000 0.000001 -0.000000
102  -0.582259 0.000000 -0.000002  -0.000000 0.000001 -0.000000
103  5.969322 20.835567 -6.170671  -0.000000 -0.000001 -1.570796
104  -1.310211 -0.000000 0.000001  -0.000000 0.000001 -0.000000
105  -0.582260 -0.000001 0.000001  -0.000000 0.000001 -0.000000
106  5.969323 26.771206 -6.170672  -0.000000 -0.000001 -1.570796
107  5.969320 32.597595 -6.170674  -0.000000 -0.000001 -1.570796
108  5.969322 38.209396 -6.170685  -0.000000 -0.000001 -1.570800
109  5.969318 49.488464 -6.170684  -0.000000 -0.000001 -1.570800
110  -0.539091 -0.556811 -0.017361  -0.042462 2.681156 1.551919
111  -6.799126 -0.556811 0.818552  -0.272420 2.701993 1.452460
112  -4.615282 -0.556823 0.270330  -0.117230 2.684609 1.518878
113  -2.650970 -0.556810 0.063011  -0.042463 2.681158 1.551919
114  27.110340 1.284856 12.007549  0.000000 -0.000000 0.000000
115  28.133429 1.284855 12.007549  0.000001 -0.000000 0.000000
116  12.812887 2.241782 12.007551  -0.000000 -0.000001 -0.000001
117  -9.955969 -0.319628 4.380215  -0.000001 -0.000000 -0.000001
118  -11.316475 -0.319627 4.380218  -0.000003 -0.000000 0.000000
119  -12.667812 -0.319628 4.380216  -0.000003 -0.000000 0.000001
120  -14.022141 -0.319626 4.380217  0.000010 -0.000000 -0.000011
121  -15.373241 -0.319626 4.380215  0.000015 -0.000000 -0.000015
122  -16.724144 -0.319625 4.380217  -0.000009 -0.000000 0.000006
123  -18.074574 -0.319624 4.380216  -0.000006 -0.000000 0.000004
124  -19.423717 -0.319625 4.380215  0.000002 0.000000 -0.000004
125  -20.775272 -0.319623 4.380217  0.000003 0.000000 -0.000004
126  -22.126675 -0.319625 4.380217  0.000003 0.000000 -0.000004
127  -23.478125 -0.319623 4.380218  0.000005 -0.000000 -0.000006
128  -24.830622 -0.319624 4.380218  0.000036 -0.000000 -0.000038
129  -26.182034 -0.319623 4.380217  -0.000011 -0.000000 0.000011
130  0.529180 -0.167133 0.629485  -0.101270 -0.000000 0.000000
131  -0.211445 -0.241687 0.155362  -0.145847 -0.000000 0.000000
132  0.529190 -0.280703 -0.110290  -0.145847 -0.000000 0.000000
133  -0.173926 -0.337328 -0.638496  -0.181751 -0.000000 0.000000
134  0.529188 -0.399249 -0.975392  -0.181751 -0.000000 0.000000
135  -0.211444 -0.464480 -1.431040  -0.192399 -0.000000 0.000000
136  0.529190 -0.515810 -1.694582  -0.192399 -0.000000 0.000000
137  -0.173929 -0.612154 -2.231909  -0.216703 -0.000000 0.000000
138  0.529186 -0.685809 -2.566437  -0.216703 -0.000000 0.000000
139  -0.211445 -0.769562 -3.027869  -0.237349 -0.000000 0.000000
140  0.529188 -0.832689 -3.288846  -0.237349 -0.000000 0.000000
141  -0.173937 -0.945285 -3.779562  -0.233859 0.000000 0.000000
142  0.529177 -1.024662 -4.112777  -0.233859 0.000000 0.000000
143  -0.211444 -1.132189 -4.577547  -0.262919 -0.000000 0.000000
144  0.529189 -1.201968 -4.836823  -0.262919 0.000000 0.000000
145  -0.000006 -2.810947 -10.636631  0.258454 0.000000 3.141592
146  -0.192456 -1.345782 -5.370044  -0.280373 0.000000 0.000000
147  0.533983 -1.413517 -5.605104  -0.276883 0.000000 0.000000
148  -0.206619 -1.795762 -6.909777  -0.287354 0.000000 0.000000
149  -0.205805 -1.564820 -6.138255  -0.290843 0.000000 0.000000
150  0.530458 -1.643680 -6.395214  -0.290844 0.000000 0.000000
151  0.535312 -1.790711 -7.204131  -0.287354 -0.000000 0.000000
152  -0.202703 -2.030488 -7.702828  -0.286180 -0.000000 0.000000
153  0.509546 -2.118899 -8.011623  -0.298398 -0.000000 0.000000
154  -0.202705 -2.255282 -8.465170  -0.283134 -0.000000 0.000000
155  0.509547 -2.352983 -8.771158  -0.295352 -0.000000 0.000000
156  -0.202706 -2.481601 -9.235472  -0.285437 -0.000000 0.000000
157  0.509545 -2.588685 -9.538636  -0.297654 -0.000000 0.000000
158  0.170122 -21.222095 -1.001139  -0.000001 -0.000001 0.000000
159  0.170124 -20.843870 -0.397181  -0.000001 -0.000001 0.000000
160  0.170124 -20.489748 -1.001142  -0.000001 -0.000001 0.000000
161  0.170124 -20.111073 -0.397183  -0.000001 -0.000001 0.000000
162  0.170124 -19.380093 -0.397185  -0.000001 -0.000001 0.000000
163  0.170123 -19.025112 -1.001143  -0.000001 -0.000001 0.000000
164  0.170123 -18.646666 -0.396445  -0.000001 -0.000001 0.000000
165  0.170123 -19.755764 -1.001140  -0.000001 -0.000001 0.000000
166  -0.015976 10.035404 1.098091  0.000000 0.000000 0.000000
167  -0.104326 -52.163578 4.437344  1.570735 -0.000061 -1.570735
168  0.064651 27.351349 72.195206  0.000000 0.000000 0.000000
169  6.064250 95.114029 31.645496  0.000000 -0.000001 1.570796
170  -0.103710 -26.907871 3.305360  -0.000000 -0.000000 -1.570730
171  6.064256 69.096565 37.164322  1.570796 -0.000000 1.570796
172  1.974301 11.989238 4.589250  0.000000 0.000000 0.000000
173  1.941734 0.883631 4.309755  -0.000000 -0.000000 -1.483524
174  -0.115678 1.104781 6.744192  0.000000 0.000000 0.000000
175  6.064254 89.329819 31.613914  0.000000 -0.000001 1.570796
176  0.059882 2.255380 54.398026  0.000000 0.000000 0.000000
177  0.003504 -22.270653 -0.000001  1.570735 -0.000061 -1.570735
178  0.104007 14.792246 1.530319  0.000000 0.000000 0.000000
179  3.000525 -2.985216 1.029100  2.067399 -0.085866 -1.929634
180  -2.951617 25.811052 -3.742303  -0.096365 0.008023 -1.450340
181  -2.662413 1.445785 33.628746  0.000487 3.141104 1.570796
182  8.352068 2.772894 0.000540  -3.140902 0.000003 -0.000001
183  -2.662411 1.445791 40.667969  0.000487 3.141104 1.570796
184  8.352067 2.772896 0.000542  -3.140902 0.000003 -0.000001
185  -1.431357 16.384783 4.137813  0.000001 -0.000000 0.000000
186  -0.001844 0.521686 -0.140289  0.000000 0.000000 0.000000
187  7.323105 -5.136189 -5.166237  0.000000 0.000000 -0.610865
188  2.698276 0.000003 -0.000000  -0.000012 0.000000 0.000000
189  2.834157 -0.000002 -0.000000  0.000013 0.000000 0.000000
190  2.648918 0.000002 -0.000000  -0.000001 -0.000001 0.000000
191  2.667499 0.000002 -0.000003  0.000000 0.000000 0.000000
192  2.426699 0.000000 -0.000004  0.000000 0.000000 -0.000000
193  -0.494740 -44.353447 -1.302299  1.570797 0.000000 -1.570797
194  11.545934 73.768425 -3.792010  0.000000 0.000000 0.000000
195  -0.011105 -16.902815 1.952047  0.000001 0.000000 0.000000
196  0.000004 -0.000001 -1.529054  -0.000000 -0.000000 -0.000000
197  -0.078940 0.000000 0.000002  0.000000 0.000001 1.570796
198  0.097092 0.000001 0.000002  -0.000000 -3.141592 1.570796
199  0.000000 0.000000 -0.000000  0.000000 -0.000000 -0.000000
200  -11.219886 -18.126753 -15.808262  -0.558865 0.236752 -0.703246
201  13.945499 -33.663708 -19.378155  1.554107 -0.072860 -1.083161
time 5
0  0 0 0  0 0 0
1  0.000000 0.000000 0.000000  0.000000 -0.000000 -0.000000
2  -0.000000 -0.000000 -55.423229  0.000000 -0.000000 -1.570730
3  -0.012872 0.000000 8.235027  -0.784749 -1.570710 -0.785986
4  16.163124 -0.010663 0.007211  -0.594297 0.000409 -0.000125
5  16.163132 -0.000000 3.830524  -1.333359 -0.199015 -2.456806
6  14.868229 0.000001 0.000001  -0.809462 0.766408 -1.699799
7  26.391941 -0.000003 -0.000000  -0.000000 0.000000 -1.296924
8  -0.000000 -0.000002 0.000000  -0.144295 -0.000000 -0.000000
9  3.093518 -0.000002 0.000000  -0.288669 -0.000000 -0.000000
10  6.187020 -0.000003 0.000002  -0.433015 -0.000000 -0.000000
11  9.280531 -0.000001 0.000001  -0.577338 0.000000 -0.000000
12  12.374045 -0.000004 0.000002  -0.721698 -0.000000 -0.000000
13  15.467556 -0.000005 0.000003  -0.866007 -0.000000 -0.000000
14  18.561056 -0.000009 0.000003  -1.010355 -0.000000 -0.000000
15  21.654570 -0.000006 0.000003  -2.961314 -0.412855 0.738508
16  1.410072 0.800537 -2.089132  1.926816 0.229617 0.446891
17  3.954705 0.000001 0.000006  0.032650 -0.305879 0.082888
18  3.101565 -0.000003 0.000003  0.038488 -0.173200 0.020373
19  6.164465 -0.898152 2.575014  -0.464106 -0.015897 1.186542
20  2.805843 0.000008 0.000000  0.000000 -0.000000 0.521973
21  2.307441 -0.000000 0.000000  0.000000 0.000000 0.361287
22  7.145094 -0.676340 -1.382428  0.048305 -0.466031 0.179016
23  3.672213 0.000000 -0.000000  0.000000 0.000000 1.094786
24  2.676518 -0.000002 0.000000  -0.000000 0.000000 0.976405
25  6.831182 -0.870863 0.599917  -0.198432 -0.274957 0.706750
26  3.657076 0.000002 -0.000002  0.000000 0.000000 1.196110
27  2.496791 0.000004 0.000000  -0.000000 -0.000000 0.510610
28  7.183348 -0.532079 -3.267604  0.092002 -0.569205 -0.163901
29  3.511590 -0.000001 0.000003  -0.000000 -0.000000 0.459239
30  2.199416 0.000001 -0.000001  0.000000 -0.000000 0.877656
31  16.163136 0.000000 -3.830527  0.703564 0.858106 -2.571306
32  14.868248 0.000000 0.000001  -0.214475 -0.145606 -1.804026
33  26.391972 -0.000000 0.000003  0.000000 0.000000 -1.698040
34  -0.000001 -0.000000 0.000000  0.119093 0.000000 -0.000000
35  3.093514 -0.000003 -0.000002  0.238180 0.000000 0.000000
36  6.187022 -0.000001 0.000000  0.357254 0.000000 0.000000
37  9.280535 -0.000000 0.000001  0.476369 -0.000000 -0.000000
38  12.374041 -0.000001 -0.000002  0.595510 -0.000000 -0.000000
39  15.467552 -0.000001 0.000001  0.714592 -0.000000 0.000000
40  18.561066 -0.000001 -0.000000  0.833715 0.000000 0.000000
41  21.654568 -0.000002 0.000003  2.578693 -0.595408 0.072379
42  1.410065 0.800530 2.089145  -1.966491 -0.287076 0.559263
43  3.954715 -0.000003 0.000000  0.000000 -0.000000 0.375132
44  3.101564 0.000004 -0.000003  -0.000000 0.000000 0.790793
45  7.183348 -0.532088 3.267622  0.052242 -0.011652 -0.158551
46  3.511586 -0.000000 0.000002  -0.000000 0.000000 0.189253
47  2.199409 -0.000000 0.000003  -0.000000 0.000000 -0.104054
48  7.145096 -0.676345 1.382437  0.255424 0.283825 0.886075
49  3.672211 0.000001 -0.000001  -0.000000 -0.000000 1.435616
50  2.676522 -0.000000 -0.000001  0.000000 -0.000000 1.062915
51  6.831168 -0.870865 -0.599906  0.339890 0.115856 1.057859
52  3.657082 -0.000001 0.000000  -0.000000 -0.000000 1.252192
53  2.496798 0.000001 0.000003  0.000000 0.000000 0.840195
54  6.164460 -0.898156 -2.575002  0.409526 -0.061316 1.152482
55  2.805843 0.000003 0.000000  -0.000000 -0.000000 0.666009
56  2.307450 -0.000001 -0.000000  -0.000000 -0.000000 0.844543
57  0.000000 0.000000 0.000000  0.000001 -0.000000 -0.000000
58  9.748660 -33.890572 -18.389713  0.206152 0.503516 0.856189
59  0.000005 -19.069475 4.681030  0.000000 -0.000000 0.000000
60  1.986523 0.000018 -3.123739  -2.705260 -0.000000 -1.570797
61  -1.986691 0.000023 -3.123746  0.436333 0.000001 1.570797
62  -0.000001 0.000002 -0.000001  0.000000 -0.000000 0.000000
63  -1.530663 0.861425 -3.109959  0.392682 0.000010 1.570745
64  -11.344171 1.135891 0.869265  0.000328 -0.024963 -0.026314
65  1.907532 0.861417 -2.954430  -0.392858 -0.000004 1.570778
66  -11.350047 -0.729403 0.864872  0.000154 -0.025335 0.026430
67  1.754238 4.036761 -1.682670  0.392549 -0.010099 -1.546344
68  -1.755141 4.036762 -1.682671  -0.392547 -0.010382 -1.594901
69  -0.164557 5.734782 5.880443  -0.000000 -0.000000 -1.570730
70  1.203550 5.503725 4.339429  0.000000 -0.000000 0.000000
71  -1.260173 5.668900 5.788550  0.070161 -0.418898 2.970131
72  1.185471 17.272333 1.821941  0.000000 -0.000000 0.000000
73  0.060219 10.324436 74.469048  0.000000 -0.000000 0.000000
74  0.052671 -3.972627 3.515843  1.570735 -0.000061 -1.570735
75  4.804188 -3.856466 -0.006879  -0.000000 0.000000 0.000000
76  -6.013984 -4.624459 -0.000001  0.000000 0.000000 0.000000
77  -65.574097 -37.156048 0.002935  -0.787104 1.570710 0.783570
78  1.602685 -3.785214 0.003047  -0.786618 1.570710 0.784180
79  11.681375 -1.114740 -1.027852  -0.785093 1.570710 0.785093
80  19.766779 -3.800920 -0.000002  -0.000000 0.000000 0.000000
81  3.258441 5.856956 -3.403524  -0.000000 -0.000000 -0.000000
82  15.153051 5.860582 -3.403522  0.000000 -0.000000 0.000000
83  6.064254 77.294945 36.365791  1.570796 -0.000000 1.570797
84  -2.662409 1.445756 40.667953  -0.000000 3.141591 1.570796
85  8.352067 2.772896 0.000542  -3.141589 0.000002 -0.000000
86  6.064256 72.973686 32.593246  1.570796 -0.000000 1.570797
87  -0.113678 5.957338 -0.188893  0.000000 -0.000000 0.000000
88  0.097226 0.210965 3.469589  0.000000 -0.000000 0.000000
89  0.000004 1.310214 0.000001  0.000000 0.000000 0.000000
90  0.000003 0.582263 0.000000  0.000000 0.000000 0.000000
91  0.036299 1.284883 7.928800  0.000000 -0.000001 0.000000
92  -0.000000 1.310211 0.000000  0.000000 -0.000000 0.000000
93  -0.000000 0.582260 0.000001  0.000000 -0.000000 0.000000
94  5.969323 3.427460 -6.170650  -0.000000 -0.000001 -1.570797
95  -1.310211 0.000002 0.000000  0.000000 0.000000 -0.000000
96  -0.582261 0.000001 -0.000000  0.000000 0.000000 -0.000000
97  5.969323 9.397400 -6.170657  -0.000000 -0.000001 -1.570796
98  -1.310210 -0.000001 -0.000000  0.000000 0.000000 -0.000000
99  -0.582260 -0.000001 0.000001  0.000000 0.000001 -0.000000
100  5.969323 15.223770 -6.170668  0.000000 -0.000001 -1.570796
101  -1.310210 0.000003 -0.000001  -0.000000 0.000000 -0.000000
102  -0.582259 0.000001 -0.000002  -0.000000 0.000001 -0.000000
103  5.969323 20.835569 -6.170668  0.000000 -0.000001 -1.570796
104  -1.310210 0.000003 -0.000002  -0.000000 0.000000 -0.000000
105  -0.582261 0.000002 0.000001  -0.000000 0.000001 -0.000000
106  5.969323 26.771206 -6.170670  0.000000 -0.000001 -1.570796
107  5.969322 32.597595 -6.170673  0.000000 -0.000001 -1.570796
108  5.969321 38.209393 -6.170685  -0.000000 -0.000001 -1.570800
109  5.969321 49.488461 -6.170682  -0.000000 -0.000001 -1.570800
110  -0.539088 -0.556806 -0.017362  -0.042462 2.681156 1.551919
111  -6.799121 -0.556804 0.818551  -0.272420 2.701993 1.452460
112  -4.615281 -0.556820 0.270328  -0.117230 2.684609 1.518878
113  -2.650967 -0.556805 0.063012  -0.042463 2.681158 1.551919
114  27.110334 1.284859 12.007548  0.000000 -0.000000 0.000000
115  28.133423 1.284859 12.007548  0.000001 -0.000000 0.000000
116  12.812885 2.241787 12.007549  0.000000 -0.000001 -0.000001
117  -9.955967 -0.319623 4.380214  -0.000001 -0.000000 -0.000001
118  -11.316471 -0.319623 4.380215  -0.000003 -0.000000 0.000000
119  -12.667809 -0.319620 4.380216  -0.000003 -0.000000 0.000001
120  -14.022138 -0.319619 4.380216  0.000010 -0.000000 -0.000011
121  -15.373236 -0.319619 4.380214  0.000015 -0.000000 -0.000015
122  -16.724140 -0.319620 4.380215  -0.000009 -0.000000 0.000006
123  -18.074570 -0.319622 4.380214  -0.000006 0.000000 0.000004
124  -19.423712 -0.319619 4.380215  0.000002 0.000000 -0.000004
125  -20.775267 -0.319618 4.380214  0.000003 0.000000 -0.000004
126  -22.126667 -0.319618 4.380216  0.000003 0.000000 -0.000004
127  -23.478119 -0.319618 4.380217  0.000005 -0.000000 -0.000006
128  -24.830616 -0.319615 4.380217  0.000036 -0.000000 -0.000038
129  -26.182026 -0.319618 4.380216  -0.000011 -0.000000 0.000011
130  0.529180 -0.167129 0.629484  -0.101270 -0.000000 0.000000
131  -0.211442 -0.241682 0.155361  -0.145847 -0.000000 0.000000
132  0.529191 -0.280698 -0.110292  -0.145847 -0.000000 0.000000
133  -0.173925 -0.337325 -0.638495  -0.181751 -0.000000 0.000000
134  0.529190 -0.399244 -0.975392  -0.181751 -0.000000 0.000000
135  -0.211443 -0.464474 -1.431040  -0.192399 -0.000000 0.000000
136  0.529192 -0.515806 -1.694582  -0.192400 -0.000000 0.000000
137  -0.173926 -0.612149 -2.231908  -0.216703 -0.000000 0.000000
138  0.529191 -0.685802 -2.566439  -0.216703 -0.000000 0.000000
139  -0.211444 -0.769561 -3.027869  -0.237349 -0.000000 0.000000
140  0.529189 -0.832685 -3.288846  -0.237349 -0.000000 0.000000
141  -0.173934 -0.945279 -3.779563  -0.233859 0.000000 0.000000
142  0.529179 -1.024656 -4.112780  -0.233859 0.000000 -0.000000
143  -0.211441 -1.132185 -4.577546  -0.262919 -0.000000 0.000000
144  0.529190 -1.201963 -4.836823  -0.262919 0.000000 -0.000000
145  -0.000003 -2.810939 -10.636629  0.258454 0.000000 3.141592
146  -0.192455 -1.345776 -5.370042  -0.280373 0.000000 0.000000
147  0.533985 -1.413510 -5.605105  -0.276883 0.000000 0.000000
148  -0.206617 -1.795758 -6.909775  -0.287354 0.000000 0.000000
149  -0.205802 -1.564816 -6.138255  -0.290843 0.000000 0.000000
150  0.530460 -1.643674 -6.395214  -0.290844 0.000000 0.000000
151  0.535312 -1.790708 -7.204132  -0.287354 -0.000000 0.000000
152  -0.202702 -2.030484 -7.702828  -0.286180 -0.000000 0.000000
153  0.509548 -2.118893 -8.011622  -0.298398 -0.000000 0.000000
154  -0.202701 -2.255275 -8.465170  -0.283134 -0.000000 0.000000
155  0.509552 -2.352977 -8.771156  -0.295352 -0.000000 0.000000
156  -0.202704 -2.481597 -9.235471  -0.285437 -0.000000 0.000000
157  0.509549 -2.588681 -9.538639  -0.297654 -0.000000 0.000000
158  0.170126 -21.222088 -1.001140  -0.000001 -0.000001 0.000000
159  0.170125 -20.843861 -0.397183  -0.000001 -0.000001 0.000000
160  0.170123 -20.489740 -1.001141  -0.000001 -0.000001 0.000000
161  0.170127 -20.111065 -0.397181  -0.000001 -0.000001 0.000000
162  0.170126 -19.380083 -0.397186  -0.000001 -0.000001 0.000000
163  0.170126 -19.025105 -1.001145  -0.000001 -0.000001 0.000000
164  0.170127 -18.646656 -0.396447  -0.000001 -0.000001 0.000000
165  0.170125 -19.755756 -1.001140  -0.000001 -0.000001 0.000000
166  -0.015972 10.035404 1.098089  0.000000 -0.000000 0.000000
167  -0.104321 -52.163574 4.437343  1.570735 -0.000061 -1.570735
168  0.064655 27.351341 72.195198  0.000000 -0.000000 0.000000
169  6.064257 95.113998 31.645500  0.000000 -0.000001 1.570796
170  -0.103704 -26.907871 3.305361  -0.000000 -0.000000 -1.570730
171  6.064256 69.096550 37.164318  1.570796 -0.000000 1.570797
172  1.974303 11.989233 4.589249  0.000000 -0.000000 0.000000
173  1.941736 0.883633 4.309754  0.000000 0.000000 -1.483525
174  -0.115678 1.104777 6.744191  0.000000 -0.000000 0.000000
175  6.064255 89.329796 31.613914  0.000000 -0.000001 1.570796
176  0.059886 2.255382 54.398018  0.000000 -0.000000 0.000000
177  0.003500 -22.270647 0.000000  1.570735 -0.000061 -1.570735
178  0.104010 14.792242 1.530320  0.000000 -0.000000 0.000000
179  3.000528 -2.985217 1.029100  2.067399 -0.085866 -1.929635
180  -2.951613 25.811047 -3.742300  -0.096365 0.008023 -1.450340
181  -2.662412 1.445786 33.628738  0.000487 3.141104 1.570796
182  8.352065 2.772896 0.000541  -3.140902 0.000003 -0.000001
183  -2.662408 1.445787 40.667969  0.000487 3.141104 1.570796
184  8.352064 2.772897 0.000541  -3.140902 0.000003 -0.000001
185  -1.431354 16.384779 4.137811  0.000001 0.000000 0.000000
186  -0.001844 0.521682 -0.140290  0.000000 -0.000000 0.000000
187  7.323111 -5.136189 -5.166236  0.000000 0.000000 -0.610865
188  2.698280 -0.000002 -0.000000  -0.000012 0.000000 0.000000
189  2.834158 -0.000001 0.000002  0.000013 0.000000 0.000000
190  2.648920 -0.000003 -0.000003  -0.000001 -0.000001 0.000000
191  2.667499 -0.000003 -0.000000  0.000000 -0.000000 0.000000
192  2.426698 0.000000 0.000005  0.000000 -0.000000 -0.000000
193  -0.494740 -44.353443 -1.302300  1.570797 0.000000 -1.570797
194  11.545937 73.768410 -3.792009  0.000000 -0.000000 0.000000
195  -0.011099 -16.902807 1.952045  0.000001 -0.000000 0.000000
196  -0.000000 -0.000001 -1.529051  -0.000000 0.000000 -0.000000
197  -0.078938 0.000003 -0.000001  0.000000 0.000001 1.570796
198  0.097094 0.000001 0.000000  -0.000000 -3.141592 1.570796
199  0.000000 0.000000 -0.000000  0.000000 -0.000000 -0.000000
200  -11.097455 -18.196114 -15.546291  -0.587524 0.245306 -0.711064
201  13.964478 -33.815456 -19.489304  1.524971 -0.075126 -1.081968
time 6
0  0 0 0  0 0 0
1  0.000000 0.000000 0.000000  0.000000 -0.000000 -0.000000
2  -0.000000 -0.000000 -55.423229  0.000000 -0.000000 -1.570730
3  -0.012872 0.000000 8.235027  -0.784749 -1.570710 -0.785986
4  16.163124 -0.010663 0.007211  -0.594297 0.000409 -0.000125
5  16.163132 -0.000000 3.830524  -1.333359 -0.199015 -2.456806
6  14.868229 0.000001 0.000001  -0.812411 0.760461 -1.700579
7  26.391943 -0.000001 0.000000  -0.000000 0.000000 -1.290194
8  -0.000003 -0.000001 0.000002  -0.146008 -0.000000 -0.000000
9  3.093514 -0.000003 0.000002  -0.292062 -0.000000 -0.000000
10  6.187021 -0.000001 0.000002  -0.438078 -0.000000 -0.000000
11  9.280533 -0.000003 0.000002  -0.584091 0.000000 -0.000000
12  12.374045 -0.000005 0.000002  -0.730120 -0.000000 -0.000000
13  15.467558 -0.000006 0.000002  -0.876173 -0.000000 -0.000000
14  18.561060 -0.000006 0.000002  -1.022232 -0.000000 -0.000000
15  21.654568 -0.000004 0.000004  -2.977716 -0.411955 0.731693
16  1.410066 0.800535 -2.089132  1.926816 0.229617 0.446891
17  3.954707 0.000000 0.000005  0.032650 -0.305879 0.082888
18  3.101568 0.000003 0.000004  0.038488 -0.173200 0.020373
19  6.164458 -0.898153 2.575014  -0.464106 -0.015897 1.186542
20  2.805842 0.000003 -0.000003  0.000000 -0.000000 0.521973
21  2.307439 -0.000002 -0.000003  0.000000 0.000000 0.361287
22  7.145090 -0.676340 -1.382427  0.048305 -0.466031 0.179016
23  3.672213 -0.000002 -0.000003  0.000000 0.000000 1.094786
24  2.676521 -0.000001 0.000002  0.000000 0.000000 0.976405
25  6.831178 -0.870865 0.599917  -0.198432 -0.274957 0.706750
26  3.657077 0.000004 -0.000001  0.000000 0.000000 1.196110
27  2.496791 -0.000001 -0.000002  -0.000000 -0.000000 0.510611
28  7.183344 -0.532080 -3.267606  0.092002 -0.569205 -0.163901
29  3.511588 -0.000001 0.000002  -0.000000 -0.000000 0.459239
30  2.199414 -0.000000 -0.000001  0.000000 -0.000000 0.877656
31  16.163136 0.000000 -3.830527  0.703564 0.858106 -2.571306
32  14.868248 0.000000 0.000001  -0.209394 -0.144339 -1.815795
33  26.391968 0.000001 0.000002  0.000000 0.000000 -1.690021
34  -0.000001 0.000000 0.000003  0.116830 0.000000 -0.000000
35  3.093513 -0.000002 -0.000001  0.233693 0.000000 0.000000
36  6.187020 0.000000 0.000002  0.350558 0.000000 -0.000000
37  9.280535 0.000001 0.000002  0.467392 0.000000 -0.000000
38  12.374041 0.000000 0.000001  0.584218 0.000000 -0.000000
39  15.467550 -0.000000 0.000001  0.701122 -0.000000 0.000000
40  18.561066 -0.000000 0.000000  0.817989 0.000000 0.000000
41  21.654566 0.000000 0.000001  2.563145 -0.602187 0.075006
42  1.410065 0.800527 2.089141  -1.966491 -0.287076 0.559263
43  3.954714 -0.000002 -0.000000  -0.000000 0.000000 0.375132
44  3.101566 0.000000 -0.000002  -0.000000 0.000000 0.790793
45  7.183350 -0.532093 3.267619  0.052242 -0.011652 -0.158551
46  3.511585 0.000000 -0.000001  0.000000 0.000000 0.189253
47  2.199409 -0.000002 -0.000001  0.000000 -0.000000 -0.104054
48  7.145095 -0.676348 1.382435  0.255424 0.283825 0.886075
49  3.672213 0.000000 0.000000  -0.000000 -0.000000 1.435616
50  2.676522 -0.000000 -0.000002  0.000000 0.000000 1.062915
51  6.831167 -0.870869 -0.599908  0.339890 0.115856 1.057859
52  3.657082 0.000003 0.000001  -0.000000 -0.000000 1.252193
53  2.496798 -0.000002 -0.000002  0.000000 0.000000 0.840195
54  6.164462 -0.898157 -2.575007  0.409526 -0.061316 1.152482
55  2.805842 -0.000001 0.000001  -0.000000 0.000000 0.666009
56  2.307453 0.000001 0.000001  0.000000 -0.000000 0.844543
57  0.000000 0.000000 0.000000  0.000001 -0.000000 -0.000000
58  9.949205 -33.961075 -18.268375  0.210251 0.522368 0.861004
59  0.000002 -19.069481 4.681031  -0.000000 0.000000 0.000000
60  1.986524 0.000014 -3.123738  -2.705260 -0.000000 -1.570797
61  -1.986693 0.000013 -3.123745  0.436333 0.000001 1.570797
62  -0.000000 0.000000 0.000002  -0.000000 0.000000 0.000000
63  -1.530657 0.861422 -3.109958  0.392682 0.000010 1.570745
64  -11.344175 1.135892 0.869267  0.000328 -0.024963 -0.026314
65  1.907531 0.861413 -2.954429  -0.392858 -0.000004 1.570778
66  -11.350045 -0.729406 0.864870  0.000154 -0.025335 0.026430
67  1.754236 4.036757 -1.682667  0.392549 -0.010099 -1.546344
68  -1.755143 4.036758 -1.682669  -0.392547 -0.010382 -1.594901
69  -0.164558 5.734782 5.880445  0.000000 -0.000000 -1.570730
70  1.203548 5.503721 4.339430  -0.000000 0.000000 0.000000
71  -1.260173 5.668900 5.788553  0.070161 -0.418898 2.970131
72  1.185469 17.272331 1.821942  -0.000000 0.000000 0.000000
73  0.060217 10.324434 74.469063  -0.000000 0.000000 0.000000
74  0.052668 -3.972624 3.515848  1.570735 -0.000061 -1.570735
75  4.804184 -3.856468 -0.006881  0.000000 0.000000 0.000000
76  -6.013987 -4.624462 -0.000002  0.000000 0.000000 0.000000
77  -65.574097 -37.156048 0.002938  -0.786983 1.570710 0.783628
78  1.602682 -3.785218 0.003048  -0.785703 1.570710 0.783934
79  11.681374 -1.114741 -1.027849  -0.784788 1.570710 0.785154
80  19.766773 -3.800923 -0.000004  0.000000 0.000000 0.000000
81  3.258439 5.856952 -3.403525  -0.000000 -0.000000 -0.000000
82  15.153043 5.860579 -3.403524  0.000000 -0.000000 0.000000
83  6.064261 77.294960 36.365799  1.570796 0.000000 1.570796
84  -2.662410 1.445755 40.667957  -0.000000 3.141591 1.570796
85  8.352064 2.772896 0.000540  -3.141589 0.000002 0.000000
86  6.064257 72.973694 32.593250  1.570796 0.000000 1.570796
87  -0.113682 5.957336 -0.188894  -0.000000 0.000000 0.000000
88  0.097225 0.210963 3.469587  -0.000000 0.000000 0.000000
89  0.000002 1.310211 0.000001  0.000000 -0.000000 0.000000
90  -0.000001 0.582260 -0.000000  0.000000 -0.000000 0.000000
91  0.036296 1.284880 7.928800  -0.000000 -0.000001 0.000000
92  0.000002 1.310209 0.000000  0.000000 -0.000000 0.000000
93  0.000000 0.582260 0.000000  0.000000 -0.000000 0.000000
94  5.969323 3.427459 -6.170651  -0.000000 -0.000001 -1.570797
95  -1.310211 0.000002 0.000004  0.000000 -0.000000 -0.000000
96  -0.582260 0.000000 0.000003  0.000000 -0.000000 -0.000000
97  5.969322 9.397398 -6.170659  -0.000000 -0.000001 -1.570796
98  -1.310210 -0.000000 0.000001  0.000000 0.000000 -0.000000
99  -0.582260 -0.000001 -0.000000  0.000000 0.000000 -0.000000
100  5.969321 15.223768 -6.170671  -0.000000 -0.000001 -1.570796
101  -1.310211 0.000002 0.000002  -0.000000 0.000000 -0.000000
102  -0.582259 0.000001 0.000001  -0.000000 0.000000 -0.000000
103  5.969323 20.835569 -6.170671  -0.000000 -0.000001 -1.570796
104  -1.310210 0.000001 0.000001  -0.000000 0.000000 -0.000000
105  -0.582260 0.000002 0.000003  -0.000000 0.000000 -0.000000
106  5.969323 26.771210 -6.170671  -0.000000 -0.000001 -1.570796
107  5.969322 32.597595 -6.170675  -0.000000 -0.000001 -1.570796
108  5.969323 38.209396 -6.170684  -0.000000 -0.000001 -1.570800
109  5.969320 49.488464 -6.170685  -0.000000 -0.000001 -1.570800
110  -0.539091 -0.556809 -0.017361  -0.042462 2.681156 1.551919
111  -6.799126 -0.556808 0.818550  -0.272420 2.701993 1.452460
112  -4.615284 -0.556823 0.270329  -0.117230 2.684609 1.518878
113  -2.650969 -0.556808 0.063011  -0.042463 2.681158 1.551919
114  27.110336 1.284856 12.007549  -0.000000 -0.000000 0.000000
115  28.133425 1.284854 12.007549  0.000001 -0.000000 0.000000
116  12.812885 2.241784 12.007551  0.000000 -0.000001 -0.000001
117  -9.955969 -0.319626 4.380215  -0.000001 -0.000000 -0.000001
118  -11.316477 -0.319626 4.380215  -0.000003 -0.000000 0.000000
119  -12.667812 -0.319624 4.380216  -0.000003 -0.000000 0.000001
120  -14.022144 -0.319626 4.380216  0.000010 -0.000000 -0.000011
121  -15.373241 -0.319623 4.380215  0.000015 -0.000000 -0.000015
122  -16.724146 -0.319624 4.380214  -0.000009 -0.000000 0.000006
123  -18.074574 -0.319623 4.380214  -0.000006 -0.000000 0.000004
124  -19.423717 -0.319624 4.380214  0.000002 0.000000 -0.000004
125  -20.775274 -0.319623 4.380215  0.000003 0.000000 -0.000004
126  -22.126677 -0.319623 4.380216  0.000003 0.000000 -0.000004
127  -23.478127 -0.319622 4.380215  0.000005 0.000000 -0.000006
128  -24.830622 -0.319621 4.380217  0.000036 0.000000 -0.000038
129  -26.182030 -0.319621 4.380215  -0.000011 -0.000000 0.000011
130  0.529177 -0.167133 0.629484  -0.101270 -0.000000 0.000000
131  -0.211446 -0.241685 0.155363  -0.145847 -0.000000 0.000000
132  0.529189 -0.280703 -0.110292  -0.145847 -0.000000 0.000000
133  -0.173928 -0.337328 -0.638496  -0.181751 -0.000000 0.000000
134  0.529187 -0.399248 -0.975392  -0.181751 -0.000000 0.000000
135  -0.211446 -0.464478 -1.431040  -0.192399 -0.000000 0.000000
136  0.529188 -0.515809 -1.694582  -0.192399 -0.000000 0.000000
137  -0.173928 -0.612154 -2.231912  -0.216703 -0.000000 0.000000
138  0.529186 -0.685807 -2.566438  -0.216703 -0.000000 0.000000
139  -0.211447 -0.769563 -3.027870  -0.237349 -0.000000 0.000000
140  0.529186 -0.832690 -3.288846  -0.237349 -0.000000 0.000000
141  -0.173938 -0.945284 -3.779565  -0.233859 0.000000 0.000000
142  0.529177 -1.024659 -4.112780  -0.233859 0.000000 0.000000
143  -0.211445 -1.132189 -4.577548  -0.262919 -0.000000 0.000000
144  0.529188 -1.201965 -4.836825  -0.262919 0.000000 0.000000
145  -0.000008 -2.810946 -10.636631  0.258454 0.000000 3.141592
146  -0.192457 -1.345781 -5.370046  -0.280373 0.000000 0.000000
147  0.533983 -1.413514 -5.605105  -0.276883 0.000000 0.000000
148  -0.206619 -1.795760 -6.909776  -0.287354 0.000000 0.000000
149  -0.205806 -1.564821 -6.138256  -0.290843 0.000000 0.000000
150  0.530458 -1.643679 -6.395214  -0.290844 0.000000 0.000000
151  0.535310 -1.790711 -7.204130  -0.287354 -0.000000 0.000000
152  -0.202705 -2.030488 -7.702829  -0.286180 -0.000000 0.000000
153  0.509547 -2.118897 -8.011625  -0.298398 -0.000000 0.000000
154  -0.202703 -2.255279 -8.465171  -0.283134 -0.000000 0.000000
155  0.509547 -2.352983 -8.771160  -0.295352 -0.000000 0.000000
156  -0.202705 -2.481598 -9.235471  -0.285437 -0.000000 0.000000
157  0.509544 -2.588686 -9.538638  -0.297654 -0.000000 0.000000
158  0.170121 -21.222092 -1.001140  -0.000001 -0.000001 0.000000
159  0.170120 -20.843866 -0.397182  -0.000001 -0.000001 0.000000
160  0.170120 -20.489750 -1.001140  -0.000001 -0.000001 0.000000
161  0.170123 -20.111069 -0.397182  -0.000001 -0.000001 0.000000
162  0.170120 -19.380093 -0.397186  -0.000001 -0.000001 0.000000
163  0.170123 -19.025112 -1.001145  -0.000001 -0.000001 0.000000
164  0.170120 -18.646662 -0.396448  -0.000001 -0.000001 0.000000
165  0.170123 -19.755762 -1.001140  -0.000001 -0.000001 0.000000
166  -0.015972 10.035404 1.098091  -0.000000 0.000000 0.000000
167  -0.104323 -52.163574 4.437344  1.570735 -0.000061 -1.570735
168  0.064660 27.351343 72.195213  -0.000000 0.000000 0.000000
169  6.064261 95.114021 31.645500  0.000000 -0.000001 1.570796
170  -0.103713 -26.907860 3.305356  0.000000 -0.000000 -1.570730
171  6.064259 69.096565 37.164318  1.570796 0.000000 1.570796
172  1.974302 11.989231 4.589251  0.000000 0.000000 0.000000
173  1.941735 0.883629 4.309755  0.000000 0.000000 -1.483525
174  -0.115679 1.104776 6.744193  -0.000000 0.000000 0.000000
175  6.064259 89.329811 31.613916  0.000000 -0.000001 1.570796
176  0.059886 2.255379 54.398022  -0.000000 0.000000 0.000000
177  0.003496 -22.270653 -0.000004  1.570735 -0.000061 -1.570735
178  0.104012 14.792243 1.530321  -0.000000 0.000000 0.000000
179  3.000524 -2.985218 1.029105  2.067399 -0.085866 -1.929635
180  -2.951612 25.811049 -3.742301  -0.096365 0.008023 -1.450340
181  -2.662412 1.445782 33.628746  0.000487 3.141104 1.570796
182  8.352068 2.772896 0.000539  -3.140902 0.000003 -0.000001
183  -2.662409 1.445786 40.667969  0.000487 3.141104 1.570796
184  8.352069 2.772897 0.000540  -3.140902 0.000003 -0.000001
185  -1.431357 16.384777 4.137812  0.000001 -0.000000 0.000000
186  -0.001842 0.521684 -0.140288  0.000000 0.000000 0.000000
187  7.323111 -5.136192 -5.166236  -0.000000 0.000000 -0.610865
188  2.698276 0.000002 0.000002  -0.000012 0.000000 0.000000
189  2.834158 0.000000 0.000000  0.000013 0.000000 0.000000
190  2.648916 -0.000001 0.000003  -0.000001 -0.000001 0.000000
191  2.667498 0.000002 0.000003  0.000000 -0.000000 0.000000
192  2.426704 0.000001 0.000001  0.000000 -0.000000 -0.000000
193  -0.494742 -44.353455 -1.302297  1.570797 -0.000000 -1.570797
194  11.545937 73.768417 -3.792010  0.000000 0.000000 0.000000
195  -0.011103 -16.902815 1.952048  0.000001 0.000000 0.000000
196  -0.000005 0.000003 -1.529053  -0.000000 0.000000 0.000000
197  -0.078945 -0.000005 0.000001  0.000000 0.000001 1.570796
198  0.097090 -0.000002 0.000001  -0.000000 -3.141592 1.570796
199  0.000000 0.000000 -0.000000  0.000000 -0.000000 -0.000000
200  -10.891548 -18.289392 -15.298774  -0.606922 0.248832 -0.712932
201  14.144777 -33.887188 -19.432095  1.506038 -0.078565 -1.077656
time 7
0  0 0 0  0 0 0
1  0.000000 0.000000 0.000000  0.000000 -0.000000 -0.000000
2  -0.000000 -0.000000 -55.423229  0.000000 -0.000000 -1.570730
3  -0.012872 0.000000 8.235027  -0.784749 -1.570710 -0.785986
4  16.163124 -0.010663 0.007211  -0.594297 0.000409 -0.000125
5  16.163132 -0.000000 3.830524  -1.333359 -0.199015 -2.456806
6  14.868229 0.000001 0.000001  -0.818394 0.748874 -1.703266
7  26.391947 -0.000004 -0.000001  -0.000000 0.000000 -1.285995
8  0.000001 0.000001 -0.000000  -0.146437 -0.000000 -0.000000
9  3.093514 0.000001 -0.000000  -0.292864 -0.000000 -0.000000
10  6.187025 -0.000004 0.000000  -0.439329 -0.000000 -0.000000
11  9.280534 -0.000003 0.000001  -0.585748 0.000000 -0.000000
12  12.374047 -0.000005 0.000001  -0.732212 -0.000000 -0.000000
13  15.467561 -0.000004 0.000001  -0.878600 -0.000000 -0.000000
14  18.561054 -0.000003 0.000002  -1.025102 -0.000000 -0.000000
15  21.654572 -0.000008 0.000002  -2.981812 -0.411425 0.731483
16  1.410066 0.800538 -2.089133  1.926816 0.229617 0.446891
17  3.954706 0.000001 0.000004  0.032650 -0.305879 0.082888
18  3.101562 0.000002 0.000005  0.038488 -0.173200 0.020373
19  6.164463 -0.898151 2.575012  -0.464106 -0.015897 1.186542
20  2.805845 0.000004 -0.000002  0.000000 0.000000 0.521973
21  2.307441 0.000002 0.000000  -0.000000 0.000000 0.361287
22  7.145092 -0.676341 -1.382426  0.048305 -0.466031 0.179016
23  3.672214 -0.000003 -0.000002  0.000000 0.000000 1.094786
24  2.676517 -0.000006 0.000002  -0.000000 0.000000 0.976405
25  6.831179 -0.870862 0.599917  -0.198432 -0.274957 0.706751
26  3.657079 -0.000001 -0.000001  0.000000 0.000000 1.196110
27  2.496795 0.000002 0.000001  -0.000000 -0.000000 0.510610
28  7.183344 -0.532078 -3.267608  0.092002 -0.569205 -0.163901
29  3.511589 -0.000002 0.000002  -0.000000 0.000000 0.459239
30  2.199413 -0.000003 -0.000000  0.000000 -0.000000 0.877656
31  16.163136 0.000000 -3.830527  0.703564 0.858106 -2.571306
32  14.868248 0.000000 0.000001  -0.203967 -0.143666 -1.830271
33  26.391964 0.000000 0.000003  0.000000 0.000000 -1.678746
34  -0.000003 -0.000001 0.000002  0.116158 0.000000 -0.000000
35  3.093511 -0.000001 0.000001  0.232341 0.000000 -0.000000
36  6.187020 -0.000001 0.000000  0.348574 0.000000 0.000000
37  9.280533 -0.000000 0.000001  0.464757 0.000000 -0.000000
38  12.374039 -0.000001 0.000004  0.580968 -0.000000 -0.000000
39  15.467550 -0.000000 0.000002  0.697159 -0.000000 0.000000
40  18.561064 -0.000000 0.000004  0.813334 0.000000 0.000000
41  21.654564 -0.000000 0.000004  2.561858 -0.604369 0.068375
42  1.410065 0.800529 2.089145  -1.966491 -0.287076 0.559263
43  3.954714 -0.000001 0.000001  0.000000 -0.000000 0.375132
44  3.101564 -0.000001 -0.000003  -0.000000 0.000000 0.790793
45  7.183349 -0.532091 3.267622  0.052242 -0.011652 -0.158551
46  3.511587 0.000001 0.000002  -0.000000 -0.000000 0.189253
47  2.199407 0.000003 0.000004  0.000000 -0.000000 -0.104054
48  7.145097 -0.676349 1.382437  0.255424 0.283825 0.886075
49  3.672211 0.000001 0.000001  -0.000000 -0.000000 1.435616
50  2.676521 -0.000002 -0.000000  -0.000000 0.000000 1.062915
51  6.831169 -0.870868 -0.599906  0.339890 0.115856 1.057859
52  3.657085 0.000003 -0.000002  -0.000000 -0.000000 1.252193
53  2.496796 -0.000003 -0.000000  0.000000 0.000000 0.840195
54  6.164462 -0.898157 -2.575004  0.409526 -0.061317 1.152482
55  2.805844 0.000000 0.000000  0.000000 -0.000000 0.666008
56  2.307449 -0.000000 0.000000  -0.000000 0.000000 0.844543
57  0.000000 0.000000 0.000000  0.000001 -0.000000 -0.000000
58  10.302546 -33.967682 -17.988981  0.209343 0.530355 0.868264
59  -0.000004 -19.069479 4.681035  0.000000 0.000000 0.000000
60  1.986522 0.000019 -3.123737  -2.705260 -0.000000 -1.570797
61  -1.986695 0.000014 -3.123748  0.436333 0.000001 1.570797
62  -0.000001 -0.000002 0.000000  0.000000 0.000000 0.000000
63  -1.530660 0.861423 -3.109959  0.392682 0.000010 1.570745
64  -11.344170 1.135891 0.869267  0.000328 -0.024963 -0.026314
65  1.907532 0.861415 -2.954430  -0.392858 -0.000004 1.570778
66  -11.350043 -0.729406 0.864870  0.000154 -0.025335 0.026430
67  1.754238 4.036757 -1.682668  0.392549 -0.010099 -1.546344
68  -1.755145 4.036759 -1.682670  -0.392547 -0.010382 -1.594901
69  -0.164560 5.734782 5.880444  0.000000 0.000000 -1.570730
70  1.203547 5.503720 4.339430  0.000000 0.000000 0.000000
71  -1.260175 5.668900 5.788552  0.070161 -0.418898 2.970131
72  1.185470 17.272335 1.821943  0.000000 0.000000 0.000000
73  0.060219 10.324434 74.469055  0.000000 0.000000 0.000000
74  0.052671 -3.972628 3.515851  1.570735 -0.000061 -1.570735
75  4.804187 -3.856465 -0.006879  0.000000 0.000000 0.000000
76  -6.013985 -4.624458 0.000000  0.000000 0.000000 -0.000000
77  -65.574104 -37.156044 0.002938  -0.786069 1.570710 0.783751
78  1.602685 -3.785212 0.003048  -0.786191 1.570710 0.783567
79  11.681374 -1.114739 -1.027848  -0.784789 1.570710 0.785093
80  19.766779 -3.800920 0.000000  0.000000 0.000000 -0.000000
81  3.258443 5.856955 -3.403524  -0.000000 -0.000000 -0.000000
82  15.153047 5.860585 -3.403523  0.000000 -0.000000 -0.000000
83  6.064256 77.294952 36.365799  1.570796 -0.000000 1.570796
84  -2.662414 1.445753 40.667957  -0.000000 3.141591 1.570796
85  8.352065 2.772898 0.000536  -3.141589 0.000002 -0.000000
86  6.064256 72.973694 32.593254  1.570796 -0.000000 1.570796
87  -0.113678 5.957336 -0.188892  0.000000 0.000000 0.000000
88  0.097221 0.210962 3.469587  0.000000 0.000000 0.000000
89  0.000001 1.310211 0.000000  0.000000 0.000000 0.000000
90  0.000002 0.582261 0.000000  0.000000 0.000000 0.000000
91  0.036298 1.284883 7.928799  0.000000 -0.000001 0.000000
92  0.000000 1.310210 0.000000  0.000000 0.000000 0.000000
93  0.000001 0.582260 0.000001  0.000000 0.000000 0.000000
94  5.969322 3.427458 -6.170651  -0.000001 -0.000001 -1.570797
95  -1.310207 0.000002 -0.000001  0.000000 -0.000000 -0.000000
96  -0.582257 0.000002 -0.000001  0.000000 0.000000 -0.000000
97  5.969323 9.397400 -6.170660  -0.000001 -0.000001 -1.570796
98  -1.310211 -0.000000 0.000001  0.000000 0.000000 -0.000000
99  -0.582260 -0.000001 0.000002  0.000000 0.000000 -0.000000
100  5.969319 15.223770 -6.170670  -0.000000 -0.000001 -1.570796
101  -1.310212 0.000002 0.000002  -0.000000 0.000000 -0.000000
102  -0.582259 0.000001 0.000000  -0.000000 0.000000 -0.000000
103  5.969321 20.835569 -6.170672  -0.000000 -0.000001 -1.570796
104  -1.310211 0.000002 -0.000002  -0.000000 0.000000 -0.000000
105  -0.582261 0.000000 0.000001  -0.000000 0.000000 -0.000000
106  5.969323 26.771208 -6.170672  -0.000000 -0.000001 -1.570796
107  5.969323 32.597595 -6.170674  -0.000000 -0.000001 -1.570796
108  5.969321 38.209400 -6.170685  -0.000000 -0.000001 -1.570800
109  5.969324 49.488468 -6.170682  -0.000000 -0.000001 -1.570800
110  -0.539092 -0.556808 -0.017363  -0.042462 2.681156 1.551919
111  -6.799127 -0.556808 0.818549  -0.272420 2.701993 1.452460
112  -4.615285 -0.556822 0.270328  -0.117230 2.684609 1.518878
113  -2.650970 -0.556808 0.063010  -0.042463 2.681158 1.551919
114  27.110336 1.284859 12.007547  0.000000 -0.000000 0.000000
115  28.133423 1.284857 12.007548  0.000001 -0.000000 0.000000
116  12.812885 2.241786 12.007548  0.000000 -0.000001 -0.000001
117  -9.955968 -0.319623 4.380214  -0.000001 -0.000000 -0.000001
118  -11.316476 -0.319623 4.380215  -0.000003 -0.000000 -0.000000
119  -12.667812 -0.319623 4.380216  -0.000003 -0.000000 0.000001
120  -14.022143 -0.319622 4.380216  0.000010 -0.000000 -0.000011
121  -15.373241 -0.319621 4.380215  0.000015 -0.000000 -0.000015
122  -16.724144 -0.319621 4.380215  -0.000009 -0.000000 0.000006
123  -18.074572 -0.319622 4.380214  -0.000006 0.000000 0.000004
124  -19.423719 -0.319621 4.380215  0.000002 0.000000 -0.000004
125  -20.775272 -0.319618 4.380216  0.000003 0.000000 -0.000004
126  -22.126675 -0.319620 4.380215  0.000003 0.000000 -0.000004
127  -23.478125 -0.319619 4.380215  0.000005 0.000000 -0.000006
128  -24.830622 -0.319619 4.380217  0.000036 0.000000 -0.000038
129  -26.182030 -0.319621 4.380215  -0.000011 0.000000 0.000011
130  0.529179 -0.167130 0.629483  -0.101270 -0.000000 0.000000
131  -0.211445 -0.241683 0.155362  -0.145847 -0.000000 0.000000
132  0.529190 -0.280700 -0.110293  -0.145847 -0.000000 -0.000000
133  -0.173928 -0.337326 -0.638495  -0.181751 -0.000000 0.000000
134  0.529188 -0.399246 -0.975394  -0.181751 -0.000000 0.000000
135  -0.211448 -0.464478 -1.431041  -0.192399 -0.000000 0.000000
136  0.529188 -0.515808 -1.694583  -0.192399 -0.000000 0.000000
137  -0.173929 -0.612152 -2.231912  -0.216703 -0.000000 0.000000
138  0.529186 -0.685806 -2.566440  -0.216703 -0.000000 -0.000000
139  -0.211445 -0.769562 -3.027872  -0.237349 -0.000000 0.000000
140  0.529187 -0.832687 -3.288847  -0.237349 -0.000000 -0.000000
141  -0.173937 -0.945281 -3.779563  -0.233859 0.000000 0.000000
142  0.529176 -1.024659 -4.112780  -0.233859 0.000000 -0.000000
143  -0.211445 -1.132186 -4.577547  -0.262919 -0.000000 0.000000
144  0.529187 -1.201965 -4.836824  -0.262919 0.000000 -0.000000
145  -0.000005 -2.810940 -10.636628  0.258454 0.000000 3.141592
146  -0.192456 -1.345780 -5.370046  -0.280373 0.000000 0.000000
147  0.533983 -1.413514 -5.605106  -0.276883 0.000000 0.000000
148  -0.206620 -1.795759 -6.909780  -0.287354 0.000000 0.000000
149  -0.205806 -1.564818 -6.138257  -0.290843 0.000000 0.000000
150  0.530458 -1.643676 -6.395214  -0.290844 0.000000 0.000000
151  0.535311 -1.790711 -7.204133  -0.287354 -0.000000 0.000000
152  -0.202704 -2.030486 -7.702830  -0.286180 -0.000000 0.000000
153  0.509546 -2.118896 -8.011623  -0.298398 -0.000000 0.000000
154  -0.202704 -2.255277 -8.465172  -0.283134 -0.000000 0.000000
155  0.509545 -2.352980 -8.771158  -0.295352 -0.000000 0.000000
156  -0.202705 -2.481596 -9.235473  -0.285437 -0.000000 0.000000
157  0.509544 -2.588682 -9.538637  -0.297654 -0.000000 0.000000
158  0.170121 -21.222094 -1.001140  -0.000001 -0.000001 0.000000
159  0.170119 -20.843866 -0.397182  -0.000001 -0.000001 0.000000
160  0.170121 -20.489746 -1.001140  -0.000001 -0.000001 0.000000
161  0.170121 -20.111071 -0.397184  -0.000001 -0.000001 0.000000
162  0.170124 -19.380089 -0.397185  -0.000001 -0.000001 0.000000
163  0.170121 -19.025108 -1.001146  -0.000001 -0.000001 0.000000
164  0.170122 -18.646660 -0.396447  -0.000001 -0.000001 0.000000
165  0.170122 -19.755760 -1.001142  -0.000001 -0.000001 0.000000
166  -0.015975 10.035403 1.098091  0.000000 0.000000 0.000000
167  -0.104330 -52.163582 4.437344  1.570735 -0.000061 -1.570735
168  0.064652 27.351343 72.195206  0.000000 0.000000 0.000000
169  6.064256 95.114021 31.645498  0.000000 -0.000001 1.570796
170  -0.103721 -26.907869 3.305358  0.000000 0.000000 -1.570730
171  6.064257 69.096558 37.164318  1.570796 -0.000000 1.570796
172  1.974300 11.989232 4.589250  0.000001 0.000000 0.000000
173  1.941734 0.883631 4.309754  0.000000 0.000000 -1.483525
174  -0.115680 1.104778 6.744192  0.000000 0.000000 0.000000
175  6.064260 89.329796 31.613920  0.000000 -0.000001 1.570796
176  0.059883 2.255377 54.398026  0.000000 0.000000 0.000000
177  0.003492 -22.270655 -0.000004  1.570735 -0.000061 -1.570735
178  0.104008 14.792239 1.530320  0.000000 0.000000 0.000000
179  3.000520 -2.985220 1.029099  2.067399 -0.085866 -1.929635
180  -2.951615 25.811047 -3.742301  -0.096365 0.008023 -1.450340
181  -2.662416 1.445781 33.628742  0.000487 3.141104 1.570796
182  8.352067 2.772895 0.000539  -3.140902 0.000003 -0.000001
183  -2.662413 1.445786 40.667973  0.000487 3.141104 1.570796
184  8.352068 2.772896 0.000542  -3.140902 0.000003 -0.000001
185  -1.431357 16.384777 4.137812  0.000001 0.000000 0.000000
186  -0.001844 0.521683 -0.140290  0.000000 0.000000 0.000000
187  7.323106 -5.136192 -5.166237  0.000000 0.000000 -0.610865
188  2.698279 -0.000003 -0.000001  -0.000012 0.000000 0.000000
189  2.834162 -0.000005 0.000000  0.000013 0.000000 0.000000
190  2.648917 0.000002 0.000000  -0.000001 -0.000001 0.000000
191  2.667502 -0.000003 -0.000001  -0.000000 0.000000 0.000000
192  2.426699 -0.000001 -0.000003  0.000000 -0.000000 -0.000000
193  -0.494745 -44.353447 -1.302301  1.570797 -0.000000 -1.570797
194  11.545937 73.768417 -3.792009  0.000000 0.000000 0.000000
195  -0.011105 -16.902813 1.952047  0.000001 0.000000 0.000000
196  0.000000 -0.000006 -1.529051  -0.000000 -0.000000 -0.000000
197  -0.078943 0.000001 0.000002  0.000000 0.000001 1.570796
198  0.097090 0.000000 0.000002  -0.000000 -3.141592 1.570796
199  0.000000 0.000000 -0.000000  0.000000 -0.000000 -0.000000
200  -10.646688 -18.437687 -15.027771  -0.615149 0.248027 -0.707283
201  14.495889 -33.867878 -19.173836  1.498889 -0.082147 -1.069424
time 8
0  0 0 0  0 0 0
1  0.000000 0.000000 0.000000  0.000000 -0.000000 -0.000000
2  -0.000000 -0.000000 -55.423229  0.000000 -0.000000 -1.570730
3  -0.012872 0.000000 8.235027  -0.784749 -1.570710 -0.785986
4  16.163124 -0.010663 0.007211  -0.594297 0.000409 -0.000125
5  16.163132 -0.000000 3.830524  -1.333359 -0.199015 -2.456806
6  14.868229 0.000001 0.000001  -0.825741 0.734505 -1.706039
7  26.391943 -0.000007 -0.000001  -0.000000 0.000000 -1.284394
8  0.000002 0.000006 -0.000000  -0.146069 -0.000000 -0.000000
9  3.093516 0.000009 0.000000  -0.292185 -0.000000 -0.000000
10  6.187024 0.000007 0.000001  -0.438328 -0.000000 -0.000000
11  9.280535 0.000005 0.000001  -0.584410 0.000000 -0.000000
12  12.374048 0.000003 0.000001  -0.730512 -0.000000 -0.000000
13  15.467560 0.000003 0.000001  -0.876645 -0.000000 -0.000000
14  18.561060 0.000003 0.000001  -1.022792 -0.000000 -0.000000
15  21.654573 0.000001 0.000003  -2.979498 -0.412072 0.735183
16  1.410068 0.800540 -2.089136  1.926816 0.229617 0.446891
17  3.954706 -0.000001 0.000004  0.032650 -0.305879 0.082888
18  3.101569 -0.000001 0.000002  0.038488 -0.173200 0.020373
19  6.164464 -0.898153 2.575013  -0.464106 -0.015897 1.186542
20  2.805843 0.000006 0.000003  -0.000000 -0.000000 0.521973
21  2.307440 0.000006 0.000002  -0.000000 0.000000 0.361287
22  7.145097 -0.676340 -1.382427  0.048305 -0.466031 0.179016
23  3.672221 -0.000001 -0.000004  0.000000 0.000000 1.094786
24  2.676519 -0.000001 0.000001  0.000000 0.000000 0.976405
25  6.831180 -0.870863 0.599916  -0.198432 -0.274957 0.706750
26  3.657076 0.000003 -0.000003  0.000000 0.000000 1.196110
27  2.496791 -0.000001 -0.000001  -0.000000 -0.000000 0.510610
28  7.183346 -0.532079 -3.267608  0.092002 -0.569205 -0.163901
29  3.511589 -0.000004 0.000001  -0.000000 -0.000000 0.459239
30  2.199416 -0.000000 -0.000001  0.000000 -0.000000 0.877656
31  16.163136 0.000000 -3.830527  0.703564 0.858106 -2.571306
32  14.868248 0.000000 0.000001  -0.198248 -0.143236 -1.846410
33  26.391968 0.000003 0.000002  0.000000 0.000000 -1.664728
34  0.000002 0.000000 0.000001  0.116219 0.000000 -0.000000
35  3.093516 -0.000002 0.000000  0.232464 0.000000 0.000000
36  6.187025 -0.000001 -0.000001  0.348698 0.000000 0.000000
37  9.280539 -0.000001 0.000001  0.465008 0.000000 0.000000
38  12.374044 -0.000001 0.000001  0.581223 0.000000 -0.000000
39  15.467554 -0.000000 0.000001  0.697484 0.000000 -0.000000
40  18.561069 -0.000002 -0.000000  0.813733 0.000000 0.000000
41  21.654570 -0.000002 0.000002  2.568251 -0.604771 0.054676
42  1.410063 0.800529 2.089142  -1.966491 -0.287076 0.559263
43  3.954715 -0.000003 0.000000  0.000000 0.000000 0.375132
44  3.101566 -0.000003 -0.000003  -0.000000 0.000000 0.790793
45  7.183349 -0.532091 3.267618  0.052242 -0.011652 -0.158551
46  3.511587 -0.000001 -0.000001  0.000000 -0.000000 0.189253
47  2.199406 0.000000 0.000001  0.000000 0.000000 -0.104054
48  7.145095 -0.676347 1.382435  0.255424 0.283825 0.886074
49  3.672211 0.000001 0.000002  -0.000000 -0.000000 1.435616
50  2.676522 0.000001 -0.000001  -0.000000 0.000000 1.062915
51  6.831168 -0.870866 -0.599910  0.339890 0.115856 1.057859
52  3.657084 -0.000000 0.000000  -0.000000 -0.000000 1.252193
53  2.496801 -0.000001 -0.000001  0.000000 0.000000 0.840195
54  6.164460 -0.898155 -2.575007  0.409526 -0.061317 1.152482
55  2.805843 0.000000 -0.000003  0.000000 0.000000 0.666009
56  2.307448 0.000000 0.000001  -0.000000 0.000000 0.844543
57  0.000000 0.000000 0.000000  0.000001 -0.000000 -0.000000
58  10.751384 -33.919212 -17.636145  0.206521 0.533050 0.878376
59  0.000000 -19.069487 4.681026  0.000000 -0.000000 0.000000
60  1.986525 0.000014 -3.123737  -2.705260 -0.000000 -1.570797
61  -1.986695 0.000012 -3.123745  0.436333 0.000001 1.570797
62  -0.000003 -0.000002 0.000000  0.000000 -0.000000 0.000000
63  -1.530660 0.861420 -3.109959  0.392682 0.000010 1.570745
64  -11.344162 1.135895 0.869267  0.000328 -0.024963 -0.026314
65  1.907530 0.861413 -2.954430  -0.392858 -0.000004 1.570778
66  -11.350050 -0.729401 0.864872  0.000154 -0.025335 0.026430
67  1.754233 4.036757 -1.682669  0.392549 -0.010099 -1.546344
68  -1.755147 4.036754 -1.682671  -0.392547 -0.010382 -1.594901
69  -0.164559 5.734783 5.880444  0.000000 -0.000000 -1.570730
70  1.203544 5.503721 4.339430  0.000000 -0.000000 0.000000
71  -1.260176 5.668898 5.788551  0.070161 -0.418898 2.970131
72  1.185468 17.272333 1.821941  0.000000 -0.000000 0.000000
73  0.060221 10.324434 74.469055  0.000000 -0.000000 0.000000
74  0.052684 -3.972622 3.515838  1.570735 -0.000061 -1.570735
75  4.804187 -3.856466 -0.006878  0.000000 0.000000 0.000000
76  -6.013984 -4.624460 0.000000  0.000000 0.000000 -0.000000
77  -65.574089 -37.156040 0.002934  -0.786678 1.570710 0.783691
78  1.602687 -3.785215 0.003050  -0.786313 1.570710 0.783934
79  11.681375 -1.114739 -1.027847  -0.784667 1.570710 0.786191
80  19.766777 -3.800921 0.000001  0.000000 0.000000 -0.000000
81  3.258441 5.856956 -3.403523  -0.000000 -0.000000 -0.000000
82  15.153049 5.860581 -3.403519  0.000000 -0.000000 0.000000
83  6.064253 77.294952 36.365791  1.570796 -0.000000 1.570796
84  -2.662414 1.445756 40.667957  -0.000000 3.141591 1.570796
85  8.352064 2.772895 0.000542  -3.141589 0.000002 0.000000
86  6.064254 72.973694 32.593250  1.570796 -0.000000 1.570796
87  -0.113678 5.957341 -0.188892  0.000000 -0.000000 0.000000
88  0.097223 0.210959 3.469588  0.000000 -0.000000 0.000000
89  0.000000 1.310209 0.000000  0.000000 0.000000 0.000000
90  0.000000 0.582258 0.000000  0.000000 0.000000 0.000000
91  0.036295 1.284877 7.928798  0.000000 -0.000001 0.000000
92  -0.000000 1.310208 0.000000  0.000000 -0.000000 0.000000
93  0.000000 0.582259 0.000000  0.000000 -0.000000 0.000000
94  5.969323 3.427457 -6.170650  -0.000000 -0.000001 -1.570797
95  -1.310208 -0.000003 -0.000001  0.000000 -0.000000 -0.000000
96  -0.582258 -0.000003 -0.000002  0.000000 -0.000000 -0.000000
97  5.969322 9.397395 -6.170661  -0.000001 -0.000001 -1.570796
98  -1.310210 -0.000002 0.000001  0.000000 0.000000 -0.000000
99  -0.582259 -0.000002 -0.000000  0.000000 0.000001 -0.000000
100  5.969319 15.223765 -6.170671  0.000000 -0.000001 -1.570796
101  -1.310212 0.000002 0.000001  -0.000000 0.000000 -0.000000
102  -0.582261 0.000003 0.000000  -0.000000 0.000000 -0.000000
103  5.969321 20.835567 -6.170672  0.000000 -0.000001 -1.570796
104  -1.310211 0.000002 0.000001  -0.000000 0.000000 -0.000000
105  -0.582262 0.000000 0.000003  -0.000000 0.000000 -0.000000
106  5.969324 26.771206 -6.170673  0.000000 -0.000001 -1.570796
107  5.969321 32.597591 -6.170674  0.000000 -0.000001 -1.570796
108  5.969322 38.209396 -6.170683  0.000000 -0.000001 -1.570800
109  5.969321 49.488464 -6.170685  0.000000 -0.000001 -1.570800
110  -0.539089 -0.556811 -0.017364  -0.042462 2.681156 1.551919
111  -6.799125 -0.556811 0.818549  -0.272420 2.701993 1.452460
112  -4.615283 -0.556826 0.270326  -0.117230 2.684609 1.518878
113  -2.650971 -0.556811 0.063010  -0.042463 2.681158 1.551919
114  27.110334 1.284855 12.007550  0.000000 -0.000000 -0.000000
115  28.133427 1.284853 12.007547  0.000001 -0.000000 -0.000000
116  12.812885 2.241782 12.007550  0.000000 -0.000001 -0.000001
117  -9.955967 -0.319627 4.380214  -0.000001 -0.000000 -0.000001
118  -11.316475 -0.319626 4.380214  -0.000003 -0.000000 -0.000000
119  -12.667810 -0.319625 4.380215  -0.000003 -0.000000 0.000001
120  -14.022141 -0.319625 4.380215  0.000010 -0.000000 -0.000011
121  -15.373240 -0.319626 4.380213  0.000015 -0.000000 -0.000015
122  -16.724142 -0.319624 4.380214  -0.000009 -0.000000 0.000006
123  -18.074572 -0.319625 4.380214  -0.000006 -0.000000 0.000004
124  -19.423716 -0.319623 4.380214  0.000002 0.000000 -0.000004
125  -20.775270 -0.319623 4.380215  0.000003 0.000000 -0.000004
126  -22.126673 -0.319624 4.380213  0.000003 -0.000000 -0.000004
127  -23.478125 -0.319623 4.380215  0.000005 -0.000000 -0.000006
128  -24.830622 -0.319623 4.380214  0.000036 -0.000000 -0.000038
129  -26.182028 -0.319621 4.380215  -0.000011 -0.000000 0.000011
130  0.529178 -0.167133 0.629485  -0.101270 -0.000000 0.000000
131  -0.211445 -0.241687 0.155359  -0.145847 -0.000000 0.000000
132  0.529190 -0.280704 -0.110294  -0.145847 -0.000000 -0.000000
133  -0.173927 -0.337328 -0.638495  -0.181751 -0.000000 0.000000
134  0.529189 -0.399250 -0.975395  -0.181751 -0.000000 0.000000
135  -0.211444 -0.464480 -1.431043  -0.192399 -0.000000 0.000000
136  0.529188 -0.515812 -1.694584  -0.192399 -0.000000 0.000000
137  -0.173930 -0.612156 -2.231911  -0.216703 -0.000000 0.000000
138  0.529187 -0.685809 -2.566441  -0.216703 -0.000000 -0.000000
139  -0.211446 -0.769563 -3.027871  -0.237349 -0.000000 0.000000
140  0.529186 -0.832690 -3.288848  -0.237349 -0.000000 -0.000000
141  -0.173938 -0.945283 -3.779564  -0.233859 0.000000 0.000000
142  0.529179 -1.024660 -4.112781  -0.233859 0.000000 -0.000000
143  -0.211444 -1.132190 -4.577548  -0.262919 -0.000000 0.000000
144  0.529188 -1.201968 -4.836824  -0.262919 0.000000 -0.000000
145  -0.000005 -2.810944 -10.636630  0.258454 0.000000 3.141592
146  -0.192456 -1.345781 -5.370046  -0.280373 0.000000 0.000000
147  0.533983 -1.413514 -5.605104  -0.276883 0.000000 0.000000
148  -0.206620 -1.795764 -6.909780  -0.287354 0.000000 0.000000
149  -0.205806 -1.564822 -6.138257  -0.290843 0.000000 0.000000
150  0.530458 -1.643681 -6.395215  -0.290844 0.000000 0.000000
151  0.535310 -1.790713 -7.204134  -0.287354 -0.000000 0.000000
152  -0.202702 -2.030488 -7.702829  -0.286180 -0.000000 0.000000
153  0.509548 -2.118897 -8.011624  -0.298398 -0.000000 0.000000
154  -0.202704 -2.255282 -8.465172  -0.283134 -0.000000 0.000000
155  0.509548 -2.352983 -8.771159  -0.295352 -0.000000 0.000000
156  -0.202707 -2.481601 -9.235471  -0.285437 -0.000000 0.000000
157  0.509548 -2.588684 -9.538638  -0.297654 -0.000000 0.000000
158  0.170123 -21.222094 -1.001142  -0.000001 -0.000001 0.000000
159  0.170122 -20.843864 -0.397182  -0.000001 -0.000001 0.000000
160  0.170122 -20.489748 -1.001143  -0.000001 -0.000001 0.000000
161  0.170122 -20.111073 -0.397182  -0.000001 -0.000001 0.000000
162  0.170121 -19.380091 -0.397187  -0.000001 -0.000001 0.000000
163  0.170121 -19.025112 -1.001148  -0.000001 -0.000001 0.000000
164  0.170122 -18.646664 -0.396447  -0.000001 -0.000001 0.000000
165  0.170123 -19.755764 -1.001142  -0.000001 -0.000001 0.000000
166  -0.015976 10.035402 1.098090  0.000000 -0.000000 0.000000
167  -0.104320 -52.163578 4.437346  1.570735 -0.000061 -1.570735
168  0.064655 27.351341 72.195206  0.000000 -0.000000 0.000000
169  6.064252 95.114014 31.645498  0.000000 -0.000001 1.570796
170  -0.103716 -26.907862 3.305356  0.000000 -0.000000 -1.570730
171  6.064255 69.096558 37.164318  1.570796 -0.000000 1.570796
172  1.974301 11.989233 4.589251  0.000000 -0.000000 0.000000
173  1.941734 0.883631 4.309754  -0.000000 0.000000 -1.483525
174  -0.115681 1.104775 6.744193  0.000000 -0.000000 0.000000
175  6.064257 89.329796 31.613914  0.000000 -0.000001 1.570796
176  0.059885 2.255377 54.398022  0.000000 -0.000000 0.000000
177  0.003499 -22.270655 -0.000001  1.570735 -0.000061 -1.570735
178  0.104008 14.792239 1.530320  0.000000 -0.000000 0.000000
179  3.000520 -2.985223 1.029099  2.067399 -0.085866 -1.929635
180  -2.951614 25.811047 -3.742304  -0.096365 0.008023 -1.450340
181  -2.662414 1.445781 33.628742  0.000487 3.141104 1.570796
182  8.352068 2.772896 0.000538  -3.140902 0.000003 -0.000001
183  -2.662414 1.445789 40.667969  0.000487 3.141104 1.570796
184  8.352066 2.772895 0.000542  -3.140902 0.000003 -0.000001
185  -1.431357 16.384781 4.137812  0.000001 0.000000 0.000000
186  -0.001847 0.521683 -0.140287  0.000000 -0.000000 0.000000
187  7.323107 -5.136194 -5.166236  0.000000 0.000000 -0.610865
188  2.698276 0.000002 0.000004  -0.000012 0.000000 0.000000
189  2.834157 -0.000004 0.000000  0.000013 0.000000 0.000000
190  2.648917 -0.000001 -0.000002  -0.000001 -0.000001 0.000000
191  2.667496 0.000000 -0.000003  0.000000 0.000000 0.000000
192  2.426701 -0.000003 -0.000003  0.000000 -0.000000 -0.000000
193  -0.494745 -44.353447 -1.302299  1.570797 -0.000000 -1.570797
194  11.545935 73.768417 -3.792008  0.000000 -0.000000 0.000000
195  -0.011105 -16.902815 1.952048  0.000001 -0.000000 0.000000
196  -0.000001 0.000004 -1.529055  -0.000000 0.000000 0.000000
197  -0.078939 -0.000001 -0.000003  0.000000 0.000001 1.570796
198  0.097095 -0.000002 -0.000001  -0.000000 -3.141592 1.570796
199  0.000000 0.000000 -0.000000  0.000000 -0.000000 -0.000000
200  -10.374002 -18.621847 -14.733279  -0.617961 0.245568 -0.696430
201  14.941895 -33.776833 -18.820774  1.497189 -0.085440 -1.057705
time 9
0  0 0 0  0 0 0
1  0.000000 0.000000 0.000000  0.000000 -0.000000 -0.000000
2  -0.000000 -0.000000 -55.423229  0.000000 -0.000000 -1.570730
3  -0.012872 0.000000 8.235027  -0.784749 -1.570710 -0.785986
4  16.163124 -0.010663 0.007211  -0.594297 0.000409 -0.000125
5  16.163132 -0.000000 3.830524  -1.333359 -0.199015 -2.456806
6  14.868229 0.000001 0.000001  -0.832754 0.719565 -1.707000
7  26.391939 -0.000004 -0.000000  -0.000000 0.000000 -1.285690
8  0.000000 0.000001 0.000001  -0.145274 -0.000000 -0.000000
9  3.093517 0.000002 0.000000  -0.290643 -0.000000 -0.000000
10  6.187024 -0.000001 0.000001  -0.435953 -0.000000 -0.000000
11  9.280536 0.000000 0.000001  -0.581287 0.000000 -0.000000
12  12.374049 -0.000001 0.000002  -0.726593 -0.000000 -0.000000
13  15.467560 -0.000003 0.000003  -0.871929 -0.000000 -0.000000
14  18.561058 -0.000003 0.000003  -1.017267 -0.000000 -0.000000
15  21.654575 -0.000001 0.000003  -2.973664 -0.413920 0.740351
16  1.410068 0.800542 -2.089133  1.926816 0.229617 0.446891
17  3.954705 -0.000003 0.000005  0.032650 -0.305879 0.082888
18  3.101565 0.000000 0.000003  0.038488 -0.173200 0.020373
19  6.164462 -0.898146 2.575012  -0.464106 -0.015897 1.186542
20  2.805845 -0.000002 0.000003  -0.000000 -0.000000 0.521973
21  2.307441 0.000004 0.000002  -0.000000 0.000000 0.361287
22  7.145094 -0.676336 -1.382423  0.048305 -0.466031 0.179016
23  3.672216 0.000000 -0.000001  0.000000 0.000000 1.094786
24  2.676516 0.000002 0.000002  -0.000000 0.000000 0.976405
25  6.831175 -0.870859 0.599916  -0.198432 -0.274957 0.706750
26  3.657079 -0.000001 -0.000001  0.000000 0.000000 1.196110
27  2.496796 0.000002 0.000003  -0.000000 -0.000000 0.510610
28  7.183348 -0.532073 -3.267607  0.092002 -0.569205 -0.163901
29  3.511582 0.000001 0.000004  -0.000000 -0.000000 0.459239
30  2.199421 0.000000 0.000000  0.000000 -0.000000 0.877656
31  16.163136 0.000000 -3.830527  0.703564 0.858106 -2.571306
32  14.868248 0.000000 0.000001  -0.193295 -0.143641 -1.862665
33  26.391966 0.000003 0.000004  0.000000 0.000000 -1.649377
34  -0.000001 0.000000 -0.000001  0.116463 0.000000 -0.000000
35  3.093513 -0.000002 -0.000001  0.233017 -0.000000 0.000000
36  6.187022 0.000002 -0.000001  0.349504 0.000000 -0.000000
37  9.280535 0.000000 0.000001  0.466074 0.000000 -0.000000
38  12.374039 0.000001 -0.000000  0.582561 -0.000000 -0.000000
39  15.467550 0.000000 -0.000001  0.699108 -0.000000 -0.000000
40  18.561062 -0.000001 0.000001  0.815594 -0.000000 0.000000
41  21.654564 -0.000000 0.000002  2.577506 -0.602977 0.036310
42  1.410064 0.800527 2.089142  -1.966491 -0.287076 0.559263
43  3.954716 0.000000 -0.000001  0.000000 0.000000 0.375132
44  3.101564 0.000000 -0.000003  -0.000000 0.000000 0.790793
45  7.183350 -0.532092 3.267620  0.052242 -0.011652 -0.158551
46  3.511588 0.000000 -0.000000  0.000000 -0.000000 0.189253
47  2.199411 -0.000002 0.000001  -0.000000 0.000000 -0.104054
48  7.145096 -0.676348 1.382435  0.255424 0.283825 0.886075
49  3.672211 -0.000001 0.000000  -0.000000 -0.000000 1.435616
50  2.676522 0.000000 -0.000000  -0.000000 0.000000 1.062915
51  6.831169 -0.870869 -0.599909  0.339890 0.115856 1.057859
52  3.657083 0.000002 -0.000001  -0.000000 -0.000000 1.252193
53  2.496799 -0.000000 -0.000002  0.000000 0.000000 0.840195
54  6.164459 -0.898155 -2.575005  0.409526 -0.061317 1.152482
55  2.805844 0.000001 -0.000000  -0.000000 -0.000000 0.666009
56  2.307451 0.000000 -0.000000  -0.000000 0.000000 0.844543
57  0.000000 0.000000 0.000000  0.000001 -0.000000 -0.000000
58  11.257519 -33.826675 -17.280117  0.202327 0.533360 0.890937
59  0.000000 -19.069481 4.681038  0.000000 -0.000000 0.000000
60  1.986523 0.000017 -3.123738  -2.705260 -0.000000 -1.570797
61  -1.986693 0.000019 -3.123744  0.436333 0.000001 1.570797
62  -0.000002 -0.000001 0.000002  0.000000 -0.000000 0.000000
63  -1.530661 0.861419 -3.109958  0.392682 0.000010 1.570745
64  -11.344170 1.135891 0.869261  0.000328 -0.024963 -0.026314
65  1.907528 0.861414 -2.954429  -0.392858 -0.000004 1.570778
66  -11.350039 -0.729406 0.864871  0.000154 -0.025335 0.026430
67  1.754236 4.036759 -1.682669  0.392549 -0.010099 -1.546344
68  -1.755147 4.036759 -1.682667  -0.392547 -0.010382 -1.594901
69  -0.164558 5.734781 5.880445  0.000000 -0.000000 -1.570730
70  1.203551 5.503722 4.339428  0.000000 -0.000000 0.000000
71  -1.260174 5.668899 5.788552  0.070161 -0.418898 2.970131
72  1.185471 17.272331 1.821941  0.000000 -0.000000 0.000000
73  0.060222 10.324432 74.469048  0.000000 -0.000000 0.000000
74  0.052677 -3.972620 3.515854  1.570735 -0.000061 -1.570735
75  4.804181 -3.856464 -0.006877  0.000000 0.000000 0.000000
76  -6.013988 -4.624458 -0.000000  0.000000 0.000000 -0.000000
77  -65.574097 -37.156044 0.002940  -0.786739 1.570710 0.783447
78  1.602681 -3.785214 0.003048  -0.786861 1.570710 0.784910
79  11.681370 -1.114740 -1.027847  -0.784666 1.570710 0.785520
80  19.766773 -3.800921 0.000004  0.000000 0.000000 0.000000
81  3.258439 5.856954 -3.403524  -0.000000 -0.000000 -0.000000
82  15.153046 5.860581 -3.403521  0.000000 -0.000000 0.000000
83  6.064258 77.294952 36.365791  1.570796 -0.000000 1.570796
84  -2.662411 1.445753 40.667953  -0.000000 3.141591 1.570796
85  8.352069 2.772898 0.000541  -3.141589 0.000002 0.000000
86  6.064260 72.973694 32.593250  1.570796 -0.000000 1.570796
87  -0.113678 5.957332 -0.188894  0.000000 -0.000000 0.000000
88  0.097223 0.210961 3.469588  0.000000 -0.000000 0.000000
89  0.000002 1.310209 0.000001  0.000000 0.000000 0.000000
90  0.000000 0.582258 0.000001  0.000000 0.000000 0.000000
91  0.036295 1.284878 7.928800  0.000000 -0.000001 0.000000
92  0.000001 1.310210 -0.000001  0.000000 0.000000 0.000000
93  0.000001 0.582259 -0.000001  0.000000 0.000000 0.000000
94  5.969318 3.427456 -6.170648  -0.000001 -0.000001 -1.570797
95  -1.310210 0.000002 -0.000000  0.000000 0.000000 -0.000000
96  -0.582260 -0.000000 0.000001  0.000000 0.000000 -0.000000
97  5.969318 9.397396 -6.170656  -0.000001 -0.000001 -1.570796
98  -1.310211 -0.000002 0.000002  0.000000 0.000001 -0.000000
99  -0.582260 -0.000001 0.000002  0.000000 0.000001 -0.000000
100  5.969320 15.223768 -6.170668  0.000000 -0.000001 -1.570796
101  -1.310212 0.000004 -0.000000  -0.000000 0.000000 -0.000000
102  -0.582261 0.000003 -0.000000  -0.000000 0.000001 -0.000000
103  5.969320 20.835566 -6.170671  0.000000 -0.000001 -1.570796
104  -1.310210 0.000002 -0.000000  -0.000000 0.000000 -0.000000
105  -0.582261 0.000002 0.000002  -0.000000 0.000001 -0.000000
106  5.969321 26.771206 -6.170670  0.000000 -0.000001 -1.570796
107  5.969320 32.597595 -6.170672  0.000000 -0.000001 -1.570796
108  5.969320 38.209393 -6.170683  0.000000 -0.000001 -1.570800
109  5.969321 49.488464 -6.170681  0.000000 -0.000001 -1.570800
110  -0.539093 -0.556811 -0.017362  -0.042462 2.681156 1.551919
111  -6.799125 -0.556808 0.818552  -0.272420 2.701993 1.452460
112  -4.615283 -0.556823 0.270329  -0.117230 2.684609 1.518878
113  -2.650971 -0.556810 0.063012  -0.042463 2.681158 1.551919
114  27.110332 1.284855 12.007548  0.000000 -0.000000 0.000000
115  28.133421 1.284852 12.007548  0.000001 -0.000000 0.000000
116  12.812883 2.241782 12.007549  0.000000 -0.000001 -0.000001
117  -9.955967 -0.319626 4.380216  -0.000001 -0.000000 -0.000001
118  -11.316476 -0.319626 4.380216  -0.000003 -0.000000 -0.000000
119  -12.667813 -0.319626 4.380216  -0.000003 -0.000000 0.000001
120  -14.022144 -0.319627 4.380216  0.000010 -0.000000 -0.000011
121  -15.373242 -0.319627 4.380216  0.000015 -0.000000 -0.000015
122  -16.724142 -0.319624 4.380216  -0.000009 -0.000000 0.000006
123  -18.074574 -0.319623 4.380216  -0.000006 0.000000 0.000004
124  -19.423716 -0.319623 4.380216  0.000002 0.000000 -0.000004
125  -20.775274 -0.319625 4.380215  0.000003 0.000000 -0.000004
126  -22.126675 -0.319623 4.380216  0.000003 -0.000000 -0.000004
127  -23.478125 -0.319624 4.380216  0.000005 0.000000 -0.000006
128  -24.830624 -0.319624 4.380216  0.000036 0.000000 -0.000038
129  -26.182030 -0.319622 4.380216  -0.000011 0.000000 0.000011
130  0.529177 -0.167133 0.629486  -0.101270 -0.000000 0.000000
131  -0.211447 -0.241688 0.155363  -0.145847 -0.000000 0.000000
132  0.529186 -0.280704 -0.110291  -0.145847 -0.000000 -0.000000
133  -0.173931 -0.337329 -0.638493  -0.181751 -0.000000 0.000000
134  0.529188 -0.399249 -0.975392  -0.181751 -0.000000 0.000000
135  -0.211448 -0.464481 -1.431041  -0.192399 -0.000000 0.000000
136  0.529187 -0.515811 -1.694583  -0.192399 -0.000000 0.000000
137  -0.173930 -0.612154 -2.231910  -0.216703 -0.000000 0.000000
138  0.529184 -0.685809 -2.566438  -0.216703 -0.000000 -0.000000
139  -0.211446 -0.769563 -3.027870  -0.237349 -0.000000 0.000000
140  0.529186 -0.832688 -3.288845  -0.237349 -0.000000 -0.000000
141  -0.173940 -0.945285 -3.779563  -0.233859 0.000000 0.000000
142  0.529175 -1.024660 -4.112778  -0.233859 0.000000 -0.000000
143  -0.211445 -1.132188 -4.577545  -0.262919 -0.000000 0.000000
144  0.529187 -1.201967 -4.836822  -0.262919 0.000000 -0.000000
145  -0.000007 -2.810944 -10.636627  0.258454 0.000000 3.141592
146  -0.192457 -1.345780 -5.370042  -0.280373 0.000000 0.000000
147  0.533980 -1.413515 -5.605103  -0.276883 0.000000 0.000000
148  -0.206619 -1.795762 -6.909778  -0.287354 0.000000 0.000000
149  -0.205807 -1.564823 -6.138256  -0.290843 0.000000 0.000000
150  0.530459 -1.643677 -6.395212  -0.290844 0.000000 0.000000
151  0.535309 -1.790713 -7.204132  -0.287354 -0.000000 0.000000
152  -0.202705 -2.030487 -7.702828  -0.286180 -0.000000 0.000000
153  0.509544 -2.118897 -8.011621  -0.298398 -0.000000 0.000000
154  -0.202705 -2.255280 -8.465169  -0.283134 -0.000000 0.000000
155  0.509544 -2.352984 -8.771157  -0.295352 -0.000000 0.000000
156  -0.202708 -2.481599 -9.235469  -0.285437 -0.000000 0.000000
157  0.509543 -2.588687 -9.538638  -0.297654 -0.000000 0.000000
158  0.170121 -21.222092 -1.001140  -0.000001 -0.000001 0.000000
159  0.170120 -20.843866 -0.397181  -0.000001 -0.000001 0.000000
160  0.170122 -20.489748 -1.001139  -0.000001 -0.000001 0.000000
161  0.170121 -20.111071 -0.397182  -0.000001 -0.000001 0.000000
162  0.170120 -19.380091 -0.397184  -0.000001 -0.000001 0.000000
163  0.170121 -19.025112 -1.001143  -0.000001 -0.000001 0.000000
164  0.170119 -18.646662 -0.396446  -0.000001 -0.000001 0.000000
165  0.170123 -19.755762 -1.001140  -0.000001 -0.000001 0.000000
166  -0.015973 10.035403 1.098090  0.000000 -0.000000 0.000000
167  -0.104321 -52.163582 4.437344  1.570735 -0.000061 -1.570735
168  0.064656 27.351341 72.195198  0.000000 -0.000000 0.000000
169  6.064262 95.114014 31.645500  0.000000 -0.000001 1.570796
170  -0.103712 -26.907862 3.305357  0.000000 -0.000000 -1.570730
171  6.064260 69.096558 37.164318  1.570796 -0.000000 1.570796
172  1.974304 11.989232 4.589252  0.000000 -0.000000 0.000000
173  1.941735 0.883630 4.309754  -0.000000 0.000000 -1.483525
174  -0.115678 1.104778 6.744191  0.000000 -0.000000 0.000000
175  6.064264 89.329803 31.613914  0.000000 -0.000001 1.570796
176  0.059884 2.255373 54.398022  0.000000 -0.000000 0.000000
177  0.003498 -22.270649 0.000002  1.570735 -0.000061 -1.570735
178  0.104009 14.792240 1.530320  0.000000 -0.000000 0.000000
179  3.000523 -2.985219 1.029101  2.067399 -0.085866 -1.929634
180  -2.951612 25.811047 -3.742301  -0.096365 0.008023 -1.450340
181  -2.662411 1.445781 33.628742  0.000487 3.141104 1.570796
182  8.352063 2.772896 0.000540  -3.140902 0.000003 -0.000001
183  -2.662411 1.445786 40.667969  0.000487 3.141104 1.570796
184  8.352067 2.772897 0.000543  -3.140902 0.000003 -0.000001
185  -1.431355 16.384777 4.137811  0.000001 0.000000 0.000000
186  -0.001845 0.521681 -0.140289  0.000000 -0.000000 0.000000
187  7.323110 -5.136194 -5.166238  -0.000000 0.000000 -0.610865
188  2.698277 -0.000004 -0.000002  -0.000012 0.000000 0.000000
189  2.834161 0.000000 0.000002  0.000013 0.000000 0.000000
190  2.648921 -0.000001 -0.000003  -0.000001 -0.000001 0.000000
191  2.667500 -0.000003 -0.000002  0.000000 0.000000 -0.000000
192  2.426703 -0.000006 0.000002  0.000000 -0.000000 -0.000000
193  -0.494746 -44.353451 -1.302298  1.570797 -0.000000 -1.570797
194  11.545939 73.768417 -3.792011  0.000000 -0.000000 0.000000
195  -0.011104 -16.902813 1.952046  0.000001 -0.000000 0.000000
196  -0.000001 0.000000 -1.529052  -0.000000 -0.000000 0.000000
197  -0.078940 -0.000000 0.000002  0.000000 0.000001 1.570796
198  0.097095 -0.000002 0.000003  -0.000000 -3.141592 1.570796
199  0.000000 0.000000 -0.000000  0.000000 -0.000000 -0.000000
200  -10.095751 -18.834719 -14.471309  -0.618272 0.241965 -0.681821
201  15.454327 -33.625080 -18.454634  1.498235 -0.088921 -1.043086
time 10
0  0 0 0  0 0 0
1  0.000000 0.000000 0.000000  0.000000 -0.000000 -0.000000
2  -0.000000 -0.000000 -55.423229  0.000000 -0.000000 -1.570730
3  -0.012872 0.000000 8.235027  -0.784749 -1.570710 -0.785986
4  16.163124 -0.010663 0.007211  -0.594297 0.000409 -0.000125
5  16.163132 -0.000000 3.830524  -1.333359 -0.199015 -2.456806
6  14.868229 0.000001 0.000001  -0.838350 0.706035 -1.704796
7  26.391943 -0.000007 -0.000002  -0.000000 0.000000 -1.290117
8  0.000001 -0.000000 -0.000000  -0.144295 -0.000000 -0.000000
9  3.093516 -0.000003 0.000001  -0.288607 -0.000000 -0.000000
10  6.187023 -0.000005 0.000000  -0.432952 -0.000000 -0.000000
11  9.280537 -0.000005 0.000001  -0.577275 0.000000 -0.000000
12  12.374045 -0.000005 0.000002  -0.721568 -0.000000 -0.000000
13  15.467557 -0.000005 0.000003  -0.865873 -0.000000 -0.000000
14  18.561058 -0.000005 0.000002  -1.010215 -0.000000 -0.000000
15  21.654572 -0.000008 0.000004  -2.966251 -0.416856 0.744767
16  1.410071 0.800541 -2.089136  1.926816 0.229617 0.446891
17  3.954711 -0.000000 0.000001  0.032650 -0.305879 0.082888
18  3.101568 0.000000 0.000004  0.038488 -0.173200 0.020373
19  6.164458 -0.898150 2.575010  -0.464106 -0.015897 1.186542
20  2.805845 0.000002 0.000000  -0.000000 -0.000000 0.521973
21  2.307441 0.000004 0.000001  0.000000 0.000000 0.361287
22  7.145093 -0.676336 -1.382428  0.048305 -0.466031 0.179016
23  3.672214 0.000000 -0.000001  0.000000 0.000000 1.094786
24  2.676519 0.000001 -0.000001  0.000000 0.000000 0.976405
25  6.831178 -0.870860 0.599916  -0.198432 -0.274957 0.706750
26  3.657077 -0.000003 -0.000002  0.000000 0.000000 1.196110
27  2.496795 0.000003 0.000001  -0.000000 -0.000000 0.510611
28  7.183348 -0.532077 -3.267606  0.092002 -0.569205 -0.163901
29  3.511587 0.000001 0.000003  -0.000000 -0.000000 0.459239
30  2.199413 0.000003 0.000002  0.000000 -0.000000 0.877656
31  16.163136 0.000000 -3.830527  0.703564 0.858106 -2.571306
32  14.868248 0.000000 0.000001  -0.190320 -0.145775 -1.877548
33  26.391964 -0.000001 0.000005  0.000000 0.000000 -1.634064
34  0.000002 -0.000003 0.000001  0.116586 0.000000 -0.000000
35  3.093514 -0.000004 0.000000  0.233201 0.000000 0.000000
36  6.187022 -0.000004 0.000003  0.349876 0.000000 0.000000
37  9.280536 -0.000003 0.000001  0.466450 -0.000000 0.000000
38  12.374040 -0.000002 0.000002  0.583071 -0.000000 -0.000000
39  15.467550 -0.000002 0.000002  0.699758 -0.000000 -0.000000
40  18.561066 0.000000 0.000002  0.816326 -0.000000 0.000000
41  21.654564 -0.000002 0.000004  2.585591 -0.598553 0.015487
42  1.410063 0.800528 2.089142  -1.966491 -0.287076 0.559263
43  3.954715 -0.000000 -0.000001  0.000000 -0.000000 0.375132
44  3.101565 -0.000002 -0.000002  -0.000000 -0.000000 0.790793
45  7.183349 -0.532091 3.267619  0.052242 -0.011652 -0.158551
46  3.511586 -0.000003 -0.000000  -0.000000 0.000000 0.189253
47  2.199408 0.000001 0.000002  0.000000 0.000000 -0.104054
48  7.145094 -0.676346 1.382434  0.255424 0.283825 0.886075
49  3.672211 -0.000001 0.000001  -0.000000 -0.000000 1.435616
50  2.676520 0.000001 -0.000001  -0.000000 -0.000000 1.062915
51  6.831169 -0.870867 -0.599909  0.339890 0.115856 1.057859
52  3.657081 -0.000001 0.000001  -0.000000 -0.000000 1.252193
53  2.496799 0.000000 -0.000001  0.000000 0.000000 0.840195
54  6.164460 -0.898155 -2.575006  0.409526 -0.061316 1.152482
55  2.805844 0.000001 -0.000001  0.000000 -0.000000 0.666009
56  2.307454 0.000001 -0.000001  0.000000 -0.000000 0.844543
57  0.000000 0.000000 0.000000  0.000001 -0.000000 -0.000000
58  11.792304 -33.698891 -16.995932  0.197313 0.533199 0.905474
59  0.000001 -19.069489 4.681039  0.000000 -0.000000 0.000000
60  1.986524 0.000011 -3.123738  -2.705260 -0.000000 -1.570797
61  -1.986693 0.000008 -3.123748  0.436333 0.000001 1.570797
62  0.000000 -0.000007 -0.000001  0.000000 -0.000000 0.000000
63  -1.530658 0.861415 -3.109962  0.392682 0.000010 1.570745
64  -11.344172 1.135893 0.869267  0.000328 -0.024963 -0.026314
65  1.907533 0.861409 -2.954430  -0.392858 -0.000004 1.570778
66  -11.350046 -0.729407 0.864871  0.000154 -0.025335 0.026430
67  1.754239 4.036751 -1.682669  0.392549 -0.010099 -1.546344
68  -1.755144 4.036752 -1.682670  -0.392547 -0.010382 -1.594901
69  -0.164557 5.734783 5.880443  0.000000 0.000000 -1.570730
70  1.203547 5.503723 4.339430  0.000000 -0.000000 0.000000
71  -1.260174 5.668899 5.788550  0.070161 -0.418898 2.970131
72  1.185470 17.272333 1.821941  0.000000 -0.000000 0.000000
73  0.060218 10.324434 74.469048  0.000000 -0.000000 0.000000
74  0.052681 -3.972624 3.515841  1.570735 -0.000061 -1.570735
75  4.804190 -3.856468 -0.006878  -0.000000 -0.000000 0.000000
76  -6.013982 -4.624459 0.000000  -0.000000 0.000000 0.000000
77  -65.574089 -37.156052 0.002943  -0.787532 1.570710 0.784361
78  1.602686 -3.785217 0.003051  -0.787531 1.570710 0.784728
79  11.681376 -1.114742 -1.027845  -0.785154 1.570710 0.785886
80  19.766779 -3.800923 0.000004  -0.000000 -0.000000 0.000000
81  3.258444 5.856953 -3.403523  -0.000000 -0.000000 -0.000000
82  15.153051 5.860581 -3.403521  -0.000000 -0.000000 0.000000
83  6.064259 77.294945 36.365795  1.570796 -0.000000 1.570796
84  -2.662410 1.445754 40.667957  -0.000000 3.141591 1.570796
85  8.352066 2.772896 0.000544  -3.141589 0.000002 0.000000
86  6.064258 72.973686 32.593250  1.570796 -0.000000 1.570796
87  -0.113678 5.957341 -0.188895  0.000000 -0.000000 0.000000
88  0.097225 0.210963 3.469588  0.000000 -0.000000 0.000000
89  0.000000 1.310208 -0.000001  0.000000 0.000000 0.000000
90  -0.000001 0.582257 0.000000  0.000000 0.000000 0.000000
91  0.036297 1.284881 7.928801  0.000000 -0.000001 0.000000
92  0.000000 1.310210 0.000001  0.000000 -0.000000 0.000000
93  -0.000003 0.582259 0.000001  0.000000 -0.000000 0.000000
94  5.969321 3.427459 -6.170648  -0.000000 -0.000001 -1.570797
95  -1.310210 -0.000002 0.000000  0.000000 -0.000000 -0.000000
96  -0.582258 -0.000002 0.000000  0.000000 -0.000000 -0.000000
97  5.969321 9.397398 -6.170658  -0.000001 -0.000001 -1.570796
98  -1.310211 -0.000002 0.000000  0.000000 0.000001 -0.000000
99  -0.582259 -0.000004 0.000000  0.000000 0.000001 -0.000000
100  5.969321 15.223770 -6.170668  0.000000 -0.000001 -1.570796
101  -1.310210 0.000002 0.000000  -0.000000 0.000000 -0.000000
102  -0.582261 0.000000 0.000003  -0.000000 0.000000 -0.000000
103  5.969324 20.835571 -6.170671  0.000000 -0.000001 -1.570796
104  -1.310210 0.000000 0.000000  -0.000000 0.000000 -0.000000
105  -0.582260 0.000000 0.000001  -0.000000 0.000000 -0.000000
106  5.969324 26.771210 -6.170671  0.000000 -0.000001 -1.570796
107  5.969322 32.597595 -6.170673  0.000000 -0.000001 -1.570796
108  5.969323 38.209396 -6.170684  0.000000 -0.000001 -1.570800
109  5.969321 49.488464 -6.170682  0.000000 -0.000001 -1.570800
110  -0.539091 -0.556807 -0.017361  -0.042462 2.681156 1.551919
111  -6.799125 -0.556806 0.818551  -0.272420 2.701993 1.452460
112  -4.615282 -0.556822 0.270328  -0.117230 2.684609 1.518878
113  -2.650970 -0.556807 0.063011  -0.042463 2.681158 1.551919
114  27.110336 1.284857 12.007547  0.000000 -0.000000 -0.000000
115  28.133425 1.284857 12.007547  0.000001 -0.000000 -0.000000
116  12.812885 2.241784 12.007551  0.000000 -0.000001 -0.000001
117  -9.955969 -0.319623 4.380216  -0.000001 -0.000000 -0.000001
118  -11.316473 -0.319624 4.380215  -0.000003 -0.000000 -0.000000
119  -12.667809 -0.319623 4.380216  -0.000003 -0.000000 0.000001
120  -14.022141 -0.319623 4.380216  0.000010 -0.000000 -0.000011
121  -15.373239 -0.319621 4.380215  0.000015 -0.000000 -0.000015
122  -16.724142 -0.319620 4.380214  -0.000009 -0.000000 0.000006
123  -18.074570 -0.319620 4.380215  -0.000006 -0.000000 0.000004
124  -19.423716 -0.319619 4.380216  0.000002 0.000000 -0.000004
125  -20.775270 -0.319618 4.380216  0.000003 0.000000 -0.000004
126  -22.126673 -0.319621 4.380216  0.000003 -0.000000 -0.000004
127  -23.478123 -0.319618 4.380217  0.000005 -0.000000 -0.000006
128  -24.830620 -0.319618 4.380215  0.000036 0.000000 -0.000038
129  -26.182028 -0.319619 4.380216  -0.000011 0.000000 0.000011
130  0.529180 -0.167129 0.629486  -0.101270 -0.000000 0.000000
131  -0.211444 -0.241682 0.155363  -0.145847 -0.000000 0.000000
132  0.529189 -0.280702 -0.110292  -0.145847 -0.000000 -0.000000
133  -0.173928 -0.337327 -0.638494  -0.181751 -0.000000 0.000000
134  0.529188 -0.399248 -0.975392  -0.181751 -0.000000 0.000000
135  -0.211445 -0.464478 -1.431041  -0.192399 -0.000000 0.000000
136  0.529187 -0.515809 -1.694581  -0.192399 -0.000000 0.000000
137  -0.173929 -0.612152 -2.231910  -0.216703 -0.000000 0.000000
138  0.529189 -0.685805 -2.566440  -0.216703 -0.000000 -0.000000
139  -0.211447 -0.769561 -3.027869  -0.237349 -0.000000 0.000000
140  0.529188 -0.832686 -3.288845  -0.237349 -0.000000 -0.000000
141  -0.173938 -0.945281 -3.779563  -0.233859 0.000000 0.000000
142  0.529178 -1.024659 -4.112779  -0.233859 0.000000 -0.000000
143  -0.211445 -1.132186 -4.577545  -0.262919 -0.000000 0.000000
144  0.529188 -1.201965 -4.836823  -0.262919 0.000000 -0.000000
145  -0.000005 -2.810941 -10.636628  0.258454 0.000000 3.141592
146  -0.192455 -1.345777 -5.370043  -0.280373 0.000000 0.000000
147  0.533981 -1.413514 -5.605104  -0.276883 0.000000 0.000000
148  -0.206619 -1.795759 -6.909776  -0.287354 0.000000 0.000000
149  -0.205806 -1.564818 -6.138256  -0.290843 0.000000 0.000000
150  0.530461 -1.643675 -6.395215  -0.290844 0.000000 0.000000
151  0.535312 -1.790710 -7.204131  -0.287354 -0.000000 0.000000
152  -0.202702 -2.030485 -7.702828  -0.286180 -0.000000 0.000000
153  0.509547 -2.118896 -8.011623  -0.298398 -0.000000 0.000000
154  -0.202705 -2.255278 -8.465170  -0.283134 -0.000000 0.000000
155  0.509547 -2.352978 -8.771158  -0.295352 -0.000000 0.000000
156  -0.202707 -2.481597 -9.235470  -0.285437 -0.000000 0.000000
157  0.509545 -2.588684 -9.538636  -0.297654 -0.000000 0.000000
158  0.170122 -21.222092 -1.001139  -0.000001 -0.000001 0.000000
159  0.170122 -20.843864 -0.397182  -0.000001 -0.000001 0.000000
160  0.170123 -20.489744 -1.001140  -0.000001 -0.000001 0.000000
161  0.170124 -20.111067 -0.397181  -0.000001 -0.000001 0.000000
162  0.170122 -19.380091 -0.397186  -0.000001 -0.000001 0.000000
163  0.170123 -19.025108 -1.001145  -0.000001 -0.000001 0.000000
164  0.170121 -18.646658 -0.396444  -0.000001 -0.000001 0.000000
165  0.170123 -19.755760 -1.001140  -0.000001 -0.000001 0.000000
166  -0.015971 10.035404 1.098089  0.000000 -0.000000 0.000000
167  -0.104321 -52.163574 4.437342  1.570735 -0.000061 -1.570735
168  0.064652 27.351341 72.195206  0.000000 -0.000000 0.000000
169  6.064264 95.114014 31.645502  0.000000 -0.000001 1.570796
170  -0.103710 -26.907875 3.305362  0.000000 0.000000 -1.570730
171  6.064258 69.096550 37.164318  1.570796 -0.000000 1.570796
172  1.974304 11.989233 4.589251  0.000000 -0.000000 0.000000
173  1.941738 0.883630 4.309754  -0.000000 -0.000000 -1.483525
174  -0.115676 1.104777 6.744192  0.000000 -0.000000 0.000000
175  6.064260 89.329803 31.613918  0.000000 -0.000001 1.570796
176  0.059885 2.255376 54.398022  0.000000 -0.000000 0.000000
177  0.003494 -22.270653 -0.000007  1.570735 -0.000061 -1.570735
178  0.104010 14.792239 1.530319  0.000000 -0.000000 0.000000
179  3.000526 -2.985216 1.029102  2.067399 -0.085866 -1.929634
180  -2.951612 25.811049 -3.742299  -0.096365 0.008023 -1.450340
181  -2.662411 1.445783 33.628742  0.000487 3.141104 1.570796
182  8.352065 2.772892 0.000540  -3.140902 0.000003 -0.000001
183  -2.662409 1.445789 40.667969  0.000487 3.141104 1.570796
184  8.352064 2.772893 0.000542  -3.140902 0.000003 -0.000001
185  -1.431356 16.384777 4.137811  0.000001 0.000000 0.000000
186  -0.001844 0.521682 -0.140289  0.000000 -0.000000 0.000000
187  7.323110 -5.136194 -5.166238  0.000000 0.000000 -0.610865
188  2.698275 -0.000003 0.000003  -0.000012 0.000000 0.000000
189  2.834159 -0.000001 0.000002  0.000013 0.000000 -0.000000
190  2.648914 -0.000000 0.000004  -0.000001 -0.000001 0.000000
191  2.667502 -0.000004 -0.000001  0.000000 0.000000 0.000000
192  2.426703 -0.000007 -0.000001  0.000000 0.000000 -0.000000
193  -0.494743 -44.353451 -1.302298  1.570797 -0.000000 -1.570797
194  11.545940 73.768417 -3.792011  0.000000 -0.000000 0.000000
195  -0.011103 -16.902815 1.952047  0.000001 -0.000000 0.000000
196  -0.000001 0.000000 -1.529053  -0.000000 -0.000000 0.000000
197  -0.078942 -0.000006 0.000002  0.000000 0.000001 1.570796
198  0.097094 -0.000004 0.000002  -0.000000 -3.141592 1.570796
199  0.000000 0.000000 -0.000000  0.000000 -0.000000 -0.000000
200  -9.834193 -19.066719 -14.297865  -0.618101 0.237688 -0.664671
201  15.976248 -33.426437 -18.155512  1.499911 -0.092885 -1.026161
time 11
0  0 0 0  0 0 0
1  0.000000 0.000000 0.000000  0.000000 -0.000000 -0.000000
2  -0.000000 -0.000000 -55.423229  0.000000 -0.000000 -1.570730
3  -0.012872 0.000000 8.235027  -0.784749 -1.570710 -0.785986
4  16.163124 -0.010663 0.007211  -0.594297 0.000409 -0.000125
5  16.163132 -0.000000 3.830524  -1.333359 -0.199015 -2.456806
6  14.868229 0.000001 0.000001  -0.841121 0.695944 -1.697676
7  26.391941 -0.000002 -0.000002  -0.000000 0.000000 -1.298303
8  -0.000002 0.000003 0.000002  -0.143254 -0.000000 -0.000000
9  3.093514 0.000007 0.000003  -0.286449 -0.000000 -0.000000
10  6.187021 0.000003 0.000003  -0.429703 -0.000000 -0.000000
11  9.280533 0.000003 0.000002  -0.573010 0.000000 -0.000000
12  12.374047 -0.000000 0.000003  -0.716221 -0.000000 -0.000000
13  15.467556 0.000002 0.000003  -0.859490 -0.000000 -0.000000
14  18.561056 -0.000001 0.000005  -1.002760 -0.000000 -0.000000
15  21.654572 -0.000002 0.000001  -2.958546 -0.420272 0.747164
16  1.410067 0.800540 -2.089128  1.926816 0.229617 0.446891
17  3.954705 0.000002 0.000003  0.032650 -0.305879 0.082888
18  3.101569 -0.000004 0.000003  0.038488 -0.173200 0.020373
19  6.164457 -0.898150 2.575016  -0.464106 -0.015897 1.186542
20  2.805843 0.000006 0.000000  -0.000000 0.000000 0.521973
21  2.307440 -0.000000 -0.000000  0.000000 0.000000 0.361287
22  7.145094 -0.676339 -1.382425  0.048305 -0.466031 0.179016
23  3.672215 0.000001 -0.000000  0.000000 0.000000 1.094786
24  2.676516 -0.000001 0.000000  0.000000 -0.000000 0.976405
25  6.831182 -0.870862 0.599919  -0.198432 -0.274957 0.706750
26  3.657077 0.000002 -0.000001  0.000000 0.000000 1.196110
27  2.496792 -0.000001 0.000001  -0.000000 -0.000000 0.510610
28  7.183348 -0.532077 -3.267601  0.092002 -0.569205 -0.163901
29  3.511584 -0.000001 0.000001  -0.000000 -0.000000 0.459239
30  2.199419 -0.000002 -0.000001  0.000000 -0.000000 0.877656
31  16.163136 0.000000 -3.830527  0.703564 0.858106 -2.571306
32  14.868248 0.000000 0.000001  -0.190637 -0.150537 -1.889099
33  26.391966 0.000004 0.000003  0.000000 0.000000 -1.620556
34  -0.000001 0.000000 0.000000  0.116402 0.000000 0.000000
35  3.093513 -0.000003 -0.000001  0.232771 0.000000 0.000000
36  6.187020 -0.000001 0.000000  0.349194 0.000000 0.000000
37  9.280535 -0.000001 -0.000000  0.465635 -0.000000 0.000000
38  12.374039 -0.000002 0.000001  0.582051 -0.000000 -0.000000
39  15.467549 0.000000 -0.000001  0.698458 -0.000000 -0.000000
40  18.561064 -0.000000 0.000001  0.814863 -0.000000 0.000000
41  21.654564 -0.000001 0.000002  2.590364 -0.590882 -0.005481
42  1.410064 0.800529 2.089142  -1.966491 -0.287076 0.559263
43  3.954715 -0.000005 -0.000000  0.000000 -0.000000 0.375132
44  3.101565 -0.000004 -0.000004  -0.000000 0.000000 0.790793
45  7.183348 -0.532089 3.267620  0.052242 -0.011652 -0.158551
46  3.511585 0.000001 0.000002  0.000000 -0.000000 0.189253
47  2.199411 0.000002 -0.000001  0.000000 0.000000 -0.104054
48  7.145094 -0.676345 1.382435  0.255424 0.283825 0.886074
49  3.672213 -0.000002 -0.000001  0.000000 -0.000000 1.435616
50  2.676521 0.000000 0.000001  -0.000000 0.000000 1.062915
51  6.831168 -0.870867 -0.599909  0.339890 0.115856 1.057859
52  3.657084 0.000002 -0.000001  -0.000000 -0.000000 1.252193
53  2.496797 -0.000000 0.000002  0.000000 0.000000 0.840195
54  6.164460 -0.898152 -2.575005  0.409526 -0.061317 1.152482
55  2.805841 0.000002 0.000002  -0.000000 0.000000 0.666009
56  2.307450 -0.000000 0.000001  0.000000 -0.000000 0.844543
57  0.000000 0.000000 0.000000  0.000001 -0.000000 -0.000000
58  12.307989 -33.542465 -16.858629  0.191927 0.533016 0.921203
59  -0.000001 -19.069481 4.681033  0.000000 0.000000 -0.000000
60  1.986526 0.000009 -3.123738  -2.705260 -0.000000 -1.570797
61  -1.986691 0.000009 -3.123746  0.436333 0.000001 1.570797
62  0.000001 -0.000005 -0.000001  0.000000 0.000000 -0.000000
63  -1.530658 0.861417 -3.109962  0.392682 0.000010 1.570745
64  -11.344162 1.135889 0.869264  0.000328 -0.024963 -0.026314
65  1.907534 0.861411 -2.954430  -0.392858 -0.000004 1.570778
66  -11.350043 -0.729407 0.864873  0.000154 -0.025335 0.026430
67  1.754241 4.036753 -1.682667  0.392549 -0.010099 -1.546344
68  -1.755142 4.036754 -1.682668  -0.392547 -0.010382 -1.594901
69  -0.164557 5.734783 5.880443  0.000000 -0.000000 -1.570730
70  1.203552 5.503722 4.339431  0.000000 0.000000 -0.000000
71  -1.260173 5.668900 5.788552  0.070161 -0.418898 2.970131
72  1.185469 17.272333 1.821940  0.000000 0.000000 -0.000000
73  0.060219 10.324435 74.469055  0.000000 0.000000 -0.000000
74  0.052679 -3.972622 3.515842  1.570735 -0.000061 -1.570735
75  4.804184 -3.856465 -0.006879  -0.000000 0.000000 0.000000
76  -6.013986 -4.624459 0.000000  0.000000 0.000000 0.000000
77  -65.574089 -37.156044 0.002934  -0.786983 1.570710 0.784484
78  1.602684 -3.785214 0.003044  -0.786739 1.570710 0.785033
79  11.681372 -1.114741 -1.027847  -0.785459 1.570710 0.785642
80  19.766775 -3.800921 -0.000001  0.000000 0.000000 0.000000
81  3.258442 5.856954 -3.403522  -0.000000 -0.000000 -0.000000
82  15.153049 5.860581 -3.403522  0.000000 -0.000000 0.000000
83  6.064256 77.294960 36.365795  1.570796 -0.000000 1.570796
84  -2.662411 1.445754 40.667957  0.000000 3.141591 1.570796
85  8.352070 2.772898 0.000542  -3.141589 0.000002 0.000000
86  6.064257 72.973694 32.593250  1.570796 -0.000000 1.570796
87  -0.113679 5.957336 -0.188895  0.000000 0.000000 -0.000000
88  0.097226 0.210961 3.469586  0.000000 0.000000 -0.000000
89  0.000002 1.310211 -0.000002  0.000000 0.000000 0.000000
90  0.000001 0.582258 0.000000  0.000000 0.000000 0.000000
91  0.036298 1.284877 7.928797  0.000000 -0.000001 0.000000
92  0.000003 1.310214 -0.000001  0.000000 -0.000000 0.000000
93  0.000003 0.582262 -0.000002  0.000000 -0.000000 0.000000
94  5.969321 3.427456 -6.170650  -0.000001 -0.000001 -1.570796
95  -1.310210 0.000001 -0.000001  0.000000 -0.000000 -0.000000
96  -0.582261 -0.000000 0.000000  0.000000 0.000000 -0.000000
97  5.969323 9.397397 -6.170660  -0.000000 -0.000001 -1.570796
98  -1.310212 -0.000000 0.000003  0.000000 0.000000 -0.000000
99  -0.582260 -0.000002 0.000003  0.000000 0.000000 -0.000000
100  5.969322 15.223770 -6.170671  -0.000000 -0.000001 -1.570796
101  -1.310210 0.000003 0.000000  -0.000000 0.000000 -0.000000
102  -0.582258 0.000002 -0.000002  -0.000000 0.000000 -0.000000
103  5.969323 20.835569 -6.170672  -0.000000 -0.000001 -1.570796
104  -1.310210 0.000002 0.000001  -0.000000 0.000000 -0.000000
105  -0.582260 0.000001 0.000003  -0.000000 0.000000 -0.000000
106  5.969324 26.771208 -6.170674  -0.000000 -0.000001 -1.570796
107  5.969321 32.597595 -6.170677  -0.000000 -0.000001 -1.570796
108  5.969323 38.209396 -6.170688  -0.000000 -0.000001 -1.570800
109  5.969326 49.488464 -6.170683  -0.000000 -0.000001 -1.570800
110  -0.539092 -0.556810 -0.017364  -0.042462 2.681156 1.551919
111  -6.799122 -0.556806 0.818549  -0.272420 2.701993 1.452460
112  -4.615284 -0.556824 0.270327  -0.117230 2.684609 1.518878
113  -2.650968 -0.556808 0.063010  -0.042463 2.681158 1.551919
114  27.110336 1.284856 12.007550  0.000000 -0.000000 -0.000000
115  28.133425 1.284856 12.007546  0.000001 -0.000000 -0.000000
116  12.812885 2.241785 12.007548  -0.000000 -0.000001 -0.000001
117  -9.955969 -0.319627 4.380213  -0.000001 -0.000000 -0.000001
118  -11.316472 -0.319624 4.380214  -0.000003 -0.000000 -0.000000
119  -12.667809 -0.319623 4.380215  -0.000003 -0.000000 0.000001
120  -14.022141 -0.319623 4.380215  0.000010 -0.000000 -0.000011
121  -15.373240 -0.319625 4.380213  0.000015 -0.000000 -0.000015
122  -16.724142 -0.319625 4.380213  -0.000009 -0.000000 0.000006
123  -18.074572 -0.319625 4.380213  -0.000006 -0.000000 0.000004
124  -19.423714 -0.319623 4.380214  0.000002 0.000000 -0.000004
125  -20.775270 -0.319623 4.380213  0.000003 0.000000 -0.000004
126  -22.126669 -0.319620 4.380215  0.000003 0.000000 -0.000004
127  -23.478121 -0.319620 4.380214  0.000005 0.000000 -0.000006
128  -24.830618 -0.319620 4.380215  0.000036 -0.000000 -0.000038
129  -26.182028 -0.319621 4.380214  -0.000011 -0.000000 0.000011
130  0.529181 -0.167131 0.629484  -0.101270 -0.000000 0.000000
131  -0.211445 -0.241685 0.155360  -0.145847 -0.000000 0.000000
132  0.529190 -0.280701 -0.110293  -0.145847 -0.000000 -0.000000
133  -0.173927 -0.337327 -0.638496  -0.181751 -0.000000 0.000000
134  0.529190 -0.399247 -0.975395  -0.181751 -0.000000 0.000000
135  -0.211445 -0.464478 -1.431042  -0.192399 -0.000000 0.000000
136  0.529189 -0.515810 -1.694583  -0.192399 -0.000000 0.000000
137  -0.173927 -0.612153 -2.231912  -0.216703 -0.000000 0.000000
138  0.529189 -0.685807 -2.566440  -0.216703 -0.000000 -0.000000
139  -0.211445 -0.769562 -3.027870  -0.237349 -0.000000 0.000000
140  0.529187 -0.832687 -3.288846  -0.237349 -0.000000 -0.000000
141  -0.173938 -0.945282 -3.779563  -0.233859 0.000000 0.000000
142  0.529179 -1.024658 -4.112779  -0.233859 0.000000 0.000000
143  -0.211442 -1.132186 -4.577548  -0.262919 -0.000000 0.000000
144  0.529192 -1.201966 -4.836827  -0.262919 0.000000 0.000000
145  -0.000005 -2.810943 -10.636630  0.258454 0.000000 3.141592
146  -0.192454 -1.345779 -5.370046  -0.280373 0.000000 0.000000
147  0.533982 -1.413512 -5.605104  -0.276883 0.000000 0.000000
148  -0.206619 -1.795763 -6.909781  -0.287354 0.000000 0.000000
149  -0.205805 -1.564821 -6.138258  -0.290843 0.000000 0.000000
150  0.530461 -1.643678 -6.395217  -0.290844 0.000000 0.000000
151  0.535313 -1.790709 -7.204134  -0.287354 -0.000000 0.000000
152  -0.202705 -2.030489 -7.702832  -0.286180 -0.000000 0.000000
153  0.509549 -2.118895 -8.011623  -0.298398 -0.000000 0.000000
154  -0.202705 -2.255281 -8.465174  -0.283134 -0.000000 0.000000
155  0.509547 -2.352980 -8.771160  -0.295352 -0.000000 0.000000
156  -0.202705 -2.481598 -9.235472  -0.285437 -0.000000 0.000000
157  0.509546 -2.588684 -9.538639  -0.297654 -0.000000 0.000000
158  0.170121 -21.222095 -1.001142  -0.000001 -0.000001 0.000000
159  0.170123 -20.843868 -0.397183  -0.000001 -0.000001 0.000000
160  0.170123 -20.489746 -1.001141  -0.000001 -0.000001 0.000000
161  0.170124 -20.111071 -0.397183  -0.000001 -0.000001 0.000000
162  0.170125 -19.380089 -0.397188  -0.000001 -0.000001 0.000000
163  0.170122 -19.025108 -1.001146  -0.000001 -0.000001 0.000000
164  0.170121 -18.646662 -0.396447  -0.000001 -0.000001 0.000000
165  0.170122 -19.755762 -1.001144  -0.000001 -0.000001 0.000000
166  -0.015974 10.035402 1.098089  0.000000 0.000000 -0.000000
167  -0.104321 -52.163578 4.437344  1.570735 -0.000061 -1.570735
168  0.064653 27.351341 72.195206  0.000000 0.000000 -0.000000
169  6.064256 95.114021 31.645498  0.000000 -0.000001 1.570796
170  -0.103719 -26.907869 3.305358  0.000000 -0.000000 -1.570730
171  6.064256 69.096565 37.164314  1.570796 -0.000000 1.570796
172  1.974302 11.989233 4.589250  0.000000 0.000000 -0.000000
173  1.941734 0.883629 4.309754  0.000000 -0.000000 -1.483525
174  -0.115679 1.104777 6.744192  0.000000 0.000000 -0.000000
175  6.064255 89.329811 31.613914  0.000000 -0.000001 1.570796
176  0.059886 2.255377 54.398022  0.000000 0.000000 -0.000000
177  0.003499 -22.270657 -0.000001  1.570735 -0.000061 -1.570735
178  0.104010 14.792242 1.530320  0.000000 0.000000 -0.000000
179  3.000526 -2.985217 1.029099  2.067399 -0.085866 -1.929635
180  -2.951613 25.811050 -3.742302  -0.096365 0.008023 -1.450340
181  -2.662414 1.445783 33.628742  0.000487 3.141104 1.570796
182  8.352067 2.772893 0.000542  -3.140902 0.000003 -0.000001
183  -2.662410 1.445786 40.667969  0.000487 3.141104 1.570796
184  8.352068 2.772894 0.000544  -3.140902 0.000003 -0.000001
185  -1.431358 16.384781 4.137810  0.000001 0.000000 0.000000
186  -0.001844 0.521683 -0.140292  0.000000 0.000000 -0.000000
187  7.323108 -5.136192 -5.166239  0.000000 0.000000 -0.610865
188  2.698278 0.000000 -0.000001  -0.000012 0.000000 0.000000
189  2.834160 -0.000005 0.000000  0.000013 0.000000 0.000000
190  2.648917 0.000004 -0.000002  -0.000001 -0.000001 0.000000
191  2.667498 -0.000002 -0.000004  0.000000 -0.000000 -0.000000
192  2.426698 -0.000002 0.000000  0.000000 -0.000000 -0.000000
193  -0.494746 -44.353447 -1.302303  1.570797 -0.000000 -1.570797
194  11.545936 73.768417 -3.792011  0.000000 0.000000 -0.000000
195  -0.011102 -16.902815 1.952046  0.000001 0.000000 -0.000000
196  0.000000 -0.000001 -1.529053  -0.000001 0.000000 -0.000000
197  -0.078942 0.000000 0.000002  0.000000 0.000001 1.570796
198  0.097092 0.000000 0.000003  -0.000000 -3.141592 1.570796
199  0.000000 0.000000 -0.000000  0.000000 -0.000000 -0.000000
200  -9.589333 -19.303509 -14.281607  -0.617877 0.233050 -0.646155
201  16.498169 -33.197441 -18.003498  1.501720 -0.097131 -1.007894
time 12
0  0 0 0  0 0 0
1  0.000000 0.000000 0.000000  0.000000 -0.000000 -0.000000
2  -0.000000 -0.000000 -55.423229  0.000000 -0.000000 -1.570730
3  -0.012872 0.000000 8.235027  -0.784749 -1.570710 -0.785986
4  16.163124 -0.010663 0.007211  -0.594297 0.000409 -0.000125
5  16.163132 -0.000000 3.830524  -1.333359 -0.199015 -2.456806
6  14.868229 0.000001 0.000001  -0.841537 0.689147 -1.687079
7  26.391945 -0.000005 -0.000000  -0.000000 0.000000 -1.309437
8  0.000001 0.000002 0.000000  -0.142092 -0.000000 -0.000000
9  3.093513 0.000002 0.000000  -0.284229 -0.000000 -0.000000
10  6.187021 0.000002 -0.000001  -0.426392 -0.000000 -0.000000
11  9.280533 0.000000 0.000001  -0.568494 0.000000 -0.000000
12  12.374045 -0.000002 0.000001  -0.710684 -0.000000 -0.000000
13  15.467556 -0.000000 0.000001  -0.852781 -0.000000 -0.000000
14  18.561054 0.000001 0.000002  -0.994903 -0.000000 -0.000000
15  21.654572 -0.000005 0.000003  -2.949652 -0.424092 0.748183
16  1.410071 0.800540 -2.089132  1.926816 0.229617 0.446891
17  3.954713 -0.000002 0.000004  0.032650 -0.305879 0.082888
18  3.101566 0.000003 0.000002  0.038488 -0.173200 0.020373
19  6.164461 -0.898149 2.575010  -0.464106 -0.015897 1.186542
20  2.805845 0.000003 -0.000001  -0.000000 0.000000 0.521973
21  2.307440 0.000003 0.000001  -0.000000 0.000000 0.361287
22  7.145098 -0.676339 -1.382426  0.048305 -0.466031 0.179016
23  3.672214 0.000001 -0.000005  0.000000 0.000000 1.094786
24  2.676519 -0.000006 -0.000000  0.000000 0.000000 0.976405
25  6.831185 -0.870862 0.599918  -0.198432 -0.274957 0.706750
26  3.657077 -0.000001 -0.000001  0.000000 0.000000 1.196110
27  2.496793 0.000002 0.000002  -0.000000 -0.000000 0.510611
28  7.183349 -0.532076 -3.267607  0.092002 -0.569205 -0.163901
29  3.511584 0.000001 0.000002  -0.000000 -0.000000 0.459239
30  2.199415 0.000006 -0.000002  0.000000 -0.000000 0.877656
31  16.163136 0.000000 -3.830527  0.703564 0.858106 -2.571306
32  14.868248 0.000000 0.000001  -0.193428 -0.157108 -1.897410
33  26.391966 0.000004 -0.000000  0.000000 0.000000 -1.609344
34  0.000000 0.000002 0.000000  0.116035 0.000000 -0.000000
35  3.093513 -0.000001 0.000002  0.232095 0.000000 0.000000
36  6.187020 0.000001 0.000002  0.348141 0.000000 0.000000
37  9.280536 0.000001 0.000003  0.464192 -0.000000 0.000000
38  12.374041 0.000000 0.000005  0.580268 -0.000000 -0.000000
39  15.467548 -0.000000 0.000002  0.696315 -0.000000 0.000000
40  18.561064 0.000001 0.000002  0.812404 0.000000 0.000000
41  21.654566 -0.000000 0.000003  2.592470 -0.581111 -0.025356
42  1.410064 0.800531 2.089141  -1.966491 -0.287076 0.559263
43  3.954715 -0.000003 0.000003  0.000000 -0.000000 0.375132
44  3.101565 0.000001 -0.000002  -0.000000 -0.000000 0.790793
45  7.183348 -0.532088 3.267620  0.052242 -0.011652 -0.158551
46  3.511587 -0.000002 -0.000000  0.000000 -0.000000 0.189253
47  2.199410 -0.000002 0.000001  -0.000000 0.000000 -0.104054
48  7.145094 -0.676344 1.382435  0.255424 0.283825 0.886075
49  3.672211 -0.000000 0.000001  -0.000000 0.000000 1.435616
50  2.676521 -0.000001 -0.000000  0.000000 -0.000000 1.062915
51  6.831168 -0.870865 -0.599910  0.339890 0.115856 1.057859
52  3.657083 0.000001 -0.000001  -0.000000 -0.000000 1.252192
53  2.496799 -0.000002 -0.000003  0.000000 0.000000 0.840195
54  6.164459 -0.898152 -2.575007  0.409526 -0.061317 1.152482
55  2.805845 -0.000003 -0.000001  -0.000000 -0.000000 0.666009
56  2.307451 -0.000001 -0.000003  0.000000 -0.000000 0.844543
57  0.000000 0.000000 0.000000  0.000001 -0.000000 -0.000000
58  12.795026 -33.366203 -16.842663  0.186364 0.532184 0.936938
59  -0.000004 -19.069489 4.681033  0.000000 -0.000000 -0.000000
60  1.986526 0.000017 -3.123737  -2.705260 -0.000000 -1.570797
61  -1.986692 0.000016 -3.123744  0.436333 0.000001 1.570797
62  0.000003 0.000001 0.000000  0.000000 -0.000000 -0.000000
63  -1.530659 0.861420 -3.109959  0.392682 0.000010 1.570745
64  -11.344162 1.135892 0.869267  0.000328 -0.024963 -0.026314
65  1.907537 0.861418 -2.954430  -0.392858 -0.000004 1.570778
66  -11.350044 -0.729406 0.864872  0.000154 -0.025335 0.026430
67  1.754242 4.036759 -1.682669  0.392549 -0.010099 -1.546344
68  -1.755141 4.036758 -1.682668  -0.392547 -0.010382 -1.594901
69  -0.164558 5.734780 5.880444  0.000000 -0.000000 -1.570730
70  1.203547 5.503719 4.339431  0.000000 -0.000000 -0.000000
71  -1.260175 5.668898 5.788550  0.070161 -0.418898 2.970131
72  1.185471 17.272333 1.821941  0.000000 -0.000000 -0.000000
73  0.060214 10.324436 74.469055  0.000000 -0.000000 -0.000000
74  0.052678 -3.972625 3.515841  1.570735 -0.000061 -1.570735
75  4.804185 -3.856465 -0.006884  -0.000000 0.000000 -0.000000
76  -6.013981 -4.624463 -0.000003  0.000000 0.000000 -0.000000
77  -65.574089 -37.156044 0.002938  -0.786801 1.570710 0.784118
78  1.602682 -3.785217 0.003045  -0.786496 1.570710 0.784483
79  11.681376 -1.114742 -1.027849  -0.785093 1.570710 0.786374
80  19.766779 -3.800922 -0.000003  0.000000 0.000000 -0.000000
81  3.258441 5.856954 -3.403526  -0.000000 -0.000000 -0.000000
82  15.153050 5.860582 -3.403522  0.000000 -0.000000 0.000000
83  6.064253 77.294952 36.365795  1.570796 -0.000000 1.570796
84  -2.662415 1.445756 40.667957  0.000000 3.141591 1.570796
85  8.352069 2.772897 0.000539  -3.141589 0.000002 0.000000
86  6.064256 72.973686 32.593246  1.570796 -0.000000 1.570796
87  -0.113678 5.957337 -0.188895  0.000000 -0.000000 -0.000000
88  0.097227 0.210965 3.469588  0.000000 -0.000000 -0.000000
89  0.000000 1.310209 -0.000001  0.000000 0.000000 0.000000
90  -0.000001 0.582259 0.000000  0.000000 0.000000 0.000000
91  0.036297 1.284879 7.928800  -0.000000 -0.000001 0.000000
92  -0.000000 1.310212 0.000001  0.000000 -0.000000 0.000000
93  -0.000001 0.582262 0.000001  0.000000 -0.000000 0.000000
94  5.969323 3.427457 -6.170650  -0.000001 -0.000001 -1.570797
95  -1.310211 0.000001 0.000001  0.000000 0.000000 -0.000000
96  -0.582262 0.000000 -0.000000  0.000000 0.000000 -0.000000
97  5.969323 9.397398 -6.170658  -0.000000 -0.000001 -1.570796
98  -1.310211 0.000003 0.000001  0.000000 0.000000 -0.000000
99  -0.582260 0.000001 0.000001  0.000000 0.000000 -0.000000
100  5.969322 15.223768 -6.170671  0.000000 -0.000001 -1.570796
101  -1.310211 0.000001 0.000001  -0.000000 0.000000 -0.000000
102  -0.582260 -0.000000 0.000001  -0.000000 0.000000 -0.000000
103  5.969323 20.835567 -6.170670  0.000000 -0.000001 -1.570796
104  -1.310211 0.000001 -0.000001  -0.000000 0.000000 -0.000000
105  -0.582260 0.000000 0.000002  -0.000000 0.000000 -0.000000
106  5.969324 26.771208 -6.170673  0.000000 -0.000001 -1.570796
107  5.969324 32.597595 -6.170675  0.000000 -0.000001 -1.570796
108  5.969324 38.209396 -6.170682  0.000000 -0.000001 -1.570800
109  5.969320 49.488464 -6.170685  0.000000 -0.000001 -1.570800
110  -0.539091 -0.556808 -0.017361  -0.042462 2.681156 1.551919
111  -6.799121 -0.556805 0.818552  -0.272420 2.701993 1.452460
112  -4.615282 -0.556821 0.270330  -0.117230 2.684609 1.518878
113  -2.650969 -0.556807 0.063012  -0.042463 2.681158 1.551919
114  27.110338 1.284854 12.007550  0.000000 -0.000000 -0.000000
115  28.133427 1.284854 12.007551  0.000001 -0.000000 -0.000000
116  12.812887 2.241784 12.007549  0.000000 -0.000001 -0.000001
117  -9.955967 -0.319624 4.380216  -0.000001 -0.000000 -0.000001
118  -11.316472 -0.319622 4.380217  -0.000003 -0.000000 -0.000000
119  -12.667812 -0.319624 4.380216  -0.000003 -0.000000 0.000001
120  -14.022141 -0.319622 4.380215  0.000010 -0.000000 -0.000011
121  -15.373241 -0.319624 4.380215  0.000015 -0.000000 -0.000015
122  -16.724142 -0.319623 4.380215  -0.000009 -0.000000 0.000006
123  -18.074574 -0.319622 4.380215  -0.000006 0.000000 0.000004
124  -19.423717 -0.319622 4.380216  0.000002 0.000000 -0.000004
125  -20.775270 -0.319620 4.380215  0.000003 0.000000 -0.000004
126  -22.126673 -0.319621 4.380215  0.000003 -0.000000 -0.000004
127  -23.478125 -0.319619 4.380215  0.000005 -0.000000 -0.000006
128  -24.830622 -0.319618 4.380216  0.000036 -0.000000 -0.000038
129  -26.182026 -0.319617 4.380216  -0.000011 -0.000000 0.000011
130  0.529181 -0.167131 0.629486  -0.101270 -0.000000 0.000000
131  -0.211443 -0.241684 0.155363  -0.145847 -0.000000 0.000000
132  0.529191 -0.280701 -0.110292  -0.145847 -0.000000 -0.000000
133  -0.173927 -0.337327 -0.638494  -0.181751 -0.000000 0.000000
134  0.529190 -0.399247 -0.975391  -0.181751 -0.000000 0.000000
135  -0.211442 -0.464478 -1.431041  -0.192399 -0.000000 0.000000
136  0.529190 -0.515808 -1.694580  -0.192399 -0.000000 0.000000
137  -0.173925 -0.612150 -2.231910  -0.216703 -0.000000 0.000000
138  0.529189 -0.685807 -2.566439  -0.216703 -0.000000 -0.000000
139  -0.211444 -0.769561 -3.027869  -0.237349 -0.000000 0.000000
140  0.529189 -0.832687 -3.288846  -0.237349 -0.000000 -0.000000
141  -0.173935 -0.945282 -3.779563  -0.233859 0.000000 0.000000
142  0.529180 -1.024657 -4.112779  -0.233859 0.000000 -0.000000
143  -0.211445 -1.132186 -4.577545  -0.262919 -0.000000 0.000000
144  0.529190 -1.201967 -4.836823  -0.262919 0.000000 -0.000000
145  -0.000003 -2.810940 -10.636627  0.258454 0.000000 3.141592
146  -0.192456 -1.345781 -5.370043  -0.280373 0.000000 0.000000
147  0.533984 -1.413514 -5.605105  -0.276883 0.000000 0.000000
148  -0.206617 -1.795759 -6.909777  -0.287354 0.000000 0.000000
149  -0.205805 -1.564819 -6.138257  -0.290843 0.000000 0.000000
150  0.530458 -1.643678 -6.395214  -0.290844 0.000000 0.000000
151  0.535310 -1.790711 -7.204132  -0.287354 -0.000000 0.000000
152  -0.202704 -2.030486 -7.702827  -0.286180 -0.000000 0.000000
153  0.509548 -2.118896 -8.011623  -0.298398 -0.000000 0.000000
154  -0.202702 -2.255278 -8.465169  -0.283134 -0.000000 0.000000
155  0.509547 -2.352982 -8.771159  -0.295352 -0.000000 0.000000
156  -0.202704 -2.481597 -9.235470  -0.285437 -0.000000 0.000000
157  0.509548 -2.588682 -9.538637  -0.297654 -0.000000 0.000000
158  0.170123 -21.222092 -1.001138  -0.000001 -0.000001 0.000000
159  0.170123 -20.843863 -0.397181  -0.000001 -0.000001 0.000000
160  0.170125 -20.489746 -1.001140  -0.000001 -0.000001 0.000000
161  0.170124 -20.111069 -0.397182  -0.000001 -0.000001 0.000000
162  0.170122 -19.380089 -0.397185  -0.000001 -0.000001 0.000000
163  0.170121 -19.025110 -1.001144  -0.000001 -0.000001 0.000000
164  0.170123 -18.646660 -0.396443  -0.000001 -0.000001 0.000000
165  0.170124 -19.755758 -1.001143  -0.000001 -0.000001 0.000000
166  -0.015975 10.035400 1.098089  0.000000 -0.000000 -0.000000
167  -0.104322 -52.163574 4.437346  1.570735 -0.000061 -1.570735
168  0.064652 27.351343 72.195206  0.000000 -0.000000 -0.000000
169  6.064262 95.114021 31.645496  0.000000 -0.000001 1.570796
170  -0.103713 -26.907879 3.305363  0.000000 -0.000000 -1.570730
171  6.064256 69.096558 37.164314  1.570796 -0.000000 1.570796
172  1.974302 11.989229 4.589250  0.000000 -0.000000 -0.000000
173  1.941733 0.883628 4.309753  0.000000 -0.000000 -1.483525
174  -0.115679 1.104774 6.744192  0.000000 -0.000000 -0.000000
175  6.064263 89.329796 31.613918  0.000000 -0.000001 1.570796
176  0.059884 2.255375 54.398026  0.000000 -0.000000 -0.000000
177  0.003496 -22.270657 0.000000  1.570735 -0.000061 -1.570735
178  0.104010 14.792239 1.530319  0.000000 -0.000000 -0.000000
179  3.000520 -2.985220 1.029102  2.067399 -0.085866 -1.929635
180  -2.951615 25.811047 -3.742302  -0.096365 0.008023 -1.450340
181  -2.662415 1.445781 33.628742  0.000487 3.141104 1.570796
182  8.352067 2.772890 0.000540  -3.140902 0.000003 -0.000001
183  -2.662416 1.445788 40.667969  0.000487 3.141104 1.570796
184  8.352068 2.772898 0.000545  -3.140902 0.000003 -0.000001
185  -1.431356 16.384777 4.137812  0.000001 0.000000 0.000000
186  -0.001843 0.521681 -0.140288  0.000000 -0.000000 -0.000000
187  7.323110 -5.136193 -5.166236  -0.000000 0.000000 -0.610865
188  2.698280 -0.000004 -0.000001  -0.000012 0.000000 0.000000
189  2.834160 0.000001 -0.000002  0.000013 0.000000 -0.000000
190  2.648919 0.000001 -0.000001  -0.000001 -0.000001 0.000000
191  2.667497 -0.000003 -0.000001  0.000000 -0.000000 -0.000000
192  2.426703 -0.000000 -0.000002  0.000000 0.000000 -0.000000
193  -0.494744 -44.353447 -1.302296  1.570797 -0.000000 -1.570797
194  11.545938 73.768417 -3.792012  0.000000 -0.000000 -0.000000
195  -0.011104 -16.902817 1.952046  0.000001 -0.000000 -0.000000
196  0.000000 -0.000006 -1.529052  -0.000000 0.000000 0.000000
197  -0.078942 0.000002 0.000001  0.000000 0.000001 1.570796
198  0.097093 0.000002 0.000001  -0.000000 -3.141592 1.570796
199  0.000000 0.000000 -0.000000  0.000000 -0.000000 -0.000000
200  -9.377862 -19.530725 -14.391814  -0.617076 0.228226 -0.627438
201  16.972643 -32.946369 -17.970806  1.504139 -0.101385 -0.989601
time 13
0  0 0 0  0 0 0
1  0.000000 0.000000 0.000000  0.000000 -0.000000 -0.000000
2  -0.000000 -0.000000 -55.423229  0.000000 -0.000000 -1.570730
3  -0.012872 0.000000 8.235027  -0.784749 -1.570710 -0.785986
4  16.163124 -0.010663 0.007211  -0.594297 0.000409 -0.000125
5  16.163132 -0.000000 3.830524  -1.333359 -0.199015 -2.456806
6  14.868229 0.000001 0.000001  -0.840227 0.685305 -1.674606
7  26.391943 -0.000004 -0.000000  -0.000000 0.000000 -1.323170
8  0.000004 0.000004 0.000000  -0.140868 -0.000000 -0.000000
9  3.093518 0.000000 0.000000  -0.281701 -0.000000 -0.000000
10  6.187023 0.000004 0.000001  -0.422584 -0.000000 -0.000000
11  9.280538 0.000000 0.000001  -0.563472 0.000000 -0.000000
12  12.374048 0.000001 0.000000  -0.704308 -0.000000 -0.000000
13  15.467563 -0.000000 0.000002  -0.845211 -0.000000 -0.000000
14  18.561062 -0.000002 0.000001  -0.986093 -0.000000 -0.000000
15  21.654575 -0.000001 0.000002  -2.939494 -0.427739 0.750054
16  1.410067 0.800537 -2.089134  1.926816 0.229617 0.446891
17  3.954707 0.000005 0.000005  0.032650 -0.305879 0.082888
18  3.101565 0.000003 0.000000  0.038488 -0.173200 0.020373
19  6.164459 -0.898153 2.575009  -0.464106 -0.015897 1.186542
20  2.805846 -0.000008 -0.000000  0.000000 -0.000000 0.521973
21  2.307440 0.000005 0.000004  -0.000000 0.000000 0.361287
22  7.145091 -0.676340 -1.382428  0.048305 -0.466031 0.179016
23  3.672215 -0.000001 -0.000000  0.000000 0.000000 1.094786
24  2.676519 -0.000003 0.000002  -0.000000 0.000000 0.976405
25  6.831181 -0.870864 0.599917  -0.198432 -0.274957 0.706750
26  3.657075 0.000003 -0.000002  0.000000 0.000000 1.196110
27  2.496792 0.000002 -0.000000  -0.000000 -0.000000 0.510610
28  7.183345 -0.532079 -3.267608  0.092002 -0.569205 -0.163901
29  3.511587 0.000003 0.000003  -0.000000 -0.000000 0.459239
30  2.199413 0.000002 0.000003  0.000000 -0.000000 0.877656
31  16.163136 0.000000 -3.830527  0.703564 0.858106 -2.571306
32  14.868248 0.000000 0.000001  -0.197940 -0.164523 -1.902376
33  26.391968 0.000005 0.000001  0.000000 0.000000 -1.601174
34  0.000006 -0.000001 0.000000  0.115913 0.000000 -0.000000
35  3.093518 -0.000003 0.000000  0.231911 0.000000 0.000000
36  6.187027 -0.000002 -0.000001  0.347831 0.000000 0.000000
37  9.280541 -0.000001 0.000000  0.463816 -0.000000 0.000000
38  12.374046 -0.000002 -0.000000  0.579758 -0.000000 -0.000000
39  15.467555 -0.000001 0.000001  0.695731 -0.000000 0.000000
40  18.561073 -0.000002 0.000001  0.811673 -0.000000 0.000000
41  21.654572 -0.000003 0.000001  2.595460 -0.570310 -0.043846
42  1.410064 0.800529 2.089141  -1.966491 -0.287076 0.559263
43  3.954715 -0.000002 -0.000001  0.000000 0.000000 0.375132
44  3.101566 -0.000001 -0.000003  -0.000000 0.000000 0.790793
45  7.183349 -0.532090 3.267619  0.052242 -0.011652 -0.158551
46  3.511588 -0.000002 0.000001  0.000000 0.000000 0.189253
47  2.199408 0.000003 0.000000  -0.000000 -0.000000 -0.104054
48  7.145094 -0.676345 1.382433  0.255424 0.283825 0.886075
49  3.672209 -0.000002 0.000002  -0.000000 -0.000000 1.435616
50  2.676521 -0.000001 -0.000000  0.000000 -0.000000 1.062915
51  6.831167 -0.870866 -0.599908  0.339890 0.115857 1.057859
52  3.657081 -0.000001 -0.000000  -0.000000 -0.000000 1.252193
53  2.496799 -0.000002 0.000000  0.000000 0.000000 0.840195
54  6.164458 -0.898154 -2.575006  0.409526 -0.061317 1.152482
55  2.805843 0.000002 -0.000001  0.000000 0.000000 0.666009
56  2.307452 0.000000 0.000002  0.000000 -0.000000 0.844543
57  0.000000 0.000000 0.000000  0.000001 -0.000000 -0.000000
58  13.205665 -33.170120 -16.914507  0.180956 0.528751 0.951707
59  0.000006 -19.069483 4.681030  0.000000 -0.000000 -0.000000
60  1.986524 0.000014 -3.123739  -2.705260 -0.000000 -1.570797
61  -1.986693 0.000015 -3.123746  0.436333 0.000001 1.570797
62  0.000001 -0.000001 -0.000002  0.000000 -0.000000 -0.000000
63  -1.530656 0.861419 -3.109962  0.392682 0.000010 1.570745
64  -11.344162 1.135890 0.869266  0.000328 -0.024963 -0.026314
65  1.907533 0.861415 -2.954432  -0.392858 -0.000004 1.570778
66  -11.350048 -0.729406 0.864871  0.000154 -0.025335 0.026430
67  1.754235 4.036757 -1.682672  0.392549 -0.010099 -1.546344
68  -1.755146 4.036756 -1.682672  -0.392547 -0.010382 -1.594901
69  -0.164556 5.734786 5.880446  0.000000 0.000000 -1.570730
70  1.203551 5.503726 4.339429  0.000000 -0.000000 -0.000000
71  -1.260174 5.668900 5.788552  0.070161 -0.418898 2.970131
72  1.185473 17.272337 1.821942  0.000000 -0.000000 -0.000000
73  0.060218 10.324437 74.469063  0.000000 -0.000000 -0.000000
74  0.052670 -3.972626 3.515853  1.570735 -0.000061 -1.570735
75  4.804181 -3.856464 -0.006880  0.000000 0.000000 0.000000
76  -6.013988 -4.624462 -0.000002  0.000000 0.000000 0.000000
77  -65.574097 -37.156052 0.002940  -0.787105 1.570710 0.783753
78  1.602680 -3.785214 0.003049  -0.787105 1.570710 0.784363
79  11.681374 -1.114741 -1.027845  -0.784972 1.570710 0.784971
80  19.766775 -3.800923 0.000004  0.000000 -0.000000 -0.000000
81  3.258439 5.856954 -3.403522  -0.000000 -0.000000 -0.000000
82  15.153045 5.860583 -3.403521  0.000000 -0.000000 0.000000
83  6.064259 77.294960 36.365799  1.570796 -0.000000 1.570796
84  -2.662413 1.445755 40.667961  0.000000 3.141591 1.570796
85  8.352066 2.772896 0.000538  -3.141589 0.000002 0.000000
86  6.064259 72.973694 32.593254  1.570796 -0.000000 1.570796
87  -0.113677 5.957341 -0.188892  0.000000 -0.000000 -0.000000
88  0.097227 0.210966 3.469586  0.000000 -0.000000 -0.000000
89  0.000000 1.310211 -0.000001  0.000000 -0.000000 0.000000
90  0.000001 0.582260 -0.000001  0.000000 -0.000000 0.000000
91  0.036298 1.284882 7.928797  0.000000 -0.000001 0.000000
92  0.000002 1.310210 0.000001  0.000000 0.000000 0.000000
93  0.000001 0.582261 0.000000  0.000000 0.000000 0.000000
94  5.969325 3.427462 -6.170651  -0.000000 -0.000001 -1.570797
95  -1.310211 -0.000001 0.000001  0.000000 -0.000000 -0.000000
96  -0.582261 -0.000000 0.000001  0.000000 0.000000 -0.000000
97  5.969325 9.397401 -6.170662  -0.000000 -0.000001 -1.570796
98  -1.310210 0.000002 0.000002  0.000000 0.000000 -0.000000
99  -0.582259 0.000003 0.000000  0.000000 0.000000 -0.000000
100  5.969324 15.223773 -6.170672  0.000000 -0.000001 -1.570796
101  -1.310211 0.000003 0.000000  -0.000000 0.000000 -0.000000
102  -0.582259 0.000001 0.000000  -0.000000 0.000000 -0.000000
103  5.969325 20.835573 -6.170672  0.000000 -0.000001 -1.570796
104  -1.310211 0.000002 -0.000002  -0.000000 0.000000 -0.000000
105  -0.582261 0.000001 0.000000  -0.000000 0.000000 -0.000000
106  5.969324 26.771210 -6.170674  0.000000 -0.000001 -1.570796
107  5.969324 32.597599 -6.170676  0.000000 -0.000001 -1.570796
108  5.969324 38.209400 -6.170686  0.000000 -0.000001 -1.570800
109  5.969322 49.488472 -6.170685  0.000000 -0.000001 -1.570800
110  -0.539088 -0.556806 -0.017364  -0.042462 2.681156 1.551919
111  -6.799123 -0.556804 0.818548  -0.272420 2.701993 1.452460
112  -4.615283 -0.556821 0.270326  -0.117230 2.684609 1.518878
113  -2.650969 -0.556806 0.063008  -0.042463 2.681158 1.551919
114  27.110338 1.284858 12.007548  0.000000 -0.000000 -0.000000
115  28.133430 1.284856 12.007546  0.000001 -0.000000 -0.000000
116  12.812888 2.241786 12.007549  0.000000 -0.000001 -0.000001
117  -9.955969 -0.319622 4.380212  -0.000001 -0.000000 -0.000001
118  -11.316475 -0.319623 4.380212  -0.000003 -0.000000 -0.000000
119  -12.667809 -0.319622 4.380213  -0.000003 -0.000000 0.000001
120  -14.022139 -0.319620 4.380214  0.000010 -0.000000 -0.000011
121  -15.373241 -0.319620 4.380213  0.000015 -0.000000 -0.000015
122  -16.724142 -0.319618 4.380213  -0.000009 -0.000000 0.000006
123  -18.074572 -0.319619 4.380212  -0.000006 -0.000000 0.000004
124  -19.423714 -0.319619 4.380214  0.000002 0.000000 -0.000004
125  -20.775272 -0.319617 4.380212  0.000003 0.000000 -0.000004
126  -22.126671 -0.319617 4.380214  0.000003 -0.000000 -0.000004
127  -23.478123 -0.319618 4.380213  0.000005 -0.000000 -0.000006
128  -24.830622 -0.319616 4.380214  0.000036 -0.000000 -0.000038
129  -26.182030 -0.319617 4.380212  -0.000011 -0.000000 0.000011
130  0.529181 -0.167127 0.629484  -0.101270 -0.000000 0.000000
131  -0.211442 -0.241682 0.155360  -0.145847 -0.000000 0.000000
132  0.529190 -0.280699 -0.110295  -0.145847 -0.000000 -0.000000
133  -0.173924 -0.337324 -0.638496  -0.181751 -0.000000 0.000000
134  0.529191 -0.399245 -0.975395  -0.181751 -0.000000 0.000000
135  -0.211442 -0.464476 -1.431043  -0.192399 -0.000000 0.000000
136  0.529190 -0.515805 -1.694583  -0.192399 -0.000000 0.000000
137  -0.173926 -0.612151 -2.231913  -0.216703 -0.000000 0.000000
138  0.529191 -0.685803 -2.566442  -0.216703 -0.000000 -0.000000
139  -0.211445 -0.769559 -3.027871  -0.237349 -0.000000 0.000000
140  0.529189 -0.832685 -3.288850  -0.237349 -0.000000 -0.000000
141  -0.173936 -0.945279 -3.779565  -0.233859 0.000000 0.000000
142  0.529181 -1.024656 -4.112782  -0.233859 0.000000 -0.000000
143  -0.211442 -1.132184 -4.577550  -0.262919 -0.000000 0.000000
144  0.529191 -1.201962 -4.836827  -0.262919 0.000000 -0.000000
145  -0.000001 -2.810937 -10.636631  0.258454 0.000000 3.141592
146  -0.192454 -1.345778 -5.370048  -0.280373 0.000000 0.000000
147  0.533983 -1.413510 -5.605107  -0.276883 0.000000 0.000000
148  -0.206617 -1.795758 -6.909781  -0.287354 0.000000 0.000000
149  -0.205801 -1.564816 -6.138258  -0.290843 0.000000 0.000000
150  0.530462 -1.643674 -6.395218  -0.290844 0.000000 0.000000
151  0.535314 -1.790707 -7.204135  -0.287354 -0.000000 0.000000
152  -0.202702 -2.030484 -7.702833  -0.286180 -0.000000 0.000000
153  0.509547 -2.118894 -8.011625  -0.298398 -0.000000 0.000000
154  -0.202700 -2.255275 -8.465172  -0.283134 -0.000000 0.000000
155  0.509548 -2.352978 -8.771160  -0.295352 -0.000000 0.000000
156  -0.202703 -2.481596 -9.235473  -0.285437 -0.000000 0.000000
157  0.509547 -2.588682 -9.538641  -0.297654 -0.000000 0.000000
158  0.170125 -21.222092 -1.001141  -0.000001 -0.000001 0.000000
159  0.170123 -20.843864 -0.397185  -0.000001 -0.000001 0.000000
160  0.170126 -20.489746 -1.001144  -0.000001 -0.000001 0.000000
161  0.170123 -20.111067 -0.397185  -0.000001 -0.000001 0.000000
162  0.170125 -19.380085 -0.397189  -0.000001 -0.000001 0.000000
163  0.170127 -19.025108 -1.001149  -0.000001 -0.000001 0.000000
164  0.170122 -18.646660 -0.396449  -0.000001 -0.000001 0.000000
165  0.170124 -19.755762 -1.001145  -0.000001 -0.000001 0.000000
166  -0.015970 10.035406 1.098091  0.000000 -0.000000 -0.000000
167  -0.104321 -52.163582 4.437344  1.570735 -0.000061 -1.570735
168  0.064652 27.351349 72.195213  0.000000 -0.000000 -0.000000
169  6.064264 95.114021 31.645508  -0.000000 -0.000001 1.570796
170  -0.103705 -26.907866 3.305359  0.000000 0.000000 -1.570730
171  6.064258 69.096565 37.164322  1.570796 -0.000000 1.570796
172  1.974305 11.989238 4.589252  0.000000 -0.000000 -0.000000
173  1.941740 0.883633 4.309755  0.000000 0.000000 -1.483525
174  -0.115675 1.104777 6.744192  0.000000 -0.000000 -0.000000
175  6.064260 89.329811 31.613922  -0.000000 -0.000001 1.570796
176  0.059890 2.255379 54.398026  0.000000 -0.000000 -0.000000
177  0.003496 -22.270657 0.000001  1.570735 -0.000061 -1.570735
178  0.104015 14.792247 1.530322  0.000000 -0.000000 -0.000000
179  3.000527 -2.985218 1.029099  2.067399 -0.085866 -1.929635
180  -2.951612 25.811052 -3.742297  -0.096365 0.008023 -1.450340
181  -2.662411 1.445784 33.628746  0.000487 3.141104 1.570796
182  8.352068 2.772894 0.000541  -3.140902 0.000003 -0.000001
183  -2.662412 1.445789 40.667973  0.000487 3.141104 1.570796
184  8.352068 2.772893 0.000539  -3.140902 0.000003 -0.000001
185  -1.431353 16.384783 4.137812  0.000001 -0.000000 0.000000
186  -0.001842 0.521685 -0.140289  0.000000 -0.000000 -0.000000
187  7.323112 -5.136191 -5.166239  -0.000000 0.000000 -0.610865
188  2.698277 0.000000 0.000000  -0.000012 0.000000 0.000000
189  2.834159 -0.000000 -0.000004  0.000013 0.000000 0.000000
190  2.648918 -0.000001 -0.000002  -0.000001 -0.000001 0.000000
191  2.667497 -0.000003 -0.000004  0.000000 0.000000 0.000000
192  2.426703 -0.000006 0.000000  0.000000 0.000000 -0.000000
193  -0.494742 -44.353447 -1.302299  1.570797 -0.000000 -1.570797
194  11.545941 73.768417 -3.792006  0.000000 -0.000000 -0.000000
195  -0.011100 -16.902813 1.952047  0.000001 -0.000000 -0.000000
196  -0.000003 -0.000003 -1.529054  -0.000000 -0.000000 0.000000
197  -0.078942 -0.000002 0.000000  0.000000 0.000001 1.570796
198  0.097093 0.000000 -0.000001  -0.000000 -3.141592 1.570796
199  0.000000 0.000000 -0.000000  0.000000 -0.000000 -0.000000
200  -9.210912 -19.726851 -14.594165  -0.613594 0.223490 -0.609121
201  17.390182 -32.675987 -18.016573  1.509102 -0.104572 -0.972585
time 14
0  0 0 0  0 0 0
1  0.000000 0.000000 0.000000  0.000000 -0.000000 -0.000000
2  -0.000000 -0.000000 -55.423229  0.000000 -0.000000 -1.570730
3  -0.012872 0.000000 8.235027  -0.784749 -1.570710 -0.785986
4  16.163124 -0.010663 0.007211  -0.594297 0.000409 -0.000125
5  16.163132 -0.000000 3.830524  -1.333359 -0.199015 -2.456806
6  14.868229 0.000001 0.000001  -0.837253 0.684002 -1.660214
7  26.391941 -0.000007 -0.000002  -0.000000 0.000000 -1.338844
8  0.000003 -0.000001 0.000001  -0.139460 -0.000000 -0.000000
9  3.093520 -0.000007 0.000001  -0.278989 -0.000000 -0.000000
10  6.187022 -0.000003 0.000002  -0.418464 -0.000000 -0.000000
11  9.280537 -0.000007 0.000000  -0.558010 -0.000000 -0.000000
12  12.374048 -0.000005 0.000001  -0.697484 -0.000000 -0.000000
13  15.467558 -0.000003 0.000003  -0.836987 -0.000000 -0.000000
14  18.561060 -0.000008 0.000002  -0.976474 -0.000000 -0.000000
15  21.654575 -0.000007 0.000004  -2.926461 -0.430245 0.753546
16  1.410072 0.800538 -2.089135  1.926816 0.229617 0.446891
17  3.954711 0.000000 0.000003  0.032650 -0.305879 0.082888
18  3.101566 -0.000004 0.000001  0.038488 -0.173200 0.020373
19  6.164462 -0.898150 2.575011  -0.464106 -0.015897 1.186542
20  2.805845 -0.000007 -0.000000  0.000000 -0.000000 0.521973
21  2.307438 0.000005 -0.000000  0.000000 0.000000 0.361287
22  7.145097 -0.676337 -1.382428  0.048305 -0.466031 0.179016
23  3.672215 -0.000001 0.000001  0.000000 0.000000 1.094786
24  2.676518 0.000003 0.000002  0.000000 -0.000000 0.976405
25  6.831182 -0.870860 0.599915  -0.198432 -0.274957 0.706750
26  3.657075 0.000006 -0.000001  0.000000 0.000000 1.196109
27  2.496791 0.000002 -0.000000  -0.000000 -0.000000 0.510610
28  7.183350 -0.532075 -3.267608  0.092002 -0.569205 -0.163901
29  3.511588 0.000004 0.000002  -0.000000 -0.000000 0.459239
30  2.199415 -0.000000 0.000001  0.000000 -0.000000 0.877656
31  16.163136 0.000000 -3.830527  0.703564 0.858106 -2.571306
32  14.868248 0.000000 0.000001  -0.204187 -0.172870 -1.904068
33  26.391966 0.000000 0.000003  0.000000 0.000000 -1.597233
34  0.000005 0.000000 -0.000003  0.116341 0.000000 -0.000000
35  3.093518 -0.000002 -0.000000  0.232648 0.000000 -0.000000
36  6.187024 -0.000000 -0.000001  0.349008 0.000000 -0.000000
37  9.280537 0.000001 -0.000000  0.465321 0.000000 0.000000
38  12.374046 -0.000001 -0.000001  0.581669 -0.000000 -0.000000
39  15.467555 0.000001 -0.000000  0.698004 -0.000000 0.000000
40  18.561069 0.000001 -0.000001  0.814398 0.000000 0.000000
41  21.654570 -0.000000 0.000003  2.600120 -0.558905 -0.058454
42  1.410064 0.800529 2.089141  -1.966491 -0.287076 0.559263
43  3.954715 -0.000002 -0.000000  0.000000 -0.000000 0.375132
44  3.101565 -0.000003 -0.000000  -0.000000 0.000000 0.790793
45  7.183350 -0.532091 3.267618  0.052242 -0.011652 -0.158551
46  3.511586 -0.000000 0.000001  0.000000 0.000000 0.189253
47  2.199408 -0.000001 0.000002  0.000000 -0.000000 -0.104054
48  7.145096 -0.676344 1.382435  0.255424 0.283825 0.886075
49  3.672211 -0.000004 0.000001  -0.000000 -0.000000 1.435616
50  2.676521 0.000001 0.000001  -0.000000 -0.000000 1.062915
51  6.831169 -0.870867 -0.599910  0.339890 0.115856 1.057859
52  3.657083 -0.000002 0.000000  -0.000000 -0.000000 1.252192
53  2.496799 -0.000001 -0.000002  0.000000 0.000000 0.840195
54  6.164461 -0.898152 -2.575006  0.409526 -0.061316 1.152482
55  2.805844 0.000002 -0.000000  0.000000 0.000000 0.666009
56  2.307452 -0.000001 0.000001  -0.000000 -0.000000 0.844543
57  0.000000 0.000000 0.000000  0.000001 -0.000000 -0.000000
58  13.578104 -32.958603 -17.075758  0.175900 0.521002 0.964483
59  0.000002 -19.069490 4.681038  0.000000 -0.000000 0.000000
60  1.986526 0.000011 -3.123736  -2.705260 -0.000000 -1.570797
61  -1.986691 0.000010 -3.123746  0.436333 0.000001 1.570797
62  0.000003 -0.000006 -0.000001  0.000000 -0.000000 0.000000
63  -1.530655 0.861416 -3.109959  0.392682 0.000010 1.570745
64  -11.344166 1.135892 0.869266  0.000328 -0.024963 -0.026314
65  1.907537 0.861408 -2.954432  -0.392858 -0.000004 1.570778
66  -11.350044 -0.729405 0.864869  0.000154 -0.025335 0.026430
67  1.754242 4.036754 -1.682670  0.392549 -0.010099 -1.546344
68  -1.755142 4.036754 -1.682669  -0.392547 -0.010382 -1.594901
69  -0.164559 5.734784 5.880445  -0.000000 0.000000 -1.570730
70  1.203547 5.503722 4.339430  0.000000 -0.000000 0.000000
71  -1.260174 5.668902 5.788550  0.070161 -0.418898 2.970131
72  1.185468 17.272333 1.821939  0.000000 -0.000000 0.000000
73  0.060220 10.324439 74.469063  0.000000 -0.000000 0.000000
74  0.052673 -3.972630 3.515839  1.570735 -0.000061 -1.570735
75  4.804184 -3.856467 -0.006878  -0.000000 0.000000 0.000000
76  -6.013987 -4.624461 -0.000000  0.000000 0.000000 0.000000
77  -65.574097 -37.156048 0.002942  -0.786678 1.570710 0.782777
78  1.602683 -3.785216 0.003050  -0.786069 1.570710 0.783570
79  11.681370 -1.114741 -1.027847  -0.784788 1.570710 0.784971
80  19.766775 -3.800923 0.000003  -0.000000 0.000000 -0.000000
81  3.258439 5.856954 -3.403524  -0.000000 -0.000000 -0.000000
82  15.153045 5.860581 -3.403519  0.000000 -0.000000 -0.000000
83  6.064257 77.294960 36.365799  1.570796 -0.000000 1.570796
84  -2.662411 1.445753 40.667961  -0.000000 3.141591 1.570796
85  8.352067 2.772898 0.000542  -3.141589 0.000002 0.000000
86  6.064258 72.973701 32.593254  1.570796 -0.000000 1.570796
87  -0.113674 5.957338 -0.188890  0.000000 -0.000000 0.000000
88  0.097226 0.210965 3.469589  0.000000 -0.000000 0.000000
89  0.000000 1.310211 -0.000001  0.000000 -0.000000 0.000000
90  0.000000 0.582259 0.000000  0.000000 -0.000000 0.000000
91  0.036298 1.284881 7.928799  0.000000 -0.000001 0.000000
92  0.000003 1.310211 0.000000  0.000000 -0.000000 0.000000
93  0.000002 0.582258 -0.000001  0.000000 -0.000000 0.000000
94  5.969324 3.427459 -6.170652  -0.000000 -0.000001 -1.570797
95  -1.310210 0.000001 0.000003  0.000000 0.000000 -0.000000
96  -0.582258 0.000001 0.000002  0.000000 0.000000 -0.000000
97  5.969324 9.397400 -6.170660  -0.000000 -0.000001 -1.570796
98  -1.310211 0.000001 0.000002  0.000000 0.000000 -0.000000
99  -0.582259 -0.000001 0.000003  0.000000 0.000000 -0.000000
100  5.969323 15.223772 -6.170671  0.000000 -0.000001 -1.570796
101  -1.310211 0.000002 -0.000002  -0.000000 0.000000 -0.000000
102  -0.582261 0.000003 -0.000001  -0.000000 0.000000 -0.000000
103  5.969323 20.835571 -6.170671  0.000000 -0.000001 -1.570796
104  -1.310211 0.000002 -0.000001  -0.000000 0.000000 -0.000000
105  -0.582260 0.000000 0.000001  -0.000000 0.000000 -0.000000
106  5.969323 26.771212 -6.170671  0.000000 -0.000001 -1.570796
107  5.969323 32.597595 -6.170675  0.000000 -0.000001 -1.570796
108  5.969323 38.209400 -6.170685  0.000000 -0.000001 -1.570800
109  5.969319 49.488468 -6.170687  0.000000 -0.000001 -1.570800
110  -0.539089 -0.556808 -0.017363  -0.042462 2.681156 1.551919
111  -6.799124 -0.556807 0.818548  -0.272420 2.701993 1.452460
112  -4.615282 -0.556820 0.270328  -0.117230 2.684609 1.518878
113  -2.650968 -0.556807 0.063009  -0.042463 2.681158 1.551919
114  27.110338 1.284855 12.007549  0.000000 -0.000000 -0.000000
115  28.133427 1.284857 12.007547  0.000001 -0.000000 -0.000000
116  12.812890 2.241785 12.007551  0.000000 -0.000001 -0.000001
117  -9.955967 -0.319623 4.380214  -0.000001 -0.000000 -0.000001
118  -11.316473 -0.319621 4.380215  -0.000003 -0.000000 0.000000
119  -12.667809 -0.319621 4.380215  -0.000003 -0.000000 0.000001
120  -14.022139 -0.319620 4.380216  0.000010 -0.000000 -0.000011
121  -15.373240 -0.319621 4.380214  0.000015 -0.000000 -0.000015
122  -16.724144 -0.319621 4.380214  -0.000009 -0.000000 0.000006
123  -18.074574 -0.319622 4.380214  -0.000006 0.000000 0.000004
124  -19.423716 -0.319620 4.380213  0.000002 0.000000 -0.000004
125  -20.775272 -0.319619 4.380213  0.000003 0.000000 -0.000004
126  -22.126671 -0.319618 4.380216  0.000003 -0.000000 -0.000004
127  -23.478125 -0.319617 4.380214  0.000005 -0.000000 -0.000006
128  -24.830620 -0.319619 4.380215  0.000036 -0.000000 -0.000038
129  -26.182030 -0.319617 4.380216  -0.000011 0.000000 0.000011
130  0.529180 -0.167130 0.629484  -0.101270 -0.000000 0.000000
131  -0.211445 -0.241682 0.155360  -0.145847 -0.000000 0.000000
132  0.529189 -0.280699 -0.110292  -0.145847 -0.000000 0.000000
133  -0.173927 -0.337323 -0.638495  -0.181751 -0.000000 0.000000
134  0.529190 -0.399246 -0.975395  -0.181751 -0.000000 0.000000
135  -0.211442 -0.464475 -1.431043  -0.192399 -0.000000 0.000000
136  0.529189 -0.515808 -1.694584  -0.192399 -0.000000 0.000000
137  -0.173928 -0.612152 -2.231913  -0.216703 -0.000000 0.000000
138  0.529189 -0.685807 -2.566442  -0.216703 -0.000000 0.000000
139  -0.211444 -0.769561 -3.027870  -0.237349 -0.000000 0.000000
140  0.529190 -0.832685 -3.288848  -0.237349 -0.000000 0.000000
141  -0.173937 -0.945282 -3.779565  -0.233859 0.000000 0.000000
142  0.529179 -1.024657 -4.112779  -0.233859 0.000000 0.000000
143  -0.211443 -1.132185 -4.577549  -0.262919 -0.000000 0.000000
144  0.529189 -1.201966 -4.836826  -0.262919 0.000000 0.000000
145  -0.000005 -2.810941 -10.636631  0.258454 0.000000 3.141592
146  -0.192456 -1.345777 -5.370045  -0.280373 0.000000 0.000000
147  0.533984 -1.413511 -5.605106  -0.276883 0.000000 0.000000
148  -0.206618 -1.795759 -6.909781  -0.287354 0.000000 0.000000
149  -0.205804 -1.564817 -6.138257  -0.290843 0.000000 0.000000
150  0.530459 -1.643675 -6.395215  -0.290844 0.000000 0.000000
151  0.535310 -1.790710 -7.204133  -0.287354 -0.000000 0.000000
152  -0.202702 -2.030485 -7.702833  -0.286180 -0.000000 0.000000
153  0.509546 -2.118896 -8.011627  -0.298398 -0.000000 0.000000
154  -0.202703 -2.255276 -8.465172  -0.283134 -0.000000 0.000000
155  0.509547 -2.352980 -8.771160  -0.295352 -0.000000 0.000000
156  -0.202704 -2.481595 -9.235472  -0.285437 -0.000000 0.000000
157  0.509548 -2.588683 -9.538640  -0.297653 -0.000000 0.000000
158  0.170125 -21.222092 -1.001140  -0.000001 -0.000001 0.000000
159  0.170121 -20.843864 -0.397182  -0.000001 -0.000001 0.000000
160  0.170124 -20.489744 -1.001140  -0.000001 -0.000001 0.000000
161  0.170121 -20.111071 -0.397184  -0.000001 -0.000001 0.000000
162  0.170124 -19.380087 -0.397186  -0.000001 -0.000001 0.000000
163  0.170124 -19.025110 -1.001146  -0.000001 -0.000001 0.000000
164  0.170126 -18.646660 -0.396447  -0.000001 -0.000001 0.000000
165  0.170123 -19.755760 -1.001143  -0.000001 -0.000001 0.000000
166  -0.015975 10.035403 1.098089  0.000000 -0.000000 0.000000
167  -0.104317 -52.163574 4.437346  1.570735 -0.000061 -1.570735
168  0.064658 27.351347 72.195213  0.000000 -0.000000 0.000000
169  6.064259 95.114029 31.645502  -0.000000 -0.000001 1.570796
170  -0.103717 -26.907871 3.305357  -0.000000 0.000000 -1.570730
171  6.064259 69.096565 37.164322  1.570796 -0.000000 1.570796
172  1.974300 11.989233 4.589250  0.000000 -0.000000 0.000000
173  1.941735 0.883633 4.309754  0.000000 -0.000000 -1.483525
174  -0.115677 1.104779 6.744192  0.000000 -0.000000 0.000000
175  6.064260 89.329811 31.613922  -0.000000 -0.000001 1.570796
176  0.059884 2.255381 54.398022  0.000000 -0.000000 0.000000
177  0.003496 -22.270649 -0.000004  1.570735 -0.000061 -1.570735
178  0.104009 14.792244 1.530320  0.000000 -0.000000 0.000000
179  3.000527 -2.985219 1.029098  2.067399 -0.085866 -1.929635
180  -2.951612 25.811049 -3.742301  -0.096365 0.008023 -1.450340
181  -2.662413 1.445784 33.628746  0.000487 3.141104 1.570796
182  8.352071 2.772896 0.000540  -3.140902 0.000003 -0.000001
183  -2.662409 1.445786 40.667973  0.000487 3.141104 1.570796
184  8.352064 2.772899 0.000540  -3.140902 0.000003 -0.000001
185  -1.431356 16.384783 4.137811  0.000001 -0.000000 0.000000
186  -0.001843 0.521685 -0.140290  0.000000 -0.000000 0.000000
187  7.323110 -5.136191 -5.166237  0.000000 0.000000 -0.610865
188  2.698275 -0.000003 0.000004  -0.000012 0.000000 0.000000
189  2.834159 -0.000007 -0.000001  0.000013 0.000000 -0.000000
190  2.648918 -0.000004 -0.000004  -0.000001 -0.000001 0.000000
191  2.667500 -0.000003 0.000000  0.000000 0.000000 -0.000000
192  2.426702 0.000001 -0.000003  0.000000 0.000000 -0.000000
193  -0.494740 -44.353451 -1.302298  1.570797 -0.000000 -1.570797
194  11.545936 73.768425 -3.792009  0.000000 -0.000000 0.000000
195  -0.011103 -16.902815 1.952047  0.000001 -0.000000 0.000000
196  -0.000006 -0.000001 -1.529053  -0.000000 0.000000 -0.000000
197  -0.078939 -0.000001 -0.000003  0.000000 0.000001 1.570796
198  0.097095 -0.000004 -0.000004  -0.000000 -3.141592 1.570796
199  0.000000 0.000000 -0.000000  0.000000 -0.000000 -0.000000
200  -9.066221 -19.867966 -14.883235  -0.605703 0.219058 -0.592094
201  17.760271 -32.397324 -18.142433  1.517836 -0.105957 -0.958208
time 15
0  0 0 0  0 0 0
1  0.000000 0.000000 0.000000  0.000000 -0.000000 -0.000000
2  -0.000000 -0.000000 -55.423229  0.000000 -0.000000 -1.570730
3  -0.012872 0.000000 8.235027  -0.784749 -1.570710 -0.785986
4  16.163124 -0.010663 0.007211  -0.594297 0.000409 -0.000125
5  16.163132 -0.000000 3.830524  -1.333359 -0.199015 -2.456806
6  14.868229 0.000001 0.000001  -0.833675 0.683846 -1.645577
7  26.391945 -0.000003 -0.000002  -0.000000 0.000000 -1.354617
8  0.000005 -0.000003 -0.000002  -0.138176 -0.000000 -0.000000
9  3.093520 -0.000005 -0.000001  -0.276400 -0.000000 -0.000000
10  6.187026 -0.000002 0.000000  -0.414659 -0.000000 -0.000000
11  9.280535 -0.000004 0.000000  -0.552869 -0.000000 -0.000000
12  12.374050 -0.000007 0.000001  -0.691058 -0.000000 -0.000000
13  15.467561 -0.000006 0.000001  -0.829311 -0.000000 -0.000000
14  18.561062 -0.000004 0.000003  -0.967500 -0.000000 -0.000000
15  21.654577 -0.000007 0.000001  -2.912806 -0.430397 0.759062
16  1.410069 0.800539 -2.089132  1.926816 0.229617 0.446891
17  3.954710 -0.000001 0.000003  0.032650 -0.305879 0.082888
18  3.101564 0.000002 0.000001  0.038488 -0.173200 0.020373
19  6.164462 -0.898148 2.575013  -0.464106 -0.015897 1.186542
20  2.805845 -0.000006 0.000002  -0.000000 -0.000000 0.521973
21  2.307442 -0.000004 0.000000  -0.000000 0.000000 0.361287
22  7.145094 -0.676338 -1.382425  0.048305 -0.466031 0.179016
23  3.672216 0.000002 0.000001  0.000000 0.000000 1.094786
24  2.676517 -0.000004 0.000001  0.000000 -0.000000 0.976405
25  6.831182 -0.870860 0.599920  -0.198432 -0.274957 0.706750
26  3.657075 -0.000002 -0.000004  0.000000 0.000000 1.196110
27  2.496794 0.000003 0.000002  -0.000000 -0.000000 0.510610
28  7.183349 -0.532076 -3.267606  0.092002 -0.569205 -0.163901
29  3.511588 0.000001 0.000002  -0.000000 -0.000000 0.459239
30  2.199416 0.000003 0.000000  0.000000 -0.000000 0.877656
31  16.163136 0.000000 -3.830527  0.703564 0.858106 -2.571306
32  14.868248 0.000000 0.000001  -0.210891 -0.180998 -1.904197
33  26.391968 0.000000 0.000002  0.000000 0.000000 -1.597408
34  0.000000 0.000003 -0.000002  0.117197 0.000000 -0.000000
35  3.093516 -0.000002 0.000000  0.234369 0.000000 0.000000
36  6.187024 -0.000000 -0.000002  0.351612 0.000000 0.000000
37  9.280537 0.000002 -0.000003  0.468772 -0.000000 0.000000
38  12.374046 -0.000002 -0.000001  0.586003 0.000000 -0.000000
39  15.467552 -0.000000 -0.000001  0.703202 -0.000000 -0.000000
40  18.561066 0.000000 -0.000000  0.820384 0.000000 0.000000
41  21.654568 -0.000002 -0.000001  2.606551 -0.548242 -0.067571
42  1.410065 0.800528 2.089140  -1.966491 -0.287076 0.559263
43  3.954715 -0.000005 0.000000  0.000000 -0.000000 0.375132
44  3.101565 -0.000002 -0.000001  -0.000000 0.000000 0.790793
45  7.183351 -0.532091 3.267617  0.052242 -0.011652 -0.158551
46  3.511589 -0.000001 0.000000  0.000000 0.000000 0.189253
47  2.199407 0.000000 0.000002  0.000000 0.000000 -0.104054
48  7.145097 -0.676346 1.382433  0.255424 0.283825 0.886075
49  3.672210 -0.000002 0.000001  -0.000000 -0.000000 1.435616
50  2.676518 0.000001 0.000000  0.000000 -0.000000 1.062915
51  6.831170 -0.870866 -0.599910  0.339890 0.115856 1.057859
52  3.657084 -0.000001 0.000002  -0.000000 -0.000000 1.252193
53  2.496796 -0.000001 -0.000002  0.000000 0.000000 0.840195
54  6.164459 -0.898155 -2.575007  0.409526 -0.061317 1.152482
55  2.805844 0.000002 0.000003  0.000000 -0.000000 0.666009
56  2.307452 0.000001 0.000000  0.000000 0.000000 0.844543
57  0.000000 0.000000 0.000000  0.000001 -0.000000 -0.000000
58  13.893246 -32.742691 -17.273729  0.171684 0.510117 0.974419
59  0.000005 -19.069483 4.681029  0.000000 -0.000000 -0.000000
60  1.986525 0.000013 -3.123741  -2.705260 -0.000000 -1.570797
61  -1.986695 0.000015 -3.123748  0.436333 0.000001 1.570797
62  0.000000 -0.000002 0.000000  0.000000 -0.000000 -0.000000
63  -1.530658 0.861419 -3.109962  0.392682 0.000010 1.570745
64  -11.344166 1.135891 0.869262  0.000328 -0.024963 -0.026314
65  1.907532 0.861412 -2.954429  -0.392858 -0.000004 1.570778
66  -11.350047 -0.729406 0.864871  0.000154 -0.025335 0.026430
67  1.754237 4.036757 -1.682670  0.392549 -0.010099 -1.546344
68  -1.755144 4.036757 -1.682671  -0.392547 -0.010382 -1.594901
69  -0.164557 5.734781 5.880445  0.000000 0.000000 -1.570730
70  1.203549 5.503723 4.339431  0.000000 -0.000000 -0.000000
71  -1.260173 5.668900 5.788551  0.070161 -0.418898 2.970131
72  1.185470 17.272331 1.821942  0.000000 -0.000000 -0.000000
73  0.060218 10.324434 74.469055  0.000000 -0.000000 -0.000000
74  0.052679 -3.972623 3.515848  1.570735 -0.000061 -1.570735
75  4.804186 -3.856466 -0.006880  0.000000 0.000000 0.000000
76  -6.013982 -4.624461 -0.000002  0.000000 0.000000 0.000000
77  -65.574097 -37.156052 0.002940  -0.786008 1.570710 0.782777
78  1.602682 -3.785215 0.003047  -0.786008 1.570710 0.783691
79  11.681374 -1.114741 -1.027850  -0.784178 1.570710 0.785093
80  19.766779 -3.800923 0.000003  0.000000 0.000000 0.000000
81  3.258441 5.856954 -3.403525  -0.000000 -0.000000 -0.000000
82  15.153051 5.860581 -3.403522  0.000000 -0.000000 0.000000
83  6.064259 77.294952 36.365795  1.570796 -0.000000 1.570796
84  -2.662412 1.445755 40.667957  0.000000 3.141591 1.570796
85  8.352065 2.772899 0.000543  -3.141589 0.000002 0.000000
86  6.064257 72.973694 32.593250  1.570796 -0.000000 1.570796
87  -0.113678 5.957335 -0.188893  0.000000 -0.000000 -0.000000
88  0.097226 0.210961 3.469586  0.000000 -0.000000 -0.000000
89  -0.000000 1.310209 0.000001  0.000000 -0.000000 0.000000
90  -0.000000 0.582258 -0.000000  0.000000 -0.000000 0.000000
91  0.036298 1.284877 7.928796  0.000000 -0.000001 0.000000
92  0.000000 1.310212 0.000000  0.000000 -0.000000 0.000000
93  -0.000002 0.582260 0.000000  0.000000 -0.000000 0.000000
94  5.969324 3.427458 -6.170651  -0.000000 -0.000001 -1.570797
95  -1.310211 -0.000000 -0.000001  0.000000 -0.000000 -0.000000
96  -0.582260 0.000000 -0.000001  0.000000 -0.000000 -0.000000
97  5.969321 9.397397 -6.170660  -0.000000 -0.000001 -1.570796
98  -1.310212 -0.000001 0.000001  0.000000 0.000000 -0.000000
99  -0.582260 -0.000001 -0.000001  0.000000 0.000000 -0.000000
100  5.969321 15.223769 -6.170669  0.000000 -0.000001 -1.570796
101  -1.310211 0.000000 0.000000  -0.000000 0.000000 -0.000000
102  -0.582261 0.000001 0.000002  -0.000000 0.000000 -0.000000
103  5.969323 20.835567 -6.170671  0.000000 -0.000001 -1.570796
104  -1.310211 0.000000 0.000002  -0.000000 0.000000 -0.000000
105  -0.582261 0.000000 0.000006  -0.000000 0.000000 -0.000000
106  5.969322 26.771206 -6.170671  0.000000 -0.000001 -1.570796
107  5.969320 32.597595 -6.170673  0.000000 -0.000001 -1.570796
108  5.969321 38.209396 -6.170684  0.000000 -0.000001 -1.570800
109  5.969321 49.488461 -6.170684  0.000000 -0.000001 -1.570800
110  -0.539090 -0.556809 -0.017363  -0.042462 2.681156 1.551919
111  -6.799124 -0.556807 0.818548  -0.272420 2.701993 1.452460
112  -4.615284 -0.556825 0.270326  -0.117230 2.684609 1.518878
113  -2.650970 -0.556809 0.063009  -0.042463 2.681158 1.551919
114  27.110336 1.284857 12.007547  0.000000 -0.000000 0.000000
115  28.133425 1.284851 12.007545  0.000001 -0.000000 0.000000
116  12.812885 2.241783 12.007547  0.000000 -0.000001 -0.000001
117  -9.955967 -0.319625 4.380212  -0.000001 -0.000000 -0.000001
118  -11.316475 -0.319625 4.380214  -0.000003 -0.000000 -0.000000
119  -12.667811 -0.319625 4.380214  -0.000003 -0.000000 0.000001
120  -14.022140 -0.319622 4.380214  0.000010 -0.000000 -0.000011
121  -15.373240 -0.319622 4.380213  0.000015 -0.000000 -0.000015
122  -16.724142 -0.319622 4.380212  -0.000009 -0.000000 0.000006
123  -18.074574 -0.319624 4.380212  -0.000006 -0.000000 0.000004
124  -19.423714 -0.319621 4.380213  0.000002 0.000000 -0.000004
125  -20.775272 -0.319622 4.380213  0.000003 0.000000 -0.000004
126  -22.126671 -0.319621 4.380214  0.000003 -0.000000 -0.000004
127  -23.478123 -0.319620 4.380213  0.000005 -0.000000 -0.000006
128  -24.830622 -0.319622 4.380213  0.000036 -0.000000 -0.000038
129  -26.182028 -0.319621 4.380214  -0.000011 -0.000000 0.000011
130  0.529181 -0.167131 0.629483  -0.101270 -0.000000 0.000000
131  -0.211445 -0.241685 0.155360  -0.145847 -0.000000 0.000000
132  0.529189 -0.280702 -0.110293  -0.145847 -0.000000 -0.000000
133  -0.173925 -0.337327 -0.638497  -0.181751 -0.000000 0.000000
134  0.529190 -0.399248 -0.975394  -0.181751 -0.000000 0.000000
135  -0.211445 -0.464480 -1.431041  -0.192399 -0.000000 0.000000
136  0.529191 -0.515809 -1.694583  -0.192399 -0.000000 0.000000
137  -0.173928 -0.612154 -2.231911  -0.216703 -0.000000 0.000000
138  0.529187 -0.685808 -2.566441  -0.216703 -0.000000 0.000000
139  -0.211445 -0.769564 -3.027872  -0.237349 -0.000000 0.000000
140  0.529188 -0.832689 -3.288846  -0.237349 -0.000000 0.000000
141  -0.173937 -0.945283 -3.779565  -0.233859 0.000000 0.000000
142  0.529179 -1.024659 -4.112779  -0.233859 0.000000 0.000000
143  -0.211445 -1.132188 -4.577548  -0.262919 -0.000000 0.000000
144  0.529190 -1.201967 -4.836826  -0.262919 0.000000 0.000000
145  -0.000005 -2.810945 -10.636633  0.258454 0.000000 3.141592
146  -0.192456 -1.345781 -5.370046  -0.280373 0.000000 0.000000
147  0.533982 -1.413515 -5.605105  -0.276883 0.000000 0.000000
148  -0.206616 -1.795761 -6.909779  -0.287354 0.000000 0.000000
149  -0.205807 -1.564821 -6.138258  -0.290843 0.000000 0.000000
150  0.530461 -1.643677 -6.395216  -0.290844 0.000000 0.000000
151  0.535312 -1.790711 -7.204133  -0.287354 -0.000000 0.000000
152  -0.202704 -2.030487 -7.702831  -0.286180 -0.000000 0.000000
153  0.509548 -2.118898 -8.011625  -0.298398 -0.000000 0.000000
154  -0.202704 -2.255280 -8.465173  -0.283134 -0.000000 0.000000
155  0.509546 -2.352981 -8.771158  -0.295352 -0.000000 0.000000
156  -0.202706 -2.481598 -9.235470  -0.285437 -0.000000 0.000000
157  0.509546 -2.588683 -9.538638  -0.297653 -0.000000 0.000000
158  0.170122 -21.222092 -1.001142  -0.000001 -0.000001 0.000000
159  0.170121 -20.843863 -0.397183  -0.000001 -0.000001 0.000000
160  0.170121 -20.489750 -1.001141  -0.000001 -0.000001 0.000000
161  0.170125 -20.111069 -0.397184  -0.000001 -0.000001 0.000000
162  0.170121 -19.380093 -0.397190  -0.000001 -0.000001 0.000000
163  0.170122 -19.025110 -1.001146  -0.000001 -0.000001 0.000000
164  0.170122 -18.646664 -0.396449  -0.000001 -0.000001 0.000000
165  0.170127 -19.755762 -1.001143  -0.000001 -0.000001 0.000000
166  -0.015975 10.035400 1.098090  0.000000 -0.000000 -0.000000
167  -0.104321 -52.163574 4.437344  1.570735 -0.000061 -1.570735
168  0.064658 27.351345 72.195206  0.000000 -0.000000 -0.000000
169  6.064264 95.114006 31.645504  -0.000000 -0.000001 1.570796
170  -0.103706 -26.907860 3.305357  0.000000 0.000000 -1.570730
171  6.064256 69.096558 37.164318  1.570796 -0.000000 1.570796
172  1.974302 11.989234 4.589252  0.000000 -0.000000 -0.000000
173  1.941737 0.883630 4.309753  0.000000 0.000000 -1.483525
174  -0.115676 1.104776 6.744192  0.000000 -0.000000 -0.000000
175  6.064260 89.329803 31.613918  -0.000000 -0.000001 1.570796
176  0.059888 2.255378 54.398022  0.000000 -0.000000 -0.000000
177  0.003499 -22.270651 -0.000003  1.570735 -0.000061 -1.570735
178  0.104010 14.792242 1.530320  0.000000 -0.000000 -0.000000
179  3.000526 -2.985218 1.029102  2.067399 -0.085866 -1.929634
180  -2.951613 25.811054 -3.742299  -0.096365 0.008023 -1.450340
181  -2.662412 1.445783 33.628738  0.000487 3.141104 1.570796
182  8.352064 2.772896 0.000541  -3.140902 0.000003 -0.000001
183  -2.662409 1.445786 40.667969  0.000487 3.141104 1.570796
184  8.352067 2.772897 0.000540  -3.140902 0.000003 -0.000001
185  -1.431355 16.384779 4.137813  0.000001 -0.000000 0.000000
186  -0.001844 0.521683 -0.140290  0.000000 -0.000000 -0.000000
187  7.323110 -5.136189 -5.166234  0.000000 0.000000 -0.610865
188  2.698278 0.000000 -0.000001  -0.000012 0.000000 0.000000
189  2.834163 -0.000000 -0.000001  0.000013 0.000000 -0.000000
190  2.648917 -0.000003 -0.000001  -0.000001 -0.000001 0.000000
191  2.667495 -0.000003 0.000000  0.000000 0.000000 -0.000000
192  2.426697 -0.000002 0.000002  0.000000 0.000000 -0.000000
193  -0.494740 -44.353443 -1.302298  1.570797 0.000000 -1.570797
194  11.545938 73.768417 -3.792006  0.000000 -0.000000 -0.000000
195  -0.011100 -16.902815 1.952047  0.000001 -0.000000 -0.000000
196  0.000003 0.000004 -1.529051  -0.000000 0.000000 -0.000000
197  -0.078938 -0.000002 0.000000  0.000000 0.000001 1.570796
198  0.097094 0.000001 0.000001  -0.000000 -3.141592 1.570796
199  0.000000 0.000000 -0.000000  0.000000 -0.000000 -0.000000
200  -8.921529 -19.942112 -15.201214  -0.594577 0.215242 -0.577678
201  18.082912 -32.124184 -18.299351  1.529420 -0.105641 -0.947385
time 16
0  0 0 0  0 0 0
1  0.000000 0.000000 0.000000  0.000000 -0.000000 -0.000000
2  -0.000000 -0.000000 -55.423229  0.000000 -0.000000 -1.570730
3  -0.012872 0.000000 8.235027  -0.784749 -1.570710 -0.785986
4  16.163124 -0.010663 0.007211  -0.594297 0.000409 -0.000125
5  16.163132 -0.000000 3.830524  -1.333359 -0.199015 -2.456806
6  14.868229 0.000001 0.000001  -0.829652 0.684794 -1.631492
7  26.391943 -0.000004 -0.000003  -0.000000 0.000000 -1.369622
8  0.000007 -0.000006 -0.000001  -0.137135 -0.000000 -0.000000
9  3.093519 -0.000004 -0.000001  -0.274244 -0.000000 -0.000000
10  6.187027 -0.000005 -0.000001  -0.411416 -0.000000 -0.000000
11  9.280538 -0.000004 -0.000000  -0.548556 0.000000 -0.000000
12  12.374050 -0.000009 0.000000  -0.685676 -0.000000 -0.000000
13  15.467560 -0.000004 0.000001  -0.822781 -0.000000 -0.000000
14  18.561062 -0.000007 0.000001  -0.959924 -0.000000 -0.000000
15  21.654573 -0.000007 0.000001  -2.899029 -0.428680 0.766191
16  1.410068 0.800538 -2.089134  1.926816 0.229617 0.446891
17  3.954709 -0.000003 0.000005  0.032650 -0.305879 0.082888
18  3.101573 -0.000001 0.000003  0.038488 -0.173200 0.020373
19  6.164461 -0.898154 2.575008  -0.464106 -0.015897 1.186542
20  2.805845 -0.000001 0.000000  0.000000 -0.000000 0.521973
21  2.307443 0.000000 0.000002  -0.000000 0.000000 0.361287
22  7.145094 -0.676340 -1.382427  0.048305 -0.466031 0.179016
23  3.672214 0.000003 -0.000000  0.000000 0.000000 1.094786
24  2.676520 -0.000003 0.000003  0.000000 0.000000 0.976405
25  6.831180 -0.870864 0.599918  -0.198432 -0.274957 0.706750
26  3.657073 -0.000001 -0.000000  0.000000 0.000000 1.196110
27  2.496792 0.000005 -0.000000  -0.000000 -0.000000 0.510610
28  7.183347 -0.532078 -3.267607  0.092002 -0.569205 -0.163901
29  3.511589 -0.000001 0.000004  -0.000000 -0.000000 0.459239
30  2.199417 -0.000003 -0.000000  0.000000 -0.000000 0.877656
31  16.163136 0.000000 -3.830527  0.703564 0.858106 -2.571306
32  14.868248 0.000000 0.000001  -0.217652 -0.188504 -1.902720
33  26.391964 -0.000001 0.000000  0.000000 0.000000 -1.601525
34  0.000001 -0.000001 -0.000002  0.118420 0.000000 0.000000
35  3.093516 -0.000005 -0.000002  0.236827 0.000000 0.000000
36  6.187024 -0.000003 -0.000002  0.355270 0.000000 0.000000
37  9.280538 -0.000002 0.000000  0.473731 0.000000 0.000000
38  12.374043 -0.000003 0.000001  0.592126 -0.000000 -0.000000
39  15.467553 -0.000003 -0.000002  0.710619 -0.000000 -0.000000
40  18.561068 -0.000001 -0.000002  0.829045 -0.000000 0.000000
41  21.654568 -0.000001 -0.000001  2.614165 -0.539016 -0.070605
42  1.410063 0.800529 2.089144  -1.966491 -0.287076 0.559263
43  3.954715 -0.000003 0.000001  0.000000 0.000000 0.375132
44  3.101565 -0.000003 -0.000003  -0.000000 0.000000 0.790793
45  7.183351 -0.532093 3.267621  0.052242 -0.011652 -0.158551
46  3.511585 -0.000001 0.000000  0.000000 0.000000 0.189253
47  2.199408 0.000000 0.000001  0.000000 -0.000000 -0.104054
48  7.145095 -0.676346 1.382436  0.255424 0.283825 0.886074
49  3.672211 -0.000004 0.000003  -0.000000 0.000000 1.435616
50  2.676518 -0.000001 0.000002  0.000000 -0.000000 1.062915
51  6.831168 -0.870867 -0.599905  0.339890 0.115856 1.057859
52  3.657081 0.000002 0.000003  -0.000000 -0.000000 1.252192
53  2.496796 -0.000001 -0.000002  0.000000 0.000000 0.840195
54  6.164461 -0.898153 -2.575005  0.409526 -0.061316 1.152482
55  2.805844 -0.000000 -0.000003  0.000000 0.000000 0.666009
56  2.307452 0.000001 -0.000004  -0.000000 -0.000000 0.844543
57  0.000000 0.000000 0.000000  0.000001 -0.000000 -0.000000
58  14.160637 -32.535583 -17.495649  0.168701 0.497077 0.981216
59  0.000002 -19.069471 4.681031  0.000000 -0.000000 0.000000
60  1.986523 0.000013 -3.123739  -2.705260 -0.000000 -1.570797
61  -1.986695 0.000014 -3.123746  0.436333 0.000001 1.570797
62  -0.000002 -0.000001 -0.000001  0.000000 -0.000000 0.000000
63  -1.530663 0.861418 -3.109961  0.392682 0.000010 1.570745
64  -11.344160 1.135893 0.869267  0.000328 -0.024963 -0.026314
65  1.907532 0.861415 -2.954431  -0.392858 -0.000004 1.570778
66  -11.350041 -0.729405 0.864869  0.000154 -0.025335 0.026430
67  1.754236 4.036757 -1.682668  0.392549 -0.010099 -1.546344
68  -1.755146 4.036758 -1.682669  -0.392547 -0.010382 -1.594901
69  -0.164556 5.734786 5.880445  0.000000 0.000000 -1.570730
70  1.203549 5.503723 4.339430  0.000000 -0.000000 0.000000
71  -1.260172 5.668904 5.788551  0.070161 -0.418898 2.970131
72  1.185471 17.272337 1.821941  0.000000 -0.000000 0.000000
73  0.060219 10.324437 74.469063  0.000000 -0.000000 0.000000
74  0.052681 -3.972628 3.515842  1.570735 -0.000061 -1.570735
75  4.804188 -3.856468 -0.006879  -0.000000 0.000000 -0.000000
76  -6.013986 -4.624461 -0.000002  0.000000 0.000000 -0.000000
77  -65.574097 -37.156052 0.002937  -0.786557 1.570710 0.784484
78  1.602683 -3.785216 0.003048  -0.785520 1.570710 0.784667
79  11.681372 -1.114742 -1.027846  -0.784361 1.570710 0.785825
80  19.766777 -3.800922 0.000000  -0.000000 0.000000 -0.000000
81  3.258439 5.856954 -3.403525  -0.000000 -0.000000 -0.000000
82  15.153046 5.860579 -3.403521  -0.000000 -0.000000 0.000000
83  6.064258 77.294960 36.365799  1.570796 -0.000000 1.570796
84  -2.662413 1.445758 40.667961  -0.000000 3.141591 1.570796
85  8.352069 2.772897 0.000542  -3.141589 0.000002 0.000000
86  6.064256 72.973694 32.593254  1.570796 -0.000000 1.570796
87  -0.113680 5.957345 -0.188895  0.000000 -0.000000 0.000000
88  0.097228 0.210967 3.469585  0.000000 -0.000000 0.000000
89  0.000001 1.310212 -0.000001  0.000000 -0.000000 0.000000
90  0.000001 0.582261 -0.000001  0.000000 -0.000000 0.000000
91  0.036299 1.284882 7.928798  0.000000 -0.000001 0.000000
92  0.000000 1.310214 -0.000001  0.000000 0.000000 0.000000
93  -0.000001 0.582261 0.000000  0.000000 0.000000 0.000000
94  5.969324 3.427461 -6.170654  -0.000000 -0.000001 -1.570796
95  -1.310211 -0.000002 0.000001  0.000000 -0.000000 -0.000000
96  -0.582260 -0.000002 0.000001  0.000000 -0.000000 -0.000000
97  5.969323 9.397400 -6.170662  -0.000000 -0.000001 -1.570796
98  -1.310211 -0.000001 -0.000001  0.000000 0.000000 -0.000000
99  -0.582262 -0.000002 -0.000001  0.000000 0.000000 -0.000000
100  5.969324 15.223772 -6.170670  0.000000 -0.000001 -1.570796
101  -1.310212 0.000002 -0.000002  -0.000000 0.000000 -0.000000
102  -0.582260 0.000001 -0.000002  -0.000000 0.000000 -0.000000
103  5.969325 20.835573 -6.170672  0.000000 -0.000001 -1.570796
104  -1.310212 0.000001 -0.000001  -0.000000 0.000000 -0.000000
105  -0.582261 0.000000 0.000001  -0.000000 0.000000 -0.000000
106  5.969324 26.771210 -6.170673  0.000000 -0.000001 -1.570796
107  5.969326 32.597599 -6.170675  0.000000 -0.000001 -1.570796
108  5.969325 38.209400 -6.170687  0.000000 -0.000001 -1.570800
109  5.969325 49.488472 -6.170685  0.000000 -0.000001 -1.570800
110  -0.539088 -0.556806 -0.017364  -0.042462 2.681156 1.551919
111  -6.799120 -0.556803 0.818548  -0.272420 2.701993 1.452460
112  -4.615281 -0.556821 0.270326  -0.117230 2.684609 1.518878
113  -2.650967 -0.556805 0.063010  -0.042463 2.681158 1.551919
114  27.110338 1.284858 12.007547  0.000000 -0.000000 0.000000
115  28.133429 1.284858 12.007545  0.000001 -0.000000 0.000000
116  12.812887 2.241788 12.007548  0.000000 -0.000001 -0.000001
117  -9.955967 -0.319623 4.380212  -0.000001 -0.000000 -0.000001
118  -11.316473 -0.319622 4.380215  -0.000003 -0.000000 -0.000000
119  -12.667810 -0.319621 4.380215  -0.000003 -0.000000 0.000001
120  -14.022141 -0.319620 4.380215  0.000010 -0.000000 -0.000011
121  -15.373240 -0.319621 4.380213  0.000015 -0.000000 -0.000015
122  -16.724142 -0.319620 4.380213  -0.000009 -0.000000 0.000006
123  -18.074572 -0.319620 4.380214  -0.000006 -0.000000 0.000004
124  -19.423714 -0.319620 4.380214  0.000002 0.000000 -0.000004
125  -20.775270 -0.319620 4.380213  0.000003 0.000000 -0.000004
126  -22.126669 -0.319618 4.380214  0.000003 -0.000000 -0.000004
127  -23.478121 -0.319617 4.380214  0.000005 -0.000000 -0.000006
128  -24.830618 -0.319617 4.380214  0.000036 -0.000000 -0.000038
129  -26.182030 -0.319617 4.380214  -0.000011 -0.000000 0.000011
130  0.529181 -0.167128 0.629484  -0.101270 -0.000000 0.000000
131  -0.211444 -0.241682 0.155360  -0.145847 -0.000000 0.000000
132  0.529193 -0.280697 -0.110294  -0.145847 -0.000000 -0.000000
133  -0.173926 -0.337322 -0.638496  -0.181751 -0.000000 0.000000
134  0.529191 -0.399244 -0.975394  -0.181751 -0.000000 0.000000
135  -0.211443 -0.464476 -1.431044  -0.192399 -0.000000 0.000000
136  0.529190 -0.515807 -1.694583  -0.192399 -0.000000 0.000000
137  -0.173926 -0.612151 -2.231914  -0.216703 -0.000000 0.000000
138  0.529189 -0.685805 -2.566442  -0.216703 -0.000000 0.000000
139  -0.211444 -0.769557 -3.027872  -0.237349 -0.000000 0.000000
140  0.529189 -0.832684 -3.288849  -0.237349 -0.000000 0.000000
141  -0.173935 -0.945280 -3.779565  -0.233859 0.000000 0.000000
142  0.529180 -1.024655 -4.112780  -0.233859 0.000000 0.000000
143  -0.211442 -1.132185 -4.577549  -0.262919 -0.000000 0.000000
144  0.529192 -1.201963 -4.836825  -0.262919 0.000000 0.000000
145  -0.000003 -2.810940 -10.636632  0.258454 0.000000 3.141592
146  -0.192453 -1.345778 -5.370047  -0.280373 0.000000 0.000000
147  0.533983 -1.413511 -5.605104  -0.276883 0.000000 0.000000
148  -0.206617 -1.795758 -6.909781  -0.287354 0.000000 0.000000
149  -0.205804 -1.564817 -6.138258  -0.290843 0.000000 0.000000
150  0.530461 -1.643673 -6.395216  -0.290844 0.000000 0.000000
151  0.535311 -1.790708 -7.204134  -0.287354 -0.000000 0.000000
152  -0.202702 -2.030484 -7.702831  -0.286180 -0.000000 0.000000
153  0.509549 -2.118894 -8.011627  -0.298398 -0.000000 0.000000
154  -0.202704 -2.255276 -8.465176  -0.283134 -0.000000 0.000000
155  0.509548 -2.352979 -8.771160  -0.295352 -0.000000 0.000000
156  -0.202702 -2.481593 -9.235471  -0.285437 -0.000000 0.000000
157  0.509548 -2.588681 -9.538639  -0.297653 -0.000000 0.000000
158  0.170125 -21.222090 -1.001142  -0.000001 -0.000001 0.000000
159  0.170125 -20.843864 -0.397184  -0.000001 -0.000001 0.000000
160  0.170125 -20.489744 -1.001142  -0.000001 -0.000001 0.000000
161  0.170123 -20.111069 -0.397184  -0.000001 -0.000001 0.000000
162  0.170122 -19.380089 -0.397185  -0.000001 -0.000001 0.000000
163  0.170126 -19.025105 -1.001146  -0.000001 -0.000001 0.000000
164  0.170123 -18.646658 -0.396448  -0.000001 -0.000001 0.000000
165  0.170123 -19.755758 -1.001144  -0.000001 -0.000001 0.000000
166  -0.015973 10.035406 1.098090  0.000000 -0.000000 0.000000
167  -0.104325 -52.163574 4.437344  1.570735 -0.000061 -1.570735
168  0.064652 27.351347 72.195213  0.000000 -0.000000 0.000000
169  6.064266 95.114014 31.645506  0.000000 -0.000001 1.570796
170  -0.103712 -26.907864 3.305359  0.000000 0.000000 -1.570730
171  6.064260 69.096565 37.164322  1.570796 -0.000000 1.570796
172  1.974303 11.989236 4.589251  0.000000 -0.000000 0.000000
173  1.941736 0.883632 4.309754  0.000000 -0.000000 -1.483525
174  -0.115675 1.104781 6.744193  0.000000 -0.000000 0.000000
175  6.064263 89.329811 31.613922  0.000000 -0.000001 1.570796
176  0.059886 2.255382 54.398022  0.000000 -0.000000 0.000000
177  0.003494 -22.270649 -0.000001  1.570735 -0.000061 -1.570735
178  0.104011 14.792246 1.530320  0.000000 -0.000000 0.000000
179  3.000524 -2.985218 1.029099  2.067399 -0.085866 -1.929635
180  -2.951612 25.811052 -3.742300  -0.096365 0.008023 -1.450340
181  -2.662414 1.445785 33.628742  0.000487 3.141104 1.570796
182  8.352071 2.772896 0.000540  -3.140902 0.000003 -0.000001
183  -2.662412 1.445791 40.667969  0.000487 3.141104 1.570796
184  8.352070 2.772898 0.000540  -3.140902 0.000003 -0.000001
185  -1.431355 16.384781 4.137812  0.000001 -0.000000 0.000000
186  -0.001845 0.521686 -0.140289  0.000000 -0.000000 0.000000
187  7.323110 -5.136189 -5.166236  0.000000 0.000000 -0.610865
188  2.698278 -0.000001 -0.000003  -0.000012 0.000000 0.000000
189  2.834157 0.000000 -0.000001  0.000013 0.000000 -0.000000
190  2.648916 0.000000 -0.000002  -0.000001 -0.000001 0.000000
191  2.667503 -0.000002 -0.000004  0.000000 0.000000 0.000000
192  2.426706 -0.000001 -0.000004  0.000000 0.000000 -0.000000
193  -0.494744 -44.353443 -1.302301  1.570797 0.000000 -1.570797
194  11.545939 73.768417 -3.792007  0.000000 -0.000000 0.000000
195  -0.011101 -16.902813 1.952045  0.000001 -0.000000 0.000000
196  -0.000002 0.000001 -1.529050  -0.000000 -0.000000 -0.000000
197  -0.078939 -0.000003 0.000001  0.000000 0.000001 1.570796
198  0.097094 -0.000001 0.000001  -0.000000 -3.141592 1.570796
199  0.000000 0.000000 -0.000000  0.000000 -0.000000 -0.000000
200  -8.782405 -19.939718 -15.520998  -0.581372 0.212361 -0.566672
201  18.348618 -31.873119 -18.475883  1.542641 -0.103627 -0.940562
time 17
0  0 0 0  0 0 0
1  0.000000 0.000000 0.000000  0.000000 -0.000000 -0.000000
2  -0.000000 -0.000000 -55.423229  0.000000 -0.000000 -1.570730
3  -0.012872 0.000000 8.235027  -0.784749 -1.570710 -0.785986
4  16.163124 -0.010663 0.007211  -0.594297 0.000409 -0.000125
5  16.163132 -0.000000 3.830524  -1.333359 -0.199015 -2.456806
6  14.868229 0.000001 0.000001  -0.825041 0.687143 -1.618587
7  26.391939 -0.000003 -0.000002  -0.000000 0.000000 -1.382660
8  -0.000002 0.000006 0.000001  -0.136585 -0.000000 -0.000000
9  3.093514 0.000004 0.000001  -0.273258 -0.000000 -0.000000
10  6.187023 0.000004 0.000002  -0.409858 -0.000000 -0.000000
11  9.280532 0.000003 0.000002  -0.546527 -0.000000 -0.000000
12  12.374044 -0.000002 0.000003  -0.683149 -0.000000 -0.000000
13  15.467554 0.000003 0.000003  -0.819785 -0.000000 -0.000000
14  18.561054 -0.000001 0.000006  -0.956416 -0.000000 -0.000000
15  21.654568 -0.000001 0.000004  -2.892200 -0.427282 0.771263
16  1.410068 0.800539 -2.089134  1.926816 0.229617 0.446891
17  3.954707 0.000000 0.000004  0.032650 -0.305879 0.082888
18  3.101568 -0.000005 0.000004  0.038488 -0.173200 0.020373
19  6.164461 -0.898148 2.575010  -0.464106 -0.015897 1.186542
20  2.805845 -0.000001 0.000001  0.000000 -0.000000 0.521973
21  2.307440 -0.000003 0.000002  -0.000000 0.000000 0.361287
22  7.145092 -0.676337 -1.382426  0.048305 -0.466031 0.179016
23  3.672213 0.000001 0.000002  0.000000 0.000000 1.094786
24  2.676518 0.000003 0.000002  -0.000000 -0.000000 0.976405
25  6.831181 -0.870860 0.599916  -0.198432 -0.274957 0.706750
26  3.657073 -0.000000 -0.000001  0.000000 0.000000 1.196109
27  2.496794 0.000004 0.000002  -0.000000 -0.000000 0.510610
28  7.183349 -0.532076 -3.267606  0.092002 -0.569205 -0.163901
29  3.511585 -0.000000 0.000001  -0.000000 -0.000000 0.459239
30  2.199412 0.000000 -0.000001  0.000000 -0.000000 0.877656
31  16.163136 0.000000 -3.830527  0.703564 0.858106 -2.571306
32  14.868248 0.000000 0.000001  -0.223038 -0.194148 -1.900700
33  26.391966 0.000001 0.000001  0.000000 0.000000 -1.606353
34  0.000000 -0.000001 -0.000000  0.118909 0.000000 -0.000000
35  3.093515 -0.000004 -0.000000  0.237872 0.000000 0.000000
36  6.187022 -0.000002 -0.000001  0.356820 0.000000 0.000000
37  9.280535 -0.000001 0.000001  0.475803 0.000000 0.000000
38  12.374041 -0.000000 0.000000  0.594743 -0.000000 -0.000000
39  15.467550 -0.000003 0.000000  0.713680 -0.000000 -0.000000
40  18.561066 -0.000001 -0.000000  0.832647 -0.000000 0.000000
41  21.654566 -0.000003 0.000001  2.616621 -0.533429 -0.071002
42  1.410064 0.800529 2.089143  -1.966491 -0.287076 0.559263
43  3.954715 -0.000000 0.000000  0.000000 -0.000000 0.375132
44  3.101566 -0.000001 -0.000001  -0.000000 0.000000 0.790793
45  7.183350 -0.532092 3.267620  0.052242 -0.011652 -0.158551
46  3.511586 -0.000000 0.000000  -0.000000 0.000000 0.189253
47  2.199408 0.000001 -0.000002  0.000000 0.000000 -0.104054
48  7.145095 -0.676346 1.382434  0.255424 0.283825 0.886074
49  3.672212 -0.000001 -0.000002  -0.000000 -0.000000 1.435616
50  2.676519 -0.000001 0.000001  -0.000000 0.000000 1.062915
51  6.831169 -0.870867 -0.599910  0.339890 0.115856 1.057859
52  3.657083 0.000002 0.000000  -0.000000 -0.000000 1.252193
53  2.496800 -0.000002 -0.000003  0.000000 0.000000 0.840195
54  6.164460 -0.898156 -2.575005  0.409526 -0.061317 1.152482
55  2.805843 -0.000000 -0.000002  0.000000 0.000000 0.666009
56  2.307456 0.000002 0.000000  0.000000 -0.000000 0.844543
57  0.000000 0.000000 0.000000  0.000001 -0.000000 -0.000000
58  14.342082 -32.363739 -17.715973  0.167901 0.490160 0.986637
59  -0.000005 -19.069477 4.681028  0.000000 -0.000000 -0.000000
60  1.986525 0.000016 -3.123740  -2.705260 -0.000000 -1.570797
61  -1.986691 0.000019 -3.123749  0.436333 0.000001 1.570797
62  0.000000 0.000001 -0.000003  0.000000 -0.000000 -0.000000
63  -1.530657 0.861422 -3.109963  0.392682 0.000010 1.570745
64  -11.344165 1.135896 0.869266  0.000328 -0.024963 -0.026314
65  1.907535 0.861418 -2.954432  -0.392858 -0.000004 1.570778
66  -11.350048 -0.729402 0.864872  0.000154 -0.025335 0.026430
67  1.754236 4.036757 -1.682671  0.392549 -0.010099 -1.546344
68  -1.755146 4.036757 -1.682673  -0.392547 -0.010382 -1.594901
69  -0.164558 5.734787 5.880446  0.000000 0.000000 -1.570730
70  1.203548 5.503723 4.339431  0.000000 -0.000000 -0.000000
71  -1.260175 5.668904 5.788553  0.070161 -0.418898 2.970130
72  1.185469 17.272337 1.821942  0.000000 -0.000000 -0.000000
73  0.060217 10.324436 74.469063  0.000000 -0.000000 -0.000000
74  0.052674 -3.972630 3.515847  1.570735 -0.000061 -1.570735
75  4.804187 -3.856466 -0.006877  -0.000000 0.000000 0.000000
76  -6.013981 -4.624462 0.000001  0.000000 0.000000 0.000000
77  -65.574081 -37.156048 0.002939  -0.787165 1.570710 0.783630
78  1.602688 -3.785215 0.003050  -0.786435 1.570710 0.784057
79  11.681372 -1.114743 -1.027846  -0.785032 1.570710 0.785703
80  19.766779 -3.800924 0.000004  -0.000000 0.000000 -0.000000
81  3.258440 5.856952 -3.403522  -0.000000 -0.000000 -0.000000
82  15.153050 5.860579 -3.403520  0.000000 -0.000000 0.000000
83  6.064256 77.294968 36.365799  1.570796 -0.000000 1.570796
84  -2.662412 1.445757 40.667961  0.000000 3.141591 1.570796
85  8.352066 2.772896 0.000539  -3.141589 0.000002 0.000000
86  6.064258 72.973701 32.593258  1.570796 -0.000000 1.570796
87  -0.113678 5.957340 -0.188893  0.000000 -0.000000 -0.000000
88  0.097227 0.210964 3.469587  0.000000 -0.000000 -0.000000
89  0.000004 1.310210 0.000001  0.000000 -0.000000 0.000000
90  0.000002 0.582259 0.000000  0.000000 -0.000000 0.000000
91  0.036297 1.284881 7.928798  0.000000 -0.000001 0.000000
92  0.000000 1.310209 0.000001  0.000000 -0.000000 0.000000
93  -0.000002 0.582258 0.000001  0.000000 -0.000000 0.000000
94  5.969326 3.427459 -6.170652  -0.000000 -0.000001 -1.570797
95  -1.310210 -0.000001 0.000001  0.000000 -0.000000 -0.000000
96  -0.582259 -0.000003 -0.000000  0.000000 -0.000000 -0.000000
97  5.969324 9.397399 -6.170661  -0.000000 -0.000001 -1.570796
98  -1.310211 -0.000001 -0.000001  0.000000 0.000000 -0.000000
99  -0.582261 0.000000 -0.000002  0.000000 0.000000 -0.000000
100  5.969325 15.223770 -6.170670  0.000000 -0.000001 -1.570796
101  -1.310211 -0.000001 0.000003  -0.000000 0.000000 -0.000000
102  -0.582261 -0.000000 0.000002  -0.000000 0.000000 -0.000000
103  5.969326 20.835571 -6.170671  0.000000 -0.000001 -1.570796
104  -1.310212 0.000001 0.000000  -0.000000 0.000000 -0.000000
105  -0.582261 -0.000000 0.000001  -0.000000 0.000000 -0.000000
106  5.969325 26.771210 -6.170671  0.000000 -0.000001 -1.570796
107  5.969325 32.597595 -6.170673  0.000000 -0.000001 -1.570796
108  5.969325 38.209400 -6.170687  0.000000 -0.000001 -1.570800
109  5.969326 49.488468 -6.170682  0.000000 -0.000001 -1.570800
110  -0.539089 -0.556809 -0.017363  -0.042462 2.681156 1.551919
111  -6.799123 -0.556806 0.818550  -0.272420 2.701993 1.452460
112  -4.615281 -0.556819 0.270328  -0.117230 2.684609 1.518878
113  -2.650967 -0.556808 0.063010  -0.042463 2.681158 1.551919
114  27.110340 1.284858 12.007550  0.000000 -0.000000 -0.000000
115  28.133427 1.284858 12.007549  0.000001 -0.000000 -0.000000
116  12.812889 2.241785 12.007549  0.000000 -0.000001 -0.000001
117  -9.955965 -0.319621 4.380216  -0.000001 -0.000000 -0.000001
118  -11.316473 -0.319623 4.380214  -0.000003 -0.000000 -0.000000
119  -12.667809 -0.319621 4.380215  -0.000003 -0.000000 0.000001
120  -14.022139 -0.319621 4.380215  0.000010 -0.000000 -0.000011
121  -15.373240 -0.319622 4.380213  0.000015 -0.000000 -0.000015
122  -16.724140 -0.319620 4.380214  -0.000009 -0.000000 0.000006
123  -18.074572 -0.319619 4.380215  -0.000006 -0.000000 0.000004
124  -19.423716 -0.319620 4.380214  0.000002 0.000000 -0.000004
125  -20.775270 -0.319618 4.380214  0.000003 0.000000 -0.000004
126  -22.126673 -0.319619 4.380214  0.000003 -0.000000 -0.000004
127  -23.478127 -0.319621 4.380214  0.000005 -0.000000 -0.000006
128  -24.830620 -0.319618 4.380214  0.000036 -0.000000 -0.000038
129  -26.182030 -0.319619 4.380213  -0.000011 -0.000000 0.000011
130  0.529183 -0.167129 0.629484  -0.101270 -0.000000 0.000000
131  -0.211443 -0.241684 0.155361  -0.145847 -0.000000 0.000000
132  0.529191 -0.280699 -0.110292  -0.145847 -0.000000 -0.000000
133  -0.173927 -0.337325 -0.638497  -0.181751 -0.000000 0.000000
134  0.529191 -0.399246 -0.975395  -0.181751 -0.000000 0.000000
135  -0.211442 -0.464477 -1.431042  -0.192399 -0.000000 0.000000
136  0.529191 -0.515808 -1.694585  -0.192399 -0.000000 0.000000
137  -0.173927 -0.612151 -2.231912  -0.216703 -0.000000 0.000000
138  0.529190 -0.685806 -2.566440  -0.216703 -0.000000 0.000000
139  -0.211443 -0.769561 -3.027872  -0.237349 -0.000000 0.000000
140  0.529190 -0.832687 -3.288848  -0.237349 -0.000000 0.000000
141  -0.173936 -0.945282 -3.779565  -0.233859 0.000000 0.000000
142  0.529181 -1.024658 -4.112782  -0.233859 0.000000 0.000000
143  -0.211442 -1.132185 -4.577548  -0.262919 -0.000000 0.000000
144  0.529191 -1.201964 -4.836825  -0.262919 0.000000 0.000000
145  -0.000001 -2.810940 -10.636632  0.258454 0.000000 3.141592
146  -0.192453 -1.345776 -5.370047  -0.280373 0.000000 0.000000
147  0.533985 -1.413512 -5.605105  -0.276883 0.000000 0.000000
148  -0.206617 -1.795759 -6.909780  -0.287354 0.000000 0.000000
149  -0.205802 -1.564819 -6.138258  -0.290843 0.000000 0.000000
150  0.530463 -1.643676 -6.395216  -0.290844 0.000000 0.000000
151  0.535314 -1.790709 -7.204134  -0.287354 -0.000000 0.000000
152  -0.202703 -2.030484 -7.702831  -0.286180 -0.000000 0.000000
153  0.509552 -2.118894 -8.011624  -0.298398 -0.000000 0.000000
154  -0.202702 -2.255278 -8.465175  -0.283134 -0.000000 0.000000
155  0.509550 -2.352979 -8.771160  -0.295352 -0.000000 0.000000
156  -0.202703 -2.481597 -9.235474  -0.285437 -0.000000 0.000000
157  0.509550 -2.588682 -9.538639  -0.297653 -0.000000 0.000000
158  0.170122 -21.222094 -1.001142  -0.000001 -0.000001 0.000000
159  0.170125 -20.843864 -0.397183  -0.000001 -0.000001 0.000000
160  0.170123 -20.489746 -1.001142  -0.000001 -0.000001 0.000000
161  0.170124 -20.111071 -0.397183  -0.000001 -0.000001 0.000000
162  0.170123 -19.380089 -0.397188  -0.000001 -0.000001 0.000000
163  0.170124 -19.025110 -1.001147  -0.000001 -0.000001 0.000000
164  0.170124 -18.646660 -0.396449  -0.000001 -0.000001 0.000000
165  0.170125 -19.755760 -1.001142  -0.000001 -0.000001 0.000000
166  -0.015974 10.035407 1.098091  0.000000 -0.000000 -0.000000
167  -0.104320 -52.163567 4.437342  1.570735 -0.000061 -1.570735
168  0.064653 27.351347 72.195213  0.000000 -0.000000 -0.000000
169  6.064259 95.114021 31.645504  0.000000 -0.000001 1.570796
170  -0.103719 -26.907869 3.305354  0.000000 0.000000 -1.570730
171  6.064256 69.096565 37.164326  1.570796 -0.000000 1.570796
172  1.974301 11.989238 4.589251  0.000000 -0.000000 -0.000000
173  1.941733 0.883634 4.309755  0.000000 0.000000 -1.483525
174  -0.115677 1.104783 6.744193  0.000000 -0.000000 -0.000000
175  6.064260 89.329811 31.613924  0.000000 -0.000001 1.570796
176  0.059883 2.255382 54.398026  0.000000 -0.000000 -0.000000
177  0.003494 -22.270651 -0.000003  1.570735 -0.000061 -1.570735
178  0.104010 14.792246 1.530321  0.000000 -0.000000 -0.000000
179  3.000525 -2.985213 1.029099  2.067399 -0.085866 -1.929635
180  -2.951611 25.811054 -3.742302  -0.096365 0.008023 -1.450340
181  -2.662414 1.445786 33.628746  0.000487 3.141104 1.570796
182  8.352072 2.772896 0.000539  -3.140902 0.000003 -0.000001
183  -2.662411 1.445790 40.667973  0.000487 3.141104 1.570796
184  8.352072 2.772896 0.000541  -3.140902 0.000003 -0.000001
185  -1.431355 16.384785 4.137813  0.000001 -0.000000 0.000000
186  -0.001846 0.521685 -0.140289  0.000000 -0.000000 -0.000000
187  7.323110 -5.136188 -5.166238  0.000000 0.000000 -0.610865
188  2.698276 0.000000 0.000000  -0.000012 0.000000 0.000000
189  2.834157 -0.000000 -0.000002  0.000013 0.000000 0.000000
190  2.648917 0.000000 0.000001  -0.000001 -0.000001 0.000000
191  2.667499 0.000002 -0.000002  0.000000 -0.000000 0.000000
192  2.426702 -0.000003 0.000001  -0.000000 0.000000 -0.000000
193  -0.494745 -44.353447 -1.302301  1.570797 0.000000 -1.570797
194  11.545942 73.768425 -3.792006  0.000000 -0.000000 -0.000000
195  -0.011103 -16.902813 1.952045  0.000001 -0.000000 -0.000000
196  0.000001 -0.000006 -1.529054  -0.000000 0.000000 0.000000
197  -0.078945 -0.000000 0.000001  0.000000 0.000001 1.570796
198  0.097091 0.000002 -0.000001  -0.000000 -3.141592 1.570796
199  0.000000 0.000000 -0.000000  0.000000 -0.000000 -0.000000
200  -8.682234 -19.911018 -15.775741  -0.574269 0.211484 -0.559287
201  18.538408 -31.668951 -18.673664  1.549389 -0.101894 -0.935366
time 18
0  0 0 0  0 0 0
1  0.000000 0.000000 0.000000  0.000000 -0.000000 -0.000000
2  -0.000000 -0.000000 -55.423229  0.000000 -0.000000 -1.570730
3  -0.012872 0.000000 8.235027  -0.784749 -1.570710 -0.785986
4  16.163124 -0.010663 0.007211  -0.594297 0.000409 -0.000125
5  16.163132 -0.000000 3.830524  -1.333359 -0.199015 -2.456806
6  14.868229 0.000001 0.000001  -0.819353 0.691603 -1.606643
7  26.391943 -0.000006 -0.000001  -0.000000 0.000000 -1.394095
8  -0.000001 0.000000 0.000003  -0.136768 -0.000000 -0.000000
9  3.093516 0.000002 0.000003  -0.273566 -0.000000 -0.000000
10  6.187023 -0.000001 0.000003  -0.410294 -0.000000 -0.000000
11  9.280537 -0.000001 0.000003  -0.547097 0.000000 -0.000000
12  12.374047 -0.000002 0.000004  -0.683862 -0.000000 -0.000000
13  15.467559 -0.000005 0.000005  -0.820651 -0.000000 -0.000000
14  18.561062 -0.000003 0.000005  -0.957447 -0.000000 -0.000000
15  21.654575 -0.000006 0.000005  -2.894337 -0.426800 0.776519
16  1.410070 0.800540 -2.089134  1.926816 0.229617 0.446891
17  3.954708 -0.000003 0.000006  0.032650 -0.305879 0.082888
18  3.101578 -0.000001 0.000004  0.038488 -0.173200 0.020373
19  6.164462 -0.898149 2.575012  -0.464106 -0.015897 1.186542
20  2.805845 -0.000004 0.000001  -0.000000 -0.000000 0.521973
21  2.307440 0.000002 0.000001  0.000000 0.000000 0.361287
22  7.145096 -0.676338 -1.382425  0.048305 -0.466031 0.179016
23  3.672218 -0.000001 0.000001  0.000000 0.000000 1.094786
24  2.676519 -0.000002 0.000000  -0.000000 -0.000000 0.976405
25  6.831181 -0.870864 0.599918  -0.198432 -0.274957 0.706750
26  3.657076 0.000001 -0.000002  0.000000 0.000000 1.196110
27  2.496794 0.000006 -0.000000  -0.000000 -0.000000 0.510610
28  7.183349 -0.532076 -3.267606  0.092002 -0.569205 -0.163901
29  3.511585 0.000001 0.000003  -0.000000 -0.000000 0.459239
30  2.199416 0.000002 0.000001  0.000000 -0.000000 0.877656
31  16.163136 0.000000 -3.830527  0.703564 0.858106 -2.571306
32  14.868248 0.000000 0.000001  -0.225860 -0.196651 -1.898778
33  26.391968 0.000000 0.000004  0.000000 0.000000 -1.611810
34  0.000001 -0.000002 0.000001  0.118787 0.000000 0.000000
35  3.093515 -0.000004 0.000002  0.237627 0.000000 0.000000
36  6.187023 -0.000003 0.000002  0.356448 0.000000 0.000000
37  9.280537 -0.000002 0.000000  0.475238 -0.000000 0.000000
38  12.374044 -0.000004 0.000001  0.594041 -0.000000 -0.000000
39  15.467552 -0.000001 0.000002  0.712898 -0.000000 -0.000000
40  18.561068 -0.000001 0.000003  0.831713 -0.000000 0.000000
41  21.654568 -0.000001 0.000004  2.615029 -0.534711 -0.068406
42  1.410066 0.800528 2.089142  -1.966491 -0.287076 0.559263
43  3.954715 -0.000001 -0.000000  0.000000 -0.000000 0.375132
44  3.101565 -0.000001 -0.000002  -0.000000 0.000000 0.790793
45  7.183352 -0.532092 3.267620  0.052242 -0.011652 -0.158551
46  3.511586 -0.000001 0.000001  0.000000 -0.000000 0.189253
47  2.199409 -0.000000 -0.000000  0.000000 -0.000000 -0.104054
48  7.145097 -0.676348 1.382435  0.255424 0.283825 0.886075
49  3.672211 -0.000002 -0.000000  -0.000000 -0.000000 1.435616
50  2.676522 -0.000003 -0.000002  0.000000 -0.000000 1.062915
51  6.831171 -0.870870 -0.599908  0.339890 0.115856 1.057859
52  3.657084 -0.000001 0.000000  -0.000000 -0.000000 1.252193
53  2.496798 -0.000001 -0.000002  0.000000 0.000000 0.840195
54  6.164462 -0.898156 -2.575006  0.409526 -0.061317 1.152482
55  2.805843 0.000001 0.000004  -0.000000 0.000000 0.666009
56  2.307449 0.000001 -0.000001  0.000000 -0.000000 0.844543
57  0.000000 0.000000 0.000000  0.000001 -0.000000 -0.000000
58  14.428030 -32.227142 -17.942680  0.171992 0.489337 0.991271
59  -0.000003 -19.069487 4.681029  0.000000 -0.000000 0.000000
60  1.986527 0.000020 -3.123735  -2.705260 -0.000000 -1.570797
61  -1.986691 0.000017 -3.123748  0.436333 0.000001 1.570797
62  0.000001 0.000002 0.000000  0.000000 -0.000000 0.000000
63  -1.530657 0.861424 -3.109962  0.392682 0.000010 1.570745
64  -11.344166 1.135893 0.869265  0.000328 -0.024963 -0.026314
65  1.907534 0.861417 -2.954431  -0.392858 -0.000004 1.570778
66  -11.350044 -0.729406 0.864869  0.000154 -0.025335 0.026430
67  1.754238 4.036762 -1.682667  0.392549 -0.010099 -1.546344
68  -1.755141 4.036763 -1.682670  -0.392547 -0.010382 -1.594901
69  -0.164558 5.734781 5.880445  0.000000 -0.000000 -1.570730
70  1.203547 5.503720 4.339432  0.000000 -0.000000 0.000000
71  -1.260173 5.668900 5.788552  0.070161 -0.418898 2.970131
72  1.185469 17.272333 1.821941  0.000000 -0.000000 0.000000
73  0.060221 10.324431 74.469055  0.000000 -0.000000 0.000000
74  0.052671 -3.972626 3.515847  1.570735 -0.000061 -1.570735
75  4.804189 -3.856468 -0.006878  -0.000000 0.000000 0.000000
76  -6.013980 -4.624461 -0.000001  0.000000 0.000000 0.000000
77  -65.574081 -37.156040 0.002938  -0.786739 1.570710 0.784179
78  1.602689 -3.785218 0.003049  -0.786130 1.570710 0.784179
79  11.681377 -1.114743 -1.027847  -0.784361 1.570710 0.785337
80  19.766779 -3.800922 0.000000  -0.000000 -0.000000 -0.000000
81  3.258443 5.856952 -3.403523  -0.000000 -0.000000 -0.000000
82  15.153051 5.860578 -3.403519  -0.000000 -0.000000 0.000000
83  6.064258 77.294952 36.365799  1.570796 -0.000000 1.570796
84  -2.662413 1.445754 40.667957  -0.000000 3.141591 1.570796
85  8.352063 2.772897 0.000544  -3.141589 0.000002 -0.000000
86  6.064255 72.973694 32.593254  1.570796 -0.000000 1.570796
87  -0.113678 5.957336 -0.188893  0.000000 -0.000000 0.000000
88  0.097227 0.210963 3.469586  0.000000 -0.000000 0.000000
89  0.000002 1.310210 0.000001  0.000000 -0.000000 0.000000
90  0.000002 0.582258 0.000002  0.000000 -0.000000 0.000000
91  0.036299 1.284881 7.928798  0.000000 -0.000001 0.000000
92  0.000001 1.310211 -0.000001  0.000000 0.000000 0.000000
93  0.000001 0.582259 -0.000000  0.000000 0.000000 0.000000
94  5.969325 3.427459 -6.170650  -0.000000 -0.000001 -1.570797
95  -1.310210 0.000000 0.000000  0.000000 -0.000000 -0.000000
96  -0.582257 -0.000003 -0.000000  0.000000 0.000000 -0.000000
97  5.969323 9.397399 -6.170660  -0.000000 -0.000001 -1.570796
98  -1.310211 -0.000000 -0.000002  0.000000 0.000000 -0.000000
99  -0.582260 -0.000002 0.000000  0.000000 0.000000 -0.000000
100  5.969323 15.223770 -6.170671  0.000000 -0.000001 -1.570796
101  -1.310211 0.000002 0.000002  -0.000000 0.000000 -0.000000
102  -0.582260 0.000001 0.000002  -0.000000 0.000000 -0.000000
103  5.969326 20.835569 -6.170674  0.000000 -0.000001 -1.570796
104  -1.310210 0.000001 0.000001  -0.000000 0.000000 -0.000000
105  -0.582259 0.000001 0.000003  -0.000000 0.000000 -0.000000
106  5.969325 26.771208 -6.170673  0.000000 -0.000001 -1.570796
107  5.969326 32.597599 -6.170676  0.000000 -0.000001 -1.570796
108  5.969324 38.209400 -6.170687  0.000000 -0.000001 -1.570800
109  5.969326 49.488468 -6.170684  0.000000 -0.000001 -1.570800
110  -0.539088 -0.556808 -0.017362  -0.042462 2.681156 1.551919
111  -6.799124 -0.556808 0.818547  -0.272420 2.701993 1.452460
112  -4.615282 -0.556823 0.270326  -0.117230 2.684609 1.518878
113  -2.650968 -0.556808 0.063009  -0.042463 2.681158 1.551919
114  27.110338 1.284856 12.007548  0.000000 -0.000000 0.000000
115  28.133429 1.284857 12.007548  0.000001 -0.000000 0.000000
116  12.812887 2.241786 12.007548  0.000000 -0.000001 -0.000001
117  -9.955968 -0.319624 4.380213  -0.000001 -0.000000 -0.000001
118  -11.316472 -0.319622 4.380213  -0.000003 -0.000000 0.000000
119  -12.667809 -0.319622 4.380214  -0.000003 -0.000000 0.000001
120  -14.022138 -0.319621 4.380214  0.000010 -0.000000 -0.000011
121  -15.373236 -0.319621 4.380213  0.000015 -0.000000 -0.000015
122  -16.724140 -0.319620 4.380214  -0.000009 -0.000000 0.000006
123  -18.074572 -0.319620 4.380213  -0.000006 -0.000000 0.000004
124  -19.423714 -0.319619 4.380215  0.000002 0.000000 -0.000004
125  -20.775270 -0.319620 4.380213  0.000003 0.000000 -0.000004
126  -22.126671 -0.319620 4.380213  0.000003 -0.000000 -0.000004
127  -23.478125 -0.319621 4.380213  0.000005 -0.000000 -0.000006
128  -24.830618 -0.319618 4.380213  0.000036 -0.000000 -0.000038
129  -26.182030 -0.319618 4.380212  -0.000011 -0.000000 0.000011
130  0.529181 -0.167130 0.629483  -0.101270 -0.000000 0.000000
131  -0.211442 -0.241684 0.155360  -0.145847 -0.000000 0.000000
132  0.529191 -0.280700 -0.110293  -0.145847 -0.000000 0.000000
133  -0.173924 -0.337326 -0.638497  -0.181751 -0.000000 0.000000
134  0.529190 -0.399246 -0.975394  -0.181751 -0.000000 0.000000
135  -0.211443 -0.464478 -1.431043  -0.192399 -0.000000 0.000000
136  0.529190 -0.515808 -1.694582  -0.192399 -0.000000 0.000000
137  -0.173927 -0.612150 -2.231912  -0.216703 -0.000000 0.000000
138  0.529191 -0.685806 -2.566442  -0.216703 -0.000000 0.000000
139  -0.211444 -0.769562 -3.027872  -0.237349 -0.000000 0.000000
140  0.529189 -0.832688 -3.288847  -0.237349 -0.000000 0.000000
141  -0.173936 -0.945281 -3.779566  -0.233859 0.000000 0.000000
142  0.529181 -1.024657 -4.112782  -0.233859 0.000000 0.000000
143  -0.211442 -1.132186 -4.577548  -0.262919 -0.000000 0.000000
144  0.529191 -1.201965 -4.836825  -0.262919 0.000000 0.000000
145  -0.000004 -2.810944 -10.636632  0.258454 0.000000 3.141592
146  -0.192455 -1.345778 -5.370046  -0.280373 0.000000 0.000000
147  0.533985 -1.413513 -5.605106  -0.276883 0.000000 0.000000
148  -0.206616 -1.795759 -6.909780  -0.287354 0.000000 0.000000
149  -0.205803 -1.564818 -6.138257  -0.290843 0.000000 0.000000
150  0.530459 -1.643676 -6.395215  -0.290844 0.000000 0.000000
151  0.535313 -1.790710 -7.204134  -0.287354 -0.000000 0.000000
152  -0.202703 -2.030486 -7.702830  -0.286180 -0.000000 0.000000
153  0.509549 -2.118895 -8.011627  -0.298398 -0.000000 0.000000
154  -0.202702 -2.255278 -8.465174  -0.283134 -0.000000 0.000000
155  0.509550 -2.352979 -8.771158  -0.295352 -0.000000 0.000000
156  -0.202703 -2.481596 -9.235470  -0.285437 -0.000000 0.000000
157  0.509549 -2.588683 -9.538639  -0.297654 -0.000000 0.000000
158  0.170126 -21.222090 -1.001140  -0.000001 -0.000001 0.000000
159  0.170124 -20.843868 -0.397185  -0.000001 -0.000001 0.000000
160  0.170123 -20.489748 -1.001143  -0.000001 -0.000001 0.000000
161  0.170122 -20.111071 -0.397185  -0.000001 -0.000001 0.000000
162  0.170123 -19.380091 -0.397188  -0.000001 -0.000001 0.000000
163  0.170125 -19.025106 -1.001148  -0.000001 -0.000001 0.000000
164  0.170124 -18.646662 -0.396448  -0.000001 -0.000001 0.000000
165  0.170125 -19.755760 -1.001142  -0.000001 -0.000001 0.000000
166  -0.015974 10.035402 1.098089  0.000000 -0.000000 0.000000
167  -0.104325 -52.163582 4.437342  1.570735 -0.000061 -1.570735
168  0.064651 27.351347 72.195206  0.000000 -0.000000 0.000000
169  6.064260 95.114021 31.645504  0.000000 -0.000001 1.570796
170  -0.103720 -26.907871 3.305349  0.000000 -0.000000 -1.570730
171  6.064256 69.096565 37.164322  1.570796 -0.000000 1.570796
172  1.974302 11.989232 4.589251  0.000000 -0.000000 0.000000
173  1.941736 0.883626 4.309755  0.000000 -0.000000 -1.483525
174  -0.115678 1.104777 6.744192  0.000000 -0.000000 0.000000
175  6.064260 89.329803 31.613918  0.000000 -0.000001 1.570796
176  0.059884 2.255379 54.398022  0.000000 -0.000000 0.000000
177  0.003495 -22.270651 -0.000006  1.570735 -0.000061 -1.570735
178  0.104008 14.792240 1.530321  0.000000 -0.000000 0.000000
179  3.000525 -2.985219 1.029098  2.067399 -0.085866 -1.929635
180  -2.951613 25.811050 -3.742297  -0.096365 0.008023 -1.450340
181  -2.662414 1.445783 33.628742  0.000487 3.141104 1.570796
182  8.352068 2.772894 0.000539  -3.140902 0.000003 -0.000001
183  -2.662411 1.445788 40.667969  0.000487 3.141104 1.570796
184  8.352063 2.772895 0.000541  -3.140902 0.000003 -0.000001
185  -1.431355 16.384779 4.137813  0.000001 -0.000000 0.000000
186  -0.001846 0.521680 -0.140291  0.000000 -0.000000 0.000000
187  7.323111 -5.136194 -5.166237  -0.000000 0.000000 -0.610865
188  2.698274 -0.000000 0.000000  -0.000012 0.000000 0.000000
189  2.834161 -0.000003 0.000002  0.000013 0.000000 0.000000
190  2.648921 -0.000001 -0.000001  -0.000001 -0.000001 0.000000
191  2.667497 -0.000002 -0.000004  0.000000 -0.000000 -0.000000
192  2.426701 -0.000001 -0.000004  0.000000 0.000000 -0.000000
193  -0.494743 -44.353447 -1.302298  1.570797 -0.000000 -1.570797
194  11.545937 73.768417 -3.792008  0.000000 -0.000000 0.000000
195  -0.011103 -16.902817 1.952047  0.000001 -0.000000 0.000000
196  -0.000003 0.000000 -1.529051  -0.000000 0.000000 -0.000000
197  -0.078940 -0.000004 -0.000003  0.000000 0.000001 1.570796
198  0.097092 -0.000004 -0.000003  -0.000000 -3.141592 1.570796
199  0.000000 0.000000 -0.000000  0.000000 -0.000000 -0.000000
200  -8.621017 -19.844046 -15.909437  -0.573346 0.215115 -0.556390
201  18.614323 -31.519966 -18.909039  1.548935 -0.098202 -0.932630
time 19
0  0 0 0  0 0 0
1  0.000000 0.000000 0.000000  0.000000 -0.000000 -0.000000
2  -0.000000 -0.000000 -55.423229  0.000000 -0.000000 -1.570730
3  -0.012872 0.000000 8.235027  -0.784749 -1.570710 -0.785986
4  16.163124 -0.010663 0.007211  -0.594297 0.000409 -0.000125
5  16.163132 -0.000000 3.830524  -1.333359 -0.199015 -2.456806
6  14.868229 0.000001 0.000001  -0.812904 0.697774 -1.595594
7  26.391947 -0.000006 -0.000003  -0.000000 0.000000 -1.405426
8  -0.000008 0.000003 0.000000  -0.136952 -0.000000 -0.000000
9  3.093510 0.000003 -0.000001  -0.273935 -0.000000 -0.000000
10  6.187019 0.000001 -0.000001  -0.410855 -0.000000 -0.000000
11  9.280530 -0.000000 -0.000000  -0.547858 0.000000 -0.000000
12  12.374043 -0.000002 0.000000  -0.684834 -0.000000 -0.000000
13  15.467554 -0.000001 0.000001  -0.821782 -0.000000 -0.000000
14  18.561054 -0.000002 -0.000000  -0.958754 -0.000000 -0.000000
15  21.654568 -0.000002 -0.000001  -2.896663 -0.425225 0.787906
16  1.410070 0.800537 -2.089131  1.926816 0.229617 0.446891
17  3.954706 -0.000002 0.000003  0.032650 -0.305879 0.082888
18  3.101567 -0.000003 0.000005  0.038488 -0.173200 0.020373
19  6.164463 -0.898154 2.575017  -0.464106 -0.015897 1.186542
20  2.805844 -0.000006 0.000003  -0.000000 -0.000000 0.521973
21  2.307441 -0.000002 0.000001  0.000000 0.000000 0.361287
22  7.145096 -0.676342 -1.382421  0.048305 -0.466031 0.179016
23  3.672209 0.000001 0.000001  0.000000 0.000000 1.094786
24  2.676520 0.000000 0.000001  -0.000000 -0.000000 0.976405
25  6.831181 -0.870865 0.599921  -0.198432 -0.274957 0.706750
26  3.657074 0.000003 -0.000003  0.000000 0.000000 1.196110
27  2.496791 0.000004 0.000002  -0.000000 -0.000000 0.510610
28  7.183351 -0.532080 -3.267600  0.092002 -0.569205 -0.163901
29  3.511585 0.000000 0.000004  -0.000000 -0.000000 0.459239
30  2.199413 0.000001 -0.000000  0.000000 -0.000000 0.877656
31  16.163136 0.000000 -3.830527  0.703564 0.858106 -2.571306
32  14.868248 0.000000 0.000001  -0.227106 -0.196710 -1.895842
33  26.391966 0.000002 0.000005  0.000000 0.000000 -1.621176
34  0.000004 -0.000001 0.000003  0.119520 0.000000 -0.000000
35  3.093515 -0.000003 0.000002  0.239040 0.000000 0.000000
36  6.187024 -0.000000 0.000003  0.358557 0.000000 0.000000
37  9.280537 -0.000000 0.000004  0.478065 0.000000 0.000000
38  12.374042 -0.000002 0.000004  0.597617 0.000000 -0.000000
39  15.467552 -0.000001 0.000002  0.717133 -0.000000 -0.000000
40  18.561068 -0.000001 0.000001  0.836653 0.000000 0.000000
41  21.654568 -0.000001 0.000003  2.620265 -0.541510 -0.061402
42  1.410064 0.800529 2.089142  -1.966491 -0.287076 0.559263
43  3.954715 0.000001 0.000002  0.000000 -0.000000 0.375132
44  3.101565 0.000002 -0.000002  -0.000000 0.000000 0.790793
45  7.183351 -0.532090 3.267618  0.052242 -0.011652 -0.158551
46  3.511586 -0.000001 -0.000001  0.000000 0.000000 0.189253
47  2.199410 -0.000000 0.000000  -0.000000 0.000000 -0.104054
48  7.145097 -0.676346 1.382434  0.255424 0.283825 0.886075
49  3.672211 -0.000002 0.000001  -0.000000 -0.000000 1.435616
50  2.676519 -0.000001 0.000001  0.000000 -0.000000 1.062915
51  6.831169 -0.870866 -0.599910  0.339890 0.115856 1.057859
52  3.657084 0.000001 -0.000000  -0.000000 -0.000000 1.252193
53  2.496798 -0.000001 -0.000004  0.000000 0.000000 0.840195
54  6.164460 -0.898152 -2.575006  0.409526 -0.061316 1.152482
55  2.805845 0.000000 0.000000  0.000000 -0.000000 0.666009
56  2.307454 0.000000 0.000000  0.000000 -0.000000 0.844543
57  0.000000 0.000000 0.000000  0.000001 -0.000000 -0.000000
58  14.437580 -32.094940 -18.180567  0.180449 0.483614 0.993479
59  -0.000003 -19.069477 4.681036  0.000000 0.000000 0.000000
60  1.986524 0.000020 -3.123738  -2.705260 -0.000000 -1.570797
61  -1.986691 0.000022 -3.123744  0.436333 0.000001 1.570797
62  -0.000000 0.000004 0.000000  0.000000 0.000000 0.000000
63  -1.530660 0.861427 -3.109961  0.392682 0.000010 1.570745
64  -11.344166 1.135891 0.869269  0.000328 -0.024963 -0.026314
65  1.907530 0.861419 -2.954429  -0.392858 -0.000004 1.570778
66  -11.350047 -0.729401 0.864872  0.000154 -0.025335 0.026430
67  1.754235 4.036759 -1.682669  0.392549 -0.010099 -1.546344
68  -1.755145 4.036760 -1.682671  -0.392547 -0.010382 -1.594901
69  -0.164558 5.734782 5.880443  0.000000 0.000000 -1.570730
70  1.203547 5.503721 4.339427  0.000000 0.000000 0.000000
71  -1.260172 5.668900 5.788550  0.070161 -0.418898 2.970131
72  1.185469 17.272331 1.821940  0.000000 0.000000 0.000000
73  0.060218 10.324434 74.469055  0.000000 0.000000 0.000000
74  0.052671 -3.972626 3.515854  1.570735 -0.000061 -1.570735
75  4.804185 -3.856463 -0.006877  -0.000000 0.000000 0.000000
76  -6.013984 -4.624457 -0.000001  0.000000 0.000000 -0.000000
77  -65.574089 -37.156036 0.002936  -0.786983 1.570710 0.783935
78  1.602682 -3.785212 0.003048  -0.786435 1.570710 0.784727
79  11.681374 -1.114738 -1.027845  -0.785093 1.570710 0.786069
80  19.766777 -3.800921 0.000005  -0.000000 -0.000000 0.000000
81  3.258441 5.856956 -3.403524  -0.000000 -0.000000 -0.000000
82  15.153048 5.860583 -3.403517  0.000000 -0.000000 0.000000
83  6.064256 77.294945 36.365791  1.570796 -0.000000 1.570796
84  -2.662411 1.445755 40.667953  -0.000000 3.141591 1.570796
85  8.352065 2.772899 0.000541  -3.141589 0.000002 0.000000
86  6.064257 72.973686 32.593246  1.570796 -0.000000 1.570796
87  -0.113680 5.957338 -0.188896  0.000000 0.000000 0.000000
88  0.097222 0.210963 3.469585  0.000000 0.000000 0.000000
89  -0.000002 1.310209 -0.000000  0.000000 -0.000000 0.000000
90  -0.000003 0.582260 0.000000  0.000000 -0.000000 0.000000
91  0.036296 1.284881 7.928796  0.000000 -0.000001 0.000000
92  -0.000001 1.310209 0.000000  0.000000 -0.000000 0.000000
93  -0.000001 0.582258 0.000000  0.000000 -0.000000 0.000000
94  5.969320 3.427459 -6.170652  -0.000000 -0.000001 -1.570797
95  -1.310209 0.000000 0.000003  0.000000 -0.000000 -0.000000
96  -0.582258 0.000000 0.000002  0.000000 -0.000000 -0.000000
97  5.969321 9.397398 -6.170659  -0.000000 -0.000001 -1.570796
98  -1.310211 -0.000001 0.000002  0.000000 0.000001 -0.000000
99  -0.582260 -0.000002 0.000004  0.000000 0.000001 -0.000000
100  5.969320 15.223768 -6.170670  -0.000000 -0.000001 -1.570796
101  -1.310209 0.000002 0.000000  -0.000000 0.000000 -0.000000
102  -0.582258 -0.000000 -0.000000  -0.000000 0.000000 -0.000000
103  5.969321 20.835567 -6.170671  -0.000000 -0.000001 -1.570796
104  -1.310210 0.000001 -0.000001  -0.000000 0.000000 -0.000000
105  -0.582260 0.000000 0.000001  -0.000000 0.000000 -0.000000
106  5.969323 26.771204 -6.170671  -0.000000 -0.000001 -1.570796
107  5.969321 32.597591 -6.170676  -0.000000 -0.000001 -1.570796
108  5.969322 38.209393 -6.170685  0.000000 -0.000001 -1.570800
109  5.969322 49.488457 -6.170683  0.000000 -0.000001 -1.570800
110  -0.539094 -0.556809 -0.017365  -0.042462 2.681156 1.551919
111  -6.799127 -0.556807 0.818548  -0.272420 2.701993 1.452460
112  -4.615286 -0.556821 0.270327  -0.117230 2.684609 1.518878
113  -2.650971 -0.556807 0.063008  -0.042463 2.681158 1.551919
114  27.110332 1.284858 12.007546  0.000000 -0.000000 0.000000
115  28.133425 1.284858 12.007545  0.000001 -0.000000 0.000000
116  12.812883 2.241786 12.007547  0.000000 -0.000001 -0.000001
117  -9.955970 -0.319623 4.380213  -0.000001 -0.000000 -0.000001
118  -11.316475 -0.319622 4.380213  -0.000003 -0.000000 0.000000
119  -12.667815 -0.319623 4.380213  -0.000003 -0.000000 0.000001
120  -14.022142 -0.319620 4.380214  0.000010 -0.000000 -0.000011
121  -15.373243 -0.319622 4.380213  0.000015 -0.000000 -0.000015
122  -16.724144 -0.319620 4.380212  -0.000009 -0.000000 0.000006
123  -18.074574 -0.319620 4.380212  -0.000006 -0.000000 0.000004
124  -19.423717 -0.319619 4.380213  0.000002 0.000000 -0.000004
125  -20.775270 -0.319620 4.380213  0.000003 0.000000 -0.000004
126  -22.126673 -0.319618 4.380213  0.000003 -0.000000 -0.000004
127  -23.478125 -0.319618 4.380213  0.000005 0.000000 -0.000006
128  -24.830622 -0.319620 4.380212  0.000036 -0.000000 -0.000038
129  -26.182032 -0.319617 4.380212  -0.000011 -0.000000 0.000011
130  0.529178 -0.167129 0.629484  -0.101270 -0.000000 0.000000
131  -0.211447 -0.241683 0.155361  -0.145847 -0.000000 0.000000
132  0.529187 -0.280700 -0.110295  -0.145847 -0.000000 0.000000
133  -0.173930 -0.337327 -0.638497  -0.181751 -0.000000 0.000000
134  0.529186 -0.399246 -0.975395  -0.181751 -0.000000 0.000000
135  -0.211446 -0.464476 -1.431042  -0.192399 -0.000000 0.000000
136  0.529187 -0.515806 -1.694583  -0.192400 -0.000000 0.000000
137  -0.173932 -0.612151 -2.231913  -0.216703 -0.000000 0.000000
138  0.529186 -0.685805 -2.566439  -0.216703 -0.000000 0.000000
139  -0.211450 -0.769559 -3.027871  -0.237349 -0.000000 0.000000
140  0.529185 -0.832686 -3.288847  -0.237349 -0.000000 0.000000
141  -0.173941 -0.945280 -3.779562  -0.233859 0.000000 0.000000
142  0.529178 -1.024656 -4.112782  -0.233859 0.000000 0.000000
143  -0.211445 -1.132186 -4.577549  -0.262919 -0.000000 0.000000
144  0.529188 -1.201963 -4.836825  -0.262919 0.000000 0.000000
145  -0.000006 -2.810941 -10.636631  0.258454 0.000000 3.141592
146  -0.192457 -1.345778 -5.370046  -0.280373 0.000000 0.000000
147  0.533980 -1.413512 -5.605105  -0.276883 0.000000 0.000000
148  -0.206621 -1.795758 -6.909779  -0.287354 0.000000 0.000000
149  -0.205807 -1.564818 -6.138257  -0.290843 0.000000 0.000000
150  0.530456 -1.643675 -6.395216  -0.290844 0.000000 0.000000
151  0.535309 -1.790709 -7.204133  -0.287354 -0.000000 0.000000
152  -0.202705 -2.030486 -7.702830  -0.286180 -0.000000 0.000000
153  0.509546 -2.118895 -8.011626  -0.298398 -0.000000 0.000000
154  -0.202709 -2.255278 -8.465172  -0.283134 -0.000000 0.000000
155  0.509546 -2.352980 -8.771158  -0.295352 -0.000000 0.000000
156  -0.202707 -2.481596 -9.235472  -0.285437 -0.000000 0.000000
157  0.509546 -2.588681 -9.538639  -0.297654 -0.000000 0.000000
158  0.170120 -21.222088 -1.001142  -0.000001 -0.000001 0.000000
159  0.170120 -20.843863 -0.397182  -0.000001 -0.000001 0.000000
160  0.170118 -20.489744 -1.001142  -0.000001 -0.000001 0.000000
161  0.170120 -20.111067 -0.397183  -0.000001 -0.000001 0.000000
162  0.170118 -19.380085 -0.397188  -0.000001 -0.000001 0.000000
163  0.170121 -19.025103 -1.001146  -0.000001 -0.000001 0.000000
164  0.170118 -18.646656 -0.396448  -0.000001 -0.000001 0.000000
165  0.170118 -19.755758 -1.001143  -0.000001 -0.000001 0.000000
166  -0.015975 10.035403 1.098089  0.000000 0.000000 0.000000
167  -0.104323 -52.163567 4.437342  1.570735 -0.000061 -1.570735
168  0.064655 27.351345 72.195198  0.000000 0.000000 0.000000
169  6.064261 95.113998 31.645500  0.000000 -0.000001 1.570796
170  -0.103712 -26.907867 3.305356  0.000000 0.000000 -1.570730
171  6.064260 69.096550 37.164314  1.570796 -0.000000 1.570796
172  1.974300 11.989232 4.589249  0.000000 0.000000 0.000000
173  1.941738 0.883630 4.309754  0.000000 -0.000000 -1.483525
174  -0.115678 1.104777 6.744191  0.000000 0.000000 0.000000
175  6.064263 89.329788 31.613914  0.000000 -0.000001 1.570796
176  0.059887 2.255377 54.398018  0.000000 0.000000 0.000000
177  0.003493 -22.270643 -0.000003  1.570735 -0.000061 -1.570735
178  0.104012 14.792242 1.530320  0.000000 0.000000 0.000000
179  3.000525 -2.985217 1.029097  2.067399 -0.085866 -1.929635
180  -2.951614 25.811045 -3.742301  -0.096365 0.008023 -1.450340
181  -2.662412 1.445786 33.628738  0.000487 3.141104 1.570796
182  8.352070 2.772898 0.000538  -3.140902 0.000003 -0.000001
183  -2.662411 1.445789 40.667965  0.000487 3.141104 1.570796
184  8.352062 2.772900 0.000542  -3.140902 0.000003 -0.000001
185  -1.431356 16.384779 4.137810  0.000001 -0.000000 0.000000
186  -0.001847 0.521683 -0.140291  0.000000 0.000000 0.000000
187  7.323106 -5.136190 -5.166238  0.000000 0.000000 -0.610865
188  2.698277 -0.000000 -0.000001  -0.000012 0.000000 0.000000
189  2.834158 -0.000005 -0.000002  0.000013 0.000000 -0.000000
190  2.648921 -0.000002 -0.000001  -0.000001 -0.000001 0.000000
191  2.667494 -0.000006 0.000003  -0.000000 -0.000000 0.000000
192  2.426702 -0.000004 0.000001  -0.000000 0.000000 -0.000000
193  -0.494751 -44.353439 -1.302299  1.570797 -0.000000 -1.570797
194  11.545940 73.768410 -3.792006  0.000000 0.000000 0.000000
195  -0.011103 -16.902811 1.952046  0.000001 0.000000 0.000000
196  -0.000004 -0.000002 -1.529055  -0.000000 0.000000 -0.000000
197  -0.078944 -0.000002 0.000000  0.000000 0.000001 1.570796
198  0.097088 -0.000001 0.000000  -0.000000 -3.141592 1.570796
199  0.000000 0.000000 -0.000000  0.000000 -0.000000 -0.000000
200  -8.587629 -19.690975 -15.967251  -0.567367 0.222429 -0.556870
201  18.623814 -31.387529 -19.154221  1.551732 -0.089217 -0.934659
time 20
0  0 0 0  0 0 0
1  0.000000 0.000000 0.000000  0.000000 -0.000000 -0.000000
2  -0.000000 -0.000000 -55.423229  0.000000 -0.000000 -1.570730
3  -0.012872 0.000000 8.235027  -0.784749 -1.570710 -0.785986
4  16.163124 -0.010663 0.007211  -0.594297 0.000409 -0.000125
5  16.163132 -0.000000 3.830524  -1.333359 -0.199015 -2.456806
6  14.868229 0.000001 0.000001  -0.807043 0.704659 -1.588106
7  26.391943 -0.000007 -0.000004  -0.000000 0.000000 -1.417375
8  -0.000001 -0.000001 0.000001  -0.136463 -0.000000 -0.000000
9  3.093515 -0.000002 0.000001  -0.272950 -0.000000 -0.000000
10  6.187022 -0.000001 0.000001  -0.409484 -0.000000 -0.000000
11  9.280533 -0.000004 0.000002  -0.545956 0.000000 -0.000000
12  12.374044 -0.000001 0.000002  -0.682437 -0.000000 -0.000000
13  15.467556 -0.000004 0.000001  -0.818920 -0.000000 -0.000000
14  18.561056 -0.000007 0.000001  -0.955454 -0.000000 -0.000000
15  21.654568 -0.000006 0.000003  -2.891419 -0.423626 0.806914
16  1.410067 0.800539 -2.089133  1.926816 0.229617 0.446891
17  3.954705 -0.000002 0.000004  0.032650 -0.305879 0.082888
18  3.101567 -0.000002 0.000006  0.038488 -0.173200 0.020373
19  6.164458 -0.898150 2.575011  -0.464106 -0.015897 1.186542
20  2.805844 -0.000001 -0.000001  0.000000 -0.000000 0.521973
21  2.307440 0.000000 0.000001  -0.000000 0.000000 0.361287
22  7.145091 -0.676337 -1.382426  0.048305 -0.466031 0.179016
23  3.672214 -0.000001 0.000001  0.000000 0.000000 1.094786
24  2.676516 0.000002 0.000001  0.000000 0.000000 0.976405
25  6.831178 -0.870863 0.599919  -0.198432 -0.274957 0.706750
26  3.657078 -0.000000 -0.000001  0.000000 0.000000 1.196110
27  2.496795 0.000004 0.000001  -0.000000 -0.000000 0.510610
28  7.183348 -0.532077 -3.267603  0.092002 -0.569205 -0.163901
29  3.511587 0.000004 0.000001  -0.000000 -0.000000 0.459239
30  2.199418 -0.000000 0.000002  0.000000 -0.000000 0.877656
31  16.163136 0.000000 -3.830527  0.703564 0.858106 -2.571306
32  14.868248 0.000000 0.000001  -0.227423 -0.194464 -1.890019
33  26.391966 0.000003 0.000001  0.000000 0.000000 -1.634153
34  0.000000 -0.000002 -0.000003  0.121844 0.000000 -0.000000
35  3.093513 -0.000002 -0.000004  0.243713 0.000000 0.000000
36  6.187021 -0.000002 -0.000004  0.365631 0.000000 0.000000
37  9.280535 -0.000000 -0.000003  0.487494 -0.000000 -0.000000
38  12.374041 -0.000002 -0.000003  0.609379 -0.000000 -0.000000
39  15.467552 -0.000001 -0.000003  0.731232 -0.000000 0.000000
40  18.561066 -0.000003 -0.000002  0.853116 0.000000 0.000000
41  21.654564 -0.000002 -0.000001  2.638062 -0.549789 -0.053706
42  1.410064 0.800531 2.089144  -1.966491 -0.287076 0.559263
43  3.954716 -0.000002 -0.000001  0.000000 -0.000000 0.375132
44  3.101566 0.000002 -0.000003  -0.000000 0.000000 0.790793
45  7.183349 -0.532089 3.267620  0.052242 -0.011652 -0.158551
46  3.511585 -0.000003 -0.000001  -0.000000 -0.000000 0.189253
47  2.199407 0.000001 0.000001  0.000000 -0.000000 -0.104054
48  7.145097 -0.676347 1.382435  0.255424 0.283825 0.886075
49  3.672212 -0.000000 0.000001  -0.000000 0.000000 1.435616
50  2.676524 -0.000001 0.000002  -0.000000 -0.000000 1.062915
51  6.831170 -0.870865 -0.599910  0.339890 0.115856 1.057859
52  3.657084 -0.000001 0.000001  -0.000000 -0.000000 1.252192
53  2.496799 -0.000002 -0.000001  0.000000 0.000000 0.840195
54  6.164461 -0.898153 -2.575006  0.409526 -0.061316 1.152482
55  2.805845 -0.000000 -0.000001  -0.000000 0.000000 0.666009
56  2.307451 0.000000 -0.000001  -0.000000 0.000000 0.844543
57  0.000000 0.000000 0.000000  0.000001 -0.000000 -0.000000
58  14.322984 -31.953934 -18.368958  0.189318 0.467138 0.992184
59  0.000000 -19.069490 4.681034  0.000000 0.000000 0.000000
60  1.986524 0.000017 -3.123734  -2.705260 -0.000000 -1.570797
61  -1.986693 0.000014 -3.123745  0.436333 0.000001 1.570797
62  -0.000001 0.000001 0.000001  0.000000 0.000000 0.000000
63  -1.530662 0.861423 -3.109957  0.392682 0.000010 1.570745
64  -11.344168 1.135892 0.869271  0.000328 -0.024963 -0.026314
65  1.907533 0.861416 -2.954430  -0.392858 -0.000004 1.570778
66  -11.350044 -0.729399 0.864872  0.000154 -0.025335 0.026430
67  1.754237 4.036760 -1.682667  0.392549 -0.010099 -1.546344
68  -1.755144 4.036757 -1.682669  -0.392547 -0.010382 -1.594901
69  -0.164558 5.734784 5.880445  -0.000000 -0.000000 -1.570730
70  1.203549 5.503720 4.339430  0.000000 0.000000 0.000000
71  -1.260174 5.668901 5.788552  0.070161 -0.418898 2.970131
72  1.185469 17.272333 1.821942  0.000000 0.000000 0.000000
73  0.060217 10.324432 74.469055  0.000000 0.000000 0.000000
74  0.052671 -3.972627 3.515839  1.570735 -0.000061 -1.570735
75  4.804188 -3.856463 -0.006882  -0.000000 0.000000 0.000000
76  -6.013984 -4.624459 -0.000004  0.000000 0.000000 0.000000
77  -65.574089 -37.156048 0.002939  -0.786800 1.570710 0.784484
78  1.602686 -3.785215 0.003047  -0.786739 1.570710 0.784484
79  11.681376 -1.114740 -1.027849  -0.784666 1.570710 0.785703
80  19.766785 -3.800921 -0.000005  -0.000000 0.000000 -0.000000
81  3.258443 5.856956 -3.403526  -0.000000 -0.000000 -0.000000
82  15.153051 5.860581 -3.403522  0.000000 -0.000000 0.000000
83  6.064257 77.294952 36.365795  1.570796 -0.000000 1.570796
84  -2.662415 1.445753 40.667961  -0.000000 3.141591 1.570796
85  8.352068 2.772895 0.000541  -3.141589 0.000002 0.000000
86  6.064257 72.973694 32.593254  1.570796 -0.000000 1.570796
87  -0.113681 5.957334 -0.188893  0.000000 0.000000 0.000000
88  0.097224 0.210963 3.469589  0.000000 0.000000 0.000000
89  0.000001 1.310210 0.000000  0.000000 0.000000 0.000000
90  0.000001 0.582259 0.000000  0.000000 0.000000 0.000000
91  0.036299 1.284881 7.928799  0.000000 -0.000001 0.000000
92  -0.000001 1.310210 -0.000000  0.000000 -0.000000 0.000000
93  -0.000001 0.582260 0.000001  0.000000 -0.000000 0.000000
94  5.969325 3.427459 -6.170650  -0.000000 -0.000001 -1.570797
95  -1.310211 0.000002 0.000001  0.000000 0.000000 -0.000000
96  -0.582260 0.000001 0.000004  0.000000 -0.000000 -0.000000
97  5.969323 9.397401 -6.170658  -0.000000 -0.000001 -1.570796
98  -1.310212 -0.000001 0.000000  0.000000 0.000000 -0.000000
99  -0.582262 -0.000001 0.000001  0.000000 0.000000 -0.000000
100  5.969321 15.223769 -6.170669  -0.000000 -0.000001 -1.570796
101  -1.310211 0.000003 -0.000000  -0.000000 0.000000 -0.000000
102  -0.582259 0.000002 -0.000000  -0.000000 0.000000 -0.000000
103  5.969325 20.835571 -6.170671  -0.000000 -0.000001 -1.570796
104  -1.310211 0.000003 -0.000000  -0.000000 0.000000 -0.000000
105  -0.582260 0.000001 0.000003  -0.000000 0.000000 -0.000000
106  5.969325 26.771210 -6.170671  -0.000000 -0.000001 -1.570796
107  5.969324 32.597599 -6.170672  -0.000000 -0.000001 -1.570796
108  5.969325 38.209400 -6.170684  -0.000000 -0.000001 -1.570800
109  5.969323 49.488468 -6.170682  -0.000000 -0.000001 -1.570800
110  -0.539091 -0.556810 -0.017362  -0.042462 2.681156 1.551919
111  -6.799124 -0.556808 0.818550  -0.272420 2.701993 1.452460
112  -4.615281 -0.556821 0.270331  -0.117230 2.684609 1.518878
113  -2.650970 -0.556808 0.063010  -0.042463 2.681158 1.551919
114  27.110336 1.284859 12.007550  0.000000 -0.000000 0.000000
115  28.133425 1.284857 12.007547  0.000001 -0.000000 0.000000
116  12.812887 2.241786 12.007551  -0.000000 -0.000001 -0.000001
117  -9.955967 -0.319623 4.380216  -0.000001 -0.000000 -0.000001
118  -11.316474 -0.319623 4.380217  -0.000003 -0.000000 0.000000
119  -12.667810 -0.319622 4.380217  -0.000003 -0.000000 0.000001
120  -14.022142 -0.319623 4.380217  0.000010 -0.000000 -0.000011
121  -15.373238 -0.319621 4.380216  0.000015 -0.000000 -0.000015
122  -16.724144 -0.319624 4.380215  -0.000009 -0.000000 0.000006
123  -18.074572 -0.319623 4.380215  -0.000006 -0.000000 0.000004
124  -19.423716 -0.319620 4.380216  0.000002 0.000000 -0.000004
125  -20.775272 -0.319620 4.380216  0.000003 0.000000 -0.000004
126  -22.126673 -0.319623 4.380216  0.000003 0.000000 -0.000004
127  -23.478123 -0.319619 4.380218  0.000005 -0.000000 -0.000006
128  -24.830622 -0.319621 4.380216  0.000036 -0.000000 -0.000038
129  -26.182030 -0.319621 4.380216  -0.000011 0.000000 0.000011
130  0.529179 -0.167130 0.629486  -0.101270 -0.000000 0.000000
131  -0.211444 -0.241685 0.155363  -0.145847 -0.000000 0.000000
132  0.529190 -0.280701 -0.110291  -0.145847 -0.000000 0.000000
133  -0.173926 -0.337327 -0.638495  -0.181751 -0.000000 0.000000
134  0.529189 -0.399246 -0.975392  -0.181751 -0.000000 0.000000
135  -0.211443 -0.464478 -1.431041  -0.192399 -0.000000 0.000000
136  0.529189 -0.515807 -1.694583  -0.192399 -0.000000 0.000000
137  -0.173926 -0.612152 -2.231910  -0.216703 -0.000000 0.000000
138  0.529188 -0.685806 -2.566437  -0.216703 -0.000000 0.000000
139  -0.211446 -0.769562 -3.027869  -0.237349 -0.000000 0.000000
140  0.529188 -0.832687 -3.288846  -0.237349 -0.000000 0.000000
141  -0.173935 -0.945281 -3.779564  -0.233859 0.000000 0.000000
142  0.529181 -1.024659 -4.112781  -0.233859 0.000000 0.000000
143  -0.211444 -1.132186 -4.577546  -0.262919 -0.000000 0.000000
144  0.529189 -1.201965 -4.836824  -0.262919 0.000000 0.000000
145  -0.000003 -2.810943 -10.636631  0.258454 -0.000000 3.141592
146  -0.192456 -1.345778 -5.370044  -0.280373 0.000000 0.000000
147  0.533982 -1.413514 -5.605103  -0.276883 0.000000 0.000000
148  -0.206618 -1.795761 -6.909779  -0.287354 0.000000 0.000000
149  -0.205805 -1.564819 -6.138254  -0.290843 0.000000 0.000000
150  0.530460 -1.643676 -6.395214  -0.290844 0.000000 0.000000
151  0.535313 -1.790709 -7.204132  -0.287354 -0.000000 0.000000
152  -0.202702 -2.030486 -7.702827  -0.286180 -0.000000 0.000000
153  0.509549 -2.118895 -8.011624  -0.298398 -0.000000 0.000000
154  -0.202703 -2.255279 -8.465171  -0.283134 -0.000000 0.000000
155  0.509547 -2.352982 -8.771158  -0.295352 -0.000000 0.000000
156  -0.202704 -2.481597 -9.235470  -0.285437 -0.000000 0.000000
157  0.509546 -2.588682 -9.538637  -0.297654 -0.000000 0.000000
158  0.170122 -21.222095 -1.001138  -0.000001 -0.000001 0.000000
159  0.170120 -20.843868 -0.397182  -0.000001 -0.000001 0.000000
160  0.170121 -20.489750 -1.001140  -0.000001 -0.000001 0.000000
161  0.170123 -20.111074 -0.397183  -0.000001 -0.000001 0.000000
162  0.170121 -19.380089 -0.397183  -0.000001 -0.000001 0.000000
163  0.170121 -19.025112 -1.001145  -0.000001 -0.000001 0.000000
164  0.170123 -18.646660 -0.396445  -0.000001 -0.000001 0.000000
165  0.170121 -19.755760 -1.001143  -0.000001 -0.000001 0.000000
166  -0.015974 10.035402 1.098091  0.000000 0.000000 0.000000
167  -0.104321 -52.163586 4.437349  1.570735 -0.000061 -1.570735
168  0.064654 27.351341 72.195206  0.000000 0.000000 0.000000
169  6.064258 95.114021 31.645500  0.000000 -0.000001 1.570796
170  -0.103722 -26.907869 3.305361  -0.000000 -0.000000 -1.570730
171  6.064255 69.096565 37.164322  1.570796 -0.000000 1.570796
172  1.974300 11.989233 4.589251  0.000000 0.000000 0.000000
173  1.941734 0.883628 4.309756  0.000000 0.000000 -1.483525
174  -0.115681 1.104776 6.744192  0.000000 0.000000 0.000000
175  6.064260 89.329811 31.613914  0.000000 -0.000001 1.570796
176  0.059882 2.255378 54.398026  0.000000 0.000000 0.000000
177  0.003495 -22.270655 0.000003  1.570735 -0.000061 -1.570735
178  0.104009 14.792240 1.530321  0.000000 0.000000 0.000000
179  3.000520 -2.985222 1.029101  2.067399 -0.085866 -1.929635
180  -2.951613 25.811047 -3.742302  -0.096365 0.008023 -1.450340
181  -2.662418 1.445783 33.628742  0.000487 3.141104 1.570796
182  8.352069 2.772894 0.000541  -3.140902 0.000003 -0.000001
183  -2.662415 1.445786 40.667973  0.000487 3.141104 1.570796
184  8.352064 2.772896 0.000542  -3.140902 0.000003 -0.000001
185  -1.431357 16.384779 4.137812  0.000001 0.000000 0.000000
186  -0.001846 0.521683 -0.140287  0.000000 0.000000 0.000000
187  7.323108 -5.136193 -5.166238  -0.000000 0.000000 -0.610865
188  2.698275 0.000000 0.000001  -0.000012 0.000000 0.000000
189  2.834157 -0.000002 -0.000003  0.000013 0.000000 -0.000000
190  2.648916 -0.000000 -0.000000  -0.000001 -0.000001 0.000000
191  2.667500 -0.000004 -0.000002  0.000000 -0.000000 -0.000000
192  2.426704 -0.000002 0.000000  0.000000 0.000000 -0.000000
193  -0.494747 -44.353447 -1.302299  1.570797 -0.000000 -1.570797
194  11.545937 73.768417 -3.792011  0.000000 0.000000 0.000000
195  -0.011105 -16.902815 1.952049  0.000001 0.000000 0.000000
196  0.000003 -0.000002 -1.529053  -0.000000 0.000000 0.000000
197  -0.078942 0.000003 0.000002  0.000000 0.000001 1.570796
198  0.097091 0.000001 0.000000  -0.000000 -3.141592 1.570796
199  0.000000 0.000000 -0.000000  0.000000 -0.000000 -0.000000
200  -8.637713 -19.468538 -15.985317  -0.550285 0.229971 -0.558381
201  18.519428 -31.249580 -19.319311  1.564399 -0.076096 -0.941053
time 21
0  0 0 0  0 0 0
1  0.000000 0.000000 0.000000  0.000000 -0.000000 -0.000000
2  -0.000000 -0.000000 -55.423229  0.000000 -0.000000 -1.570730
3  -0.012872 0.000000 8.235027  -0.784749 -1.570710 -0.785986
4  16.163124 -0.010663 0.007211  -0.594297 0.000409 -0.000125
5  16.163132 -0.000000 3.830524  -1.333359 -0.199015 -2.456806
6  14.868229 0.000001 0.000001  -0.802266 0.712434 -1.585914
7  26.391943 -0.000005 -0.000002  -0.000000 0.000000 -1.428657
8  0.000001 0.000000 -0.000003  -0.135484 -0.000000 -0.000000
9  3.093516 -0.000001 -0.000002  -0.271040 -0.000000 -0.000000
10  6.187024 0.000002 -0.000000  -0.406616 -0.000000 -0.000000
11  9.280533 0.000000 -0.000001  -0.542154 0.000000 -0.000000
12  12.374048 -0.000001 0.000000  -0.677646 -0.000000 -0.000000
13  15.467558 -0.000001 -0.000000  -0.813202 -0.000000 -0.000000
14  18.561058 -0.000000 -0.000000  -0.948723 -0.000000 -0.000000
15  21.654573 -0.000004 0.000001  -2.882421 -0.423785 0.827669
16  1.410072 0.800538 -2.089133  1.926816 0.229617 0.446891
17  3.954708 0.000001 0.000003  0.032650 -0.305879 0.082888
18  3.101566 0.000000 0.000004  0.038488 -0.173200 0.020373
19  6.164468 -0.898150 2.575013  -0.464106 -0.015897 1.186542
20  2.805843 -0.000003 0.000000  -0.000000 -0.000000 0.521973
21  2.307441 -0.000004 -0.000000  0.000000 0.000000 0.361287
22  7.145095 -0.676340 -1.382428  0.048305 -0.466031 0.179016
23  3.672214 0.000002 0.000000  0.000000 0.000000 1.094786
24  2.676517 -0.000002 0.000002  0.000000 -0.000000 0.976405
25  6.831185 -0.870864 0.599917  -0.198432 -0.274957 0.706750
26  3.657071 0.000001 -0.000002  0.000000 0.000000 1.196109
27  2.496795 0.000005 0.000001  -0.000000 -0.000000 0.510610
28  7.183352 -0.532081 -3.267607  0.092002 -0.569205 -0.163901
29  3.511585 0.000001 0.000000  -0.000000 -0.000000 0.459239
30  2.199415 0.000003 0.000002  0.000000 -0.000000 0.877656
31  16.163136 0.000000 -3.830527  0.703564 0.858106 -2.571306
32  14.868248 0.000000 0.000001  -0.227093 -0.190051 -1.880531
33  26.391966 0.000002 0.000001  0.000000 0.000000 -1.648388
34  -0.000003 0.000001 -0.000000  0.124841 0.000000 -0.000000
35  3.093511 -0.000001 -0.000001  0.249741 0.000000 0.000000
36  6.187019 -0.000000 -0.000002  0.374635 0.000000 0.000000
37  9.280533 -0.000000 0.000000  0.499453 0.000000 0.000000
38  12.374041 -0.000003 -0.000001  0.624369 0.000000 -0.000000
39  15.467546 -0.000001 0.000000  0.749236 0.000000 0.000000
40  18.561062 -0.000000 0.000000  0.874151 0.000000 -0.000000
41  21.654562 -0.000002 0.000001  2.660981 -0.557343 -0.048271
42  1.410063 0.800529 2.089142  -1.966491 -0.287076 0.559263
43  3.954715 0.000001 -0.000000  0.000000 -0.000000 0.375132
44  3.101566 -0.000002 -0.000002  -0.000000 0.000000 0.790793
45  7.183348 -0.532090 3.267622  0.052242 -0.011652 -0.158551
46  3.511587 -0.000003 0.000001  -0.000000 0.000000 0.189253
47  2.199407 -0.000000 0.000002  0.000000 -0.000000 -0.104054
48  7.145096 -0.676346 1.382435  0.255424 0.283825 0.886075
49  3.672211 -0.000002 -0.000000  -0.000000 0.000000 1.435616
50  2.676522 -0.000000 0.000002  0.000000 -0.000000 1.062915
51  6.831167 -0.870868 -0.599906  0.339890 0.115856 1.057859
52  3.657083 0.000002 0.000003  -0.000000 -0.000000 1.252193
53  2.496796 -0.000003 -0.000001  0.000000 0.000000 0.840195
54  6.164461 -0.898157 -2.575004  0.409526 -0.061317 1.152482
55  2.805842 -0.000001 0.000000  0.000000 0.000000 0.666009
56  2.307451 0.000001 -0.000000  0.000000 0.000000 0.844543
57  0.000000 0.000000 0.000000  0.000001 -0.000000 -0.000000
58  14.074691 -31.823944 -18.474329  0.196047 0.446899 0.987726
59  0.000004 -19.069481 4.681028  -0.000000 -0.000000 -0.000000
60  1.986522 0.000022 -3.123737  -2.705260 -0.000000 -1.570797
61  -1.986692 0.000026 -3.123743  0.436333 0.000001 1.570797
62  0.000000 0.000009 0.000002  -0.000000 -0.000000 -0.000000
63  -1.530661 0.861430 -3.109960  0.392682 0.000010 1.570745
64  -11.344167 1.135891 0.869267  0.000328 -0.024963 -0.026314
65  1.907536 0.861425 -2.954428  -0.392858 -0.000004 1.570778
66  -11.350039 -0.729401 0.864872  0.000154 -0.025335 0.026430
67  1.754240 4.036767 -1.682668  0.392549 -0.010099 -1.546344
68  -1.755143 4.036769 -1.682669  -0.392547 -0.010382 -1.594901
69  -0.164557 5.734787 5.880443  0.000000 -0.000000 -1.570730
70  1.203550 5.503725 4.339431  -0.000000 -0.000000 -0.000000
71  -1.260172 5.668904 5.788552  0.070161 -0.418898 2.970131
72  1.185472 17.272337 1.821941  -0.000000 -0.000000 -0.000000
73  0.060220 10.324438 74.469055  -0.000000 -0.000000 -0.000000
74  0.052679 -3.972615 3.515853  1.570735 -0.000061 -1.570735
75  4.804189 -3.856467 -0.006879  -0.000000 -0.000000 0.000000
76  -6.013980 -4.624461 0.000000  0.000000 0.000000 0.000000
77  -65.574089 -37.156052 0.002938  -0.786982 1.570710 0.783692
78  1.602688 -3.785217 0.003050  -0.786740 1.570710 0.783996
79  11.681375 -1.114743 -1.027846  -0.785520 1.570710 0.785764
80  19.766781 -3.800923 0.000004  -0.000000 0.000000 0.000000
81  3.258439 5.856953 -3.403522  -0.000000 -0.000000 -0.000000
82  15.153049 5.860581 -3.403521  -0.000000 -0.000000 0.000000
83  6.064257 77.294952 36.365795  1.570796 0.000000 1.570796
84  -2.662411 1.445758 40.667957  -0.000000 3.141591 1.570796
85  8.352069 2.772895 0.000541  -3.141589 0.000002 -0.000000
86  6.064260 72.973694 32.593254  1.570796 0.000000 1.570796
87  -0.113683 5.957341 -0.188894  -0.000000 -0.000000 -0.000000
88  0.097223 0.210965 3.469590  -0.000000 -0.000000 -0.000000
89  0.000000 1.310211 0.000002  0.000000 -0.000000 0.000000
90  0.000000 0.582261 0.000002  0.000000 -0.000000 0.000000
91  0.036297 1.284882 7.928802  -0.000000 -0.000001 0.000000
92  -0.000002 1.310211 0.000000  0.000000 -0.000000 0.000000
93  -0.000001 0.582260 -0.000001  0.000000 -0.000000 0.000000
94  5.969323 3.427460 -6.170650  -0.000000 -0.000001 -1.570797
95  -1.310208 0.000003 -0.000000  0.000000 -0.000000 -0.000000
96  -0.582257 0.000001 -0.000000  0.000000 -0.000000 -0.000000
97  5.969324 9.397402 -6.170657  -0.000000 -0.000001 -1.570796
98  -1.310211 -0.000002 0.000001  0.000000 0.000000 -0.000000
99  -0.582260 -0.000002 -0.000000  0.000000 0.000000 -0.000000
100  5.969324 15.223771 -6.170668  0.000000 -0.000001 -1.570796
101  -1.310211 0.000003 0.000000  -0.000000 0.000000 -0.000000
102  -0.582260 0.000002 0.000001  -0.000000 0.000000 -0.000000
103  5.969326 20.835571 -6.170669  0.000000 -0.000001 -1.570796
104  -1.310210 0.000002 -0.000001  -0.000000 0.000000 -0.000000
105  -0.582260 0.000001 0.000001  -0.000000 0.000000 -0.000000
106  5.969324 26.771210 -6.170671  0.000000 -0.000001 -1.570796
107  5.969325 32.597599 -6.170671  0.000000 -0.000001 -1.570796
108  5.969323 38.209400 -6.170684  0.000000 -0.000001 -1.570800
109  5.969320 49.488468 -6.170684  0.000000 -0.000001 -1.570800
110  -0.539090 -0.556807 -0.017361  -0.042462 2.681156 1.551919
111  -6.799122 -0.556804 0.818554  -0.272420 2.701993 1.452460
112  -4.615281 -0.556820 0.270330  -0.117230 2.684609 1.518878
113  -2.650966 -0.556806 0.063012  -0.042463 2.681158 1.551919
114  27.110338 1.284857 12.007551  -0.000000 -0.000000 -0.000000
115  28.133425 1.284856 12.007549  0.000001 -0.000000 -0.000000
116  12.812888 2.241787 12.007552  0.000000 -0.000001 -0.000001
117  -9.955968 -0.319622 4.380218  -0.000001 -0.000000 -0.000001
118  -11.316475 -0.319622 4.380217  -0.000003 -0.000000 -0.000000
119  -12.667809 -0.319620 4.380218  -0.000003 -0.000000 0.000001
120  -14.022141 -0.319619 4.380217  0.000009 -0.000000 -0.000012
121  -15.373241 -0.319620 4.380218  0.000015 -0.000000 -0.000015
122  -16.724142 -0.319619 4.380218  -0.000009 -0.000000 0.000006
123  -18.074574 -0.319620 4.380217  -0.000006 0.000000 0.000004
124  -19.423714 -0.319617 4.380217  0.000002 0.000000 -0.000004
125  -20.775270 -0.319617 4.380216  0.000003 0.000000 -0.000004
126  -22.126673 -0.319619 4.380217  0.000003 -0.000000 -0.000004
127  -23.478119 -0.319616 4.380218  0.000005 0.000000 -0.000006
128  -24.830618 -0.319616 4.380217  0.000036 -0.000000 -0.000038
129  -26.182026 -0.319614 4.380217  -0.000011 0.000000 0.000011
130  0.529180 -0.167126 0.629486  -0.101270 -0.000000 0.000000
131  -0.211443 -0.241680 0.155363  -0.145847 -0.000000 0.000000
132  0.529191 -0.280699 -0.110290  -0.145847 -0.000000 -0.000000
133  -0.173927 -0.337324 -0.638492  -0.181751 -0.000000 0.000000
134  0.529190 -0.399245 -0.975392  -0.181751 -0.000000 0.000000
135  -0.211442 -0.464476 -1.431039  -0.192399 -0.000000 0.000000
136  0.529191 -0.515805 -1.694581  -0.192399 -0.000000 0.000000
137  -0.173927 -0.612150 -2.231908  -0.216703 -0.000000 0.000000
138  0.529188 -0.685804 -2.566437  -0.216703 -0.000000 -0.000000
139  -0.211445 -0.769559 -3.027869  -0.237349 -0.000000 0.000000
140  0.529190 -0.832683 -3.288846  -0.237349 -0.000000 -0.000000
141  -0.173937 -0.945281 -3.779564  -0.233859 0.000000 0.000000
142  0.529181 -1.024657 -4.112778  -0.233859 0.000000 -0.000000
143  -0.211441 -1.132184 -4.577546  -0.262919 -0.000000 0.000000
144  0.529191 -1.201962 -4.836823  -0.262919 0.000000 -0.000000
145  -0.000005 -2.810940 -10.636629  0.258454 0.000000 3.141592
146  -0.192455 -1.345777 -5.370044  -0.280373 0.000000 0.000000
147  0.533985 -1.413511 -5.605103  -0.276883 0.000000 0.000000
148  -0.206618 -1.795757 -6.909774  -0.287354 0.000000 0.000000
149  -0.205804 -1.564817 -6.138254  -0.290843 0.000000 0.000000
150  0.530458 -1.643675 -6.395213  -0.290844 0.000000 0.000000
151  0.535310 -1.790708 -7.204128  -0.287354 -0.000000 0.000000
152  -0.202703 -2.030484 -7.702826  -0.286180 -0.000000 0.000000
153  0.509547 -2.118894 -8.011621  -0.298398 -0.000000 0.000000
154  -0.202704 -2.255278 -8.465170  -0.283134 -0.000000 0.000000
155  0.509549 -2.352978 -8.771156  -0.295352 -0.000000 0.000000
156  -0.202702 -2.481593 -9.235468  -0.285437 -0.000000 0.000000
157  0.509546 -2.588681 -9.538635  -0.297654 -0.000000 0.000000
158  0.170124 -21.222094 -1.001137  -0.000001 -0.000001 0.000000
159  0.170123 -20.843863 -0.397177  -0.000001 -0.000001 0.000000
160  0.170123 -20.489744 -1.001139  -0.000001 -0.000001 0.000000
161  0.170125 -20.111065 -0.397181  -0.000001 -0.000001 0.000000
162  0.170122 -19.380091 -0.397183  -0.000001 -0.000001 0.000000
163  0.170121 -19.025108 -1.001143  -0.000001 -0.000001 0.000000
164  0.170121 -18.646658 -0.396445  -0.000001 -0.000001 0.000000
165  0.170123 -19.755758 -1.001140  -0.000001 -0.000001 0.000000
166  -0.015970 10.035408 1.098090  -0.000000 -0.000000 -0.000000
167  -0.104320 -52.163574 4.437348  1.570735 -0.000061 -1.570735
168  0.064656 27.351345 72.195198  -0.000000 -0.000000 -0.000000
169  6.064266 95.114014 31.645502  0.000000 -0.000001 1.570796
170  -0.103710 -26.907860 3.305358  0.000000 -0.000000 -1.570730
171  6.064261 69.096558 37.164318  1.570796 0.000000 1.570796
172  1.974305 11.989238 4.589250  0.000000 -0.000000 -0.000000
173  1.941735 0.883633 4.309754  0.000000 -0.000000 -1.483525
174  -0.115677 1.104781 6.744192  -0.000000 -0.000000 -0.000000
175  6.064260 89.329803 31.613914  0.000000 -0.000001 1.570796
176  0.059884 2.255382 54.398026  -0.000000 -0.000000 -0.000000
177  0.003497 -22.270651 0.000004  1.570735 -0.000061 -1.570735
178  0.104013 14.792247 1.530318  -0.000000 -0.000000 -0.000000
179  3.000525 -2.985217 1.029100  2.067399 -0.085866 -1.929635
180  -2.951611 25.811052 -3.742301  -0.096365 0.008023 -1.450340
181  -2.662413 1.445786 33.628742  0.000487 3.141104 1.570796
182  8.352068 2.772898 0.000541  -3.140902 0.000003 -0.000001
183  -2.662411 1.445789 40.667969  0.000487 3.141104 1.570796
184  8.352068 2.772898 0.000541  -3.140902 0.000003 -0.000001
185  -1.431356 16.384783 4.137811  0.000001 -0.000000 0.000000
186  -0.001843 0.521687 -0.140289  0.000000 -0.000000 -0.000000
187  7.323110 -5.136186 -5.166237  -0.000000 0.000000 -0.610865
188  2.698280 -0.000001 0.000001  -0.000012 0.000000 0.000001
189  2.834157 -0.000002 0.000002  0.000013 0.000000 -0.000000
190  2.648915 -0.000001 0.000001  -0.000001 -0.000001 0.000000
191  2.667497 -0.000005 0.000004  -0.000000 0.000000 -0.000000
192  2.426699 -0.000003 0.000002  -0.000000 0.000000 -0.000000
193  -0.494738 -44.353443 -1.302295  1.570797 -0.000000 -1.570797
194  11.545938 73.768425 -3.792010  0.000000 -0.000000 -0.000000
195  -0.011102 -16.902811 1.952047  0.000001 -0.000000 -0.000000
196  -0.000002 0.000001 -1.529053  -0.000000 -0.000000 -0.000000
197  -0.078943 0.000008 0.000001  0.000000 0.000001 1.570796
198  0.097089 0.000005 0.000000  -0.000000 -3.141592 1.570796
199  0.000000 0.000000 -0.000000  0.000000 -0.000000 -0.000000
200  -8.804665 -19.217403 -15.976284  -0.529365 0.235592 -0.560968
201  18.282192 -31.133705 -19.386328  1.581179 -0.063198 -0.949649
time 22
0  0 0 0  0 0 0
1  0.000000 0.000000 0.000000  0.000000 -0.000000 -0.000000
2  -0.000000 -0.000000 -55.423229  0.000000 -0.000000 -1.570730
3  -0.012872 0.000000 8.235027  -0.784749 -1.570710 -0.785986
4  16.163124 -0.010663 0.007211  -0.594297 0.000409 -0.000125
5  16.163132 -0.000000 3.830524  -1.333359 -0.199015 -2.456806
6  14.868229 0.000001 0.000001  -0.799937 0.719638 -1.590592
7  26.391943 -0.000003 -0.000001  -0.000000 0.000000 -1.436750
8  0.000003 -0.000004 0.000000  -0.134444 -0.000000 -0.000000
9  3.093513 0.000000 0.000001  -0.268946 -0.000000 -0.000000
10  6.187019 -0.000002 0.000001  -0.403376 -0.000000 -0.000000
11  9.280534 -0.000005 0.000001  -0.537848 -0.000000 -0.000000
12  12.374045 -0.000007 0.000002  -0.672342 -0.000000 -0.000000
13  15.467556 -0.000006 0.000002  -0.806826 -0.000000 -0.000000
14  18.561058 -0.000008 0.000003  -0.941320 -0.000000 -0.000000
15  21.654572 -0.000009 0.000002  -2.873570 -0.426494 0.843401
16  1.410066 0.800537 -2.089133  1.926816 0.229617 0.446891
17  3.954704 -0.000001 0.000001  0.032650 -0.305879 0.082888
18  3.101565 -0.000000 0.000005  0.038488 -0.173200 0.020373
19  6.164457 -0.898152 2.575012  -0.464106 -0.015897 1.186542
20  2.805843 0.000001 0.000001  0.000000 0.000000 0.521973
21  2.307441 -0.000001 0.000001  0.000000 0.000000 0.361287
22  7.145088 -0.676341 -1.382424  0.048305 -0.466031 0.179016
23  3.672212 0.000000 -0.000001  0.000000 0.000000 1.094786
24  2.676519 -0.000005 0.000003  0.000000 0.000000 0.976405
25  6.831175 -0.870867 0.599919  -0.198432 -0.274957 0.706750
26  3.657075 0.000002 -0.000003  0.000000 0.000000 1.196110
27  2.496792 -0.000002 -0.000001  -0.000000 -0.000000 0.510611
28  7.183342 -0.532080 -3.267602  0.092002 -0.569205 -0.163901
29  3.511582 -0.000001 0.000002  -0.000000 -0.000000 0.459239
30  2.199421 -0.000000 0.000003  0.000000 -0.000000 0.877656
31  16.163136 0.000000 -3.830527  0.703564 0.858106 -2.571306
32  14.868248 0.000000 0.000001  -0.225846 -0.183884 -1.869048
33  26.391966 0.000002 0.000002  0.000000 0.000000 -1.661285
34  0.000000 0.000000 -0.000001  0.127348 0.000000 -0.000000
35  3.093514 -0.000002 -0.000000  0.254724 0.000000 0.000000
36  6.187024 -0.000000 -0.000001  0.382155 0.000000 0.000000
37  9.280537 0.000000 -0.000001  0.509538 -0.000000 -0.000000
38  12.374043 -0.000001 -0.000001  0.636889 -0.000000 -0.000000
39  15.467552 0.000000 -0.000000  0.764277 -0.000000 -0.000000
40  18.561068 -0.000001 0.000001  0.891636 -0.000000 0.000000
41  21.654570 -0.000002 0.000000  2.680333 -0.562171 -0.045734
42  1.410065 0.800530 2.089144  -1.966491 -0.287076 0.559263
43  3.954715 -0.000005 -0.000001  0.000000 -0.000000 0.375132
44  3.101564 -0.000002 -0.000002  -0.000000 -0.000000 0.790793
45  7.183351 -0.532089 3.267621  0.052242 -0.011652 -0.158551
46  3.511588 -0.000004 -0.000001  0.000000 -0.000000 0.189253
47  2.199409 -0.000001 0.000001  -0.000000 0.000000 -0.104054
48  7.145097 -0.676346 1.382436  0.255424 0.283825 0.886075
49  3.672212 -0.000001 0.000001  -0.000000 0.000000 1.435616
50  2.676522 0.000001 -0.000000  -0.000000 0.000000 1.062915
51  6.831168 -0.870867 -0.599907  0.339890 0.115856 1.057859
52  3.657083 0.000000 -0.000000  -0.000000 -0.000000 1.252192
53  2.496799 -0.000001 0.000001  0.000000 0.000000 0.840195
54  6.164462 -0.898153 -2.575003  0.409526 -0.061317 1.152482
55  2.805844 0.000002 0.000000  0.000000 -0.000000 0.666009
56  2.307449 -0.000001 -0.000001  0.000000 -0.000000 0.844543
57  0.000000 0.000000 0.000000  0.000001 -0.000000 -0.000000
58  13.721350 -31.733620 -18.448786  0.198249 0.431321 0.980804
59  -0.000009 -19.069477 4.681034  -0.000000 -0.000000 0.000000
60  1.986526 0.000023 -3.123735  -2.705260 -0.000000 -1.570797
61  -1.986692 0.000024 -3.123746  0.436333 0.000001 1.570797
62  0.000001 0.000008 0.000000  -0.000000 -0.000000 0.000000
63  -1.530659 0.861430 -3.109959  0.392682 0.000010 1.570745
64  -11.344164 1.135890 0.869267  0.000328 -0.024963 -0.026314
65  1.907532 0.861423 -2.954428  -0.392858 -0.000004 1.570778
66  -11.350044 -0.729409 0.864873  0.000154 -0.025335 0.026430
67  1.754235 4.036767 -1.682670  0.392549 -0.010099 -1.546344
68  -1.755143 4.036766 -1.682670  -0.392547 -0.010382 -1.594901
69  -0.164559 5.734783 5.880445  -0.000000 -0.000000 -1.570730
70  1.203548 5.503724 4.339431  -0.000000 -0.000000 0.000000
71  -1.260175 5.668904 5.788554  0.070161 -0.418898 2.970131
72  1.185468 17.272333 1.821942  -0.000000 -0.000000 0.000000
73  0.060216 10.324435 74.469063  -0.000000 -0.000000 0.000000
74  0.052670 -3.972623 3.515849  1.570735 -0.000061 -1.570735
75  4.804189 -3.856466 -0.006877  0.000000 -0.000000 0.000000
76  -6.013982 -4.624460 -0.000001  0.000000 0.000000 0.000000
77  -65.574089 -37.156044 0.002932  -0.786738 1.570710 0.783935
78  1.602684 -3.785215 0.003055  -0.786739 1.570710 0.784606
79  11.681374 -1.114738 -1.027847  -0.785215 1.570710 0.785825
80  19.766777 -3.800923 0.000005  -0.000000 0.000000 0.000000
81  3.258443 5.856955 -3.403521  -0.000000 -0.000000 -0.000000
82  15.153049 5.860582 -3.403521  0.000000 -0.000000 0.000000
83  6.064256 77.294960 36.365795  1.570796 0.000000 1.570796
84  -2.662414 1.445757 40.667957  -0.000000 3.141591 1.570796
85  8.352070 2.772897 0.000541  -3.141589 0.000002 -0.000000
86  6.064259 72.973701 32.593250  1.570796 0.000000 1.570796
87  -0.113678 5.957342 -0.188894  -0.000000 -0.000000 0.000000
88  0.097226 0.210964 3.469587  -0.000000 -0.000000 0.000000
89  0.000001 1.310213 0.000002  0.000000 0.000000 0.000000
90  0.000000 0.582263 0.000001  0.000000 0.000000 0.000000
91  0.036298 1.284880 7.928800  -0.000000 -0.000001 0.000000
92  0.000004 1.310212 0.000001  0.000000 -0.000000 0.000000
93  0.000004 0.582261 0.000000  0.000000 -0.000000 0.000000
94  5.969322 3.427458 -6.170650  -0.000000 -0.000001 -1.570797
95  -1.310212 0.000000 0.000000  0.000000 0.000000 -0.000000
96  -0.582260 0.000000 -0.000000  0.000000 0.000000 -0.000000
97  5.969323 9.397399 -6.170658  -0.000000 -0.000001 -1.570796
98  -1.310212 -0.000001 0.000003  0.000000 0.000000 -0.000000
99  -0.582261 -0.000001 0.000002  0.000000 0.000000 -0.000000
100  5.969323 15.223770 -6.170668  0.000000 -0.000001 -1.570796
101  -1.310213 0.000002 -0.000001  -0.000000 0.000000 -0.000000
102  -0.582262 0.000003 -0.000002  -0.000000 0.000001 -0.000000
103  5.969323 20.835571 -6.170671  0.000000 -0.000001 -1.570796
104  -1.310211 0.000002 -0.000003  -0.000000 0.000000 -0.000000
105  -0.582260 0.000002 -0.000001  -0.000000 0.000001 -0.000000
106  5.969324 26.771210 -6.170671  0.000000 -0.000001 -1.570796
107  5.969324 32.597595 -6.170677  0.000000 -0.000001 -1.570796
108  5.969324 38.209396 -6.170685  0.000000 -0.000001 -1.570800
109  5.969323 49.488464 -6.170683  0.000000 -0.000001 -1.570800
110  -0.539090 -0.556807 -0.017361  -0.042462 2.681156 1.551919
111  -6.799122 -0.556807 0.818550  -0.272420 2.701993 1.452460
112  -4.615280 -0.556822 0.270328  -0.117230 2.684609 1.518878
113  -2.650969 -0.556808 0.063011  -0.042463 2.681158 1.551919
114  27.110340 1.284856 12.007549  -0.000000 -0.000000 -0.000000
115  28.133427 1.284856 12.007549  0.000001 -0.000000 -0.000000
116  12.812887 2.241785 12.007551  0.000000 -0.000001 -0.000001
117  -9.955967 -0.319623 4.380216  -0.000001 -0.000000 -0.000001
118  -11.316473 -0.319621 4.380217  -0.000003 -0.000000 -0.000000
119  -12.667809 -0.319621 4.380217  -0.000003 -0.000000 0.000001
120  -14.022140 -0.319622 4.380216  0.000010 -0.000000 -0.000011
121  -15.373240 -0.319622 4.380215  0.000015 -0.000000 -0.000015
122  -16.724142 -0.319620 4.380215  -0.000009 -0.000000 0.000006
123  -18.074572 -0.319620 4.380216  -0.000006 0.000000 0.000004
124  -19.423716 -0.319620 4.380215  0.000002 0.000000 -0.000004
125  -20.775270 -0.319619 4.380214  0.000003 0.000000 -0.000004
126  -22.126673 -0.319622 4.380215  0.000003 -0.000000 -0.000004
127  -23.478123 -0.319618 4.380216  0.000005 -0.000000 -0.000006
128  -24.830622 -0.319620 4.380216  0.000036 -0.000000 -0.000038
129  -26.182028 -0.319618 4.380216  -0.000011 0.000000 0.000011
130  0.529181 -0.167130 0.629484  -0.101270 -0.000000 0.000000
131  -0.211444 -0.241682 0.155362  -0.145847 -0.000000 0.000000
132  0.529189 -0.280700 -0.110291  -0.145847 -0.000000 -0.000000
133  -0.173925 -0.337326 -0.638494  -0.181751 -0.000000 0.000000
134  0.529188 -0.399247 -0.975392  -0.181751 -0.000000 0.000000
135  -0.211442 -0.464476 -1.431042  -0.192399 -0.000000 0.000000
136  0.529189 -0.515808 -1.694583  -0.192400 -0.000000 0.000000
137  -0.173929 -0.612152 -2.231910  -0.216703 -0.000000 0.000000
138  0.529189 -0.685806 -2.566441  -0.216703 -0.000000 -0.000000
139  -0.211446 -0.769562 -3.027869  -0.237349 -0.000000 0.000000
140  0.529189 -0.832686 -3.288847  -0.237349 -0.000000 -0.000000
141  -0.173937 -0.945282 -3.779563  -0.233859 0.000000 0.000000
142  0.529180 -1.024657 -4.112779  -0.233859 0.000000 -0.000000
143  -0.211443 -1.132186 -4.577546  -0.262919 -0.000000 0.000000
144  0.529192 -1.201965 -4.836824  -0.262919 0.000000 -0.000000
145  -0.000004 -2.810942 -10.636629  0.258454 0.000000 3.141592
146  -0.192455 -1.345779 -5.370047  -0.280373 0.000000 0.000000
147  0.533983 -1.413513 -5.605103  -0.276883 0.000000 0.000000
148  -0.206618 -1.795759 -6.909779  -0.287354 0.000000 0.000000
149  -0.205804 -1.564819 -6.138256  -0.290843 0.000000 0.000000
150  0.530458 -1.643675 -6.395215  -0.290844 0.000000 0.000000
151  0.535310 -1.790709 -7.204130  -0.287354 -0.000000 0.000000
152  -0.202702 -2.030486 -7.702830  -0.286180 -0.000000 0.000000
153  0.509548 -2.118896 -8.011623  -0.298398 -0.000000 0.000000
154  -0.202704 -2.255279 -8.465171  -0.283134 -0.000000 0.000000
155  0.509549 -2.352980 -8.771160  -0.295352 -0.000000 0.000000
156  -0.202705 -2.481599 -9.235472  -0.285437 -0.000000 0.000000
157  0.509547 -2.588682 -9.538638  -0.297654 -0.000000 0.000000
158  0.170123 -21.222090 -1.001139  -0.000001 -0.000001 0.000000
159  0.170123 -20.843863 -0.397182  -0.000001 -0.000001 0.000000
160  0.170124 -20.489748 -1.001140  -0.000001 -0.000001 0.000000
161  0.170124 -20.111067 -0.397181  -0.000001 -0.000001 0.000000
162  0.170125 -19.380089 -0.397184  -0.000001 -0.000001 0.000000
163  0.170122 -19.025108 -1.001145  -0.000001 -0.000001 0.000000
164  0.170125 -18.646660 -0.396448  -0.000001 -0.000001 0.000000
165  0.170123 -19.755760 -1.001142  -0.000001 -0.000001 0.000000
166  -0.015975 10.035404 1.098091  -0.000000 -0.000000 0.000000
167  -0.104321 -52.163574 4.437347  1.570735 -0.000061 -1.570735
168  0.064653 27.351349 72.195206  -0.000000 -0.000000 0.000000
169  6.064260 95.114014 31.645500  0.000000 -0.000001 1.570796
170  -0.103712 -26.907848 3.305356  -0.000000 -0.000000 -1.570730
171  6.064257 69.096558 37.164322  1.570796 0.000000 1.570796
172  1.974302 11.989235 4.589251  0.000000 -0.000000 0.000000
173  1.941733 0.883632 4.309754  0.000000 0.000000 -1.483525
174  -0.115680 1.104779 6.744192  -0.000000 -0.000000 0.000000
175  6.064260 89.329803 31.613918  0.000000 -0.000001 1.570796
176  0.059881 2.255383 54.398022  -0.000000 -0.000000 0.000000
177  0.003494 -22.270653 0.000000  1.570735 -0.000061 -1.570735
178  0.104008 14.792244 1.530321  -0.000000 -0.000000 0.000000
179  3.000524 -2.985213 1.029107  2.067399 -0.085866 -1.929634
180  -2.951615 25.811050 -3.742299  -0.096365 0.008023 -1.450340
181  -2.662415 1.445787 33.628742  0.000487 3.141104 1.570796
182  8.352068 2.772894 0.000539  -3.140902 0.000003 -0.000001
183  -2.662414 1.445788 40.667969  0.000487 3.141104 1.570796
184  8.352064 2.772893 0.000545  -3.140902 0.000003 -0.000001
185  -1.431357 16.384779 4.137812  0.000001 -0.000000 0.000000
186  -0.001846 0.521685 -0.140288  0.000000 -0.000000 0.000000
187  7.323108 -5.136191 -5.166235  -0.000000 0.000000 -0.610865
188  2.698276 0.000000 0.000000  -0.000012 0.000000 0.000000
189  2.834157 -0.000003 0.000003  0.000013 0.000000 -0.000000
190  2.648914 0.000001 0.000001  -0.000001 -0.000001 0.000000
191  2.667500 -0.000001 -0.000000  0.000000 0.000000 0.000000
192  2.426702 -0.000004 -0.000003  -0.000000 0.000000 -0.000000
193  -0.494742 -44.353447 -1.302295  1.570797 0.000000 -1.570797
194  11.545938 73.768425 -3.792009  0.000000 -0.000000 0.000000
195  -0.011105 -16.902811 1.952048  0.000001 -0.000000 0.000000
196  0.000000 0.000001 -1.529052  -0.000000 -0.000000 0.000000
197  -0.078938 -0.000004 0.000001  0.000000 0.000001 1.570796
198  0.097096 -0.000003 0.000002  -0.000000 -3.141592 1.570796
199  0.000000 0.000000 -0.000000  0.000000 -0.000000 -0.000000
200  -9.082915 -18.983007 -15.929310  -0.513226 0.237219 -0.565079
201  17.931082 -31.064730 -19.320946  1.595015 -0.055720 -0.958302
time 23
0  0 0 0  0 0 0
1  0.000000 0.000000 0.000000  0.000000 -0.000000 -0.000000
2  -0.000000 -0.000000 -55.423229  0.000000 -0.000000 -1.570730
3  -0.012872 0.000000 8.235027  -0.784749 -1.570710 -0.785986
4  16.163124 -0.010663 0.007211  -0.594297 0.000409 -0.000125
5  16.163132 -0.000000 3.830524  -1.333359 -0.199015 -2.456806
6  14.868229 0.000001 0.000001  -0.800749 0.725428 -1.603303
7  26.391939 -0.000005 -0.000002  -0.000000 0.000000 -1.439265
8  0.000004 -0.000002 0.000000  -0.133710 -0.000000 -0.000000
9  3.093518 -0.000001 0.000001  -0.267467 -0.000000 -0.000000
10  6.187026 -0.000000 0.000002  -0.401196 -0.000000 -0.000000
11  9.280537 -0.000002 0.000003  -0.534936 0.000000 -0.000000
12  12.374050 -0.000003 0.000003  -0.668657 -0.000000 -0.000000
13  15.467563 -0.000003 0.000002  -0.802382 -0.000000 -0.000000
14  18.561064 -0.000008 0.000001  -0.936119 -0.000000 -0.000000
15  21.654579 -0.000006 0.000002  -2.872374 -0.432769 0.850405
16  1.410073 0.800536 -2.089135  1.926816 0.229617 0.446891
17  3.954710 -0.000001 0.000005  0.032650 -0.305879 0.082888
18  3.101572 -0.000003 0.000002  0.038488 -0.173200 0.020373
19  6.164461 -0.898152 2.575011  -0.464106 -0.015897 1.186542
20  2.805844 -0.000005 0.000000  0.000000 -0.000000 0.521973
21  2.307442 0.000001 0.000001  0.000000 0.000000 0.361287
22  7.145094 -0.676343 -1.382428  0.048305 -0.466031 0.179016
23  3.672212 -0.000001 0.000000  0.000000 0.000000 1.094786
24  2.676517 0.000000 0.000000  0.000000 -0.000000 0.976405
25  6.831184 -0.870865 0.599918  -0.198432 -0.274957 0.706750
26  3.657072 0.000001 -0.000003  0.000000 0.000000 1.196109
27  2.496791 0.000002 0.000003  -0.000000 -0.000000 0.510610
28  7.183352 -0.532081 -3.267605  0.092002 -0.569205 -0.163901
29  3.511594 -0.000001 0.000003  -0.000000 -0.000000 0.459239
30  2.199418 -0.000003 -0.000003  0.000000 -0.000000 0.877656
31  16.163136 0.000000 -3.830527  0.703564 0.858106 -2.571306
32  14.868248 0.000000 0.000001  -0.221708 -0.174662 -1.857913
33  26.391964 -0.000000 0.000002  0.000000 0.000000 -1.669267
34  -0.000003 -0.000001 0.000000  0.128204 0.000000 0.000000
35  3.093512 -0.000003 -0.000001  0.256509 0.000000 0.000000
36  6.187018 -0.000001 0.000002  0.384766 0.000000 0.000000
37  9.280535 -0.000001 -0.000001  0.513008 -0.000000 0.000000
38  12.374041 -0.000001 -0.000001  0.641260 0.000000 -0.000000
39  15.467550 0.000001 0.000000  0.769477 0.000000 -0.000000
40  18.561062 -0.000002 0.000001  0.897797 -0.000000 0.000000
41  21.654564 -0.000001 0.000002  2.688797 -0.566716 -0.047511
42  1.410063 0.800530 2.089144  -1.966491 -0.287076 0.559263
43  3.954716 0.000000 -0.000001  0.000000 -0.000000 0.375132
44  3.101566 0.000004 -0.000003  -0.000000 0.000000 0.790793
45  7.183349 -0.532092 3.267619  0.052242 -0.011652 -0.158551
46  3.511587 0.000001 -0.000001  0.000000 0.000000 0.189253
47  2.199408 -0.000000 -0.000000  0.000000 0.000000 -0.104054
48  7.145095 -0.676349 1.382437  0.255424 0.283825 0.886075
49  3.672211 -0.000001 0.000001  -0.000000 -0.000000 1.435616
50  2.676519 0.000001 0.000000  -0.000000 -0.000000 1.062915
51  6.831168 -0.870867 -0.599906  0.339890 0.115856 1.057859
52  3.657084 0.000001 -0.000002  -0.000000 -0.000000 1.252192
53  2.496796 0.000000 0.000001  0.000000 0.000000 0.840195
54  6.164461 -0.898155 -2.575002  0.409526 -0.061317 1.152482
55  2.805843 -0.000002 0.000001  0.000000 0.000000 0.666009
56  2.307452 0.000003 0.000002  -0.000000 -0.000000 0.844543
57  0.000000 0.000000 0.000000  0.000001 -0.000000 -0.000000
58  13.262963 -31.713791 -18.250814  0.197339 0.428930 0.973374
59  0.000000 -19.069481 4.681037  -0.000000 -0.000000 0.000000
60  1.986523 0.000017 -3.123740  -2.705260 -0.000000 -1.570797
61  -1.986693 0.000018 -3.123746  0.436333 0.000001 1.570797
62  0.000000 0.000000 -0.000001  -0.000000 -0.000000 0.000000
63  -1.530663 0.861422 -3.109962  0.392682 0.000010 1.570745
64  -11.344168 1.135893 0.869268  0.000328 -0.024963 -0.026314
65  1.907531 0.861416 -2.954432  -0.392858 -0.000004 1.570778
66  -11.350050 -0.729410 0.864872  0.000154 -0.025335 0.026430
67  1.754239 4.036760 -1.682669  0.392549 -0.010099 -1.546344
68  -1.755140 4.036762 -1.682671  -0.392547 -0.010382 -1.594901
69  -0.164557 5.734779 5.880447  0.000000 -0.000000 -1.570730
70  1.203548 5.503719 4.339432  -0.000000 -0.000000 0.000000
71  -1.260170 5.668899 5.788553  0.070161 -0.418898 2.970131
72  1.185472 17.272329 1.821944  -0.000000 -0.000000 0.000000
73  0.060221 10.324432 74.469048  -0.000000 -0.000000 0.000000
74  0.052678 -3.972627 3.515853  1.570735 -0.000061 -1.570735
75  4.804190 -3.856468 -0.006880  0.000000 0.000000 0.000000
76  -6.013980 -4.624461 -0.000002  0.000000 0.000000 0.000000
77  -65.574089 -37.156048 0.002934  -0.786738 1.570710 0.783874
78  1.602688 -3.785216 0.003044  -0.786556 1.570710 0.784544
79  11.681376 -1.114743 -1.027847  -0.785093 1.570710 0.785215
80  19.766783 -3.800924 0.000000  0.000000 0.000000 0.000000
81  3.258447 5.856953 -3.403524  -0.000000 -0.000000 -0.000000
82  15.153052 5.860579 -3.403522  0.000000 -0.000000 0.000000
83  6.064260 77.294945 36.365791  1.570796 -0.000000 1.570796
84  -2.662409 1.445754 40.667953  0.000000 3.141591 1.570796
85  8.352064 2.772893 0.000542  -3.141589 0.000002 -0.000000
86  6.064256 72.973686 32.593250  1.570796 -0.000000 1.570796
87  -0.113677 5.957335 -0.188890  -0.000000 -0.000000 0.000000
88  0.097227 0.210962 3.469586  -0.000000 -0.000000 0.000000
89  0.000002 1.310211 0.000002  0.000000 -0.000000 0.000000
90  0.000001 0.582259 0.000003  0.000000 -0.000000 0.000000
91  0.036297 1.284879 7.928796  -0.000000 -0.000001 0.000000
92  0.000002 1.310212 0.000000  0.000000 0.000000 0.000000
93  -0.000000 0.582260 0.000000  0.000000 0.000000 0.000000
94  5.969322 3.427458 -6.170650  -0.000000 -0.000001 -1.570797
95  -1.310209 0.000000 -0.000003  0.000000 0.000000 -0.000000
96  -0.582257 -0.000002 -0.000003  0.000000 0.000000 -0.000000
97  5.969322 9.397398 -6.170656  -0.000000 -0.000001 -1.570796
98  -1.310211 0.000001 -0.000003  0.000000 0.000001 -0.000000
99  -0.582261 -0.000000 -0.000002  0.000000 0.000001 -0.000000
100  5.969321 15.223766 -6.170669  0.000000 -0.000001 -1.570796
101  -1.310212 0.000003 -0.000001  -0.000000 0.000000 -0.000000
102  -0.582262 0.000001 0.000002  -0.000000 0.000001 -0.000000
103  5.969322 20.835567 -6.170671  0.000000 -0.000001 -1.570796
104  -1.310211 0.000001 -0.000003  -0.000000 0.000000 -0.000000
105  -0.582261 0.000000 -0.000000  -0.000000 0.000001 -0.000000
106  5.969323 26.771206 -6.170671  0.000000 -0.000001 -1.570796
107  5.969322 32.597591 -6.170674  0.000000 -0.000001 -1.570796
108  5.969323 38.209393 -6.170684  0.000000 -0.000001 -1.570800
109  5.969323 49.488457 -6.170682  0.000000 -0.000001 -1.570800
110  -0.539088 -0.556808 -0.017363  -0.042462 2.681156 1.551919
111  -6.799124 -0.556808 0.818549  -0.272420 2.701993 1.452460
112  -4.615281 -0.556825 0.270328  -0.117230 2.684609 1.518878
113  -2.650967 -0.556808 0.063012  -0.042463 2.681158 1.551919
114  27.110334 1.284856 12.007547  -0.000000 -0.000000 0.000000
115  28.133423 1.284857 12.007547  0.000001 -0.000000 0.000000
116  12.812884 2.241784 12.007549  -0.000000 -0.000001 -0.000001
117  -9.955965 -0.319624 4.380213  -0.000001 -0.000000 -0.000001
118  -11.316470 -0.319622 4.380214  -0.000003 -0.000000 -0.000000
119  -12.667809 -0.319625 4.380215  -0.000003 -0.000000 0.000001
120  -14.022138 -0.319623 4.380214  0.000010 -0.000000 -0.000011
121  -15.373237 -0.319624 4.380213  0.000015 -0.000000 -0.000015
122  -16.724140 -0.319624 4.380212  -0.000009 -0.000000 0.000006
123  -18.074570 -0.319622 4.380213  -0.000006 -0.000000 0.000004
124  -19.423714 -0.319621 4.380213  0.000002 0.000000 -0.000004
125  -20.775269 -0.319623 4.380213  0.000003 0.000000 -0.000004
126  -22.126669 -0.319623 4.380213  0.000003 -0.000000 -0.000004
127  -23.478123 -0.319622 4.380214  0.000005 -0.000000 -0.000006
128  -24.830618 -0.319620 4.380214  0.000036 -0.000000 -0.000038
129  -26.182020 -0.319618 4.380214  -0.000011 -0.000000 0.000011
130  0.529181 -0.167130 0.629486  -0.101270 -0.000000 0.000000
131  -0.211442 -0.241685 0.155362  -0.145847 -0.000000 0.000000
132  0.529191 -0.280702 -0.110292  -0.145847 -0.000000 -0.000000
133  -0.173925 -0.337327 -0.638495  -0.181751 -0.000000 0.000000
134  0.529190 -0.399247 -0.975392  -0.181751 -0.000000 0.000000
135  -0.211443 -0.464478 -1.431041  -0.192399 -0.000000 0.000000
136  0.529191 -0.515809 -1.694583  -0.192399 -0.000000 0.000000
137  -0.173927 -0.612153 -2.231910  -0.216703 -0.000000 0.000000
138  0.529189 -0.685808 -2.566441  -0.216703 -0.000000 -0.000000
139  -0.211444 -0.769561 -3.027869  -0.237349 -0.000000 0.000000
140  0.529187 -0.832687 -3.288845  -0.237349 -0.000000 -0.000000
141  -0.173937 -0.945283 -3.779563  -0.233859 0.000000 0.000000
142  0.529181 -1.024659 -4.112778  -0.233859 0.000000 -0.000000
143  -0.211443 -1.132185 -4.577547  -0.262919 -0.000000 0.000000
144  0.529189 -1.201966 -4.836824  -0.262919 0.000000 -0.000000
145  -0.000002 -2.810943 -10.636629  0.258454 0.000000 3.141592
146  -0.192454 -1.345780 -5.370046  -0.280373 0.000000 0.000000
147  0.533983 -1.413514 -5.605103  -0.276883 0.000000 0.000000
148  -0.206616 -1.795760 -6.909776  -0.287354 0.000000 0.000000
149  -0.205806 -1.564821 -6.138255  -0.290843 0.000000 0.000000
150  0.530459 -1.643676 -6.395213  -0.290844 0.000000 0.000000
151  0.535313 -1.790710 -7.204131  -0.287354 -0.000000 0.000000
152  -0.202702 -2.030487 -7.702828  -0.286180 -0.000000 0.000000
153  0.509550 -2.118895 -8.011621  -0.298398 -0.000000 0.000000
154  -0.202704 -2.255279 -8.465170  -0.283134 -0.000000 0.000000
155  0.509551 -2.352982 -8.771160  -0.295352 -0.000000 0.000000
156  -0.202705 -2.481598 -9.235471  -0.285437 -0.000000 0.000000
157  0.509545 -2.588685 -9.538636  -0.297654 -0.000000 0.000000
158  0.170123 -21.222088 -1.001139  -0.000001 -0.000001 0.000000
159  0.170122 -20.843864 -0.397183  -0.000001 -0.000001 0.000000
160  0.170124 -20.489744 -1.001139  -0.000001 -0.000001 0.000000
161  0.170126 -20.111067 -0.397182  -0.000001 -0.000001 0.000000
162  0.170123 -19.380089 -0.397184  -0.000001 -0.000001 0.000000
163  0.170125 -19.025108 -1.001143  -0.000001 -0.000001 0.000000
164  0.170123 -18.646660 -0.396446  -0.000001 -0.000001 0.000000
165  0.170125 -19.755760 -1.001142  -0.000001 -0.000001 0.000000
166  -0.015971 10.035399 1.098093  -0.000000 -0.000000 0.000000
167  -0.104316 -52.163570 4.437348  1.570735 -0.000061 -1.570735
168  0.064659 27.351339 72.195198  -0.000000 -0.000000 0.000000
169  6.064264 95.113998 31.645500  -0.000000 -0.000001 1.570796
170  -0.103710 -26.907866 3.305357  0.000000 -0.000000 -1.570730
171  6.064257 69.096550 37.164314  1.570796 -0.000000 1.570796
172  1.974305 11.989229 4.589253  0.000000 -0.000000 0.000000
173  1.941737 0.883626 4.309759  0.000000 -0.000000 -1.483525
174  -0.115677 1.104774 6.744193  -0.000000 -0.000000 0.000000
175  6.064261 89.329796 31.613914  -0.000000 -0.000001 1.570796
176  0.059884 2.255379 54.398018  -0.000000 -0.000000 0.000000
177  0.003499 -22.270649 0.000002  1.570735 -0.000061 -1.570735
178  0.104012 14.792235 1.530322  -0.000000 -0.000000 0.000000
179  3.000526 -2.985220 1.029101  2.067399 -0.085866 -1.929634
180  -2.951613 25.811045 -3.742297  -0.096365 0.008023 -1.450340
181  -2.662409 1.445783 33.628742  0.000487 3.141104 1.570796
182  8.352071 2.772897 0.000539  -3.140902 0.000003 -0.000001
183  -2.662407 1.445786 40.667965  0.000487 3.141104 1.570796
184  8.352069 2.772895 0.000542  -3.140902 0.000003 -0.000001
185  -1.431354 16.384775 4.137813  0.000001 -0.000000 0.000000
186  -0.001843 0.521680 -0.140288  0.000000 -0.000000 0.000000
187  7.323109 -5.136195 -5.166233  0.000000 0.000000 -0.610865
188  2.698277 -0.000001 0.000000  -0.000012 0.000000 0.000000
189  2.834157 -0.000004 0.000004  0.000013 0.000000 -0.000000
190  2.648921 -0.000003 0.000003  -0.000001 -0.000001 0.000000
191  2.667500 -0.000004 0.000003  0.000000 -0.000000 -0.000000
192  2.426701 -0.000002 0.000001  0.000000 0.000000 -0.000000
193  -0.494742 -44.353439 -1.302296  1.570797 -0.000000 -1.570797
194  11.545934 73.768410 -3.792007  0.000000 -0.000000 0.000000
195  -0.011101 -16.902817 1.952052  0.000001 -0.000000 0.000000
196  0.000002 -0.000002 -1.529052  -0.000000 0.000000 0.000000
197  -0.078938 -0.000006 -0.000002  0.000000 0.000001 1.570796
198  0.097095 -0.000004 -0.000003  -0.000000 -3.141592 1.570796
199  0.000000 0.000000 -0.000000  0.000000 -0.000000 -0.000000
200  -9.455771 -18.803625 -15.759481  -0.510779 0.236313 -0.571555
201  17.475586 -31.070250 -19.113358  1.597651 -0.055673 -0.965550
time 24
0  0 0 0  0 0 0
1  0.000000 0.000000 0.000000  0.000000 -0.000000 -0.000000
2  -0.000000 -0.000000 -55.423229  0.000000 -0.000000 -1.570730
3  -0.012872 0.000000 8.235027  -0.784749 -1.570710 -0.785986
4  16.163124 -0.010663 0.007211  -0.594297 0.000409 -0.000125
5  16.163132 -0.000000 3.830524  -1.333359 -0.199015 -2.456806
6  14.868229 0.000001 0.000001  -0.803304 0.730894 -1.621224
7  26.391937 -0.000004 -0.000000  -0.000000 0.000000 -1.436750
8  -0.000001 -0.000005 0.000000  -0.133526 -0.000000 -0.000000
9  3.093515 -0.000003 0.000000  -0.267098 -0.000000 -0.000000
10  6.187022 -0.000003 0.000001  -0.400635 -0.000000 -0.000000
11  9.280532 -0.000004 0.000001  -0.534240 0.000000 -0.000000
12  12.374043 -0.000006 0.000002  -0.667817 -0.000000 -0.000000
13  15.467556 -0.000004 0.000002  -0.801388 -0.000000 -0.000000
14  18.561054 -0.000006 0.000002  -0.934956 -0.000000 -0.000000
15  21.654568 -0.000007 0.000003  -2.881061 -0.441387 0.850001
16  1.410069 0.800539 -2.089135  1.926816 0.229617 0.446891
17  3.954707 -0.000002 0.000004  0.032650 -0.305879 0.082888
18  3.101566 -0.000004 0.000005  0.038488 -0.173200 0.020373
19  6.164465 -0.898150 2.575011  -0.464106 -0.015897 1.186542
20  2.805845 0.000001 -0.000003  0.000000 0.000000 0.521973
21  2.307444 0.000003 0.000001  -0.000000 0.000000 0.361287
22  7.145093 -0.676340 -1.382430  0.048305 -0.466031 0.179016
23  3.672215 -0.000002 0.000002  0.000000 0.000000 1.094786
24  2.676519 0.000001 0.000002  0.000000 0.000000 0.976405
25  6.831183 -0.870863 0.599917  -0.198432 -0.274957 0.706750
26  3.657077 -0.000001 -0.000001  0.000000 0.000000 1.196110
27  2.496793 0.000002 0.000002  -0.000000 -0.000000 0.510610
28  7.183348 -0.532079 -3.267607  0.092002 -0.569205 -0.163901
29  3.511584 0.000001 0.000003  -0.000000 -0.000000 0.459239
30  2.199417 -0.000000 0.000000  0.000000 -0.000000 0.877656
31  16.163136 0.000000 -3.830527  0.703564 0.858106 -2.571306
32  14.868248 0.000000 0.000001  -0.214770 -0.162772 -1.847891
33  26.391968 0.000001 0.000003  0.000000 0.000000 -1.673362
34  0.000002 0.000000 -0.000000  0.127470 0.000000 -0.000000
35  3.093513 -0.000002 -0.000002  0.254970 0.000000 0.000000
36  6.187023 -0.000001 -0.000001  0.382465 0.000000 -0.000000
37  9.280535 0.000001 -0.000002  0.509979 -0.000000 0.000000
38  12.374040 0.000000 0.000000  0.637531 -0.000000 -0.000000
39  15.467550 0.000001 -0.000002  0.765001 -0.000000 0.000000
40  18.561066 0.000000 -0.000001  0.892515 0.000000 0.000000
41  21.654566 -0.000001 0.000001  2.686863 -0.573476 -0.051065
42  1.410063 0.800529 2.089144  -1.966491 -0.287076 0.559263
43  3.954715 -0.000001 -0.000003  0.000000 -0.000000 0.375132
44  3.101565 -0.000002 0.000001  0.000000 0.000000 0.790793
45  7.183348 -0.532090 3.267621  0.052242 -0.011652 -0.158551
46  3.511587 -0.000001 0.000001  -0.000000 0.000000 0.189253
47  2.199408 0.000001 -0.000001  0.000000 0.000000 -0.104054
48  7.145094 -0.676346 1.382436  0.255424 0.283825 0.886074
49  3.672212 0.000003 0.000002  -0.000000 0.000000 1.435616
50  2.676522 -0.000000 -0.000000  -0.000000 0.000000 1.062915
51  6.831167 -0.870867 -0.599905  0.339890 0.115856 1.057859
52  3.657083 -0.000003 -0.000003  -0.000000 -0.000000 1.252193
53  2.496799 -0.000002 -0.000001  0.000000 0.000000 0.840195
54  6.164459 -0.898154 -2.575002  0.409526 -0.061317 1.152482
55  2.805845 -0.000002 0.000000  -0.000000 -0.000000 0.666009
56  2.307451 0.000001 0.000000  0.000000 0.000000 0.844543
57  0.000000 0.000000 0.000000  0.000001 -0.000000 -0.000000
58  12.709079 -31.760056 -17.950665  0.195956 0.439404 0.965400
59  0.000001 -19.069471 4.681039  0.000000 -0.000000 -0.000000
60  1.986524 0.000023 -3.123738  -2.705260 -0.000000 -1.570797
61  -1.986692 0.000024 -3.123745  0.436333 0.000001 1.570797
62  -0.000000 0.000006 0.000000  0.000000 -0.000000 -0.000000
63  -1.530661 0.861427 -3.109960  0.392682 0.000010 1.570745
64  -11.344168 1.135892 0.869265  0.000328 -0.024963 -0.026314
65  1.907531 0.861419 -2.954427  -0.392858 -0.000004 1.570778
66  -11.350047 -0.729402 0.864872  0.000154 -0.025335 0.026430
67  1.754235 4.036764 -1.682669  0.392549 -0.010099 -1.546344
68  -1.755143 4.036763 -1.682670  -0.392547 -0.010382 -1.594901
69  -0.164558 5.734784 5.880443  0.000000 0.000000 -1.570730
70  1.203546 5.503724 4.339428  0.000000 -0.000000 -0.000000
71  -1.260174 5.668902 5.788551  0.070161 -0.418898 2.970131
72  1.185471 17.272337 1.821942  0.000000 -0.000000 -0.000000
73  0.060220 10.324436 74.469055  0.000000 -0.000000 -0.000000
74  0.052668 -3.972622 3.515854  1.570735 -0.000061 -1.570735
75  4.804187 -3.856467 -0.006880  -0.000000 0.000000 0.000000
76  -6.013984 -4.624459 0.000000  0.000000 0.000000 0.000000
77  -65.574097 -37.156048 0.002937  -0.787104 1.570710 0.784119
78  1.602684 -3.785214 0.003048  -0.787165 1.570710 0.784363
79  11.681374 -1.114740 -1.027849  -0.784971 1.570710 0.785520
80  19.766777 -3.800922 0.000001  -0.000000 -0.000000 -0.000000
81  3.258439 5.856954 -3.403525  -0.000000 -0.000000 -0.000000
82  15.153049 5.860583 -3.403522  0.000000 -0.000000 0.000000
83  6.064256 77.294952 36.365795  1.570796 -0.000000 1.570796
84  -2.662413 1.445758 40.667953  -0.000000 3.141591 1.570796
85  8.352066 2.772896 0.000540  -3.141589 0.000002 -0.000000
86  6.064256 72.973694 32.593246  1.570796 -0.000000 1.570796
87  -0.113682 5.957345 -0.188898  0.000000 -0.000000 -0.000000
88  0.097225 0.210965 3.469586  0.000000 -0.000000 -0.000000
89  0.000002 1.310214 -0.000001  0.000000 -0.000000 0.000000
90  0.000001 0.582263 -0.000001  0.000000 -0.000000 0.000000
91  0.036297 1.284882 7.928799  -0.000000 -0.000001 0.000000
92  0.000002 1.310211 0.000000  0.000000 -0.000000 0.000000
93  0.000001 0.582260 -0.000000  0.000000 -0.000000 0.000000
94  5.969322 3.427460 -6.170650  -0.000000 -0.000001 -1.570797
95  -1.310212 0.000001 0.000001  0.000000 0.000000 -0.000000
96  -0.582260 0.000001 0.000000  0.000000 0.000000 -0.000000
97  5.969321 9.397400 -6.170659  -0.000000 -0.000001 -1.570796
98  -1.310212 -0.000002 0.000001  0.000000 0.000000 -0.000000
99  -0.582262 -0.000002 0.000000  0.000000 0.000000 -0.000000
100  5.969321 15.223770 -6.170671  0.000000 -0.000001 -1.570796
101  -1.310210 0.000002 -0.000000  -0.000000 0.000000 -0.000000
102  -0.582259 0.000001 -0.000001  -0.000000 0.000000 -0.000000
103  5.969323 20.835571 -6.170671  0.000000 -0.000001 -1.570796
104  -1.310211 0.000000 -0.000001  -0.000000 0.000000 -0.000000
105  -0.582261 -0.000001 0.000002  -0.000000 0.000000 -0.000000
106  5.969322 26.771210 -6.170672  0.000000 -0.000001 -1.570796
107  5.969321 32.597595 -6.170672  0.000000 -0.000001 -1.570796
108  5.969325 38.209396 -6.170683  0.000000 -0.000001 -1.570800
109  5.969322 49.488468 -6.170685  0.000000 -0.000001 -1.570800
110  -0.539091 -0.556807 -0.017364  -0.042462 2.681156 1.551919
111  -6.799123 -0.556805 0.818550  -0.272420 2.701993 1.452460
112  -4.615283 -0.556821 0.270327  -0.117230 2.684609 1.518878
113  -2.650971 -0.556806 0.063009  -0.042463 2.681158 1.551919
114  27.110336 1.284857 12.007549  0.000000 -0.000000 -0.000000
115  28.133427 1.284858 12.007549  0.000001 -0.000000 -0.000000
116  12.812885 2.241786 12.007549  0.000000 -0.000001 -0.000001
117  -9.955969 -0.319623 4.380214  -0.000001 -0.000000 -0.000001
118  -11.316476 -0.319621 4.380215  -0.000003 -0.000000 -0.000000
119  -12.667814 -0.319621 4.380215  -0.000003 -0.000000 0.000001
120  -14.022141 -0.319619 4.380214  0.000010 -0.000000 -0.000012
121  -15.373241 -0.319619 4.380213  0.000015 -0.000000 -0.000015
122  -16.724144 -0.319619 4.380214  -0.000009 -0.000000 0.000006
123  -18.074575 -0.319620 4.380214  -0.000006 -0.000000 0.000004
124  -19.423716 -0.319618 4.380215  0.000002 0.000000 -0.000004
125  -20.775270 -0.319617 4.380214  0.000003 0.000000 -0.000004
126  -22.126673 -0.319618 4.380214  0.000003 -0.000000 -0.000004
127  -23.478125 -0.319617 4.380214  0.000005 -0.000000 -0.000006
128  -24.830624 -0.319615 4.380215  0.000036 -0.000000 -0.000038
129  -26.182030 -0.319615 4.380216  -0.000011 -0.000000 0.000011
130  0.529179 -0.167126 0.629486  -0.101270 -0.000000 0.000000
131  -0.211443 -0.241681 0.155361  -0.145847 -0.000000 0.000000
132  0.529188 -0.280700 -0.110294  -0.145847 -0.000000 -0.000000
133  -0.173927 -0.337324 -0.638496  -0.181751 -0.000000 0.000000
134  0.529189 -0.399244 -0.975392  -0.181751 -0.000000 0.000000
135  -0.211445 -0.464476 -1.431043  -0.192399 -0.000000 0.000000
136  0.529188 -0.515808 -1.694585  -0.192399 -0.000000 0.000000
137  -0.173927 -0.612151 -2.231912  -0.216703 -0.000000 0.000000
138  0.529187 -0.685804 -2.566440  -0.216703 -0.000000 -0.000000
139  -0.211446 -0.769560 -3.027870  -0.237349 -0.000000 0.000000
140  0.529187 -0.832685 -3.288847  -0.237349 -0.000000 -0.000000
141  -0.173939 -0.945280 -3.779565  -0.233859 0.000000 0.000000
142  0.529178 -1.024656 -4.112779  -0.233859 0.000000 -0.000000
143  -0.211445 -1.132185 -4.577546  -0.262919 -0.000000 0.000000
144  0.529189 -1.201962 -4.836825  -0.262919 0.000000 -0.000000
145  -0.000006 -2.810939 -10.636629  0.258454 0.000000 3.141592
146  -0.192456 -1.345776 -5.370046  -0.280373 0.000000 0.000000
147  0.533983 -1.413512 -5.605106  -0.276883 0.000000 0.000000
148  -0.206619 -1.795758 -6.909777  -0.287354 0.000000 0.000000
149  -0.205806 -1.564817 -6.138257  -0.290843 0.000000 0.000000
150  0.530458 -1.643675 -6.395216  -0.290844 0.000000 0.000000
151  0.535310 -1.790708 -7.204132  -0.287354 -0.000000 0.000000
152  -0.202704 -2.030485 -7.702831  -0.286180 -0.000000 0.000000
153  0.509546 -2.118893 -8.011623  -0.298398 -0.000000 0.000000
154  -0.202706 -2.255276 -8.465171  -0.283134 -0.000000 0.000000
155  0.509546 -2.352978 -8.771160  -0.295352 -0.000000 0.000000
156  -0.202705 -2.481595 -9.235471  -0.285437 -0.000000 0.000000
157  0.509545 -2.588681 -9.538637  -0.297653 -0.000000 0.000000
158  0.170120 -21.222090 -1.001140  -0.000001 -0.000001 0.000000
159  0.170123 -20.843863 -0.397182  -0.000001 -0.000001 0.000000
160  0.170123 -20.489744 -1.001141  -0.000001 -0.000001 0.000000
161  0.170121 -20.111067 -0.397182  -0.000001 -0.000001 0.000000
162  0.170121 -19.380087 -0.397185  -0.000001 -0.000001 0.000000
163  0.170122 -19.025106 -1.001146  -0.000001 -0.000001 0.000000
164  0.170122 -18.646658 -0.396447  -0.000001 -0.000001 0.000000
165  0.170122 -19.755758 -1.001143  -0.000001 -0.000001 0.000000
166  -0.015974 10.035407 1.098089  0.000000 -0.000000 -0.000000
167  -0.104321 -52.163570 4.437346  1.570735 -0.000061 -1.570735
168  0.064659 27.351345 72.195206  0.000000 -0.000000 -0.000000
169  6.064258 95.114014 31.645500  0.000000 -0.000001 1.570796
170  -0.103711 -26.907866 3.305359  0.000000 0.000000 -1.570730
171  6.064259 69.096558 37.164318  1.570796 -0.000000 1.570796
172  1.974302 11.989237 4.589250  0.000000 -0.000000 -0.000000
173  1.941735 0.883631 4.309753  0.000000 0.000000 -1.483525
174  -0.115677 1.104782 6.744190  0.000000 -0.000000 -0.000000
175  6.064260 89.329803 31.613914  0.000000 -0.000001 1.570796
176  0.059881 2.255382 54.398022  0.000000 -0.000000 -0.000000
177  0.003496 -22.270647 -0.000002  1.570735 -0.000061 -1.570735
178  0.104008 14.792244 1.530319  0.000000 -0.000000 -0.000000
179  3.000524 -2.985214 1.029099  2.067399 -0.085866 -1.929635
180  -2.951613 25.811049 -3.742301  -0.096365 0.008023 -1.450340
181  -2.662411 1.445785 33.628742  0.000487 3.141104 1.570796
182  8.352069 2.772897 0.000540  -3.140902 0.000003 -0.000001
183  -2.662412 1.445789 40.667965  0.000487 3.141104 1.570796
184  8.352067 2.772896 0.000542  -3.140902 0.000003 -0.000001
185  -1.431356 16.384783 4.137811  0.000001 -0.000000 0.000000
186  -0.001845 0.521685 -0.140290  0.000000 -0.000000 -0.000000
187  7.323110 -5.136190 -5.166236  0.000000 0.000000 -0.610865
188  2.698278 -0.000004 0.000001  -0.000012 0.000000 0.000000
189  2.834161 -0.000003 -0.000000  0.000013 0.000000 0.000000
190  2.648920 -0.000003 -0.000001  -0.000001 -0.000001 0.000000
191  2.667496 0.000000 0.000000  -0.000000 0.000000 -0.000000
192  2.426703 0.000002 0.000000  -0.000000 0.000000 -0.000000
193  -0.494743 -44.353443 -1.302302  1.570797 0.000000 -1.570797
194  11.545940 73.768425 -3.792010  0.000000 -0.000000 -0.000000
195  -0.011103 -16.902811 1.952045  0.000001 -0.000000 -0.000000
196  -0.000004 -0.000002 -1.529051  -0.000000 -0.000000 -0.000000
197  -0.078945 -0.000000 0.000002  0.000000 0.000001 1.570796
198  0.097092 -0.000001 0.000000  -0.000000 -3.141592 1.570796
199  0.000000 0.000000 -0.000000  0.000000 -0.000000 -0.000000
200  -9.895410 -18.660120 -15.468603  -0.521653 0.235329 -0.581464
201  16.934687 -31.155775 -18.840387  1.588209 -0.060572 -0.972375
time 25
0  0 0 0  0 0 0
1  0.000000 0.000000 0.000000  0.000000 -0.000000 -0.000000
2  -0.000000 -0.000000 -55.423229  0.000000 -0.000000 -1.570730
3  -0.012872 0.000000 8.235027  -0.784749 -1.570710 -0.785986
4  16.163124 -0.010663 0.007211  -0.594297 0.000409 -0.000125
5  16.163132 -0.000000 3.830524  -1.333359 -0.199015 -2.456806
6  14.868229 0.000001 0.000001  -0.807030 0.735679 -1.642122
7  26.391947 -0.000001 -0.000000  -0.000000 0.000000 -1.430112
8  -0.000005 0.000004 0.000001  -0.133771 -0.000000 -0.000000
9  3.093515 0.000002 0.000001  -0.267529 -0.000000 -0.000000
10  6.187024 0.000003 -0.000000  -0.401321 -0.000000 -0.000000
11  9.280533 0.000001 0.000003  -0.535063 0.000000 -0.000000
12  12.374048 -0.000000 0.000001  -0.668851 -0.000000 -0.000000
13  15.467560 0.000001 0.000002  -0.802581 -0.000000 -0.000000
14  18.561060 -0.000001 0.000002  -0.936392 -0.000000 -0.000000
15  21.654573 -0.000005 0.000001  -2.894023 -0.449738 0.844920
16  1.410067 0.800539 -2.089134  1.926816 0.229617 0.446891
17  3.954708 -0.000001 0.000005  0.032650 -0.305879 0.082888
18  3.101570 -0.000004 0.000003  0.038488 -0.173200 0.020373
19  6.164461 -0.898154 2.575012  -0.464106 -0.015897 1.186542
20  2.805845 0.000003 -0.000001  -0.000000 -0.000000 0.521973
21  2.307439 0.000005 -0.000002  0.000000 0.000000 0.361287
22  7.145090 -0.676340 -1.382429  0.048305 -0.466031 0.179016
23  3.672215 -0.000000 -0.000000  0.000000 0.000000 1.094786
24  2.676518 -0.000006 0.000001  0.000000 0.000000 0.976405
25  6.831179 -0.870862 0.599919  -0.198432 -0.274957 0.706750
26  3.657079 0.000002 -0.000002  0.000000 0.000000 1.196110
27  2.496795 0.000001 0.000003  -0.000000 -0.000000 0.510610
28  7.183344 -0.532079 -3.267608  0.092002 -0.569205 -0.163901
29  3.511586 0.000003 0.000004  -0.000000 -0.000000 0.459239
30  2.199414 0.000001 -0.000002  0.000000 -0.000000 0.877656
31  16.163136 0.000000 -3.830527  0.703564 0.858106 -2.571306
32  14.868248 0.000000 0.000001  -0.206904 -0.150065 -1.838276
33  26.391964 0.000000 0.000005  0.000000 0.000000 -1.676280
34  0.000003 -0.000002 -0.000000  0.126064 0.000000 -0.000000
35  3.093515 -0.000002 -0.000004  0.252140 0.000000 0.000000
36  6.187023 -0.000002 -0.000002  0.378239 0.000000 0.000000
37  9.280537 -0.000001 -0.000002  0.504305 0.000000 0.000000
38  12.374043 -0.000001 -0.000001  0.630401 0.000000 -0.000000
39  15.467552 -0.000000 -0.000001  0.756455 -0.000000 -0.000000
40  18.561068 -0.000002 -0.000001  0.882581 0.000000 0.000000
41  21.654568 -0.000002 0.000000  2.679113 -0.580501 -0.053051
42  1.410063 0.800530 2.089144  -1.966491 -0.287076 0.559263
43  3.954715 -0.000002 0.000001  0.000000 -0.000000 0.375132
44  3.101565 -0.000003 0.000000  -0.000000 0.000000 0.790793
45  7.183349 -0.532091 3.267621  0.052242 -0.011652 -0.158551
46  3.511587 -0.000003 0.000000  0.000000 -0.000000 0.189253
47  2.199411 -0.000001 0.000001  0.000000 0.000000 -0.104054
48  7.145095 -0.676345 1.382437  0.255424 0.283825 0.886074
49  3.672213 -0.000001 -0.000001  -0.000000 -0.000000 1.435616
50  2.676522 0.000000 -0.000000  0.000000 -0.000000 1.062915
51  6.831169 -0.870866 -0.599907  0.339890 0.115856 1.057859
52  3.657082 0.000003 0.000000  -0.000000 -0.000000 1.252193
53  2.496797 -0.000002 -0.000001  0.000000 0.000000 0.840195
54  6.164460 -0.898154 -2.575003  0.409526 -0.061316 1.152482
55  2.805842 0.000000 -0.000001  -0.000000 -0.000000 0.666009
56  2.307449 -0.000002 -0.000001  0.000000 0.000000 0.844543
57  0.000000 0.000000 0.000000  0.000001 -0.000000 -0.000000
58  12.126544 -31.850388 -17.607407  0.193964 0.455491 0.955813
59  -0.000001 -19.069477 4.681032  0.000000 -0.000000 0.000000
60  1.986526 0.000015 -3.123738  -2.705260 -0.000000 -1.570797
61  -1.986691 0.000017 -3.123746  0.436333 0.000001 1.570797
62  0.000003 0.000000 0.000001  0.000000 -0.000000 0.000000
63  -1.530661 0.861424 -3.109961  0.392682 0.000010 1.570745
64  -11.344168 1.135885 0.869266  0.000328 -0.024963 -0.026314
65  1.907535 0.861417 -2.954429  -0.392858 -0.000004 1.570778
66  -11.350047 -0.729412 0.864871  0.000154 -0.025335 0.026430
67  1.754240 4.036759 -1.682667  0.392549 -0.010099 -1.546344
68  -1.755143 4.036759 -1.682671  -0.392547 -0.010382 -1.594901
69  -0.164557 5.734782 5.880445  0.000000 0.000000 -1.570730
70  1.203546 5.503720 4.339430  0.000000 -0.000000 0.000000
71  -1.260171 5.668900 5.788553  0.070161 -0.418898 2.970131
72  1.185471 17.272333 1.821942  0.000000 -0.000000 0.000000
73  0.060217 10.324434 74.469063  0.000000 -0.000000 0.000000
74  0.052677 -3.972628 3.515847  1.570735 -0.000061 -1.570735
75  4.804189 -3.856466 -0.006880  -0.000000 0.000000 0.000000
76  -6.013981 -4.624459 0.000000  0.000000 0.000000 0.000000
77  -65.574097 -37.156055 0.002943  -0.787106 1.570710 0.783996
78  1.602686 -3.785214 0.003047  -0.786375 1.570710 0.784361
79  11.681376 -1.114742 -1.027844  -0.784727 1.570710 0.785581
80  19.766781 -3.800922 -0.000002  -0.000000 0.000000 -0.000000
81  3.258441 5.856955 -3.403523  -0.000000 -0.000000 -0.000000
82  15.153049 5.860581 -3.403521  -0.000000 -0.000000 0.000000
83  6.064257 77.294960 36.365795  1.570796 -0.000000 1.570796
84  -2.662412 1.445753 40.667961  0.000000 3.141591 1.570796
85  8.352070 2.772896 0.000546  -3.141589 0.000002 0.000000
86  6.064252 72.973694 32.593254  1.570796 -0.000000 1.570796
87  -0.113679 5.957338 -0.188893  0.000000 -0.000000 0.000000
88  0.097227 0.210962 3.469586  0.000000 -0.000000 0.000000
89  0.000002 1.310210 0.000000  0.000000 -0.000000 0.000000
90  0.000001 0.582261 0.000001  0.000000 -0.000000 0.000000
91  0.036299 1.284880 7.928797  0.000000 -0.000001 0.000000
92  -0.000000 1.310210 0.000001  0.000000 0.000000 0.000000
93  -0.000001 0.582258 0.000000  0.000000 0.000000 0.000000
94  5.969325 3.427458 -6.170651  -0.000000 -0.000001 -1.570797
95  -1.310210 -0.000000 0.000001  0.000000 -0.000000 -0.000000
96  -0.582258 -0.000001 -0.000000  0.000000 0.000000 -0.000000
97  5.969325 9.397399 -6.170660  -0.000000 -0.000001 -1.570796
98  -1.310213 0.000001 0.000001  0.000000 0.000000 -0.000000
99  -0.582261 -0.000000 0.000000  0.000000 0.000000 -0.000000
100  5.969322 15.223769 -6.170671  0.000000 -0.000001 -1.570796
101  -1.310211 0.000003 -0.000000  -0.000000 0.000000 -0.000000
102  -0.582261 0.000001 0.000001  -0.000000 0.000000 -0.000000
103  5.969323 20.835569 -6.170672  0.000000 -0.000001 -1.570796
104  -1.310211 0.000000 -0.000001  -0.000000 0.000000 -0.000000
105  -0.582261 0.000000 0.000000  -0.000000 0.000000 -0.000000
106  5.969324 26.771208 -6.170673  0.000000 -0.000001 -1.570796
107  5.969324 32.597599 -6.170676  0.000000 -0.000001 -1.570796
108  5.969324 38.209396 -6.170685  -0.000000 -0.000001 -1.570800
109  5.969323 49.488468 -6.170685  -0.000000 -0.000001 -1.570800
110  -0.539087 -0.556808 -0.017364  -0.042462 2.681156 1.551919
111  -6.799119 -0.556805 0.818549  -0.272420 2.701993 1.452460
112  -4.615281 -0.556823 0.270327  -0.117230 2.684609 1.518878
113  -2.650966 -0.556809 0.063010  -0.042463 2.681158 1.551919
114  27.110338 1.284855 12.007548  0.000000 -0.000000 -0.000000
115  28.133427 1.284857 12.007548  0.000001 -0.000000 -0.000000
116  12.812888 2.241786 12.007549  0.000000 -0.000001 -0.000001
117  -9.955965 -0.319624 4.380213  -0.000001 -0.000000 -0.000001
118  -11.316469 -0.319623 4.380215  -0.000003 -0.000000 -0.000000
119  -12.667809 -0.319623 4.380214  -0.000003 -0.000000 0.000001
120  -14.022140 -0.319622 4.380214  0.000010 -0.000000 -0.000011
121  -15.373239 -0.319623 4.380213  0.000015 -0.000000 -0.000015
122  -16.724140 -0.319623 4.380213  -0.000009 -0.000000 0.000006
123  -18.074570 -0.319623 4.380212  -0.000006 -0.000000 0.000004
124  -19.423716 -0.319623 4.380212  0.000002 0.000000 -0.000004
125  -20.775269 -0.319622 4.380213  0.000003 0.000000 -0.000004
126  -22.126667 -0.319620 4.380215  0.000003 0.000000 -0.000004
127  -23.478121 -0.319619 4.380215  0.000005 -0.000000 -0.000006
128  -24.830616 -0.319618 4.380215  0.000036 -0.000000 -0.000038
129  -26.182028 -0.319620 4.380213  -0.000011 -0.000000 0.000011
130  0.529183 -0.167130 0.629483  -0.101270 -0.000000 0.000000
131  -0.211443 -0.241683 0.155361  -0.145847 -0.000000 0.000000
132  0.529191 -0.280703 -0.110295  -0.145847 -0.000000 -0.000000
133  -0.173925 -0.337326 -0.638496  -0.181751 -0.000000 0.000000
134  0.529192 -0.399247 -0.975394  -0.181751 -0.000000 0.000000
135  -0.211441 -0.464478 -1.431043  -0.192399 -0.000000 0.000000
136  0.529191 -0.515809 -1.694585  -0.192399 -0.000000 0.000000
137  -0.173926 -0.612152 -2.231912  -0.216703 -0.000000 0.000000
138  0.529189 -0.685805 -2.566439  -0.216703 -0.000000 -0.000000
139  -0.211443 -0.769561 -3.027870  -0.237349 -0.000000 0.000000
140  0.529188 -0.832689 -3.288847  -0.237349 -0.000000 -0.000000
141  -0.173936 -0.945282 -3.779564  -0.233859 0.000000 0.000000
142  0.529181 -1.024658 -4.112781  -0.233859 0.000000 -0.000000
143  -0.211442 -1.132186 -4.577548  -0.262919 -0.000000 0.000000
144  0.529193 -1.201966 -4.836827  -0.262919 0.000000 -0.000000
145  -0.000004 -2.810944 -10.636634  0.258454 0.000000 3.141592
146  -0.192452 -1.345779 -5.370046  -0.280373 0.000000 0.000000
147  0.533986 -1.413513 -5.605105  -0.276883 0.000000 0.000000
148  -0.206617 -1.795762 -6.909780  -0.287354 0.000000 0.000000
149  -0.205802 -1.564820 -6.138259  -0.290843 0.000000 0.000000
150  0.530461 -1.643677 -6.395215  -0.290844 0.000000 0.000000
151  0.535314 -1.790710 -7.204132  -0.287354 -0.000000 0.000000
152  -0.202703 -2.030487 -7.702829  -0.286180 -0.000000 0.000000
153  0.509548 -2.118896 -8.011624  -0.298398 -0.000000 0.000000
154  -0.202703 -2.255280 -8.465172  -0.283134 -0.000000 0.000000
155  0.509547 -2.352981 -8.771160  -0.295352 -0.000000 0.000000
156  -0.202704 -2.481598 -9.235471  -0.285437 -0.000000 0.000000
157  0.509548 -2.588684 -9.538640  -0.297654 -0.000000 0.000000
158  0.170126 -21.222090 -1.001142  -0.000001 -0.000001 0.000000
159  0.170124 -20.843866 -0.397183  -0.000001 -0.000001 0.000000
160  0.170126 -20.489746 -1.001141  -0.000001 -0.000001 0.000000
161  0.170126 -20.111071 -0.397182  -0.000001 -0.000001 0.000000
162  0.170127 -19.380089 -0.397186  -0.000001 -0.000001 0.000000
163  0.170123 -19.025112 -1.001145  -0.000001 -0.000001 0.000000
164  0.170124 -18.646662 -0.396449  -0.000001 -0.000001 0.000000
165  0.170125 -19.755762 -1.001142  -0.000001 -0.000001 0.000000
166  -0.015972 10.035402 1.098091  0.000000 -0.000000 0.000000
167  -0.104317 -52.163578 4.437348  1.570735 -0.000061 -1.570735
168  0.064657 27.351343 72.195206  0.000000 -0.000000 0.000000
169  6.064262 95.114021 31.645506  -0.000000 -0.000001 1.570796
170  -0.103712 -26.907871 3.305361  0.000000 0.000000 -1.570730
171  6.064255 69.096565 37.164318  1.570796 -0.000000 1.570796
172  1.974304 11.989234 4.589252  0.000000 -0.000000 0.000000
173  1.941735 0.883629 4.309755  0.000000 0.000000 -1.483525
174  -0.115677 1.104778 6.744193  0.000000 -0.000000 0.000000
175  6.064260 89.329803 31.613918  -0.000000 -0.000001 1.570796
176  0.059887 2.255382 54.398026  0.000000 -0.000000 0.000000
177  0.003498 -22.270651 -0.000001  1.570735 -0.000061 -1.570735
178  0.104009 14.792241 1.530321  0.000000 -0.000000 0.000000
179  3.000527 -2.985219 1.029104  2.067399 -0.085866 -1.929635
180  -2.951615 25.811049 -3.742298  -0.096365 0.008023 -1.450340
181  -2.662412 1.445781 33.628746  0.000487 3.141104 1.570796
182  8.352068 2.772895 0.000539  -3.140902 0.000003 -0.000001
183  -2.662409 1.445786 40.667973  0.000487 3.141104 1.570796
184  8.352067 2.772895 0.000542  -3.140902 0.000003 -0.000001
185  -1.431357 16.384779 4.137813  0.000001 -0.000000 0.000000
186  -0.001845 0.521680 -0.140288  0.000000 -0.000000 0.000000
187  7.323109 -5.136192 -5.166235  0.000000 0.000000 -0.610865
188  2.698279 -0.000004 -0.000000  -0.000012 0.000000 0.000001
189  2.834160 0.000000 0.000001  0.000013 0.000000 0.000000
190  2.648919 -0.000003 0.000002  -0.000001 -0.000001 0.000000
191  2.667497 -0.000001 -0.000001  0.000000 0.000000 -0.000000
192  2.426702 -0.000003 -0.000004  0.000000 0.000000 -0.000000
193  -0.494741 -44.353451 -1.302296  1.570797 0.000000 -1.570797
194  11.545938 73.768425 -3.792009  0.000000 -0.000000 0.000000
195  -0.011103 -16.902817 1.952047  0.000001 -0.000000 0.000000
196  0.000002 0.000003 -1.529050  -0.000000 0.000000 -0.000000
197  -0.078942 0.000003 0.000000  0.000000 0.000001 1.570796
198  0.097091 0.000002 -0.000001  -0.000000 -3.141592 1.570796
199  0.000000 0.000000 -0.000000  0.000000 -0.000000 -0.000000
200  -10.346177 -18.519005 -15.139786  -0.538220 0.233852 -0.594049
201  16.346340 -31.296484 -18.537994  1.573831 -0.068054 -0.980204
time 26
0  0 0 0  0 0 0
1  0.000000 0.000000 0.000000  0.000000 -0.000000 -0.000000
2  -0.000000 -0.000000 -55.423229  0.000000 -0.000000 -1.570730
3  -0.012872 0.000000 8.235027  -0.784749 -1.570710 -0.785986
4  16.163124 -0.010663 0.007211  -0.594297 0.000409 -0.000125
5  16.163132 -0.000000 3.830524  -1.333359 -0.199015 -2.456806
6  14.868229 0.000001 0.000001  -0.811300 0.740016 -1.663998
7  26.391941 -0.000009 -0.000001  -0.000000 0.000000 -1.419225
8  0.000002 -0.000000 -0.000002  -0.134505 -0.000000 -0.000000
9  3.093517 -0.000002 -0.000001  -0.269069 -0.000000 -0.000000
10  6.187022 -0.000002 -0.000002  -0.403563 -0.000000 -0.000000
11  9.280533 -0.000002 -0.000001  -0.538101 0.000000 -0.000000
12  12.374047 -0.000004 -0.000001  -0.672665 -0.000000 -0.000000
13  15.467560 -0.000005 -0.000001  -0.807158 -0.000000 -0.000000
14  18.561060 -0.000006 -0.000001  -0.941731 -0.000000 -0.000000
15  21.654575 -0.000009 -0.000001  -2.909372 -0.454898 0.835953
16  1.410071 0.800536 -2.089132  1.926816 0.229617 0.446891
17  3.954710 -0.000003 0.000002  0.032650 -0.305879 0.082888
18  3.101565 0.000001 0.000004  0.038488 -0.173200 0.020373
19  6.164461 -0.898153 2.575011  -0.464106 -0.015897 1.186542
20  2.805844 -0.000004 0.000000  -0.000000 -0.000000 0.521973
21  2.307445 0.000006 -0.000000  -0.000000 0.000000 0.361287
22  7.145099 -0.676341 -1.382423  0.048305 -0.466031 0.179016
23  3.672215 0.000000 -0.000002  0.000000 0.000000 1.094786
24  2.676520 -0.000000 0.000000  0.000000 0.000000 0.976405
25  6.831180 -0.870866 0.599918  -0.198432 -0.274957 0.706750
26  3.657077 0.000003 -0.000003  0.000000 0.000000 1.196110
27  2.496797 0.000001 0.000003  -0.000000 -0.000000 0.510611
28  7.183350 -0.532078 -3.267605  0.092002 -0.569205 -0.163901
29  3.511593 0.000003 0.000000  -0.000000 -0.000000 0.459239
30  2.199416 -0.000004 0.000001  0.000000 -0.000000 0.877656
31  16.163136 0.000000 -3.830527  0.703564 0.858106 -2.571306
32  14.868248 0.000000 0.000001  -0.199368 -0.137838 -1.828824
33  26.391964 0.000000 0.000000  0.000000 0.000000 -1.681123
34  0.000001 -0.000000 0.000002  0.124413 0.000000 -0.000000
35  3.093516 -0.000002 0.000002  0.248879 0.000000 0.000000
36  6.187022 0.000001 0.000001  0.373268 0.000000 0.000000
37  9.280537 0.000002 0.000003  0.497752 -0.000000 0.000000
38  12.374043 -0.000000 0.000004  0.622189 -0.000000 -0.000000
39  15.467550 -0.000001 0.000002  0.746613 -0.000000 -0.000000
40  18.561066 0.000000 0.000002  0.871053 0.000000 0.000000
41  21.654568 -0.000001 0.000003  2.666633 -0.587133 -0.047702
42  1.410064 0.800529 2.089141  -1.966491 -0.287076 0.559263
43  3.954715 -0.000002 -0.000000  0.000000 0.000000 0.375132
44  3.101565 0.000001 -0.000000  -0.000000 0.000000 0.790793
45  7.183349 -0.532091 3.267618  0.052242 -0.011652 -0.158551
46  3.511586 -0.000003 -0.000000  0.000000 0.000000 0.189253
47  2.199410 0.000000 -0.000001  0.000000 0.000000 -0.104054
48  7.145095 -0.676346 1.382434  0.255424 0.283825 0.886075
49  3.672212 -0.000004 0.000000  -0.000000 -0.000000 1.435616
50  2.676521 0.000000 -0.000001  0.000000 0.000000 1.062915
51  6.831168 -0.870866 -0.599911  0.339890 0.115857 1.057859
52  3.657083 -0.000001 0.000001  -0.000000 -0.000000 1.252192
53  2.496800 -0.000001 0.000001  0.000000 0.000000 0.840195
54  6.164461 -0.898153 -2.575010  0.409526 -0.061316 1.152482
55  2.805843 0.000005 0.000002  0.000000 0.000000 0.666008
56  2.307450 -0.000001 0.000001  -0.000000 -0.000000 0.844543
57  0.000000 0.000000 0.000000  0.000001 -0.000000 -0.000000
58  11.534460 -31.984787 -17.278521  0.191428 0.474118 0.942378
59  -0.000007 -19.069490 4.681032  0.000000 -0.000000 -0.000000
60  1.986521 0.000012 -3.123740  -2.705260 -0.000000 -1.570797
61  -1.986695 0.000013 -3.123746  0.436333 0.000001 1.570797
62  -0.000003 -0.000002 -0.000002  0.000000 -0.000000 -0.000000
63  -1.530663 0.861417 -3.109960  0.392682 0.000010 1.570745
64  -11.344172 1.135890 0.869267  0.000328 -0.024963 -0.026314
65  1.907529 0.861412 -2.954432  -0.392858 -0.000004 1.570778
66  -11.350042 -0.729399 0.864869  0.000154 -0.025335 0.026430
67  1.754233 4.036755 -1.682671  0.392549 -0.010099 -1.546344
68  -1.755146 4.036755 -1.682670  -0.392547 -0.010382 -1.594901
69  -0.164561 5.734779 5.880445  -0.000000 -0.000000 -1.570730
70  1.203544 5.503723 4.339430  0.000000 -0.000000 -0.000000
71  -1.260178 5.668896 5.788550  0.070161 -0.418898 2.970130
72  1.185469 17.272331 1.821941  0.000000 -0.000000 -0.000000
73  0.060214 10.324432 74.469055  0.000000 -0.000000 -0.000000
74  0.052667 -3.972634 3.515840  1.570735 -0.000061 -1.570735
75  4.804186 -3.856464 -0.006876  -0.000000 0.000000 0.000000
76  -6.013983 -4.624460 -0.000002  0.000000 0.000000 0.000000
77  -65.574089 -37.156044 0.002936  -0.787227 1.570710 0.783630
78  1.602686 -3.785213 0.003052  -0.786922 1.570710 0.783874
79  11.681374 -1.114740 -1.027846  -0.785032 1.570710 0.785581
80  19.766779 -3.800921 0.000005  -0.000000 -0.000000 -0.000000
81  3.258442 5.856956 -3.403522  -0.000000 -0.000000 -0.000000
82  15.153047 5.860583 -3.403520  0.000000 -0.000000 0.000000
83  6.064254 77.294952 36.365791  1.570796 -0.000000 1.570796
84  -2.662416 1.445750 40.667957  -0.000000 3.141591 1.570796
85  8.352068 2.772897 0.000543  -3.141589 0.000002 0.000000
86  6.064257 72.973694 32.593250  1.570796 -0.000000 1.570796
87  -0.113680 5.957335 -0.188892  0.000000 -0.000000 -0.000000
88  0.097225 0.210962 3.469587  0.000000 -0.000000 -0.000000
89  0.000000 1.310209 -0.000001  0.000000 -0.000000 0.000000
90  -0.000001 0.582258 -0.000001  0.000000 -0.000000 0.000000
91  0.036295 1.284878 7.928798  0.000000 -0.000001 0.000000
92  0.000000 1.310209 -0.000001  0.000000 -0.000000 0.000000
93  -0.000002 0.582258 -0.000000  0.000000 -0.000000 0.000000
94  5.969320 3.427457 -6.170650  -0.000000 -0.000001 -1.570797
95  -1.310212 0.000002 0.000003  0.000000 -0.000000 -0.000000
96  -0.582261 -0.000000 0.000003  0.000000 -0.000000 -0.000000
97  5.969321 9.397398 -6.170658  -0.000000 -0.000001 -1.570796
98  -1.310213 0.000000 -0.000001  0.000000 0.000001 -0.000000
99  -0.582261 -0.000002 -0.000001  0.000000 0.000001 -0.000000
100  5.969321 15.223768 -6.170669  0.000000 -0.000001 -1.570796
101  -1.310213 0.000001 -0.000003  -0.000000 0.000000 -0.000000
102  -0.582261 0.000000 -0.000003  -0.000000 0.000001 -0.000000
103  5.969325 20.835569 -6.170671  0.000000 -0.000001 -1.570796
104  -1.310212 0.000000 -0.000002  -0.000000 0.000000 -0.000000
105  -0.582261 0.000000 0.000001  -0.000000 0.000001 -0.000000
106  5.969325 26.771210 -6.170671  0.000000 -0.000001 -1.570796
107  5.969324 32.597595 -6.170675  0.000000 -0.000001 -1.570796
108  5.969326 38.209396 -6.170684  -0.000000 -0.000001 -1.570800
109  5.969326 49.488464 -6.170684  -0.000000 -0.000001 -1.570800
110  -0.539091 -0.556808 -0.017363  -0.042462 2.681156 1.551919
111  -6.799126 -0.556808 0.818550  -0.272420 2.701993 1.452460
112  -4.615284 -0.556823 0.270328  -0.117230 2.684609 1.518878
113  -2.650972 -0.556810 0.063010  -0.042463 2.681158 1.551919
114  27.110334 1.284854 12.007548  0.000000 -0.000000 -0.000000
115  28.133425 1.284855 12.007545  0.000001 -0.000000 -0.000000
116  12.812884 2.241784 12.007549  0.000000 -0.000001 -0.000001
117  -9.955967 -0.319624 4.380215  -0.000001 -0.000000 -0.000001
118  -11.316475 -0.319625 4.380214  -0.000003 -0.000000 -0.000000
119  -12.667811 -0.319624 4.380215  -0.000003 -0.000000 0.000001
120  -14.022141 -0.319623 4.380215  0.000010 -0.000000 -0.000011
121  -15.373241 -0.319624 4.380214  0.000015 -0.000000 -0.000015
122  -16.724144 -0.319622 4.380215  -0.000009 -0.000000 0.000006
123  -18.074572 -0.319620 4.380216  -0.000006 0.000000 0.000004
124  -19.423716 -0.319621 4.380215  0.000002 0.000000 -0.000004
125  -20.775272 -0.319622 4.380215  0.000003 0.000000 -0.000004
126  -22.126673 -0.319622 4.380215  0.000003 0.000000 -0.000004
127  -23.478123 -0.319621 4.380215  0.000005 0.000000 -0.000006
128  -24.830622 -0.319621 4.380215  0.000036 0.000000 -0.000038
129  -26.182028 -0.319619 4.380215  -0.000011 0.000000 0.000011
130  0.529179 -0.167131 0.629483  -0.101270 -0.000000 0.000000
131  -0.211444 -0.241684 0.155361  -0.145847 -0.000000 0.000000
132  0.529188 -0.280703 -0.110293  -0.145847 -0.000000 -0.000000
133  -0.173928 -0.337327 -0.638495  -0.181751 -0.000000 0.000000
134  0.529187 -0.399248 -0.975393  -0.181751 -0.000000 0.000000
135  -0.211446 -0.464479 -1.431042  -0.192399 -0.000000 0.000000
136  0.529187 -0.515810 -1.694583  -0.192399 -0.000000 0.000000
137  -0.173930 -0.612154 -2.231911  -0.216703 -0.000000 0.000000
138  0.529189 -0.685806 -2.566441  -0.216703 -0.000000 -0.000000
139  -0.211446 -0.769562 -3.027871  -0.237349 -0.000000 0.000000
140  0.529186 -0.832688 -3.288846  -0.237349 -0.000000 -0.000000
141  -0.173938 -0.945282 -3.779564  -0.233859 0.000000 0.000000
142  0.529178 -1.024659 -4.112780  -0.233859 0.000000 -0.000000
143  -0.211443 -1.132188 -4.577548  -0.262919 -0.000000 0.000000
144  0.529187 -1.201966 -4.836825  -0.262919 0.000000 -0.000000
145  -0.000007 -2.810944 -10.636630  0.258454 0.000000 3.141592
146  -0.192457 -1.345780 -5.370045  -0.280373 0.000000 0.000000
147  0.533983 -1.413513 -5.605105  -0.276883 0.000000 0.000000
148  -0.206619 -1.795762 -6.909780  -0.287354 0.000000 0.000000
149  -0.205805 -1.564820 -6.138257  -0.290843 0.000000 0.000000
150  0.530457 -1.643677 -6.395215  -0.290844 0.000000 0.000000
151  0.535311 -1.790710 -7.204132  -0.287354 -0.000000 0.000000
152  -0.202706 -2.030487 -7.702829  -0.286180 -0.000000 0.000000
153  0.509545 -2.118896 -8.011625  -0.298398 -0.000000 0.000000
154  -0.202704 -2.255280 -8.465172  -0.283134 -0.000000 0.000000
155  0.509548 -2.352981 -8.771160  -0.295352 -0.000000 0.000000
156  -0.202704 -2.481596 -9.235471  -0.285437 -0.000000 0.000000
157  0.509545 -2.588685 -9.538639  -0.297654 -0.000000 0.000000
158  0.170120 -21.222094 -1.001140  -0.000001 -0.000001 0.000000
159  0.170119 -20.843866 -0.397182  -0.000001 -0.000001 0.000000
160  0.170120 -20.489748 -1.001141  -0.000001 -0.000001 0.000000
161  0.170119 -20.111071 -0.397182  -0.000001 -0.000001 0.000000
162  0.170121 -19.380087 -0.397186  -0.000001 -0.000001 0.000000
163  0.170121 -19.025110 -1.001146  -0.000001 -0.000001 0.000000
164  0.170121 -18.646662 -0.396449  -0.000001 -0.000001 0.000000
165  0.170121 -19.755762 -1.001142  -0.000001 -0.000001 0.000000
166  -0.015976 10.035398 1.098089  0.000000 -0.000000 -0.000000
167  -0.104330 -52.163586 4.437344  1.570735 -0.000061 -1.570735
168  0.064651 27.351339 72.195206  0.000000 -0.000000 -0.000000
169  6.064260 95.114021 31.645500  0.000000 -0.000001 1.570796
170  -0.103724 -26.907871 3.305355  -0.000000 -0.000000 -1.570730
171  6.064256 69.096558 37.164322  1.570796 -0.000000 1.570796
172  1.974298 11.989229 4.589250  0.000000 -0.000000 -0.000000
173  1.941730 0.883627 4.309753  0.000000 -0.000000 -1.483525
174  -0.115680 1.104775 6.744192  0.000000 -0.000000 -0.000000
175  6.064262 89.329803 31.613918  0.000000 -0.000001 1.570796
176  0.059881 2.255373 54.398026  0.000000 -0.000000 -0.000000
177  0.003490 -22.270653 0.000002  1.570735 -0.000061 -1.570735
178  0.104007 14.792238 1.530321  0.000000 -0.000000 -0.000000
179  3.000518 -2.985222 1.029099  2.067399 -0.085866 -1.929635
180  -2.951616 25.811047 -3.742299  -0.096365 0.008023 -1.450340
181  -2.662415 1.445779 33.628746  0.000487 3.141104 1.570796
182  8.352071 2.772899 0.000540  -3.140902 0.000003 -0.000001
183  -2.662416 1.445783 40.667969  0.000487 3.141104 1.570796
184  8.352066 2.772902 0.000546  -3.140902 0.000003 -0.000001
185  -1.431359 16.384775 4.137811  0.000001 -0.000000 0.000000
186  -0.001848 0.521679 -0.140290  0.000000 -0.000000 -0.000000
187  7.323105 -5.136196 -5.166238  0.000000 0.000000 -0.610865
188  2.698276 0.000000 0.000006  -0.000012 0.000000 0.000000
189  2.834161 -0.000000 -0.000002  0.000013 0.000000 -0.000000
190  2.648916 -0.000002 -0.000001  -0.000001 -0.000001 0.000000
191  2.667497 -0.000002 -0.000002  -0.000000 0.000000 -0.000000
192  2.426706 -0.000004 0.000002  0.000000 0.000000 -0.000000
193  -0.494751 -44.353451 -1.302299  1.570797 -0.000000 -1.570797
194  11.545938 73.768417 -3.792010  0.000000 -0.000000 -0.000000
195  -0.011108 -16.902819 1.952045  0.000001 -0.000000 -0.000000
196  -0.000002 -0.000002 -1.529053  -0.000000 -0.000000 -0.000000
197  -0.078941 0.000004 -0.000003  0.000000 0.000001 1.570796
198  0.097092 0.000005 -0.000001  -0.000000 -3.141592 1.570796
199  0.000000 0.000000 -0.000000  0.000000 -0.000000 -0.000000
200  -10.752422 -18.337227 -14.830841  -0.557372 0.231978 -0.610764
201  15.748501 -31.497894 -18.255219  1.557219 -0.076781 -0.991294
time 27
0  0 0 0  0 0 0
1  0.000000 0.000000 0.000000  0.000000 -0.000000 -0.000000
2  -0.000000 -0.000000 -55.423229  0.000000 -0.000000 -1.570730
3  -0.012872 0.000000 8.235027  -0.784749 -1.570710 -0.785986
4  16.163124 -0.010663 0.007211  -0.594297 0.000409 -0.000125
5  16.163132 -0.000000 3.830524  -1.333359 -0.199015 -2.456806
6  14.868229 0.000001 0.000001  -0.815344 0.744125 -1.684490
7  26.391947 -0.000004 -0.000002  -0.000000 0.000000 -1.405346
8  -0.000001 0.000000 0.000001  -0.135851 -0.000000 -0.000000
9  3.093517 -0.000001 0.000001  -0.271718 -0.000000 -0.000000
10  6.187022 0.000003 0.000002  -0.407551 -0.000000 -0.000000
11  9.280534 -0.000001 0.000002  -0.543421 -0.000000 -0.000000
12  12.374046 -0.000005 0.000003  -0.679264 -0.000000 -0.000000
13  15.467557 -0.000000 0.000004  -0.815129 -0.000000 -0.000000
14  18.561058 -0.000000 0.000003  -0.950988 -0.000000 -0.000000
15  21.654575 -0.000007 0.000003  -2.924966 -0.455124 0.824391
16  1.410069 0.800537 -2.089132  1.926816 0.229617 0.446891
17  3.954706 -0.000004 0.000003  0.032650 -0.305879 0.082888
18  3.101570 0.000001 0.000004  0.038488 -0.173200 0.020373
19  6.164462 -0.898153 2.575013  -0.464106 -0.015897 1.186542
20  2.805845 -0.000006 -0.000003  0.000000 0.000000 0.521973
21  2.307441 0.000007 0.000000  -0.000000 0.000000 0.361287
22  7.145094 -0.676341 -1.382423  0.048305 -0.466031 0.179016
23  3.672215 -0.000002 -0.000001  0.000000 0.000000 1.094786
24  2.676518 0.000000 0.000000  0.000000 -0.000000 0.976405
25  6.831178 -0.870866 0.599919  -0.198432 -0.274957 0.706750
26  3.657077 -0.000002 0.000000  0.000000 0.000000 1.196110
27  2.496792 -0.000000 0.000001  -0.000000 -0.000000 0.510611
28  7.183349 -0.532080 -3.267605  0.092002 -0.569205 -0.163901
29  3.511585 -0.000002 0.000002  -0.000000 -0.000000 0.459239
30  2.199417 0.000001 -0.000001  0.000000 -0.000000 0.877656
31  16.163136 0.000000 -3.830527  0.703564 0.858106 -2.571306
32  14.868248 0.000000 0.000001  -0.193374 -0.127478 -1.819272
33  26.391970 0.000004 0.000001  0.000000 0.000000 -1.690021
34  0.000001 -0.000001 0.000001  0.122945 0.000000 -0.000000
35  3.093515 -0.000003 -0.000001  0.245865 0.000000 -0.000000
36  6.187021 -0.000002 0.000000  0.368859 0.000000 0.000000
37  9.280537 -0.000003 0.000001  0.491772 0.000000 0.000000
38  12.374043 -0.000003 -0.000002  0.614756 0.000000 -0.000000
39  15.467551 -0.000001 -0.000002  0.737706 -0.000000 0.000000
40  18.561066 -0.000002 -0.000000  0.860698 0.000000 0.000000
41  21.654566 -0.000003 -0.000000  2.650699 -0.592315 -0.032079
42  1.410064 0.800527 2.089141  -1.966491 -0.287076 0.559263
43  3.954714 -0.000001 -0.000002  0.000000 -0.000000 0.375132
44  3.101567 -0.000002 0.000000  -0.000000 -0.000000 0.790793
45  7.183349 -0.532090 3.267618  0.052242 -0.011652 -0.158551
46  3.511587 0.000001 0.000004  0.000000 -0.000000 0.189253
47  2.199409 0.000001 0.000000  -0.000000 -0.000000 -0.104054
48  7.145094 -0.676347 1.382434  0.255424 0.283825 0.886075
49  3.672213 0.000001 0.000002  -0.000000 -0.000000 1.435616
50  2.676519 -0.000002 -0.000001  0.000000 -0.000000 1.062915
51  6.831168 -0.870867 -0.599910  0.339890 0.115856 1.057859
52  3.657083 0.000001 0.000000  -0.000000 -0.000000 1.252192
53  2.496797 -0.000001 -0.000001  0.000000 0.000000 0.840195
54  6.164461 -0.898156 -2.575009  0.409526 -0.061317 1.152482
55  2.805844 0.000002 0.000000  -0.000000 -0.000000 0.666009
56  2.307451 -0.000001 -0.000002  -0.000000 0.000000 0.844543
57  0.000000 0.000000 0.000000  0.000001 -0.000000 -0.000000
58  10.961477 -32.147827 -17.018284  0.188471 0.492141 0.924670
59  0.000005 -19.069487 4.681037  -0.000000 -0.000000 -0.000000
60  1.986521 0.000018 -3.123736  -2.705260 -0.000000 -1.570797
61  -1.986692 0.000017 -3.123744  0.436333 0.000001 1.570797
62  -0.000002 0.000001 0.000001  -0.000000 -0.000000 -0.000000
63  -1.530662 0.861424 -3.109960  0.392682 0.000010 1.570745
64  -11.344172 1.135894 0.869269  0.000328 -0.024963 -0.026314
65  1.907532 0.861417 -2.954428  -0.392858 -0.000004 1.570778
66  -11.350042 -0.729404 0.864869  0.000154 -0.025335 0.026430
67  1.754233 4.036758 -1.682668  0.392549 -0.010099 -1.546344
68  -1.755146 4.036758 -1.682668  -0.392547 -0.010382 -1.594901
69  -0.164557 5.734782 5.880445  -0.000000 -0.000000 -1.570730
70  1.203551 5.503722 4.339431  -0.000000 -0.000000 -0.000000
71  -1.260173 5.668899 5.788552  0.070161 -0.418898 2.970131
72  1.185471 17.272331 1.821942  -0.000000 -0.000000 -0.000000
73  0.060218 10.324434 74.469048  -0.000000 -0.000000 -0.000000
74  0.052679 -3.972629 3.515840  1.570735 -0.000061 -1.570735
75  4.804185 -3.856470 -0.006878  -0.000000 0.000000 0.000000
76  -6.013985 -4.624462 -0.000002  0.000000 0.000000 0.000000
77  -65.574089 -37.156044 0.002945  -0.786678 1.570710 0.784240
78  1.602683 -3.785216 0.003049  -0.786496 1.570710 0.784240
79  11.681372 -1.114741 -1.027849  -0.783934 1.570710 0.785459
80  19.766777 -3.800924 0.000002  0.000000 0.000000 0.000000
81  3.258440 5.856953 -3.403523  -0.000000 -0.000000 -0.000000
82  15.153047 5.860580 -3.403521  0.000000 -0.000000 0.000000
83  6.064257 77.294945 36.365791  1.570796 0.000000 1.570796
84  -2.662410 1.445753 40.667957  -0.000000 3.141591 1.570796
85  8.352069 2.772893 0.000546  -3.141589 0.000002 -0.000000
86  6.064260 72.973686 32.593250  1.570796 0.000000 1.570796
87  -0.113680 5.957334 -0.188895  -0.000000 -0.000000 -0.000000
88  0.097224 0.210967 3.469587  -0.000000 -0.000000 -0.000000
89  0.000003 1.310214 0.000001  0.000000 -0.000000 0.000000
90  0.000003 0.582263 0.000000  0.000000 -0.000000 0.000000
91  0.036296 1.284882 7.928799  -0.000000 -0.000001 0.000000
92  0.000001 1.310213 0.000000  0.000000 0.000000 0.000000
93  0.000000 0.582262 0.000001  0.000000 0.000000 0.000000
94  5.969322 3.427459 -6.170650  -0.000000 -0.000001 -1.570797
95  -1.310213 -0.000000 0.000001  0.000000 -0.000000 -0.000000
96  -0.582262 -0.000001 0.000002  0.000000 -0.000000 -0.000000
97  5.969322 9.397399 -6.170660  -0.000000 -0.000001 -1.570796
98  -1.310210 0.000000 0.000000  0.000000 0.000000 -0.000000
99  -0.582259 0.000000 0.000001  0.000000 0.000000 -0.000000
100  5.969321 15.223769 -6.170671  0.000000 -0.000001 -1.570796
101  -1.310211 0.000002 0.000003  -0.000000 0.000000 -0.000000
102  -0.582261 0.000002 0.000002  -0.000000 0.000000 -0.000000
103  5.969324 20.835571 -6.170671  0.000000 -0.000001 -1.570796
104  -1.310213 0.000002 -0.000000  -0.000000 0.000000 -0.000000
105  -0.582262 0.000001 0.000001  -0.000000 0.000000 -0.000000
106  5.969323 26.771208 -6.170672  0.000000 -0.000001 -1.570796
107  5.969321 32.597595 -6.170674  0.000000 -0.000001 -1.570796
108  5.969323 38.209396 -6.170686  0.000000 -0.000001 -1.570800
109  5.969318 49.488461 -6.170685  0.000000 -0.000001 -1.570800
110  -0.539092 -0.556808 -0.017363  -0.042462 2.681156 1.551919
111  -6.799125 -0.556806 0.818548  -0.272420 2.701993 1.452460
112  -4.615283 -0.556820 0.270327  -0.117230 2.684609 1.518878
113  -2.650968 -0.556806 0.063010  -0.042463 2.681158 1.551919
114  27.110336 1.284857 12.007549  -0.000000 -0.000000 -0.000000
115  28.133423 1.284859 12.007547  0.000001 -0.000000 -0.000000
116  12.812885 2.241785 12.007549  -0.000000 -0.000001 -0.000001
117  -9.955969 -0.319622 4.380213  -0.000001 -0.000000 -0.000001
118  -11.316473 -0.319622 4.380215  -0.000003 -0.000000 -0.000000
119  -12.667813 -0.319621 4.380214  -0.000003 -0.000000 0.000001
120  -14.022141 -0.319621 4.380214  0.000010 -0.000000 -0.000011
121  -15.373241 -0.319620 4.380214  0.000015 -0.000000 -0.000015
122  -16.724142 -0.319618 4.380214  -0.000009 -0.000000 0.000006
123  -18.074574 -0.319621 4.380214  -0.000006 -0.000000 0.000004
124  -19.423717 -0.319619 4.380214  0.000002 0.000000 -0.000004
125  -20.775272 -0.319619 4.380215  0.000003 0.000000 -0.000004
126  -22.126671 -0.319617 4.380214  0.000003 -0.000000 -0.000004
127  -23.478125 -0.319619 4.380213  0.000005 0.000000 -0.000006
128  -24.830622 -0.319617 4.380214  0.000036 -0.000000 -0.000038
129  -26.182030 -0.319616 4.380213  -0.000011 0.000000 0.000011
130  0.529179 -0.167128 0.629484  -0.101270 -0.000000 0.000000
131  -0.211445 -0.241682 0.155362  -0.145847 -0.000000 0.000000
132  0.529188 -0.280699 -0.110293  -0.145847 -0.000000 -0.000000
133  -0.173928 -0.337324 -0.638494  -0.181751 -0.000000 0.000000
134  0.529186 -0.399244 -0.975393  -0.181751 -0.000000 0.000000
135  -0.211444 -0.464475 -1.431041  -0.192399 -0.000000 0.000000
136  0.529189 -0.515806 -1.694584  -0.192400 -0.000000 0.000000
137  -0.173927 -0.612149 -2.231911  -0.216703 -0.000000 0.000000
138  0.529187 -0.685805 -2.566439  -0.216703 -0.000000 -0.000000
139  -0.211448 -0.769560 -3.027871  -0.237349 -0.000000 0.000000
140  0.529188 -0.832686 -3.288846  -0.237349 -0.000000 -0.000000
141  -0.173938 -0.945281 -3.779564  -0.233859 0.000000 0.000000
142  0.529179 -1.024657 -4.112782  -0.233859 0.000000 -0.000000
143  -0.211444 -1.132186 -4.577549  -0.262919 -0.000000 0.000000
144  0.529190 -1.201963 -4.836825  -0.262919 0.000000 -0.000000
145  -0.000007 -2.810941 -10.636628  0.258454 0.000000 3.141592
146  -0.192456 -1.345777 -5.370045  -0.280373 0.000000 0.000000
147  0.533982 -1.413511 -5.605104  -0.276883 0.000000 0.000000
148  -0.206619 -1.795758 -6.909779  -0.287354 0.000000 0.000000
149  -0.205807 -1.564818 -6.138258  -0.290843 0.000000 0.000000
150  0.530458 -1.643673 -6.395213  -0.290844 0.000000 0.000000
151  0.535310 -1.790708 -7.204131  -0.287354 -0.000000 0.000000
152  -0.202703 -2.030485 -7.702831  -0.286180 -0.000000 0.000000
153  0.509548 -2.118894 -8.011623  -0.298398 -0.000000 0.000000
154  -0.202706 -2.255278 -8.465172  -0.283134 -0.000000 0.000000
155  0.509548 -2.352979 -8.771160  -0.295352 -0.000000 0.000000
156  -0.202706 -2.481596 -9.235471  -0.285437 -0.000000 0.000000
157  0.509545 -2.588682 -9.538638  -0.297654 -0.000000 0.000000
158  0.170123 -21.222086 -1.001138  -0.000001 -0.000001 0.000000
159  0.170121 -20.843863 -0.397182  -0.000001 -0.000001 0.000000
160  0.170121 -20.489742 -1.001143  -0.000001 -0.000001 0.000000
161  0.170122 -20.111065 -0.397183  -0.000001 -0.000001 0.000000
162  0.170121 -19.380087 -0.397184  -0.000001 -0.000001 0.000000
163  0.170123 -19.025106 -1.001144  -0.000001 -0.000001 0.000000
164  0.170119 -18.646660 -0.396447  -0.000001 -0.000001 0.000000
165  0.170124 -19.755756 -1.001142  -0.000001 -0.000001 0.000000
166  -0.015973 10.035401 1.098092  -0.000000 -0.000000 -0.000000
167  -0.104321 -52.163570 4.437346  1.570735 -0.000061 -1.570735
168  0.064655 27.351341 72.195206  -0.000000 -0.000000 -0.000000
169  6.064260 95.114014 31.645496  -0.000000 -0.000001 1.570796
170  -0.103703 -26.907864 3.305363  -0.000000 -0.000000 -1.570730
171  6.064258 69.096550 37.164318  1.570796 0.000000 1.570796
172  1.974303 11.989231 4.589252  0.000000 -0.000000 -0.000000
173  1.941737 0.883630 4.309756  0.000000 -0.000000 -1.483525
174  -0.115677 1.104776 6.744193  -0.000000 -0.000000 -0.000000
175  6.064261 89.329796 31.613916  -0.000000 -0.000001 1.570796
176  0.059882 2.255379 54.398022  -0.000000 -0.000000 -0.000000
177  0.003493 -22.270645 -0.000001  1.570735 -0.000061 -1.570735
178  0.104011 14.792239 1.530320  -0.000000 -0.000000 -0.000000
179  3.000526 -2.985218 1.029101  2.067399 -0.085866 -1.929634
180  -2.951612 25.811047 -3.742302  -0.096365 0.008023 -1.450340
181  -2.662410 1.445782 33.628742  0.000487 3.141104 1.570796
182  8.352072 2.772895 0.000539  -3.140902 0.000003 -0.000001
183  -2.662410 1.445788 40.667969  0.000487 3.141104 1.570796
184  8.352066 2.772895 0.000544  -3.140902 0.000003 -0.000001
185  -1.431355 16.384779 4.137813  0.000001 -0.000000 0.000000
186  -0.001844 0.521682 -0.140287  0.000000 -0.000000 -0.000000
187  7.323109 -5.136192 -5.166236  -0.000000 0.000000 -0.610865
188  2.698278 -0.000002 -0.000002  -0.000012 0.000000 0.000000
189  2.834157 -0.000004 0.000000  0.000013 0.000000 0.000000
190  2.648919 -0.000001 -0.000000  -0.000001 -0.000001 0.000000
191  2.667500 -0.000004 0.000001  -0.000000 -0.000000 0.000000
192  2.426705 -0.000002 0.000003  -0.000000 0.000000 -0.000000
193  -0.494741 -44.353447 -1.302296  1.570797 -0.000000 -1.570797
194  11.545937 73.768410 -3.792010  0.000000 -0.000000 -0.000000
195  -0.011101 -16.902811 1.952049  0.000001 -0.000000 -0.000000
196  -0.000004 -0.000001 -1.529051  -0.000000 -0.000000 0.000000
197  -0.078943 0.000001 0.000000  0.000000 0.000001 1.570796
198  0.097092 0.000003 -0.000002  -0.000000 -3.141592 1.570796
199  0.000000 0.000000 -0.000000  0.000000 -0.000000 -0.000000
200  -11.075195 -18.098053 -14.601391  -0.575924 0.229650 -0.631405
201  15.179132 -31.746202 -18.037823  1.541256 -0.085595 -1.006295
time 28
0  0 0 0  0 0 0
1  0.000000 0.000000 0.000000  0.000000 -0.000000 -0.000000
2  -0.000000 -0.000000 -55.423229  0.000000 -0.000000 -1.570730
3  -0.012872 0.000000 8.235027  -0.784749 -1.570710 -0.785986
4  16.163124 -0.010663 0.007211  -0.594297 0.000409 -0.000125
5  16.163132 -0.000000 3.830524  -1.333359 -0.199015 -2.456806
6  14.868229 0.000001 0.000001  -0.818035 0.748450 -1.700599
7  26.391943 -0.000003 0.000000  -0.000000 0.000000 -1.390675
8  0.000001 -0.000005 0.000001  -0.137503 -0.000000 -0.000000
9  3.093511 0.000000 0.000001  -0.275045 -0.000000 -0.000000
10  6.187020 -0.000004 0.000002  -0.412601 -0.000000 -0.000000
11  9.280531 -0.000002 0.000003  -0.550141 -0.000000 -0.000000
12  12.374044 -0.000005 0.000004  -0.687686 -0.000000 -0.000000
13  15.467556 -0.000008 0.000004  -0.825245 -0.000000 -0.000000
14  18.561054 -0.000006 0.000004  -0.962815 -0.000000 -0.000000
15  21.654570 -0.000008 0.000003  -2.938486 -0.451048 0.810707
16  1.410068 0.800539 -2.089136  1.926816 0.229617 0.446891
17  3.954707 0.000001 0.000002  0.032650 -0.305879 0.082888
18  3.101564 0.000001 0.000004  0.038488 -0.173200 0.020373
19  6.164460 -0.898151 2.575010  -0.464106 -0.015897 1.186542
20  2.805844 -0.000002 -0.000002  0.000000 -0.000000 0.521973
21  2.307440 0.000002 0.000001  -0.000000 0.000000 0.361287
22  7.145095 -0.676339 -1.382427  0.048305 -0.466031 0.179016
23  3.672221 0.000000 -0.000001  0.000000 0.000000 1.094786
24  2.676517 0.000003 0.000002  -0.000000 -0.000000 0.976405
25  6.831180 -0.870863 0.599917  -0.198432 -0.274957 0.706750
26  3.657076 0.000002 0.000001  0.000000 0.000000 1.196110
27  2.496795 0.000001 0.000000  -0.000000 -0.000000 0.510610
28  7.183347 -0.532080 -3.267608  0.092002 -0.569205 -0.163901
29  3.511584 -0.000001 0.000005  -0.000000 -0.000000 0.459239
30  2.199417 0.000000 0.000001  0.000000 -0.000000 0.877656
31  16.163136 0.000000 -3.830527  0.703564 0.858106 -2.571306
32  14.868248 0.000000 0.000001  -0.190265 -0.120601 -1.809949
33  26.391966 0.000004 0.000005  0.000000 0.000000 -1.701924
34  0.000002 0.000002 -0.000000  0.121661 0.000000 -0.000000
35  3.093514 0.000000 -0.000001  0.243344 -0.000000 0.000000
36  6.187024 0.000001 -0.000000  0.365010 0.000000 -0.000000
37  9.280539 0.000002 -0.000000  0.486676 -0.000000 0.000000
38  12.374043 0.000001 -0.000001  0.608355 -0.000000 -0.000000
39  15.467552 0.000000 -0.000000  0.730055 -0.000000 0.000000
40  18.561066 0.000002 0.000001  0.851708 0.000000 0.000000
41  21.654568 0.000000 0.000002  2.632028 -0.594896 -0.008684
42  1.410065 0.800529 2.089140  -1.966491 -0.287076 0.559263
43  3.954715 -0.000000 -0.000001  0.000000 -0.000000 0.375132
44  3.101566 -0.000001 -0.000002  -0.000000 0.000000 0.790793
45  7.183348 -0.532089 3.267617  0.052242 -0.011652 -0.158551
46  3.511586 0.000000 0.000000  0.000000 -0.000000 0.189253
47  2.199409 -0.000001 0.000001  -0.000000 -0.000000 -0.104054
48  7.145094 -0.676347 1.382433  0.255424 0.283825 0.886075
49  3.672211 0.000000 0.000000  -0.000000 -0.000000 1.435616
50  2.676521 -0.000000 -0.000001  0.000000 0.000000 1.062915
51  6.831167 -0.870866 -0.599911  0.339890 0.115856 1.057859
52  3.657084 0.000003 -0.000002  -0.000000 -0.000000 1.252192
53  2.496800 -0.000001 -0.000000  0.000000 0.000000 0.840195
54  6.164460 -0.898156 -2.575007  0.409526 -0.061317 1.152482
55  2.805842 0.000001 -0.000001  -0.000000 -0.000000 0.666009
56  2.307453 0.000001 -0.000003  0.000000 -0.000000 0.844543
57  0.000000 0.000000 0.000000  0.000001 -0.000000 -0.000000
58  10.464891 -32.319672 -16.880981  0.185143 0.507496 0.904982
59  -0.000002 -19.069492 4.681030  0.000000 -0.000000 0.000000
60  1.986525 0.000020 -3.123736  -2.705260 -0.000000 -1.570797
61  -1.986694 0.000021 -3.123745  0.436333 0.000001 1.570797
62  -0.000002 0.000000 -0.000001  0.000000 -0.000000 0.000000
63  -1.530661 0.861422 -3.109961  0.392682 0.000010 1.570745
64  -11.344168 1.135888 0.869268  0.000328 -0.024963 -0.026314
65  1.907529 0.861417 -2.954432  -0.392858 -0.000004 1.570778
66  -11.350041 -0.729402 0.864871  0.000154 -0.025335 0.026430
67  1.754237 4.036763 -1.682670  0.392549 -0.010099 -1.546344
68  -1.755145 4.036761 -1.682669  -0.392547 -0.010382 -1.594901
69  -0.164561 5.734780 5.880445  0.000000 -0.000000 -1.570730
70  1.203546 5.503718 4.339432  0.000000 -0.000000 0.000000
71  -1.260177 5.668895 5.788553  0.070161 -0.418898 2.970131
72  1.185468 17.272329 1.821942  0.000000 -0.000000 0.000000
73  0.060211 10.324435 74.469055  0.000000 -0.000000 0.000000
74  0.052670 -3.972635 3.515836  1.570735 -0.000061 -1.570735
75  4.804189 -3.856469 -0.006878  -0.000000 0.000000 -0.000000
76  -6.013983 -4.624462 -0.000001  0.000000 0.000000 -0.000000
77  -65.574089 -37.156052 0.002942  -0.786313 1.570710 0.783205
78  1.602690 -3.785218 0.003051  -0.786313 1.570710 0.784057
79  11.681376 -1.114743 -1.027845  -0.784300 1.570710 0.786008
80  19.766781 -3.800926 0.000001  0.000000 0.000000 -0.000000
81  3.258444 5.856952 -3.403523  -0.000000 -0.000000 -0.000000
82  15.153053 5.860579 -3.403519  0.000000 -0.000000 -0.000000
83  6.064252 77.294952 36.365799  1.570796 -0.000000 1.570796
84  -2.662415 1.445751 40.667961  0.000000 3.141591 1.570796
85  8.352066 2.772894 0.000542  -3.141589 0.000002 -0.000000
86  6.064251 72.973694 32.593250  1.570796 -0.000000 1.570796
87  -0.113682 5.957336 -0.188893  0.000000 -0.000000 0.000000
88  0.097222 0.210960 3.469590  0.000000 -0.000000 0.000000
89  0.000002 1.310211 0.000001  0.000000 -0.000000 0.000000
90  0.000001 0.582259 0.000001  0.000000 -0.000000 0.000000
91  0.036297 1.284880 7.928801  -0.000000 -0.000001 0.000000
92  -0.000001 1.310210 0.000001  0.000000 0.000000 0.000000
93  -0.000000 0.582259 0.000001  0.000000 0.000000 0.000000
94  5.969324 3.427458 -6.170647  -0.000000 -0.000001 -1.570797
95  -1.310210 0.000003 -0.000001  0.000000 -0.000000 -0.000000
96  -0.582260 0.000002 -0.000001  0.000000 -0.000000 -0.000000
97  5.969323 9.397399 -6.170656  -0.000000 -0.000001 -1.570796
98  -1.310211 -0.000001 -0.000002  0.000000 0.000000 -0.000000
99  -0.582259 -0.000001 -0.000003  0.000000 0.000000 -0.000000
100  5.969321 15.223768 -6.170669  0.000000 -0.000001 -1.570796
101  -1.310212 0.000002 -0.000000  -0.000000 0.000000 -0.000000
102  -0.582262 0.000001 0.000000  -0.000000 0.000000 -0.000000
103  5.969322 20.835569 -6.170668  0.000000 -0.000001 -1.570796
104  -1.310212 0.000002 -0.000001  -0.000000 0.000000 -0.000000
105  -0.582260 0.000000 0.000003  -0.000000 0.000000 -0.000000
106  5.969323 26.771208 -6.170671  0.000000 -0.000001 -1.570796
107  5.969323 32.597599 -6.170673  0.000000 -0.000001 -1.570796
108  5.969321 38.209396 -6.170684  0.000000 -0.000001 -1.570800
109  5.969324 49.488464 -6.170680  0.000000 -0.000001 -1.570800
110  -0.539091 -0.556811 -0.017360  -0.042462 2.681156 1.551919
111  -6.799124 -0.556808 0.818553  -0.272420 2.701993 1.452460
112  -4.615283 -0.556822 0.270331  -0.117230 2.684609 1.518878
113  -2.650968 -0.556809 0.063014  -0.042463 2.681158 1.551919
114  27.110336 1.284857 12.007552  0.000000 -0.000000 -0.000000
115  28.133425 1.284856 12.007549  0.000001 -0.000000 -0.000000
116  12.812885 2.241784 12.007553  0.000000 -0.000001 -0.000001
117  -9.955969 -0.319626 4.380217  -0.000001 -0.000000 -0.000001
118  -11.316474 -0.319625 4.380218  -0.000003 -0.000000 -0.000000
119  -12.667811 -0.319624 4.380217  -0.000003 -0.000000 0.000001
120  -14.022142 -0.319625 4.380218  0.000010 -0.000000 -0.000011
121  -15.373240 -0.319625 4.380216  0.000015 -0.000000 -0.000015
122  -16.724142 -0.319623 4.380218  -0.000009 -0.000000 0.000006
123  -18.074572 -0.319622 4.380217  -0.000006 -0.000000 0.000004
124  -19.423717 -0.319623 4.380217  0.000002 0.000000 -0.000004
125  -20.775272 -0.319622 4.380216  0.000003 0.000000 -0.000004
126  -22.126671 -0.319621 4.380217  0.000003 -0.000000 -0.000004
127  -23.478121 -0.319620 4.380218  0.000005 -0.000000 -0.000006
128  -24.830620 -0.319620 4.380217  0.000036 -0.000000 -0.000038
129  -26.182026 -0.319618 4.380218  -0.000011 -0.000000 0.000011
130  0.529178 -0.167131 0.629488  -0.101270 -0.000000 0.000000
131  -0.211443 -0.241684 0.155364  -0.145847 -0.000000 0.000000
132  0.529189 -0.280702 -0.110289  -0.145847 -0.000000 -0.000000
133  -0.173928 -0.337327 -0.638492  -0.181751 -0.000000 0.000000
134  0.529189 -0.399247 -0.975390  -0.181751 -0.000000 0.000000
135  -0.211445 -0.464479 -1.431039  -0.192399 -0.000000 0.000000
136  0.529189 -0.515810 -1.694580  -0.192399 -0.000000 0.000000
137  -0.173927 -0.612154 -2.231909  -0.216703 -0.000000 0.000000
138  0.529186 -0.685807 -2.566437  -0.216703 -0.000000 -0.000000
139  -0.211444 -0.769562 -3.027869  -0.237349 -0.000000 0.000000
140  0.529189 -0.832687 -3.288844  -0.237349 -0.000000 -0.000000
141  -0.173936 -0.945283 -3.779560  -0.233859 0.000000 0.000000
142  0.529179 -1.024660 -4.112778  -0.233859 0.000000 -0.000000
143  -0.211444 -1.132188 -4.577545  -0.262919 -0.000000 0.000000
144  0.529189 -1.201965 -4.836821  -0.262919 0.000000 -0.000000
145  -0.000006 -2.810944 -10.636627  0.258454 0.000000 3.141592
146  -0.192456 -1.345780 -5.370042  -0.280373 0.000000 0.000000
147  0.533984 -1.413514 -5.605103  -0.276883 0.000000 0.000000
148  -0.206619 -1.795762 -6.909776  -0.287354 0.000000 0.000000
149  -0.205806 -1.564819 -6.138251  -0.290843 0.000000 0.000000
150  0.530458 -1.643678 -6.395212  -0.290844 0.000000 0.000000
151  0.535311 -1.790711 -7.204129  -0.287354 -0.000000 0.000000
152  -0.202704 -2.030487 -7.702828  -0.286180 -0.000000 0.000000
153  0.509548 -2.118895 -8.011620  -0.298398 -0.000000 0.000000
154  -0.202706 -2.255280 -8.465169  -0.283134 -0.000000 0.000000
155  0.509548 -2.352981 -8.771154  -0.295352 -0.000000 0.000000
156  -0.202704 -2.481598 -9.235467  -0.285437 -0.000000 0.000000
157  0.509547 -2.588685 -9.538637  -0.297654 -0.000000 0.000000
158  0.170123 -21.222094 -1.001137  -0.000001 -0.000001 0.000000
159  0.170120 -20.843868 -0.397180  -0.000001 -0.000001 0.000000
160  0.170122 -20.489748 -1.001138  -0.000001 -0.000001 0.000000
161  0.170123 -20.111073 -0.397178  -0.000001 -0.000001 0.000000
162  0.170122 -19.380093 -0.397182  -0.000001 -0.000001 0.000000
163  0.170123 -19.025110 -1.001143  -0.000001 -0.000001 0.000000
164  0.170123 -18.646662 -0.396442  -0.000001 -0.000001 0.000000
165  0.170123 -19.755762 -1.001138  -0.000001 -0.000001 0.000000
166  -0.015975 10.035399 1.098092  0.000000 -0.000000 0.000000
167  -0.104324 -52.163578 4.437349  1.570735 -0.000061 -1.570735
168  0.064651 27.351341 72.195213  0.000000 -0.000000 0.000000
169  6.064256 95.114021 31.645500  -0.000000 -0.000001 1.570796
170  -0.103717 -26.907864 3.305356  0.000000 -0.000000 -1.570730
171  6.064254 69.096558 37.164322  1.570796 -0.000000 1.570796
172  1.974300 11.989229 4.589252  0.000000 -0.000000 0.000000
173  1.941734 0.883626 4.309756  0.000000 -0.000000 -1.483525
174  -0.115680 1.104774 6.744194  0.000000 -0.000000 0.000000
175  6.064260 89.329811 31.613916  -0.000000 -0.000001 1.570796
176  0.059883 2.255373 54.398026  0.000000 -0.000000 0.000000
177  0.003493 -22.270653 -0.000004  1.570735 -0.000061 -1.570735
178  0.104008 14.792239 1.530322  0.000000 -0.000000 0.000000
179  3.000523 -2.985220 1.029103  2.067399 -0.085866 -1.929634
180  -2.951614 25.811047 -3.742301  -0.096365 0.008023 -1.450340
181  -2.662416 1.445778 33.628746  0.000487 3.141104 1.570796
182  8.352068 2.772897 0.000540  -3.140902 0.000003 -0.000001
183  -2.662413 1.445783 40.667973  0.000487 3.141104 1.570796
184  8.352068 2.772900 0.000541  -3.140902 0.000003 -0.000001
185  -1.431357 16.384777 4.137813  0.000001 -0.000000 0.000000
186  -0.001845 0.521681 -0.140287  0.000000 -0.000000 0.000000
187  7.323105 -5.136198 -5.166235  0.000000 0.000000 -0.610865
188  2.698277 -0.000002 -0.000003  -0.000012 0.000000 0.000000
189  2.834158 -0.000003 0.000003  0.000013 0.000000 0.000000
190  2.648916 -0.000000 0.000002  -0.000001 -0.000001 0.000000
191  2.667499 -0.000002 0.000003  0.000000 0.000000 -0.000000
192  2.426701 -0.000003 0.000000  0.000000 0.000000 -0.000000
193  -0.494742 -44.353455 -1.302296  1.570797 -0.000000 -1.570797
194  11.545933 73.768417 -3.792007  0.000000 -0.000000 0.000000
195  -0.011105 -16.902819 1.952051  0.000001 -0.000000 0.000000
196  0.000003 0.000004 -1.529053  -0.000000 -0.000000 0.000000
197  -0.078943 0.000000 0.000002  0.000000 0.000001 1.570796
198  0.097090 -0.000000 0.000001  -0.000000 -3.141592 1.570796
199  0.000000 0.000000 -0.000000  0.000000 -0.000000 -0.000000
200  -11.297796 -17.842133 -14.509249  -0.591704 0.226931 -0.653093
201  14.676189 -32.011070 -17.936480  1.527849 -0.093736 -1.023245
time 29
0  0 0 0  0 0 0
1  0.000000 0.000000 0.000000  0.000000 -0.000000 -0.000000
2  -0.000000 -0.000000 -55.423229  0.000000 -0.000000 -1.570730
3  -0.012872 0.000000 8.235027  -0.784749 -1.570710 -0.785986
4  16.163124 -0.010663 0.007211  -0.594297 0.000409 -0.000125
5  16.163132 -0.000000 3.830524  -1.333359 -0.199015 -2.456806
6  14.868229 0.000001 0.000001  -0.820044 0.751669 -1.712209
7  26.391943 -0.000003 0.000001  -0.000000 0.000000 -1.375619
8  -0.000004 0.000001 0.000000  -0.139338 -0.000000 -0.000000
9  3.093516 -0.000001 0.000000  -0.278680 -0.000000 -0.000000
10  6.187024 -0.000003 0.000000  -0.418090 -0.000000 -0.000000
11  9.280535 -0.000003 0.000001  -0.557438 -0.000000 -0.000000
12  12.374048 -0.000005 0.000003  -0.696770 -0.000000 -0.000000
13  15.467557 -0.000004 0.000002  -0.836186 -0.000000 -0.000000
14  18.561058 -0.000005 0.000003  -0.975507 -0.000000 -0.000000
15  21.654573 -0.000008 0.000003  -2.948993 -0.443808 0.795993
16  1.410070 0.800535 -2.089135  1.926816 0.229617 0.446891
17  3.954706 -0.000002 0.000004  0.032650 -0.305879 0.082888
18  3.101571 0.000000 -0.000000  0.038488 -0.173200 0.020373
19  6.164458 -0.898153 2.575006  -0.464106 -0.015897 1.186542
20  2.805846 0.000002 -0.000002  0.000000 -0.000000 0.521973
21  2.307442 -0.000003 -0.000001  -0.000000 0.000000 0.361287
22  7.145092 -0.676342 -1.382431  0.048305 -0.466031 0.179016
23  3.672214 -0.000004 0.000000  0.000000 0.000000 1.094786
24  2.676519 0.000005 0.000000  0.000000 0.000000 0.976405
25  6.831181 -0.870864 0.599914  -0.198432 -0.274957 0.706750
26  3.657079 0.000000 -0.000002  0.000000 0.000000 1.196110
27  2.496792 -0.000000 0.000001  -0.000000 -0.000000 0.510610
28  7.183347 -0.532081 -3.267609  0.092002 -0.569205 -0.163901
29  3.511581 0.000001 0.000002  -0.000000 -0.000000 0.459239
30  2.199416 -0.000000 0.000000  0.000000 -0.000000 0.877656
31  16.163136 0.000000 -3.830527  0.703564 0.858106 -2.571306
32  14.868248 0.000000 0.000001  -0.189700 -0.117472 -1.802681
33  26.391968 0.000004 0.000003  0.000000 0.000000 -1.713629
34  -0.000003 0.000000 0.000002  0.120621 0.000000 -0.000000
35  3.093513 -0.000003 0.000001  0.241315 0.000000 0.000000
36  6.187021 -0.000002 0.000003  0.361969 0.000000 0.000000
37  9.280535 -0.000002 0.000000  0.482589 0.000000 0.000000
38  12.374040 -0.000002 0.000004  0.603303 0.000000 -0.000000
39  15.467548 -0.000001 0.000002  0.723917 -0.000000 0.000000
40  18.561064 -0.000001 0.000003  0.844609 -0.000000 0.000000
41  21.654562 -0.000002 0.000004  2.613144 -0.594766 0.018147
42  1.410063 0.800527 2.089143  -1.966491 -0.287076 0.559263
43  3.954715 -0.000001 -0.000000  0.000000 -0.000000 0.375132
44  3.101565 -0.000001 -0.000003  -0.000000 -0.000000 0.790793
45  7.183349 -0.532093 3.267621  0.052242 -0.011652 -0.158551
46  3.511588 -0.000000 0.000000  -0.000000 0.000000 0.189253
47  2.199409 0.000001 -0.000001  0.000000 -0.000000 -0.104054
48  7.145095 -0.676348 1.382436  0.255424 0.283825 0.886075
49  3.672213 0.000003 0.000002  -0.000000 -0.000000 1.435616
50  2.676522 -0.000002 0.000000  0.000000 -0.000000 1.062915
51  6.831169 -0.870869 -0.599908  0.339890 0.115856 1.057859
52  3.657081 -0.000001 0.000001  -0.000000 -0.000000 1.252193
53  2.496797 0.000002 -0.000002  0.000000 0.000000 0.840195
54  6.164460 -0.898157 -2.575003  0.409526 -0.061317 1.152482
55  2.805843 0.000001 0.000001  -0.000000 0.000000 0.666009
56  2.307449 -0.000001 0.000000  -0.000000 -0.000000 0.844543
57  0.000000 0.000000 0.000000  0.000001 -0.000000 -0.000000
58  10.102001 -32.504745 -16.841066  0.181643 0.519401 0.885777
59  0.000009 -19.069477 4.681030  0.000000 -0.000000 -0.000000
60  1.986523 0.000016 -3.123738  -2.705260 -0.000000 -1.570797
61  -1.986691 0.000017 -3.123747  0.436333 0.000001 1.570797
62  -0.000000 -0.000000 -0.000003  0.000000 -0.000000 -0.000000
63  -1.530662 0.861421 -3.109962  0.392682 0.000010 1.570745
64  -11.344169 1.135890 0.869270  0.000329 -0.024963 -0.026314
65  1.907527 0.861417 -2.954431  -0.392858 -0.000004 1.570778
66  -11.350040 -0.729404 0.864868  0.000154 -0.025335 0.026430
67  1.754232 4.036758 -1.682671  0.392549 -0.010099 -1.546344
68  -1.755149 4.036756 -1.682670  -0.392547 -0.010382 -1.594901
69  -0.164557 5.734786 5.880444  -0.000000 0.000000 -1.570730
70  1.203549 5.503726 4.339430  0.000000 -0.000000 -0.000000
71  -1.260174 5.668904 5.788551  0.070161 -0.418898 2.970130
72  1.185470 17.272337 1.821941  0.000000 -0.000000 -0.000000
73  0.060221 10.324436 74.469055  0.000000 -0.000000 -0.000000
74  0.052676 -3.972626 3.515842  1.570735 -0.000061 -1.570735
75  4.804186 -3.856467 -0.006878  0.000000 -0.000000 0.000000
76  -6.013985 -4.624461 0.000000  0.000000 0.000000 -0.000000
77  -65.574081 -37.156040 0.002933  -0.787226 1.570710 0.783996
78  1.602686 -3.785216 0.003052  -0.786495 1.570710 0.784605
79  11.681376 -1.114743 -1.027845  -0.784971 1.570710 0.785825
80  19.766781 -3.800925 0.000005  -0.000000 -0.000000 0.000000
81  3.258441 5.856952 -3.403522  -0.000000 -0.000000 -0.000000
82  15.153049 5.860580 -3.403519  0.000000 -0.000000 0.000000
83  6.064253 77.294952 36.365795  1.570796 0.000000 1.570796
84  -2.662410 1.445758 40.667957  0.000000 3.141591 1.570796
85  8.352063 2.772895 0.000538  -3.141589 0.000002 -0.000000
86  6.064251 72.973701 32.593250  1.570796 0.000000 1.570796
87  -0.113679 5.957342 -0.188896  0.000000 -0.000000 -0.000000
88  0.097227 0.210967 3.469589  0.000000 -0.000000 -0.000000
89  0.000001 1.310214 -0.000001  0.000000 -0.000000 0.000000
90  0.000001 0.582262 -0.000001  0.000000 -0.000000 0.000000
91  0.036299 1.284883 7.928799  0.000000 -0.000001 0.000000
92  0.000001 1.310211 0.000000  0.000000 0.000000 0.000000
93  0.000001 0.582260 0.000000  0.000000 0.000000 0.000000
94  5.969324 3.427460 -6.170650  -0.000000 -0.000001 -1.570797
95  -1.310211 0.000001 -0.000002  0.000000 -0.000000 -0.000000
96  -0.582261 0.000000 -0.000001  0.000000 0.000000 -0.000000
97  5.969323 9.397402 -6.170656  -0.000000 -0.000001 -1.570796
98  -1.310211 0.000001 0.000001  0.000000 0.000000 -0.000000
99  -0.582258 -0.000000 -0.000001  0.000000 0.000000 -0.000000
100  5.969324 15.223770 -6.170670  0.000000 -0.000001 -1.570796
101  -1.310211 0.000001 -0.000002  -0.000000 0.000000 -0.000000
102  -0.582259 -0.000000 -0.000002  -0.000000 0.000000 -0.000000
103  5.969325 20.835571 -6.170671  0.000000 -0.000001 -1.570796
104  -1.310210 0.000001 -0.000003  -0.000000 0.000000 -0.000000
105  -0.582260 -0.000000 0.000000  -0.000000 0.000000 -0.000000
106  5.969324 26.771208 -6.170671  0.000000 -0.000001 -1.570796
107  5.969325 32.597595 -6.170675  0.000000 -0.000001 -1.570796
108  5.969324 38.209396 -6.170683  -0.000000 -0.000001 -1.570800
109  5.969323 49.488464 -6.170683  -0.000000 -0.000001 -1.570800
110  -0.539087 -0.556807 -0.017363  -0.042462 2.681156 1.551919
111  -6.799121 -0.556804 0.818550  -0.272420 2.701993 1.452460
112  -4.615281 -0.556820 0.270329  -0.117230 2.684609 1.518878
113  -2.650966 -0.556805 0.063011  -0.042463 2.681158 1.551919
114  27.110336 1.284857 12.007548  0.000000 -0.000000 -0.000000
115  28.133425 1.284858 12.007546  0.000001 -0.000000 -0.000000
116  12.812889 2.241786 12.007551  0.000000 -0.000001 -0.000001
117  -9.955966 -0.319621 4.380215  -0.000001 -0.000000 -0.000001
118  -11.316471 -0.319620 4.380215  -0.000003 -0.000000 -0.000000
119  -12.667809 -0.319620 4.380215  -0.000003 -0.000000 0.000001
120  -14.022141 -0.319620 4.380215  0.000010 -0.000000 -0.000011
121  -15.373239 -0.319621 4.380215  0.000015 -0.000000 -0.000015
122  -16.724140 -0.319619 4.380216  -0.000009 -0.000000 0.000006
123  -18.074572 -0.319621 4.380214  -0.000006 -0.000000 0.000004
124  -19.423714 -0.319619 4.380215  0.000002 0.000000 -0.000004
125  -20.775267 -0.319617 4.380215  0.000003 0.000000 -0.000004
126  -22.126669 -0.319616 4.380216  0.000003 0.000000 -0.000004
127  -23.478123 -0.319618 4.380215  0.000005 -0.000000 -0.000006
128  -24.830620 -0.319619 4.380215  0.000036 0.000000 -0.000038
129  -26.182028 -0.319616 4.380215  -0.000011 -0.000000 0.000011
130  0.529181 -0.167127 0.629485  -0.101270 -0.000000 0.000000
131  -0.211442 -0.241682 0.155361  -0.145847 -0.000000 0.000000
132  0.529193 -0.280698 -0.110292  -0.145847 -0.000000 -0.000000
133  -0.173924 -0.337323 -0.638495  -0.181751 -0.000000 0.000000
134  0.529191 -0.399244 -0.975393  -0.181751 -0.000000 0.000000
135  -0.211442 -0.464474 -1.431041  -0.192399 -0.000000 0.000000
136  0.529192 -0.515807 -1.694583  -0.192399 -0.000000 0.000000
137  -0.173927 -0.612151 -2.231912  -0.216703 -0.000000 0.000000
138  0.529187 -0.685805 -2.566439  -0.216703 -0.000000 -0.000000
139  -0.211443 -0.769558 -3.027869  -0.237349 -0.000000 0.000000
140  0.529191 -0.832684 -3.288846  -0.237349 -0.000000 -0.000000
141  -0.173937 -0.945278 -3.779563  -0.233859 0.000000 0.000000
142  0.529180 -1.024656 -4.112780  -0.233859 0.000000 -0.000000
143  -0.211442 -1.132184 -4.577548  -0.262919 -0.000000 0.000000
144  0.529191 -1.201964 -4.836825  -0.262919 0.000000 -0.000000
145  -0.000003 -2.810941 -10.636631  0.258454 0.000000 3.141592
146  -0.192451 -1.345775 -5.370045  -0.280373 0.000000 0.000000
147  0.533984 -1.413510 -5.605103  -0.276883 0.000000 0.000000
148  -0.206615 -1.795758 -6.909780  -0.287354 0.000000 0.000000
149  -0.205801 -1.564817 -6.138256  -0.290843 0.000000 0.000000
150  0.530461 -1.643674 -6.395214  -0.290844 0.000000 0.000000
151  0.535312 -1.790708 -7.204131  -0.287354 -0.000000 0.000000
152  -0.202702 -2.030485 -7.702829  -0.286180 -0.000000 0.000000
153  0.509550 -2.118894 -8.011625  -0.298398 -0.000000 0.000000
154  -0.202703 -2.255277 -8.465174  -0.283134 -0.000000 0.000000
155  0.509550 -2.352978 -8.771159  -0.295352 -0.000000 0.000000
156  -0.202701 -2.481594 -9.235471  -0.285437 -0.000000 0.000000
157  0.509547 -2.588681 -9.538638  -0.297654 -0.000000 0.000000
158  0.170126 -21.222088 -1.001142  -0.000001 -0.000001 0.000000
159  0.170124 -20.843861 -0.397182  -0.000001 -0.000001 0.000000
160  0.170127 -20.489740 -1.001141  -0.000001 -0.000001 0.000000
161  0.170126 -20.111065 -0.397183  -0.000001 -0.000001 0.000000
162  0.170125 -19.380087 -0.397188  -0.000001 -0.000001 0.000000
163  0.170125 -19.025105 -1.001146  -0.000001 -0.000001 0.000000
164  0.170123 -18.646658 -0.396449  -0.000001 -0.000001 0.000000
165  0.170125 -19.755758 -1.001142  -0.000001 -0.000001 0.000000
166  -0.015973 10.035406 1.098089  0.000000 -0.000000 -0.000000
167  -0.104324 -52.163570 4.437344  1.570735 -0.000061 -1.570735
168  0.064657 27.351345 72.195206  0.000000 -0.000000 -0.000000
169  6.064255 95.114014 31.645500  -0.000000 -0.000001 1.570796
170  -0.103716 -26.907869 3.305354  -0.000000 0.000000 -1.570730
171  6.064258 69.096558 37.164322  1.570796 0.000000 1.570796
172  1.974304 11.989237 4.589250  0.000000 -0.000000 -0.000000
173  1.941737 0.883634 4.309754  0.000000 0.000000 -1.483524
174  -0.115677 1.104782 6.744192  0.000000 -0.000000 -0.000000
175  6.064260 89.329803 31.613922  -0.000000 -0.000001 1.570796
176  0.059886 2.255382 54.398026  0.000000 -0.000000 -0.000000
177  0.003497 -22.270651 -0.000004  1.570735 -0.000061 -1.570735
178  0.104010 14.792246 1.530320  0.000000 -0.000000 -0.000000
179  3.000525 -2.985214 1.029099  2.067399 -0.085866 -1.929634
180  -2.951614 25.811052 -3.742300  -0.096365 0.008023 -1.450340
181  -2.662414 1.445788 33.628742  0.000487 3.141104 1.570796
182  8.352072 2.772894 0.000539  -3.140902 0.000003 -0.000001
183  -2.662410 1.445791 40.667969  0.000487 3.141104 1.570796
184  8.352066 2.772892 0.000539  -3.140902 0.000003 -0.000001
185  -1.431356 16.384783 4.137811  0.000001 -0.000000 0.000000
186  -0.001845 0.521687 -0.140289  0.000000 -0.000000 -0.000000
187  7.323111 -5.136186 -5.166237  0.000000 0.000000 -0.610865
188  2.698278 -0.000002 0.000003  -0.000012 0.000000 0.000000
189  2.834158 0.000001 0.000002  0.000013 0.000000 0.000000
190  2.648919 -0.000001 0.000000  -0.000001 -0.000001 0.000000
191  2.667500 -0.000005 0.000002  0.000000 0.000000 -0.000000
192  2.426698 -0.000001 -0.000001  0.000000 0.000000 -0.000000
193  -0.494740 -44.353443 -1.302298  1.570797 0.000000 -1.570797
194  11.545935 73.768417 -3.792009  0.000000 -0.000000 -0.000000
195  -0.011099 -16.902809 1.952046  0.000001 -0.000000 -0.000000
196  0.000000 0.000000 -1.529051  -0.000000 -0.000000 0.000000
197  -0.078939 -0.000003 0.000001  0.000000 0.000001 1.570796
198  0.097094 -0.000003 -0.000001  -0.000000 -3.141592 1.570796
199  0.000000 0.000000 -0.000000  0.000000 -0.000000 -0.000000
200  -11.397968 -17.624479 -14.523703  -0.603996 0.224059 -0.673245
201  14.315590 -32.281448 -17.920135  1.517673 -0.100760 -1.039718
time 30
0  0 0 0  0 0 0
1  0.000000 0.000000 0.000000  0.000000 -0.000000 -0.000000
2  -0.000000 -0.000000 -55.423229  0.000000 -0.000000 -1.570730
3  -0.012872 0.000000 8.235027  -0.784749 -1.570710 -0.785986
4  16.163124 -0.010663 0.007211  -0.594297 0.000409 -0.000125
5  16.163132 -0.000000 3.830524  -1.333359 -0.199015 -2.456806
6  14.868229 0.000001 0.000001  -0.821127 0.754080 -1.719104
7  26.391945 -0.000003 -0.000001  -0.000000 0.000000 -1.360890
8  -0.000007 0.000006 0.000001  -0.140990 -0.000000 -0.000000
9  3.093510 0.000005 0.000002  -0.281947 -0.000000 -0.000000
10  6.187018 0.000004 0.000001  -0.422958 -0.000000 -0.000000
11  9.280527 0.000005 0.000003  -0.563980 0.000000 -0.000000
12  12.374044 -0.000000 0.000002  -0.704958 -0.000000 -0.000000
13  15.467551 0.000001 0.000003  -0.845948 -0.000000 -0.000000
14  18.561050 0.000002 0.000003  -0.986994 -0.000000 -0.000000
15  21.654568 -0.000000 0.000003  -2.956272 -0.435646 0.780679
16  1.410071 0.800540 -2.089134  1.926816 0.229617 0.446891
17  3.954708 0.000004 0.000004  0.032650 -0.305879 0.082888
18  3.101569 -0.000006 0.000002  0.038488 -0.173200 0.020373
19  6.164466 -0.898152 2.575014  -0.464106 -0.015897 1.186542
20  2.805842 0.000001 -0.000001  0.000000 0.000000 0.521973
21  2.307443 0.000002 0.000000  -0.000000 0.000000 0.361287
22  7.145100 -0.676340 -1.382425  0.048305 -0.466031 0.179016
23  3.672211 0.000002 0.000001  0.000000 0.000000 1.094786
24  2.676518 -0.000002 0.000002  0.000000 0.000000 0.976405
25  6.831183 -0.870862 0.599916  -0.198432 -0.274957 0.706750
26  3.657078 -0.000001 -0.000004  0.000000 0.000000 1.196110
27  2.496794 0.000001 0.000001  -0.000000 -0.000000 0.510610
28  7.183352 -0.532077 -3.267606  0.092002 -0.569205 -0.163901
29  3.511587 0.000003 0.000002  -0.000000 -0.000000 0.459239
30  2.199416 -0.000001 0.000002  0.000000 -0.000000 0.877656
31  16.163136 0.000000 -3.830527  0.703564 0.858106 -2.571306
32  14.868248 0.000000 0.000001  -0.191801 -0.118081 -1.797623
33  26.391968 0.000000 0.000003  0.000000 0.000000 -1.722319
34  0.000002 0.000001 -0.000001  0.119765 0.000000 -0.000000
35  3.093513 -0.000002 0.000001  0.239532 0.000000 0.000000
36  6.187022 0.000000 0.000003  0.359301 0.000000 0.000000
37  9.280537 0.000000 0.000002  0.479070 -0.000000 0.000000
38  12.374043 -0.000001 0.000001  0.598894 -0.000000 -0.000000
39  15.467551 -0.000001 0.000002  0.718633 -0.000000 0.000000
40  18.561066 0.000001 0.000003  0.838457 0.000000 0.000000
41  21.654564 -0.000002 0.000004  2.595641 -0.591613 0.042319
42  1.410064 0.800527 2.089143  -1.966491 -0.287076 0.559263
43  3.954713 -0.000003 0.000001  0.000000 -0.000000 0.375132
44  3.101566 -0.000003 -0.000001  -0.000000 -0.000000 0.790793
45  7.183350 -0.532093 3.267620  0.052242 -0.011652 -0.158551
46  3.511587 -0.000001 -0.000001  -0.000000 -0.000000 0.189253
47  2.199408 0.000003 -0.000001  -0.000000 0.000000 -0.104054
48  7.145095 -0.676347 1.382434  0.255424 0.283825 0.886075
49  3.672212 0.000000 0.000000  -0.000000 -0.000000 1.435616
50  2.676520 -0.000001 -0.000001  -0.000000 -0.000000 1.062915
51  6.831169 -0.870870 -0.599908  0.339890 0.115856 1.057859
52  3.657083 0.000001 0.000001  -0.000000 -0.000000 1.252192
53  2.496798 -0.000000 -0.000001  0.000000 0.000000 0.840195
54  6.164460 -0.898158 -2.575004  0.409526 -0.061317 1.152482
55  2.805845 0.000003 0.000001  -0.000000 -0.000000 0.666009
56  2.307450 -0.000002 0.000000  0.000000 -0.000000 0.844543
57  0.000000 0.000000 0.000000  0.000001 -0.000000 -0.000000
58  9.853708 -32.703033 -16.898542  0.178210 0.527458 0.869673
59  0.000006 -19.069485 4.681033  0.000000 0.000000 -0.000000
60  1.986524 0.000013 -3.123740  -2.705260 -0.000000 -1.570797
61  -1.986691 0.000020 -3.123746  0.436333 0.000001 1.570797
62  0.000001 0.000000 -0.000001  0.000000 0.000000 -0.000000
63  -1.530661 0.861419 -3.109962  0.392682 0.000010 1.570745
64  -11.344164 1.135890 0.869262  0.000328 -0.024963 -0.026314
65  1.907534 0.861418 -2.954431  -0.392858 -0.000004 1.570778
66  -11.350042 -0.729408 0.864870  0.000154 -0.025335 0.026430
67  1.754238 4.036757 -1.682671  0.392549 -0.010099 -1.546344
68  -1.755144 4.036758 -1.682671  -0.392547 -0.010382 -1.594901
69  -0.164558 5.734783 5.880443  -0.000000 0.000000 -1.570730
70  1.203545 5.503719 4.339430  0.000000 0.000000 -0.000000
71  -1.260177 5.668899 5.788551  0.070161 -0.418898 2.970131
72  1.185467 17.272333 1.821941  0.000000 0.000000 -0.000000
73  0.060216 10.324434 74.469063  0.000000 0.000000 -0.000000
74  0.052673 -3.972628 3.515841  1.570735 -0.000061 -1.570735
75  4.804185 -3.856466 -0.006874  -0.000000 0.000000 0.000000
76  -6.013985 -4.624461 0.000001  -0.000000 0.000000 -0.000000
77  -65.574089 -37.156044 0.002944  -0.787411 1.570710 0.783509
78  1.602684 -3.785216 0.003051  -0.787045 1.570710 0.784483
79  11.681369 -1.114741 -1.027846  -0.786008 1.570710 0.785398
80  19.766779 -3.800923 0.000005  -0.000000 0.000000 0.000000
81  3.258442 5.856953 -3.403519  -0.000000 -0.000000 -0.000001
82  15.153049 5.860580 -3.403520  -0.000000 -0.000000 -0.000000
83  6.064254 77.294945 36.365799  1.570796 -0.000000 1.570796
84  -2.662412 1.445753 40.667961  -0.000000 3.141591 1.570796
85  8.352064 2.772893 0.000542  -3.141589 0.000002 -0.000000
86  6.064257 72.973694 32.593254  1.570796 -0.000000 1.570796
87  -0.113677 5.957340 -0.188895  0.000000 0.000000 -0.000000
88  0.097224 0.210964 3.469584  0.000000 0.000000 -0.000000
89  0.000000 1.310211 -0.000000  0.000000 0.000000 0.000000
90  -0.000001 0.582260 0.000000  0.000000 0.000000 0.000000
91  0.036297 1.284879 7.928798  0.000000 -0.000001 0.000000
92  -0.000000 1.310213 0.000001  0.000000 -0.000000 0.000000
93  0.000000 0.582261 0.000001  0.000000 -0.000000 0.000000
94  5.969322 3.427459 -6.170650  -0.000001 -0.000001 -1.570797
95  -1.310211 -0.000000 0.000002  0.000000 -0.000000 -0.000000
96  -0.582260 -0.000000 0.000002  0.000000 0.000000 -0.000000
97  5.969321 9.397400 -6.170660  -0.000001 -0.000001 -1.570796
98  -1.310212 -0.000000 -0.000002  0.000000 0.000000 -0.000000
99  -0.582261 -0.000000 -0.000003  0.000000 0.000001 -0.000000
100  5.969320 15.223769 -6.170671  -0.000000 -0.000001 -1.570796
101  -1.310210 0.000002 0.000002  -0.000000 0.000000 -0.000000
102  -0.582259 0.000001 0.000001  -0.000000 0.000000 -0.000000
103  5.969323 20.835569 -6.170671  -0.000000 -0.000001 -1.570796
104  -1.310212 0.000001 -0.000000  -0.000000 0.000000 -0.000000
105  -0.582260 0.000000 0.000001  -0.000000 0.000000 -0.000000
106  5.969322 26.771208 -6.170672  -0.000000 -0.000001 -1.570796
107  5.969322 32.597595 -6.170674  -0.000000 -0.000001 -1.570796
108  5.969322 38.209396 -6.170684  -0.000000 -0.000001 -1.570800
109  5.969324 49.488464 -6.170684  -0.000000 -0.000001 -1.570800
110  -0.539091 -0.556807 -0.017363  -0.042462 2.681156 1.551919
111  -6.799124 -0.556804 0.818549  -0.272420 2.701993 1.452460
112  -4.615284 -0.556822 0.270327  -0.117230 2.684609 1.518878
113  -2.650972 -0.556807 0.063011  -0.042463 2.681158 1.551919
114  27.110332 1.284856 12.007549  0.000000 -0.000000 -0.000000
115  28.133423 1.284856 12.007547  0.000001 -0.000000 -0.000000
116  12.812886 2.241786 12.007549  0.000000 -0.000001 -0.000001
117  -9.955968 -0.319623 4.380214  -0.000001 -0.000000 -0.000001
118  -11.316474 -0.319622 4.380215  -0.000003 -0.000000 -0.000000
119  -12.667810 -0.319621 4.380216  -0.000003 -0.000000 0.000001
120  -14.022141 -0.319620 4.380215  0.000010 -0.000000 -0.000011
121  -15.373240 -0.319620 4.380214  0.000015 -0.000000 -0.000015
122  -16.724142 -0.319621 4.380214  -0.000009 -0.000000 0.000006
123  -18.074572 -0.319620 4.380214  -0.000006 0.000000 0.000004
124  -19.423716 -0.319619 4.380215  0.000002 0.000000 -0.000004
125  -20.775272 -0.319619 4.380214  0.000003 0.000000 -0.000004
126  -22.126669 -0.319617 4.380217  0.000003 0.000000 -0.000004
127  -23.478121 -0.319616 4.380217  0.000005 0.000000 -0.000006
128  -24.830622 -0.319619 4.380214  0.000036 0.000000 -0.000038
129  -26.182030 -0.319618 4.380215  -0.000011 0.000000 0.000011
130  0.529178 -0.167130 0.629482  -0.101270 -0.000000 0.000000
131  -0.211445 -0.241685 0.155360  -0.145847 -0.000000 0.000000
132  0.529190 -0.280700 -0.110294  -0.145847 -0.000000 -0.000000
133  -0.173929 -0.337327 -0.638497  -0.181751 -0.000000 0.000000
134  0.529188 -0.399247 -0.975395  -0.181751 -0.000000 0.000000
135  -0.211445 -0.464475 -1.431041  -0.192399 -0.000000 0.000000
136  0.529190 -0.515806 -1.694585  -0.192399 -0.000000 0.000000
137  -0.173929 -0.612151 -2.231912  -0.216703 -0.000000 0.000000
138  0.529187 -0.685805 -2.566440  -0.216703 -0.000000 -0.000000
139  -0.211446 -0.769562 -3.027872  -0.237349 -0.000000 0.000000
140  0.529186 -0.832687 -3.288847  -0.237349 -0.000000 -0.000000
141  -0.173939 -0.945282 -3.779564  -0.233859 0.000000 0.000000
142  0.529178 -1.024656 -4.112781  -0.233859 0.000000 -0.000000
143  -0.211446 -1.132186 -4.577548  -0.262919 -0.000000 0.000000
144  0.529190 -1.201964 -4.836826  -0.262919 0.000000 -0.000000
145  -0.000006 -2.810941 -10.636629  0.258454 0.000000 3.141592
146  -0.192456 -1.345778 -5.370046  -0.280373 0.000000 0.000000
147  0.533982 -1.413511 -5.605106  -0.276883 0.000000 0.000000
148  -0.206619 -1.795760 -6.909780  -0.287354 0.000000 0.000000
149  -0.205806 -1.564819 -6.138258  -0.290843 0.000000 0.000000
150  0.530460 -1.643675 -6.395216  -0.290844 0.000000 0.000000
151  0.535311 -1.790708 -7.204134  -0.287354 -0.000000 0.000000
152  -0.202706 -2.030486 -7.702833  -0.286180 -0.000000 0.000000
153  0.509545 -2.118896 -8.011626  -0.298398 -0.000000 0.000000
154  -0.202703 -2.255277 -8.465172  -0.283134 -0.000000 0.000000
155  0.509546 -2.352978 -8.771159  -0.295352 -0.000000 0.000000
156  -0.202705 -2.481595 -9.235472  -0.285437 -0.000000 0.000000
157  0.509545 -2.588684 -9.538640  -0.297654 -0.000000 0.000000
158  0.170118 -21.222090 -1.001141  -0.000001 -0.000001 0.000000
159  0.170118 -20.843866 -0.397184  -0.000001 -0.000001 0.000000
160  0.170123 -20.489744 -1.001142  -0.000001 -0.000001 0.000000
161  0.170122 -20.111069 -0.397184  -0.000001 -0.000001 0.000000
162  0.170122 -19.380087 -0.397185  -0.000001 -0.000001 0.000000
163  0.170124 -19.025106 -1.001148  -0.000001 -0.000001 0.000000
164  0.170122 -18.646658 -0.396448  -0.000001 -0.000001 0.000000
165  0.170124 -19.755756 -1.001143  -0.000001 -0.000001 0.000000
166  -0.015976 10.035402 1.098089  0.000000 0.000000 -0.000000
167  -0.104326 -52.163574 4.437344  1.570735 -0.000061 -1.570735
168  0.064656 27.351343 72.195206  0.000000 0.000000 -0.000000
169  6.064258 95.114014 31.645500  0.000000 -0.000001 1.570796
170  -0.103714 -26.907871 3.305356  -0.000000 0.000000 -1.570730
171  6.064254 69.096558 37.164322  1.570796 -0.000000 1.570796
172  1.974301 11.989231 4.589250  0.000000 0.000000 -0.000000
173  1.941734 0.883630 4.309753  0.000000 0.000000 -1.483525
174  -0.115678 1.104777 6.744192  0.000000 0.000000 -0.000000
175  6.064262 89.329803 31.613916  0.000000 -0.000001 1.570796
176  0.059883 2.255377 54.398026  0.000000 0.000000 -0.000000
177  0.003496 -22.270651 0.000003  1.570735 -0.000061 -1.570735
178  0.104009 14.792241 1.530319  0.000000 0.000000 -0.000000
179  3.000522 -2.985217 1.029100  2.067399 -0.085866 -1.929634
180  -2.951613 25.811049 -3.742301  -0.096365 0.008023 -1.450340
181  -2.662413 1.445782 33.628742  0.000487 3.141104 1.570796
182  8.352066 2.772898 0.000539  -3.140902 0.000003 -0.000001
183  -2.662411 1.445785 40.667973  0.000487 3.141104 1.570796
184  8.352066 2.772899 0.000541  -3.140902 0.000003 -0.000001
185  -1.431358 16.384777 4.137811  0.000001 0.000000 0.000000
186  -0.001846 0.521683 -0.140290  0.000000 0.000000 -0.000000
187  7.323106 -5.136191 -5.166238  -0.000000 0.000000 -0.610865
188  2.698278 0.000000 -0.000001  -0.000012 0.000000 0.000000
189  2.834160 0.000001 -0.000002  0.000013 0.000000 0.000000
190  2.648916 -0.000002 0.000002  -0.000001 -0.000001 0.000000
191  2.667500 0.000000 -0.000002  0.000000 0.000000 0.000000
192  2.426703 -0.000001 0.000003  0.000000 -0.000000 -0.000000
193  -0.494748 -44.353447 -1.302299  1.570797 0.000000 -1.570797
194  11.545937 73.768417 -3.792009  0.000000 0.000000 -0.000000
195  -0.011105 -16.902811 1.952046  0.000001 0.000000 -0.000000
196  -0.000003 0.000002 -1.529052  -0.000000 0.000000 -0.000000
197  -0.078943 0.000004 -0.000003  0.000000 0.000001 1.570796
198  0.097092 0.000003 0.000000  -0.000000 -3.141592 1.570796
199  0.000000 0.000000 -0.000000  0.000000 -0.000000 -0.000000
200  -11.420226 -17.495323 -14.641139  -0.612323 0.221138 -0.689507
201  14.068865 -32.546310 -17.990421  1.511076 -0.106363 -1.053381
time 31
0  0 0 0  0 0 0
1  0.000000 0.000000 0.000000  0.000000 -0.000000 -0.000000
2  -0.000000 -0.000000 -55.423229  0.000000 -0.000000 -1.570730
3  -0.012872 0.000000 8.235027  -0.784749 -1.570710 -0.785986
4  16.163124 -0.010663 0.007211  -0.594297 0.000409 -0.000125
5  16.163132 -0.000000 3.830524  -1.333359 -0.199015 -2.456806
6  14.868229 0.000001 0.000001  -0.820728 0.756846 -1.721417
7  26.391941 -0.000007 0.000001  -0.000000 0.000000 -1.347186
8  0.000001 -0.000000 0.000001  -0.142153 -0.000000 -0.000000
9  3.093518 -0.000001 0.000001  -0.284352 -0.000000 -0.000000
10  6.187025 -0.000001 0.000000  -0.426517 -0.000000 -0.000000
11  9.280537 -0.000004 0.000002  -0.568685 -0.000000 -0.000000
12  12.374049 -0.000003 0.000003  -0.710814 -0.000000 -0.000000
13  15.467557 -0.000003 0.000004  -0.853048 -0.000000 -0.000000
14  18.561058 -0.000002 0.000003  -0.995181 -0.000000 -0.000000
15  21.654573 -0.000006 0.000004  -2.960036 -0.429978 0.763626
16  1.410071 0.800536 -2.089134  1.926816 0.229617 0.446891
17  3.954707 -0.000001 0.000005  0.032650 -0.305879 0.082888
18  3.101569 0.000000 -0.000000  0.038488 -0.173200 0.020373
19  6.164467 -0.898152 2.575014  -0.464106 -0.015897 1.186542
20  2.805843 0.000003 -0.000002  -0.000000 -0.000000 0.521973
21  2.307441 -0.000001 -0.000001  -0.000000 0.000000 0.361287
22  7.145096 -0.676338 -1.382424  0.048305 -0.466031 0.179016
23  3.672214 -0.000003 -0.000002  0.000000 0.000000 1.094786
24  2.676517 0.000006 0.000001  0.000000 0.000000 0.976405
25  6.831182 -0.870865 0.599916  -0.198432 -0.274957 0.706750
26  3.657079 0.000000 -0.000003  0.000000 0.000000 1.196110
27  2.496793 0.000000 -0.000001  -0.000000 -0.000000 0.510610
28  7.183347 -0.532078 -3.267606  0.092002 -0.569205 -0.163901
29  3.511590 -0.000003 0.000001  -0.000000 -0.000000 0.459239
30  2.199411 0.000002 0.000002  0.000000 -0.000000 0.877656
31  16.163136 0.000000 -3.830527  0.703564 0.858106 -2.571306
32  14.868248 0.000000 0.000001  -0.196985 -0.122274 -1.793387
33  26.391966 0.000004 0.000002  0.000000 0.000000 -1.724851
34  0.000002 -0.000001 0.000004  0.118603 0.000000 -0.000000
35  3.093514 -0.000004 0.000003  0.237196 0.000000 0.000000
36  6.187022 -0.000000 0.000002  0.355828 0.000000 0.000000
37  9.280537 -0.000001 0.000001  0.474485 -0.000000 0.000000
38  12.374043 -0.000002 0.000004  0.593084 0.000000 -0.000000
39  15.467553 -0.000001 0.000004  0.711726 0.000000 0.000000
40  18.561066 0.000000 0.000003  0.830312 0.000000 0.000000
41  21.654568 -0.000001 0.000004  2.579446 -0.585367 0.057160
42  1.410063 0.800529 2.089142  -1.966491 -0.287076 0.559263
43  3.954714 -0.000004 -0.000000  -0.000000 0.000000 0.375132
44  3.101564 -0.000000 -0.000002  -0.000000 0.000000 0.790793
45  7.183351 -0.532092 3.267618  0.052242 -0.011652 -0.158551
46  3.511587 -0.000002 0.000000  -0.000000 -0.000000 0.189253
47  2.199409 0.000002 0.000000  0.000000 0.000000 -0.104054
48  7.145095 -0.676347 1.382434  0.255424 0.283825 0.886075
49  3.672210 0.000001 0.000002  -0.000000 -0.000000 1.435616
50  2.676522 -0.000000 0.000001  -0.000000 0.000000 1.062915
51  6.831170 -0.870868 -0.599910  0.339890 0.115856 1.057859
52  3.657083 0.000003 0.000002  -0.000000 -0.000000 1.252192
53  2.496798 -0.000000 -0.000003  0.000000 0.000000 0.840195
54  6.164461 -0.898154 -2.575007  0.409526 -0.061317 1.152482
55  2.805843 0.000003 -0.000001  0.000000 0.000000 0.666009
56  2.307450 -0.000001 0.000001  0.000000 -0.000000 0.844543
57  0.000000 0.000000 0.000000  0.000001 -0.000000 -0.000000
58  9.700912 -32.918945 -17.066179  0.174932 0.532616 0.859101
59  0.000008 -19.069483 4.681033  0.000000 -0.000000 0.000000
60  1.986526 0.000011 -3.123736  -2.705260 -0.000000 -1.570797
61  -1.986692 0.000011 -3.123743  0.436333 0.000001 1.570797
62  0.000002 -0.000003 0.000002  0.000000 -0.000000 0.000000
63  -1.530658 0.861417 -3.109958  0.392682 0.000010 1.570745
64  -11.344161 1.135892 0.869267  0.000328 -0.024963 -0.026314
65  1.907531 0.861408 -2.954428  -0.392858 -0.000004 1.570778
66  -11.350042 -0.729405 0.864868  0.000154 -0.025335 0.026430
67  1.754237 4.036752 -1.682666  0.392549 -0.010099 -1.546344
68  -1.755145 4.036754 -1.682668  -0.392547 -0.010382 -1.594901
69  -0.164556 5.734783 5.880445  -0.000000 -0.000000 -1.570730
70  1.203549 5.503723 4.339430  0.000000 -0.000000 0.000000
71  -1.260172 5.668901 5.788552  0.070161 -0.418898 2.970131
72  1.185471 17.272335 1.821943  0.000000 -0.000000 0.000000
73  0.060218 10.324434 74.469063  0.000000 -0.000000 0.000000
74  0.052679 -3.972627 3.515842  1.570735 -0.000061 -1.570735
75  4.804187 -3.856468 -0.006877  -0.000000 0.000000 0.000000
76  -6.013984 -4.624462 0.000000  0.000000 0.000000 -0.000000
77  -65.574089 -37.156052 0.002945  -0.787471 1.570710 0.783570
78  1.602688 -3.785219 0.003053  -0.786557 1.570710 0.784727
79  11.681373 -1.114742 -1.027845  -0.786069 1.570710 0.786130
80  19.766781 -3.800925 0.000003  -0.000000 -0.000000 -0.000000
81  3.258441 5.856954 -3.403521  -0.000000 -0.000000 -0.000001
82  15.153050 5.860579 -3.403519  0.000000 -0.000000 -0.000000
83  6.064254 77.294960 36.365795  1.570796 0.000000 1.570796
84  -2.662411 1.445754 40.667961  0.000000 3.141591 1.570796
85  8.352067 2.772897 0.000543  -3.141589 0.000002 0.000000
86  6.064256 72.973701 32.593250  1.570796 0.000000 1.570796
87  -0.113677 5.957336 -0.188892  0.000000 -0.000000 0.000000
88  0.097226 0.210965 3.469587  0.000000 -0.000000 0.000000
89  0.000003 1.310211 0.000000  0.000000 -0.000000 0.000000
90  0.000002 0.582260 -0.000000  0.000000 -0.000000 0.000000
91  0.036298 1.284880 7.928798  0.000000 -0.000001 0.000000
92  0.000001 1.310212 0.000001  0.000000 0.000000 0.000000
93  0.000000 0.582260 0.000001  0.000000 0.000000 0.000000
94  5.969324 3.427460 -6.170652  -0.000001 -0.000001 -1.570797
95  -1.310209 0.000002 -0.000001  0.000000 0.000000 -0.000000
96  -0.582260 -0.000000 0.000001  0.000000 0.000000 -0.000000
97  5.969321 9.397400 -6.170660  -0.000000 -0.000001 -1.570796
98  -1.310210 -0.000001 -0.000000  0.000000 0.000000 -0.000000
99  -0.582258 -0.000001 -0.000002  0.000000 0.000000 -0.000000
100  5.969323 15.223770 -6.170671  0.000000 -0.000001 -1.570796
101  -1.310211 0.000003 -0.000002  -0.000000 0.000000 -0.000000
102  -0.582260 0.000000 -0.000001  -0.000000 0.000000 -0.000000
103  5.969325 20.835571 -6.170674  0.000000 -0.000001 -1.570796
104  -1.310211 0.000002 0.000001  -0.000000 0.000000 -0.000000
105  -0.582261 0.000000 0.000003  -0.000000 0.000000 -0.000000
106  5.969324 26.771212 -6.170672  0.000000 -0.000001 -1.570796
107  5.969323 32.597599 -6.170674  0.000000 -0.000001 -1.570796
108  5.969322 38.209400 -6.170688  -0.000000 -0.000001 -1.570800
109  5.969325 49.488468 -6.170684  -0.000000 -0.000001 -1.570800
110  -0.539089 -0.556808 -0.017363  -0.042462 2.681156 1.551919
111  -6.799126 -0.556807 0.818549  -0.272420 2.701993 1.452460
112  -4.615282 -0.556822 0.270326  -0.117230 2.684609 1.518878
113  -2.650969 -0.556807 0.063010  -0.042463 2.681158 1.551919
114  27.110338 1.284855 12.007549  0.000000 -0.000000 -0.000000
115  28.133425 1.284856 12.007547  0.000001 -0.000000 -0.000000
116  12.812887 2.241786 12.007549  -0.000000 -0.000001 -0.000001
117  -9.955965 -0.319621 4.380214  -0.000001 -0.000000 -0.000001
118  -11.316471 -0.319623 4.380215  -0.000003 -0.000000 -0.000000
119  -12.667809 -0.319621 4.380214  -0.000003 -0.000000 0.000001
120  -14.022141 -0.319623 4.380214  0.000010 -0.000000 -0.000011
121  -15.373240 -0.319621 4.380213  0.000015 -0.000000 -0.000015
122  -16.724140 -0.319619 4.380213  -0.000009 -0.000000 0.000006
123  -18.074572 -0.319619 4.380213  -0.000006 -0.000000 0.000004
124  -19.423716 -0.319620 4.380214  0.000002 0.000000 -0.000004
125  -20.775270 -0.319620 4.380213  0.000003 0.000000 -0.000004
126  -22.126671 -0.319619 4.380214  0.000003 0.000000 -0.000004
127  -23.478125 -0.319621 4.380214  0.000005 -0.000000 -0.000006
128  -24.830622 -0.319619 4.380215  0.000036 -0.000000 -0.000038
129  -26.182030 -0.319619 4.380214  -0.000011 -0.000000 0.000011
130  0.529178 -0.167130 0.629483  -0.101270 -0.000000 0.000000
131  -0.211443 -0.241683 0.155360  -0.145847 -0.000000 0.000000
132  0.529190 -0.280700 -0.110293  -0.145847 -0.000000 -0.000000
133  -0.173925 -0.337324 -0.638496  -0.181751 -0.000000 0.000000
134  0.529190 -0.399245 -0.975394  -0.181751 -0.000000 0.000000
135  -0.211443 -0.464477 -1.431041  -0.192399 -0.000000 0.000000
136  0.529190 -0.515807 -1.694583  -0.192400 -0.000000 0.000000
137  -0.173927 -0.612152 -2.231912  -0.216703 -0.000000 0.000000
138  0.529190 -0.685804 -2.566440  -0.216703 -0.000000 -0.000000
139  -0.211443 -0.769560 -3.027871  -0.237349 -0.000000 0.000000
140  0.529189 -0.832686 -3.288848  -0.237349 -0.000000 -0.000000
141  -0.173936 -0.945280 -3.779566  -0.233859 0.000000 0.000000
142  0.529181 -1.024657 -4.112782  -0.233859 0.000000 -0.000000
143  -0.211441 -1.132186 -4.577550  -0.262919 -0.000000 0.000000
144  0.529190 -1.201964 -4.836827  -0.262919 0.000000 -0.000000
145  -0.000002 -2.810941 -10.636630  0.258454 0.000000 3.141592
146  -0.192453 -1.345777 -5.370046  -0.280373 0.000000 0.000000
147  0.533984 -1.413512 -5.605107  -0.276883 0.000000 0.000000
148  -0.206615 -1.795759 -6.909782  -0.287354 0.000000 0.000000
149  -0.205804 -1.564817 -6.138257  -0.290843 0.000000 0.000000
150  0.530459 -1.643676 -6.395215  -0.290844 0.000000 0.000000
151  0.535312 -1.790709 -7.204134  -0.287354 -0.000000 0.000000
152  -0.202703 -2.030485 -7.702831  -0.286180 -0.000000 0.000000
153  0.509550 -2.118895 -8.011625  -0.298398 -0.000000 0.000000
154  -0.202702 -2.255279 -8.465176  -0.283134 -0.000000 0.000000
155  0.509551 -2.352978 -8.771161  -0.295352 -0.000000 0.000000
156  -0.202704 -2.481595 -9.235473  -0.285437 -0.000000 0.000000
157  0.509546 -2.588683 -9.538639  -0.297654 -0.000000 0.000000
158  0.170122 -21.222094 -1.001139  -0.000001 -0.000001 0.000000
159  0.170125 -20.843864 -0.397184  -0.000001 -0.000001 0.000000
160  0.170122 -20.489748 -1.001141  -0.000001 -0.000001 0.000000
161  0.170125 -20.111069 -0.397183  -0.000001 -0.000001 0.000000
162  0.170124 -19.380089 -0.397187  -0.000001 -0.000001 0.000000
163  0.170123 -19.025112 -1.001147  -0.000001 -0.000001 0.000000
164  0.170124 -18.646660 -0.396448  -0.000001 -0.000001 0.000000
165  0.170122 -19.755762 -1.001143  -0.000001 -0.000001 0.000000
166  -0.015971 10.035405 1.098092  0.000000 -0.000000 0.000000
167  -0.104322 -52.163578 4.437346  1.570735 -0.000061 -1.570735
168  0.064651 27.351345 72.195206  0.000000 -0.000000 0.000000
169  6.064258 95.114014 31.645504  -0.000000 -0.000001 1.570796
170  -0.103715 -26.907879 3.305359  -0.000000 -0.000000 -1.570730
171  6.064258 69.096565 37.164322  1.570796 0.000000 1.570796
172  1.974304 11.989235 4.589252  0.000000 -0.000000 0.000000
173  1.941737 0.883631 4.309755  -0.000000 -0.000000 -1.483525
174  -0.115676 1.104776 6.744193  0.000000 -0.000000 0.000000
175  6.064263 89.329819 31.613918  -0.000000 -0.000001 1.570796
176  0.059886 2.255380 54.398026  0.000000 -0.000000 0.000000
177  0.003496 -22.270649 -0.000001  1.570735 -0.000061 -1.570735
178  0.104011 14.792241 1.530320  0.000000 -0.000000 0.000000
179  3.000526 -2.985220 1.029098  2.067399 -0.085866 -1.929634
180  -2.951611 25.811050 -3.742304  -0.096365 0.008023 -1.450340
181  -2.662411 1.445783 33.628746  0.000487 3.141104 1.570796
182  8.352067 2.772894 0.000540  -3.140902 0.000003 -0.000001
183  -2.662410 1.445787 40.667969  0.000487 3.141104 1.570796
184  8.352068 2.772896 0.000542  -3.140902 0.000003 -0.000001
185  -1.431355 16.384779 4.137812  0.000001 -0.000000 0.000000
186  -0.001844 0.521682 -0.140288  0.000000 -0.000000 0.000000
187  7.323110 -5.136194 -5.166237  -0.000000 0.000000 -0.610865
188  2.698274 0.000002 -0.000002  -0.000012 0.000000 0.000000
189  2.834158 -0.000002 -0.000001  0.000013 0.000000 0.000000
190  2.648917 0.000001 -0.000001  -0.000001 -0.000001 0.000000
191  2.667496 -0.000004 -0.000004  0.000000 0.000000 -0.000000
192  2.426704 -0.000001 -0.000003  -0.000000 -0.000000 -0.000000
193  -0.494740 -44.353447 -1.302298  1.570797 -0.000000 -1.570797
194  11.545938 73.768425 -3.792008  0.000000 -0.000000 0.000000
195  -0.011103 -16.902815 1.952046  0.000001 -0.000000 0.000000
196  0.000000 -0.000006 -1.529053  -0.000001 -0.000000 0.000000
197  -0.078940 0.000005 0.000001  0.000000 0.000001 1.570796
198  0.097093 0.000005 -0.000001  -0.000000 -3.141592 1.570796
199  0.000000 0.000000 -0.000000  0.000000 -0.000000 -0.000000
200  -11.431355 -17.507284 -14.872395  -0.617603 0.218362 -0.699579
201  13.907541 -32.808418 -18.163683  1.507218 -0.110760 -1.061968
time 32
0  0 0 0  0 0 0
1  0.000000 0.000000 0.000000  0.000000 -0.000000 -0.000000
2  -0.000000 -0.000000 -55.423229  0.000000 -0.000000 -1.570730
3  -0.012872 0.000000 8.235027  -0.784749 -1.570710 -0.785986
4  16.163124 -0.010663 0.007211  -0.594297 0.000409 -0.000125
5  16.163132 -0.000000 3.830524  -1.333359 -0.199015 -2.456806
6  14.868229 0.000001 0.000001  -0.819533 0.758546 -1.719869
7  26.391945 -0.000002 0.000001  -0.000000 0.000000 -1.336199
8  -0.000008 0.000004 0.000001  -0.142153 -0.000000 -0.000000
9  3.093513 0.000003 0.000000  -0.284290 -0.000000 -0.000000
10  6.187020 0.000001 0.000000  -0.426455 -0.000000 -0.000000
11  9.280529 0.000001 0.000001  -0.568621 0.000000 -0.000000
12  12.374043 -0.000003 0.000002  -0.710814 -0.000000 -0.000000
13  15.467553 -0.000000 0.000002  -0.852982 -0.000000 -0.000000
14  18.561058 -0.000001 0.000001  -0.995112 -0.000000 -0.000000
15  21.654572 -0.000004 0.000003  -2.950042 -0.423031 0.753226
16  1.410070 0.800538 -2.089134  1.926816 0.229617 0.446891
17  3.954707 -0.000001 0.000002  0.032650 -0.305879 0.082888
18  3.101572 0.000003 0.000003  0.038488 -0.173200 0.020373
19  6.164460 -0.898152 2.575010  -0.464106 -0.015897 1.186542
20  2.805842 0.000005 -0.000001  -0.000000 -0.000000 0.521973
21  2.307441 0.000001 0.000000  0.000000 0.000000 0.361287
22  7.145093 -0.676340 -1.382426  0.048305 -0.466031 0.179016
23  3.672211 0.000001 -0.000001  0.000000 0.000000 1.094786
24  2.676519 0.000007 0.000001  0.000000 0.000000 0.976405
25  6.831180 -0.870862 0.599913  -0.198432 -0.274957 0.706750
26  3.657075 0.000006 -0.000003  0.000000 0.000000 1.196110
27  2.496797 0.000000 -0.000000  -0.000000 -0.000000 0.510610
28  7.183347 -0.532078 -3.267609  0.092002 -0.569205 -0.163901
29  3.511588 -0.000001 0.000004  -0.000000 0.000000 0.459239
30  2.199416 -0.000001 -0.000000  0.000000 -0.000000 0.877656
31  16.163136 0.000000 -3.830527  0.703564 0.858106 -2.571306
32  14.868248 0.000000 0.000001  -0.205466 -0.130003 -1.788994
33  26.391968 0.000001 0.000005  0.000000 0.000000 -1.726258
34  0.000002 0.000000 -0.000001  0.119337 0.000000 -0.000000
35  3.093514 -0.000000 -0.000001  0.238672 0.000000 0.000000
36  6.187024 0.000000 -0.000001  0.358061 0.000000 0.000000
37  9.280535 0.000002 -0.000001  0.477436 -0.000000 0.000000
38  12.374043 0.000001 -0.000001  0.596786 -0.000000 -0.000000
39  15.467550 0.000001 -0.000002  0.716155 -0.000000 0.000000
40  18.561066 0.000001 -0.000003  0.835518 -0.000000 0.000000
41  21.654566 0.000000 -0.000002  2.578160 -0.574716 0.066691
42  1.410064 0.800529 2.089143  -1.966491 -0.287076 0.559263
43  3.954714 -0.000003 -0.000001  0.000000 -0.000000 0.375132
44  3.101567 0.000002 -0.000001  -0.000000 -0.000000 0.790793
45  7.183350 -0.532091 3.267620  0.052242 -0.011652 -0.158551
46  3.511585 -0.000001 0.000001  0.000000 -0.000000 0.189253
47  2.199409 -0.000001 -0.000000  -0.000000 0.000000 -0.104054
48  7.145097 -0.676347 1.382437  0.255424 0.283825 0.886074
49  3.672213 -0.000000 0.000000  -0.000000 -0.000000 1.435616
50  2.676521 0.000000 -0.000001  -0.000000 -0.000000 1.062915
51  6.831169 -0.870866 -0.599907  0.339890 0.115856 1.057859
52  3.657084 0.000000 -0.000001  -0.000000 -0.000000 1.252192
53  2.496800 0.000000 -0.000003  0.000000 0.000000 0.840195
54  6.164462 -0.898155 -2.575005  0.409526 -0.061316 1.152482
55  2.805843 -0.000000 -0.000001  -0.000000 -0.000000 0.666009
56  2.307452 -0.000000 0.000000  -0.000000 0.000000 0.844543
57  0.000000 0.000000 0.000000  0.000001 -0.000000 -0.000000
58  9.643614 -33.112831 -17.310452  0.170790 0.521357 0.850601
59  0.000008 -19.069479 4.681039  -0.000000 0.000000 -0.000000
60  1.986523 0.000016 -3.123737  -2.705260 -0.000000 -1.570797
61  -1.986691 0.000020 -3.123743  0.436333 0.000001 1.570797
62  0.000000 0.000002 0.000001  -0.000000 0.000000 -0.000000
63  -1.530662 0.861423 -3.109962  0.392682 0.000010 1.570745
64  -11.344166 1.135890 0.869265  0.000328 -0.024963 -0.026314
65  1.907533 0.861419 -2.954428  -0.392858 -0.000004 1.570778
66  -11.350049 -0.729406 0.864869  0.000154 -0.025335 0.026430
67  1.754235 4.036759 -1.682667  0.392549 -0.010099 -1.546344
68  -1.755145 4.036761 -1.682669  -0.392547 -0.010382 -1.594901
69  -0.164558 5.734783 5.880443  0.000000 -0.000000 -1.570730
70  1.203550 5.503725 4.339429  -0.000000 0.000000 -0.000000
71  -1.260171 5.668902 5.788551  0.070161 -0.418898 2.970131
72  1.185471 17.272333 1.821942  -0.000000 0.000000 -0.000000
73  0.060220 10.324436 74.469055  -0.000000 0.000000 -0.000000
74  0.052674 -3.972626 3.515839  1.570735 -0.000061 -1.570735
75  4.804181 -3.856465 -0.006875  -0.000000 0.000000 0.000000
76  -6.013989 -4.624459 0.000002  0.000000 0.000000 -0.000000
77  -65.574097 -37.156048 0.002945  -0.787472 1.570710 0.783571
78  1.602679 -3.785213 0.003048  -0.787045 1.570710 0.784484
79  11.681368 -1.114740 -1.027847  -0.785947 1.570710 0.786069
80  19.766771 -3.800922 0.000005  -0.000000 0.000000 0.000000
81  3.258435 5.856954 -3.403524  -0.000000 -0.000000 -0.000000
82  15.153046 5.860581 -3.403519  -0.000000 -0.000000 -0.000000
83  6.064260 77.294952 36.365795  1.570796 0.000000 1.570796
84  -2.662408 1.445754 40.667957  -0.000000 3.141591 1.570796
85  8.352066 2.772899 0.000542  -3.141589 0.000002 -0.000000
86  6.064259 72.973694 32.593250  1.570796 0.000000 1.570796
87  -0.113679 5.957336 -0.188895  -0.000000 0.000000 -0.000000
88  0.097226 0.210962 3.469586  -0.000000 0.000000 -0.000000
89  0.000000 1.310211 0.000002  0.000000 0.000000 0.000000
90  0.000001 0.582262 0.000002  0.000000 0.000000 0.000000
91  0.036299 1.284879 7.928799  -0.000000 -0.000001 0.000000
92  -0.000001 1.310210 0.000000  0.000000 -0.000000 0.000000
93  -0.000001 0.582259 0.000000  0.000000 -0.000000 0.000000
94  5.969324 3.427459 -6.170652  -0.000000 -0.000001 -1.570797
95  -1.310211 0.000001 -0.000003  0.000000 0.000000 -0.000000
96  -0.582260 0.000001 -0.000001  0.000000 0.000000 -0.000000
97  5.969322 9.397398 -6.170658  -0.000001 -0.000001 -1.570796
98  -1.310212 -0.000000 0.000000  0.000000 0.000000 -0.000000
99  -0.582260 -0.000001 0.000000  0.000000 0.000000 -0.000000
100  5.969324 15.223768 -6.170671  -0.000000 -0.000001 -1.570796
101  -1.310212 0.000003 -0.000002  -0.000000 0.000000 -0.000000
102  -0.582261 0.000001 -0.000000  -0.000000 0.000000 -0.000000
103  5.969324 20.835569 -6.170671  -0.000000 -0.000001 -1.570796
104  -1.310210 0.000002 -0.000001  -0.000000 0.000000 -0.000000
105  -0.582260 0.000000 0.000003  -0.000000 0.000000 -0.000000
106  5.969324 26.771210 -6.170670  -0.000000 -0.000001 -1.570796
107  5.969322 32.597595 -6.170675  -0.000000 -0.000001 -1.570796
108  5.969322 38.209396 -6.170685  -0.000000 -0.000001 -1.570800
109  5.969323 49.488468 -6.170685  -0.000000 -0.000001 -1.570800
110  -0.539088 -0.556809 -0.017364  -0.042462 2.681156 1.551919
111  -6.799123 -0.556808 0.818549  -0.272420 2.701993 1.452460
112  -4.615281 -0.556822 0.270328  -0.117230 2.684609 1.518878
113  -2.650969 -0.556808 0.063011  -0.042463 2.681158 1.551919
114  27.110336 1.284856 12.007549  -0.000000 -0.000000 -0.000000
115  28.133427 1.284854 12.007547  0.000001 -0.000000 -0.000000
116  12.812887 2.241785 12.007549  -0.000000 -0.000001 -0.000001
117  -9.955966 -0.319622 4.380215  -0.000001 -0.000000 -0.000001
118  -11.316472 -0.319622 4.380215  -0.000003 -0.000000 -0.000000
119  -12.667809 -0.319621 4.380215  -0.000003 -0.000000 0.000001
120  -14.022140 -0.319623 4.380215  0.000010 -0.000000 -0.000011
121  -15.373240 -0.319623 4.380214  0.000015 -0.000000 -0.000015
122  -16.724142 -0.319620 4.380216  -0.000009 -0.000000 0.000006
123  -18.074570 -0.319620 4.380216  -0.000006 0.000000 0.000004
124  -19.423716 -0.319620 4.380215  0.000002 0.000000 -0.000004
125  -20.775270 -0.319621 4.380214  0.000003 0.000000 -0.000004
126  -22.126671 -0.319618 4.380216  0.000003 0.000000 -0.000004
127  -23.478121 -0.319618 4.380216  0.000005 0.000000 -0.000006
128  -24.830622 -0.319618 4.380213  0.000036 0.000000 -0.000038
129  -26.182028 -0.319618 4.380216  -0.000011 0.000000 0.000011
130  0.529181 -0.167130 0.629484  -0.101270 -0.000000 0.000000
131  -0.211444 -0.241684 0.155361  -0.145847 -0.000000 0.000000
132  0.529191 -0.280701 -0.110292  -0.145847 -0.000000 -0.000000
133  -0.173928 -0.337327 -0.638495  -0.181751 -0.000000 0.000000
134  0.529190 -0.399247 -0.975396  -0.181751 -0.000000 0.000000
135  -0.211443 -0.464478 -1.431043  -0.192399 -0.000000 0.000000
136  0.529190 -0.515807 -1.694582  -0.192400 -0.000000 0.000000
137  -0.173927 -0.612152 -2.231911  -0.216703 -0.000000 0.000000
138  0.529189 -0.685807 -2.566441  -0.216703 -0.000000 -0.000000
139  -0.211445 -0.769560 -3.027869  -0.237349 -0.000000 0.000000
140  0.529190 -0.832686 -3.288846  -0.237349 -0.000000 -0.000000
141  -0.173937 -0.945282 -3.779564  -0.233859 0.000000 0.000000
142  0.529180 -1.024658 -4.112780  -0.233859 0.000000 -0.000000
143  -0.211442 -1.132187 -4.577547  -0.262919 -0.000000 0.000000
144  0.529191 -1.201966 -4.836825  -0.262919 0.000000 -0.000000
145  -0.000004 -2.810943 -10.636629  0.258454 0.000000 3.141592
146  -0.192455 -1.345778 -5.370043  -0.280373 0.000000 0.000000
147  0.533985 -1.413512 -5.605105  -0.276883 0.000000 0.000000
148  -0.206618 -1.795761 -6.909779  -0.287354 0.000000 0.000000
149  -0.205803 -1.564820 -6.138257  -0.290843 0.000000 0.000000
150  0.530462 -1.643675 -6.395215  -0.290844 0.000000 0.000000
151  0.535314 -1.790709 -7.204133  -0.287354 -0.000000 0.000000
152  -0.202701 -2.030484 -7.702830  -0.286180 -0.000000 0.000000
153  0.509550 -2.118895 -8.011625  -0.298398 -0.000000 0.000000
154  -0.202703 -2.255278 -8.465170  -0.283134 -0.000000 0.000000
155  0.509548 -2.352982 -8.771160  -0.295352 -0.000000 0.000000
156  -0.202702 -2.481597 -9.235472  -0.285437 -0.000000 0.000000
157  0.509546 -2.588684 -9.538637  -0.297654 -0.000000 0.000000
158  0.170124 -21.222092 -1.001140  -0.000001 -0.000001 0.000000
159  0.170123 -20.843864 -0.397182  -0.000001 -0.000001 0.000000
160  0.170125 -20.489746 -1.001141  -0.000001 -0.000001 0.000000
161  0.170124 -20.111069 -0.397182  -0.000001 -0.000001 0.000000
162  0.170122 -19.380091 -0.397186  -0.000001 -0.000001 0.000000
163  0.170124 -19.025110 -1.001146  -0.000001 -0.000001 0.000000
164  0.170124 -18.646660 -0.396446  -0.000001 -0.000001 0.000000
165  0.170123 -19.755760 -1.001142  -0.000001 -0.000001 0.000000
166  -0.015971 10.035406 1.098091  -0.000000 0.000000 -0.000000
167  -0.104317 -52.163570 4.437347  1.570735 -0.000061 -1.570735
168  0.064655 27.351345 72.195206  -0.000000 0.000000 -0.000000
169  6.064259 95.114014 31.645496  0.000000 -0.000001 1.570796
170  -0.103703 -26.907875 3.305367  0.000000 -0.000000 -1.570730
171  6.064258 69.096558 37.164318  1.570796 0.000000 1.570796
172  1.974305 11.989235 4.589251  0.000000 0.000000 -0.000000
173  1.941737 0.883630 4.309755  0.000000 0.000000 -1.483525
174  -0.115675 1.104779 6.744193  -0.000000 0.000000 -0.000000
175  6.064259 89.329803 31.613914  0.000000 -0.000001 1.570796
176  0.059884 2.255382 54.398026  -0.000000 0.000000 -0.000000
177  0.003496 -22.270649 -0.000001  1.570735 -0.000061 -1.570735
178  0.104012 14.792244 1.530321  -0.000000 0.000000 -0.000000
179  3.000526 -2.985214 1.029100  2.067399 -0.085866 -1.929635
180  -2.951610 25.811052 -3.742298  -0.096365 0.008023 -1.450340
181  -2.662411 1.445785 33.628742  0.000487 3.141104 1.570796
182  8.352072 2.772898 0.000538  -3.140902 0.000003 -0.000001
183  -2.662408 1.445786 40.667969  0.000487 3.141104 1.570796
184  8.352068 2.772898 0.000547  -3.140902 0.000003 -0.000001
185  -1.431357 16.384779 4.137812  0.000001 -0.000000 0.000000
186  -0.001843 0.521685 -0.140288  0.000000 0.000000 -0.000000
187  7.323111 -5.136190 -5.166238  -0.000000 0.000000 -0.610865
188  2.698278 -0.000003 -0.000002  -0.000012 0.000000 0.000000
189  2.834157 0.000002 -0.000001  0.000013 0.000000 0.000000
190  2.648919 -0.000004 -0.000001  -0.000001 -0.000001 0.000000
191  2.667498 -0.000004 0.000000  0.000000 0.000000 -0.000000
192  2.426705 -0.000002 0.000000  0.000000 0.000000 -0.000000
193  -0.494740 -44.353443 -1.302298  1.570797 -0.000000 -1.570797
194  11.545938 73.768417 -3.792008  0.000000 0.000000 -0.000000
195  -0.011100 -16.902811 1.952048  0.000001 0.000000 -0.000000
196  -0.000003 0.000004 -1.529051  -0.000000 -0.000000 0.000000
197  -0.078943 -0.000003 0.000002  0.000000 0.000001 1.570796
198  0.097090 -0.000004 0.000003  -0.000000 -3.141592 1.570796
199  0.000000 0.000000 -0.000000  0.000000 -0.000000 -0.000000
200  -11.409098 -17.579039 -15.235540  -0.606112 0.214661 -0.703522
201  13.869585 -33.020859 -18.366367  1.519047 -0.110262 -1.069656
time 33
0  0 0 0  0 0 0
1  0.000000 0.000000 0.000000  0.000000 -0.000000 -0.000000
2  -0.000000 -0.000000 -55.423229  0.000000 -0.000000 -1.570730
3  -0.012872 0.000000 8.235027  -0.784749 -1.570710 -0.785986
4  16.163124 -0.010663 0.007211  -0.594297 0.000409 -0.000125
5  16.163132 -0.000000 3.830524  -1.333359 -0.199015 -2.456806
6  14.868229 0.000001 0.000001  -0.818035 0.759880 -1.716999
7  26.391941 -0.000007 -0.000001  -0.000000 0.000000 -1.325646
8  -0.000000 0.000001 -0.000000  -0.141908 -0.000000 -0.000000
9  3.093516 -0.000001 0.000000  -0.283859 -0.000000 -0.000000
10  6.187022 -0.000002 0.000000  -0.425768 -0.000000 -0.000000
11  9.280535 -0.000003 0.000001  -0.567731 0.000000 -0.000000
12  12.374048 -0.000005 0.000000  -0.709642 -0.000000 -0.000000
13  15.467556 -0.000007 0.000001  -0.851574 -0.000000 -0.000000
14  18.561056 -0.000007 0.000002  -0.993515 -0.000000 -0.000000
15  21.654575 -0.000007 0.000001  -2.938630 -0.416915 0.743774
16  1.410070 0.800539 -2.089132  1.926816 0.229617 0.446891
17  3.954703 -0.000003 0.000004  0.032650 -0.305879 0.082888
18  3.101570 -0.000004 0.000005  0.038488 -0.173200 0.020373
19  6.164463 -0.898149 2.575011  -0.464106 -0.015897 1.186542
20  2.805843 0.000006 -0.000001  -0.000000 -0.000000 0.521973
21  2.307442 0.000000 -0.000001  -0.000000 0.000000 0.361287
22  7.145095 -0.676338 -1.382424  0.048305 -0.466031 0.179016
23  3.672221 -0.000001 -0.000001  0.000000 0.000000 1.094786
24  2.676516 -0.000000 0.000002  0.000000 -0.000000 0.976405
25  6.831176 -0.870861 0.599916  -0.198432 -0.274957 0.706750
26  3.657078 0.000002 -0.000003  0.000000 0.000000 1.196110
27  2.496792 0.000002 0.000003  -0.000000 -0.000000 0.510611
28  7.183347 -0.532077 -3.267604  0.092002 -0.569205 -0.163901
29  3.511585 0.000001 0.000003  -0.000000 -0.000000 0.459239
30  2.199416 -0.000004 0.000002  0.000000 -0.000000 0.877656
31  16.163136 0.000000 -3.830527  0.703564 0.858106 -2.571306
32  14.868248 0.000000 0.000001  -0.214250 -0.138431 -1.785710
33  26.391966 0.000004 0.000005  0.000000 0.000000 -1.725413
34  0.000002 -0.000002 -0.000001  0.120193 0.000000 -0.000000
35  3.093515 -0.000003 0.000000  0.240332 0.000000 0.000000
36  6.187023 -0.000001 -0.000000  0.360542 0.000000 0.000000
37  9.280537 0.000001 -0.000001  0.480766 0.000000 0.000000
38  12.374042 -0.000001 0.000002  0.600938 0.000000 -0.000000
39  15.467550 0.000000 -0.000000  0.721111 -0.000000 0.000000
40  18.561068 -0.000001 0.000000  0.841331 0.000000 0.000000
41  21.654568 -0.000001 0.000002  2.579028 -0.564237 0.072878
42  1.410064 0.800530 2.089143  -1.966491 -0.287076 0.559263
43  3.954716 -0.000005 -0.000001  -0.000000 0.000000 0.375132
44  3.101565 -0.000002 -0.000001  -0.000000 0.000000 0.790793
45  7.183351 -0.532091 3.267619  0.052242 -0.011652 -0.158551
46  3.511588 -0.000001 0.000001  -0.000000 -0.000000 0.189253
47  2.199407 0.000003 0.000000  -0.000000 0.000000 -0.104054
48  7.145095 -0.676346 1.382434  0.255424 0.283825 0.886075
49  3.672211 -0.000001 0.000001  -0.000000 -0.000000 1.435616
50  2.676519 0.000000 0.000003  0.000000 -0.000000 1.062915
51  6.831169 -0.870865 -0.599908  0.339890 0.115856 1.057859
52  3.657084 0.000002 0.000001  -0.000000 -0.000000 1.252192
53  2.496797 0.000000 -0.000000  0.000000 0.000000 0.840195
54  6.164463 -0.898156 -2.575006  0.409526 -0.061316 1.152482
55  2.805842 -0.000000 0.000000  0.000000 -0.000000 0.666009
56  2.307449 -0.000002 0.000001  0.000000 -0.000000 0.844543
57  0.000000 0.000000 0.000000  0.000001 -0.000000 -0.000000
58  9.634064 -33.304520 -17.580267  0.167621 0.508267 0.844403
59  0.000004 -19.069475 4.681039  0.000000 0.000000 -0.000000
60  1.986526 0.000020 -3.123736  -2.705260 -0.000000 -1.570797
61  -1.986693 0.000018 -3.123747  0.436333 0.000001 1.570797
62  -0.000001 0.000001 0.000000  0.000000 0.000000 -0.000000
63  -1.530659 0.861426 -3.109960  0.392682 0.000010 1.570745
64  -11.344167 1.135890 0.869268  0.000328 -0.024963 -0.026314
65  1.907529 0.861416 -2.954429  -0.392858 -0.000004 1.570778
66  -11.350043 -0.729402 0.864871  0.000154 -0.025335 0.026430
67  1.754239 4.036760 -1.682670  0.392549 -0.010099 -1.546344
68  -1.755146 4.036760 -1.682670  -0.392547 -0.010382 -1.594901
69  -0.164558 5.734784 5.880445  0.000000 -0.000000 -1.570730
70  1.203550 5.503726 4.339432  0.000000 0.000000 -0.000000
71  -1.260174 5.668901 5.788551  0.070161 -0.418898 2.970131
72  1.185471 17.272337 1.821942  0.000000 0.000000 -0.000000
73  0.060219 10.324436 74.469063  0.000000 0.000000 -0.000000
74  0.052679 -3.972625 3.515843  1.570735 -0.000061 -1.570735
75  4.804185 -3.856466 -0.006877  -0.000000 0.000000 0.000000
76  -6.013983 -4.624460 0.000001  0.000000 0.000000 -0.000000
77  -65.574089 -37.156044 0.002939  -0.787654 1.570710 0.783691
78  1.602684 -3.785216 0.003050  -0.786923 1.570710 0.783996
79  11.681376 -1.114741 -1.027843  -0.786008 1.570710 0.785581
80  19.766779 -3.800923 0.000003  -0.000000 -0.000000 -0.000000
81  3.258441 5.856955 -3.403522  -0.000000 -0.000000 -0.000000
82  15.153049 5.860581 -3.403519  -0.000000 -0.000000 -0.000000
83  6.064256 77.294960 36.365799  1.570796 0.000000 1.570796
84  -2.662411 1.445757 40.667957  -0.000000 3.141591 1.570796
85  8.352063 2.772901 0.000538  -3.141589 0.000002 0.000000
86  6.064259 72.973701 32.593254  1.570796 0.000000 1.570796
87  -0.113678 5.957338 -0.188894  0.000000 0.000000 -0.000000
88  0.097225 0.210963 3.469586  0.000000 0.000000 -0.000000
89  0.000002 1.310213 0.000000  0.000000 0.000000 0.000000
90  0.000000 0.582263 -0.000000  0.000000 0.000000 0.000000
91  0.036297 1.284881 7.928800  -0.000000 -0.000001 0.000000
92  0.000000 1.310210 0.000000  0.000000 -0.000000 0.000000
93  -0.000001 0.582258 0.000000  0.000000 -0.000000 0.000000
94  5.969324 3.427460 -6.170650  -0.000001 -0.000001 -1.570797
95  -1.310212 0.000002 -0.000001  0.000000 -0.000000 -0.000000
96  -0.582261 0.000001 -0.000001  0.000000 0.000000 -0.000000
97  5.969323 9.397400 -6.170658  -0.000000 -0.000001 -1.570796
98  -1.310212 -0.000000 -0.000001  0.000000 0.000001 -0.000000
99  -0.582261 -0.000002 0.000001  0.000000 0.000001 -0.000000
100  5.969323 15.223770 -6.170671  -0.000000 -0.000001 -1.570796
101  -1.310212 0.000003 -0.000001  -0.000000 0.000000 -0.000000
102  -0.582261 0.000003 -0.000001  -0.000000 0.000000 -0.000000
103  5.969324 20.835569 -6.170671  -0.000000 -0.000001 -1.570796
104  -1.310212 0.000003 0.000001  -0.000000 0.000000 -0.000000
105  -0.582263 0.000002 0.000002  -0.000000 0.000000 -0.000000
106  5.969324 26.771208 -6.170672  -0.000000 -0.000001 -1.570796
107  5.969324 32.597599 -6.170675  -0.000000 -0.000001 -1.570796
108  5.969324 38.209400 -6.170686  -0.000000 -0.000001 -1.570800
109  5.969323 49.488464 -6.170684  -0.000000 -0.000001 -1.570800
110  -0.539090 -0.556810 -0.017364  -0.042462 2.681156 1.551919
111  -6.799122 -0.556805 0.818550  -0.272420 2.701993 1.452460
112  -4.615282 -0.556821 0.270328  -0.117230 2.684609 1.518878
113  -2.650969 -0.556807 0.063011  -0.042463 2.681158 1.551919
114  27.110338 1.284857 12.007550  0.000000 -0.000000 -0.000000
115  28.133427 1.284856 12.007549  0.000001 -0.000000 -0.000000
116  12.812887 2.241785 12.007549  -0.000000 -0.000001 -0.000001
117  -9.955967 -0.319623 4.380214  -0.000001 -0.000000 -0.000001
118  -11.316475 -0.319624 4.380214  -0.000003 -0.000000 -0.000000
119  -12.667809 -0.319622 4.380215  -0.000003 -0.000000 0.000001
120  -14.022141 -0.319623 4.380215  0.000010 -0.000000 -0.000011
121  -15.373240 -0.319624 4.380214  0.000015 -0.000000 -0.000015
122  -16.724144 -0.319621 4.380215  -0.000009 -0.000000 0.000006
123  -18.074575 -0.319623 4.380213  -0.000006 0.000000 0.000004
124  -19.423717 -0.319622 4.380214  0.000002 0.000000 -0.000004
125  -20.775272 -0.319622 4.380215  0.000003 0.000000 -0.000004
126  -22.126673 -0.319620 4.380215  0.000003 0.000000 -0.000004
127  -23.478125 -0.319620 4.380214  0.000005 -0.000000 -0.000006
128  -24.830622 -0.319618 4.380215  0.000036 0.000000 -0.000038
129  -26.182030 -0.319620 4.380215  -0.000011 0.000000 0.000011
130  0.529179 -0.167130 0.629485  -0.101270 -0.000000 0.000000
131  -0.211444 -0.241685 0.155360  -0.145847 -0.000000 0.000000
132  0.529189 -0.280701 -0.110292  -0.145847 -0.000000 -0.000000
133  -0.173927 -0.337327 -0.638494  -0.181751 -0.000000 0.000000
134  0.529189 -0.399248 -0.975394  -0.181751 -0.000000 0.000000
135  -0.211444 -0.464477 -1.431041  -0.192399 -0.000000 0.000000
136  0.529189 -0.515810 -1.694583  -0.192399 -0.000000 0.000000
137  -0.173929 -0.612153 -2.231912  -0.216703 -0.000000 0.000000
138  0.529188 -0.685805 -2.566439  -0.216703 -0.000000 -0.000000
139  -0.211446 -0.769562 -3.027870  -0.237349 -0.000000 0.000000
140  0.529189 -0.832687 -3.288847  -0.237349 -0.000000 -0.000000
141  -0.173937 -0.945281 -3.779566  -0.233859 0.000000 0.000000
142  0.529179 -1.024659 -4.112781  -0.233859 0.000000 -0.000000
143  -0.211444 -1.132187 -4.577547  -0.262919 -0.000000 0.000000
144  0.529190 -1.201965 -4.836825  -0.262919 0.000000 -0.000000
145  -0.000005 -2.810943 -10.636632  0.258454 0.000000 3.141592
146  -0.192455 -1.345777 -5.370046  -0.280373 0.000000 0.000000
147  0.533982 -1.413514 -5.605105  -0.276883 0.000000 0.000000
148  -0.206617 -1.795761 -6.909780  -0.287354 0.000000 0.000000
149  -0.205804 -1.564818 -6.138258  -0.290843 0.000000 0.000000
150  0.530460 -1.643676 -6.395216  -0.290844 0.000000 0.000000
151  0.535312 -1.790712 -7.204133  -0.287354 -0.000000 0.000000
152  -0.202701 -2.030485 -7.702829  -0.286180 -0.000000 0.000000
153  0.509547 -2.118897 -8.011625  -0.298398 -0.000000 0.000000
154  -0.202703 -2.255277 -8.465170  -0.283134 -0.000000 0.000000
155  0.509549 -2.352980 -8.771159  -0.295352 -0.000000 0.000000
156  -0.202705 -2.481597 -9.235472  -0.285437 -0.000000 0.000000
157  0.509545 -2.588684 -9.538637  -0.297654 -0.000000 0.000000
158  0.170123 -21.222095 -1.001139  -0.000001 -0.000001 0.000000
159  0.170125 -20.843864 -0.397183  -0.000001 -0.000001 0.000000
160  0.170123 -20.489746 -1.001141  -0.000001 -0.000001 0.000000
161  0.170124 -20.111069 -0.397184  -0.000001 -0.000001 0.000000
162  0.170125 -19.380091 -0.397187  -0.000001 -0.000001 0.000000
163  0.170122 -19.025110 -1.001147  -0.000001 -0.000001 0.000000
164  0.170121 -18.646664 -0.396448  -0.000001 -0.000001 0.000000
165  0.170126 -19.755762 -1.001142  -0.000001 -0.000001 0.000000
166  -0.015969 10.035407 1.098090  0.000000 0.000000 -0.000000
167  -0.104320 -52.163574 4.437344  1.570735 -0.000061 -1.570735
168  0.064652 27.351351 72.195213  0.000000 0.000000 -0.000000
169  6.064257 95.114014 31.645502  0.000000 -0.000001 1.570796
170  -0.103710 -26.907871 3.305356  0.000000 -0.000000 -1.570730
171  6.064261 69.096565 37.164322  1.570796 0.000000 1.570796
172  1.974304 11.989236 4.589250  0.000001 0.000000 -0.000000
173  1.941736 0.883630 4.309755  -0.000000 -0.000000 -1.483525
174  -0.115675 1.104781 6.744191  0.000000 0.000000 -0.000000
175  6.064265 89.329811 31.613918  0.000000 -0.000001 1.570796
176  0.059886 2.255384 54.398026  0.000000 0.000000 -0.000000
177  0.003493 -22.270655 0.000000  1.570735 -0.000061 -1.570735
178  0.104012 14.792246 1.530320  0.000000 0.000000 -0.000000
179  3.000524 -2.985217 1.029099  2.067399 -0.085866 -1.929635
180  -2.951609 25.811052 -3.742302  -0.096365 0.008023 -1.450340
181  -2.662410 1.445784 33.628746  0.000487 3.141104 1.570796
182  8.352067 2.772899 0.000542  -3.140902 0.000003 -0.000001
183  -2.662409 1.445789 40.667969  0.000487 3.141104 1.570796
184  8.352066 2.772898 0.000544  -3.140902 0.000003 -0.000001
185  -1.431353 16.384785 4.137812  0.000001 -0.000000 0.000000
186  -0.001845 0.521685 -0.140290  0.000000 0.000000 -0.000000
187  7.323110 -5.136189 -5.166239  -0.000000 0.000000 -0.610865
188  2.698277 -0.000001 -0.000001  -0.000012 0.000000 0.000000
189  2.834161 0.000000 0.000002  0.000013 0.000000 0.000000
190  2.648916 -0.000002 -0.000002  -0.000001 -0.000001 0.000000
191  2.667499 0.000001 -0.000000  0.000000 -0.000000 0.000000
192  2.426700 -0.000002 -0.000001  -0.000000 0.000000 -0.000000
193  -0.494744 -44.353447 -1.302299  1.570797 0.000000 -1.570797
194  11.545938 73.768425 -3.792010  0.000000 0.000000 -0.000000
195  -0.011100 -16.902809 1.952048  0.000001 0.000000 -0.000000
196  -0.000004 -0.000001 -1.529051  -0.000000 -0.000000 0.000000
197  -0.078944 -0.000001 -0.000001  0.000000 0.000001 1.570796
198  0.097093 -0.000002 0.000001  -0.000000 -3.141592 1.570796
199  0.000000 0.000000 -0.000000  0.000000 -0.000000 -0.000000
200  -11.370140 -17.691450 -15.605912  -0.592813 0.211668 -0.705342
201  13.869585 -33.225029 -18.590302  1.532407 -0.108373 -1.075727
time 34
0  0 0 0  0 0 0
1  0.000000 0.000000 0.000000  0.000000 -0.000000 -0.000000
2  -0.000000 -0.000000 -55.423229  0.000000 -0.000000 -1.570730
3  -0.012872 0.000000 8.235027  -0.784749 -1.570710 -0.785986
4  16.163124 -0.010663 0.007211  -0.594297 0.000409 -0.000125
5  16.163132 -0.000000 3.830524  -1.333359 -0.199015 -2.456806
6  14.868229 0.000001 0.000001  -0.816441 0.761884 -1.714469
7  26.391943 -0.000005 -0.000002  -0.000000 0.000000 -1.314135
8  -0.000001 -0.000001 -0.000001  -0.142520 -0.000000 -0.000000
9  3.093513 0.000003 -0.000001  -0.285092 -0.000000 -0.000000
10  6.187023 -0.000001 0.000000  -0.427642 -0.000000 -0.000000
11  9.280534 -0.000003 -0.000001  -0.570211 0.000000 -0.000000
12  12.374046 -0.000003 0.000002  -0.712768 -0.000000 -0.000000
13  15.467558 -0.000003 0.000001  -0.855329 -0.000000 -0.000000
14  18.561056 -0.000007 0.000001  -0.997891 -0.000000 -0.000000
15  21.654572 -0.000004 0.000002  -2.941803 -0.416234 0.727941
16  1.410067 0.800538 -2.089134  1.926816 0.229617 0.446891
17  3.954712 0.000001 0.000001  0.032650 -0.305879 0.082888
18  3.101568 -0.000005 0.000002  0.038488 -0.173200 0.020373
19  6.164462 -0.898152 2.575012  -0.464106 -0.015897 1.186542
20  2.805842 -0.000002 -0.000001  0.000000 -0.000000 0.521973
21  2.307443 0.000001 -0.000000  -0.000000 0.000000 0.361287
22  7.145093 -0.676339 -1.382426  0.048305 -0.466031 0.179016
23  3.672215 -0.000000 -0.000003  0.000000 0.000000 1.094786
24  2.676517 -0.000001 0.000000  0.000000 -0.000000 0.976405
25  6.831177 -0.870862 0.599917  -0.198432 -0.274957 0.706750
26  3.657077 0.000006 -0.000002  0.000000 0.000000 1.196109
27  2.496793 0.000001 -0.000002  -0.000000 -0.000000 0.510610
28  7.183347 -0.532079 -3.267605  0.092002 -0.569205 -0.163901
29  3.511588 0.000000 0.000001  -0.000000 -0.000000 0.459239
30  2.199410 -0.000002 0.000003  0.000000 -0.000000 0.877656
31  16.163136 0.000000 -3.830527  0.703564 0.858106 -2.571306
32  14.868248 0.000000 0.000001  -0.219894 -0.144529 -1.785155
33  26.391966 0.000003 0.000004  0.000000 0.000000 -1.717642
34  0.000000 -0.000003 -0.000001  0.118542 0.000000 -0.000000
35  3.093515 -0.000004 -0.000001  0.237073 0.000000 0.000000
36  6.187022 -0.000002 -0.000001  0.355642 0.000000 0.000000
37  9.280537 -0.000001 -0.000002  0.474233 -0.000000 0.000000
38  12.374043 -0.000002 -0.000002  0.592764 -0.000000 -0.000000
39  15.467553 -0.000001 -0.000003  0.711335 -0.000000 -0.000000
40  18.561068 0.000000 -0.000001  0.829912 0.000000 0.000000
41  21.654570 -0.000004 -0.000000  2.566721 -0.559181 0.071720
42  1.410064 0.800529 2.089144  -1.966491 -0.287076 0.559263
43  3.954715 -0.000005 0.000000  0.000000 -0.000000 0.375132
44  3.101565 -0.000001 -0.000002  -0.000000 0.000000 0.790793
45  7.183348 -0.532092 3.267619  0.052242 -0.011652 -0.158551
46  3.511590 -0.000001 -0.000001  0.000000 -0.000000 0.189253
47  2.199406 0.000001 0.000003  0.000000 0.000000 -0.104054
48  7.145095 -0.676347 1.382436  0.255424 0.283825 0.886075
49  3.672212 0.000000 -0.000000  -0.000000 -0.000000 1.435616
50  2.676519 0.000000 -0.000001  0.000000 -0.000000 1.062915
51  6.831167 -0.870868 -0.599909  0.339890 0.115856 1.057859
52  3.657082 0.000003 0.000003  -0.000000 -0.000000 1.252192
53  2.496797 0.000000 0.000000  0.000000 0.000000 0.840195
54  6.164460 -0.898154 -2.575004  0.409526 -0.061316 1.152482
55  2.805844 0.000000 0.000000  0.000000 0.000000 0.666009
56  2.307449 -0.000001 0.000002  -0.000000 0.000000 0.844543
57  0.000000 0.000000 0.000000  0.000001 -0.000000 -0.000000
58  9.605414 -33.522629 -17.816555  0.167476 0.512438 0.843610
59  0.000003 -19.069479 4.681036  0.000000 -0.000000 0.000000
60  1.986525 0.000018 -3.123737  -2.705260 -0.000000 -1.570797
61  -1.986694 0.000015 -3.123745  0.436333 0.000001 1.570797
62  -0.000001 0.000001 0.000000  0.000000 -0.000000 0.000000
63  -1.530662 0.861424 -3.109960  0.392682 0.000010 1.570745
64  -11.344164 1.135891 0.869266  0.000328 -0.024963 -0.026314
65  1.907531 0.861416 -2.954428  -0.392858 -0.000004 1.570778
66  -11.350041 -0.729411 0.864871  0.000154 -0.025335 0.026430
67  1.754238 4.036759 -1.682669  0.392549 -0.010099 -1.546344
68  -1.755143 4.036760 -1.682669  -0.392547 -0.010382 -1.594901
69  -0.164557 5.734783 5.880443  0.000000 0.000000 -1.570730
70  1.203547 5.503722 4.339428  0.000000 -0.000000 0.000000
71  -1.260173 5.668900 5.788550  0.070161 -0.418898 2.970131
72  1.185471 17.272333 1.821939  0.000000 -0.000000 0.000000
73  0.060220 10.324434 74.469055  0.000000 -0.000000 0.000000
74  0.052669 -3.972622 3.515845  1.570735 -0.000061 -1.570735
75  4.804188 -3.856465 -0.006878  -0.000000 0.000000 0.000000
76  -6.013982 -4.624459 0.000000  0.000000 0.000000 0.000000
77  -65.574089 -37.156052 0.002939  -0.786862 1.570710 0.783265
78  1.602689 -3.785213 0.003049  -0.786191 1.570710 0.784423
79  11.681376 -1.114738 -1.027848  -0.786069 1.570710 0.786497
80  19.766777 -3.800920 0.000000  -0.000000 0.000000 0.000000
81  3.258440 5.856956 -3.403524  -0.000000 -0.000000 -0.000000
82  15.153051 5.860583 -3.403519  -0.000000 -0.000000 0.000000
83  6.064259 77.294952 36.365795  1.570796 0.000000 1.570796
84  -2.662412 1.445753 40.667957  0.000000 3.141591 1.570796
85  8.352063 2.772897 0.000542  -3.141589 0.000002 -0.000000
86  6.064258 72.973694 32.593246  1.570796 0.000000 1.570796
87  -0.113673 5.957334 -0.188891  0.000000 -0.000000 0.000000
88  0.097224 0.210963 3.469586  0.000000 -0.000000 0.000000
89  0.000001 1.310209 -0.000001  0.000000 -0.000000 0.000000
90  -0.000000 0.582258 -0.000002  0.000000 -0.000000 0.000000
91  0.036297 1.284881 7.928796  0.000000 -0.000001 0.000000
92  0.000001 1.310212 0.000000  0.000000 0.000000 0.000000
93  0.000000 0.582259 -0.000001  0.000000 0.000000 0.000000
94  5.969322 3.427459 -6.170651  -0.000000 -0.000001 -1.570797
95  -1.310211 0.000003 -0.000001  0.000000 -0.000000 -0.000000
96  -0.582261 0.000001 0.000001  0.000000 0.000000 -0.000000
97  5.969324 9.397401 -6.170660  -0.000000 -0.000001 -1.570796
98  -1.310213 0.000001 0.000002  0.000000 0.000000 -0.000000
99  -0.582262 -0.000001 0.000002  0.000000 0.000000 -0.000000
100  5.969322 15.223769 -6.170671  0.000000 -0.000001 -1.570796
101  -1.310212 0.000002 -0.000001  -0.000000 0.000000 -0.000000
102  -0.582261 0.000001 -0.000001  -0.000000 0.000000 -0.000000
103  5.969322 20.835569 -6.170673  0.000000 -0.000001 -1.570796
104  -1.310212 -0.000000 -0.000000  -0.000000 0.000000 -0.000000
105  -0.582261 -0.000001 0.000003  -0.000000 0.000000 -0.000000
106  5.969324 26.771208 -6.170672  0.000000 -0.000001 -1.570796
107  5.969323 32.597595 -6.170676  0.000000 -0.000001 -1.570796
108  5.969326 38.209396 -6.170685  -0.000000 -0.000001 -1.570800
109  5.969320 49.488464 -6.170685  -0.000000 -0.000001 -1.570800
110  -0.539090 -0.556808 -0.017365  -0.042462 2.681156 1.551919
111  -6.799122 -0.556804 0.818548  -0.272420 2.701993 1.452460
112  -4.615283 -0.556822 0.270326  -0.117230 2.684609 1.518878
113  -2.650968 -0.556806 0.063009  -0.042463 2.681158 1.551919
114  27.110336 1.284858 12.007548  0.000000 -0.000000 0.000000
115  28.133425 1.284860 12.007545  0.000001 -0.000000 0.000000
116  12.812887 2.241785 12.007548  0.000000 -0.000001 -0.000001
117  -9.955968 -0.319622 4.380213  -0.000001 -0.000000 -0.000001
118  -11.316471 -0.319620 4.380214  -0.000003 -0.000000 -0.000000
119  -12.667809 -0.319622 4.380213  -0.000003 -0.000000 0.000001
120  -14.022141 -0.319618 4.380215  0.000010 -0.000000 -0.000011
121  -15.373241 -0.319622 4.380211  0.000015 -0.000000 -0.000015
122  -16.724142 -0.319621 4.380213  -0.000009 -0.000000 0.000006
123  -18.074572 -0.319620 4.380213  -0.000006 -0.000000 0.000004
124  -19.423716 -0.319620 4.380213  0.000002 0.000000 -0.000004
125  -20.775270 -0.319619 4.380213  0.000003 0.000000 -0.000004
126  -22.126671 -0.319618 4.380214  0.000003 0.000000 -0.000004
127  -23.478123 -0.319616 4.380214  0.000005 -0.000000 -0.000006
128  -24.830620 -0.319619 4.380214  0.000036 -0.000000 -0.000038
129  -26.182028 -0.319618 4.380213  -0.000011 -0.000000 0.000011
130  0.529179 -0.167129 0.629484  -0.101270 -0.000000 0.000000
131  -0.211445 -0.241683 0.155361  -0.145847 -0.000000 0.000000
132  0.529190 -0.280699 -0.110294  -0.145847 -0.000000 -0.000000
133  -0.173926 -0.337323 -0.638496  -0.181751 -0.000000 0.000000
134  0.529188 -0.399245 -0.975394  -0.181751 -0.000000 0.000000
135  -0.211446 -0.464475 -1.431042  -0.192399 -0.000000 0.000000
136  0.529189 -0.515806 -1.694585  -0.192399 -0.000000 0.000000
137  -0.173927 -0.612149 -2.231913  -0.216703 -0.000000 0.000000
138  0.529187 -0.685806 -2.566441  -0.216704 -0.000000 -0.000000
139  -0.211446 -0.769560 -3.027870  -0.237349 -0.000000 0.000000
140  0.529187 -0.832686 -3.288848  -0.237349 -0.000000 -0.000000
141  -0.173937 -0.945280 -3.779566  -0.233859 0.000000 0.000000
142  0.529178 -1.024657 -4.112781  -0.233859 0.000000 -0.000000
143  -0.211444 -1.132185 -4.577549  -0.262919 -0.000000 0.000000
144  0.529190 -1.201963 -4.836825  -0.262919 0.000000 -0.000000
145  -0.000005 -2.810941 -10.636631  0.258454 0.000000 3.141592
146  -0.192456 -1.345779 -5.370046  -0.280373 0.000000 0.000000
147  0.533983 -1.413512 -5.605106  -0.276883 0.000000 0.000000
148  -0.206618 -1.795758 -6.909780  -0.287354 0.000000 0.000000
149  -0.205804 -1.564816 -6.138258  -0.290843 0.000000 0.000000
150  0.530459 -1.643674 -6.395217  -0.290844 0.000000 0.000000
151  0.535309 -1.790709 -7.204133  -0.287354 -0.000000 0.000000
152  -0.202704 -2.030485 -7.702830  -0.286180 -0.000000 0.000000
153  0.509549 -2.118893 -8.011626  -0.298398 -0.000000 0.000000
154  -0.202703 -2.255276 -8.465172  -0.283134 -0.000000 0.000000
155  0.509549 -2.352980 -8.771161  -0.295352 -0.000000 0.000000
156  -0.202703 -2.481596 -9.235473  -0.285437 -0.000000 0.000000
157  0.509547 -2.588681 -9.538638  -0.297653 -0.000000 0.000000
158  0.170124 -21.222090 -1.001142  -0.000001 -0.000001 0.000000
159  0.170121 -20.843863 -0.397184  -0.000001 -0.000001 0.000000
160  0.170120 -20.489746 -1.001142  -0.000001 -0.000001 0.000000
161  0.170123 -20.111065 -0.397185  -0.000001 -0.000001 0.000000
162  0.170126 -19.380085 -0.397187  -0.000001 -0.000001 0.000000
163  0.170121 -19.025106 -1.001146  -0.000001 -0.000001 0.000000
164  0.170121 -18.646660 -0.396448  -0.000001 -0.000001 0.000000
165  0.170126 -19.755756 -1.001141  -0.000001 -0.000001 0.000000
166  -0.015973 10.035401 1.098089  0.000000 -0.000000 0.000000
167  -0.104323 -52.163570 4.437344  1.570735 -0.000061 -1.570735
168  0.064654 27.351343 72.195206  0.000000 -0.000000 0.000000
169  6.064260 95.114014 31.645498  -0.000000 -0.000001 1.570796
170  -0.103717 -26.907867 3.305355  0.000000 0.000000 -1.570730
171  6.064258 69.096550 37.164314  1.570796 0.000000 1.570796
172  1.974303 11.989231 4.589250  0.000001 -0.000000 0.000000
173  1.941736 0.883629 4.309754  0.000000 0.000000 -1.483525
174  -0.115677 1.104778 6.744189  0.000000 -0.000000 0.000000
175  6.064260 89.329796 31.613914  -0.000000 -0.000001 1.570796
176  0.059887 2.255378 54.398018  0.000000 -0.000000 0.000000
177  0.003498 -22.270653 -0.000002  1.570735 -0.000061 -1.570735
178  0.104012 14.792242 1.530319  0.000000 -0.000000 0.000000
179  3.000524 -2.985220 1.029099  2.067399 -0.085866 -1.929635
180  -2.951615 25.811047 -3.742302  -0.096365 0.008023 -1.450340
181  -2.662411 1.445783 33.628742  0.000487 3.141104 1.570796
182  8.352068 2.772896 0.000541  -3.140902 0.000003 -0.000001
183  -2.662410 1.445787 40.667969  0.000487 3.141104 1.570796
184  8.352069 2.772896 0.000546  -3.140902 0.000003 -0.000001
185  -1.431355 16.384777 4.137810  0.000001 -0.000000 0.000000
186  -0.001846 0.521680 -0.140291  0.000000 -0.000000 0.000000
187  7.323107 -5.136194 -5.166240  0.000000 0.000000 -0.610865
188  2.698277 -0.000001 0.000000  -0.000012 0.000000 0.000000
189  2.834159 -0.000003 -0.000002  0.000013 0.000000 0.000000
190  2.648919 -0.000001 -0.000004  -0.000001 -0.000001 0.000000
191  2.667499 -0.000000 0.000000  0.000000 0.000000 -0.000000
192  2.426700 -0.000000 -0.000002  0.000000 0.000000 -0.000000
193  -0.494745 -44.353447 -1.302301  1.570797 0.000000 -1.570797
194  11.545938 73.768417 -3.792008  0.000000 -0.000000 0.000000
195  -0.011105 -16.902813 1.952045  0.000001 -0.000000 0.000000
196  -0.000002 0.000001 -1.529052  -0.000000 -0.000000 0.000000
197  -0.078942 0.000002 -0.000001  0.000000 0.000001 1.570796
198  0.097095 0.000005 0.000000  -0.000000 -3.141592 1.570796
199  0.000000 0.000000 -0.000000  0.000000 -0.000000 -0.000000
200  -11.381271 -17.887577 -15.835361  -0.597048 0.211603 -0.706913
201  13.841116 -33.448509 -18.837118  1.528471 -0.109932 -1.075981
time 35
0  0 0 0  0 0 0
1  0.000000 0.000000 0.000000  0.000000 -0.000000 -0.000000
2  -0.000000 -0.000000 -55.423229  0.000000 -0.000000 -1.570730
3  -0.012872 0.000000 8.235027  -0.784749 -1.570710 -0.785986
4  16.163124 -0.010663 0.007211  -0.594297 0.000409 -0.000125
5  16.163132 -0.000000 3.830524  -1.333359 -0.199015 -2.456806
6  14.868229 0.000001 0.000001  -0.814190 0.764658 -1.711387
7  26.391941 -0.000003 -0.000000  -0.000000 0.000000 -1.304901
8  -0.000004 0.000006 0.000003  -0.143438 -0.000000 -0.000000
9  3.093513 0.000005 0.000002  -0.286942 -0.000000 -0.000000
10  6.187027 0.000001 0.000002  -0.430390 -0.000000 -0.000000
11  9.280535 0.000002 0.000003  -0.573837 0.000000 -0.000000
12  12.374046 0.000001 0.000003  -0.717329 -0.000000 -0.000000
13  15.467559 0.000000 0.000003  -0.860766 -0.000000 -0.000000
14  18.561060 0.000001 0.000003  -1.004291 -0.000000 -0.000000
15  21.654572 -0.000002 0.000004  -2.950580 -0.417176 0.715623
16  1.410068 0.800536 -2.089133  1.926816 0.229617 0.446891
17  3.954706 0.000001 0.000004  0.032650 -0.305879 0.082888
18  3.101571 0.000001 0.000004  0.038488 -0.173200 0.020373
19  6.164466 -0.898154 2.575016  -0.464106 -0.015897 1.186542
20  2.805842 0.000005 -0.000000  0.000000 0.000000 0.521973
21  2.307441 0.000004 -0.000001  0.000000 0.000000 0.361287
22  7.145093 -0.676342 -1.382423  0.048305 -0.466031 0.179016
23  3.672220 0.000003 -0.000002  0.000000 0.000000 1.094786
24  2.676518 0.000003 0.000001  0.000000 -0.000000 0.976405
25  6.831182 -0.870864 0.599918  -0.198432 -0.274957 0.706750
26  3.657074 0.000004 -0.000002  0.000000 0.000000 1.196110
27  2.496796 0.000006 -0.000000  -0.000000 -0.000000 0.510610
28  7.183348 -0.532080 -3.267603  0.092002 -0.569205 -0.163901
29  3.511592 -0.000002 0.000004  -0.000000 -0.000000 0.459239
30  2.199417 -0.000001 0.000002  0.000000 -0.000000 0.877656
31  16.163136 0.000000 -3.830527  0.703564 0.858106 -2.571306
32  14.868248 0.000000 0.000001  -0.222662 -0.147921 -1.785961
33  26.391968 0.000002 0.000003  0.000000 0.000000 -1.709905
34  0.000001 0.000001 0.000000  0.116647 0.000000 -0.000000
35  3.093514 -0.000000 0.000000  0.233324 0.000000 0.000000
36  6.187024 0.000001 0.000003  0.350000 0.000000 0.000000
37  9.280537 0.000001 -0.000000  0.466702 -0.000000 0.000000
38  12.374042 0.000001 0.000001  0.583390 -0.000000 -0.000000
39  15.467550 0.000002 0.000002  0.700082 -0.000000 0.000000
40  18.561066 0.000001 0.000001  0.816725 0.000000 0.000000
41  21.654564 -0.000001 0.000003  2.553898 -0.560085 0.069923
42  1.410063 0.800529 2.089143  -1.966491 -0.287076 0.559263
43  3.954716 -0.000005 0.000000  0.000000 -0.000000 0.375132
44  3.101566 -0.000002 -0.000002  -0.000000 0.000000 0.790793
45  7.183349 -0.532091 3.267619  0.052242 -0.011652 -0.158551
46  3.511584 0.000000 0.000002  -0.000000 -0.000000 0.189253
47  2.199406 0.000001 -0.000000  -0.000000 -0.000000 -0.104054
48  7.145096 -0.676347 1.382436  0.255424 0.283825 0.886075
49  3.672210 -0.000004 0.000000  -0.000000 0.000000 1.435616
50  2.676520 -0.000001 -0.000001  -0.000000 -0.000000 1.062915
51  6.831168 -0.870866 -0.599908  0.339890 0.115856 1.057859
52  3.657081 0.000000 0.000001  -0.000000 -0.000000 1.252193
53  2.496797 -0.000001 0.000001  0.000000 0.000000 0.840195
54  6.164460 -0.898155 -2.575005  0.409526 -0.061317 1.152482
55  2.805843 -0.000001 -0.000001  -0.000000 -0.000000 0.666009
56  2.307450 -0.000002 -0.000002  -0.000000 0.000000 0.844543
57  0.000000 0.000000 0.000000  0.000001 -0.000000 -0.000000
58  9.567216 -33.703293 -18.028894  0.171402 0.520271 0.845195
59  -0.000003 -19.069481 4.681030  0.000000 0.000000 -0.000000
60  1.986523 0.000018 -3.123740  -2.705260 -0.000000 -1.570797
61  -1.986695 0.000020 -3.123748  0.436333 0.000001 1.570797
62  -0.000001 0.000003 -0.000002  0.000000 0.000000 -0.000000
63  -1.530659 0.861426 -3.109962  0.392682 0.000010 1.570745
64  -11.344169 1.135888 0.869266  0.000328 -0.024963 -0.026314
65  1.907530 0.861418 -2.954431  -0.392858 -0.000004 1.570778
66  -11.350044 -0.729405 0.864869  0.000154 -0.025335 0.026430
67  1.754237 4.036761 -1.682670  0.392549 -0.010099 -1.546344
68  -1.755146 4.036763 -1.682671  -0.392547 -0.010382 -1.594901
69  -0.164559 5.734781 5.880442  -0.000000 0.000000 -1.570730
70  1.203548 5.503717 4.339429  0.000000 0.000000 -0.000000
71  -1.260172 5.668900 5.788552  0.070161 -0.418898 2.970131
72  1.185470 17.272331 1.821940  0.000000 0.000000 -0.000000
73  0.060219 10.324438 74.469055  0.000000 0.000000 -0.000000
74  0.052673 -3.972623 3.515850  1.570735 -0.000061 -1.570735
75  4.804187 -3.856468 -0.006878  -0.000000 0.000000 0.000000
76  -6.013983 -4.624461 0.000000  0.000000 0.000000 -0.000000
77  -65.574089 -37.156048 0.002944  -0.786618 1.570710 0.783448
78  1.602684 -3.785218 0.003049  -0.785520 1.570710 0.783753
79  11.681376 -1.114742 -1.027847  -0.785032 1.570710 0.785276
80  19.766783 -3.800923 0.000000  -0.000000 0.000000 -0.000000
81  3.258441 5.856953 -3.403523  -0.000000 -0.000000 -0.000000
82  15.153049 5.860579 -3.403520  -0.000000 -0.000000 -0.000000
83  6.064259 77.294952 36.365795  1.570796 -0.000000 1.570796
84  -2.662411 1.445755 40.667957  -0.000000 3.141591 1.570796
85  8.352066 2.772893 0.000540  -3.141589 0.000002 -0.000000
86  6.064259 72.973694 32.593250  1.570796 -0.000000 1.570796
87  -0.113677 5.957338 -0.188894  0.000000 0.000000 -0.000000
88  0.097223 0.210965 3.469587  0.000000 0.000000 -0.000000
89  0.000001 1.310211 0.000000  0.000000 0.000000 0.000000
90  0.000002 0.582260 -0.000001  0.000000 0.000000 0.000000
91  0.036297 1.284883 7.928800  0.000000 -0.000001 0.000000
92  0.000000 1.310212 0.000002  0.000000 0.000000 0.000000
93  0.000000 0.582263 0.000001  0.000000 0.000000 0.000000
94  5.969322 3.427460 -6.170650  -0.000000 -0.000001 -1.570797
95  -1.310210 0.000003 -0.000001  0.000000 -0.000000 -0.000000
96  -0.582261 0.000001 -0.000001  0.000000 -0.000000 -0.000000
97  5.969322 9.397399 -6.170660  -0.000001 -0.000001 -1.570796
98  -1.310214 -0.000001 -0.000001  0.000000 0.000000 -0.000000
99  -0.582261 -0.000002 -0.000001  0.000000 0.000000 -0.000000
100  5.969321 15.223770 -6.170671  -0.000000 -0.000001 -1.570796
101  -1.310211 0.000003 -0.000001  -0.000000 0.000001 -0.000000
102  -0.582260 0.000001 -0.000002  -0.000000 0.000001 -0.000000
103  5.969323 20.835569 -6.170670  -0.000000 -0.000001 -1.570796
104  -1.310212 0.000001 -0.000003  -0.000000 0.000001 -0.000000
105  -0.582261 -0.000001 0.000001  -0.000000 0.000001 -0.000000
106  5.969320 26.771206 -6.170671  -0.000000 -0.000001 -1.570796
107  5.969322 32.597591 -6.170673  -0.000000 -0.000001 -1.570796
108  5.969322 38.209393 -6.170683  -0.000000 -0.000001 -1.570800
109  5.969319 49.488461 -6.170684  -0.000000 -0.000001 -1.570800
110  -0.539090 -0.556808 -0.017362  -0.042462 2.681156 1.551919
111  -6.799124 -0.556804 0.818551  -0.272420 2.701993 1.452460
112  -4.615283 -0.556820 0.270329  -0.117230 2.684609 1.518878
113  -2.650969 -0.556805 0.063010  -0.042463 2.681158 1.551919
114  27.110336 1.284858 12.007547  0.000000 -0.000000 0.000000
115  28.133425 1.284859 12.007545  0.000001 -0.000000 0.000000
116  12.812886 2.241786 12.007550  0.000000 -0.000001 -0.000001
117  -9.955968 -0.319622 4.380215  -0.000001 -0.000000 -0.000001
118  -11.316474 -0.319622 4.380216  -0.000003 -0.000000 -0.000000
119  -12.667813 -0.319623 4.380215  -0.000003 -0.000000 0.000001
120  -14.022141 -0.319620 4.380216  0.000010 -0.000000 -0.000011
121  -15.373242 -0.319622 4.380215  0.000015 -0.000000 -0.000015
122  -16.724142 -0.319620 4.380216  -0.000009 -0.000000 0.000006
123  -18.074570 -0.319619 4.380217  -0.000006 0.000000 0.000004
124  -19.423717 -0.319619 4.380215  0.000002 0.000000 -0.000004
125  -20.775272 -0.319620 4.380214  0.000003 0.000000 -0.000004
126  -22.126671 -0.319619 4.380215  0.000003 0.000000 -0.000004
127  -23.478123 -0.319619 4.380216  0.000005 0.000000 -0.000006
128  -24.830620 -0.319619 4.380215  0.000036 0.000000 -0.000038
129  -26.182030 -0.319618 4.380215  -0.000011 0.000000 0.000011
130  0.529178 -0.167130 0.629483  -0.101270 -0.000000 0.000000
131  -0.211445 -0.241683 0.155362  -0.145847 -0.000000 0.000000
132  0.529188 -0.280700 -0.110293  -0.145847 -0.000000 -0.000000
133  -0.173928 -0.337324 -0.638496  -0.181751 -0.000000 0.000000
134  0.529189 -0.399246 -0.975394  -0.181751 -0.000000 0.000000
135  -0.211444 -0.464476 -1.431042  -0.192399 -0.000000 0.000000
136  0.529189 -0.515807 -1.694584  -0.192400 -0.000000 0.000000
137  -0.173929 -0.612152 -2.231912  -0.216703 -0.000000 0.000000
138  0.529187 -0.685806 -2.566440  -0.216704 -0.000000 -0.000000
139  -0.211447 -0.769559 -3.027870  -0.237349 -0.000000 0.000000
140  0.529187 -0.832687 -3.288846  -0.237349 -0.000000 -0.000000
141  -0.173939 -0.945282 -3.779563  -0.233859 0.000000 0.000000
142  0.529180 -1.024657 -4.112779  -0.233859 0.000000 0.000000
143  -0.211443 -1.132185 -4.577548  -0.262919 -0.000000 0.000000
144  0.529188 -1.201963 -4.836826  -0.262919 0.000000 0.000000
145  -0.000005 -2.810940 -10.636630  0.258454 0.000000 3.141592
146  -0.192456 -1.345777 -5.370045  -0.280373 0.000000 0.000000
147  0.533983 -1.413513 -5.605105  -0.276883 0.000000 0.000000
148  -0.206620 -1.795761 -6.909780  -0.287354 0.000000 0.000000
149  -0.205807 -1.564817 -6.138255  -0.290843 0.000000 0.000000
150  0.530460 -1.643674 -6.395214  -0.290844 0.000000 0.000000
151  0.535308 -1.790710 -7.204134  -0.287354 -0.000000 0.000000
152  -0.202704 -2.030484 -7.702830  -0.286180 -0.000000 0.000000
153  0.509547 -2.118893 -8.011623  -0.298398 -0.000000 0.000000
154  -0.202705 -2.255277 -8.465172  -0.283134 -0.000000 0.000000
155  0.509547 -2.352980 -8.771158  -0.295352 -0.000000 0.000000
156  -0.202705 -2.481595 -9.235471  -0.285437 -0.000000 0.000000
157  0.509544 -2.588682 -9.538637  -0.297654 -0.000000 0.000000
158  0.170121 -21.222090 -1.001141  -0.000001 -0.000001 0.000000
159  0.170123 -20.843861 -0.397182  -0.000001 -0.000001 0.000000
160  0.170121 -20.489742 -1.001143  -0.000001 -0.000001 0.000000
161  0.170124 -20.111065 -0.397184  -0.000001 -0.000001 0.000000
162  0.170122 -19.380089 -0.397186  -0.000001 -0.000001 0.000000
163  0.170122 -19.025105 -1.001145  -0.000001 -0.000001 0.000000
164  0.170124 -18.646658 -0.396449  -0.000001 -0.000001 0.000000
165  0.170125 -19.755758 -1.001140  -0.000001 -0.000001 0.000000
166  -0.015974 10.035401 1.098089  0.000000 0.000000 -0.000000
167  -0.104325 -52.163570 4.437340  1.570735 -0.000061 -1.570735
168  0.064654 27.351343 72.195206  0.000000 0.000000 -0.000000
169  6.064260 95.113998 31.645500  0.000000 -0.000001 1.570796
170  -0.103712 -26.907869 3.305355  -0.000000 0.000000 -1.570730
171  6.064258 69.096558 37.164322  1.570796 -0.000000 1.570796
172  1.974301 11.989231 4.589249  0.000000 0.000000 -0.000000
173  1.941734 0.883628 4.309752  0.000000 0.000000 -1.483525
174  -0.115676 1.104778 6.744191  0.000000 0.000000 -0.000000
175  6.064262 89.329796 31.613914  0.000000 -0.000001 1.570796
176  0.059885 2.255380 54.398022  0.000000 0.000000 -0.000000
177  0.003496 -22.270643 -0.000002  1.570735 -0.000061 -1.570735
178  0.104011 14.792241 1.530320  0.000000 0.000000 -0.000000
179  3.000523 -2.985219 1.029101  2.067399 -0.085866 -1.929635
180  -2.951612 25.811047 -3.742302  -0.096365 0.008023 -1.450340
181  -2.662410 1.445785 33.628738  0.000487 3.141104 1.570796
182  8.352068 2.772897 0.000538  -3.140902 0.000003 -0.000001
183  -2.662410 1.445787 40.667969  0.000487 3.141104 1.570796
184  8.352065 2.772896 0.000542  -3.140902 0.000003 -0.000001
185  -1.431356 16.384777 4.137811  0.000001 -0.000000 0.000000
186  -0.001846 0.521682 -0.140292  0.000000 0.000000 -0.000000
187  7.323108 -5.136192 -5.166237  -0.000000 0.000000 -0.610865
188  2.698278 0.000000 0.000000  -0.000012 0.000000 0.000000
189  2.834162 -0.000000 0.000001  0.000013 0.000000 0.000000
190  2.648916 0.000000 -0.000003  -0.000001 -0.000001 0.000000
191  2.667497 0.000001 -0.000002  0.000000 -0.000000 0.000000
192  2.426700 -0.000003 0.000000  0.000000 0.000000 -0.000000
193  -0.494745 -44.353447 -1.302299  1.570797 0.000000 -1.570797
194  11.545938 73.768410 -3.792009  0.000000 0.000000 -0.000000
195  -0.011103 -16.902815 1.952046  0.000001 0.000000 -0.000000
196  0.000002 -0.000002 -1.529056  -0.000000 0.000000 0.000000
197  -0.078941 0.000000 -0.000001  0.000000 0.000001 1.570796
198  0.097092 0.000000 -0.000001  -0.000000 -3.141592 1.570796
199  0.000000 0.000000 -0.000000  0.000000 -0.000000 -0.000000
200  -11.397967 -18.054998 -15.941957  -0.605050 0.215123 -0.708933
201  13.793669 -33.636120 -19.082302  1.519878 -0.109399 -1.075422
time 36
0  0 0 0  0 0 0
1  0.000000 0.000000 0.000000  0.000000 -0.000000 -0.000000
2  -0.000000 -0.000000 -55.423229  0.000000 -0.000000 -1.570730
3  -0.012872 0.000000 8.235027  -0.784749 -1.570710 -0.785986
4  16.163124 -0.010663 0.007211  -0.594297 0.000409 -0.000125
5  16.163132 -0.000000 3.830524  -1.333359 -0.199015 -2.456806
6  14.868229 0.000001 0.000001  -0.812420 0.766707 -1.708676
7  26.391943 -0.000004 -0.000000  -0.000000 0.000000 -1.299299
8  0.000002 -0.000001 0.000002  -0.144356 -0.000000 -0.000000
9  3.093522 -0.000002 -0.000000  -0.288730 -0.000000 -0.000000
10  6.187026 -0.000001 0.000002  -0.433077 -0.000000 -0.000000
11  9.280535 -0.000002 0.000002  -0.577466 0.000000 -0.000000
12  12.374048 -0.000002 0.000003  -0.721829 -0.000000 -0.000000
13  15.467562 -0.000001 0.000004  -0.866209 -0.000000 -0.000000
14  18.561060 -0.000003 0.000003  -1.010564 -0.000000 -0.000000
15  21.654575 -0.000009 0.000003  -2.959543 -0.417239 0.712368
16  1.410069 0.800539 -2.089133  1.926816 0.229617 0.446891
17  3.954706 -0.000001 0.000004  0.032650 -0.305879 0.082888
18  3.101572 0.000003 0.000003  0.038488 -0.173200 0.020373
19  6.164466 -0.898153 2.575013  -0.464106 -0.015897 1.186542
20  2.805844 0.000000 0.000000  -0.000000 -0.000000 0.521973
21  2.307442 0.000005 -0.000001  0.000000 0.000000 0.361287
22  7.145096 -0.676342 -1.382425  0.048305 -0.466031 0.179016
23  3.672220 -0.000001 -0.000000  0.000000 0.000000 1.094786
24  2.676516 -0.000002 0.000000  0.000000 0.000000 0.976405
25  6.831180 -0.870865 0.599916  -0.198432 -0.274957 0.706750
26  3.657075 -0.000002 -0.000001  0.000000 0.000000 1.196110
27  2.496793 0.000011 -0.000002  -0.000000 -0.000000 0.510610
28  7.183347 -0.532081 -3.267606  0.092002 -0.569205 -0.163901
29  3.511589 -0.000002 -0.000002  -0.000000 -0.000000 0.459239
30  2.199417 -0.000001 -0.000001  0.000000 -0.000000 0.877656
31  16.163136 0.000000 -3.830527  0.703564 0.858106 -2.571306
32  14.868248 0.000000 0.000001  -0.221819 -0.148207 -1.789178
33  26.391970 0.000003 0.000003  0.000000 0.000000 -1.705354
34  -0.000002 -0.000003 0.000003  0.115730 0.000000 -0.000000
35  3.093511 -0.000004 0.000002  0.231542 0.000000 0.000000
36  6.187019 -0.000004 0.000002  0.347273 0.000000 0.000000
37  9.280535 -0.000004 0.000003  0.463063 0.000000 0.000000
38  12.374039 -0.000005 0.000005  0.578866 0.000000 -0.000000
39  15.467549 -0.000003 0.000002  0.694627 -0.000000 -0.000000
40  18.561064 -0.000004 0.000004  0.810411 0.000000 0.000000
41  21.654564 -0.000006 0.000002  2.548388 -0.567447 0.071494
42  1.410065 0.800530 2.089142  -1.966491 -0.287076 0.559263
43  3.954715 -0.000001 0.000001  0.000000 -0.000000 0.375132
44  3.101564 0.000000 -0.000002  -0.000000 -0.000000 0.790793
45  7.183350 -0.532088 3.267619  0.052242 -0.011652 -0.158551
46  3.511587 0.000001 0.000001  -0.000000 -0.000000 0.189253
47  2.199409 0.000001 0.000001  -0.000000 0.000000 -0.104054
48  7.145098 -0.676346 1.382434  0.255424 0.283825 0.886075
49  3.672213 -0.000002 0.000000  -0.000000 -0.000000 1.435616
50  2.676525 -0.000001 -0.000001  0.000000 0.000000 1.062915
51  6.831170 -0.870865 -0.599909  0.339890 0.115856 1.057859
52  3.657083 0.000000 -0.000000  -0.000000 -0.000000 1.252192
53  2.496798 -0.000000 -0.000000  0.000000 0.000000 0.840195
54  6.164461 -0.898153 -2.575005  0.409526 -0.061316 1.152482
55  2.805842 0.000001 0.000000  -0.000000 -0.000000 0.666009
56  2.307450 -0.000002 -0.000000  -0.000000 -0.000000 0.844543
57  0.000000 0.000000 0.000000  0.000001 -0.000000 -0.000000
58  9.557666 -33.815659 -18.174179  0.179416 0.525251 0.847349
59  -0.000004 -19.069483 4.681041  -0.000000 0.000000 0.000000
60  1.986522 0.000008 -3.123736  -2.705260 -0.000000 -1.570797
61  -1.986693 0.000011 -3.123742  0.436333 0.000001 1.570797
62  -0.000002 -0.000006 0.000002  -0.000000 0.000000 0.000000
63  -1.530660 0.861413 -3.109958  0.392682 0.000010 1.570745
64  -11.344171 1.135890 0.869263  0.000328 -0.024963 -0.026314
65  1.907530 0.861409 -2.954426  -0.392858 -0.000004 1.570778
66  -11.350045 -0.729403 0.864871  0.000154 -0.025335 0.026430
67  1.754236 4.036751 -1.682667  0.392549 -0.010099 -1.546344
68  -1.755145 4.036753 -1.682667  -0.392547 -0.010382 -1.594901
69  -0.164557 5.734782 5.880445  -0.000000 -0.000000 -1.570730
70  1.203549 5.503721 4.339429  -0.000000 0.000000 0.000000
71  -1.260172 5.668899 5.788551  0.070161 -0.418898 2.970131
72  1.185471 17.272333 1.821941  -0.000000 0.000000 0.000000
73  0.060221 10.324434 74.469055  -0.000000 0.000000 0.000000
74  0.052680 -3.972630 3.515842  1.570735 -0.000061 -1.570735
75  4.804189 -3.856467 -0.006878  0.000000 0.000000 -0.000000
76  -6.013982 -4.624460 -0.000002  0.000000 0.000000 -0.000000
77  -65.574089 -37.156048 0.002939  -0.787226 1.570710 0.783813
78  1.602686 -3.785215 0.003047  -0.785764 1.570710 0.784606
79  11.681376 -1.114742 -1.027845  -0.784667 1.570710 0.785581
80  19.766783 -3.800922 -0.000001  0.000000 0.000000 -0.000000
81  3.258444 5.856954 -3.403521  -0.000000 -0.000000 -0.000001
82  15.153051 5.860580 -3.403522  0.000000 -0.000000 -0.000000
83  6.064258 77.294952 36.365791  1.570796 0.000000 1.570796
84  -2.662412 1.445757 40.667953  0.000000 3.141591 1.570796
85  8.352062 2.772900 0.000543  -3.141589 0.000002 -0.000000
86  6.064256 72.973694 32.593246  1.570796 0.000000 1.570796
87  -0.113676 5.957337 -0.188891  -0.000000 0.000000 0.000000
88  0.097225 0.210964 3.469587  -0.000000 0.000000 0.000000
89  0.000002 1.310210 -0.000000  0.000000 0.000000 0.000000
90  0.000002 0.582260 -0.000000  0.000000 0.000000 0.000000
91  0.036297 1.284882 7.928798  -0.000000 -0.000001 0.000000
92  -0.000001 1.310207 0.000000  0.000000 -0.000000 0.000000
93  -0.000001 0.582257 0.000000  0.000000 -0.000000 0.000000
94  5.969324 3.427460 -6.170650  -0.000001 -0.000001 -1.570797
95  -1.310208 0.000002 -0.000002  0.000000 -0.000000 -0.000000
96  -0.582256 0.000000 -0.000003  0.000000 0.000000 -0.000000
97  5.969323 9.397400 -6.170659  -0.000001 -0.000001 -1.570796
98  -1.310210 0.000000 0.000001  0.000000 0.000000 -0.000000
99  -0.582260 -0.000001 0.000001  0.000000 0.000000 -0.000000
100  5.969320 15.223769 -6.170670  -0.000000 -0.000001 -1.570796
101  -1.310212 0.000002 -0.000000  -0.000000 0.000000 -0.000000
102  -0.582261 0.000001 -0.000000  -0.000000 0.000000 -0.000000
103  5.969323 20.835569 -6.170671  -0.000000 -0.000001 -1.570796
104  -1.310213 0.000001 0.000000  -0.000000 0.000000 -0.000000
105  -0.582262 -0.000000 0.000002  -0.000000 0.000000 -0.000000
106  5.969324 26.771206 -6.170672  -0.000000 -0.000001 -1.570796
107  5.969319 32.597595 -6.170676  -0.000000 -0.000001 -1.570796
108  5.969323 38.209396 -6.170686  -0.000000 -0.000001 -1.570800
109  5.969322 49.488464 -6.170685  -0.000000 -0.000001 -1.570800
110  -0.539089 -0.556808 -0.017364  -0.042462 2.681156 1.551919
111  -6.799124 -0.556807 0.818549  -0.272420 2.701993 1.452460
112  -4.615284 -0.556822 0.270328  -0.117230 2.684609 1.518878
113  -2.650968 -0.556809 0.063009  -0.042463 2.681158 1.551919
114  27.110336 1.284856 12.007547  -0.000000 -0.000000 -0.000000
115  28.133425 1.284858 12.007545  0.000001 -0.000000 -0.000000
116  12.812887 2.241786 12.007549  -0.000000 -0.000001 -0.000001
117  -9.955966 -0.319621 4.380215  -0.000001 -0.000000 -0.000001
118  -11.316474 -0.319625 4.380214  -0.000003 -0.000000 -0.000000
119  -12.667810 -0.319623 4.380215  -0.000003 -0.000000 0.000001
120  -14.022141 -0.319622 4.380214  0.000010 -0.000000 -0.000011
121  -15.373241 -0.319621 4.380214  0.000015 -0.000000 -0.000015
122  -16.724140 -0.319620 4.380215  -0.000009 -0.000000 0.000006
123  -18.074572 -0.319620 4.380215  -0.000006 0.000000 0.000004
124  -19.423716 -0.319621 4.380215  0.000002 0.000000 -0.000004
125  -20.775270 -0.319619 4.380215  0.000003 0.000000 -0.000004
126  -22.126669 -0.319619 4.380216  0.000003 0.000000 -0.000004
127  -23.478123 -0.319620 4.380215  0.000005 0.000000 -0.000006
128  -24.830618 -0.319618 4.380215  0.000036 0.000000 -0.000038
129  -26.182026 -0.319620 4.380215  -0.000011 -0.000000 0.000011
130  0.529179 -0.167130 0.629485  -0.101270 -0.000000 0.000000
131  -0.211444 -0.241683 0.155362  -0.145847 -0.000000 0.000000
132  0.529189 -0.280700 -0.110292  -0.145847 -0.000000 -0.000000
133  -0.173928 -0.337325 -0.638495  -0.181751 -0.000000 0.000000
134  0.529188 -0.399245 -0.975393  -0.181751 -0.000000 0.000000
135  -0.211444 -0.464477 -1.431042  -0.192399 -0.000000 0.000000
136  0.529189 -0.515807 -1.694583  -0.192399 -0.000000 0.000000
137  -0.173928 -0.612152 -2.231910  -0.216703 -0.000000 0.000000
138  0.529186 -0.685806 -2.566440  -0.216704 -0.000000 -0.000000
139  -0.211446 -0.769561 -3.027870  -0.237349 -0.000000 0.000000
140  0.529188 -0.832687 -3.288846  -0.237349 -0.000000 -0.000000
141  -0.173937 -0.945282 -3.779565  -0.233859 0.000000 0.000000
142  0.529178 -1.024657 -4.112780  -0.233859 0.000000 0.000000
143  -0.211445 -1.132185 -4.577548  -0.262919 -0.000000 0.000000
144  0.529189 -1.201964 -4.836825  -0.262919 0.000000 0.000000
145  -0.000004 -2.810940 -10.636628  0.258454 0.000000 3.141592
146  -0.192456 -1.345779 -5.370045  -0.280373 0.000000 0.000000
147  0.533984 -1.413512 -5.605104  -0.276883 0.000000 0.000000
148  -0.206620 -1.795761 -6.909778  -0.287354 0.000000 0.000000
149  -0.205805 -1.564818 -6.138257  -0.290843 0.000000 0.000000
150  0.530459 -1.643675 -6.395213  -0.290844 0.000000 0.000000
151  0.535311 -1.790707 -7.204132  -0.287354 -0.000000 0.000000
152  -0.202706 -2.030487 -7.702828  -0.286180 -0.000000 0.000000
153  0.509548 -2.118897 -8.011624  -0.298398 -0.000000 0.000000
154  -0.202703 -2.255279 -8.465173  -0.283134 -0.000000 0.000000
155  0.509549 -2.352981 -8.771159  -0.295352 -0.000000 0.000000
156  -0.202706 -2.481596 -9.235469  -0.285437 -0.000000 0.000000
157  0.509547 -2.588682 -9.538637  -0.297654 -0.000000 0.000000
158  0.170122 -21.222090 -1.001136  -0.000001 -0.000001 0.000000
159  0.170123 -20.843864 -0.397181  -0.000001 -0.000001 0.000000
160  0.170123 -20.489746 -1.001142  -0.000001 -0.000001 0.000000
161  0.170123 -20.111071 -0.397182  -0.000001 -0.000001 0.000000
162  0.170121 -19.380091 -0.397186  -0.000001 -0.000001 0.000000
163  0.170123 -19.025108 -1.001146  -0.000001 -0.000001 0.000000
164  0.170123 -18.646658 -0.396449  -0.000001 -0.000001 0.000000
165  0.170124 -19.755758 -1.001140  -0.000001 -0.000001 0.000000
166  -0.015973 10.035400 1.098090  -0.000000 0.000000 0.000000
167  -0.104317 -52.163570 4.437349  1.570735 -0.000061 -1.570735
168  0.064655 27.351345 72.195206  -0.000000 0.000000 0.000000
169  6.064263 95.114014 31.645498  0.000000 -0.000001 1.570796
170  -0.103702 -26.907864 3.305366  -0.000000 -0.000000 -1.570730
171  6.064258 69.096558 37.164314  1.570796 0.000000 1.570796
172  1.974303 11.989233 4.589249  0.000000 0.000000 0.000000
173  1.941737 0.883631 4.309756  0.000000 -0.000000 -1.483525
174  -0.115676 1.104779 6.744193  -0.000000 0.000000 0.000000
175  6.064263 89.329811 31.613914  0.000000 -0.000001 1.570796
176  0.059888 2.255382 54.398018  -0.000000 0.000000 0.000000
177  0.003496 -22.270655 0.000005  1.570735 -0.000061 -1.570735
178  0.104009 14.792242 1.530320  -0.000000 0.000000 0.000000
179  3.000526 -2.985218 1.029103  2.067399 -0.085866 -1.929634
180  -2.951613 25.811049 -3.742301  -0.096365 0.008023 -1.450340
181  -2.662409 1.445783 33.628742  0.000487 3.141104 1.570796
182  8.352064 2.772896 0.000539  -3.140902 0.000003 -0.000001
183  -2.662412 1.445790 40.667969  0.000487 3.141104 1.570796
184  8.352066 2.772896 0.000540  -3.140902 0.000003 -0.000001
185  -1.431356 16.384777 4.137811  0.000001 0.000000 0.000000
186  -0.001842 0.521683 -0.140287  0.000000 0.000000 0.000000
187  7.323111 -5.136191 -5.166236  -0.000000 0.000000 -0.610865
188  2.698277 -0.000001 -0.000003  -0.000012 0.000000 0.000000
189  2.834157 -0.000004 0.000002  0.000013 0.000000 0.000000
190  2.648918 -0.000001 -0.000001  -0.000001 -0.000001 0.000000
191  2.667497 0.000002 0.000002  -0.000000 0.000000 0.000000
192  2.426702 0.000001 0.000000  -0.000000 0.000000 -0.000000
193  -0.494743 -44.353447 -1.302298  1.570797 -0.000000 -1.570797
194  11.545938 73.768417 -3.792011  0.000000 0.000000 0.000000
195  -0.011104 -16.902817 1.952047  0.000001 0.000000 0.000000
196  0.000000 -0.000001 -1.529051  -0.000000 -0.000000 0.000000
197  -0.078944 0.000001 0.000003  0.000000 0.000001 1.570796
198  0.097089 -0.000004 0.000003  -0.000000 -3.141592 1.570796
199  0.000000 0.000000 -0.000000  0.000000 -0.000000 -0.000000
200  -11.364575 -18.129145 -15.894982  -0.610009 0.222142 -0.711884
201  13.774689 -33.754757 -19.262102  1.512874 -0.104597 -1.076549
time 37
0  0 0 0  0 0 0
1  0.000000 0.000000 0.000000  0.000000 -0.000000 -0.000000
2  -0.000000 -0.000000 -55.423229  0.000000 -0.000000 -1.570730
3  -0.012872 0.000000 8.235027  -0.784749 -1.570710 -0.785986
4  16.163124 -0.010663 0.007211  -0.594297 0.000409 -0.000125
5  16.163132 -0.000000 3.830524  -1.333359 -0.199015 -2.456806
6  14.868229 0.000001 0.000001  -0.811036 0.766869 -1.704762
7  26.391941 -0.000005 0.000001  -0.000000 0.000000 -1.298533
8  0.000003 -0.000002 0.000000  -0.144662 -0.000000 -0.000000
9  3.093519 0.000001 -0.000001  -0.289347 -0.000000 -0.000000
10  6.187024 0.000001 0.000001  -0.434015 -0.000000 -0.000000
11  9.280538 -0.000004 0.000000  -0.578675 0.000000 -0.000000
12  12.374050 -0.000003 0.000002  -0.723394 -0.000000 -0.000000
13  15.467561 -0.000003 0.000002  -0.868025 -0.000000 -0.000000
14  18.561062 -0.000004 0.000001  -1.012727 -0.000000 -0.000000
15  21.654575 -0.000007 0.000001  -2.962675 -0.414693 0.719894
16  1.410069 0.800539 -2.089134  1.926816 0.229617 0.446891
17  3.954711 0.000001 0.000005  0.032650 -0.305879 0.082888
18  3.101569 0.000004 0.000004  0.038488 -0.173200 0.020373
19  6.164462 -0.898153 2.575013  -0.464106 -0.015897 1.186542
20  2.805841 0.000006 0.000001  0.000000 0.000000 0.521973
21  2.307440 -0.000001 -0.000001  0.000000 -0.000000 0.361287
22  7.145097 -0.676339 -1.382425  0.048305 -0.466031 0.179016
23  3.672215 -0.000001 -0.000002  0.000000 0.000000 1.094786
24  2.676519 -0.000003 0.000004  0.000000 -0.000000 0.976405
25  6.831181 -0.870861 0.599915  -0.198432 -0.274957 0.706750
26  3.657078 0.000002 -0.000001  0.000000 0.000000 1.196110
27  2.496796 -0.000001 0.000002  -0.000000 -0.000000 0.510610
28  7.183350 -0.532077 -3.267604  0.092002 -0.569205 -0.163901
29  3.511586 -0.000002 0.000005  -0.000000 -0.000000 0.459239
30  2.199414 0.000003 -0.000002  0.000000 -0.000000 0.877656
31  16.163136 0.000000 -3.830527  0.703564 0.858106 -2.571306
32  14.868248 0.000000 0.000001  -0.219548 -0.147585 -1.794320
33  26.391970 0.000002 0.000004  0.000000 0.000000 -1.704426
34  -0.000002 -0.000000 0.000001  0.116586 0.000000 -0.000000
35  3.093513 -0.000004 0.000002  0.233140 -0.000000 0.000000
36  6.187019 -0.000001 0.000002  0.349752 -0.000000 -0.000000
37  9.280537 -0.000003 0.000001  0.466325 -0.000000 0.000000
38  12.374041 -0.000003 0.000003  0.582943 -0.000000 -0.000000
39  15.467548 -0.000001 0.000001  0.699563 -0.000000 -0.000000
40  18.561066 -0.000000 0.000003  0.816126 0.000000 -0.000000
41  21.654564 -0.000002 0.000004  2.554953 -0.576845 0.075362
42  1.410064 0.800531 2.089140  -1.966491 -0.287076 0.559263
43  3.954715 -0.000002 -0.000000  0.000000 0.000000 0.375132
44  3.101566 -0.000001 -0.000002  -0.000000 0.000000 0.790793
45  7.183350 -0.532090 3.267617  0.052242 -0.011652 -0.158551
46  3.511588 -0.000002 0.000003  -0.000000 0.000000 0.189253
47  2.199410 0.000001 -0.000001  0.000000 -0.000000 -0.104054
48  7.145094 -0.676344 1.382434  0.255424 0.283825 0.886075
49  3.672212 0.000003 -0.000000  -0.000000 -0.000000 1.435616
50  2.676523 -0.000002 -0.000001  0.000000 -0.000000 1.062915
51  6.831169 -0.870866 -0.599910  0.339890 0.115856 1.057859
52  3.657083 -0.000001 -0.000000  -0.000000 -0.000000 1.252193
53  2.496798 -0.000001 -0.000001  0.000000 0.000000 0.840195
54  6.164461 -0.898154 -2.575008  0.409526 -0.061316 1.152482
55  2.805843 0.000001 -0.000001  -0.000000 0.000000 0.666009
56  2.307449 -0.000001 0.000001  0.000000 -0.000000 0.844543
57  0.000000 0.000000 0.000000  0.000001 -0.000000 -0.000000
58  9.634064 -33.839897 -18.263586  0.188646 0.520631 0.849749
59  -0.000004 -19.069487 4.681040  -0.000000 -0.000000 -0.000000
60  1.986524 0.000018 -3.123741  -2.705260 -0.000000 -1.570797
61  -1.986691 0.000020 -3.123745  0.436333 0.000001 1.570797
62  -0.000001 0.000002 0.000000  -0.000000 -0.000000 -0.000000
63  -1.530661 0.861424 -3.109962  0.392682 0.000010 1.570745
64  -11.344166 1.135893 0.869266  0.000328 -0.024963 -0.026314
65  1.907530 0.861417 -2.954433  -0.392858 -0.000004 1.570778
66  -11.350043 -0.729408 0.864870  0.000154 -0.025335 0.026430
67  1.754237 4.036760 -1.682671  0.392549 -0.010099 -1.546344
68  -1.755145 4.036758 -1.682670  -0.392547 -0.010382 -1.594901
69  -0.164560 5.734781 5.880444  -0.000000 0.000000 -1.570730
70  1.203546 5.503720 4.339428  -0.000000 -0.000000 -0.000000
71  -1.260175 5.668897 5.788551  0.070161 -0.418898 2.970131
72  1.185470 17.272331 1.821942  -0.000000 -0.000000 -0.000000
73  0.060218 10.324431 74.469063  -0.000000 -0.000000 -0.000000
74  0.052670 -3.972627 3.515840  1.570735 -0.000061 -1.570735
75  4.804186 -3.856468 -0.006881  -0.000000 0.000000 0.000000
76  -6.013986 -4.624462 -0.000004  0.000000 0.000000 -0.000000
77  -65.574097 -37.156048 0.002942  -0.786496 1.570710 0.783996
78  1.602684 -3.785216 0.003047  -0.785825 1.570710 0.783996
79  11.681372 -1.114741 -1.027851  -0.784849 1.570710 0.786130
80  19.766781 -3.800925 -0.000004  -0.000000 0.000000 -0.000000
81  3.258439 5.856954 -3.403525  -0.000000 -0.000000 -0.000000
82  15.153049 5.860580 -3.403525  0.000000 -0.000000 -0.000000
83  6.064257 77.294945 36.365799  1.570796 0.000000 1.570796
84  -2.662411 1.445750 40.667957  -0.000000 3.141591 1.570796
85  8.352067 2.772899 0.000540  -3.141589 0.000002 0.000000
86  6.064254 72.973694 32.593250  1.570796 0.000000 1.570796
87  -0.113678 5.957335 -0.188895  -0.000000 -0.000000 -0.000000
88  0.097225 0.210967 3.469584  -0.000000 -0.000000 -0.000000
89  -0.000000 1.310211 -0.000000  0.000000 0.000000 0.000000
90  -0.000001 0.582260 -0.000000  0.000000 0.000000 0.000000
91  0.036297 1.284881 7.928797  -0.000000 -0.000001 0.000000
92  0.000001 1.310208 0.000000  0.000000 0.000000 0.000000
93  0.000001 0.582259 0.000000  0.000000 0.000000 0.000000
94  5.969322 3.427460 -6.170653  -0.000000 -0.000001 -1.570797
95  -1.310209 0.000000 0.000001  0.000000 -0.000000 -0.000000
96  -0.582260 0.000001 0.000001  0.000000 0.000000 -0.000000
97  5.969321 9.397401 -6.170662  -0.000001 -0.000001 -1.570796
98  -1.310212 -0.000001 0.000001  0.000000 0.000000 -0.000000
99  -0.582261 -0.000003 0.000002  0.000000 0.000000 -0.000000
100  5.969320 15.223772 -6.170671  0.000000 -0.000001 -1.570796
101  -1.310211 0.000003 0.000000  -0.000000 0.000000 -0.000000
102  -0.582261 0.000002 -0.000001  -0.000000 0.000000 -0.000000
103  5.969321 20.835571 -6.170674  0.000000 -0.000001 -1.570796
104  -1.310212 0.000002 -0.000000  -0.000000 0.000000 -0.000000
105  -0.582261 0.000002 0.000001  -0.000000 0.000000 -0.000000
106  5.969320 26.771210 -6.170675  0.000000 -0.000001 -1.570796
107  5.969322 32.597599 -6.170677  0.000000 -0.000001 -1.570796
108  5.969322 38.209396 -6.170687  -0.000000 -0.000001 -1.570800
109  5.969319 49.488468 -6.170687  -0.000000 -0.000001 -1.570800
110  -0.539092 -0.556808 -0.017365  -0.042462 2.681156 1.551919
111  -6.799124 -0.556802 0.818548  -0.272420 2.701993 1.452460
112  -4.615284 -0.556820 0.270326  -0.117230 2.684609 1.518878
113  -2.650971 -0.556805 0.063008  -0.042463 2.681158 1.551919
114  27.110336 1.284856 12.007545  -0.000000 -0.000000 -0.000000
115  28.133425 1.284856 12.007545  0.000001 -0.000000 -0.000000
116  12.812883 2.241786 12.007547  0.000000 -0.000001 -0.000001
117  -9.955970 -0.319623 4.380212  -0.000001 -0.000000 -0.000001
118  -11.316474 -0.319620 4.380213  -0.000003 -0.000000 -0.000000
119  -12.667811 -0.319621 4.380213  -0.000003 -0.000000 0.000001
120  -14.022142 -0.319620 4.380213  0.000010 -0.000000 -0.000011
121  -15.373241 -0.319619 4.380212  0.000015 -0.000000 -0.000015
122  -16.724146 -0.319621 4.380212  -0.000009 -0.000000 0.000006
123  -18.074574 -0.319619 4.380212  -0.000006 -0.000000 0.000004
124  -19.423717 -0.319617 4.380212  0.000002 0.000000 -0.000004
125  -20.775274 -0.319619 4.380213  0.000003 0.000000 -0.000004
126  -22.126673 -0.319616 4.380214  0.000003 0.000000 -0.000004
127  -23.478123 -0.319616 4.380213  0.000005 0.000000 -0.000006
128  -24.830624 -0.319617 4.380213  0.000036 0.000000 -0.000038
129  -26.182032 -0.319617 4.380213  -0.000011 -0.000000 0.000011
130  0.529178 -0.167128 0.629482  -0.101270 -0.000000 0.000000
131  -0.211446 -0.241682 0.155360  -0.145847 -0.000000 0.000000
132  0.529188 -0.280699 -0.110295  -0.145847 -0.000000 -0.000000
133  -0.173929 -0.337323 -0.638497  -0.181751 -0.000000 0.000000
134  0.529188 -0.399244 -0.975397  -0.181751 -0.000000 0.000000
135  -0.211445 -0.464476 -1.431044  -0.192399 -0.000000 0.000000
136  0.529187 -0.515806 -1.694585  -0.192399 -0.000000 0.000000
137  -0.173930 -0.612150 -2.231912  -0.216703 -0.000000 0.000000
138  0.529187 -0.685803 -2.566442  -0.216703 -0.000000 -0.000000
139  -0.211447 -0.769559 -3.027872  -0.237349 -0.000000 0.000000
140  0.529186 -0.832686 -3.288849  -0.237349 -0.000000 -0.000000
141  -0.173937 -0.945279 -3.779567  -0.233859 0.000000 0.000000
142  0.529175 -1.024657 -4.112782  -0.233859 0.000000 -0.000000
143  -0.211445 -1.132186 -4.577550  -0.262919 -0.000000 0.000000
144  0.529187 -1.201964 -4.836828  -0.262919 0.000000 -0.000000
145  -0.000006 -2.810939 -10.636632  0.258454 0.000000 3.141592
146  -0.192456 -1.345775 -5.370048  -0.280373 0.000000 0.000000
147  0.533982 -1.413510 -5.605107  -0.276883 0.000000 0.000000
148  -0.206620 -1.795758 -6.909781  -0.287354 0.000000 0.000000
149  -0.205805 -1.564815 -6.138259  -0.290843 0.000000 0.000000
150  0.530457 -1.643676 -6.395218  -0.290844 0.000000 0.000000
151  0.535309 -1.790709 -7.204136  -0.287354 -0.000000 0.000000
152  -0.202705 -2.030484 -7.702832  -0.286180 -0.000000 0.000000
153  0.509546 -2.118894 -8.011628  -0.298398 -0.000000 0.000000
154  -0.202704 -2.255276 -8.465175  -0.283134 -0.000000 0.000000
155  0.509547 -2.352978 -8.771160  -0.295352 -0.000000 0.000000
156  -0.202705 -2.481595 -9.235473  -0.285437 -0.000000 0.000000
157  0.509545 -2.588680 -9.538641  -0.297654 -0.000000 0.000000
158  0.170118 -21.222092 -1.001141  -0.000001 -0.000001 0.000000
159  0.170119 -20.843864 -0.397184  -0.000001 -0.000001 0.000000
160  0.170120 -20.489746 -1.001143  -0.000001 -0.000001 0.000000
161  0.170123 -20.111065 -0.397185  -0.000001 -0.000001 0.000000
162  0.170120 -19.380087 -0.397192  -0.000001 -0.000001 0.000000
163  0.170122 -19.025105 -1.001147  -0.000001 -0.000001 0.000000
164  0.170121 -18.646658 -0.396448  -0.000001 -0.000001 0.000000
165  0.170121 -19.755760 -1.001144  -0.000001 -0.000001 0.000000
166  -0.015975 10.035399 1.098090  -0.000000 -0.000000 -0.000000
167  -0.104323 -52.163582 4.437342  1.570735 -0.000061 -1.570735
168  0.064655 27.351341 72.195206  -0.000000 -0.000000 -0.000000
169  6.064260 95.114006 31.645502  0.000000 -0.000001 1.570796
170  -0.103710 -26.907858 3.305356  -0.000000 0.000000 -1.570730
171  6.064259 69.096558 37.164318  1.570796 0.000000 1.570796
172  1.974301 11.989229 4.589250  0.000000 -0.000000 -0.000000
173  1.941735 0.883625 4.309755  0.000000 0.000000 -1.483525
174  -0.115677 1.104776 6.744193  -0.000000 -0.000000 -0.000000
175  6.064260 89.329796 31.613918  0.000000 -0.000001 1.570796
176  0.059889 2.255374 54.398022  -0.000000 -0.000000 -0.000000
177  0.003495 -22.270657 -0.000001  1.570735 -0.000061 -1.570735
178  0.104009 14.792239 1.530319  -0.000000 -0.000000 -0.000000
179  3.000523 -2.985225 1.029099  2.067399 -0.085866 -1.929634
180  -2.951615 25.811049 -3.742297  -0.096365 0.008023 -1.450340
181  -2.662410 1.445780 33.628746  0.000487 3.141104 1.570796
182  8.352068 2.772898 0.000539  -3.140902 0.000003 -0.000001
183  -2.662411 1.445783 40.667969  0.000487 3.141104 1.570796
184  8.352065 2.772896 0.000541  -3.140902 0.000003 -0.000001
185  -1.431356 16.384777 4.137811  0.000001 -0.000000 0.000000
186  -0.001845 0.521681 -0.140289  0.000000 -0.000000 -0.000000
187  7.323110 -5.136194 -5.166237  -0.000000 0.000000 -0.610865
188  2.698277 -0.000001 0.000001  -0.000012 0.000000 0.000000
189  2.834160 -0.000003 0.000002  0.000013 0.000000 0.000000
190  2.648917 -0.000000 0.000000  -0.000001 -0.000001 0.000000
191  2.667500 -0.000002 0.000000  0.000000 -0.000000 0.000000
192  2.426704 0.000000 0.000000  0.000000 -0.000000 -0.000000
193  -0.494746 -44.353451 -1.302299  1.570797 0.000000 -1.570797
194  11.545937 73.768417 -3.792009  0.000000 -0.000000 -0.000000
195  -0.011106 -16.902817 1.952048  0.000001 -0.000000 -0.000000
196  0.000000 -0.000003 -1.529053  -0.000000 -0.000000 -0.000000
197  -0.078942 -0.000001 0.000000  0.000000 0.000001 1.570796
198  0.097090 -0.000001 -0.000001  -0.000000 -3.141592 1.570796
199  0.000000 0.000000 -0.000000  0.000000 -0.000000 -0.000000
200  -11.247711 -18.126751 -15.786581  -0.605194 0.230081 -0.713035
201  13.841116 -33.779587 -19.365078  1.514374 -0.095482 -1.078905
time 38
0  0 0 0  0 0 0
1  0.000000 0.000000 0.000000  0.000000 -0.000000 -0.000000
2  -0.000000 -0.000000 -55.423229  0.000000 -0.000000 -1.570730
3  -0.012872 0.000000 8.235027  -0.784749 -1.570710 -0.785986
4  16.163124 -0.010663 0.007211  -0.594297 0.000409 -0.000125
5  16.163132 -0.000000 3.830524  -1.333359 -0.199015 -2.456806
6  14.868229 0.000001 0.000001  -0.809994 0.764944 -1.699381
7  26.391943 -0.000003 -0.000000  -0.000000 0.000000 -1.302597
8  0.000003 -0.000005 -0.000002  -0.144172 -0.000000 -0.000000
9  3.093516 -0.000001 -0.000001  -0.288422 -0.000000 -0.000000
10  6.187024 -0.000004 0.000001  -0.432640 -0.000000 -0.000000
11  9.280535 -0.000004 0.000000  -0.576893 -0.000000 -0.000000
12  12.374045 -0.000004 0.000002  -0.721111 -0.000000 -0.000000
13  15.467558 -0.000004 0.000001  -0.865335 -0.000000 -0.000000
14  18.561060 -0.000005 0.000001  -1.009587 -0.000000 -0.000000
15  21.654572 -0.000004 0.000002  -2.957431 -0.411310 0.735140
16  1.410073 0.800538 -2.089132  1.926816 0.229617 0.446891
17  3.954703 -0.000002 0.000002  0.032650 -0.305879 0.082888
18  3.101573 0.000004 0.000001  0.038488 -0.173200 0.020373
19  6.164467 -0.898151 2.575015  -0.464106 -0.015897 1.186542
20  2.805843 0.000002 0.000000  0.000000 0.000000 0.521973
21  2.307440 -0.000003 0.000000  0.000000 0.000000 0.361287
22  7.145099 -0.676339 -1.382424  0.048305 -0.466031 0.179016
23  3.672217 -0.000001 -0.000002  0.000000 0.000000 1.094786
24  2.676518 0.000002 0.000002  -0.000000 0.000000 0.976405
25  6.831186 -0.870863 0.599916  -0.198432 -0.274957 0.706750
26  3.657080 -0.000001 -0.000001  0.000000 0.000000 1.196110
27  2.496794 -0.000002 -0.000001  -0.000000 -0.000000 0.510611
28  7.183349 -0.532078 -3.267604  0.092002 -0.569205 -0.163901
29  3.511590 -0.000001 0.000004  -0.000000 0.000000 0.459239
30  2.199413 -0.000002 0.000002  0.000000 -0.000000 0.877656
31  16.163136 0.000000 -3.830527  0.703564 0.858106 -2.571306
32  14.868248 0.000000 0.000001  -0.217027 -0.147304 -1.800856
33  26.391970 0.000001 0.000003  0.000000 0.000000 -1.704518
34  0.000003 -0.000003 0.000001  0.118787 0.000000 -0.000000
35  3.093516 -0.000006 -0.000001  0.237627 0.000000 0.000000
36  6.187021 -0.000003 0.000002  0.356448 0.000000 0.000000
37  9.280535 -0.000002 0.000001  0.475301 -0.000000 0.000000
38  12.374041 -0.000003 0.000002  0.594105 -0.000000 -0.000000
39  15.467552 -0.000004 -0.000000  0.712898 -0.000000 -0.000000
40  18.561066 -0.000004 0.000003  0.831780 -0.000000 0.000000
41  21.654564 -0.000004 0.000003  2.572541 -0.585334 0.076843
42  1.410064 0.800527 2.089140  -1.966491 -0.287076 0.559263
43  3.954716 -0.000002 0.000002  0.000000 -0.000000 0.375132
44  3.101568 -0.000000 -0.000002  -0.000000 0.000000 0.790793
45  7.183349 -0.532091 3.267618  0.052242 -0.011652 -0.158551
46  3.511586 -0.000000 -0.000000  0.000000 -0.000000 0.189253
47  2.199413 -0.000001 -0.000002  0.000000 0.000000 -0.104054
48  7.145094 -0.676346 1.382434  0.255424 0.283825 0.886075
49  3.672212 0.000002 -0.000001  -0.000000 -0.000000 1.435616
50  2.676518 -0.000001 -0.000002  -0.000000 0.000000 1.062915
51  6.831167 -0.870867 -0.599910  0.339890 0.115856 1.057859
52  3.657082 0.000003 0.000001  -0.000000 -0.000000 1.252192
53  2.496798 -0.000001 -0.000000  0.000000 0.000000 0.840195
54  6.164461 -0.898157 -2.575008  0.409526 -0.061317 1.152482
55  2.805843 0.000001 -0.000000  -0.000000 -0.000000 0.666009
56  2.307452 -0.000001 -0.000000  0.000000 -0.000000 0.844543
57  0.000000 0.000000 0.000000  0.000001 -0.000000 -0.000000
58  9.815509 -33.784821 -18.309887  0.196952 0.507050 0.853636
59  -0.000005 -19.069479 4.681034  -0.000000 -0.000000 0.000000
60  1.986525 0.000020 -3.123734  -2.705260 -0.000000 -1.570797
61  -1.986695 0.000020 -3.123745  0.436333 0.000001 1.570797
62  -0.000000 0.000006 0.000002  -0.000000 -0.000000 0.000000
63  -1.530658 0.861426 -3.109958  0.392682 0.000010 1.570745
64  -11.344166 1.135888 0.869267  0.000328 -0.024963 -0.026314
65  1.907530 0.861418 -2.954429  -0.392858 -0.000004 1.570778
66  -11.350048 -0.729409 0.864871  0.000154 -0.025335 0.026430
67  1.754238 4.036761 -1.682668  0.392549 -0.010099 -1.546344
68  -1.755147 4.036761 -1.682669  -0.392547 -0.010382 -1.594901
69  -0.164559 5.734781 5.880444  0.000000 0.000000 -1.570730
70  1.203546 5.503724 4.339428  -0.000000 -0.000000 0.000000
71  -1.260175 5.668901 5.788551  0.070161 -0.418898 2.970131
72  1.185470 17.272333 1.821943  -0.000000 -0.000000 0.000000
73  0.060220 10.324432 74.469055  -0.000000 -0.000000 0.000000
74  0.052672 -3.972625 3.515850  1.570735 -0.000061 -1.570735
75  4.804188 -3.856466 -0.006877  -0.000000 0.000000 0.000000
76  -6.013981 -4.624460 0.000000  0.000000 0.000000 0.000000
77  -65.574081 -37.156044 0.002935  -0.787409 1.570710 0.784119
78  1.602688 -3.785216 0.003050  -0.786801 1.570710 0.784118
79  11.681376 -1.114740 -1.027846  -0.785764 1.570710 0.785337
80  19.766779 -3.800921 0.000002  -0.000000 -0.000000 -0.000000
81  3.258440 5.856953 -3.403523  -0.000000 -0.000000 -0.000000
82  15.153049 5.860579 -3.403520  -0.000000 -0.000000 -0.000000
83  6.064255 77.294952 36.365795  1.570796 0.000000 1.570796
84  -2.662412 1.445756 40.667957  0.000000 3.141591 1.570796
85  8.352065 2.772895 0.000539  -3.141589 0.000002 0.000000
86  6.064252 72.973694 32.593246  1.570796 0.000000 1.570796
87  -0.113679 5.957341 -0.188894  -0.000000 -0.000000 0.000000
88  0.097226 0.210967 3.469589  -0.000000 -0.000000 0.000000
89  -0.000001 1.310210 0.000002  0.000000 -0.000000 0.000000
90  -0.000001 0.582258 0.000001  0.000000 -0.000000 0.000000
91  0.036298 1.284882 7.928799  -0.000000 -0.000001 0.000000
92  0.000001 1.310211 0.000000  0.000000 -0.000000 0.000000
93  0.000002 0.582258 0.000000  0.000000 -0.000000 0.000000
94  5.969322 3.427461 -6.170650  -0.000000 -0.000001 -1.570797
95  -1.310211 0.000000 -0.000002  0.000000 -0.000000 -0.000000
96  -0.582261 0.000000 -0.000001  0.000000 -0.000000 -0.000000
97  5.969322 9.397400 -6.170658  -0.000000 -0.000001 -1.570796
98  -1.310212 0.000000 0.000002  0.000000 0.000000 -0.000000
99  -0.582261 0.000000 0.000001  0.000000 0.000000 -0.000000
100  5.969322 15.223770 -6.170669  0.000000 -0.000001 -1.570796
101  -1.310209 0.000000 -0.000001  -0.000000 0.000000 -0.000000
102  -0.582258 -0.000001 0.000000  -0.000000 0.000001 -0.000000
103  5.969324 20.835571 -6.170669  0.000000 -0.000001 -1.570796
104  -1.310210 0.000001 -0.000000  -0.000000 0.000000 -0.000000
105  -0.582260 -0.000000 0.000001  -0.000000 0.000001 -0.000000
106  5.969324 26.771210 -6.170670  0.000000 -0.000001 -1.570796
107  5.969323 32.597595 -6.170674  0.000000 -0.000001 -1.570796
108  5.969324 38.209396 -6.170685  0.000000 -0.000001 -1.570800
109  5.969321 49.488464 -6.170682  0.000000 -0.000001 -1.570800
110  -0.539089 -0.556807 -0.017361  -0.042462 2.681156 1.551919
111  -6.799122 -0.556804 0.818551  -0.272420 2.701993 1.452460
112  -4.615283 -0.556821 0.270329  -0.117230 2.684609 1.518878
113  -2.650970 -0.556806 0.063011  -0.042463 2.681158 1.551919
114  27.110336 1.284857 12.007551  -0.000000 -0.000000 0.000000
115  28.133427 1.284858 12.007547  0.000001 -0.000000 0.000000
116  12.812885 2.241786 12.007550  -0.000000 -0.000001 -0.000001
117  -9.955965 -0.319621 4.380215  -0.000001 -0.000000 -0.000001
118  -11.316474 -0.319622 4.380215  -0.000003 -0.000000 -0.000000
119  -12.667809 -0.319619 4.380216  -0.000003 -0.000000 0.000001
120  -14.022141 -0.319621 4.380216  0.000010 -0.000000 -0.000011
121  -15.373240 -0.319620 4.380213  0.000015 -0.000000 -0.000015
122  -16.724140 -0.319619 4.380215  -0.000009 -0.000000 0.000006
123  -18.074572 -0.319619 4.380215  -0.000006 -0.000000 0.000004
124  -19.423716 -0.319619 4.380215  0.000002 0.000000 -0.000004
125  -20.775269 -0.319616 4.380214  0.000003 0.000000 -0.000004
126  -22.126671 -0.319619 4.380215  0.000003 -0.000000 -0.000004
127  -23.478123 -0.319617 4.380216  0.000005 -0.000000 -0.000006
128  -24.830620 -0.319614 4.380215  0.000036 -0.000000 -0.000038
129  -26.182026 -0.319617 4.380215  -0.000011 -0.000000 0.000011
130  0.529180 -0.167128 0.629486  -0.101270 -0.000000 0.000000
131  -0.211445 -0.241682 0.155362  -0.145847 -0.000000 0.000000
132  0.529188 -0.280698 -0.110291  -0.145847 -0.000000 -0.000000
133  -0.173928 -0.337325 -0.638495  -0.181751 -0.000000 0.000000
134  0.529188 -0.399244 -0.975391  -0.181751 -0.000000 0.000000
135  -0.211445 -0.464477 -1.431040  -0.192399 -0.000000 0.000000
136  0.529189 -0.515808 -1.694582  -0.192399 -0.000000 0.000000
137  -0.173929 -0.612151 -2.231910  -0.216703 -0.000000 0.000000
138  0.529186 -0.685805 -2.566439  -0.216703 -0.000000 -0.000000
139  -0.211446 -0.769559 -3.027869  -0.237349 -0.000000 0.000000
140  0.529188 -0.832686 -3.288845  -0.237349 -0.000000 -0.000000
141  -0.173939 -0.945281 -3.779563  -0.233859 0.000000 0.000000
142  0.529178 -1.024657 -4.112778  -0.233859 0.000000 -0.000000
143  -0.211444 -1.132184 -4.577545  -0.262919 -0.000000 0.000000
144  0.529189 -1.201964 -4.836824  -0.262919 0.000000 -0.000000
145  -0.000008 -2.810942 -10.636627  0.258454 0.000000 3.141592
146  -0.192455 -1.345778 -5.370043  -0.280373 0.000000 0.000000
147  0.533985 -1.413510 -5.605101  -0.276883 0.000000 0.000000
148  -0.206620 -1.795759 -6.909777  -0.287354 0.000000 0.000000
149  -0.205804 -1.564817 -6.138255  -0.290843 0.000000 0.000000
150  0.530458 -1.643675 -6.395213  -0.290844 0.000000 0.000000
151  0.535311 -1.790707 -7.204130  -0.287354 -0.000000 0.000000
152  -0.202704 -2.030486 -7.702828  -0.286180 -0.000000 0.000000
153  0.509547 -2.118895 -8.011622  -0.298398 -0.000000 0.000000
154  -0.202704 -2.255277 -8.465169  -0.283134 -0.000000 0.000000
155  0.509546 -2.352978 -8.771157  -0.295352 -0.000000 0.000000
156  -0.202707 -2.481598 -9.235470  -0.285437 -0.000000 0.000000
157  0.509546 -2.588682 -9.538638  -0.297654 -0.000000 0.000000
158  0.170122 -21.222092 -1.001139  -0.000001 -0.000001 0.000000
159  0.170120 -20.843863 -0.397183  -0.000001 -0.000001 0.000000
160  0.170121 -20.489746 -1.001139  -0.000001 -0.000001 0.000000
161  0.170125 -20.111067 -0.397182  -0.000001 -0.000001 0.000000
162  0.170124 -19.380089 -0.397184  -0.000001 -0.000001 0.000000
163  0.170123 -19.025106 -1.001143  -0.000001 -0.000001 0.000000
164  0.170124 -18.646658 -0.396446  -0.000001 -0.000001 0.000000
165  0.170123 -19.755760 -1.001140  -0.000001 -0.000001 0.000000
166  -0.015975 10.035401 1.098091  -0.000000 -0.000000 0.000000
167  -0.104326 -52.163574 4.437347  1.570735 -0.000061 -1.570735
168  0.064657 27.351341 72.195198  -0.000000 -0.000000 0.000000
169  6.064259 95.114014 31.645498  -0.000000 -0.000001 1.570796
170  -0.103716 -26.907873 3.305359  0.000000 0.000000 -1.570730
171  6.064254 69.096558 37.164318  1.570796 0.000000 1.570796
172  1.974301 11.989232 4.589251  0.000000 -0.000000 0.000000
173  1.941734 0.883629 4.309756  0.000000 -0.000000 -1.483525
174  -0.115678 1.104778 6.744192  -0.000000 -0.000000 0.000000
175  6.064256 89.329803 31.613911  -0.000000 -0.000001 1.570796
176  0.059886 2.255382 54.398018  -0.000000 -0.000000 0.000000
177  0.003497 -22.270655 -0.000004  1.570735 -0.000061 -1.570735
178  0.104011 14.792243 1.530321  -0.000000 -0.000000 0.000000
179  3.000524 -2.985221 1.029099  2.067399 -0.085866 -1.929635
180  -2.951615 25.811050 -3.742296  -0.096365 0.008023 -1.450340
181  -2.662412 1.445782 33.628742  0.000487 3.141104 1.570796
182  8.352069 2.772895 0.000541  -3.140902 0.000003 -0.000001
183  -2.662413 1.445789 40.667969  0.000487 3.141104 1.570796
184  8.352064 2.772899 0.000543  -3.140902 0.000003 -0.000001
185  -1.431357 16.384779 4.137812  0.000001 -0.000000 0.000000
186  -0.001846 0.521684 -0.140289  0.000000 -0.000000 0.000000
187  7.323108 -5.136193 -5.166237  0.000000 0.000000 -0.610865
188  2.698275 -0.000002 -0.000001  -0.000012 0.000000 0.000000
189  2.834158 0.000000 0.000000  0.000013 0.000000 0.000000
190  2.648918 0.000001 -0.000002  -0.000001 -0.000001 0.000000
191  2.667492 -0.000001 -0.000001  0.000000 0.000000 0.000000
192  2.426702 -0.000004 -0.000002  0.000000 0.000000 -0.000000
193  -0.494746 -44.353443 -1.302296  1.570797 0.000000 -1.570797
194  11.545937 73.768417 -3.792010  0.000000 -0.000000 0.000000
195  -0.011102 -16.902813 1.952048  0.000001 -0.000000 0.000000
196  0.000003 -0.000004 -1.529052  -0.000000 -0.000000 0.000000
197  -0.078941 -0.000006 0.000002  0.000000 0.000001 1.570796
198  0.097091 -0.000005 0.000001  -0.000000 -3.141592 1.570796
199  0.000000 0.000000 -0.000000  0.000000 -0.000000 -0.000000
200  -11.069630 -18.107622 -15.669147  -0.591119 0.237213 -0.709989
201  14.030905 -33.707855 -19.394501  1.524592 -0.083926 -1.080050
time 39
0  0 0 0  0 0 0
1  0.000000 0.000000 0.000000  0.000000 -0.000000 -0.000000
2  -0.000000 -0.000000 -55.423229  0.000000 -0.000000 -1.570730
3  -0.012872 0.000000 8.235027  -0.784749 -1.570710 -0.785986
4  16.163124 -0.010663 0.007211  -0.594297 0.000409 -0.000125
5  16.163132 -0.000000 3.830524  -1.333359 -0.199015 -2.456806
6  14.868229 0.000001 0.000001  -0.810211 0.760349 -1.694243
7  26.391945 -0.000005 -0.000003  -0.000000 0.000000 -1.309283
8  0.000000 -0.000001 0.000001  -0.143315 -0.000000 -0.000000
9  3.093518 -0.000003 0.000001  -0.286634 -0.000000 -0.000000
10  6.187023 -0.000004 0.000001  -0.429953 -0.000000 -0.000000
11  9.280534 -0.000004 0.000001  -0.573328 0.000000 -0.000000
12  12.374047 -0.000002 0.000003  -0.716677 -0.000000 -0.000000
13  15.467559 -0.000006 0.000003  -0.859959 -0.000000 -0.000000
14  18.561056 -0.000005 0.000003  -1.003317 -0.000000 -0.000000
15  21.654575 -0.000008 0.000003  -2.948562 -0.408756 0.753359
16  1.410074 0.800537 -2.089132  1.926816 0.229617 0.446891
17  3.954707 -0.000002 0.000003  0.032650 -0.305879 0.082888
18  3.101569 -0.000001 0.000003  0.038488 -0.173200 0.020373
19  6.164464 -0.898154 2.575011  -0.464106 -0.015897 1.186542
20  2.805844 -0.000001 -0.000000  -0.000000 -0.000000 0.521973
21  2.307441 0.000001 0.000001  -0.000000 0.000000 0.361287
22  7.145099 -0.676343 -1.382424  0.048305 -0.466031 0.179016
23  3.672216 0.000005 -0.000002  0.000000 0.000000 1.094786
24  2.676518 0.000003 0.000003  -0.000000 -0.000000 0.976405
25  6.831184 -0.870867 0.599919  -0.198432 -0.274956 0.706750
26  3.657074 0.000002 -0.000004  0.000000 0.000000 1.196110
27  2.496794 0.000007 0.000001  -0.000000 -0.000000 0.510610
28  7.183352 -0.532083 -3.267606  0.092002 -0.569205 -0.163901
29  3.511587 0.000002 0.000002  -0.000000 -0.000000 0.459239
30  2.199415 -0.000000 0.000001  0.000000 -0.000000 0.877656
31  16.163136 0.000000 -3.830527  0.703564 0.858106 -2.571306
32  14.868248 0.000000 0.000001  -0.213935 -0.146914 -1.809094
33  26.391970 -0.000003 0.000003  0.000000 0.000000 -1.703035
34  0.000000 0.000001 -0.000000  0.121477 0.000000 -0.000000
35  3.093515 -0.000001 -0.000001  0.242914 0.000000 0.000000
36  6.187021 0.000000 -0.000001  0.364389 0.000000 0.000000
37  9.280537 -0.000002 0.000000  0.485921 -0.000000 -0.000000
38  12.374043 -0.000001 0.000001  0.607396 0.000000 -0.000000
39  15.467552 -0.000002 0.000002  0.728879 0.000000 -0.000000
40  18.561066 -0.000001 0.000001  0.850368 0.000000 0.000000
41  21.654568 -0.000002 0.000003  2.594536 -0.592054 0.073411
42  1.410066 0.800527 2.089142  -1.966491 -0.287076 0.559263
43  3.954716 -0.000004 0.000001  0.000000 -0.000000 0.375132
44  3.101565 0.000000 -0.000003  -0.000000 0.000000 0.790793
45  7.183349 -0.532091 3.267619  0.052242 -0.011652 -0.158551
46  3.511586 0.000001 0.000000  0.000000 -0.000000 0.189253
47  2.199412 0.000000 -0.000002  0.000000 0.000000 -0.104054
48  7.145097 -0.676347 1.382434  0.255424 0.283825 0.886075
49  3.672212 0.000002 0.000000  -0.000000 -0.000000 1.435616
50  2.676521 -0.000000 -0.000001  -0.000000 -0.000000 1.062915
51  6.831169 -0.870867 -0.599908  0.339890 0.115856 1.057859
52  3.657084 -0.000000 0.000000  -0.000000 -0.000000 1.252193
53  2.496798 -0.000002 -0.000002  0.000000 0.000000 0.840195
54  6.164462 -0.898154 -2.575006  0.409526 -0.061316 1.152482
55  2.805843 0.000003 -0.000001  0.000000 -0.000000 0.666009
56  2.307448 0.000000 -0.000000  -0.000000 -0.000000 0.844543
57  0.000000 0.000000 0.000000  0.000001 -0.000000 -0.000000
58  10.082901 -33.676857 -18.265182  0.202869 0.491188 0.859632
59  0.000004 -19.069483 4.681039  -0.000000 -0.000000 0.000000
60  1.986525 0.000012 -3.123737  -2.705260 -0.000000 -1.570797
61  -1.986690 0.000016 -3.123745  0.436333 0.000001 1.570797
62  0.000001 -0.000003 0.000001  -0.000000 -0.000000 0.000000
63  -1.530658 0.861421 -3.109959  0.392682 0.000010 1.570745
64  -11.344165 1.135893 0.869263  0.000328 -0.024963 -0.026314
65  1.907532 0.861412 -2.954429  -0.392858 -0.000004 1.570778
66  -11.350046 -0.729403 0.864870  0.000154 -0.025335 0.026430
67  1.754238 4.036757 -1.682669  0.392549 -0.010099 -1.546344
68  -1.755143 4.036759 -1.682668  -0.392547 -0.010382 -1.594901
69  -0.164557 5.734780 5.880445  0.000000 -0.000000 -1.570730
70  1.203550 5.503717 4.339432  -0.000000 -0.000000 0.000000
71  -1.260172 5.668898 5.788553  0.070161 -0.418898 2.970131
72  1.185471 17.272329 1.821942  -0.000000 -0.000000 0.000000
73  0.060224 10.324429 74.469048  -0.000000 -0.000000 0.000000
74  0.052678 -3.972632 3.515835  1.570735 -0.000061 -1.570735
75  4.804187 -3.856466 -0.006874  -0.000000 -0.000000 0.000000
76  -6.013983 -4.624459 0.000002  0.000000 0.000000 -0.000000
77  -65.574089 -37.156044 0.002934  -0.787713 1.570710 0.783875
78  1.602683 -3.785213 0.003048  -0.787287 1.570710 0.784423
79  11.681375 -1.114742 -1.027846  -0.785764 1.570710 0.785642
80  19.766777 -3.800921 0.000000  -0.000000 -0.000000 0.000000
81  3.258445 5.856954 -3.403520  -0.000000 -0.000000 -0.000001
82  15.153049 5.860580 -3.403517  0.000000 -0.000000 0.000000
83  6.064256 77.294952 36.365795  1.570796 0.000000 1.570796
84  -2.662410 1.445751 40.667953  0.000000 3.141591 1.570796
85  8.352067 2.772899 0.000541  -3.141589 0.000002 0.000000
86  6.064257 72.973694 32.593250  1.570796 0.000000 1.570796
87  -0.113681 5.957331 -0.188893  -0.000000 -0.000000 0.000000
88  0.097227 0.210965 3.469588  -0.000000 -0.000000 0.000000
89  0.000003 1.310210 0.000000  0.000000 -0.000000 0.000000
90  0.000001 0.582260 -0.000000  0.000000 -0.000000 0.000000
91  0.036298 1.284880 7.928799  -0.000000 -0.000001 0.000000
92  0.000000 1.310212 0.000000  0.000000 -0.000000 0.000000
93  -0.000000 0.582260 -0.000000  0.000000 -0.000000 0.000000
94  5.969325 3.427459 -6.170649  -0.000000 -0.000001 -1.570797
95  -1.310208 0.000002 0.000001  0.000000 0.000000 -0.000000
96  -0.582258 0.000002 0.000000  0.000000 0.000000 -0.000000
97  5.969324 9.397400 -6.170657  -0.000000 -0.000001 -1.570796
98  -1.310213 0.000001 -0.000001  0.000000 0.000000 -0.000000
99  -0.582262 -0.000001 0.000001  0.000000 0.000000 -0.000000
100  5.969322 15.223770 -6.170670  0.000000 -0.000001 -1.570796
101  -1.310210 0.000002 0.000004  -0.000000 0.000000 -0.000000
102  -0.582259 0.000002 0.000004  -0.000000 0.000000 -0.000000
103  5.969322 20.835571 -6.170670  0.000000 -0.000001 -1.570796
104  -1.310212 0.000001 0.000001  -0.000000 0.000000 -0.000000
105  -0.582261 0.000000 0.000001  -0.000000 0.000000 -0.000000
106  5.969322 26.771206 -6.170672  0.000000 -0.000001 -1.570796
107  5.969321 32.597595 -6.170673  0.000000 -0.000001 -1.570796
108  5.969324 38.209396 -6.170685  0.000000 -0.000001 -1.570800
109  5.969320 49.488468 -6.170683  0.000000 -0.000001 -1.570800
110  -0.539088 -0.556807 -0.017362  -0.042462 2.681156 1.551919
111  -6.799124 -0.556808 0.818549  -0.272420 2.701993 1.452460
112  -4.615282 -0.556823 0.270327  -0.117230 2.684609 1.518878
113  -2.650970 -0.556808 0.063010  -0.042463 2.681158 1.551919
114  27.110336 1.284857 12.007550  -0.000000 -0.000000 0.000000
115  28.133427 1.284858 12.007546  0.000001 -0.000000 0.000000
116  12.812885 2.241784 12.007549  0.000000 -0.000001 -0.000001
117  -9.955967 -0.319623 4.380215  -0.000001 -0.000000 -0.000001
118  -11.316472 -0.319623 4.380215  -0.000003 -0.000000 -0.000000
119  -12.667809 -0.319623 4.380214  -0.000003 -0.000000 0.000001
120  -14.022141 -0.319623 4.380213  0.000010 -0.000000 -0.000011
121  -15.373239 -0.319620 4.380213  0.000015 -0.000000 -0.000015
122  -16.724142 -0.319623 4.380214  -0.000009 -0.000000 0.000006
123  -18.074572 -0.319620 4.380214  -0.000006 -0.000000 0.000004
124  -19.423716 -0.319621 4.380214  0.000002 0.000000 -0.000004
125  -20.775269 -0.319619 4.380215  0.000003 0.000000 -0.000004
126  -22.126671 -0.319619 4.380214  0.000003 -0.000000 -0.000004
127  -23.478121 -0.319618 4.380214  0.000005 -0.000000 -0.000006
128  -24.830620 -0.319619 4.380214  0.000036 -0.000000 -0.000038
129  -26.182028 -0.319619 4.380214  -0.000011 -0.000000 0.000011
130  0.529182 -0.167129 0.629484  -0.101270 -0.000000 0.000000
131  -0.211443 -0.241684 0.155362  -0.145847 -0.000000 0.000000
132  0.529189 -0.280700 -0.110293  -0.145847 -0.000000 -0.000000
133  -0.173925 -0.337324 -0.638494  -0.181751 -0.000000 0.000000
134  0.529190 -0.399247 -0.975392  -0.181751 -0.000000 0.000000
135  -0.211444 -0.464478 -1.431041  -0.192399 -0.000000 0.000000
136  0.529190 -0.515807 -1.694583  -0.192399 -0.000000 0.000000
137  -0.173927 -0.612151 -2.231911  -0.216703 -0.000000 0.000000
138  0.529189 -0.685807 -2.566441  -0.216703 -0.000000 -0.000000
139  -0.211444 -0.769563 -3.027871  -0.237349 -0.000000 0.000000
140  0.529187 -0.832687 -3.288846  -0.237349 -0.000000 -0.000000
141  -0.173937 -0.945282 -3.779565  -0.233859 0.000000 0.000000
142  0.529179 -1.024659 -4.112781  -0.233859 0.000000 -0.000000
143  -0.211443 -1.132185 -4.577546  -0.262919 -0.000000 0.000000
144  0.529189 -1.201965 -4.836825  -0.262919 0.000000 0.000000
145  -0.000004 -2.810941 -10.636629  0.258454 0.000000 3.141592
146  -0.192455 -1.345778 -5.370045  -0.280373 0.000000 0.000000
147  0.533985 -1.413513 -5.605105  -0.276883 0.000000 0.000000
148  -0.206620 -1.795761 -6.909780  -0.287354 0.000000 0.000000
149  -0.205806 -1.564818 -6.138256  -0.290843 0.000000 0.000000
150  0.530461 -1.643675 -6.395214  -0.290844 0.000000 0.000000
151  0.535311 -1.790709 -7.204132  -0.287354 -0.000000 0.000000
152  -0.202705 -2.030486 -7.702828  -0.286180 -0.000000 0.000000
153  0.509550 -2.118895 -8.011625  -0.298398 -0.000000 0.000000
154  -0.202701 -2.255277 -8.465171  -0.283134 -0.000000 0.000000
155  0.509547 -2.352981 -8.771160  -0.295352 -0.000000 0.000000
156  -0.202703 -2.481597 -9.235472  -0.285437 -0.000000 0.000000
157  0.509548 -2.588683 -9.538637  -0.297654 -0.000000 0.000000
158  0.170122 -21.222092 -1.001140  -0.000001 -0.000001 0.000000
159  0.170121 -20.843868 -0.397182  -0.000001 -0.000001 0.000000
160  0.170121 -20.489748 -1.001140  -0.000001 -0.000001 0.000000
161  0.170126 -20.111067 -0.397182  -0.000001 -0.000001 0.000000
162  0.170122 -19.380091 -0.397184  -0.000001 -0.000001 0.000000
163  0.170125 -19.025110 -1.001144  -0.000001 -0.000001 0.000000
164  0.170122 -18.646660 -0.396446  -0.000001 -0.000001 0.000000
165  0.170126 -19.755758 -1.001139  -0.000001 -0.000001 0.000000
166  -0.015973 10.035401 1.098092  -0.000000 -0.000000 0.000000
167  -0.104319 -52.163582 4.437346  1.570735 -0.000061 -1.570735
168  0.064657 27.351339 72.195206  -0.000000 -0.000000 0.000000
169  6.064265 95.114021 31.645498  -0.000000 -0.000001 1.570796
170  -0.103710 -26.907871 3.305358  0.000000 -0.000000 -1.570730
171  6.064259 69.096550 37.164318  1.570796 0.000000 1.570796
172  1.974305 11.989231 4.589252  0.000000 -0.000000 0.000000
173  1.941737 0.883625 4.309756  0.000000 -0.000000 -1.483525
174  -0.115675 1.104775 6.744194  -0.000000 -0.000000 0.000000
175  6.064260 89.329803 31.613914  -0.000000 -0.000001 1.570796
176  0.059884 2.255373 54.398022  -0.000000 -0.000000 0.000000
177  0.003494 -22.270655 -0.000001  1.570735 -0.000061 -1.570735
178  0.104010 14.792239 1.530321  -0.000000 -0.000000 0.000000
179  3.000527 -2.985219 1.029103  2.067399 -0.085866 -1.929634
180  -2.951612 25.811047 -3.742302  -0.096365 0.008023 -1.450340
181  -2.662410 1.445779 33.628742  0.000487 3.141104 1.570796
182  8.352068 2.772897 0.000541  -3.140902 0.000003 -0.000001
183  -2.662409 1.445784 40.667969  0.000487 3.141104 1.570796
184  8.352065 2.772902 0.000543  -3.140902 0.000003 -0.000001
185  -1.431355 16.384777 4.137813  0.000001 -0.000000 0.000000
186  -0.001845 0.521677 -0.140289  0.000000 -0.000000 0.000000
187  7.323112 -5.136192 -5.166234  0.000000 0.000000 -0.610865
188  2.698279 -0.000000 0.000000  -0.000012 0.000000 0.000000
189  2.834161 -0.000004 0.000000  0.000013 0.000000 0.000000
190  2.648918 0.000002 -0.000002  -0.000001 -0.000001 0.000000
191  2.667499 0.000001 0.000001  -0.000000 0.000000 0.000000
192  2.426699 -0.000001 0.000001  -0.000000 0.000000 -0.000000
193  -0.494741 -44.353455 -1.302296  1.570797 -0.000000 -1.570797
194  11.545939 73.768417 -3.792010  0.000000 -0.000000 0.000000
195  -0.011102 -16.902817 1.952048  0.000001 -0.000000 0.000000
196  -0.000001 0.000003 -1.529051  -0.000000 -0.000000 0.000000
197  -0.078943 0.000001 0.000000  0.000000 0.000001 1.570796
198  0.097091 -0.000001 0.000000  -0.000000 -3.141592 1.570796
199  0.000000 0.000000 -0.000000  0.000000 -0.000000 -0.000000
200  -10.869289 -18.107620 -15.519191  -0.574749 0.242339 -0.702935
201  14.306100 -33.572662 -19.322580  1.537589 -0.073377 -1.077899
time 40
0  0 0 0  0 0 0
1  0.000000 0.000000 0.000000  0.000000 -0.000000 -0.000000
2  -0.000000 -0.000000 -55.423229  0.000000 -0.000000 -1.570730
3  -0.012872 0.000000 8.235027  -0.784749 -1.570710 -0.785986
4  16.163124 -0.010663 0.007211  -0.594297 0.000409 -0.000125
5  16.163132 -0.000000 3.830524  -1.333359 -0.199015 -2.456806
6  14.868229 0.000001 0.000001  -0.812225 0.752915 -1.690078
7  26.391943 -0.000008 -0.000000  -0.000000 0.000000 -1.317838
8  0.000002 0.000005 -0.000000  -0.142030 -0.000000 -0.000000
9  3.093517 0.000006 0.000001  -0.284105 -0.000000 -0.000000
10  6.187024 0.000003 0.000001  -0.426205 -0.000000 -0.000000
11  9.280536 0.000002 0.000002  -0.568239 0.000000 -0.000000
12  12.374046 0.000003 0.000003  -0.710358 -0.000000 -0.000000
13  15.467560 0.000003 0.000001  -0.852446 -0.000000 -0.000000
14  18.561062 -0.000001 0.000001  -0.994486 -0.000000 -0.000000
15  21.654572 -0.000001 0.000003  -2.935858 -0.407703 0.771041
16  1.410069 0.800539 -2.089133  1.926816 0.229617 0.446891
17  3.954708 -0.000001 0.000003  0.032650 -0.305879 0.082888
18  3.101566 -0.000001 0.000003  0.038488 -0.173200 0.020373
19  6.164462 -0.898150 2.575011  -0.464106 -0.015897 1.186542
20  2.805845 0.000000 -0.000000  -0.000000 -0.000000 0.521973
21  2.307443 -0.000001 -0.000001  0.000000 0.000000 0.361287
22  7.145092 -0.676338 -1.382426  0.048305 -0.466031 0.179016
23  3.672211 -0.000000 -0.000001  0.000000 0.000000 1.094786
24  2.676520 -0.000004 0.000002  0.000000 0.000000 0.976405
25  6.831180 -0.870862 0.599918  -0.198432 -0.274957 0.706750
26  3.657078 -0.000003 -0.000004  0.000000 0.000000 1.196110
27  2.496792 0.000001 -0.000001  -0.000000 -0.000000 0.510611
28  7.183347 -0.532078 -3.267605  0.092002 -0.569205 -0.163901
29  3.511588 0.000000 0.000003  -0.000000 -0.000000 0.459239
30  2.199418 0.000002 -0.000001  0.000000 -0.000000 0.877656
31  16.163136 0.000000 -3.830527  0.703564 0.858106 -2.571306
32  14.868248 0.000000 0.000001  -0.211142 -0.147264 -1.818296
33  26.391966 0.000000 0.000003  0.000000 0.000000 -1.699426
34  -0.000000 0.000003 -0.000002  0.124046 0.000000 -0.000000
35  3.093512 -0.000001 0.000003  0.248141 -0.000000 0.000000
36  6.187023 -0.000001 0.000000  0.372212 0.000000 -0.000000
37  9.280535 0.000000 -0.000001  0.496304 -0.000000 -0.000000
38  12.374041 0.000000 0.000001  0.620394 0.000000 -0.000000
39  15.467552 0.000000 -0.000000  0.744450 0.000000 0.000000
40  18.561064 0.000001 0.000001  0.868563 -0.000000 0.000000
41  21.654566 -0.000002 0.000003  2.617520 -0.594486 0.064437
42  1.410064 0.800530 2.089144  -1.966491 -0.287076 0.559263
43  3.954716 0.000002 -0.000000  -0.000000 -0.000000 0.375132
44  3.101565 -0.000003 -0.000002  -0.000000 0.000000 0.790793
45  7.183349 -0.532090 3.267621  0.052242 -0.011652 -0.158551
46  3.511588 -0.000001 0.000001  0.000000 -0.000000 0.189253
47  2.199410 0.000000 -0.000003  -0.000000 0.000000 -0.104054
48  7.145095 -0.676344 1.382437  0.255424 0.283825 0.886075
49  3.672211 -0.000001 0.000001  -0.000000 0.000000 1.435616
50  2.676520 -0.000001 -0.000001  0.000000 0.000000 1.062915
51  6.831170 -0.870866 -0.599907  0.339890 0.115856 1.057859
52  3.657082 0.000003 -0.000001  -0.000000 -0.000000 1.252192
53  2.496798 -0.000003 -0.000002  0.000000 0.000000 0.840195
54  6.164460 -0.898152 -2.575004  0.409526 -0.061316 1.152482
55  2.805844 0.000000 -0.000003  0.000000 0.000000 0.666009
56  2.307451 -0.000002 -0.000001  -0.000000 0.000000 0.844543
57  0.000000 0.000000 0.000000  0.000001 -0.000000 -0.000000
58  10.436241 -33.529243 -18.135864  0.204594 0.475314 0.867683
59  -0.000002 -19.069489 4.681040  0.000000 0.000000 -0.000000
60  1.986524 0.000021 -3.123739  -2.705260 -0.000000 -1.570797
61  -1.986697 0.000019 -3.123748  0.436333 0.000001 1.570797
62  -0.000001 0.000003 -0.000001  0.000000 0.000000 -0.000000
63  -1.530661 0.861424 -3.109963  0.392682 0.000010 1.570745
64  -11.344171 1.135888 0.869264  0.000328 -0.024963 -0.026314
65  1.907532 0.861421 -2.954432  -0.392858 -0.000004 1.570778
66  -11.350045 -0.729404 0.864873  0.000154 -0.025335 0.026430
67  1.754236 4.036764 -1.682671  0.392549 -0.010099 -1.546344
68  -1.755145 4.036760 -1.682672  -0.392547 -0.010382 -1.594901
69  -0.164556 5.734783 5.880445  0.000000 -0.000000 -1.570730
70  1.203547 5.503721 4.339429  0.000000 0.000000 -0.000000
71  -1.260173 5.668899 5.788552  0.070161 -0.418898 2.970131
72  1.185470 17.272331 1.821942  0.000000 0.000000 -0.000000
73  0.060218 10.324432 74.469063  0.000000 0.000000 -0.000000
74  0.052676 -3.972628 3.515849  1.570735 -0.000061 -1.570735
75  4.804189 -3.856467 -0.006874  -0.000000 0.000000 0.000000
76  -6.013983 -4.624461 0.000002  0.000000 -0.000000 -0.000000
77  -65.574089 -37.156044 0.002936  -0.786800 1.570710 0.783753
78  1.602685 -3.785218 0.003050  -0.786618 1.570710 0.784727
79  11.681376 -1.114740 -1.027843  -0.785215 1.570710 0.785642
80  19.766777 -3.800922 0.000001  -0.000000 -0.000000 -0.000000
81  3.258445 5.856953 -3.403522  -0.000000 -0.000000 -0.000001
82  15.153051 5.860581 -3.403519  -0.000000 -0.000000 -0.000000
83  6.064257 77.294952 36.365799  1.570796 0.000000 1.570796
84  -2.662411 1.445754 40.667961  0.000000 3.141591 1.570796
85  8.352067 2.772900 0.000543  -3.141589 0.000002 -0.000000
86  6.064259 72.973694 32.593254  1.570796 0.000000 1.570796
87  -0.113678 5.957340 -0.188893  0.000000 0.000000 -0.000000
88  0.097224 0.210964 3.469586  0.000000 0.000000 -0.000000
89  0.000001 1.310214 0.000001  0.000000 0.000000 0.000000
90  0.000001 0.582261 0.000000  0.000000 0.000000 0.000000
91  0.036299 1.284881 7.928797  0.000000 -0.000001 0.000000
92  0.000001 1.310213 0.000001  0.000000 -0.000000 0.000000
93  0.000000 0.582262 0.000001  0.000000 -0.000000 0.000000
94  5.969325 3.427460 -6.170653  -0.000000 -0.000001 -1.570797
95  -1.310212 0.000001 -0.000001  0.000000 -0.000000 -0.000000
96  -0.582262 0.000001 -0.000001  0.000000 0.000000 -0.000000
97  5.969323 9.397400 -6.170660  -0.000000 -0.000001 -1.570796
98  -1.310211 -0.000001 0.000000  0.000000 0.000000 -0.000000
99  -0.582261 -0.000001 -0.000000  0.000000 0.000001 -0.000000
100  5.969323 15.223770 -6.170670  -0.000000 -0.000001 -1.570796
101  -1.310210 0.000002 0.000001  -0.000000 0.000000 -0.000000
102  -0.582259 0.000001 0.000001  -0.000000 0.000000 -0.000000
103  5.969326 20.835571 -6.170672  -0.000000 -0.000001 -1.570796
104  -1.310212 0.000002 0.000001  -0.000000 0.000000 -0.000000
105  -0.582261 0.000001 0.000004  -0.000000 0.000000 -0.000000
106  5.969326 26.771210 -6.170673  -0.000000 -0.000001 -1.570796
107  5.969324 32.597595 -6.170675  -0.000000 -0.000001 -1.570796
108  5.969324 38.209396 -6.170687  0.000000 -0.000001 -1.570800
109  5.969323 49.488464 -6.170684  0.000000 -0.000001 -1.570800
110  -0.539090 -0.556807 -0.017364  -0.042462 2.681156 1.551919
111  -6.799123 -0.556805 0.818549  -0.272420 2.701993 1.452460
112  -4.615283 -0.556821 0.270327  -0.117230 2.684609 1.518878
113  -2.650969 -0.556807 0.063010  -0.042463 2.681158 1.551919
114  27.110336 1.284855 12.007548  0.000000 -0.000000 -0.000000
115  28.133427 1.284854 12.007546  0.000001 -0.000000 -0.000000
116  12.812887 2.241787 12.007547  0.000000 -0.000001 -0.000001
117  -9.955966 -0.319622 4.380215  -0.000001 -0.000000 -0.000001
118  -11.316472 -0.319622 4.380213  -0.000003 -0.000000 -0.000000
119  -12.667808 -0.319620 4.380214  -0.000003 -0.000000 0.000001
120  -14.022141 -0.319620 4.380214  0.000010 -0.000000 -0.000012
121  -15.373237 -0.319619 4.380213  0.000015 -0.000000 -0.000015
122  -16.724142 -0.319620 4.380213  -0.000009 -0.000000 0.000006
123  -18.074572 -0.319620 4.380214  -0.000006 0.000000 0.000004
124  -19.423714 -0.319618 4.380213  0.000002 0.000000 -0.000004
125  -20.775269 -0.319618 4.380213  0.000003 0.000000 -0.000004
126  -22.126671 -0.319617 4.380214  0.000003 -0.000000 -0.000004
127  -23.478121 -0.319614 4.380215  0.000005 0.000000 -0.000006
128  -24.830622 -0.319617 4.380213  0.000036 -0.000000 -0.000038
129  -26.182026 -0.319617 4.380214  -0.000011 0.000000 0.000011
130  0.529182 -0.167128 0.629482  -0.101270 -0.000000 0.000000
131  -0.211442 -0.241683 0.155360  -0.145847 -0.000000 0.000000
132  0.529191 -0.280701 -0.110295  -0.145847 -0.000000 -0.000000
133  -0.173925 -0.337327 -0.638497  -0.181751 -0.000000 0.000000
134  0.529190 -0.399245 -0.975394  -0.181751 -0.000000 0.000000
135  -0.211444 -0.464477 -1.431042  -0.192399 -0.000000 0.000000
136  0.529190 -0.515807 -1.694583  -0.192399 -0.000000 0.000000
137  -0.173928 -0.612152 -2.231911  -0.216703 -0.000000 0.000000
138  0.529189 -0.685806 -2.566442  -0.216703 -0.000000 -0.000000
139  -0.211443 -0.769561 -3.027872  -0.237349 -0.000000 0.000000
140  0.529189 -0.832686 -3.288849  -0.237349 -0.000000 -0.000000
141  -0.173937 -0.945280 -3.779566  -0.233859 0.000000 0.000000
142  0.529180 -1.024656 -4.112782  -0.233859 0.000000 -0.000000
143  -0.211443 -1.132185 -4.577549  -0.262919 -0.000000 0.000000
144  0.529191 -1.201963 -4.836824  -0.262919 0.000000 -0.000000
145  -0.000003 -2.810941 -10.636631  0.258454 0.000000 3.141592
146  -0.192453 -1.345777 -5.370045  -0.280373 0.000000 0.000000
147  0.533986 -1.413511 -5.605105  -0.276883 0.000000 0.000000
148  -0.206616 -1.795757 -6.909781  -0.287354 0.000000 0.000000
149  -0.205804 -1.564818 -6.138257  -0.290843 0.000000 0.000000
150  0.530460 -1.643675 -6.395214  -0.290844 0.000000 0.000000
151  0.535314 -1.790709 -7.204134  -0.287354 -0.000000 0.000000
152  -0.202703 -2.030483 -7.702830  -0.286180 -0.000000 0.000000
153  0.509551 -2.118892 -8.011625  -0.298398 -0.000000 0.000000
154  -0.202703 -2.255277 -8.465174  -0.283134 -0.000000 0.000000
155  0.509548 -2.352980 -8.771160  -0.295352 -0.000000 0.000000
156  -0.202703 -2.481595 -9.235472  -0.285437 -0.000000 0.000000
157  0.509549 -2.588681 -9.538639  -0.297654 -0.000000 0.000000
158  0.170125 -21.222090 -1.001142  -0.000001 -0.000001 0.000000
159  0.170125 -20.843861 -0.397182  -0.000001 -0.000001 0.000000
160  0.170124 -20.489742 -1.001142  -0.000001 -0.000001 0.000000
161  0.170125 -20.111069 -0.397183  -0.000001 -0.000001 0.000000
162  0.170125 -19.380087 -0.397188  -0.000001 -0.000001 0.000000
163  0.170122 -19.025108 -1.001146  -0.000001 -0.000001 0.000000
164  0.170123 -18.646660 -0.396449  -0.000001 -0.000001 0.000000
165  0.170126 -19.755758 -1.001142  -0.000001 -0.000001 0.000000
166  -0.015974 10.035401 1.098090  0.000000 0.000000 -0.000000
167  -0.104320 -52.163574 4.437345  1.570735 -0.000061 -1.570735
168  0.064655 27.351339 72.195206  0.000000 0.000000 -0.000000
169  6.064261 95.114014 31.645500  0.000000 -0.000001 1.570796
170  -0.103720 -26.907867 3.305355  0.000000 -0.000000 -1.570730
171  6.064258 69.096558 37.164322  1.570796 0.000000 1.570796
172  1.974305 11.989231 4.589251  0.000001 0.000000 -0.000000
173  1.941735 0.883627 4.309755  -0.000000 -0.000000 -1.483525
174  -0.115677 1.104778 6.744193  0.000000 0.000000 -0.000000
175  6.064261 89.329803 31.613918  0.000000 -0.000001 1.570796
176  0.059886 2.255378 54.398026  0.000000 0.000000 -0.000000
177  0.003498 -22.270651 -0.000004  1.570735 -0.000061 -1.570735
178  0.104011 14.792242 1.530322  0.000000 0.000000 -0.000000
179  3.000525 -2.985219 1.029101  2.067399 -0.085866 -1.929635
180  -2.951612 25.811047 -3.742303  -0.096365 0.008023 -1.450340
181  -2.662411 1.445780 33.628746  0.000487 3.141104 1.570796
182  8.352069 2.772896 0.000540  -3.140902 0.000003 -0.000001
183  -2.662409 1.445788 40.667973  0.000487 3.141104 1.570796
184  8.352066 2.772898 0.000541  -3.140902 0.000003 -0.000001
185  -1.431356 16.384777 4.137810  0.000001 -0.000000 0.000000
186  -0.001843 0.521681 -0.140289  0.000000 0.000000 -0.000000
187  7.323110 -5.136193 -5.166237  -0.000000 0.000000 -0.610865
188  2.698279 -0.000002 0.000002  -0.000012 0.000000 0.000000
189  2.834161 -0.000003 -0.000001  0.000013 0.000000 0.000000
190  2.648920 0.000000 -0.000004  -0.000001 -0.000001 0.000000
191  2.667500 -0.000004 0.000000  -0.000000 -0.000000 0.000000
192  2.426696 -0.000002 0.000000  0.000000 0.000000 -0.000000
193  -0.494745 -44.353455 -1.302300  1.570797 0.000000 -1.570797
194  11.545938 73.768417 -3.792008  0.000000 0.000000 -0.000000
195  -0.011101 -16.902815 1.952048  0.000001 0.000000 -0.000000
196  0.000001 -0.000003 -1.529057  -0.000000 0.000000 0.000000
197  -0.078940 0.000001 0.000001  0.000000 0.000001 1.570796
198  0.097091 -0.000001 0.000000  -0.000000 -3.141592 1.570796
199  0.000000 0.000000 -0.000000  0.000000 -0.000000 -0.000000
200  -10.652254 -18.148279 -15.380075  -0.558442 0.243726 -0.691720
201  14.666700 -33.376770 -19.152586  1.551865 -0.066261 -1.071594
time 41
0  0 0 0  0 0 0
1  0.000000 0.000000 0.000000  0.000000 -0.000000 -0.000000
2  -0.000000 -0.000000 -55.423229  0.000000 -0.000000 -1.570730
3  -0.012872 0.000000 8.235027  -0.784749 -1.570710 -0.785986
4  16.163124 -0.010663 0.007211  -0.594297 0.000409 -0.000125
5  16.163132 -0.000000 3.830524  -1.333359 -0.199015 -2.456806
6  14.868229 0.000001 0.000001  -0.815415 0.743527 -1.686450
7  26.391945 -0.000008 0.000000  -0.000000 0.000000 -1.327196
8  0.000004 0.000006 0.000002  -0.140623 -0.000000 -0.000000
9  3.093518 0.000003 0.000001  -0.281269 -0.000000 -0.000000
10  6.187026 0.000003 0.000002  -0.421960 -0.000000 -0.000000
11  9.280537 0.000003 0.000004  -0.562583 -0.000000 -0.000000
12  12.374046 0.000001 0.000004  -0.703267 -0.000000 -0.000000
13  15.467561 0.000001 0.000003  -0.843940 -0.000000 -0.000000
14  18.561062 0.000001 0.000004  -0.984569 -0.000000 -0.000000
15  21.654570 0.000000 0.000004  -2.922103 -0.408135 0.786477
16  1.410062 0.800539 -2.089134  1.926816 0.229617 0.446891
17  3.954711 0.000002 0.000004  0.032650 -0.305879 0.082888
18  3.101571 -0.000003 0.000004  0.038488 -0.173200 0.020373
19  6.164456 -0.898152 2.575011  -0.464106 -0.015897 1.186542
20  2.805844 -0.000001 -0.000004  0.000000 0.000000 0.521973
21  2.307440 0.000003 0.000003  -0.000000 0.000000 0.361287
22  7.145086 -0.676339 -1.382427  0.048305 -0.466031 0.179016
23  3.672211 0.000000 -0.000004  0.000000 0.000000 1.094786
24  2.676519 0.000002 0.000000  0.000000 -0.000000 0.976405
25  6.831175 -0.870863 0.599914  -0.198432 -0.274957 0.706750
26  3.657079 -0.000004 -0.000002  0.000000 0.000000 1.196109
27  2.496796 -0.000002 -0.000000  -0.000000 -0.000000 0.510610
28  7.183343 -0.532078 -3.267608  0.092002 -0.569205 -0.163901
29  3.511584 0.000003 0.000001  -0.000000 0.000000 0.459239
30  2.199419 -0.000002 -0.000000  0.000000 -0.000000 0.877656
31  16.163136 0.000000 -3.830527  0.703564 0.858106 -2.571306
32  14.868248 0.000000 0.000001  -0.208594 -0.148142 -1.828177
33  26.391968 0.000005 0.000003  0.000000 0.000000 -1.693704
34  0.000001 0.000001 -0.000001  0.126247 0.000000 -0.000000
35  3.093515 0.000000 -0.000003  0.252448 0.000000 0.000000
36  6.187024 -0.000000 0.000001  0.378736 0.000000 0.000000
37  9.280537 0.000001 -0.000000  0.504935 -0.000000 -0.000000
38  12.374044 0.000000 -0.000000  0.631235 -0.000000 -0.000000
39  15.467551 0.000001 0.000000  0.757441 -0.000000 -0.000000
40  18.561068 0.000000 0.000001  0.883729 0.000000 0.000000
41  21.654566 0.000001 0.000000  2.638570 -0.593277 0.051135
42  1.410063 0.800529 2.089142  -1.966491 -0.287076 0.559263
43  3.954716 -0.000002 -0.000001  0.000000 0.000000 0.375132
44  3.101565 -0.000001 -0.000003  -0.000000 0.000000 0.790793
45  7.183349 -0.532090 3.267619  0.052242 -0.011652 -0.158551
46  3.511586 0.000000 0.000001  0.000000 -0.000000 0.189253
47  2.199411 0.000001 0.000002  -0.000000 -0.000000 -0.104054
48  7.145095 -0.676345 1.382435  0.255424 0.283825 0.886075
49  3.672212 -0.000003 0.000000  -0.000000 -0.000000 1.435616
50  2.676519 -0.000002 0.000001  -0.000000 0.000000 1.062915
51  6.831167 -0.870863 -0.599910  0.339890 0.115856 1.057859
52  3.657084 0.000002 0.000000  -0.000000 -0.000000 1.252192
53  2.496797 -0.000001 -0.000000  0.000000 0.000000 0.840195
54  6.164461 -0.898154 -2.575006  0.409526 -0.061317 1.152482
55  2.805843 0.000003 0.000000  0.000000 -0.000000 0.666009
56  2.307449 -0.000001 -0.000001  0.000000 -0.000000 0.844543
57  0.000000 0.000000 0.000000  0.000001 -0.000000 -0.000000
58  10.837330 -33.352982 -17.941084  0.202957 0.461918 0.877811
59  -0.000006 -19.069481 4.681035  0.000000 -0.000000 -0.000000
60  1.986525 0.000017 -3.123735  -2.705260 -0.000000 -1.570797
61  -1.986694 0.000014 -3.123746  0.436333 0.000001 1.570797
62  -0.000001 -0.000001 0.000000  0.000000 -0.000000 -0.000000
63  -1.530660 0.861423 -3.109959  0.392682 0.000010 1.570745
64  -11.344167 1.135893 0.869268  0.000328 -0.024963 -0.026314
65  1.907532 0.861418 -2.954431  -0.392858 -0.000004 1.570778
66  -11.350047 -0.729396 0.864872  0.000154 -0.025335 0.026430
67  1.754234 4.036756 -1.682669  0.392549 -0.010099 -1.546344
68  -1.755147 4.036758 -1.682672  -0.392547 -0.010382 -1.594901
69  -0.164560 5.734781 5.880445  0.000000 0.000000 -1.570730
70  1.203546 5.503724 4.339430  0.000000 -0.000000 -0.000000
71  -1.260176 5.668900 5.788552  0.070161 -0.418898 2.970131
72  1.185472 17.272335 1.821943  0.000000 -0.000000 -0.000000
73  0.060217 10.324432 74.469055  0.000000 -0.000000 -0.000000
74  0.052672 -3.972624 3.515841  1.570735 -0.000061 -1.570735
75  4.804182 -3.856465 -0.006877  -0.000000 0.000000 0.000000
76  -6.013987 -4.624461 0.000000  0.000000 0.000000 -0.000000
77  -65.574097 -37.156048 0.002939  -0.787227 1.570710 0.783691
78  1.602680 -3.785217 0.003049  -0.786801 1.570710 0.783996
79  11.681370 -1.114743 -1.027849  -0.785581 1.570710 0.785337
80  19.766777 -3.800924 0.000000  -0.000000 0.000000 0.000000
81  3.258437 5.856954 -3.403522  -0.000000 -0.000000 -0.000000
82  15.153048 5.860579 -3.403518  -0.000000 -0.000000 -0.000000
83  6.064259 77.294945 36.365799  1.570796 0.000000 1.570796
84  -2.662415 1.445757 40.667957  0.000000 3.141591 1.570796
85  8.352066 2.772896 0.000538  -3.141589 0.000002 -0.000000
86  6.064259 72.973686 32.593250  1.570796 0.000000 1.570796
87  -0.113683 5.957341 -0.188896  0.000000 -0.000000 -0.000000
88  0.097223 0.210961 3.469586  0.000000 -0.000000 -0.000000
89  -0.000001 1.310214 -0.000001  0.000000 -0.000000 0.000000
90  -0.000001 0.582261 -0.000001  0.000000 -0.000000 0.000000
91  0.036297 1.284879 7.928798  0.000000 -0.000001 0.000000
92  0.000000 1.310213 -0.000001  0.000000 -0.000000 0.000000
93  0.000001 0.582261 -0.000001  0.000000 -0.000000 0.000000
94  5.969322 3.427458 -6.170650  -0.000000 -0.000001 -1.570797
95  -1.310211 0.000001 0.000000  0.000000 -0.000000 -0.000000
96  -0.582259 0.000001 0.000002  0.000000 -0.000000 -0.000000
97  5.969321 9.397397 -6.170657  -0.000000 -0.000001 -1.570796
98  -1.310212 -0.000001 -0.000001  0.000000 0.000000 -0.000000
99  -0.582262 -0.000002 -0.000001  0.000000 0.000000 -0.000000
100  5.969320 15.223767 -6.170669  0.000000 -0.000001 -1.570796
101  -1.310212 0.000002 0.000001  -0.000000 0.000000 -0.000000
102  -0.582261 0.000001 0.000003  -0.000000 0.000000 -0.000000
103  5.969321 20.835567 -6.170670  0.000000 -0.000001 -1.570796
104  -1.310211 0.000000 0.000002  -0.000000 0.000000 -0.000000
105  -0.582261 -0.000001 0.000006  -0.000000 0.000000 -0.000000
106  5.969322 26.771204 -6.170673  0.000000 -0.000001 -1.570796
107  5.969321 32.597588 -6.170673  0.000000 -0.000001 -1.570796
108  5.969323 38.209393 -6.170684  0.000000 -0.000001 -1.570800
109  5.969323 49.488461 -6.170680  0.000000 -0.000001 -1.570800
110  -0.539092 -0.556811 -0.017363  -0.042462 2.681156 1.551919
111  -6.799126 -0.556808 0.818551  -0.272420 2.701993 1.452460
112  -4.615284 -0.556824 0.270328  -0.117230 2.684609 1.518878
113  -2.650971 -0.556810 0.063010  -0.042463 2.681158 1.551919
114  27.110332 1.284854 12.007548  0.000000 -0.000000 0.000000
115  28.133423 1.284853 12.007547  0.000001 -0.000000 0.000000
116  12.812883 2.241784 12.007547  0.000000 -0.000001 -0.000001
117  -9.955968 -0.319625 4.380214  -0.000001 -0.000000 -0.000001
118  -11.316475 -0.319626 4.380214  -0.000003 -0.000000 -0.000000
119  -12.667811 -0.319623 4.380215  -0.000003 -0.000000 0.000001
120  -14.022141 -0.319623 4.380215  0.000010 -0.000000 -0.000011
121  -15.373240 -0.319624 4.380213  0.000015 -0.000000 -0.000015
122  -16.724144 -0.319623 4.380214  -0.000009 -0.000000 0.000006
123  -18.074574 -0.319624 4.380214  -0.000006 -0.000000 0.000004
124  -19.423719 -0.319624 4.380213  0.000002 0.000000 -0.000004
125  -20.775270 -0.319620 4.380215  0.000003 0.000000 -0.000004
126  -22.126673 -0.319620 4.380215  0.000003 -0.000000 -0.000004
127  -23.478127 -0.319622 4.380215  0.000005 -0.000000 -0.000006
128  -24.830620 -0.319619 4.380215  0.000036 -0.000000 -0.000038
129  -26.182030 -0.319619 4.380215  -0.000011 -0.000000 0.000011
130  0.529178 -0.167131 0.629483  -0.101270 -0.000000 0.000000
131  -0.211447 -0.241685 0.155361  -0.145847 -0.000000 0.000000
132  0.529188 -0.280704 -0.110292  -0.145847 -0.000000 -0.000000
133  -0.173930 -0.337327 -0.638494  -0.181751 -0.000000 0.000000
134  0.529187 -0.399248 -0.975393  -0.181751 -0.000000 0.000000
135  -0.211446 -0.464479 -1.431042  -0.192399 -0.000000 0.000000
136  0.529186 -0.515810 -1.694582  -0.192399 -0.000000 0.000000
137  -0.173931 -0.612154 -2.231910  -0.216703 -0.000000 0.000000
138  0.529185 -0.685806 -2.566439  -0.216703 -0.000000 -0.000000
139  -0.211447 -0.769562 -3.027870  -0.237349 -0.000000 0.000000
140  0.529185 -0.832688 -3.288846  -0.237349 -0.000000 -0.000000
141  -0.173939 -0.945283 -3.779562  -0.233859 0.000000 0.000000
142  0.529178 -1.024659 -4.112781  -0.233859 0.000000 0.000000
143  -0.211446 -1.132188 -4.577549  -0.262919 -0.000000 0.000000
144  0.529187 -1.201967 -4.836823  -0.262919 0.000000 0.000000
145  -0.000007 -2.810943 -10.636627  0.258454 0.000000 3.141592
146  -0.192458 -1.345782 -5.370046  -0.280373 0.000000 0.000000
147  0.533981 -1.413514 -5.605106  -0.276883 0.000000 0.000000
148  -0.206622 -1.795763 -6.909779  -0.287354 0.000000 0.000000
149  -0.205805 -1.564819 -6.138258  -0.290843 0.000000 0.000000
150  0.530458 -1.643676 -6.395215  -0.290844 0.000000 0.000000
151  0.535308 -1.790709 -7.204132  -0.287354 -0.000000 0.000000
152  -0.202705 -2.030486 -7.702828  -0.286180 -0.000000 0.000000
153  0.509543 -2.118898 -8.011623  -0.298398 -0.000000 0.000000
154  -0.202705 -2.255279 -8.465171  -0.283134 -0.000000 0.000000
155  0.509546 -2.352981 -8.771157  -0.295352 -0.000000 0.000000
156  -0.202706 -2.481597 -9.235469  -0.285437 -0.000000 0.000000
157  0.509544 -2.588683 -9.538637  -0.297654 -0.000000 0.000000
158  0.170118 -21.222092 -1.001139  -0.000001 -0.000001 0.000000
159  0.170119 -20.843866 -0.397184  -0.000001 -0.000001 0.000000
160  0.170119 -20.489744 -1.001141  -0.000001 -0.000001 0.000000
161  0.170119 -20.111069 -0.397183  -0.000001 -0.000001 0.000000
162  0.170120 -19.380087 -0.397184  -0.000001 -0.000001 0.000000
163  0.170121 -19.025108 -1.001147  -0.000001 -0.000001 0.000000
164  0.170121 -18.646660 -0.396447  -0.000001 -0.000001 0.000000
165  0.170119 -19.755760 -1.001142  -0.000001 -0.000001 0.000000
166  -0.015974 10.035404 1.098091  0.000000 -0.000000 -0.000000
167  -0.104323 -52.163570 4.437345  1.570735 -0.000061 -1.570735
168  0.064652 27.351341 72.195206  0.000000 -0.000000 -0.000000
169  6.064263 95.114014 31.645496  -0.000000 -0.000001 1.570796
170  -0.103722 -26.907873 3.305354  0.000000 0.000000 -1.570730
171  6.064259 69.096550 37.164318  1.570796 0.000000 1.570796
172  1.974301 11.989231 4.589250  0.000000 -0.000000 -0.000000
173  1.941736 0.883635 4.309756  0.000000 0.000000 -1.483525
174  -0.115680 1.104778 6.744194  0.000000 -0.000000 -0.000000
175  6.064262 89.329803 31.613914  -0.000000 -0.000001 1.570796
176  0.059881 2.255382 54.398018  0.000000 -0.000000 -0.000000
177  0.003495 -22.270649 -0.000003  1.570735 -0.000061 -1.570735
178  0.104010 14.792243 1.530320  0.000000 -0.000000 -0.000000
179  3.000521 -2.985218 1.029100  2.067399 -0.085866 -1.929635
180  -2.951612 25.811049 -3.742298  -0.096365 0.008023 -1.450340
181  -2.662415 1.445785 33.628738  0.000487 3.141104 1.570796
182  8.352070 2.772898 0.000542  -3.140902 0.000003 -0.000001
183  -2.662414 1.445788 40.667969  0.000487 3.141104 1.570796
184  8.352062 2.772898 0.000541  -3.140902 0.000003 -0.000001
185  -1.431357 16.384779 4.137812  0.000001 -0.000000 0.000000
186  -0.001845 0.521685 -0.140288  0.000000 -0.000000 -0.000000
187  7.323107 -5.136186 -5.166234  0.000000 0.000000 -0.610865
188  2.698276 0.000003 0.000001  -0.000012 0.000000 0.000000
189  2.834157 -0.000005 -0.000001  0.000013 0.000000 0.000000
190  2.648916 -0.000001 -0.000002  -0.000001 -0.000001 0.000000
191  2.667499 -0.000003 -0.000001  0.000000 0.000000 -0.000000
192  2.426698 -0.000001 0.000001  0.000000 0.000000 -0.000000
193  -0.494749 -44.353439 -1.302299  1.570797 0.000000 -1.570797
194  11.545938 73.768410 -3.792009  0.000000 -0.000000 -0.000000
195  -0.011107 -16.902811 1.952046  0.000001 -0.000000 -0.000000
196  0.000003 0.000002 -1.529054  -0.000000 0.000000 -0.000000
197  -0.078940 -0.000001 0.000000  0.000000 0.000001 1.570796
198  0.097091 -0.000002 -0.000002  -0.000000 -3.141592 1.570796
199  0.000000 0.000000 -0.000000  0.000000 -0.000000 -0.000000
200  -10.435217 -18.227209 -15.248188  -0.544647 0.242104 -0.677570
201  15.084238 -33.147774 -18.913942  1.564941 -0.062800 -1.061592
time 42
0  0 0 0  0 0 0
1  0.000000 0.000000 0.000000  0.000000 -0.000000 -0.000000
2  -0.000000 -0.000000 -55.423229  0.000000 -0.000000 -1.570730
3  -0.012872 0.000000 8.235027  -0.784749 -1.570710 -0.785986
4  16.163124 -0.010663 0.007211  -0.594297 0.000409 -0.000125
5  16.163132 -0.000000 3.830524  -1.333359 -0.199015 -2.456806
6  14.868229 0.000001 0.000001  -0.819333 0.733383 -1.683187
7  26.391943 -0.000003 -0.000000  -0.000000 0.000000 -1.337054
8  0.000001 -0.000001 0.000001  -0.139277 -0.000000 -0.000000
9  3.093519 -0.000001 0.000001  -0.278619 -0.000000 -0.000000
10  6.187026 -0.000001 0.000002  -0.417903 -0.000000 -0.000000
11  9.280537 -0.000001 0.000003  -0.557184 0.000000 -0.000000
12  12.374050 -0.000003 0.000002  -0.696510 -0.000000 -0.000000
13  15.467560 -0.000003 0.000003  -0.835852 -0.000000 -0.000000
14  18.561058 -0.000004 0.000003  -0.975161 -0.000000 -0.000000
15  21.654573 -0.000005 0.000005  -2.909427 -0.409725 0.800119
16  1.410069 0.800539 -2.089135  1.926816 0.229617 0.446891
17  3.954707 -0.000002 0.000003  0.032650 -0.305879 0.082888
18  3.101571 0.000000 0.000002  0.038488 -0.173200 0.020373
19  6.164463 -0.898150 2.575011  -0.464106 -0.015897 1.186542
20  2.805841 0.000002 0.000001  -0.000000 -0.000000 0.521973
21  2.307442 0.000004 0.000001  0.000000 0.000000 0.361287
22  7.145089 -0.676338 -1.382430  0.048305 -0.466031 0.179016
23  3.672220 0.000001 -0.000000  0.000000 0.000000 1.094786
24  2.676520 0.000003 0.000002  0.000000 0.000000 0.976405
25  6.831179 -0.870864 0.599917  -0.198432 -0.274957 0.706750
26  3.657081 0.000001 -0.000001  0.000000 0.000000 1.196110
27  2.496793 -0.000000 0.000001  -0.000000 -0.000000 0.510610
28  7.183349 -0.532078 -3.267605  0.092002 -0.569205 -0.163901
29  3.511582 -0.000003 0.000001  -0.000000 -0.000000 0.459239
30  2.199418 -0.000003 -0.000002  0.000000 -0.000000 0.877656
31  16.163136 0.000000 -3.830527  0.703564 0.858106 -2.571306
32  14.868248 0.000000 0.000001  -0.205978 -0.149229 -1.838633
33  26.391968 0.000001 -0.000001  0.000000 0.000000 -1.686622
34  -0.000000 -0.000003 0.000001  0.127837 0.000000 -0.000000
35  3.093514 -0.000005 0.000000  0.255770 0.000000 0.000000
36  6.187022 -0.000005 0.000001  0.383647 0.000000 0.000000
37  9.280535 -0.000004 0.000000  0.511493 -0.000000 0.000000
38  12.374041 -0.000003 0.000003  0.639395 -0.000000 -0.000000
39  15.467550 -0.000002 0.000000  0.767304 -0.000000 -0.000000
40  18.561064 -0.000004 0.000001  0.895155 -0.000000 0.000000
41  21.654564 -0.000005 0.000002  2.656542 -0.590875 0.035678
42  1.410063 0.800530 2.089141  -1.966491 -0.287076 0.559263
43  3.954715 -0.000001 -0.000001  0.000000 0.000000 0.375132
44  3.101564 0.000000 -0.000003  -0.000000 0.000000 0.790793
45  7.183350 -0.532091 3.267618  0.052242 -0.011652 -0.158551
46  3.511586 -0.000001 0.000000  -0.000000 0.000000 0.189253
47  2.199410 -0.000003 0.000002  0.000000 -0.000000 -0.104054
48  7.145095 -0.676346 1.382433  0.255424 0.283825 0.886075
49  3.672211 -0.000003 0.000001  -0.000000 -0.000000 1.435616
50  2.676522 0.000000 0.000001  -0.000000 0.000000 1.062915
51  6.831168 -0.870865 -0.599909  0.339890 0.115856 1.057859
52  3.657084 -0.000001 -0.000000  -0.000000 -0.000000 1.252193
53  2.496798 -0.000002 -0.000000  0.000000 0.000000 0.840195
54  6.164458 -0.898153 -2.575004  0.409526 -0.061317 1.152482
55  2.805843 -0.000001 0.000001  -0.000000 -0.000000 0.666008
56  2.307451 0.000001 -0.000002  0.000000 -0.000000 0.844543
57  0.000000 0.000000 0.000000  0.000001 -0.000000 -0.000000
58  11.276618 -33.159103 -17.717569  0.200143 0.451817 0.889530
59  -0.000006 -19.069487 4.681030  0.000000 -0.000000 0.000000
60  1.986526 0.000019 -3.123738  -2.705260 -0.000000 -1.570797
61  -1.986695 0.000016 -3.123747  0.436333 0.000001 1.570797
62  0.000000 0.000001 -0.000001  0.000000 -0.000000 0.000000
63  -1.530658 0.861424 -3.109962  0.392682 0.000010 1.570745
64  -11.344168 1.135886 0.869267  0.000328 -0.024963 -0.026314
65  1.907533 0.861416 -2.954431  -0.392858 -0.000004 1.570778
66  -11.350048 -0.729405 0.864871  0.000154 -0.025335 0.026430
67  1.754237 4.036761 -1.682671  0.392549 -0.010099 -1.546344
68  -1.755145 4.036758 -1.682670  -0.392547 -0.010382 -1.594901
69  -0.164558 5.734785 5.880446  0.000000 0.000000 -1.570730
70  1.203548 5.503725 4.339431  0.000000 -0.000000 0.000000
71  -1.260174 5.668903 5.788553  0.070161 -0.418898 2.970131
72  1.185470 17.272337 1.821943  0.000000 -0.000000 0.000000
73  0.060218 10.324439 74.469063  0.000000 -0.000000 0.000000
74  0.052676 -3.972627 3.515848  1.570735 -0.000061 -1.570735
75  4.804183 -3.856467 -0.006876  -0.000000 0.000000 0.000000
76  -6.013988 -4.624460 -0.000000  0.000000 0.000000 -0.000000
77  -65.574104 -37.156048 0.002942  -0.787347 1.570710 0.783325
78  1.602680 -3.785216 0.003051  -0.786496 1.570710 0.784484
79  11.681370 -1.114744 -1.027846  -0.785398 1.570710 0.785154
80  19.766775 -3.800924 0.000003  -0.000000 -0.000000 -0.000000
81  3.258437 5.856952 -3.403523  -0.000000 -0.000000 -0.000000
82  15.153042 5.860579 -3.403522  0.000000 -0.000000 -0.000000
83  6.064259 77.294960 36.365803  1.570796 -0.000000 1.570796
84  -2.662413 1.445756 40.667961  -0.000000 3.141591 1.570796
85  8.352072 2.772895 0.000541  -3.141589 0.000002 0.000000
86  6.064257 72.973701 32.593254  1.570796 -0.000000 1.570796
87  -0.113682 5.957346 -0.188894  0.000000 -0.000000 0.000000
88  0.097225 0.210962 3.469586  0.000000 -0.000000 0.000000
89  0.000000 1.310210 -0.000002  0.000000 0.000000 0.000000
90  -0.000000 0.582259 -0.000002  0.000000 0.000000 0.000000
91  0.036298 1.284880 7.928799  0.000000 -0.000001 0.000000
92  0.000002 1.310212 -0.000000  0.000000 -0.000000 0.000000
93  -0.000001 0.582259 -0.000001  0.000000 -0.000000 0.000000
94  5.969323 3.427458 -6.170653  -0.000000 -0.000001 -1.570797
95  -1.310209 0.000000 -0.000002  0.000000 -0.000000 -0.000000
96  -0.582258 -0.000001 -0.000002  0.000000 -0.000000 -0.000000
97  5.969323 9.397398 -6.170662  -0.000000 -0.000001 -1.570796
98  -1.310209 -0.000001 -0.000002  0.000000 0.000000 -0.000000
99  -0.582258 -0.000002 -0.000002  0.000000 0.000000 -0.000000
100  5.969321 15.223769 -6.170670  0.000000 -0.000001 -1.570796
101  -1.310210 0.000002 -0.000001  -0.000000 0.000000 -0.000000
102  -0.582260 0.000001 -0.000001  -0.000000 0.000000 -0.000000
103  5.969323 20.835569 -6.170671  0.000000 -0.000001 -1.570796
104  -1.310210 0.000002 0.000002  -0.000000 0.000000 -0.000000
105  -0.582260 0.000001 0.000004  -0.000000 0.000000 -0.000000
106  5.969325 26.771210 -6.170672  0.000000 -0.000001 -1.570796
107  5.969325 32.597599 -6.170675  0.000000 -0.000001 -1.570796
108  5.969326 38.209400 -6.170686  0.000000 -0.000001 -1.570800
109  5.969324 49.488464 -6.170683  0.000000 -0.000001 -1.570800
110  -0.539090 -0.556809 -0.017362  -0.042462 2.681156 1.551919
111  -6.799124 -0.556806 0.818550  -0.272420 2.701993 1.452460
112  -4.615284 -0.556825 0.270326  -0.117230 2.684609 1.518878
113  -2.650970 -0.556808 0.063010  -0.042463 2.681158 1.551919
114  27.110336 1.284857 12.007548  0.000000 -0.000000 0.000000
115  28.133427 1.284857 12.007548  0.000001 -0.000000 0.000000
116  12.812887 2.241786 12.007549  0.000000 -0.000001 -0.000001
117  -9.955969 -0.319626 4.380214  -0.000001 -0.000000 -0.000001
118  -11.316476 -0.319627 4.380214  -0.000003 -0.000000 0.000000
119  -12.667813 -0.319625 4.380214  -0.000003 -0.000000 0.000001
120  -14.022142 -0.319624 4.380215  0.000010 -0.000000 -0.000011
121  -15.373243 -0.319625 4.380213  0.000015 -0.000000 -0.000015
122  -16.724144 -0.319623 4.380214  -0.000009 -0.000000 0.000006
123  -18.074574 -0.319622 4.380214  -0.000006 -0.000000 0.000004
124  -19.423717 -0.319622 4.380215  0.000002 0.000000 -0.000004
125  -20.775270 -0.319622 4.380214  0.000003 0.000000 -0.000004
126  -22.126673 -0.319621 4.380215  0.000003 -0.000000 -0.000004
127  -23.478127 -0.319623 4.380215  0.000005 -0.000000 -0.000006
128  -24.830622 -0.319621 4.380215  0.000036 0.000000 -0.000038
129  -26.182032 -0.319623 4.380214  -0.000011 -0.000000 0.000011
130  0.529179 -0.167130 0.629483  -0.101270 -0.000000 0.000000
131  -0.211444 -0.241685 0.155362  -0.145847 -0.000000 0.000000
132  0.529189 -0.280702 -0.110294  -0.145847 -0.000000 0.000000
133  -0.173928 -0.337327 -0.638497  -0.181751 -0.000000 0.000000
134  0.529189 -0.399249 -0.975393  -0.181751 -0.000000 0.000000
135  -0.211445 -0.464479 -1.431042  -0.192399 -0.000000 0.000000
136  0.529189 -0.515809 -1.694583  -0.192399 -0.000000 0.000000
137  -0.173930 -0.612152 -2.231911  -0.216703 -0.000000 0.000000
138  0.529188 -0.685807 -2.566442  -0.216703 -0.000000 0.000000
139  -0.211446 -0.769561 -3.027871  -0.237349 -0.000000 0.000000
140  0.529188 -0.832688 -3.288848  -0.237349 -0.000000 0.000000
141  -0.173938 -0.945281 -3.779564  -0.233859 0.000000 0.000000
142  0.529179 -1.024659 -4.112781  -0.233859 0.000000 0.000000
143  -0.211444 -1.132188 -4.577549  -0.262919 -0.000000 0.000000
144  0.529189 -1.201966 -4.836825  -0.262919 0.000000 0.000000
145  -0.000006 -2.810943 -10.636633  0.258454 0.000000 3.141592
146  -0.192456 -1.345779 -5.370047  -0.280373 0.000000 0.000000
147  0.533984 -1.413513 -5.605104  -0.276883 0.000000 0.000000
148  -0.206618 -1.795760 -6.909779  -0.287354 0.000000 0.000000
149  -0.205804 -1.564819 -6.138257  -0.290843 0.000000 0.000000
150  0.530457 -1.643677 -6.395214  -0.290844 0.000000 0.000000
151  0.535312 -1.790711 -7.204134  -0.287354 -0.000000 0.000000
152  -0.202704 -2.030488 -7.702831  -0.286180 -0.000000 0.000000
153  0.509546 -2.118898 -8.011626  -0.298398 -0.000000 0.000000
154  -0.202706 -2.255281 -8.465174  -0.283134 -0.000000 0.000000
155  0.509549 -2.352980 -8.771160  -0.295352 -0.000000 0.000000
156  -0.202705 -2.481597 -9.235472  -0.285437 -0.000000 0.000000
157  0.509544 -2.588684 -9.538639  -0.297654 -0.000000 0.000000
158  0.170124 -21.222094 -1.001139  -0.000001 -0.000001 0.000000
159  0.170123 -20.843864 -0.397183  -0.000001 -0.000001 0.000000
160  0.170122 -20.489746 -1.001142  -0.000001 -0.000001 0.000000
161  0.170123 -20.111071 -0.397184  -0.000001 -0.000001 0.000000
162  0.170123 -19.380091 -0.397188  -0.000001 -0.000001 0.000000
163  0.170121 -19.025110 -1.001144  -0.000001 -0.000001 0.000000
164  0.170123 -18.646660 -0.396448  -0.000001 -0.000001 0.000000
165  0.170125 -19.755760 -1.001141  -0.000001 -0.000001 0.000000
166  -0.015973 10.035405 1.098091  0.000000 -0.000000 0.000000
167  -0.104322 -52.163578 4.437347  1.570735 -0.000061 -1.570735
168  0.064655 27.351345 72.195213  0.000000 -0.000000 0.000000
169  6.064265 95.114021 31.645508  0.000000 -0.000001 1.570796
170  -0.103717 -26.907871 3.305362  0.000000 0.000000 -1.570730
171  6.064257 69.096558 37.164326  1.570796 -0.000000 1.570796
172  1.974302 11.989235 4.589252  0.000000 -0.000000 0.000000
173  1.941736 0.883631 4.309757  0.000000 0.000000 -1.483525
174  -0.115679 1.104778 6.744193  0.000000 -0.000000 0.000000
175  6.064267 89.329811 31.613922  0.000000 -0.000001 1.570796
176  0.059887 2.255379 54.398029  0.000000 -0.000000 0.000000
177  0.003497 -22.270651 -0.000006  1.570735 -0.000061 -1.570735
178  0.104008 14.792243 1.530321  0.000000 -0.000000 0.000000
179  3.000524 -2.985219 1.029100  2.067399 -0.085866 -1.929635
180  -2.951613 25.811050 -3.742300  -0.096365 0.008023 -1.450340
181  -2.662414 1.445785 33.628746  0.000487 3.141104 1.570796
182  8.352064 2.772897 0.000539  -3.140902 0.000003 -0.000001
183  -2.662413 1.445788 40.667973  0.000487 3.141104 1.570796
184  8.352068 2.772901 0.000540  -3.140902 0.000003 -0.000001
185  -1.431356 16.384781 4.137813  0.000001 -0.000000 0.000000
186  -0.001848 0.521683 -0.140289  0.000000 -0.000000 0.000000
187  7.323107 -5.136190 -5.166234  0.000000 0.000000 -0.610865
188  2.698277 -0.000004 0.000002  -0.000012 0.000000 0.000000
189  2.834159 -0.000000 -0.000000  0.000013 0.000000 -0.000000
190  2.648919 0.000001 0.000003  -0.000001 -0.000001 0.000000
191  2.667501 -0.000002 0.000000  0.000000 0.000000 -0.000000
192  2.426701 0.000003 0.000002  0.000000 0.000000 -0.000000
193  -0.494743 -44.353443 -1.302298  1.570797 0.000000 -1.570797
194  11.545942 73.768425 -3.792007  0.000000 -0.000000 0.000000
195  -0.011104 -16.902815 1.952047  0.000001 -0.000000 0.000000
196  0.000000 -0.000000 -1.529051  -0.000000 0.000000 0.000000
197  -0.078938 0.000002 -0.000001  0.000000 0.000001 1.570796
198  0.097097 0.000004 -0.000001  -0.000000 -3.141592 1.570796
199  0.000000 0.000000 -0.000000  0.000000 -0.000000 -0.000000
200  -10.218181 -18.327663 -15.112685  -0.534289 0.239359 -0.662131
201  15.520753 -32.891190 -18.654049  1.575312 -0.061526 -1.049294
time 43
0  0 0 0  0 0 0
1  0.000000 0.000000 0.000000  0.000000 -0.000000 -0.000000
2  -0.000000 -0.000000 -55.423229  0.000000 -0.000000 -1.570730
3  -0.012872 0.000000 8.235027  -0.784749 -1.570710 -0.785986
4  16.163124 -0.010663 0.007211  -0.594297 0.000409 -0.000125
5  16.163132 -0.000000 3.830524  -1.333359 -0.199015 -2.456806
6  14.868229 0.000001 0.000001  -0.823518 0.723029 -1.679719
7  26.391943 -0.000008 0.000000  -0.000000 0.000000 -1.347108
8  0.000002 -0.000002 -0.000000  -0.138053 -0.000000 -0.000000
9  3.093516 -0.000002 0.000001  -0.276092 -0.000000 -0.000000
10  6.187024 -0.000006 0.000000  -0.414160 -0.000000 -0.000000
11  9.280535 -0.000007 0.000001  -0.552234 0.000000 -0.000000
12  12.374050 -0.000007 0.000002  -0.690344 -0.000000 -0.000000
13  15.467558 -0.000004 0.000002  -0.828378 -0.000000 -0.000000
14  18.561056 -0.000007 0.000002  -0.966466 -0.000000 -0.000000
15  21.654572 -0.000008 0.000003  -2.898251 -0.411939 0.811241
16  1.410068 0.800538 -2.089137  1.926816 0.229617 0.446891
17  3.954707 0.000001 0.000001  0.032650 -0.305879 0.082888
18  3.101571 0.000003 0.000002  0.038488 -0.173200 0.020373
19  6.164460 -0.898150 2.575010  -0.464106 -0.015897 1.186542
20  2.805846 0.000003 -0.000001  0.000000 -0.000000 0.521973
21  2.307443 0.000004 0.000002  0.000000 0.000000 0.361287
22  7.145093 -0.676339 -1.382431  0.048305 -0.466031 0.179016
23  3.672212 0.000001 -0.000002  0.000000 0.000000 1.094786
24  2.676521 -0.000002 -0.000001  -0.000000 0.000000 0.976405
25  6.831180 -0.870861 0.599913  -0.198432 -0.274957 0.706750
26  3.657076 -0.000000 -0.000001  0.000000 0.000000 1.196110
27  2.496793 -0.000004 0.000001  -0.000000 -0.000000 0.510611
28  7.183347 -0.532078 -3.267609  0.092002 -0.569205 -0.163901
29  3.511593 0.000002 0.000005  -0.000000 -0.000000 0.459239
30  2.199417 -0.000003 -0.000003  0.000000 -0.000000 0.877656
31  16.163136 0.000000 -3.830527  0.703564 0.858106 -2.571306
32  14.868248 0.000000 0.000001  -0.203704 -0.150650 -1.849085
33  26.391968 0.000004 -0.000002  0.000000 0.000000 -1.678837
34  0.000002 0.000001 0.000000  0.128938 0.000000 -0.000000
35  3.093514 -0.000002 0.000000  0.257986 -0.000000 0.000000
36  6.187022 -0.000002 0.000001  0.386943 0.000000 0.000000
37  9.280539 0.000000 0.000000  0.515974 -0.000000 0.000000
38  12.374043 -0.000001 0.000000  0.644992 -0.000000 -0.000000
39  15.467552 0.000000 0.000001  0.773957 -0.000000 0.000000
40  18.561069 -0.000001 0.000001  0.902949 0.000000 0.000000
41  21.654570 -0.000002 0.000002  2.671006 -0.587096 0.019293
42  1.410064 0.800531 2.089144  -1.966491 -0.287076 0.559263
43  3.954715 -0.000001 -0.000001  0.000000 -0.000000 0.375132
44  3.101566 0.000000 -0.000001  -0.000000 0.000000 0.790793
45  7.183349 -0.532088 3.267621  0.052242 -0.011652 -0.158551
46  3.511587 0.000000 0.000002  0.000000 0.000000 0.189253
47  2.199407 0.000001 0.000001  0.000000 0.000000 -0.104054
48  7.145095 -0.676346 1.382436  0.255424 0.283825 0.886074
49  3.672211 0.000000 -0.000000  -0.000000 -0.000000 1.435616
50  2.676519 0.000001 -0.000000  0.000000 0.000000 1.062915
51  6.831168 -0.870865 -0.599905  0.339890 0.115856 1.057859
52  3.657084 -0.000002 -0.000001  -0.000000 -0.000000 1.252193
53  2.496798 -0.000003 0.000000  0.000000 0.000000 0.840195
54  6.164460 -0.898153 -2.575003  0.409526 -0.061317 1.152482
55  2.805844 0.000003 0.000001  0.000000 -0.000000 0.666009
56  2.307451 -0.000000 0.000000  0.000000 0.000000 0.844543
57  0.000000 0.000000 0.000000  0.000001 -0.000000 -0.000000
58  11.725453 -32.956406 -17.490860  0.196263 0.444993 0.902182
59  0.000000 -19.069475 4.681035  0.000000 0.000000 0.000000
60  1.986525 0.000025 -3.123736  -2.705260 -0.000000 -1.570797
61  -1.986692 0.000024 -3.123747  0.436333 0.000001 1.570797
62  0.000000 0.000009 0.000001  0.000000 0.000000 0.000000
63  -1.530658 0.861428 -3.109961  0.392682 0.000010 1.570745
64  -11.344173 1.135891 0.869268  0.000328 -0.024963 -0.026314
65  1.907534 0.861425 -2.954426  -0.392858 -0.000004 1.570778
66  -11.350040 -0.729407 0.864869  0.000154 -0.025335 0.026430
67  1.754239 4.036767 -1.682668  0.392549 -0.010099 -1.546344
68  -1.755143 4.036767 -1.682671  -0.392547 -0.010382 -1.594901
69  -0.164558 5.734787 5.880445  -0.000000 -0.000000 -1.570730
70  1.203549 5.503725 4.339431  0.000000 0.000000 0.000000
71  -1.260173 5.668902 5.788552  0.070161 -0.418898 2.970131
72  1.185471 17.272335 1.821942  0.000000 0.000000 0.000000
73  0.060218 10.324439 74.469063  0.000000 0.000000 0.000000
74  0.052678 -3.972624 3.515842  1.570735 -0.000061 -1.570735
75  4.804187 -3.856466 -0.006882  -0.000000 0.000000 0.000000
76  -6.013981 -4.624458 -0.000003  0.000000 0.000000 0.000000
77  -65.574089 -37.156048 0.002938  -0.786496 1.570710 0.783753
78  1.602684 -3.785214 0.003045  -0.785764 1.570710 0.784666
79  11.681373 -1.114739 -1.027852  -0.785276 1.570710 0.785825
80  19.766781 -3.800924 -0.000002  -0.000000 0.000000 0.000000
81  3.258441 5.856956 -3.403526  -0.000000 -0.000000 -0.000000
82  15.153053 5.860580 -3.403522  0.000000 -0.000000 -0.000000
83  6.064261 77.294952 36.365799  1.570796 -0.000000 1.570796
84  -2.662414 1.445756 40.667961  -0.000000 3.141591 1.570796
85  8.352070 2.772897 0.000544  -3.141589 0.000002 0.000000
86  6.064255 72.973694 32.593250  1.570796 -0.000000 1.570796
87  -0.113683 5.957340 -0.188893  0.000000 0.000000 0.000000
88  0.097225 0.210964 3.469588  0.000000 0.000000 0.000000
89  0.000001 1.310210 -0.000000  0.000000 0.000000 0.000000
90  0.000000 0.582259 -0.000000  0.000000 0.000000 0.000000
91  0.036298 1.284880 7.928799  -0.000000 -0.000001 0.000000
92  0.000000 1.310210 0.000000  0.000000 -0.000000 0.000000
93  -0.000001 0.582259 -0.000001  0.000000 -0.000000 0.000000
94  5.969325 3.427460 -6.170650  -0.000000 -0.000001 -1.570797
95  -1.310213 0.000003 -0.000003  0.000000 0.000000 -0.000000
96  -0.582262 0.000003 -0.000002  0.000000 0.000000 -0.000000
97  5.969324 9.397400 -6.170658  -0.000000 -0.000001 -1.570796
98  -1.310210 -0.000001 0.000001  0.000000 0.000000 -0.000000
99  -0.582260 -0.000002 0.000000  0.000000 0.000000 -0.000000
100  5.969322 15.223770 -6.170668  -0.000000 -0.000001 -1.570796
101  -1.310211 0.000002 -0.000002  -0.000000 0.000000 -0.000000
102  -0.582260 0.000000 -0.000001  -0.000000 0.000000 -0.000000
103  5.969324 20.835569 -6.170671  -0.000000 -0.000001 -1.570796
104  -1.310212 0.000003 0.000001  -0.000000 0.000000 -0.000000
105  -0.582261 0.000001 0.000004  -0.000000 0.000000 -0.000000
106  5.969323 26.771208 -6.170671  -0.000000 -0.000001 -1.570796
107  5.969325 32.597595 -6.170676  -0.000000 -0.000001 -1.570796
108  5.969324 38.209400 -6.170683  -0.000000 -0.000001 -1.570800
109  5.969323 49.488464 -6.170684  -0.000000 -0.000001 -1.570800
110  -0.539091 -0.556809 -0.017361  -0.042462 2.681156 1.551919
111  -6.799123 -0.556806 0.818551  -0.272420 2.701993 1.452460
112  -4.615281 -0.556821 0.270329  -0.117230 2.684609 1.518878
113  -2.650968 -0.556807 0.063011  -0.042463 2.681158 1.551919
114  27.110338 1.284858 12.007549  0.000000 -0.000000 0.000000
115  28.133427 1.284857 12.007547  0.000001 -0.000000 0.000000
116  12.812886 2.241785 12.007551  0.000000 -0.000001 -0.000001
117  -9.955966 -0.319622 4.380216  -0.000001 -0.000000 -0.000001
118  -11.316475 -0.319623 4.380215  -0.000003 -0.000000 -0.000000
119  -12.667810 -0.319623 4.380215  -0.000003 -0.000000 0.000001
120  -14.022141 -0.319620 4.380216  0.000010 -0.000000 -0.000011
121  -15.373240 -0.319621 4.380214  0.000015 -0.000000 -0.000015
122  -16.724142 -0.319620 4.380216  -0.000009 -0.000000 0.000006
123  -18.074572 -0.319622 4.380215  -0.000006 -0.000000 0.000004
124  -19.423717 -0.319621 4.380215  0.000002 0.000000 -0.000004
125  -20.775269 -0.319618 4.380217  0.000003 0.000000 -0.000004
126  -22.126671 -0.319618 4.380216  0.000003 0.000000 -0.000004
127  -23.478127 -0.319620 4.380216  0.000005 0.000000 -0.000006
128  -24.830620 -0.319619 4.380216  0.000036 -0.000000 -0.000038
129  -26.182028 -0.319619 4.380216  -0.000011 0.000000 0.000011
130  0.529179 -0.167131 0.629485  -0.101270 -0.000000 0.000000
131  -0.211444 -0.241683 0.155362  -0.145847 -0.000000 0.000000
132  0.529190 -0.280700 -0.110291  -0.145847 -0.000000 -0.000000
133  -0.173927 -0.337326 -0.638494  -0.181751 -0.000000 0.000000
134  0.529190 -0.399246 -0.975393  -0.181751 -0.000000 0.000000
135  -0.211446 -0.464478 -1.431041  -0.192399 -0.000000 0.000000
136  0.529191 -0.515808 -1.694583  -0.192400 -0.000000 0.000000
137  -0.173928 -0.612151 -2.231911  -0.216703 -0.000000 0.000000
138  0.529188 -0.685807 -2.566440  -0.216703 -0.000000 -0.000000
139  -0.211443 -0.769560 -3.027870  -0.237349 -0.000000 0.000000
140  0.529189 -0.832686 -3.288848  -0.237349 -0.000000 -0.000000
141  -0.173938 -0.945281 -3.779562  -0.233859 0.000000 0.000000
142  0.529178 -1.024658 -4.112780  -0.233859 0.000000 0.000000
143  -0.211442 -1.132186 -4.577548  -0.262919 -0.000000 0.000000
144  0.529191 -1.201964 -4.836824  -0.262919 0.000000 0.000000
145  -0.000004 -2.810942 -10.636629  0.258454 0.000000 3.141592
146  -0.192454 -1.345780 -5.370046  -0.280373 0.000000 0.000000
147  0.533983 -1.413513 -5.605104  -0.276883 0.000000 0.000000
148  -0.206616 -1.795760 -6.909778  -0.287354 0.000000 0.000000
149  -0.205805 -1.564818 -6.138257  -0.290843 0.000000 0.000000
150  0.530460 -1.643676 -6.395213  -0.290844 0.000000 0.000000
151  0.535314 -1.790710 -7.204134  -0.287354 -0.000000 0.000000
152  -0.202703 -2.030485 -7.702828  -0.286180 -0.000000 0.000000
153  0.509547 -2.118896 -8.011622  -0.298398 -0.000000 0.000000
154  -0.202704 -2.255281 -8.465172  -0.283134 -0.000000 0.000000
155  0.509549 -2.352980 -8.771158  -0.295352 -0.000000 0.000000
156  -0.202703 -2.481596 -9.235472  -0.285437 -0.000000 0.000000
157  0.509549 -2.588682 -9.538639  -0.297654 -0.000000 0.000000
158  0.170124 -21.222092 -1.001140  -0.000001 -0.000001 0.000000
159  0.170123 -20.843864 -0.397181  -0.000001 -0.000001 0.000000
160  0.170121 -20.489746 -1.001140  -0.000001 -0.000001 0.000000
161  0.170122 -20.111069 -0.397182  -0.000001 -0.000001 0.000000
162  0.170122 -19.380089 -0.397186  -0.000001 -0.000001 0.000000
163  0.170124 -19.025110 -1.001143  -0.000001 -0.000001 0.000000
164  0.170122 -18.646660 -0.396445  -0.000001 -0.000001 0.000000
165  0.170125 -19.755760 -1.001143  -0.000001 -0.000001 0.000000
166  -0.015973 10.035405 1.098091  0.000000 0.000000 0.000000
167  -0.104320 -52.163574 4.437347  1.570735 -0.000061 -1.570735
168  0.064656 27.351347 72.195213  0.000000 0.000000 0.000000
169  6.064261 95.114014 31.645502  0.000000 -0.000001 1.570796
170  -0.103722 -26.907875 3.305357  -0.000000 -0.000000 -1.570730
171  6.064260 69.096565 37.164322  1.570796 -0.000000 1.570796
172  1.974304 11.989235 4.589251  0.000000 0.000000 0.000000
173  1.941737 0.883633 4.309756  0.000000 0.000000 -1.483525
174  -0.115678 1.104778 6.744192  0.000000 0.000000 0.000000
175  6.064259 89.329803 31.613916  0.000000 -0.000001 1.570796
176  0.059884 2.255382 54.398022  0.000000 0.000000 0.000000
177  0.003495 -22.270651 -0.000001  1.570735 -0.000061 -1.570735
178  0.104009 14.792242 1.530320  0.000000 0.000000 0.000000
179  3.000524 -2.985217 1.029103  2.067399 -0.085866 -1.929634
180  -2.951612 25.811050 -3.742301  -0.096365 0.008023 -1.450340
181  -2.662412 1.445786 33.628742  0.000487 3.141104 1.570796
182  8.352068 2.772901 0.000542  -3.140902 0.000003 -0.000001
183  -2.662412 1.445789 40.667969  0.000487 3.141104 1.570796
184  8.352066 2.772899 0.000545  -3.140902 0.000003 -0.000001
185  -1.431354 16.384783 4.137813  0.000001 -0.000000 0.000000
186  -0.001844 0.521685 -0.140290  0.000000 0.000000 0.000000
187  7.323112 -5.136188 -5.166235  0.000000 0.000000 -0.610865
188  2.698279 -0.000001 0.000002  -0.000012 0.000000 0.000000
189  2.834162 -0.000001 -0.000001  0.000013 0.000000 -0.000000
190  2.648919 -0.000001 0.000000  -0.000001 -0.000001 0.000000
191  2.667498 -0.000001 0.000000  0.000000 -0.000000 -0.000000
192  2.426700 -0.000000 0.000001  0.000000 0.000000 -0.000000
193  -0.494744 -44.353447 -1.302299  1.570797 0.000000 -1.570797
194  11.545942 73.768417 -3.792008  0.000000 0.000000 0.000000
195  -0.011100 -16.902811 1.952050  0.000001 0.000000 0.000000
196  0.000002 0.000002 -1.529051  -0.000000 -0.000000 -0.000000
197  -0.078942 0.000001 0.000000  0.000000 0.000001 1.570796
198  0.097093 0.000001 -0.000001  -0.000000 -3.141592 1.570796
199  0.000000 0.000000 -0.000000  0.000000 -0.000000 -0.000000
200  -10.001145 -18.442469 -14.989830  -0.527351 0.235719 -0.646181
201  15.976246 -32.626328 -18.397427  1.582916 -0.062350 -1.035426
time 44
0  0 0 0  0 0 0
1  0.000000 0.000000 0.000000  0.000000 -0.000000 -0.000000
2  -0.000000 -0.000000 -55.423229  0.000000 -0.000000 -1.570730
3  -0.012872 0.000000 8.235027  -0.784749 -1.570710 -0.785986
4  16.163124 -0.010663 0.007211  -0.594297 0.000409 -0.000125
5  16.163132 -0.000000 3.830524  -1.333359 -0.199015 -2.456806
6  14.868229 0.000001 0.000001  -0.827422 0.713121 -1.675670
7  26.391941 -0.000000 0.000000  -0.000000 0.000000 -1.356889
8  0.000003 -0.000002 0.000002  -0.137013 -0.000000 -0.000000
9  3.093518 -0.000003 0.000001  -0.273997 -0.000000 -0.000000
10  6.187027 -0.000006 0.000002  -0.411042 -0.000000 -0.000000
11  9.280540 -0.000005 0.000002  -0.548048 -0.000000 -0.000000
12  12.374046 -0.000006 0.000003  -0.685028 -0.000000 -0.000000
13  15.467558 -0.000006 0.000003  -0.822048 -0.000000 -0.000000
14  18.561060 -0.000010 0.000004  -0.959098 -0.000000 -0.000000
15  21.654572 -0.000011 0.000004  -2.889123 -0.414673 0.818985
16  1.410066 0.800539 -2.089133  1.926816 0.229617 0.446891
17  3.954707 0.000000 0.000004  0.032650 -0.305879 0.082888
18  3.101569 -0.000004 0.000004  0.038488 -0.173200 0.020373
19  6.164461 -0.898149 2.575014  -0.464106 -0.015897 1.186542
20  2.805841 0.000005 -0.000003  -0.000000 -0.000000 0.521973
21  2.307438 0.000001 0.000002  -0.000000 0.000000 0.361287
22  7.145090 -0.676339 -1.382426  0.048305 -0.466031 0.179016
23  3.672214 0.000001 -0.000001  0.000000 0.000000 1.094786
24  2.676522 -0.000005 0.000003  -0.000000 0.000000 0.976405
25  6.831177 -0.870863 0.599918  -0.198432 -0.274957 0.706750
26  3.657079 0.000003 -0.000002  0.000000 0.000000 1.196110
27  2.496793 -0.000000 0.000001  -0.000000 -0.000000 0.510610
28  7.183347 -0.532078 -3.267603  0.092002 -0.569205 -0.163901
29  3.511588 0.000002 0.000004  -0.000000 -0.000000 0.459239
30  2.199416 0.000001 -0.000002  0.000000 -0.000000 0.877656
31  16.163136 0.000000 -3.830527  0.703564 0.858106 -2.571306
32  14.868248 0.000000 0.000001  -0.202127 -0.152586 -1.859036
33  26.391968 0.000004 0.000000  0.000000 0.000000 -1.670540
34  -0.000002 0.000003 -0.000002  0.129428 0.000000 -0.000000
35  3.093515 -0.000001 -0.000001  0.258909 0.000000 0.000000
36  6.187022 0.000002 -0.000001  0.388373 0.000000 -0.000000
37  9.280537 0.000002 0.000001  0.517805 -0.000000 0.000000
38  12.374041 0.000002 0.000002  0.647244 -0.000000 -0.000000
39  15.467552 0.000000 0.000000  0.776726 -0.000000 0.000000
40  18.561066 0.000001 -0.000001  0.906206 0.000000 0.000000
41  21.654568 0.000001 0.000001  2.680261 -0.582058 0.003047
42  1.410064 0.800528 2.089143  -1.966491 -0.287076 0.559263
43  3.954715 -0.000001 -0.000001  0.000000 -0.000000 0.375132
44  3.101565 -0.000003 -0.000002  0.000000 0.000000 0.790793
45  7.183350 -0.532093 3.267621  0.052242 -0.011652 -0.158551
46  3.511586 -0.000002 -0.000001  -0.000000 0.000000 0.189253
47  2.199407 0.000000 0.000001  0.000000 0.000000 -0.104054
48  7.145096 -0.676348 1.382436  0.255424 0.283825 0.886075
49  3.672212 -0.000002 -0.000002  0.000000 0.000000 1.435616
50  2.676520 0.000000 -0.000000  -0.000000 0.000000 1.062915
51  6.831169 -0.870868 -0.599907  0.339890 0.115856 1.057859
52  3.657083 0.000002 0.000000  -0.000000 -0.000000 1.252192
53  2.496797 -0.000002 -0.000001  0.000000 0.000000 0.840195
54  6.164461 -0.898156 -2.575002  0.409526 -0.061317 1.152482
55  2.805845 -0.000002 -0.000001  0.000000 0.000000 0.666009
56  2.307449 -0.000002 0.000000  -0.000000 0.000000 0.844543
57  0.000000 0.000000 0.000000  0.000001 -0.000000 -0.000000
58  12.164744 -32.753708 -17.283308  0.191693 0.442085 0.915303
59  0.000011 -19.069473 4.681035  0.000000 -0.000000 -0.000000
60  1.986526 0.000020 -3.123736  -2.705260 -0.000000 -1.570797
61  -1.986688 0.000021 -3.123744  0.436333 0.000001 1.570797
62  0.000001 0.000003 0.000001  0.000000 -0.000000 -0.000000
63  -1.530656 0.861423 -3.109960  0.392682 0.000010 1.570745
64  -11.344166 1.135888 0.869260  0.000328 -0.024963 -0.026314
65  1.907534 0.861419 -2.954429  -0.392858 -0.000004 1.570778
66  -11.350044 -0.729401 0.864870  0.000154 -0.025335 0.026430
67  1.754241 4.036761 -1.682668  0.392549 -0.010099 -1.546344
68  -1.755140 4.036765 -1.682669  -0.392547 -0.010382 -1.594901
69  -0.164557 5.734787 5.880444  0.000000 0.000000 -1.570730
70  1.203553 5.503725 4.339432  0.000000 -0.000000 -0.000000
71  -1.260174 5.668903 5.788553  0.070161 -0.418898 2.970131
72  1.185471 17.272337 1.821943  0.000000 -0.000000 -0.000000
73  0.060217 10.324440 74.469055  0.000000 -0.000000 -0.000000
74  0.052677 -3.972623 3.515851  1.570735 -0.000061 -1.570735
75  4.804184 -3.856469 -0.006882  -0.000000 0.000000 0.000000
76  -6.013987 -4.624460 -0.000003  0.000000 0.000000 -0.000000
77  -65.574089 -37.156044 0.002932  -0.786861 1.570710 0.783936
78  1.602684 -3.785218 0.003049  -0.786130 1.570710 0.783935
79  11.681374 -1.114742 -1.027848  -0.785093 1.570710 0.785154
80  19.766779 -3.800927 0.000001  -0.000000 0.000000 -0.000000
81  3.258440 5.856954 -3.403526  -0.000000 -0.000000 -0.000000
82  15.153048 5.860579 -3.403523  0.000000 -0.000000 0.000000
83  6.064254 77.294960 36.365795  1.570796 0.000000 1.570796
84  -2.662409 1.445758 40.667961  0.000000 3.141591 1.570796
85  8.352070 2.772897 0.000542  -3.141589 0.000002 0.000000
86  6.064255 72.973701 32.593250  1.570796 0.000000 1.570796
87  -0.113677 5.957339 -0.188890  0.000000 -0.000000 -0.000000
88  0.097228 0.210962 3.469589  0.000000 -0.000000 -0.000000
89  0.000000 1.310209 0.000001  0.000000 0.000000 0.000000
90  -0.000000 0.582258 0.000001  0.000000 0.000000 0.000000
91  0.036299 1.284878 7.928800  -0.000000 -0.000001 0.000000
92  0.000003 1.310213 0.000002  0.000000 0.000000 0.000000
93  0.000000 0.582263 0.000002  0.000000 0.000000 0.000000
94  5.969325 3.427458 -6.170651  -0.000000 -0.000001 -1.570797
95  -1.310213 0.000001 0.000001  0.000000 -0.000000 -0.000000
96  -0.582262 0.000000 -0.000001  0.000000 0.000000 -0.000000
97  5.969325 9.397398 -6.170658  -0.000000 -0.000001 -1.570796
98  -1.310211 0.000001 -0.000002  0.000000 0.000001 -0.000000
99  -0.582260 0.000001 -0.000001  0.000000 0.000001 -0.000000
100  5.969323 15.223769 -6.170670  0.000000 -0.000001 -1.570796
101  -1.310212 0.000001 0.000004  -0.000000 0.000000 -0.000000
102  -0.582261 0.000001 0.000002  -0.000000 0.000000 -0.000000
103  5.969325 20.835569 -6.170671  0.000000 -0.000001 -1.570796
104  -1.310211 -0.000000 0.000002  -0.000000 0.000000 -0.000000
105  -0.582260 -0.000001 0.000004  -0.000000 0.000000 -0.000000
106  5.969326 26.771208 -6.170671  0.000000 -0.000001 -1.570796
107  5.969324 32.597595 -6.170673  0.000000 -0.000001 -1.570796
108  5.969324 38.209400 -6.170685  0.000000 -0.000001 -1.570800
109  5.969322 49.488468 -6.170685  0.000000 -0.000001 -1.570800
110  -0.539088 -0.556810 -0.017362  -0.042462 2.681156 1.551919
111  -6.799122 -0.556807 0.818551  -0.272420 2.701993 1.452460
112  -4.615280 -0.556823 0.270328  -0.117230 2.684609 1.518878
113  -2.650968 -0.556809 0.063012  -0.042463 2.681158 1.551919
114  27.110340 1.284855 12.007548  0.000000 -0.000000 -0.000000
115  28.133429 1.284853 12.007549  0.000001 -0.000000 -0.000000
116  12.812889 2.241782 12.007550  0.000000 -0.000001 -0.000001
117  -9.955965 -0.319624 4.380216  -0.000001 -0.000000 -0.000001
118  -11.316471 -0.319625 4.380216  -0.000003 -0.000000 -0.000000
119  -12.667809 -0.319623 4.380216  -0.000003 -0.000000 0.000001
120  -14.022140 -0.319623 4.380217  0.000010 -0.000000 -0.000011
121  -15.373238 -0.319623 4.380216  0.000015 -0.000000 -0.000015
122  -16.724142 -0.319623 4.380215  -0.000009 -0.000000 0.000006
123  -18.074572 -0.319622 4.380216  -0.000006 0.000000 0.000004
124  -19.423716 -0.319623 4.380215  0.000002 0.000000 -0.000004
125  -20.775270 -0.319622 4.380216  0.000003 0.000000 -0.000004
126  -22.126671 -0.319620 4.380215  0.000003 -0.000000 -0.000004
127  -23.478119 -0.319620 4.380216  0.000005 -0.000000 -0.000006
128  -24.830618 -0.319618 4.380215  0.000036 -0.000000 -0.000038
129  -26.182024 -0.319618 4.380217  -0.000011 -0.000000 0.000011
130  0.529181 -0.167131 0.629485  -0.101270 -0.000000 0.000000
131  -0.211442 -0.241684 0.155363  -0.145847 -0.000000 0.000000
132  0.529192 -0.280703 -0.110292  -0.145847 -0.000000 -0.000000
133  -0.173925 -0.337328 -0.638495  -0.181751 -0.000000 0.000000
134  0.529191 -0.399248 -0.975394  -0.181751 -0.000000 0.000000
135  -0.211441 -0.464479 -1.431041  -0.192399 -0.000000 0.000000
136  0.529192 -0.515810 -1.694582  -0.192399 -0.000000 0.000000
137  -0.173927 -0.612152 -2.231909  -0.216703 -0.000000 0.000000
138  0.529191 -0.685809 -2.566440  -0.216703 -0.000000 -0.000000
139  -0.211445 -0.769562 -3.027871  -0.237349 -0.000000 0.000000
140  0.529191 -0.832688 -3.288846  -0.237349 -0.000000 -0.000000
141  -0.173935 -0.945282 -3.779563  -0.233859 0.000000 0.000000
142  0.529180 -1.024659 -4.112781  -0.233859 0.000000 -0.000000
143  -0.211441 -1.132188 -4.577546  -0.262919 -0.000000 0.000000
144  0.529191 -1.201965 -4.836823  -0.262919 0.000000 -0.000000
145  -0.000001 -2.810943 -10.636630  0.258454 0.000000 3.141592
146  -0.192455 -1.345782 -5.370045  -0.280373 0.000000 0.000000
147  0.533986 -1.413513 -5.605104  -0.276883 0.000000 0.000000
148  -0.206616 -1.795762 -6.909779  -0.287354 0.000000 0.000000
149  -0.205803 -1.564821 -6.138255  -0.290843 0.000000 0.000000
150  0.530462 -1.643676 -6.395214  -0.290844 0.000000 0.000000
151  0.535313 -1.790710 -7.204132  -0.287354 -0.000000 0.000000
152  -0.202701 -2.030488 -7.702828  -0.286180 -0.000000 0.000000
153  0.509551 -2.118896 -8.011625  -0.298398 -0.000000 0.000000
154  -0.202702 -2.255280 -8.465172  -0.283134 -0.000000 0.000000
155  0.509550 -2.352981 -8.771159  -0.295352 -0.000000 0.000000
156  -0.202702 -2.481598 -9.235469  -0.285437 -0.000000 0.000000
157  0.509548 -2.588684 -9.538637  -0.297654 -0.000000 0.000000
158  0.170124 -21.222097 -1.001141  -0.000001 -0.000001 0.000000
159  0.170124 -20.843872 -0.397183  -0.000001 -0.000001 0.000000
160  0.170123 -20.489750 -1.001141  -0.000001 -0.000001 0.000000
161  0.170125 -20.111071 -0.397182  -0.000001 -0.000001 0.000000
162  0.170127 -19.380091 -0.397186  -0.000001 -0.000001 0.000000
163  0.170126 -19.025112 -1.001147  -0.000001 -0.000001 0.000000
164  0.170126 -18.646664 -0.396445  -0.000001 -0.000001 0.000000
165  0.170126 -19.755764 -1.001140  -0.000001 -0.000001 0.000000
166  -0.015970 10.035408 1.098091  0.000000 -0.000000 -0.000000
167  -0.104321 -52.163574 4.437345  1.570735 -0.000061 -1.570735
168  0.064656 27.351345 72.195206  0.000000 -0.000000 -0.000000
169  6.064260 95.114029 31.645500  0.000000 -0.000001 1.570796
170  -0.103715 -26.907869 3.305356  0.000000 0.000000 -1.570730
171  6.064258 69.096565 37.164322  1.570796 0.000000 1.570796
172  1.974302 11.989235 4.589250  0.000000 -0.000000 -0.000000
173  1.941733 0.883633 4.309754  0.000000 -0.000000 -1.483525
174  -0.115678 1.104779 6.744193  0.000000 -0.000000 -0.000000
175  6.064265 89.329811 31.613918  0.000000 -0.000001 1.570796
176  0.059886 2.255377 54.398026  0.000000 -0.000000 -0.000000
177  0.003498 -22.270653 -0.000004  1.570735 -0.000061 -1.570735
178  0.104010 14.792246 1.530323  0.000000 -0.000000 -0.000000
179  3.000526 -2.985213 1.029105  2.067399 -0.085866 -1.929635
180  -2.951608 25.811054 -3.742301  -0.096365 0.008023 -1.450340
181  -2.662411 1.445784 33.628746  0.000487 3.141104 1.570796
182  8.352070 2.772893 0.000542  -3.140902 0.000003 -0.000001
183  -2.662409 1.445789 40.667973  0.000487 3.141104 1.570796
184  8.352068 2.772898 0.000545  -3.140902 0.000003 -0.000001
185  -1.431356 16.384783 4.137811  0.000001 -0.000000 0.000000
186  -0.001846 0.521683 -0.140288  0.000000 -0.000000 -0.000000
187  7.323109 -5.136190 -5.166235  0.000000 0.000000 -0.610865
188  2.698279 0.000000 -0.000003  -0.000012 0.000000 0.000000
189  2.834161 -0.000003 0.000000  0.000013 0.000000 -0.000000
190  2.648919 0.000001 0.000000  -0.000001 -0.000001 0.000000
191  2.667503 -0.000004 -0.000002  0.000000 0.000000 -0.000000
192  2.426704 -0.000004 -0.000005  0.000000 0.000000 -0.000000
193  -0.494745 -44.353451 -1.302299  1.570797 -0.000000 -1.570797
194  11.545937 73.768425 -3.792009  0.000000 -0.000000 -0.000000
195  -0.011100 -16.902811 1.952050  0.000001 -0.000000 -0.000000
196  0.000001 -0.000000 -1.529054  -0.000000 -0.000000 0.000000
197  -0.078943 -0.000004 0.000001  0.000000 0.000001 1.570796
198  0.097090 -0.000005 0.000001  -0.000000 -3.141592 1.570796
199  0.000000 0.000000 -0.000000  0.000000 -0.000000 -0.000000
200  -9.784108 -18.569233 -14.897689  -0.524458 0.231470 -0.630365
201  16.412764 -32.358700 -18.168587  1.587129 -0.065167 -1.020575
time 45
0  0 0 0  0 0 0
1  0.000000 0.000000 0.000000  0.000000 -0.000000 -0.000000
2  -0.000000 -0.000000 -55.423229  0.000000 -0.000000 -1.570730
3  -0.012872 0.000000 8.235027  -0.784749 -1.570710 -0.785986
4  16.163124 -0.010663 0.007211  -0.594297 0.000409 -0.000125
5  16.163132 -0.000000 3.830524  -1.333359 -0.199015 -2.456806
6  14.868229 0.000001 0.000001  -0.830771 0.704387 -1.670824
7  26.391943 -0.000000 0.000000  -0.000000 0.000000 -1.366079
8  0.000005 -0.000003 0.000001  -0.136218 -0.000000 -0.000000
9  3.093518 -0.000003 0.000001  -0.272457 -0.000000 -0.000000
10  6.187029 -0.000003 0.000003  -0.408735 -0.000000 -0.000000
11  9.280537 -0.000005 0.000003  -0.544942 0.000000 -0.000000
12  12.374051 -0.000009 0.000002  -0.681206 -0.000000 -0.000000
13  15.467561 -0.000008 0.000002  -0.817456 -0.000000 -0.000000
14  18.561062 -0.000008 0.000003  -0.953667 -0.000000 -0.000000
15  21.654577 -0.000011 0.000004  -2.883209 -0.417655 0.822457
16  1.410068 0.800537 -2.089131  1.926816 0.229617 0.446891
17  3.954707 0.000000 0.000006  0.032650 -0.305879 0.082888
18  3.101568 -0.000002 0.000002  0.038488 -0.173200 0.020373
19  6.164459 -0.898151 2.575011  -0.464106 -0.015897 1.186542
20  2.805846 0.000006 -0.000002  -0.000000 -0.000000 0.521973
21  2.307441 0.000000 0.000000  0.000000 0.000000 0.361287
22  7.145088 -0.676342 -1.382430  0.048305 -0.466031 0.179016
23  3.672216 -0.000000 0.000001  0.000000 0.000000 1.094786
24  2.676520 -0.000007 0.000002  -0.000000 0.000000 0.976405
25  6.831180 -0.870864 0.599917  -0.198432 -0.274957 0.706750
26  3.657075 0.000003 -0.000000  0.000000 0.000000 1.196110
27  2.496794 0.000004 0.000003  -0.000000 -0.000000 0.510610
28  7.183343 -0.532079 -3.267608  0.092002 -0.569205 -0.163901
29  3.511586 0.000003 0.000001  -0.000000 -0.000000 0.459239
30  2.199410 0.000002 -0.000003  0.000000 -0.000000 0.877656
31  16.163136 0.000000 -3.830527  0.703564 0.858106 -2.571306
32  14.868248 0.000000 0.000001  -0.201435 -0.155352 -1.868178
33  26.391970 0.000000 0.000001  0.000000 0.000000 -1.662190
34  0.000000 0.000001 0.000001  0.129122 0.000000 -0.000000
35  3.093516 -0.000002 0.000001  0.258232 0.000000 0.000000
36  6.187022 -0.000000 0.000003  0.387378 0.000000 0.000000
37  9.280536 -0.000001 0.000003  0.516479 -0.000000 0.000000
38  12.374042 0.000000 0.000002  0.645635 -0.000000 -0.000000
39  15.467552 0.000001 0.000002  0.774748 -0.000000 -0.000000
40  18.561068 -0.000002 0.000001  0.903899 0.000000 0.000000
41  21.654568 0.000001 0.000002  2.682922 -0.575884 -0.012139
42  1.410064 0.800528 2.089141  -1.966491 -0.287076 0.559263
43  3.954716 -0.000001 -0.000001  0.000000 0.000000 0.375132
44  3.101565 -0.000001 -0.000001  0.000000 0.000000 0.790793
45  7.183349 -0.532089 3.267619  0.052242 -0.011652 -0.158551
46  3.511589 -0.000002 0.000002  -0.000000 0.000000 0.189253
47  2.199409 -0.000000 -0.000003  0.000000 0.000000 -0.104054
48  7.145096 -0.676346 1.382433  0.255424 0.283825 0.886075
49  3.672211 0.000000 0.000000  -0.000000 0.000000 1.435616
50  2.676519 -0.000001 -0.000001  -0.000000 -0.000000 1.062915
51  6.831169 -0.870866 -0.599910  0.339890 0.115856 1.057859
52  3.657083 0.000001 0.000001  -0.000000 -0.000000 1.252193
53  2.496799 -0.000003 -0.000001  0.000000 0.000000 0.840195
54  6.164460 -0.898155 -2.575007  0.409526 -0.061317 1.152482
55  2.805844 0.000005 0.000001  0.000000 0.000000 0.666009
56  2.307450 0.000000 0.000001  -0.000000 -0.000000 0.844543
57  0.000000 0.000000 0.000000  0.000001 -0.000000 -0.000000
58  12.584931 -32.566437 -17.117270  0.186553 0.443999 0.928404
59  -0.000003 -19.069481 4.681026  0.000000 0.000000 0.000000
60  1.986522 0.000013 -3.123741  -2.705260 -0.000000 -1.570797
61  -1.986697 0.000016 -3.123748  0.436333 0.000001 1.570797
62  -0.000004 -0.000000 -0.000001  0.000000 0.000000 0.000000
63  -1.530665 0.861418 -3.109962  0.392682 0.000010 1.570745
64  -11.344166 1.135896 0.869268  0.000328 -0.024963 -0.026314
65  1.907530 0.861416 -2.954431  -0.392858 -0.000004 1.570778
66  -11.350046 -0.729408 0.864873  0.000154 -0.025335 0.026430
67  1.754234 4.036758 -1.682670  0.392549 -0.010099 -1.546344
68  -1.755144 4.036760 -1.682670  -0.392547 -0.010382 -1.594901
69  -0.164561 5.734782 5.880441  -0.000000 0.000000 -1.570730
70  1.203548 5.503721 4.339427  0.000000 0.000000 0.000000
71  -1.260175 5.668900 5.788550  0.070161 -0.418898 2.970131
72  1.185469 17.272335 1.821939  0.000000 0.000000 0.000000
73  0.060217 10.324438 74.469055  0.000000 0.000000 0.000000
74  0.052676 -3.972630 3.515845  1.570735 -0.000061 -1.570735
75  4.804186 -3.856467 -0.006877  -0.000000 0.000000 -0.000000
76  -6.013984 -4.624460 -0.000001  0.000000 0.000000 0.000000
77  -65.574097 -37.156044 0.002941  -0.787106 1.570710 0.783996
78  1.602682 -3.785215 0.003048  -0.786618 1.570710 0.784301
79  11.681374 -1.114741 -1.027844  -0.785459 1.570710 0.785337
80  19.766779 -3.800924 0.000004  -0.000000 0.000000 -0.000000
81  3.258441 5.856952 -3.403522  -0.000000 -0.000000 -0.000000
82  15.153050 5.860580 -3.403519  -0.000000 -0.000000 0.000000
83  6.064258 77.294952 36.365799  1.570796 -0.000000 1.570796
84  -2.662413 1.445753 40.667961  -0.000000 3.141591 1.570796
85  8.352064 2.772899 0.000537  -3.141589 0.000002 0.000000
86  6.064258 72.973694 32.593250  1.570796 -0.000000 1.570796
87  -0.113681 5.957335 -0.188896  0.000000 0.000000 0.000000
88  0.097224 0.210963 3.469585  0.000000 0.000000 0.000000
89  0.000001 1.310214 -0.000000  0.000000 0.000000 0.000000
90  0.000000 0.582262 -0.000001  0.000000 0.000000 0.000000
91  0.036295 1.284880 7.928796  0.000000 -0.000001 0.000000
92  0.000000 1.310210 0.000000  0.000000 0.000000 0.000000
93  -0.000001 0.582259 0.000000  0.000000 0.000000 0.000000
94  5.969321 3.427457 -6.170653  -0.000000 -0.000001 -1.570797
95  -1.310213 0.000002 -0.000000  0.000000 -0.000000 -0.000000
96  -0.582261 -0.000001 0.000000  0.000000 0.000000 -0.000000
97  5.969322 9.397398 -6.170663  -0.000000 -0.000001 -1.570796
98  -1.310213 -0.000001 -0.000002  0.000000 0.000000 -0.000000
99  -0.582262 -0.000001 -0.000003  0.000000 0.000000 -0.000000
100  5.969320 15.223770 -6.170671  -0.000000 -0.000001 -1.570796
101  -1.310210 0.000001 0.000001  -0.000000 0.000000 -0.000000
102  -0.582259 0.000001 0.000002  -0.000000 0.000000 -0.000000
103  5.969322 20.835571 -6.170672  -0.000000 -0.000001 -1.570796
104  -1.310211 0.000000 0.000001  -0.000000 0.000000 -0.000000
105  -0.582260 -0.000002 0.000004  -0.000000 0.000000 -0.000000
106  5.969325 26.771210 -6.170674  -0.000000 -0.000001 -1.570796
107  5.969322 32.597595 -6.170676  -0.000000 -0.000001 -1.570796
108  5.969324 38.209396 -6.170688  0.000000 -0.000001 -1.570800
109  5.969318 49.488464 -6.170686  0.000000 -0.000001 -1.570800
110  -0.539092 -0.556808 -0.017364  -0.042462 2.681156 1.551919
111  -6.799125 -0.556806 0.818547  -0.272420 2.701993 1.452460
112  -4.615284 -0.556822 0.270326  -0.117230 2.684609 1.518878
113  -2.650970 -0.556807 0.063009  -0.042463 2.681158 1.551919
114  27.110334 1.284855 12.007545  0.000000 -0.000000 -0.000000
115  28.133423 1.284856 12.007545  0.000001 -0.000000 -0.000000
116  12.812885 2.241783 12.007549  0.000000 -0.000001 -0.000001
117  -9.955967 -0.319623 4.380214  -0.000001 -0.000000 -0.000001
118  -11.316474 -0.319623 4.380215  -0.000003 -0.000000 -0.000000
119  -12.667810 -0.319623 4.380215  -0.000003 -0.000000 0.000001
120  -14.022141 -0.319622 4.380214  0.000010 -0.000000 -0.000011
121  -15.373240 -0.319622 4.380212  0.000015 -0.000000 -0.000015
122  -16.724144 -0.319620 4.380213  -0.000009 -0.000000 0.000006
123  -18.074574 -0.319620 4.380213  -0.000006 0.000000 0.000004
124  -19.423717 -0.319620 4.380214  0.000002 0.000000 -0.000004
125  -20.775270 -0.319619 4.380214  0.000003 0.000000 -0.000004
126  -22.126671 -0.319619 4.380214  0.000003 -0.000000 -0.000004
127  -23.478127 -0.319621 4.380215  0.000005 0.000000 -0.000006
128  -24.830618 -0.319618 4.380214  0.000036 -0.000000 -0.000038
129  -26.182026 -0.319617 4.380215  -0.000011 0.000000 0.000011
130  0.529177 -0.167129 0.629483  -0.101270 -0.000000 0.000000
131  -0.211444 -0.241685 0.155359  -0.145847 -0.000000 0.000000
132  0.529188 -0.280700 -0.110294  -0.145847 -0.000000 -0.000000
133  -0.173928 -0.337326 -0.638496  -0.181751 -0.000000 0.000000
134  0.529189 -0.399246 -0.975395  -0.181751 -0.000000 0.000000
135  -0.211445 -0.464477 -1.431044  -0.192399 -0.000000 0.000000
136  0.529187 -0.515809 -1.694584  -0.192399 -0.000000 0.000000
137  -0.173930 -0.612152 -2.231911  -0.216703 -0.000000 0.000000
138  0.529189 -0.685805 -2.566442  -0.216703 -0.000000 -0.000000
139  -0.211444 -0.769561 -3.027873  -0.237349 -0.000000 0.000000
140  0.529188 -0.832687 -3.288849  -0.237349 -0.000000 -0.000000
141  -0.173938 -0.945281 -3.779565  -0.233859 0.000000 0.000000
142  0.529177 -1.024657 -4.112782  -0.233859 0.000000 -0.000000
143  -0.211445 -1.132186 -4.577549  -0.262919 -0.000000 0.000000
144  0.529188 -1.201966 -4.836825  -0.262919 0.000000 -0.000000
145  -0.000006 -2.810944 -10.636634  0.258454 0.000000 3.141592
146  -0.192456 -1.345779 -5.370046  -0.280373 0.000000 0.000000
147  0.533984 -1.413512 -5.605108  -0.276883 0.000000 0.000000
148  -0.206621 -1.795762 -6.909782  -0.287354 0.000000 0.000000
149  -0.205806 -1.564819 -6.138259  -0.290843 0.000000 0.000000
150  0.530458 -1.643676 -6.395216  -0.290844 0.000000 0.000000
151  0.535311 -1.790710 -7.204134  -0.287354 -0.000000 0.000000
152  -0.202704 -2.030487 -7.702832  -0.286180 -0.000000 0.000000
153  0.509546 -2.118895 -8.011626  -0.298398 -0.000000 0.000000
154  -0.202707 -2.255279 -8.465174  -0.283134 -0.000000 0.000000
155  0.509547 -2.352982 -8.771163  -0.295352 -0.000000 0.000000
156  -0.202704 -2.481597 -9.235476  -0.285437 -0.000000 0.000000
157  0.509545 -2.588684 -9.538641  -0.297654 -0.000000 0.000000
158  0.170121 -21.222092 -1.001141  -0.000001 -0.000001 0.000000
159  0.170120 -20.843864 -0.397185  -0.000001 -0.000001 0.000000
160  0.170121 -20.489746 -1.001143  -0.000001 -0.000001 0.000000
161  0.170124 -20.111067 -0.397184  -0.000001 -0.000001 0.000000
162  0.170121 -19.380089 -0.397190  -0.000001 -0.000001 0.000000
163  0.170122 -19.025110 -1.001146  -0.000001 -0.000001 0.000000
164  0.170119 -18.646662 -0.396450  -0.000001 -0.000001 0.000000
165  0.170124 -19.755760 -1.001141  -0.000001 -0.000001 0.000000
166  -0.015973 10.035404 1.098088  0.000000 0.000000 0.000000
167  -0.104324 -52.163574 4.437342  1.570735 -0.000061 -1.570735
168  0.064655 27.351341 72.195206  0.000000 0.000000 0.000000
169  6.064261 95.114021 31.645500  0.000000 -0.000001 1.570796
170  -0.103708 -26.907867 3.305360  -0.000000 0.000000 -1.570730
171  6.064255 69.096558 37.164322  1.570796 -0.000000 1.570796
172  1.974302 11.989232 4.589249  0.000000 0.000000 0.000000
173  1.941736 0.883630 4.309753  0.000000 0.000000 -1.483525
174  -0.115679 1.104776 6.744188  0.000000 0.000000 0.000000
175  6.064260 89.329803 31.613918  0.000000 -0.000001 1.570796
176  0.059887 2.255375 54.398026  0.000000 0.000000 0.000000
177  0.003492 -22.270651 -0.000001  1.570735 -0.000061 -1.570735
178  0.104010 14.792242 1.530318  0.000000 0.000000 0.000000
179  3.000524 -2.985218 1.029100  2.067399 -0.085866 -1.929635
180  -2.951613 25.811049 -3.742302  -0.096365 0.008023 -1.450340
181  -2.662411 1.445785 33.628742  0.000487 3.141104 1.570796
182  8.352071 2.772896 0.000538  -3.140902 0.000003 -0.000001
183  -2.662411 1.445787 40.667973  0.000487 3.141104 1.570796
184  8.352064 2.772897 0.000542  -3.140902 0.000003 -0.000001
185  -1.431355 16.384779 4.137809  0.000001 -0.000000 0.000000
186  -0.001843 0.521685 -0.140291  0.000000 0.000000 0.000000
187  7.323107 -5.136192 -5.166240  0.000000 0.000000 -0.610865
188  2.698272 0.000000 0.000003  -0.000012 0.000000 0.000000
189  2.834154 -0.000001 -0.000001  0.000013 0.000000 -0.000000
190  2.648917 0.000001 0.000001  -0.000001 -0.000001 0.000000
191  2.667500 -0.000002 0.000002  0.000000 0.000000 -0.000000
192  2.426702 -0.000001 0.000001  0.000000 0.000000 -0.000000
193  -0.494748 -44.353451 -1.302302  1.570797 0.000000 -1.570797
194  11.545938 73.768417 -3.792013  0.000000 0.000000 0.000000
195  -0.011102 -16.902813 1.952046  0.000001 0.000000 0.000000
196  0.000006 -0.000001 -1.529051  -0.000000 -0.000000 -0.000000
197  -0.078944 0.000002 0.000001  0.000000 0.000001 1.570796
198  0.097093 0.000003 0.000001  -0.000000 -3.141592 1.570796
199  0.000000 0.000000 -0.000000  0.000000 -0.000000 -0.000000
200  -9.583768 -18.707956 -14.847101  -0.526524 0.226904 -0.615562
201  16.830299 -32.110390 -17.992056  1.587037 -0.070192 -1.005300
time 46
0  0 0 0  0 0 0
1  0.000000 0.000000 0.000000  0.000000 -0.000000 -0.000000
2  -0.000000 -0.000000 -55.423229  0.000000 -0.000000 -1.570730
3  -0.012872 0.000000 8.235027  -0.784749 -1.570710 -0.785986
4  16.163124 -0.010663 0.007211  -0.594297 0.000409 -0.000125
5  16.163132 -0.000000 3.830524  -1.333359 -0.199015 -2.456806
6  14.868229 0.000001 0.000001  -0.832856 0.697535 -1.664639
7  26.391945 -0.000004 -0.000004  -0.000000 0.000000 -1.374908
8  -0.000001 -0.000002 0.000000  -0.135728 -0.000000 -0.000000
9  3.093514 0.000000 0.000002  -0.271533 -0.000000 -0.000000
10  6.187019 -0.000003 0.000001  -0.407302 -0.000000 -0.000000
11  9.280532 -0.000002 0.000001  -0.543105 0.000000 -0.000000
12  12.374044 -0.000005 0.000002  -0.678875 -0.000000 -0.000000
13  15.467559 -0.000005 0.000002  -0.814664 -0.000000 -0.000000
14  18.561054 -0.000005 0.000003  -0.950439 -0.000000 -0.000000
15  21.654572 -0.000006 0.000002  -2.880655 -0.420572 0.821456
16  1.410074 0.800540 -2.089131  1.926816 0.229617 0.446891
17  3.954710 0.000001 0.000004  0.032650 -0.305879 0.082888
18  3.101572 0.000000 0.000004  0.038488 -0.173200 0.020373
19  6.164468 -0.898149 2.575015  -0.464106 -0.015897 1.186542
20  2.805843 -0.000002 0.000000  0.000000 0.000000 0.521973
21  2.307441 0.000005 -0.000001  0.000000 0.000000 0.361287
22  7.145096 -0.676341 -1.382425  0.048305 -0.466031 0.179016
23  3.672213 0.000000 -0.000000  0.000000 0.000000 1.094786
24  2.676520 0.000000 0.000001  0.000000 0.000000 0.976405
25  6.831183 -0.870863 0.599920  -0.198432 -0.274957 0.706751
26  3.657076 0.000001 -0.000002  0.000000 0.000000 1.196110
27  2.496793 0.000002 0.000002  -0.000000 -0.000000 0.510611
28  7.183352 -0.532079 -3.267603  0.092002 -0.569205 -0.163901
29  3.511590 0.000006 0.000005  -0.000000 -0.000000 0.459239
30  2.199414 0.000004 -0.000001  0.000000 -0.000000 0.877656
31  16.163136 0.000000 -3.830527  0.703564 0.858106 -2.571306
32  14.868248 0.000000 0.000001  -0.202094 -0.159044 -1.875791
33  26.391970 0.000005 0.000005  0.000000 0.000000 -1.654329
34  0.000001 0.000000 -0.000002  0.128021 0.000000 -0.000000
35  3.093516 -0.000001 -0.000004  0.256078 0.000000 0.000000
36  6.187022 0.000000 -0.000003  0.384144 0.000000 0.000000
37  9.280538 0.000001 -0.000005  0.512250 0.000000 0.000000
38  12.374043 -0.000000 -0.000002  0.640296 0.000000 -0.000000
39  15.467550 0.000001 -0.000003  0.768358 -0.000000 -0.000000
40  18.561066 -0.000000 -0.000001  0.896442 0.000000 0.000000
41  21.654566 -0.000001 -0.000003  2.678650 -0.568726 -0.025434
42  1.410065 0.800529 2.089142  -1.966491 -0.287076 0.559263
43  3.954716 -0.000001 -0.000003  0.000000 0.000000 0.375132
44  3.101564 -0.000002 0.000000  -0.000000 0.000000 0.790793
45  7.183350 -0.532091 3.267621  0.052242 -0.011652 -0.158551
46  3.511587 -0.000000 -0.000002  0.000000 -0.000000 0.189253
47  2.199409 -0.000001 0.000000  0.000000 -0.000000 -0.104054
48  7.145095 -0.676346 1.382436  0.255424 0.283825 0.886075
49  3.672212 0.000001 0.000000  -0.000000 -0.000000 1.435616
50  2.676521 -0.000001 0.000000  -0.000000 0.000000 1.062915
51  6.831168 -0.870865 -0.599909  0.339890 0.115856 1.057859
52  3.657085 -0.000001 -0.000000  -0.000000 -0.000000 1.252192
53  2.496796 -0.000002 0.000001  0.000000 0.000000 0.840195
54  6.164461 -0.898156 -2.575004  0.409526 -0.061316 1.152482
55  2.805843 0.000000 0.000002  0.000000 0.000000 0.666009
56  2.307451 0.000002 -0.000001  0.000000 -0.000000 0.844543
57  0.000000 0.000000 0.000000  0.000001 -0.000000 -0.000000
58  12.976470 -32.396790 -17.018284  0.181165 0.450264 0.940977
59  0.000003 -19.069485 4.681031  0.000000 -0.000000 -0.000000
60  1.986528 0.000020 -3.123738  -2.705260 -0.000000 -1.570797
61  -1.986687 0.000022 -3.123746  0.436333 0.000001 1.570797
62  0.000005 0.000003 0.000000  0.000000 -0.000000 -0.000000
63  -1.530654 0.861429 -3.109959  0.392682 0.000010 1.570745
64  -11.344171 1.135892 0.869264  0.000328 -0.024963 -0.026314
65  1.907537 0.861421 -2.954428  -0.392858 -0.000004 1.570778
66  -11.350044 -0.729401 0.864871  0.000154 -0.025335 0.026430
67  1.754242 4.036760 -1.682668  0.392549 -0.010099 -1.546344
68  -1.755140 4.036764 -1.682668  -0.392547 -0.010382 -1.594901
69  -0.164559 5.734785 5.880445  0.000000 -0.000000 -1.570730
70  1.203546 5.503721 4.339430  0.000000 -0.000000 -0.000000
71  -1.260175 5.668902 5.788552  0.070161 -0.418898 2.970131
72  1.185469 17.272335 1.821941  0.000000 -0.000000 -0.000000
73  0.060220 10.324436 74.469055  0.000000 -0.000000 -0.000000
74  0.052670 -3.972626 3.515851  1.570735 -0.000061 -1.570735
75  4.804186 -3.856465 -0.006879  -0.000000 0.000000 0.000000
76  -6.013984 -4.624460 -0.000001  0.000000 0.000000 0.000000
77  -65.574081 -37.156052 0.002940  -0.786801 1.570710 0.783631
78  1.602684 -3.785216 0.003049  -0.786191 1.570710 0.784118
79  11.681375 -1.114742 -1.027848  -0.784483 1.570710 0.785337
80  19.766777 -3.800925 0.000000  -0.000000 -0.000000 0.000000
81  3.258440 5.856953 -3.403525  -0.000000 -0.000000 -0.000000
82  15.153049 5.860580 -3.403519  0.000000 -0.000000 0.000000
83  6.064256 77.294952 36.365795  1.570796 -0.000000 1.570797
84  -2.662410 1.445756 40.667957  0.000000 3.141591 1.570796
85  8.352067 2.772896 0.000543  -3.141589 0.000002 0.000000
86  6.064257 72.973701 32.593254  1.570796 -0.000000 1.570797
87  -0.113679 5.957335 -0.188894  0.000000 -0.000000 -0.000000
88  0.097227 0.210963 3.469588  0.000000 -0.000000 -0.000000
89  0.000000 1.310213 0.000000  0.000000 0.000000 0.000000
90  0.000001 0.582262 -0.000000  0.000000 0.000000 0.000000
91  0.036298 1.284879 7.928799  0.000000 -0.000001 0.000000
92  0.000000 1.310210 -0.000002  0.000000 0.000000 0.000000
93  0.000001 0.582258 -0.000001  0.000000 0.000000 0.000000
94  5.969324 3.427458 -6.170650  -0.000000 -0.000001 -1.570796
95  -1.310211 0.000002 -0.000002  0.000000 0.000000 -0.000000
96  -0.582260 0.000002 -0.000002  0.000000 0.000000 -0.000000
97  5.969325 9.397398 -6.170659  -0.000000 -0.000001 -1.570796
98  -1.310211 0.000002 0.000001  0.000000 0.000000 -0.000000
99  -0.582260 -0.000000 0.000001  0.000000 0.000000 -0.000000
100  5.969324 15.223769 -6.170670  0.000000 -0.000001 -1.570796
101  -1.310211 0.000003 0.000000  -0.000000 0.000000 -0.000000
102  -0.582261 0.000003 0.000001  -0.000000 0.000000 -0.000000
103  5.969323 20.835569 -6.170671  0.000000 -0.000001 -1.570796
104  -1.310210 0.000003 -0.000001  -0.000000 0.000000 -0.000000
105  -0.582259 0.000003 0.000002  -0.000000 0.000000 -0.000000
106  5.969325 26.771208 -6.170671  0.000000 -0.000001 -1.570796
107  5.969322 32.597595 -6.170673  0.000000 -0.000001 -1.570796
108  5.969322 38.209396 -6.170684  0.000000 -0.000001 -1.570800
109  5.969323 49.488464 -6.170680  0.000000 -0.000001 -1.570800
110  -0.539087 -0.556810 -0.017363  -0.042462 2.681156 1.551919
111  -6.799121 -0.556808 0.818550  -0.272420 2.701993 1.452460
112  -4.615282 -0.556824 0.270329  -0.117230 2.684609 1.518878
113  -2.650966 -0.556807 0.063010  -0.042463 2.681158 1.551919
114  27.110340 1.284857 12.007548  0.000000 -0.000000 -0.000000
115  28.133430 1.284858 12.007548  0.000001 -0.000000 -0.000000
116  12.812889 2.241785 12.007551  0.000000 -0.000001 -0.000001
117  -9.955966 -0.319623 4.380213  -0.000001 -0.000000 -0.000001
118  -11.316473 -0.319625 4.380215  -0.000003 -0.000000 -0.000000
119  -12.667808 -0.319622 4.380216  -0.000003 -0.000000 0.000001
120  -14.022139 -0.319624 4.380215  0.000010 -0.000000 -0.000011
121  -15.373240 -0.319624 4.380214  0.000015 -0.000000 -0.000015
122  -16.724144 -0.319625 4.380213  -0.000009 -0.000000 0.000006
123  -18.074570 -0.319623 4.380213  -0.000006 -0.000000 0.000004
124  -19.423716 -0.319621 4.380214  0.000002 0.000000 -0.000004
125  -20.775272 -0.319623 4.380212  0.000003 0.000000 -0.000004
126  -22.126671 -0.319621 4.380214  0.000003 -0.000000 -0.000004
127  -23.478123 -0.319623 4.380214  0.000005 -0.000000 -0.000006
128  -24.830616 -0.319619 4.380215  0.000036 -0.000000 -0.000038
129  -26.182028 -0.319621 4.380215  -0.000011 0.000000 0.000011
130  0.529181 -0.167130 0.629484  -0.101270 -0.000000 0.000000
131  -0.211441 -0.241684 0.155361  -0.145847 -0.000000 0.000000
132  0.529192 -0.280703 -0.110292  -0.145847 -0.000000 -0.000000
133  -0.173924 -0.337326 -0.638495  -0.181751 -0.000000 0.000000
134  0.529191 -0.399246 -0.975391  -0.181751 -0.000000 0.000000
135  -0.211442 -0.464479 -1.431043  -0.192399 -0.000000 0.000000
136  0.529191 -0.515809 -1.694582  -0.192399 -0.000000 0.000000
137  -0.173927 -0.612153 -2.231910  -0.216703 -0.000000 0.000000
138  0.529190 -0.685808 -2.566440  -0.216703 -0.000000 -0.000000
139  -0.211442 -0.769562 -3.027871  -0.237349 -0.000000 0.000000
140  0.529188 -0.832689 -3.288846  -0.237349 -0.000000 -0.000000
141  -0.173936 -0.945283 -3.779564  -0.233859 0.000000 0.000000
142  0.529181 -1.024659 -4.112780  -0.233859 0.000000 0.000000
143  -0.211441 -1.132186 -4.577547  -0.262919 -0.000000 0.000000
144  0.529191 -1.201966 -4.836823  -0.262919 0.000000 0.000000
145  -0.000002 -2.810942 -10.636631  0.258454 0.000000 3.141592
146  -0.192452 -1.345779 -5.370045  -0.280373 0.000000 0.000000
147  0.533985 -1.413514 -5.605104  -0.276883 0.000000 0.000000
148  -0.206617 -1.795762 -6.909778  -0.287354 0.000000 0.000000
149  -0.205804 -1.564819 -6.138255  -0.290843 0.000000 0.000000
150  0.530461 -1.643676 -6.395215  -0.290844 0.000000 0.000000
151  0.535311 -1.790710 -7.204133  -0.287354 -0.000000 0.000000
152  -0.202701 -2.030487 -7.702832  -0.286180 -0.000000 0.000000
153  0.509550 -2.118896 -8.011623  -0.298398 -0.000000 0.000000
154  -0.202702 -2.255280 -8.465172  -0.283134 -0.000000 0.000000
155  0.509549 -2.352982 -8.771160  -0.295352 -0.000000 0.000000
156  -0.202703 -2.481596 -9.235470  -0.285437 -0.000000 0.000000
157  0.509550 -2.588683 -9.538639  -0.297654 -0.000000 0.000000
158  0.170125 -21.222094 -1.001142  -0.000001 -0.000001 0.000000
159  0.170124 -20.843868 -0.397182  -0.000001 -0.000001 0.000000
160  0.170125 -20.489746 -1.001142  -0.000001 -0.000001 0.000000
161  0.170128 -20.111067 -0.397181  -0.000001 -0.000001 0.000000
162  0.170126 -19.380091 -0.397185  -0.000001 -0.000001 0.000000
163  0.170126 -19.025108 -1.001143  -0.000001 -0.000001 0.000000
164  0.170128 -18.646664 -0.396446  -0.000001 -0.000001 0.000000
165  0.170126 -19.755760 -1.001143  -0.000001 -0.000001 0.000000
166  -0.015973 10.035405 1.098089  0.000000 -0.000000 -0.000000
167  -0.104318 -52.163570 4.437344  1.570735 -0.000061 -1.570735
168  0.064656 27.351347 72.195206  0.000000 -0.000000 -0.000000
169  6.064255 95.114029 31.645500  0.000000 -0.000001 1.570796
170  -0.103718 -26.907864 3.305350  0.000000 -0.000000 -1.570730
171  6.064255 69.096565 37.164322  1.570796 -0.000000 1.570797
172  1.974300 11.989234 4.589251  0.000000 -0.000000 -0.000000
173  1.941737 0.883633 4.309755  0.000000 -0.000000 -1.483524
174  -0.115678 1.104779 6.744194  0.000000 -0.000000 -0.000000
175  6.064256 89.329811 31.613914  0.000000 -0.000001 1.570796
176  0.059884 2.255383 54.398026  0.000000 -0.000000 -0.000000
177  0.003504 -22.270649 -0.000005  1.570735 -0.000061 -1.570735
178  0.104009 14.792244 1.530321  0.000000 -0.000000 -0.000000
179  3.000524 -2.985216 1.029102  2.067399 -0.085866 -1.929635
180  -2.951611 25.811050 -3.742302  -0.096365 0.008023 -1.450340
181  -2.662411 1.445784 33.628746  0.000487 3.141104 1.570796
182  8.352070 2.772897 0.000538  -3.140902 0.000003 -0.000001
183  -2.662409 1.445790 40.667969  0.000487 3.141104 1.570796
184  8.352071 2.772898 0.000541  -3.140902 0.000003 -0.000001
185  -1.431358 16.384781 4.137811  0.000001 -0.000000 0.000000
186  -0.001845 0.521684 -0.140291  0.000000 -0.000000 -0.000000
187  7.323108 -5.136189 -5.166238  0.000000 0.000000 -0.610865
188  2.698279 0.000002 0.000000  -0.000012 0.000000 0.000000
189  2.834159 0.000002 -0.000001  0.000013 0.000000 -0.000000
190  2.648919 0.000002 -0.000001  -0.000001 -0.000001 0.000000
191  2.667500 -0.000002 0.000001  0.000000 -0.000000 -0.000000
192  2.426700 -0.000004 0.000002  0.000000 -0.000000 -0.000000
193  -0.494740 -44.353447 -1.302296  1.570797 -0.000000 -1.570797
194  11.545931 73.768417 -3.792010  0.000000 -0.000000 -0.000000
195  -0.011104 -16.902813 1.952047  0.000001 -0.000000 -0.000000
196  -0.000003 0.000004 -1.529053  -0.000000 0.000000 0.000000
197  -0.078941 -0.000001 -0.000001  0.000000 0.000001 1.570796
198  0.097095 0.000001 -0.000001  -0.000000 -3.141592 1.570796
199  0.000000 0.000000 -0.000000  0.000000 -0.000000 -0.000000
200  -9.405686 -18.851461 -14.859748  -0.533090 0.222286 -0.602166
201  17.209881 -31.884153 -17.897251  1.582887 -0.076929 -0.990118
time 47
0  0 0 0  0 0 0
1  0.000000 0.000000 0.000000  0.000000 -0.000000 -0.000000
2  -0.000000 -0.000000 -55.423229  0.000000 -0.000000 -1.570730
3  -0.012872 0.000000 8.235027  -0.784749 -1.570710 -0.785986
4  16.163124 -0.010663 0.007211  -0.594297 0.000409 -0.000125
5  16.163132 -0.000000 3.830524  -1.333359 -0.199015 -2.456806
6  14.868229 0.000001 0.000001  -0.833975 0.692310 -1.657775
7  26.391945 -0.000006 -0.000002  -0.000000 0.000000 -1.382739
8  0.000002 0.000001 -0.000002  -0.135545 -0.000000 -0.000000
9  3.093519 -0.000003 -0.000002  -0.271163 -0.000000 -0.000000
10  6.187024 -0.000002 0.000000  -0.406741 -0.000000 -0.000000
11  9.280536 -0.000000 -0.000001  -0.542281 0.000000 -0.000000
12  12.374049 -0.000002 0.000000  -0.677904 -0.000000 -0.000000
13  15.467562 -0.000002 0.000000  -0.813467 -0.000000 -0.000000
14  18.561058 -0.000004 0.000000  -0.949067 -0.000000 -0.000000
15  21.654575 -0.000005 -0.000002  -2.880952 -0.423319 0.817020
16  1.410070 0.800541 -2.089134  1.926816 0.229617 0.446891
17  3.954706 -0.000001 0.000003  0.032650 -0.305879 0.082888
18  3.101567 -0.000002 0.000005  0.038488 -0.173200 0.020373
19  6.164461 -0.898146 2.575010  -0.464106 -0.015897 1.186542
20  2.805845 0.000003 -0.000001  0.000000 0.000000 0.521973
21  2.307440 0.000002 0.000002  -0.000000 0.000000 0.361287
22  7.145095 -0.676339 -1.382425  0.048305 -0.466031 0.179016
23  3.672213 -0.000003 -0.000000  0.000000 0.000000 1.094786
24  2.676521 0.000003 -0.000000  0.000000 -0.000000 0.976405
25  6.831179 -0.870862 0.599914  -0.198432 -0.274957 0.706750
26  3.657076 0.000002 -0.000001  0.000000 0.000000 1.196110
27  2.496794 0.000000 -0.000002  -0.000000 -0.000000 0.510610
28  7.183348 -0.532074 -3.267608  0.092002 -0.569205 -0.163901
29  3.511585 -0.000000 0.000002  -0.000000 -0.000000 0.459239
30  2.199414 -0.000003 -0.000001  0.000000 -0.000000 0.877656
31  16.163136 0.000000 -3.830527  0.703564 0.858106 -2.571306
32  14.868248 0.000000 0.000001  -0.203625 -0.163262 -1.882036
33  26.391966 -0.000001 0.000003  0.000000 0.000000 -1.647131
34  0.000000 -0.000000 -0.000000  0.126431 0.000000 -0.000000
35  3.093516 -0.000003 0.000000  0.252940 0.000000 0.000000
36  6.187022 0.000001 -0.000002  0.379420 0.000000 0.000000
37  9.280536 -0.000001 0.000001  0.505881 -0.000000 0.000000
38  12.374042 -0.000001 0.000000  0.632391 0.000000 -0.000000
39  15.467550 -0.000001 -0.000001  0.758821 0.000000 -0.000000
40  18.561066 -0.000000 -0.000001  0.885350 0.000000 0.000000
41  21.654568 -0.000000 0.000001  2.669453 -0.561177 -0.036858
42  1.410064 0.800530 2.089142  -1.966491 -0.287076 0.559263
43  3.954715 -0.000004 -0.000001  0.000000 -0.000000 0.375132
44  3.101565 -0.000003 0.000000  -0.000000 -0.000000 0.790793
45  7.183349 -0.532091 3.267619  0.052242 -0.011652 -0.158551
46  3.511587 -0.000000 0.000000  -0.000000 -0.000000 0.189253
47  2.199410 -0.000001 0.000001  0.000000 -0.000000 -0.104054
48  7.145096 -0.676347 1.382435  0.255424 0.283825 0.886075
49  3.672211 0.000001 0.000001  -0.000000 -0.000000 1.435616
50  2.676520 0.000000 0.000001  -0.000000 0.000000 1.062915
51  6.831169 -0.870866 -0.599910  0.339890 0.115856 1.057859
52  3.657084 0.000001 -0.000001  -0.000000 -0.000000 1.252192
53  2.496797 -0.000000 -0.000001  0.000000 0.000000 0.840195
54  6.164462 -0.898155 -2.575007  0.409526 -0.061317 1.152482
55  2.805844 0.000005 0.000001  0.000000 -0.000000 0.666009
56  2.307449 -0.000002 -0.000003  0.000000 -0.000000 0.844543
57  0.000000 0.000000 0.000000  0.000001 -0.000000 -0.000000
58  13.310712 -32.251373 -16.968790  0.175781 0.459845 0.952381
59  0.000004 -19.069471 4.681038  -0.000000 -0.000000 -0.000000
60  1.986523 0.000018 -3.123735  -2.705260 -0.000000 -1.570797
61  -1.986693 0.000019 -3.123744  0.436333 0.000001 1.570797
62  -0.000000 0.000001 0.000001  -0.000000 -0.000000 -0.000000
63  -1.530659 0.861426 -3.109956  0.392682 0.000010 1.570745
64  -11.344161 1.135886 0.869260  0.000329 -0.024963 -0.026314
65  1.907532 0.861418 -2.954429  -0.392858 -0.000004 1.570778
66  -11.350047 -0.729406 0.864868  0.000154 -0.025335 0.026430
67  1.754238 4.036763 -1.682667  0.392549 -0.010099 -1.546344
68  -1.755144 4.036762 -1.682669  -0.392547 -0.010382 -1.594901
69  -0.164557 5.734784 5.880444  0.000000 -0.000000 -1.570730
70  1.203548 5.503725 4.339430  -0.000000 -0.000000 -0.000000
71  -1.260176 5.668899 5.788550  0.070161 -0.418898 2.970131
72  1.185471 17.272329 1.821941  -0.000000 -0.000000 -0.000000
73  0.060220 10.324436 74.469048  -0.000000 -0.000000 -0.000000
74  0.052676 -3.972625 3.515845  1.570735 -0.000061 -1.570735
75  4.804182 -3.856467 -0.006879  -0.000000 0.000000 0.000000
76  -6.013988 -4.624460 -0.000001  0.000000 0.000000 0.000000
77  -65.574104 -37.156052 0.002934  -0.786983 1.570710 0.783753
78  1.602682 -3.785216 0.003048  -0.786679 1.570710 0.783509
79  11.681370 -1.114743 -1.027845  -0.784788 1.570710 0.785337
80  19.766775 -3.800925 -0.000002  -0.000000 0.000000 -0.000000
81  3.258438 5.856955 -3.403524  -0.000000 -0.000000 -0.000000
82  15.153047 5.860580 -3.403520  0.000000 -0.000000 0.000000
83  6.064260 77.294945 36.365791  1.570796 -0.000000 1.570796
84  -2.662414 1.445757 40.667950  -0.000000 3.141591 1.570796
85  8.352064 2.772897 0.000541  -3.141589 0.000002 0.000000
86  6.064258 72.973686 32.593246  1.570796 -0.000000 1.570796
87  -0.113677 5.957340 -0.188893  -0.000000 -0.000000 -0.000000
88  0.097226 0.210964 3.469588  -0.000000 -0.000000 -0.000000
89  0.000000 1.310211 0.000001  0.000000 -0.000000 0.000000
90  -0.000002 0.582260 0.000001  0.000000 -0.000000 0.000000
91  0.036297 1.284882 7.928799  0.000000 -0.000001 0.000000
92  -0.000002 1.310213 -0.000001  0.000000 -0.000000 0.000000
93  -0.000002 0.582260 -0.000001  0.000000 -0.000000 0.000000
94  5.969323 3.427459 -6.170648  -0.000000 -0.000001 -1.570797
95  -1.310210 0.000001 -0.000001  0.000000 -0.000000 -0.000000
96  -0.582259 0.000001 -0.000001  0.000000 0.000000 -0.000000
97  5.969324 9.397399 -6.170655  -0.000000 -0.000001 -1.570796
98  -1.310212 -0.000001 -0.000000  0.000000 0.000000 -0.000000
99  -0.582260 -0.000002 -0.000002  0.000000 0.000000 -0.000000
100  5.969323 15.223768 -6.170669  0.000000 -0.000001 -1.570796
101  -1.310211 0.000003 0.000001  -0.000000 0.000000 -0.000000
102  -0.582259 0.000001 0.000002  -0.000000 0.000000 -0.000000
103  5.969322 20.835567 -6.170668  0.000000 -0.000001 -1.570796
104  -1.310210 0.000002 0.000000  -0.000000 0.000000 -0.000000
105  -0.582259 0.000000 0.000004  -0.000000 0.000000 -0.000000
106  5.969324 26.771204 -6.170671  0.000000 -0.000001 -1.570796
107  5.969324 32.597591 -6.170671  0.000000 -0.000001 -1.570796
108  5.969323 38.209393 -6.170683  0.000000 -0.000001 -1.570800
109  5.969327 49.488457 -6.170680  0.000000 -0.000001 -1.570800
110  -0.539089 -0.556809 -0.017362  -0.042462 2.681156 1.551919
111  -6.799125 -0.556808 0.818551  -0.272420 2.701993 1.452460
112  -4.615282 -0.556821 0.270330  -0.117230 2.684609 1.518878
113  -2.650969 -0.556807 0.063013  -0.042463 2.681158 1.551919
114  27.110336 1.284857 12.007548  -0.000000 -0.000000 0.000000
115  28.133423 1.284857 12.007547  0.000001 -0.000000 0.000000
116  12.812885 2.241786 12.007548  0.000000 -0.000001 -0.000001
117  -9.955966 -0.319622 4.380215  -0.000001 -0.000000 -0.000001
118  -11.316471 -0.319621 4.380217  -0.000003 -0.000000 -0.000000
119  -12.667810 -0.319623 4.380216  -0.000003 -0.000000 0.000001
120  -14.022141 -0.319623 4.380216  0.000010 -0.000000 -0.000011
121  -15.373240 -0.319621 4.380215  0.000015 -0.000000 -0.000015
122  -16.724142 -0.319622 4.380214  -0.000009 -0.000000 0.000006
123  -18.074572 -0.319621 4.380214  -0.000006 -0.000000 0.000004
124  -19.423716 -0.319621 4.380214  0.000002 0.000000 -0.000004
125  -20.775270 -0.319620 4.380214  0.000003 0.000000 -0.000004
126  -22.126669 -0.319618 4.380217  0.000003 -0.000000 -0.000004
127  -23.478121 -0.319619 4.380215  0.000005 -0.000000 -0.000006
128  -24.830618 -0.319618 4.380215  0.000036 -0.000000 -0.000038
129  -26.182028 -0.319619 4.380216  -0.000011 -0.000000 0.000011
130  0.529180 -0.167130 0.629485  -0.101270 -0.000000 0.000000
131  -0.211443 -0.241683 0.155363  -0.145847 -0.000000 0.000000
132  0.529190 -0.280701 -0.110293  -0.145847 -0.000000 -0.000000
133  -0.173927 -0.337326 -0.638494  -0.181751 -0.000000 0.000000
134  0.529189 -0.399246 -0.975393  -0.181751 -0.000000 0.000000
135  -0.211444 -0.464478 -1.431041  -0.192399 -0.000000 0.000000
136  0.529187 -0.515808 -1.694581  -0.192399 -0.000000 0.000000
137  -0.173930 -0.612151 -2.231909  -0.216703 -0.000000 0.000000
138  0.529186 -0.685806 -2.566438  -0.216703 -0.000000 -0.000000
139  -0.211446 -0.769562 -3.027870  -0.237349 -0.000000 0.000000
140  0.529190 -0.832687 -3.288845  -0.237349 -0.000000 -0.000000
141  -0.173939 -0.945282 -3.779560  -0.233859 0.000000 0.000000
142  0.529177 -1.024658 -4.112778  -0.233859 0.000000 0.000000
143  -0.211442 -1.132185 -4.577545  -0.262919 -0.000000 0.000000
144  0.529188 -1.201966 -4.836823  -0.262919 0.000000 0.000000
145  -0.000004 -2.810942 -10.636628  0.258454 0.000000 3.141592
146  -0.192456 -1.345778 -5.370043  -0.280373 0.000000 0.000000
147  0.533983 -1.413513 -5.605102  -0.276883 0.000000 0.000000
148  -0.206616 -1.795758 -6.909776  -0.287354 0.000000 0.000000
149  -0.205805 -1.564819 -6.138255  -0.290843 0.000000 0.000000
150  0.530460 -1.643676 -6.395213  -0.290844 0.000000 0.000000
151  0.535312 -1.790710 -7.204130  -0.287354 -0.000000 0.000000
152  -0.202704 -2.030486 -7.702826  -0.286180 -0.000000 0.000000
153  0.509548 -2.118895 -8.011622  -0.298398 -0.000000 0.000000
154  -0.202703 -2.255278 -8.465169  -0.283134 -0.000000 0.000000
155  0.509548 -2.352980 -8.771155  -0.295352 -0.000000 0.000000
156  -0.202702 -2.481595 -9.235468  -0.285437 -0.000000 0.000000
157  0.509547 -2.588685 -9.538637  -0.297654 -0.000000 0.000000
158  0.170122 -21.222086 -1.001138  -0.000001 -0.000001 0.000000
159  0.170122 -20.843863 -0.397182  -0.000001 -0.000001 0.000000
160  0.170120 -20.489744 -1.001139  -0.000001 -0.000001 0.000000
161  0.170122 -20.111067 -0.397182  -0.000001 -0.000001 0.000000
162  0.170121 -19.380087 -0.397187  -0.000001 -0.000001 0.000000
163  0.170120 -19.025108 -1.001146  -0.000001 -0.000001 0.000000
164  0.170122 -18.646658 -0.396447  -0.000001 -0.000001 0.000000
165  0.170124 -19.755756 -1.001141  -0.000001 -0.000001 0.000000
166  -0.015974 10.035402 1.098090  -0.000000 -0.000000 -0.000000
167  -0.104326 -52.163570 4.437342  1.570735 -0.000061 -1.570735
168  0.064653 27.351345 72.195198  -0.000000 -0.000000 -0.000000
169  6.064262 95.114006 31.645493  -0.000000 -0.000001 1.570796
170  -0.103711 -26.907862 3.305358  0.000000 -0.000000 -1.570730
171  6.064260 69.096550 37.164314  1.570796 -0.000000 1.570796
172  1.974305 11.989234 4.589252  0.000000 -0.000000 -0.000000
173  1.941738 0.883629 4.309756  0.000000 0.000000 -1.483525
174  -0.115680 1.104778 6.744191  -0.000000 -0.000000 -0.000000
175  6.064266 89.329796 31.613913  -0.000000 -0.000001 1.570796
176  0.059883 2.255382 54.398010  -0.000000 -0.000000 -0.000000
177  0.003492 -22.270645 -0.000008  1.570735 -0.000061 -1.570735
178  0.104011 14.792242 1.530321  -0.000000 -0.000000 -0.000000
179  3.000522 -2.985217 1.029102  2.067399 -0.085866 -1.929635
180  -2.951612 25.811047 -3.742302  -0.096365 0.008023 -1.450340
181  -2.662413 1.445785 33.628738  0.000487 3.141104 1.570796
182  8.352070 2.772896 0.000539  -3.140902 0.000003 -0.000001
183  -2.662411 1.445791 40.667961  0.000487 3.141104 1.570796
184  8.352066 2.772901 0.000538  -3.140902 0.000003 -0.000001
185  -1.431355 16.384779 4.137812  0.000001 -0.000000 0.000000
186  -0.001843 0.521684 -0.140288  0.000000 -0.000000 -0.000000
187  7.323108 -5.136189 -5.166235  0.000000 0.000000 -0.610865
188  2.698277 -0.000002 0.000000  -0.000012 0.000000 0.000000
189  2.834158 0.000000 0.000003  0.000013 0.000000 -0.000000
190  2.648916 -0.000006 0.000001  -0.000001 -0.000001 0.000000
191  2.667501 -0.000004 0.000000  0.000000 -0.000000 -0.000000
192  2.426703 -0.000000 -0.000001  0.000000 0.000000 -0.000000
193  -0.494746 -44.353439 -1.302298  1.570797 0.000000 -1.570797
194  11.545946 73.768410 -3.792005  0.000000 -0.000000 -0.000000
195  -0.011102 -16.902809 1.952049  0.000001 -0.000000 -0.000000
196  0.000001 0.000003 -1.529050  -0.000000 -0.000000 0.000000
197  -0.078945 -0.000005 0.000001  0.000000 0.000001 1.570796
198  0.097090 -0.000005 0.000001  -0.000000 -3.141592 1.570796
199  0.000000 0.000000 -0.000000  0.000000 -0.000000 -0.000000
200  -9.244302 -18.994968 -14.915756  -0.543040 0.217702 -0.590535
201  17.542013 -31.691021 -17.859657  1.575578 -0.084803 -0.975705
time 48
0  0 0 0  0 0 0
1  0.000000 0.000000 0.000000  0.000000 -0.000000 -0.000000
2  -0.000000 -0.000000 -55.423229  0.000000 -0.000000 -1.570730
3  -0.012872 0.000000 8.235027  -0.784749 -1.570710 -0.785986
4  16.163124 -0.010663 0.007211  -0.594297 0.000409 -0.000125
5  16.163132 -0.000000 3.830524  -1.333359 -0.199015 -2.456806
6  14.868229 0.000001 0.000001  -0.833914 0.689045 -1.650319
7  26.391945 -0.000003 -0.000001  -0.000000 0.000000 -1.389562
8  -0.000000 -0.000005 -0.000002  -0.135606 -0.000000 -0.000000
9  3.093516 -0.000004 -0.000001  -0.271286 -0.000000 -0.000000
10  6.187022 -0.000006 -0.000002  -0.406928 -0.000000 -0.000000
11  9.280534 -0.000007 -0.000001  -0.542534 0.000000 -0.000000
12  12.374047 -0.000006 0.000000  -0.678228 -0.000000 -0.000000
13  15.467560 -0.000006 0.000000  -0.813866 -0.000000 -0.000000
14  18.561060 -0.000010 0.000000  -0.949478 -0.000000 -0.000000
15  21.654572 -0.000009 0.000002  -2.883625 -0.425595 0.809800
16  1.410070 0.800539 -2.089132  1.926816 0.229617 0.446891
17  3.954707 -0.000000 0.000003  0.032650 -0.305879 0.082888
18  3.101565 -0.000001 0.000002  0.038488 -0.173200 0.020373
19  6.164459 -0.898149 2.575011  -0.464106 -0.015897 1.186542
20  2.805845 0.000001 0.000001  -0.000000 -0.000000 0.521973
21  2.307443 0.000001 0.000000  0.000000 0.000000 0.361287
22  7.145092 -0.676339 -1.382425  0.048305 -0.466031 0.179016
23  3.672219 0.000004 -0.000001  0.000000 0.000000 1.094786
24  2.676519 -0.000002 0.000003  -0.000000 -0.000000 0.976405
25  6.831180 -0.870861 0.599920  -0.198432 -0.274957 0.706750
26  3.657074 0.000005 -0.000000  0.000000 0.000000 1.196110
27  2.496794 0.000002 -0.000001  -0.000000 -0.000000 0.510610
28  7.183347 -0.532076 -3.267605  0.092002 -0.569205 -0.163901
29  3.511591 -0.000001 0.000004  -0.000000 -0.000000 0.459239
30  2.199419 -0.000002 -0.000000  0.000000 -0.000000 0.877656
31  16.163136 0.000000 -3.830527  0.703564 0.858106 -2.571306
32  14.868248 0.000000 0.000001  -0.206058 -0.167978 -1.886578
33  26.391970 0.000000 0.000005  0.000000 0.000000 -1.641033
34  -0.000001 0.000001 -0.000002  0.124535 0.000000 -0.000000
35  3.093512 0.000000 -0.000004  0.249064 -0.000000 0.000000
36  6.187020 0.000001 -0.000003  0.373579 0.000000 0.000000
37  9.280535 0.000002 -0.000001  0.498130 -0.000000 -0.000000
38  12.374041 0.000002 -0.000003  0.622638 -0.000000 -0.000000
39  15.467550 0.000001 -0.000002  0.747203 -0.000000 -0.000000
40  18.561064 0.000001 -0.000002  0.871727 -0.000000 0.000000
41  21.654564 0.000000 -0.000002  2.656338 -0.553466 -0.045675
42  1.410064 0.800532 2.089144  -1.966491 -0.287076 0.559263
43  3.954715 0.000000 -0.000000  0.000000 0.000000 0.375132
44  3.101564 -0.000002 -0.000000  -0.000000 -0.000000 0.790793
45  7.183349 -0.532088 3.267621  0.052242 -0.011652 -0.158551
46  3.511587 -0.000002 -0.000000  0.000000 -0.000000 0.189253
47  2.199408 0.000001 -0.000001  0.000000 0.000000 -0.104054
48  7.145095 -0.676345 1.382437  0.255424 0.283825 0.886075
49  3.672209 0.000001 0.000000  -0.000000 -0.000000 1.435616
50  2.676522 0.000000 -0.000000  0.000000 -0.000000 1.062915
51  6.831169 -0.870865 -0.599908  0.339890 0.115856 1.057859
52  3.657083 -0.000002 0.000003  -0.000000 -0.000000 1.252193
53  2.496797 -0.000003 -0.000001  0.000000 0.000000 0.840195
54  6.164460 -0.898152 -2.575004  0.409526 -0.061317 1.152482
55  2.805843 0.000003 0.000003  0.000000 0.000000 0.666009
56  2.307453 -0.000002 -0.000001  0.000000 -0.000000 0.844543
57  0.000000 0.000000 0.000000  0.000001 -0.000000 -0.000000
58  13.597203 -32.136810 -16.979967  0.170642 0.471539 0.962148
59  0.000005 -19.069481 4.681041  0.000000 0.000000 0.000000
60  1.986526 0.000020 -3.123736  -2.705260 -0.000000 -1.570797
61  -1.986687 0.000020 -3.123745  0.436333 0.000001 1.570797
62  0.000003 0.000003 -0.000001  0.000000 0.000000 0.000000
63  -1.530655 0.861427 -3.109960  0.392682 0.000010 1.570745
64  -11.344165 1.135896 0.869270  0.000328 -0.024963 -0.026314
65  1.907536 0.861418 -2.954432  -0.392858 -0.000004 1.570778
66  -11.350043 -0.729404 0.864871  0.000154 -0.025335 0.026430
67  1.754241 4.036763 -1.682669  0.392549 -0.010099 -1.546344
68  -1.755139 4.036764 -1.682669  -0.392547 -0.010382 -1.594901
69  -0.164557 5.734783 5.880444  -0.000000 -0.000000 -1.570730
70  1.203548 5.503726 4.339429  0.000000 0.000000 0.000000
71  -1.260175 5.668900 5.788550  0.070161 -0.418898 2.970131
72  1.185470 17.272333 1.821941  0.000000 0.000000 0.000000
73  0.060219 10.324435 74.469055  0.000000 0.000000 0.000000
74  0.052677 -3.972622 3.515851  1.570735 -0.000061 -1.570735
75  4.804185 -3.856465 -0.006877  -0.000000 0.000000 -0.000000
76  -6.013986 -4.624458 -0.000001  0.000000 0.000000 -0.000000
77  -65.574097 -37.156044 0.002936  -0.787348 1.570710 0.784240
78  1.602683 -3.785213 0.003049  -0.786800 1.570710 0.784849
79  11.681371 -1.114739 -1.027851  -0.785520 1.570710 0.786130
80  19.766773 -3.800922 0.000005  -0.000000 0.000000 -0.000000
81  3.258440 5.856956 -3.403523  -0.000000 -0.000000 -0.000000
82  15.153046 5.860581 -3.403520  0.000000 -0.000000 0.000000
83  6.064257 77.294952 36.365795  1.570796 -0.000000 1.570796
84  -2.662413 1.445755 40.667957  -0.000000 3.141591 1.570796
85  8.352065 2.772899 0.000545  -3.141589 0.000002 0.000000
86  6.064259 72.973694 32.593250  1.570796 -0.000000 1.570796
87  -0.113676 5.957335 -0.188894  0.000000 0.000000 0.000000
88  0.097223 0.210963 3.469585  0.000000 0.000000 0.000000
89  0.000000 1.310212 0.000000  0.000000 0.000000 0.000000
90  -0.000001 0.582262 0.000000  0.000000 0.000000 0.000000
91  0.036297 1.284880 7.928797  0.000000 -0.000001 0.000000
92  0.000002 1.310213 -0.000000  0.000000 0.000000 0.000000
93  0.000001 0.582261 -0.000000  0.000000 0.000000 0.000000
94  5.969320 3.427459 -6.170653  -0.000000 -0.000001 -1.570796
95  -1.310211 0.000000 0.000001  0.000000 0.000000 -0.000000
96  -0.582260 -0.000000 0.000001  0.000000 0.000000 -0.000000
97  5.969321 9.397398 -6.170661  -0.000000 -0.000001 -1.570796
98  -1.310213 0.000001 0.000000  0.000000 0.000000 -0.000000
99  -0.582262 -0.000000 0.000002  0.000000 0.000000 -0.000000
100  5.969321 15.223770 -6.170671  -0.000000 -0.000001 -1.570796
101  -1.310210 0.000003 0.000001  -0.000000 0.000000 -0.000000
102  -0.582259 0.000002 0.000000  -0.000000 0.000000 -0.000000
103  5.969321 20.835569 -6.170671  -0.000000 -0.000001 -1.570796
104  -1.310211 0.000002 0.000001  -0.000000 0.000000 -0.000000
105  -0.582261 0.000001 0.000003  -0.000000 0.000000 -0.000000
106  5.969323 26.771206 -6.170672  -0.000000 -0.000001 -1.570796
107  5.969322 32.597595 -6.170675  -0.000000 -0.000001 -1.570796
108  5.969322 38.209396 -6.170686  0.000000 -0.000001 -1.570800
109  5.969321 49.488461 -6.170683  0.000000 -0.000001 -1.570800
110  -0.539090 -0.556808 -0.017364  -0.042462 2.681156 1.551919
111  -6.799124 -0.556805 0.818549  -0.272420 2.701993 1.452460
112  -4.615284 -0.556822 0.270327  -0.117230 2.684609 1.518878
113  -2.650970 -0.556808 0.063009  -0.042463 2.681158 1.551919
114  27.110336 1.284856 12.007547  0.000000 -0.000000 -0.000000
115  28.133425 1.284857 12.007546  0.000001 -0.000000 -0.000000
116  12.812885 2.241785 12.007547  0.000000 -0.000001 -0.000001
117  -9.955969 -0.319623 4.380212  -0.000001 -0.000000 -0.000001
118  -11.316473 -0.319623 4.380213  -0.000003 -0.000000 -0.000000
119  -12.667810 -0.319622 4.380214  -0.000003 -0.000000 0.000001
120  -14.022141 -0.319622 4.380214  0.000010 -0.000000 -0.000011
121  -15.373241 -0.319623 4.380212  0.000015 -0.000000 -0.000015
122  -16.724142 -0.319622 4.380214  -0.000009 -0.000000 0.000006
123  -18.074574 -0.319622 4.380213  -0.000006 0.000000 0.000004
124  -19.423719 -0.319622 4.380213  0.000002 0.000000 -0.000004
125  -20.775272 -0.319621 4.380213  0.000003 0.000000 -0.000004
126  -22.126671 -0.319621 4.380213  0.000003 -0.000000 -0.000004
127  -23.478121 -0.319619 4.380214  0.000005 -0.000000 -0.000006
128  -24.830622 -0.319620 4.380213  0.000036 0.000000 -0.000038
129  -26.182030 -0.319621 4.380213  -0.000011 0.000000 0.000011
130  0.529179 -0.167129 0.629483  -0.101270 -0.000000 0.000000
131  -0.211445 -0.241683 0.155360  -0.145847 -0.000000 0.000000
132  0.529188 -0.280700 -0.110294  -0.145847 -0.000000 -0.000000
133  -0.173927 -0.337326 -0.638497  -0.181751 -0.000000 0.000000
134  0.529188 -0.399246 -0.975395  -0.181751 -0.000000 0.000000
135  -0.211444 -0.464477 -1.431044  -0.192399 -0.000000 0.000000
136  0.529191 -0.515809 -1.694586  -0.192399 -0.000000 0.000000
137  -0.173929 -0.612150 -2.231913  -0.216703 -0.000000 0.000000
138  0.529186 -0.685806 -2.566442  -0.216703 -0.000000 -0.000000
139  -0.211448 -0.769562 -3.027872  -0.237349 -0.000000 0.000000
140  0.529189 -0.832686 -3.288848  -0.237349 -0.000000 -0.000000
141  -0.173938 -0.945282 -3.779567  -0.233859 0.000000 0.000000
142  0.529177 -1.024658 -4.112781  -0.233859 0.000000 -0.000000
143  -0.211445 -1.132187 -4.577551  -0.262919 -0.000000 0.000000
144  0.529188 -1.201965 -4.836826  -0.262919 0.000000 -0.000000
145  -0.000006 -2.810942 -10.636631  0.258454 -0.000000 3.141592
146  -0.192457 -1.345779 -5.370049  -0.280373 0.000000 0.000000
147  0.533983 -1.413512 -5.605107  -0.276883 0.000000 0.000000
148  -0.206620 -1.795760 -6.909782  -0.287354 0.000000 0.000000
149  -0.205806 -1.564818 -6.138258  -0.290843 0.000000 0.000000
150  0.530458 -1.643674 -6.395216  -0.290844 0.000000 0.000000
151  0.535312 -1.790709 -7.204134  -0.287354 -0.000000 0.000000
152  -0.202704 -2.030487 -7.702832  -0.286180 -0.000000 0.000000
153  0.509546 -2.118897 -8.011626  -0.298398 -0.000000 0.000000
154  -0.202706 -2.255279 -8.465173  -0.283134 -0.000000 0.000000
155  0.509547 -2.352979 -8.771161  -0.295352 -0.000000 0.000000
156  -0.202705 -2.481596 -9.235474  -0.285437 -0.000000 0.000000
157  0.509547 -2.588681 -9.538639  -0.297654 -0.000000 0.000000
158  0.170125 -21.222092 -1.001143  -0.000001 -0.000001 0.000000
159  0.170120 -20.843864 -0.397184  -0.000001 -0.000001 0.000000
160  0.170124 -20.489744 -1.001142  -0.000001 -0.000001 0.000000
161  0.170122 -20.111069 -0.397185  -0.000001 -0.000001 0.000000
162  0.170119 -19.380087 -0.397188  -0.000001 -0.000001 0.000000
163  0.170122 -19.025108 -1.001147  -0.000001 -0.000001 0.000000
164  0.170122 -18.646658 -0.396448  -0.000001 -0.000001 0.000000
165  0.170122 -19.755758 -1.001143  -0.000001 -0.000001 0.000000
166  -0.015975 10.035405 1.098090  0.000000 0.000000 0.000000
167  -0.104322 -52.163574 4.437346  1.570735 -0.000061 -1.570735
168  0.064656 27.351341 72.195206  0.000000 0.000000 0.000000
169  6.064259 95.114014 31.645500  0.000000 -0.000001 1.570796
170  -0.103720 -26.907867 3.305353  -0.000000 -0.000000 -1.570730
171  6.064256 69.096558 37.164318  1.570796 -0.000000 1.570796
172  1.974303 11.989234 4.589250  0.000000 0.000000 0.000000
173  1.941734 0.883631 4.309754  0.000000 0.000000 -1.483525
174  -0.115677 1.104779 6.744192  0.000000 0.000000 0.000000
175  6.064261 89.329803 31.613916  0.000000 -0.000001 1.570796
176  0.059887 2.255379 54.398022  0.000000 0.000000 0.000000
177  0.003495 -22.270649 0.000002  1.570735 -0.000061 -1.570735
178  0.104010 14.792243 1.530319  0.000000 0.000000 0.000000
179  3.000526 -2.985215 1.029100  2.067399 -0.085866 -1.929635
180  -2.951612 25.811052 -3.742302  -0.096365 0.008023 -1.450340
181  -2.662413 1.445784 33.628742  0.000487 3.141104 1.570796
182  8.352068 2.772894 0.000540  -3.140902 0.000003 -0.000001
183  -2.662411 1.445788 40.667973  0.000487 3.141104 1.570796
184  8.352067 2.772894 0.000540  -3.140902 0.000003 -0.000001
185  -1.431356 16.384781 4.137812  0.000001 0.000000 0.000000
186  -0.001844 0.521685 -0.140291  0.000000 0.000000 0.000000
187  7.323109 -5.136189 -5.166238  0.000000 0.000000 -0.610865
188  2.698281 -0.000003 -0.000004  -0.000012 0.000000 0.000000
189  2.834158 -0.000000 0.000005  0.000013 0.000000 0.000000
190  2.648917 -0.000001 0.000002  -0.000001 -0.000001 0.000000
191  2.667497 -0.000003 -0.000001  -0.000000 0.000000 0.000000
192  2.426704 -0.000003 0.000000  0.000000 0.000000 -0.000000
193  -0.494746 -44.353447 -1.302299  1.570797 0.000000 -1.570797
194  11.545937 73.768417 -3.792010  0.000000 0.000000 0.000000
195  -0.011103 -16.902813 1.952046  0.000001 0.000000 0.000000
196  0.000000 0.000002 -1.529050  -0.000000 -0.000000 -0.000000
197  -0.078942 0.000005 0.000000  0.000000 0.000001 1.570796
198  0.097093 0.000002 -0.000002  -0.000000 -3.141592 1.570796
199  0.000000 0.000000 -0.000000  0.000000 -0.000000 -0.000000
200  -9.110741 -19.128906 -15.018737  -0.555132 0.213408 -0.581082
201  17.817207 -31.536520 -17.890713  1.566092 -0.093205 -0.962785
time 49
0  0 0 0  0 0 0
1  0.000000 0.000000 0.000000  0.000000 -0.000000 -0.000000
2  -0.000000 -0.000000 -55.423229  0.000000 -0.000000 -1.570730
3  -0.012872 0.000000 8.235027  -0.784749 -1.570710 -0.785986
4  16.163124 -0.010663 0.007211  -0.594297 0.000409 -0.000125
5  16.163132 -0.000000 3.830524  -1.333359 -0.199015 -2.456806
6  14.868229 0.000001 0.000001  -0.832201 0.687892 -1.641514
7  26.391945 0.000000 -0.000001  -0.000000 0.000000 -1.395449
8  -0.000001 0.000006 -0.000000  -0.135973 -0.000000 -0.000000
9  3.093518 0.000001 -0.000000  -0.271964 -0.000000 -0.000000
10  6.187023 -0.000001 -0.000000  -0.407987 -0.000000 -0.000000
11  9.280532 -0.000000 0.000000  -0.543928 -0.000000 -0.000000
12  12.374048 0.000001 0.000001  -0.679976 -0.000000 -0.000000
13  15.467560 -0.000003 -0.000000  -0.815927 -0.000000 -0.000000
14  18.561062 -0.000004 0.000001  -0.951949 -0.000000 -0.000000
15  21.654573 -0.000003 0.000002  -2.888263 -0.426855 0.799986
16  1.410066 0.800539 -2.089135  1.926816 0.229617 0.446891
17  3.954708 0.000001 0.000004  0.032650 -0.305879 0.082888
18  3.101567 -0.000005 0.000001  0.038488 -0.173200 0.020373
19  6.164460 -0.898151 2.575010  -0.464106 -0.015897 1.186542
20  2.805845 -0.000003 -0.000002  0.000000 -0.000000 0.521973
21  2.307441 0.000004 0.000000  -0.000000 0.000000 0.361287
22  7.145092 -0.676339 -1.382429  0.048305 -0.466031 0.179016
23  3.672214 0.000002 -0.000001  0.000000 0.000000 1.094786
24  2.676517 0.000005 0.000001  0.000000 -0.000000 0.976405
25  6.831178 -0.870863 0.599912  -0.198432 -0.274957 0.706750
26  3.657074 0.000003 -0.000001  0.000000 0.000000 1.196110
27  2.496794 0.000003 0.000000  -0.000000 -0.000000 0.510610
28  7.183347 -0.532077 -3.267609  0.092002 -0.569205 -0.163901
29  3.511589 0.000002 0.000003  -0.000000 -0.000000 0.459239
30  2.199414 0.000005 0.000002  0.000000 -0.000000 0.877656
31  16.163136 0.000000 -3.830527  0.703564 0.858106 -2.571306
32  14.868248 0.000000 0.000001  -0.209942 -0.173557 -1.889118
33  26.391970 -0.000003 0.000001  0.000000 0.000000 -1.636742
34  0.000002 -0.000002 -0.000002  0.122333 0.000000 -0.000000
35  3.093513 -0.000002 -0.000001  0.244697 0.000000 0.000000
36  6.187022 -0.000002 0.000000  0.367059 0.000000 0.000000
37  9.280536 -0.000002 0.000002  0.489444 -0.000000 0.000000
38  12.374040 -0.000001 0.000001  0.611811 0.000000 -0.000000
39  15.467548 0.000000 0.000000  0.734173 0.000000 0.000000
40  18.561066 0.000000 0.000002  0.856536 0.000000 0.000000
41  21.654566 -0.000003 0.000000  2.639309 -0.545561 -0.050776
42  1.410064 0.800528 2.089143  -1.966491 -0.287076 0.559263
43  3.954715 -0.000001 -0.000003  0.000000 0.000000 0.375132
44  3.101564 -0.000001 -0.000000  -0.000000 0.000000 0.790793
45  7.183349 -0.532090 3.267621  0.052242 -0.011652 -0.158551
46  3.511587 -0.000000 0.000001  -0.000000 0.000000 0.189253
47  2.199409 0.000001 0.000002  -0.000000 -0.000000 -0.104054
48  7.145096 -0.676346 1.382436  0.255424 0.283825 0.886075
49  3.672212 -0.000001 -0.000001  -0.000000 -0.000000 1.435616
50  2.676521 0.000000 -0.000001  -0.000000 0.000000 1.062915
51  6.831169 -0.870868 -0.599907  0.339890 0.115856 1.057859
52  3.657084 -0.000000 -0.000002  -0.000000 -0.000000 1.252192
53  2.496797 -0.000002 -0.000003  0.000000 0.000000 0.840195
54  6.164460 -0.898154 -2.575004  0.409526 -0.061316 1.152482
55  2.805842 0.000000 -0.000002  0.000000 0.000000 0.666009
56  2.307450 -0.000000 0.000001  0.000000 0.000000 0.844543
57  0.000000 0.000000 0.000000  0.000001 -0.000000 -0.000000
58  13.835947 -32.053085 -17.072565  0.165991 0.484321 0.969845
59  0.000002 -19.069479 4.681026  0.000000 -0.000000 0.000000
60  1.986523 0.000017 -3.123739  -2.705260 -0.000000 -1.570797
61  -1.986691 0.000017 -3.123746  0.436333 0.000001 1.570797
62  0.000000 0.000002 -0.000002  0.000000 -0.000000 0.000000
63  -1.530659 0.861423 -3.109962  0.392682 0.000010 1.570745
64  -11.344172 1.135887 0.869263  0.000328 -0.024963 -0.026314
65  1.907529 0.861414 -2.954431  -0.392858 -0.000004 1.570778
66  -11.350050 -0.729405 0.864870  0.000154 -0.025335 0.026430
67  1.754237 4.036759 -1.682669  0.392549 -0.010099 -1.546344
68  -1.755144 4.036760 -1.682667  -0.392547 -0.010382 -1.594901
69  -0.164558 5.734783 5.880444  0.000000 -0.000000 -1.570730
70  1.203546 5.503723 4.339429  0.000000 -0.000000 0.000000
71  -1.260174 5.668900 5.788551  0.070161 -0.418898 2.970131
72  1.185470 17.272333 1.821943  0.000000 -0.000000 0.000000
73  0.060212 10.324438 74.469063  0.000000 -0.000000 0.000000
74  0.052673 -3.972627 3.515847  1.570735 -0.000061 -1.570735
75  4.804188 -3.856464 -0.006875  -0.000000 0.000000 0.000000
76  -6.013983 -4.624457 0.000000  0.000000 0.000000 0.000000
77  -65.574081 -37.156044 0.002939  -0.786922 1.570710 0.784362
78  1.602685 -3.785214 0.003050  -0.786923 1.570710 0.785642
79  11.681374 -1.114738 -1.027849  -0.785337 1.570710 0.786375
80  19.766775 -3.800921 0.000000  -0.000000 -0.000000 0.000000
81  3.258441 5.856955 -3.403522  -0.000000 -0.000000 -0.000000
82  15.153049 5.860580 -3.403518  0.000000 -0.000000 -0.000000
83  6.064256 77.294945 36.365795  1.570796 -0.000000 1.570796
84  -2.662414 1.445755 40.667953  -0.000000 3.141591 1.570796
85  8.352065 2.772896 0.000540  -3.141589 0.000002 -0.000000
86  6.064254 72.973694 32.593250  1.570796 -0.000000 1.570796
87  -0.113680 5.957335 -0.188892  0.000000 -0.000000 0.000000
88  0.097225 0.210962 3.469588  0.000000 -0.000000 0.000000
89  0.000000 1.310210 -0.000001  0.000000 -0.000000 0.000000
90  0.000000 0.582259 -0.000001  0.000000 -0.000000 0.000000
91  0.036298 1.284879 7.928799  0.000000 -0.000001 0.000000
92  0.000001 1.310212 0.000000  0.000000 -0.000000 0.000000
93  0.000000 0.582260 0.000000  0.000000 -0.000000 0.000000
94  5.969323 3.427456 -6.170650  -0.000000 -0.000001 -1.570797
95  -1.310211 0.000002 -0.000000  0.000000 0.000000 -0.000000
96  -0.582260 0.000000 -0.000001  0.000000 0.000000 -0.000000
97  5.969324 9.397397 -6.170657  -0.000000 -0.000001 -1.570796
98  -1.310210 -0.000001 -0.000003  0.000000 0.000000 -0.000000
99  -0.582260 -0.000000 -0.000003  0.000000 0.000001 -0.000000
100  5.969322 15.223766 -6.170669  0.000000 -0.000001 -1.570796
101  -1.310210 0.000002 0.000001  -0.000000 0.000000 -0.000000
102  -0.582260 0.000001 0.000000  -0.000000 0.000000 -0.000000
103  5.969325 20.835567 -6.170671  0.000000 -0.000001 -1.570796
104  -1.310211 0.000002 0.000002  -0.000000 0.000000 -0.000000
105  -0.582260 0.000000 0.000004  -0.000000 0.000000 -0.000000
106  5.969324 26.771204 -6.170670  0.000000 -0.000001 -1.570796
107  5.969323 32.597591 -6.170673  0.000000 -0.000001 -1.570796
108  5.969324 38.209393 -6.170685  0.000000 -0.000001 -1.570800
109  5.969323 49.488461 -6.170680  0.000000 -0.000001 -1.570800
110  -0.539090 -0.556809 -0.017361  -0.042462 2.681156 1.551919
111  -6.799123 -0.556809 0.818549  -0.272420 2.701993 1.452460
112  -4.615283 -0.556824 0.270327  -0.117230 2.684609 1.518878
113  -2.650969 -0.556809 0.063010  -0.042463 2.681158 1.551919
114  27.110338 1.284856 12.007547  0.000000 -0.000000 -0.000000
115  28.133425 1.284854 12.007547  0.000001 -0.000000 -0.000000
116  12.812887 2.241783 12.007549  0.000000 -0.000001 -0.000001
117  -9.955966 -0.319623 4.380214  -0.000001 -0.000000 -0.000001
118  -11.316473 -0.319625 4.380215  -0.000003 -0.000000 -0.000000
119  -12.667810 -0.319624 4.380215  -0.000003 -0.000000 0.000001
120  -14.022140 -0.319624 4.380215  0.000010 -0.000000 -0.000011
121  -15.373240 -0.319624 4.380214  0.000015 -0.000000 -0.000015
122  -16.724142 -0.319623 4.380214  -0.000009 -0.000000 0.000006
123  -18.074570 -0.319621 4.380215  -0.000006 -0.000000 0.000004
124  -19.423717 -0.319623 4.380214  0.000002 0.000000 -0.000004
125  -20.775269 -0.319620 4.380215  0.000003 0.000000 -0.000004
126  -22.126669 -0.319618 4.380215  0.000003 -0.000000 -0.000004
127  -23.478123 -0.319621 4.380215  0.000005 -0.000000 -0.000006
128  -24.830622 -0.319620 4.380215  0.000036 -0.000000 -0.000038
129  -26.182028 -0.319622 4.380215  -0.000011 -0.000000 0.000011
130  0.529180 -0.167131 0.629485  -0.101270 -0.000000 0.000000
131  -0.211444 -0.241686 0.155360  -0.145847 -0.000000 0.000000
132  0.529191 -0.280702 -0.110291  -0.145847 -0.000000 -0.000000
133  -0.173927 -0.337327 -0.638494  -0.181751 -0.000000 0.000000
134  0.529190 -0.399248 -0.975394  -0.181751 -0.000000 0.000000
135  -0.211445 -0.464478 -1.431041  -0.192399 -0.000000 0.000000
136  0.529189 -0.515809 -1.694582  -0.192399 -0.000000 0.000000
137  -0.173927 -0.612154 -2.231910  -0.216703 -0.000000 0.000000
138  0.529187 -0.685808 -2.566441  -0.216703 -0.000000 -0.000000
139  -0.211446 -0.769562 -3.027868  -0.237349 -0.000000 0.000000
140  0.529187 -0.832689 -3.288848  -0.237349 -0.000000 -0.000000
141  -0.173937 -0.945283 -3.779562  -0.233859 0.000000 0.000000
142  0.529179 -1.024660 -4.112781  -0.233859 0.000000 -0.000000
143  -0.211443 -1.132187 -4.577546  -0.262919 -0.000000 0.000000
144  0.529190 -1.201967 -4.836824  -0.262919 0.000000 -0.000000
145  -0.000006 -2.810945 -10.636630  0.258454 0.000000 3.141592
146  -0.192455 -1.345780 -5.370046  -0.280373 0.000000 0.000000
147  0.533984 -1.413515 -5.605103  -0.276883 0.000000 0.000000
148  -0.206618 -1.795761 -6.909778  -0.287354 0.000000 0.000000
149  -0.205805 -1.564821 -6.138256  -0.290843 0.000000 0.000000
150  0.530460 -1.643677 -6.395211  -0.290844 0.000000 0.000000
151  0.535311 -1.790712 -7.204131  -0.287354 -0.000000 0.000000
152  -0.202705 -2.030488 -7.702829  -0.286180 -0.000000 0.000000
153  0.509548 -2.118896 -8.011622  -0.298398 -0.000000 0.000000
154  -0.202703 -2.255279 -8.465173  -0.283134 -0.000000 0.000000
155  0.509548 -2.352981 -8.771159  -0.295352 -0.000000 0.000000
156  -0.202706 -2.481600 -9.235469  -0.285437 -0.000000 0.000000
157  0.509547 -2.588686 -9.538639  -0.297654 -0.000000 0.000000
158  0.170121 -21.222094 -1.001142  -0.000001 -0.000001 0.000000
159  0.170123 -20.843863 -0.397182  -0.000001 -0.000001 0.000000
160  0.170119 -20.489748 -1.001141  -0.000001 -0.000001 0.000000
161  0.170125 -20.111071 -0.397182  -0.000001 -0.000001 0.000000
162  0.170120 -19.380089 -0.397186  -0.000001 -0.000001 0.000000
163  0.170123 -19.025108 -1.001144  -0.000001 -0.000001 0.000000
164  0.170122 -18.646658 -0.396446  -0.000001 -0.000001 0.000000
165  0.170120 -19.755762 -1.001141  -0.000001 -0.000001 0.000000
166  -0.015975 10.035403 1.098090  0.000000 -0.000000 0.000000
167  -0.104327 -52.163570 4.437344  1.570735 -0.000061 -1.570735
168  0.064652 27.351341 72.195206  0.000000 -0.000000 0.000000
169  6.064260 95.114014 31.645500  -0.000000 -0.000001 1.570796
170  -0.103716 -26.907869 3.305348  0.000000 -0.000000 -1.570730
171  6.064260 69.096558 37.164318  1.570796 -0.000000 1.570796
172  1.974303 11.989233 4.589251  0.000001 -0.000000 0.000000
173  1.941736 0.883631 4.309755  0.000000 -0.000000 -1.483525
174  -0.115679 1.104776 6.744192  0.000000 -0.000000 0.000000
175  6.064258 89.329796 31.613914  -0.000000 -0.000001 1.570796
176  0.059883 2.255381 54.398022  0.000000 -0.000000 0.000000
177  0.003494 -22.270649 -0.000007  1.570735 -0.000061 -1.570735
178  0.104010 14.792242 1.530320  0.000000 -0.000000 0.000000
179  3.000525 -2.985219 1.029100  2.067399 -0.085866 -1.929635
180  -2.951611 25.811049 -3.742301  -0.096365 0.008023 -1.450340
181  -2.662415 1.445783 33.628738  0.000487 3.141104 1.570796
182  8.352068 2.772898 0.000540  -3.140902 0.000003 -0.000001
183  -2.662414 1.445788 40.667969  0.000487 3.141104 1.570796
184  8.352065 2.772900 0.000545  -3.140902 0.000003 -0.000001
185  -1.431355 16.384779 4.137811  0.000001 -0.000000 0.000000
186  -0.001845 0.521683 -0.140290  0.000000 -0.000000 0.000000
187  7.323108 -5.136192 -5.166237  0.000000 0.000000 -0.610865
188  2.698280 -0.000000 -0.000002  -0.000012 0.000000 0.000000
189  2.834158 -0.000000 -0.000002  0.000013 0.000000 -0.000000
190  2.648916 0.000000 0.000002  -0.000001 -0.000001 0.000000
191  2.667497 -0.000001 0.000001  0.000000 0.000000 -0.000000
192  2.426700 -0.000003 -0.000001  0.000000 0.000000 -0.000000
193  -0.494747 -44.353443 -1.302299  1.570797 0.000000 -1.570797
194  11.545940 73.768410 -3.792007  0.000000 -0.000000 0.000000
195  -0.011104 -16.902811 1.952047  0.000001 -0.000000 0.000000
196  0.000004 -0.000003 -1.529051  -0.000000 0.000000 0.000000
197  -0.078941 0.000001 0.000000  0.000000 0.000001 1.570796
198  0.097090 0.000000 -0.000001  -0.000000 -3.141592 1.570796
199  0.000000 0.000000 -0.000000  0.000000 -0.000000 -0.000000
200  -8.993875 -19.246103 -15.190372  -0.568358 0.209664 -0.574023
201  18.044956 -31.423399 -18.008402  1.555548 -0.101466 -0.951949
time 50
0  0 0 0  0 0 0
1  0.000000 0.000000 0.000000  0.000000 -0.000000 -0.000000
2  -0.000000 -0.000000 -55.423229  0.000000 -0.000000 -1.570730
3  -0.012872 0.000000 8.235027  -0.784749 -1.570710 -0.785986
4  16.163124 -0.010663 0.007211  -0.594297 0.000409 -0.000125
5  16.163132 -0.000000 3.830524  -1.333359 -0.199015 -2.456806
6  14.868229 0.000001 0.000001  -0.829816 0.687685 -1.631958
7  26.391943 -0.000009 -0.000001  -0.000000 0.000000 -1.401031
8  -0.000003 0.000006 -0.000001  -0.136218 -0.000000 -0.000000
9  3.093513 0.000008 0.000002  -0.272395 -0.000000 -0.000000
10  6.187022 0.000005 0.000000  -0.408611 -0.000000 -0.000000
11  9.280533 0.000005 0.000001  -0.544816 -0.000000 -0.000000
12  12.374044 0.000004 0.000002  -0.681077 -0.000000 -0.000000
13  15.467555 0.000003 0.000002  -0.817257 -0.000000 -0.000000
14  18.561056 0.000002 0.000001  -0.953460 -0.000000 -0.000000
15  21.654572 0.000001 0.000002  -2.888021 -0.425264 0.792750
16  1.410069 0.800539 -2.089137  1.926816 0.229617 0.446891
17  3.954710 -0.000002 -0.000000  0.032650 -0.305879 0.082888
18  3.101569 0.000000 0.000003  0.038488 -0.173200 0.020373
19  6.164462 -0.898150 2.575009  -0.464106 -0.015897 1.186542
20  2.805843 0.000000 0.000003  -0.000000 -0.000000 0.521973
21  2.307441 0.000005 0.000002  -0.000000 0.000000 0.361287
22  7.145094 -0.676339 -1.382431  0.048305 -0.466031 0.179016
23  3.672212 0.000002 0.000001  0.000000 0.000000 1.094786
24  2.676518 -0.000002 0.000001  -0.000000 0.000000 0.976405
25  6.831181 -0.870861 0.599913  -0.198432 -0.274957 0.706750
26  3.657077 0.000001 -0.000004  0.000000 0.000000 1.196110
27  2.496794 0.000005 -0.000001  -0.000000 -0.000000 0.510610
28  7.183348 -0.532079 -3.267611  0.092002 -0.569205 -0.163901
29  3.511586 0.000000 0.000004  -0.000000 -0.000000 0.459239
30  2.199419 0.000001 0.000003  0.000000 -0.000000 0.877656
31  16.163136 0.000000 -3.830527  0.703564 0.858106 -2.571306
32  14.868248 0.000000 0.000001  -0.215403 -0.180146 -1.889657
33  26.391970 0.000001 -0.000001  0.000000 0.000000 -1.636563
34  0.000000 0.000000 0.000000  0.121172 0.000000 -0.000000
35  3.093515 -0.000004 0.000001  0.242299 0.000000 0.000000
36  6.187023 -0.000003 0.000002  0.363521 0.000000 0.000000
37  9.280538 -0.000001 0.000001  0.484664 -0.000000 0.000000
38  12.374042 -0.000001 0.000002  0.605861 0.000000 -0.000000
39  15.467552 -0.000003 0.000002  0.726985 -0.000000 0.000000
40  18.561066 -0.000002 0.000000  0.848157 0.000000 0.000000
41  21.654566 -0.000003 0.000002  2.627451 -0.536546 -0.050629
42  1.410064 0.800528 2.089141  -1.966491 -0.287076 0.559263
43  3.954715 -0.000004 0.000002  0.000000 -0.000000 0.375132
44  3.101564 -0.000004 -0.000003  -0.000000 0.000000 0.790793
45  7.183350 -0.532091 3.267618  0.052242 -0.011652 -0.158551
46  3.511586 0.000001 -0.000001  0.000000 0.000000 0.189253
47  2.199410 0.000001 0.000001  0.000000 -0.000000 -0.104054
48  7.145095 -0.676346 1.382434  0.255424 0.283825 0.886075
49  3.672212 0.000001 -0.000000  -0.000000 -0.000000 1.435616
50  2.676520 -0.000000 0.000001  -0.000000 -0.000000 1.062915
51  6.831169 -0.870866 -0.599910  0.339890 0.115856 1.057859
52  3.657084 -0.000002 -0.000001  -0.000000 -0.000000 1.252193
53  2.496798 0.000001 -0.000000  0.000000 0.000000 0.840195
54  6.164460 -0.898154 -2.575007  0.409526 -0.061317 1.152482
55  2.805844 0.000005 0.000001  0.000000 0.000000 0.666008
56  2.307453 -0.000000 -0.000002  -0.000000 -0.000000 0.844543
57  0.000000 0.000000 0.000000  0.000001 -0.000000 -0.000000
58  14.046041 -31.978172 -17.225834  0.161444 0.489758 0.974198
59  -0.000000 -19.069479 4.681031  -0.000000 -0.000000 0.000000
60  1.986524 0.000019 -3.123738  -2.705260 -0.000000 -1.570797
61  -1.986692 0.000019 -3.123744  0.436333 0.000001 1.570797
62  0.000001 0.000002 -0.000001  -0.000000 -0.000000 0.000000
63  -1.530661 0.861427 -3.109962  0.392682 0.000010 1.570745
64  -11.344172 1.135889 0.869270  0.000328 -0.024963 -0.026314
65  1.907533 0.861420 -2.954428  -0.392858 -0.000004 1.570778
66  -11.350047 -0.729409 0.864871  0.000154 -0.025335 0.026430
67  1.754237 4.036760 -1.682672  0.392549 -0.010099 -1.546344
68  -1.755145 4.036761 -1.682669  -0.392547 -0.010382 -1.594901
69  -0.164557 5.734786 5.880444  0.000000 0.000000 -1.570730
70  1.203551 5.503724 4.339427  -0.000000 -0.000000 0.000000
71  -1.260171 5.668903 5.788549  0.070161 -0.418898 2.970131
72  1.185473 17.272335 1.821941  -0.000000 -0.000000 0.000000
73  0.060220 10.324436 74.469063  -0.000000 -0.000000 0.000000
74  0.052670 -3.972626 3.515845  1.570735 -0.000061 -1.570735
75  4.804183 -3.856465 -0.006880  -0.000000 0.000000 -0.000000
76  -6.013984 -4.624463 -0.000001  0.000000 0.000000 -0.000000
77  -65.574089 -37.156044 0.002938  -0.787226 1.570710 0.783752
78  1.602682 -3.785218 0.003048  -0.786556 1.570710 0.784910
79  11.681373 -1.114745 -1.027847  -0.785276 1.570710 0.786069
80  19.766775 -3.800925 0.000003  -0.000000 -0.000000 -0.000000
81  3.258440 5.856951 -3.403523  -0.000000 -0.000000 -0.000000
82  15.153044 5.860580 -3.403519  0.000000 -0.000000 0.000000
83  6.064256 77.294960 36.365799  1.570796 -0.000000 1.570796
84  -2.662412 1.445755 40.667961  0.000000 3.141591 1.570796
85  8.352068 2.772895 0.000538  -3.141589 0.000002 -0.000000
86  6.064259 72.973701 32.593254  1.570796 -0.000000 1.570796
87  -0.113678 5.957343 -0.188895  -0.000000 -0.000000 0.000000
88  0.097227 0.210964 3.469588  -0.000000 -0.000000 0.000000
89  0.000000 1.310209 -0.000000  0.000000 -0.000000 0.000000
90  -0.000000 0.582259 0.000000  0.000000 -0.000000 0.000000
91  0.036299 1.284879 7.928799  0.000000 -0.000001 0.000000
92  -0.000000 1.310211 0.000000  0.000000 -0.000000 0.000000
93  -0.000001 0.582261 -0.000001  0.000000 -0.000000 0.000000
94  5.969325 3.427459 -6.170650  -0.000000 -0.000001 -1.570796
95  -1.310210 0.000001 -0.000001  0.000000 0.000000 -0.000000
96  -0.582259 -0.000000 0.000000  0.000000 0.000000 -0.000000
97  5.969325 9.397399 -6.170659  -0.000000 -0.000001 -1.570796
98  -1.310212 -0.000001 0.000001  0.000000 0.000000 -0.000000
99  -0.582261 -0.000001 0.000000  0.000000 0.000000 -0.000000
100  5.969324 15.223770 -6.170670  0.000000 -0.000001 -1.570796
101  -1.310211 0.000002 -0.000003  -0.000000 0.000000 -0.000000
102  -0.582260 -0.000000 -0.000002  -0.000000 0.000000 -0.000000
103  5.969324 20.835569 -6.170673  0.000000 -0.000001 -1.570796
104  -1.310211 0.000000 0.000001  -0.000000 0.000000 -0.000000
105  -0.582261 0.000000 0.000004  -0.000000 0.000000 -0.000000
106  5.969325 26.771208 -6.170672  0.000000 -0.000001 -1.570796
107  5.969323 32.597595 -6.170673  0.000000 -0.000001 -1.570796
108  5.969325 38.209400 -6.170686  0.000000 -0.000001 -1.570800
109  5.969323 49.488468 -6.170684  0.000000 -0.000001 -1.570800
110  -0.539087 -0.556810 -0.017364  -0.042462 2.681156 1.551919
111  -6.799123 -0.556809 0.818550  -0.272420 2.701993 1.452460
112  -4.615281 -0.556823 0.270327  -0.117230 2.684609 1.518878
113  -2.650968 -0.556808 0.063010  -0.042463 2.681158 1.551919
114  27.110340 1.284855 12.007549  -0.000000 -0.000000 0.000000
115  28.133427 1.284855 12.007550  0.000001 -0.000000 0.000000
116  12.812887 2.241785 12.007551  0.000000 -0.000001 -0.000001
117  -9.955965 -0.319623 4.380214  -0.000001 -0.000000 -0.000001
118  -11.316474 -0.319625 4.380215  -0.000003 -0.000000 0.000000
119  -12.667809 -0.319623 4.380216  -0.000003 -0.000000 0.000001
120  -14.022141 -0.319623 4.380214  0.000010 -0.000000 -0.000011
121  -15.373239 -0.319623 4.380213  0.000015 -0.000000 -0.000015
122  -16.724140 -0.319621 4.380214  -0.000009 -0.000000 0.000006
123  -18.074574 -0.319623 4.380212  -0.000006 -0.000000 0.000004
124  -19.423717 -0.319623 4.380212  0.000002 0.000000 -0.000004
125  -20.775270 -0.319622 4.380214  0.000003 0.000000 -0.000004
126  -22.126671 -0.319620 4.380214  0.000003 -0.000000 -0.000004
127  -23.478123 -0.319622 4.380213  0.000005 -0.000000 -0.000006
128  -24.830620 -0.319620 4.380216  0.000036 -0.000000 -0.000038
129  -26.182030 -0.319621 4.380214  -0.000011 -0.000000 0.000011
130  0.529182 -0.167131 0.629485  -0.101270 -0.000000 0.000000
131  -0.211443 -0.241685 0.155361  -0.145847 -0.000000 0.000000
132  0.529191 -0.280702 -0.110293  -0.145847 -0.000000 0.000000
133  -0.173925 -0.337328 -0.638497  -0.181751 -0.000000 0.000000
134  0.529191 -0.399248 -0.975394  -0.181751 -0.000000 0.000000
135  -0.211440 -0.464477 -1.431041  -0.192399 -0.000000 0.000000
136  0.529189 -0.515809 -1.694584  -0.192399 -0.000000 0.000000
137  -0.173927 -0.612153 -2.231911  -0.216703 -0.000000 0.000000
138  0.529190 -0.685806 -2.566440  -0.216703 -0.000000 0.000000
139  -0.211444 -0.769563 -3.027871  -0.237349 -0.000000 0.000000
140  0.529188 -0.832687 -3.288847  -0.237349 -0.000000 0.000000
141  -0.173937 -0.945282 -3.779563  -0.233859 0.000000 0.000000
142  0.529181 -1.024659 -4.112781  -0.233859 0.000000 0.000000
143  -0.211440 -1.132187 -4.577549  -0.262919 -0.000000 0.000000
144  0.529192 -1.201966 -4.836826  -0.262919 0.000000 0.000000
145  -0.000002 -2.810942 -10.636632  0.258454 0.000000 3.141592
146  -0.192453 -1.345781 -5.370047  -0.280373 0.000000 0.000000
147  0.533985 -1.413512 -5.605106  -0.276883 0.000000 0.000000
148  -0.206617 -1.795761 -6.909780  -0.287354 0.000000 0.000000
149  -0.205802 -1.564818 -6.138258  -0.290843 0.000000 0.000000
150  0.530463 -1.643677 -6.395216  -0.290844 0.000000 0.000000
151  0.535314 -1.790710 -7.204132  -0.287354 -0.000000 0.000000
152  -0.202704 -2.030488 -7.702830  -0.286180 -0.000000 0.000000
153  0.509551 -2.118895 -8.011624  -0.298398 -0.000000 0.000000
154  -0.202701 -2.255278 -8.465172  -0.283134 -0.000000 0.000000
155  0.509551 -2.352980 -8.771158  -0.295352 -0.000000 0.000000
156  -0.202702 -2.481598 -9.235474  -0.285437 -0.000000 0.000000
157  0.509549 -2.588683 -9.538638  -0.297654 -0.000000 0.000000
158  0.170124 -21.222095 -1.001141  -0.000001 -0.000001 0.000000
159  0.170125 -20.843866 -0.397183  -0.000001 -0.000001 0.000000
160  0.170125 -20.489748 -1.001141  -0.000001 -0.000001 0.000000
161  0.170127 -20.111071 -0.397183  -0.000001 -0.000001 0.000000
162  0.170126 -19.380091 -0.397186  -0.000001 -0.000001 0.000000
163  0.170124 -19.025108 -1.001145  -0.000001 -0.000001 0.000000
164  0.170125 -18.646664 -0.396448  -0.000001 -0.000001 0.000000
165  0.170125 -19.755762 -1.001140  -0.000001 -0.000001 0.000000
166  -0.015971 10.035407 1.098090  -0.000000 -0.000000 0.000000
167  -0.104319 -52.163578 4.437342  1.570735 -0.000061 -1.570735
168  0.064654 27.351351 72.195213  -0.000000 -0.000000 0.000000
169  6.064261 95.114021 31.645504  -0.000000 -0.000001 1.570796
170  -0.103711 -26.907864 3.305351  0.000000 0.000000 -1.570730
171  6.064257 69.096565 37.164322  1.570796 -0.000000 1.570796
172  1.974304 11.989235 4.589249  0.000000 -0.000000 0.000000
173  1.941739 0.883631 4.309755  0.000000 -0.000000 -1.483525
174  -0.115676 1.104780 6.744191  -0.000000 -0.000000 0.000000
175  6.064257 89.329819 31.613916  -0.000000 -0.000001 1.570796
176  0.059888 2.255377 54.398029  -0.000000 -0.000000 0.000000
177  0.003496 -22.270655 -0.000003  1.570735 -0.000061 -1.570735
178  0.104011 14.792244 1.530319  -0.000000 -0.000000 0.000000
179  3.000525 -2.985217 1.029102  2.067399 -0.085866 -1.929635
180  -2.951610 25.811054 -3.742300  -0.096365 0.008023 -1.450340
181  -2.662412 1.445784 33.628742  0.000487 3.141104 1.570796
182  8.352069 2.772892 0.000539  -3.140902 0.000003 -0.000001
183  -2.662411 1.445789 40.667969  0.000487 3.141104 1.570796
184  8.352067 2.772896 0.000543  -3.140902 0.000003 -0.000001
185  -1.431355 16.384781 4.137809  0.000001 -0.000000 0.000000
186  -0.001843 0.521684 -0.140291  0.000000 -0.000000 0.000000
187  7.323110 -5.136189 -5.166238  0.000000 0.000000 -0.610865
188  2.698278 0.000000 0.000001  -0.000012 0.000000 0.000001
189  2.834158 -0.000000 -0.000005  0.000013 0.000000 0.000000
190  2.648921 -0.000001 0.000000  -0.000001 -0.000001 0.000000
191  2.667498 -0.000001 -0.000004  0.000000 0.000000 0.000000
192  2.426704 -0.000000 -0.000001  0.000000 0.000000 -0.000000
193  -0.494743 -44.353447 -1.302299  1.570797 0.000000 -1.570797
194  11.545940 73.768425 -3.792010  0.000000 -0.000000 0.000000
195  -0.011103 -16.902811 1.952046  0.000001 -0.000000 0.000000
196  0.000001 0.000001 -1.529049  -0.000000 -0.000000 -0.000000
197  -0.078941 -0.000003 0.000000  0.000000 0.000001 1.570796
198  0.097094 -0.000004 -0.000001  -0.000000 -3.141592 1.570796
199  0.000000 0.000000 -0.000000  0.000000 -0.000000 -0.000000
200  -8.865878 -19.305899 -15.436083  -0.574018 0.205746 -0.568679
201  18.253725 -31.326834 -18.163683  1.551754 -0.107155 -0.945069
time 51
0  0 0 0  0 0 0
1  0.000000 0.000000 0.000000  0.000000 -0.000000 -0.000000
2  -0.000000 -0.000000 -55.423229  0.000000 -0.000000 -1.570730
3  -0.012872 0.000000 8.235027  -0.784749 -1.570710 -0.785986
4  16.163124 -0.010663 0.007211  -0.594297 0.000409 -0.000125
5  16.163132 -0.000000 3.830524  -1.333359 -0.199015 -2.456806
6  14.868229 0.000001 0.000001  -0.826865 0.688253 -1.622055
7  26.391939 -0.000005 -0.000003  -0.000000 0.000000 -1.406627
8  0.000002 0.000001 0.000000  -0.136218 -0.000000 -0.000000
9  3.093514 0.000002 0.000001  -0.272457 -0.000000 -0.000000
10  6.187023 0.000002 0.000001  -0.408673 -0.000000 -0.000000
11  9.280535 0.000001 0.000000  -0.544942 0.000000 -0.000000
12  12.374046 0.000000 0.000001  -0.681141 -0.000000 -0.000000
13  15.467557 -0.000000 0.000003  -0.817390 -0.000000 -0.000000
14  18.561058 -0.000001 0.000003  -0.953667 -0.000000 -0.000000
15  21.654572 -0.000002 0.000002  -2.883484 -0.421221 0.789133
16  1.410069 0.800538 -2.089132  1.926816 0.229617 0.446891
17  3.954709 0.000004 0.000005  0.032650 -0.305879 0.082888
18  3.101571 0.000001 0.000002  0.038488 -0.173200 0.020373
19  6.164460 -0.898154 2.575010  -0.464106 -0.015897 1.186542
20  2.805844 -0.000001 0.000000  -0.000000 -0.000000 0.521973
21  2.307438 0.000006 0.000001  0.000000 0.000000 0.361287
22  7.145094 -0.676340 -1.382428  0.048305 -0.466031 0.179016
23  3.672214 -0.000001 -0.000001  0.000000 0.000000 1.094786
24  2.676519 -0.000001 0.000000  0.000000 -0.000000 0.976405
25  6.831183 -0.870866 0.599916  -0.198432 -0.274957 0.706750
26  3.657078 0.000001 0.000001  0.000000 0.000000 1.196110
27  2.496792 0.000000 -0.000000  -0.000000 -0.000000 0.510611
28  7.183348 -0.532079 -3.267609  0.092002 -0.569205 -0.163901
29  3.511587 0.000000 0.000002  -0.000000 -0.000000 0.459239
30  2.199417 -0.000003 0.000002  0.000000 -0.000000 0.877656
31  16.163136 0.000000 -3.830527  0.703564 0.858106 -2.571306
32  14.868248 0.000000 0.000001  -0.221864 -0.187182 -1.888465
33  26.391968 0.000001 0.000000  0.000000 0.000000 -1.640139
34  -0.000001 0.000000 -0.000001  0.120927 0.000000 -0.000000
35  3.093513 -0.000003 -0.000004  0.241930 0.000000 0.000000
36  6.187020 -0.000001 -0.000000  0.362900 0.000000 0.000000
37  9.280534 -0.000001 0.000000  0.483909 0.000000 -0.000000
38  12.374041 -0.000002 -0.000000  0.604902 -0.000000 -0.000000
39  15.467549 -0.000001 0.000001  0.725875 -0.000000 -0.000000
40  18.561066 -0.000000 0.000000  0.846885 0.000000 -0.000000
41  21.654564 -0.000002 -0.000001  2.621600 -0.527184 -0.046308
42  1.410063 0.800527 2.089142  -1.966491 -0.287076 0.559263
43  3.954715 -0.000006 0.000003  0.000000 0.000000 0.375132
44  3.101564 -0.000000 -0.000001  -0.000000 0.000000 0.790793
45  7.183346 -0.532092 3.267619  0.052242 -0.011652 -0.158551
46  3.511588 0.000002 0.000000  -0.000000 0.000000 0.189253
47  2.199409 -0.000001 0.000000  -0.000000 0.000000 -0.104054
48  7.145093 -0.676348 1.382434  0.255424 0.283825 0.886074
49  3.672212 -0.000001 0.000002  -0.000000 -0.000000 1.435616
50  2.676521 -0.000001 0.000000  0.000000 -0.000000 1.062915
51  6.831168 -0.870869 -0.599910  0.339890 0.115856 1.057859
52  3.657083 -0.000001 0.000000  -0.000000 -0.000000 1.252193
53  2.496799 -0.000001 -0.000002  0.000000 0.000000 0.840195
54  6.164458 -0.898155 -2.575007  0.409526 -0.061317 1.152482
55  2.805843 -0.000000 -0.000001  0.000000 0.000000 0.666009
56  2.307452 0.000002 -0.000000  0.000000 -0.000000 0.844543
57  0.000000 0.000000 0.000000  0.000001 -0.000000 -0.000000
58  14.227487 -31.903267 -17.420612  0.157204 0.487690 0.975650
59  0.000008 -19.069481 4.681041  0.000000 -0.000000 0.000000
60  1.986521 0.000014 -3.123738  -2.705260 -0.000000 -1.570797
61  -1.986693 0.000017 -3.123745  0.436333 0.000001 1.570797
62  -0.000002 -0.000001 0.000000  0.000000 -0.000000 0.000000
63  -1.530663 0.861421 -3.109961  0.392682 0.000010 1.570745
64  -11.344168 1.135889 0.869264  0.000328 -0.024963 -0.026314
65  1.907530 0.861416 -2.954430  -0.392858 -0.000004 1.570778
66  -11.350046 -0.729405 0.864868  0.000154 -0.025335 0.026430
67  1.754236 4.036759 -1.682667  0.392549 -0.010099 -1.546344
68  -1.755147 4.036758 -1.682669  -0.392547 -0.010382 -1.594901
69  -0.164557 5.734782 5.880446  0.000000 0.000000 -1.570730
70  1.203547 5.503722 4.339429  0.000000 -0.000000 0.000000
71  -1.260173 5.668900 5.788553  0.070161 -0.418898 2.970131
72  1.185469 17.272333 1.821942  0.000000 -0.000000 0.000000
73  0.060217 10.324434 74.469063  0.000000 -0.000000 0.000000
74  0.052676 -3.972628 3.515846  1.570735 -0.000061 -1.570735
75  4.804188 -3.856466 -0.006876  -0.000000 0.000000 0.000000
76  -6.013987 -4.624458 0.000002  0.000000 0.000000 0.000000
77  -65.574097 -37.156052 0.002939  -0.786860 1.570710 0.783447
78  1.602683 -3.785213 0.003051  -0.786374 1.570710 0.784057
79  11.681370 -1.114738 -1.027846  -0.785276 1.570710 0.785703
80  19.766777 -3.800919 0.000001  -0.000000 -0.000000 0.000000
81  3.258438 5.856956 -3.403522  -0.000000 -0.000000 -0.000000
82  15.153049 5.860583 -3.403520  0.000000 -0.000000 0.000000
83  6.064261 77.294952 36.365799  1.570796 -0.000000 1.570796
84  -2.662413 1.445755 40.667957  0.000000 3.141591 1.570796
85  8.352073 2.772896 0.000542  -3.141589 0.000002 0.000000
86  6.064260 72.973694 32.593254  1.570796 -0.000000 1.570796
87  -0.113679 5.957339 -0.188893  0.000000 -0.000000 0.000000
88  0.097223 0.210963 3.469586  0.000000 -0.000000 0.000000
89  -0.000000 1.310209 0.000000  0.000000 -0.000000 0.000000
90  0.000000 0.582259 0.000000  0.000000 -0.000000 0.000000
91  0.036297 1.284879 7.928798  -0.000000 -0.000001 0.000000
92  0.000001 1.310211 0.000000  0.000000 0.000000 0.000000
93  0.000002 0.582261 -0.000001  0.000000 0.000000 0.000000
94  5.969324 3.427459 -6.170652  -0.000000 -0.000001 -1.570797
95  -1.310210 0.000002 -0.000000  0.000000 -0.000000 -0.000000
96  -0.582259 0.000000 -0.000001  0.000000 -0.000000 -0.000000
97  5.969323 9.397400 -6.170659  -0.000000 -0.000001 -1.570796
98  -1.310213 -0.000002 -0.000000  0.000000 0.000000 -0.000000
99  -0.582262 -0.000004 0.000001  0.000000 0.000000 -0.000000
100  5.969322 15.223768 -6.170672  0.000000 -0.000001 -1.570796
101  -1.310211 0.000003 0.000002  -0.000000 0.000000 -0.000000
102  -0.582260 0.000002 0.000002  -0.000000 0.000000 -0.000000
103  5.969324 20.835569 -6.170670  0.000000 -0.000001 -1.570796
104  -1.310212 0.000002 -0.000000  -0.000000 0.000000 -0.000000
105  -0.582260 0.000001 0.000001  -0.000000 0.000000 -0.000000
106  5.969324 26.771210 -6.170671  0.000000 -0.000001 -1.570796
107  5.969324 32.597595 -6.170676  0.000000 -0.000001 -1.570796
108  5.969325 38.209396 -6.170687  0.000000 -0.000001 -1.570800
109  5.969326 49.488464 -6.170683  0.000000 -0.000001 -1.570800
110  -0.539090 -0.556810 -0.017365  -0.042462 2.681156 1.551919
111  -6.799124 -0.556808 0.818549  -0.272420 2.701993 1.452460
112  -4.615285 -0.556825 0.270328  -0.117230 2.684609 1.518878
113  -2.650969 -0.556808 0.063008  -0.042463 2.681158 1.551919
114  27.110338 1.284859 12.007548  0.000000 -0.000000 0.000000
115  28.133427 1.284856 12.007547  0.000001 -0.000000 0.000000
116  12.812889 2.241785 12.007549  0.000000 -0.000001 -0.000001
117  -9.955968 -0.319625 4.380212  -0.000001 -0.000000 -0.000001
118  -11.316473 -0.319624 4.380215  -0.000003 -0.000000 0.000000
119  -12.667811 -0.319625 4.380214  -0.000003 -0.000000 0.000001
120  -14.022142 -0.319624 4.380214  0.000009 -0.000000 -0.000011
121  -15.373241 -0.319624 4.380211  0.000015 -0.000000 -0.000015
122  -16.724142 -0.319622 4.380214  -0.000009 -0.000000 0.000006
123  -18.074574 -0.319623 4.380212  -0.000006 -0.000000 0.000004
124  -19.423716 -0.319622 4.380215  0.000002 0.000000 -0.000004
125  -20.775272 -0.319619 4.380214  0.000003 0.000000 -0.000004
126  -22.126671 -0.319620 4.380215  0.000003 -0.000000 -0.000004
127  -23.478125 -0.319621 4.380215  0.000005 0.000000 -0.000006
128  -24.830622 -0.319620 4.380214  0.000036 -0.000000 -0.000038
129  -26.182032 -0.319621 4.380214  -0.000011 -0.000000 0.000011
130  0.529180 -0.167131 0.629483  -0.101270 -0.000000 0.000000
131  -0.211443 -0.241686 0.155361  -0.145847 -0.000000 0.000000
132  0.529191 -0.280701 -0.110292  -0.145847 -0.000000 0.000000
133  -0.173926 -0.337327 -0.638496  -0.181751 -0.000000 0.000000
134  0.529189 -0.399248 -0.975394  -0.181751 -0.000000 0.000000
135  -0.211444 -0.464478 -1.431044  -0.192399 -0.000000 0.000000
136  0.529190 -0.515808 -1.694583  -0.192399 -0.000000 0.000000
137  -0.173927 -0.612153 -2.231913  -0.216703 -0.000000 0.000000
138  0.529188 -0.685808 -2.566439  -0.216703 -0.000000 0.000000
139  -0.211447 -0.769563 -3.027872  -0.237349 -0.000000 0.000000
140  0.529188 -0.832687 -3.288847  -0.237349 -0.000000 0.000000
141  -0.173937 -0.945282 -3.779566  -0.233859 0.000000 0.000000
142  0.529178 -1.024659 -4.112782  -0.233859 0.000000 0.000000
143  -0.211445 -1.132189 -4.577549  -0.262919 -0.000000 0.000000
144  0.529190 -1.201965 -4.836825  -0.262919 0.000000 0.000000
145  -0.000004 -2.810943 -10.636631  0.258454 0.000000 3.141592
146  -0.192454 -1.345779 -5.370046  -0.280373 0.000000 0.000000
147  0.533982 -1.413514 -5.605106  -0.276883 0.000000 0.000000
148  -0.206618 -1.795760 -6.909779  -0.287354 0.000000 0.000000
149  -0.205804 -1.564820 -6.138257  -0.290843 0.000000 0.000000
150  0.530458 -1.643677 -6.395214  -0.290844 0.000000 0.000000
151  0.535311 -1.790712 -7.204135  -0.287354 -0.000000 0.000000
152  -0.202703 -2.030487 -7.702830  -0.286180 -0.000000 0.000000
153  0.509549 -2.118898 -8.011625  -0.298398 -0.000000 0.000000
154  -0.202702 -2.255278 -8.465174  -0.283134 -0.000000 0.000000
155  0.509550 -2.352979 -8.771158  -0.295352 -0.000000 0.000000
156  -0.202702 -2.481596 -9.235472  -0.285437 -0.000000 0.000000
157  0.509547 -2.588684 -9.538637  -0.297653 -0.000000 0.000000
158  0.170121 -21.222094 -1.001143  -0.000001 -0.000001 0.000000
159  0.170123 -20.843864 -0.397182  -0.000001 -0.000001 0.000000
160  0.170122 -20.489748 -1.001141  -0.000001 -0.000001 0.000000
161  0.170122 -20.111069 -0.397185  -0.000001 -0.000001 0.000000
162  0.170123 -19.380093 -0.397189  -0.000001 -0.000001 0.000000
163  0.170120 -19.025110 -1.001146  -0.000001 -0.000001 0.000000
164  0.170124 -18.646664 -0.396447  -0.000001 -0.000001 0.000000
165  0.170124 -19.755762 -1.001143  -0.000001 -0.000001 0.000000
166  -0.015973 10.035404 1.098091  0.000000 -0.000000 0.000000
167  -0.104320 -52.163578 4.437347  1.570735 -0.000061 -1.570735
168  0.064655 27.351341 72.195206  0.000000 -0.000000 0.000000
169  6.064260 95.114014 31.645500  -0.000000 -0.000001 1.570796
170  -0.103718 -26.907875 3.305356  0.000000 0.000000 -1.570730
171  6.064260 69.096558 37.164318  1.570796 -0.000000 1.570796
172  1.974302 11.989233 4.589252  0.000000 -0.000000 0.000000
173  1.941737 0.883628 4.309756  0.000000 -0.000000 -1.483525
174  -0.115676 1.104778 6.744191  0.000000 -0.000000 0.000000
175  6.064262 89.329803 31.613920  -0.000000 -0.000001 1.570796
176  0.059881 2.255382 54.398026  0.000000 -0.000000 0.000000
177  0.003495 -22.270649 -0.000003  1.570735 -0.000061 -1.570735
178  0.104009 14.792241 1.530320  0.000000 -0.000000 0.000000
179  3.000520 -2.985220 1.029101  2.067399 -0.085866 -1.929635
180  -2.951614 25.811049 -3.742300  -0.096365 0.008023 -1.450340
181  -2.662416 1.445785 33.628742  0.000487 3.141104 1.570796
182  8.352065 2.772897 0.000541  -3.140902 0.000003 -0.000001
183  -2.662411 1.445789 40.667969  0.000487 3.141104 1.570796
184  8.352066 2.772894 0.000544  -3.140902 0.000003 -0.000001
185  -1.431357 16.384779 4.137812  0.000001 -0.000000 0.000000
186  -0.001846 0.521683 -0.140290  0.000000 -0.000000 0.000000
187  7.323107 -5.136194 -5.166238  0.000000 0.000000 -0.610865
188  2.698277 -0.000000 -0.000002  -0.000012 0.000000 0.000000
189  2.834157 -0.000002 0.000001  0.000013 0.000000 0.000000
190  2.648918 0.000001 -0.000002  -0.000001 -0.000001 0.000000
191  2.667498 -0.000004 0.000001  0.000000 -0.000000 -0.000000
192  2.426702 -0.000004 0.000003  0.000000 0.000000 -0.000000
193  -0.494747 -44.353447 -1.302299  1.570797 0.000000 -1.570797
194  11.545939 73.768425 -3.792007  0.000000 -0.000000 0.000000
195  -0.011106 -16.902813 1.952048  0.000001 -0.000000 0.000000
196  0.000001 -0.000000 -1.529053  -0.000000 -0.000000 -0.000000
197  -0.078940 0.000001 0.000002  0.000000 0.000001 1.570796
198  0.097093 0.000002 0.000001  -0.000000 -3.141592 1.570796
199  0.000000 0.000000 -0.000000  0.000000 -0.000000 -0.000000
200  -8.732318 -19.308290 -15.732381  -0.572039 0.201979 -0.564853
201  18.434023 -31.238546 -18.341848  1.554989 -0.109950 -0.941983
time 52
0  0 0 0  0 0 0
1  0.000000 0.000000 0.000000  0.000000 -0.000000 -0.000000
2  -0.000000 -0.000000 -55.423229  0.000000 -0.000000 -1.570730
3  -0.012872 0.000000 8.235027  -0.784749 -1.570710 -0.785986
4  16.163124 -0.010663 0.007211  -0.594297 0.000409 -0.000125
5  16.163132 -0.000000 3.830524  -1.333359 -0.199015 -2.456806
6  14.868229 0.000001 0.000001  -0.823290 0.689920 -1.612874
7  26.391939 -0.000004 -0.000001  -0.000000 0.000000 -1.410872
8  -0.000001 -0.000002 -0.000002  -0.136524 -0.000000 -0.000000
9  3.093512 -0.000001 -0.000002  -0.273073 -0.000000 -0.000000
10  6.187021 -0.000001 -0.000001  -0.409670 -0.000000 -0.000000
11  9.280534 -0.000005 -0.000003  -0.546210 0.000000 -0.000000
12  12.374045 -0.000004 -0.000001  -0.682825 -0.000000 -0.000000
13  15.467555 -0.000002 0.000000  -0.819386 -0.000000 -0.000000
14  18.561054 -0.000003 -0.000003  -0.955934 -0.000000 -0.000000
15  21.654572 -0.000007 -0.000001  -2.883167 -0.418143 0.783904
16  1.410065 0.800536 -2.089131  1.926816 0.229617 0.446891
17  3.954711 0.000000 0.000002  0.032650 -0.305879 0.082888
18  3.101570 -0.000004 0.000003  0.038488 -0.173200 0.020373
19  6.164458 -0.898154 2.575014  -0.464106 -0.015897 1.186542
20  2.805844 -0.000009 -0.000001  0.000000 -0.000000 0.521973
21  2.307439 0.000003 0.000001  -0.000000 0.000000 0.361287
22  7.145090 -0.676342 -1.382425  0.048305 -0.466031 0.179016
23  3.672220 -0.000002 0.000001  0.000000 0.000000 1.094786
24  2.676519 0.000003 -0.000000  0.000000 -0.000000 0.976405
25  6.831178 -0.870865 0.599918  -0.198432 -0.274957 0.706750
26  3.657074 -0.000001 -0.000000  0.000000 0.000000 1.196110
27  2.496796 0.000002 0.000000  -0.000000 -0.000000 0.510610
28  7.183341 -0.532081 -3.267604  0.092002 -0.569205 -0.163901
29  3.511589 0.000002 0.000001  -0.000000 -0.000000 0.459239
30  2.199417 -0.000002 0.000000  0.000000 -0.000000 0.877656
31  16.163136 0.000000 -3.830527  0.703564 0.858106 -2.571306
32  14.868248 0.000000 0.000001  -0.227482 -0.193054 -1.886893
33  26.391968 0.000006 0.000005  0.000000 0.000000 -1.643094
34  0.000000 0.000002 0.000003  0.120254 0.000000 -0.000000
35  3.093514 -0.000002 0.000003  0.240577 0.000000 0.000000
36  6.187024 -0.000000 0.000005  0.360852 0.000000 0.000000
37  9.280539 -0.000001 0.000004  0.481144 -0.000000 -0.000000
38  12.374043 0.000000 0.000005  0.601450 -0.000000 -0.000000
39  15.467555 0.000000 0.000003  0.721698 -0.000000 -0.000000
40  18.561068 -0.000000 0.000004  0.842000 0.000000 0.000000
41  21.654568 -0.000002 0.000006  2.612686 -0.520337 -0.041639
42  1.410063 0.800531 2.089143  -1.966491 -0.287076 0.559263
43  3.954715 -0.000005 0.000001  0.000000 0.000000 0.375132
44  3.101565 -0.000002 -0.000001  -0.000000 0.000000 0.790793
45  7.183349 -0.532091 3.267621  0.052242 -0.011652 -0.158551
46  3.511589 0.000001 0.000001  0.000000 -0.000000 0.189253
47  2.199409 -0.000000 0.000001  0.000000 0.000000 -0.104054
48  7.145095 -0.676345 1.382434  0.255424 0.283825 0.886074
49  3.672212 0.000000 -0.000002  -0.000000 -0.000000 1.435616
50  2.676521 -0.000001 -0.000001  -0.000000 -0.000000 1.062915
51  6.831170 -0.870867 -0.599908  0.339890 0.115856 1.057859
52  3.657082 0.000001 -0.000004  -0.000000 -0.000000 1.252192
53  2.496796 -0.000001 -0.000000  0.000000 0.000000 0.840195
54  6.164460 -0.898152 -2.575005  0.409526 -0.061316 1.152482
55  2.805843 -0.000001 -0.000000  0.000000 0.000000 0.666009
56  2.307452 -0.000000 -0.000001  0.000000 -0.000000 0.844543
57  0.000000 0.000000 0.000000  0.000001 -0.000000 -0.000000
58  14.351632 -31.856995 -17.620180  0.154649 0.489574 0.976722
59  -0.000005 -19.069481 4.681036  0.000000 0.000000 0.000000
60  1.986524 0.000021 -3.123738  -2.705260 -0.000000 -1.570797
61  -1.986695 0.000016 -3.123746  0.436333 0.000001 1.570797
62  -0.000000 0.000004 -0.000002  0.000000 0.000000 0.000000
63  -1.530661 0.861423 -3.109962  0.392682 0.000010 1.570745
64  -11.344164 1.135890 0.869268  0.000328 -0.024963 -0.026314
65  1.907530 0.861417 -2.954431  -0.392858 -0.000004 1.570778
66  -11.350041 -0.729402 0.864873  0.000154 -0.025335 0.026430
67  1.754235 4.036759 -1.682670  0.392549 -0.010099 -1.546344
68  -1.755145 4.036760 -1.682670  -0.392547 -0.010382 -1.594901
69  -0.164557 5.734785 5.880444  -0.000000 0.000000 -1.570730
70  1.203549 5.503725 4.339429  0.000000 0.000000 0.000000
71  -1.260172 5.668901 5.788553  0.070161 -0.418898 2.970131
72  1.185472 17.272335 1.821941  0.000000 0.000000 0.000000
73  0.060220 10.324434 74.469063  0.000000 0.000000 0.000000
74  0.052673 -3.972628 3.515841  1.570735 -0.000061 -1.570735
75  4.804187 -3.856467 -0.006876  -0.000000 0.000000 0.000000
76  -6.013983 -4.624460 0.000000  0.000000 0.000000 0.000000
77  -65.574089 -37.156048 0.002937  -0.786983 1.570710 0.784179
78  1.602685 -3.785217 0.003049  -0.786678 1.570710 0.784179
79  11.681374 -1.114742 -1.027847  -0.784849 1.570710 0.785947
80  19.766775 -3.800922 0.000001  -0.000000 -0.000000 -0.000000
81  3.258439 5.856955 -3.403522  -0.000000 -0.000000 -0.000000
82  15.153049 5.860580 -3.403519  -0.000000 -0.000000 0.000000
83  6.064254 77.294952 36.365795  1.570796 -0.000000 1.570796
84  -2.662409 1.445757 40.667957  -0.000000 3.141591 1.570796
85  8.352067 2.772895 0.000540  -3.141589 0.000002 0.000000
86  6.064255 72.973694 32.593250  1.570796 -0.000000 1.570796
87  -0.113679 5.957341 -0.188894  0.000000 0.000000 0.000000
88  0.097225 0.210963 3.469588  0.000000 0.000000 0.000000
89  0.000001 1.310212 -0.000000  0.000000 -0.000000 0.000000
90  0.000001 0.582261 0.000000  0.000000 -0.000000 0.000000
91  0.036299 1.284881 7.928799  0.000000 -0.000001 0.000000
92  -0.000000 1.310210 -0.000000  0.000000 -0.000000 0.000000
93  -0.000001 0.582258 -0.000001  0.000000 -0.000000 0.000000
94  5.969322 3.427459 -6.170650  -0.000000 -0.000001 -1.570796
95  -1.310210 0.000001 0.000002  0.000000 -0.000000 -0.000000
96  -0.582259 0.000001 0.000002  0.000000 -0.000000 -0.000000
97  5.969323 9.397400 -6.170659  -0.000000 -0.000001 -1.570796
98  -1.310213 0.000001 -0.000003  0.000000 0.000000 -0.000000
99  -0.582262 -0.000000 -0.000003  0.000000 0.000001 -0.000000
100  5.969322 15.223770 -6.170671  -0.000000 -0.000001 -1.570796
101  -1.310211 0.000002 0.000000  -0.000000 0.000000 -0.000000
102  -0.582259 0.000001 0.000000  -0.000000 0.000000 -0.000000
103  5.969325 20.835571 -6.170671  -0.000000 -0.000001 -1.570796
104  -1.310212 0.000001 0.000001  -0.000000 0.000000 -0.000000
105  -0.582261 0.000001 0.000004  -0.000000 0.000000 -0.000000
106  5.969323 26.771208 -6.170672  -0.000000 -0.000001 -1.570796
107  5.969324 32.597595 -6.170676  -0.000000 -0.000001 -1.570796
108  5.969323 38.209396 -6.170684  0.000000 -0.000001 -1.570800
109  5.969324 49.488468 -6.170684  0.000000 -0.000001 -1.570800
110  -0.539089 -0.556808 -0.017363  -0.042462 2.681156 1.551919
111  -6.799124 -0.556806 0.818550  -0.272420 2.701993 1.452460
112  -4.615283 -0.556822 0.270327  -0.117230 2.684609 1.518878
113  -2.650968 -0.556808 0.063011  -0.042463 2.681158 1.551919
114  27.110338 1.284856 12.007550  0.000000 -0.000000 0.000000
115  28.133427 1.284857 12.007547  0.000001 -0.000000 0.000000
116  12.812887 2.241786 12.007549  0.000000 -0.000001 -0.000001
117  -9.955967 -0.319621 4.380215  -0.000001 -0.000000 -0.000001
118  -11.316473 -0.319624 4.380215  -0.000003 -0.000000 -0.000000
119  -12.667812 -0.319625 4.380215  -0.000003 -0.000000 0.000001
120  -14.022141 -0.319624 4.380215  0.000010 -0.000000 -0.000011
121  -15.373238 -0.319621 4.380215  0.000015 -0.000000 -0.000015
122  -16.724144 -0.319622 4.380215  -0.000009 -0.000000 0.000006
123  -18.074572 -0.319621 4.380214  -0.000006 0.000000 0.000004
124  -19.423716 -0.319619 4.380215  0.000002 0.000000 -0.000004
125  -20.775272 -0.319621 4.380214  0.000003 0.000000 -0.000004
126  -22.126671 -0.319619 4.380215  0.000003 -0.000000 -0.000004
127  -23.478125 -0.319620 4.380215  0.000005 0.000000 -0.000006
128  -24.830616 -0.319618 4.380216  0.000036 0.000000 -0.000038
129  -26.182028 -0.319618 4.380215  -0.000011 0.000000 0.000011
130  0.529181 -0.167130 0.629484  -0.101270 -0.000000 0.000000
131  -0.211444 -0.241684 0.155362  -0.145847 -0.000000 0.000000
132  0.529190 -0.280701 -0.110294  -0.145847 -0.000000 -0.000000
133  -0.173926 -0.337326 -0.638496  -0.181751 -0.000000 0.000000
134  0.529191 -0.399246 -0.975393  -0.181751 -0.000000 0.000000
135  -0.211443 -0.464476 -1.431041  -0.192399 -0.000000 0.000000
136  0.529192 -0.515806 -1.694583  -0.192399 -0.000000 0.000000
137  -0.173927 -0.612152 -2.231911  -0.216703 -0.000000 0.000000
138  0.529189 -0.685806 -2.566440  -0.216703 -0.000000 0.000000
139  -0.211443 -0.769561 -3.027870  -0.237349 -0.000000 0.000000
140  0.529189 -0.832685 -3.288846  -0.237349 -0.000000 0.000000
141  -0.173938 -0.945281 -3.779564  -0.233859 0.000000 0.000000
142  0.529178 -1.024658 -4.112778  -0.233859 0.000000 0.000000
143  -0.211443 -1.132185 -4.577545  -0.262919 -0.000000 0.000000
144  0.529190 -1.201963 -4.836824  -0.262919 0.000000 0.000000
145  -0.000005 -2.810941 -10.636630  0.258454 -0.000000 3.141592
146  -0.192454 -1.345778 -5.370047  -0.280373 0.000000 0.000000
147  0.533985 -1.413512 -5.605103  -0.276883 0.000000 0.000000
148  -0.206618 -1.795759 -6.909779  -0.287354 0.000000 0.000000
149  -0.205804 -1.564817 -6.138256  -0.290843 0.000000 0.000000
150  0.530459 -1.643675 -6.395213  -0.290844 0.000000 0.000000
151  0.535311 -1.790709 -7.204133  -0.287354 -0.000000 0.000000
152  -0.202703 -2.030486 -7.702830  -0.286180 -0.000000 0.000000
153  0.509549 -2.118894 -8.011625  -0.298398 -0.000000 0.000000
154  -0.202703 -2.255278 -8.465170  -0.283134 -0.000000 0.000000
155  0.509549 -2.352979 -8.771160  -0.295352 -0.000000 0.000000
156  -0.202703 -2.481596 -9.235473  -0.285437 -0.000000 0.000000
157  0.509545 -2.588684 -9.538639  -0.297654 -0.000000 0.000000
158  0.170122 -21.222094 -1.001141  -0.000001 -0.000001 0.000000
159  0.170123 -20.843863 -0.397182  -0.000001 -0.000001 0.000000
160  0.170125 -20.489746 -1.001141  -0.000001 -0.000001 0.000000
161  0.170125 -20.111069 -0.397182  -0.000001 -0.000001 0.000000
162  0.170125 -19.380089 -0.397187  -0.000001 -0.000001 0.000000
163  0.170123 -19.025108 -1.001145  -0.000001 -0.000001 0.000000
164  0.170123 -18.646660 -0.396449  -0.000001 -0.000001 0.000000
165  0.170126 -19.755760 -1.001143  -0.000001 -0.000001 0.000000
166  -0.015971 10.035405 1.098090  0.000000 0.000000 0.000000
167  -0.104321 -52.163574 4.437346  1.570735 -0.000061 -1.570735
168  0.064654 27.351345 72.195213  0.000000 0.000000 0.000000
169  6.064263 95.114014 31.645502  0.000000 -0.000001 1.570796
170  -0.103722 -26.907856 3.305353  -0.000000 0.000000 -1.570730
171  6.064259 69.096558 37.164318  1.570796 -0.000000 1.570796
172  1.974303 11.989234 4.589250  0.000000 0.000000 0.000000
173  1.941738 0.883631 4.309753  0.000000 -0.000000 -1.483525
174  -0.115675 1.104777 6.744192  0.000000 0.000000 0.000000
175  6.064258 89.329803 31.613914  0.000000 -0.000001 1.570796
176  0.059885 2.255380 54.398026  0.000000 0.000000 0.000000
177  0.003495 -22.270649 0.000000  1.570735 -0.000061 -1.570735
178  0.104011 14.792243 1.530319  0.000000 0.000000 0.000000
179  3.000524 -2.985219 1.029099  2.067399 -0.085866 -1.929635
180  -2.951612 25.811050 -3.742303  -0.096365 0.008023 -1.450340
181  -2.662412 1.445786 33.628742  0.000487 3.141104 1.570796
182  8.352068 2.772899 0.000540  -3.140902 0.000003 -0.000001
183  -2.662408 1.445789 40.667969  0.000487 3.141104 1.570796
184  8.352066 2.772899 0.000538  -3.140902 0.000003 -0.000001
185  -1.431355 16.384781 4.137813  0.000001 -0.000000 0.000000
186  -0.001844 0.521684 -0.140288  0.000000 0.000000 0.000000
187  7.323109 -5.136189 -5.166237  -0.000000 0.000000 -0.610865
188  2.698276 -0.000001 -0.000001  -0.000012 0.000000 0.000001
189  2.834160 -0.000001 -0.000001  0.000013 0.000000 -0.000000
190  2.648918 -0.000000 -0.000001  -0.000001 -0.000001 0.000000
191  2.667498 -0.000000 0.000002  0.000000 0.000000 -0.000000
192  2.426700 -0.000001 -0.000003  0.000000 0.000000 -0.000000
193  -0.494740 -44.353443 -1.302299  1.570797 0.000000 -1.570797
194  11.545935 73.768425 -3.792011  0.000000 0.000000 0.000000
195  -0.011102 -16.902813 1.952046  0.000001 0.000000 0.000000
196  -0.000002 -0.000002 -1.529052  -0.000000 -0.000000 0.000000
197  -0.078939 -0.000001 -0.000001  0.000000 0.000001 1.570796
198  0.097095 -0.000001 -0.000003  -0.000000 -3.141592 1.570796
199  0.000000 0.000000 -0.000000  0.000000 -0.000000 -0.000000
200  -8.637714 -19.310680 -15.987124  -0.573961 0.199761 -0.562977
201  18.557386 -31.186127 -18.539631  1.554016 -0.112688 -0.939659
time 53
0  0 0 0  0 0 0
1  0.000000 0.000000 0.000000  0.000000 -0.000000 -0.000000
2  -0.000000 -0.000000 -55.423229  0.000000 -0.000000 -1.570730
3  -0.012872 0.000000 8.235027  -0.784749 -1.570710 -0.785986
4  16.163124 -0.010663 0.007211  -0.594297 0.000409 -0.000125
5  16.163132 -0.000000 3.830524  -1.333359 -0.199015 -2.456806
6  14.868229 0.000001 0.000001  -0.819341 0.692918 -1.605446
7  26.391945 -0.000004 -0.000001  -0.000000 0.000000 -1.412797
8  -0.000007 0.000004 0.000000  -0.137441 -0.000000 -0.000000
9  3.093514 0.000001 -0.000000  -0.274983 -0.000000 -0.000000
10  6.187020 0.000001 0.000000  -0.412476 -0.000000 -0.000000
11  9.280531 -0.000001 0.000000  -0.549951 -0.000000 -0.000000
12  12.374043 -0.000001 0.000001  -0.687491 -0.000000 -0.000000
13  15.467556 -0.000002 -0.000000  -0.824979 -0.000000 -0.000000
14  18.561050 -0.000005 0.000000  -0.962470 -0.000000 -0.000000
15  21.654568 -0.000004 0.000003  -2.892976 -0.418020 0.774493
16  1.410062 0.800540 -2.089136  1.926816 0.229617 0.446891
17  3.954712 -0.000000 0.000004  0.032650 -0.305879 0.082888
18  3.101566 -0.000000 0.000001  0.038488 -0.173200 0.020373
19  6.164456 -0.898153 2.575011  -0.464106 -0.015897 1.186542
20  2.805843 -0.000001 0.000000  0.000000 -0.000000 0.521973
21  2.307440 0.000000 0.000000  0.000000 0.000000 0.361287
22  7.145087 -0.676339 -1.382430  0.048305 -0.466031 0.179016
23  3.672219 -0.000001 -0.000001  0.000000 0.000000 1.094786
24  2.676521 0.000004 -0.000000  0.000000 0.000000 0.976405
25  6.831176 -0.870864 0.599917  -0.198432 -0.274957 0.706750
26  3.657073 0.000003 -0.000001  0.000000 0.000000 1.196110
27  2.496793 0.000004 0.000000  -0.000000 -0.000000 0.510610
28  7.183342 -0.532078 -3.267608  0.092002 -0.569205 -0.163901
29  3.511580 -0.000000 0.000004  -0.000000 -0.000000 0.459239
30  2.199415 0.000001 0.000003  0.000000 -0.000000 0.877656
31  16.163136 0.000000 -3.830527  0.703564 0.858106 -2.571306
32  14.868248 0.000000 0.000001  -0.230631 -0.196441 -1.886088
33  26.391966 0.000003 0.000004  0.000000 0.000000 -1.642914
34  0.000001 -0.000003 0.000002  0.118236 0.000000 -0.000000
35  3.093513 -0.000004 0.000003  0.236459 -0.000000 0.000000
36  6.187022 -0.000004 0.000002  0.354712 0.000000 0.000000
37  9.280537 -0.000002 0.000000  0.472978 -0.000000 0.000000
38  12.374043 -0.000005 0.000003  0.591233 -0.000000 -0.000000
39  15.467552 -0.000001 0.000001  0.709447 -0.000000 0.000000
40  18.561066 -0.000002 0.000002  0.827711 0.000000 0.000000
41  21.654568 -0.000001 0.000002  2.595366 -0.518025 -0.039066
42  1.410066 0.800528 2.089140  -1.966491 -0.287076 0.559263
43  3.954714 -0.000005 0.000002  0.000000 -0.000000 0.375132
44  3.101565 -0.000001 -0.000000  -0.000000 -0.000000 0.790793
45  7.183351 -0.532092 3.267617  0.052242 -0.011652 -0.158551
46  3.511586 0.000000 -0.000000  0.000000 0.000000 0.189253
47  2.199410 0.000002 -0.000000  -0.000000 -0.000000 -0.104054
48  7.145096 -0.676347 1.382431  0.255424 0.283825 0.886075
49  3.672211 0.000001 -0.000001  -0.000000 -0.000000 1.435616
50  2.676522 -0.000002 -0.000002  -0.000000 -0.000000 1.062915
51  6.831170 -0.870866 -0.599912  0.339890 0.115856 1.057859
52  3.657082 0.000002 0.000000  -0.000000 -0.000000 1.252192
53  2.496800 -0.000002 -0.000001  0.000000 0.000000 0.840195
54  6.164462 -0.898153 -2.575010  0.409526 -0.061316 1.152482
55  2.805842 -0.000000 0.000001  -0.000000 -0.000000 0.666008
56  2.307454 0.000001 -0.000001  0.000000 -0.000000 0.844543
57  0.000000 0.000000 0.000000  0.000001 -0.000000 -0.000000
58  14.408932 -31.861404 -17.792606  0.154517 0.502043 0.978663
59  -0.000001 -19.069466 4.681039  -0.000000 -0.000000 -0.000000
60  1.986524 0.000015 -3.123736  -2.705260 -0.000000 -1.570797
61  -1.986691 0.000018 -3.123745  0.436333 0.000001 1.570797
62  -0.000001 0.000001 0.000001  -0.000000 -0.000000 -0.000000
63  -1.530657 0.861421 -3.109958  0.392682 0.000010 1.570745
64  -11.344166 1.135891 0.869268  0.000328 -0.024963 -0.026314
65  1.907530 0.861415 -2.954430  -0.392858 -0.000004 1.570778
66  -11.350045 -0.729400 0.864872  0.000154 -0.025335 0.026430
67  1.754236 4.036755 -1.682668  0.392549 -0.010099 -1.546344
68  -1.755145 4.036757 -1.682668  -0.392547 -0.010382 -1.594901
69  -0.164557 5.734786 5.880444  0.000000 -0.000000 -1.570730
70  1.203549 5.503725 4.339430  -0.000000 -0.000000 -0.000000
71  -1.260174 5.668903 5.788551  0.070161 -0.418898 2.970131
72  1.185472 17.272335 1.821943  -0.000000 -0.000000 -0.000000
73  0.060221 10.324433 74.469048  -0.000000 -0.000000 -0.000000
74  0.052680 -3.972620 3.515848  1.570735 -0.000061 -1.570735
75  4.804185 -3.856462 -0.006878  0.000000 0.000000 0.000000
76  -6.013983 -4.624459 0.000001  0.000000 0.000000 0.000000
77  -65.574089 -37.156044 0.002941  -0.786251 1.570710 0.783813
78  1.602684 -3.785213 0.003051  -0.786130 1.570710 0.784545
79  11.681372 -1.114738 -1.027848  -0.784362 1.570710 0.785825
80  19.766779 -3.800922 0.000002  0.000000 -0.000000 0.000000
81  3.258441 5.856956 -3.403522  -0.000000 -0.000000 -0.000000
82  15.153049 5.860582 -3.403519  0.000000 -0.000000 0.000000
83  6.064256 77.294945 36.365791  1.570796 -0.000000 1.570796
84  -2.662413 1.445756 40.667953  0.000000 3.141591 1.570796
85  8.352064 2.772900 0.000545  -3.141589 0.000002 -0.000000
86  6.064259 72.973686 32.593246  1.570796 -0.000000 1.570796
87  -0.113680 5.957340 -0.188895  -0.000000 -0.000000 -0.000000
88  0.097224 0.210964 3.469587  -0.000000 -0.000000 -0.000000
89  0.000001 1.310210 -0.000001  0.000000 -0.000000 0.000000
90  0.000000 0.582259 -0.000000  0.000000 -0.000000 0.000000
91  0.036298 1.284880 7.928799  0.000000 -0.000001 0.000000
92  0.000000 1.310209 -0.000001  0.000000 -0.000000 0.000000
93  0.000000 0.582258 -0.000001  0.000000 -0.000000 0.000000
94  5.969321 3.427458 -6.170649  -0.000000 -0.000001 -1.570797
95  -1.310212 -0.000001 0.000001  0.000000 -0.000000 -0.000000
96  -0.582261 -0.000001 0.000000  0.000000 -0.000000 -0.000000
97  5.969322 9.397399 -6.170658  -0.000000 -0.000001 -1.570796
98  -1.310211 0.000001 0.000004  0.000000 0.000000 -0.000000
99  -0.582260 -0.000001 0.000003  0.000000 0.000000 -0.000000
100  5.969321 15.223768 -6.170668  0.000000 -0.000001 -1.570796
101  -1.310212 0.000001 0.000002  -0.000000 0.000000 -0.000000
102  -0.582261 0.000001 0.000001  -0.000000 0.000000 -0.000000
103  5.969324 20.835569 -6.170671  0.000000 -0.000001 -1.570796
104  -1.310211 0.000002 0.000004  -0.000000 0.000000 -0.000000
105  -0.582260 0.000001 0.000004  -0.000000 0.000000 -0.000000
106  5.969323 26.771206 -6.170670  0.000000 -0.000001 -1.570796
107  5.969323 32.597595 -6.170672  0.000000 -0.000001 -1.570796
108  5.969323 38.209393 -6.170685  0.000000 -0.000001 -1.570800
109  5.969321 49.488461 -6.170684  0.000000 -0.000001 -1.570800
110  -0.539091 -0.556809 -0.017363  -0.042462 2.681156 1.551919
111  -6.799124 -0.556808 0.818550  -0.272420 2.701993 1.452460
112  -4.615283 -0.556822 0.270329  -0.117230 2.684609 1.518878
113  -2.650970 -0.556807 0.063010  -0.042463 2.681158 1.551919
114  27.110336 1.284855 12.007546  -0.000000 -0.000000 -0.000000
115  28.133423 1.284857 12.007548  0.000001 -0.000000 -0.000000
116  12.812884 2.241785 12.007549  0.000000 -0.000001 -0.000001
117  -9.955968 -0.319624 4.380214  -0.000001 -0.000000 -0.000001
118  -11.316473 -0.319623 4.380216  -0.000003 -0.000000 -0.000000
119  -12.667810 -0.319621 4.380217  -0.000003 -0.000000 0.000001
120  -14.022141 -0.319622 4.380216  0.000010 -0.000000 -0.000011
121  -15.373240 -0.319622 4.380214  0.000015 -0.000000 -0.000015
122  -16.724140 -0.319620 4.380215  -0.000009 -0.000000 0.000006
123  -18.074574 -0.319623 4.380214  -0.000006 -0.000000 0.000004
124  -19.423717 -0.319623 4.380214  0.000002 0.000000 -0.000004
125  -20.775270 -0.319620 4.380215  0.000003 0.000000 -0.000004
126  -22.126673 -0.319621 4.380215  0.000003 -0.000000 -0.000004
127  -23.478125 -0.319620 4.380215  0.000005 -0.000000 -0.000006
128  -24.830622 -0.319621 4.380216  0.000036 -0.000000 -0.000038
129  -26.182026 -0.319618 4.380216  -0.000011 -0.000000 0.000011
130  0.529179 -0.167131 0.629485  -0.101270 -0.000000 0.000000
131  -0.211444 -0.241684 0.155363  -0.145847 -0.000000 0.000000
132  0.529190 -0.280700 -0.110292  -0.145847 -0.000000 0.000000
133  -0.173929 -0.337327 -0.638495  -0.181751 -0.000000 0.000000
134  0.529190 -0.399246 -0.975392  -0.181751 -0.000000 0.000000
135  -0.211445 -0.464478 -1.431040  -0.192399 -0.000000 0.000000
136  0.529189 -0.515808 -1.694580  -0.192400 -0.000000 0.000000
137  -0.173926 -0.612152 -2.231911  -0.216703 -0.000000 0.000000
138  0.529187 -0.685806 -2.566438  -0.216703 -0.000000 0.000000
139  -0.211444 -0.769563 -3.027871  -0.237349 -0.000000 0.000000
140  0.529186 -0.832688 -3.288845  -0.237349 -0.000000 0.000000
141  -0.173938 -0.945283 -3.779564  -0.233859 0.000000 0.000000
142  0.529177 -1.024658 -4.112778  -0.233859 0.000000 -0.000000
143  -0.211444 -1.132188 -4.577547  -0.262919 -0.000000 0.000000
144  0.529191 -1.201963 -4.836824  -0.262919 0.000000 -0.000000
145  -0.000005 -2.810943 -10.636628  0.258454 0.000000 3.141592
146  -0.192457 -1.345778 -5.370042  -0.280373 0.000000 0.000000
147  0.533982 -1.413513 -5.605103  -0.276883 0.000000 0.000000
148  -0.206619 -1.795760 -6.909775  -0.287354 0.000000 0.000000
149  -0.205805 -1.564819 -6.138256  -0.290843 0.000000 0.000000
150  0.530457 -1.643676 -6.395213  -0.290844 0.000000 0.000000
151  0.535310 -1.790710 -7.204130  -0.287354 -0.000000 0.000000
152  -0.202705 -2.030487 -7.702829  -0.286180 -0.000000 0.000000
153  0.509548 -2.118896 -8.011621  -0.298398 -0.000000 0.000000
154  -0.202706 -2.255279 -8.465170  -0.283134 -0.000000 0.000000
155  0.509546 -2.352980 -8.771158  -0.295352 -0.000000 0.000000
156  -0.202706 -2.481599 -9.235471  -0.285437 -0.000000 0.000000
157  0.509545 -2.588682 -9.538636  -0.297654 -0.000000 0.000000
158  0.170121 -21.222092 -1.001141  -0.000001 -0.000001 0.000000
159  0.170120 -20.843863 -0.397182  -0.000001 -0.000001 0.000000
160  0.170124 -20.489744 -1.001141  -0.000001 -0.000001 0.000000
161  0.170122 -20.111071 -0.397181  -0.000001 -0.000001 0.000000
162  0.170122 -19.380085 -0.397185  -0.000001 -0.000001 0.000000
163  0.170121 -19.025108 -1.001143  -0.000001 -0.000001 0.000000
164  0.170121 -18.646660 -0.396446  -0.000001 -0.000001 0.000000
165  0.170121 -19.755762 -1.001141  -0.000001 -0.000001 0.000000
166  -0.015972 10.035405 1.098091  -0.000000 -0.000000 -0.000000
167  -0.104322 -52.163570 4.437344  1.570735 -0.000061 -1.570735
168  0.064653 27.351343 72.195198  -0.000000 -0.000000 -0.000000
169  6.064257 95.114014 31.645496  -0.000000 -0.000001 1.570796
170  -0.103723 -26.907864 3.305352  0.000000 -0.000000 -1.570730
171  6.064256 69.096550 37.164314  1.570796 -0.000000 1.570796
172  1.974303 11.989235 4.589251  0.000000 -0.000000 -0.000000
173  1.941734 0.883633 4.309754  0.000000 -0.000000 -1.483525
174  -0.115679 1.104781 6.744190  -0.000000 -0.000000 -0.000000
175  6.064262 89.329803 31.613914  -0.000000 -0.000001 1.570796
176  0.059885 2.255380 54.398018  -0.000000 -0.000000 -0.000000
177  0.003497 -22.270649 -0.000004  1.570735 -0.000061 -1.570735
178  0.104011 14.792245 1.530320  -0.000000 -0.000000 -0.000000
179  3.000525 -2.985215 1.029102  2.067399 -0.085866 -1.929635
180  -2.951612 25.811050 -3.742300  -0.096365 0.008023 -1.450340
181  -2.662413 1.445787 33.628738  0.000487 3.141104 1.570796
182  8.352066 2.772895 0.000542  -3.140902 0.000003 -0.000001
183  -2.662412 1.445791 40.667965  0.000487 3.141104 1.570796
184  8.352064 2.772895 0.000544  -3.140902 0.000003 -0.000001
185  -1.431355 16.384781 4.137812  0.000001 -0.000000 0.000000
186  -0.001844 0.521687 -0.140290  0.000000 -0.000000 -0.000000
187  7.323110 -5.136189 -5.166235  -0.000000 0.000000 -0.610865
188  2.698274 -0.000002 0.000002  -0.000012 0.000000 0.000000
189  2.834159 -0.000003 -0.000001  0.000013 0.000000 -0.000000
190  2.648916 0.000001 0.000001  -0.000001 -0.000001 0.000000
191  2.667494 -0.000003 -0.000001  -0.000000 0.000000 0.000000
192  2.426705 -0.000003 0.000001  -0.000000 0.000000 -0.000000
193  -0.494743 -44.353439 -1.302298  1.570797 0.000000 -1.570797
194  11.545939 73.768417 -3.792007  0.000000 -0.000000 -0.000000
195  -0.011102 -16.902807 1.952048  0.000001 -0.000000 -0.000000
196  -0.000001 -0.000000 -1.529050  -0.000000 -0.000000 0.000000
197  -0.078943 0.000000 -0.000002  0.000000 0.000001 1.570796
198  0.097091 0.000000 -0.000002  -0.000000 -3.141592 1.570796
199  0.000000 0.000000 -0.000000  0.000000 -0.000000 -0.000000
200  -8.604323 -19.344168 -16.129854  -0.586699 0.200065 -0.563451
201  18.604834 -31.188881 -18.747217  1.542215 -0.116983 -0.936216
time 54
0  0 0 0  0 0 0
1  0.000000 0.000000 0.000000  0.000000 -0.000000 -0.000000
2  -0.000000 -0.000000 -55.423229  0.000000 -0.000000 -1.570730
3  -0.012872 0.000000 8.235027  -0.784749 -1.570710 -0.785986
4  16.163124 -0.010663 0.007211  -0.594297 0.000409 -0.000125
5  16.163132 -0.000000 3.830524  -1.333359 -0.199015 -2.456806
6  14.868229 0.000001 0.000001  -0.814648 0.697740 -1.599664
7  26.391945 -0.000007 -0.000002  -0.000000 0.000000 -1.412957
8  -0.000001 -0.000005 -0.000002  -0.138971 -0.000000 -0.000000
9  3.093513 -0.000004 -0.000001  -0.278003 -0.000000 -0.000000
10  6.187022 -0.000006 0.000000  -0.417030 -0.000000 -0.000000
11  9.280535 -0.000004 -0.000001  -0.556105 0.000000 -0.000000
12  12.374046 -0.000007 0.000001  -0.695081 -0.000000 -0.000000
13  15.467555 -0.000006 0.000000  -0.834116 -0.000000 -0.000000
14  18.561058 -0.000008 -0.000001  -0.973158 -0.000000 -0.000000
15  21.654572 -0.000011 0.000001  -2.911505 -0.419206 0.766757
16  1.410066 0.800539 -2.089134  1.926816 0.229617 0.446891
17  3.954710 -0.000002 0.000005  0.032650 -0.305879 0.082888
18  3.101567 -0.000002 0.000002  0.038488 -0.173200 0.020373
19  6.164458 -0.898150 2.575009  -0.464106 -0.015897 1.186542
20  2.805844 -0.000004 0.000001  -0.000000 0.000000 0.521973
21  2.307441 0.000002 0.000001  0.000000 0.000000 0.361287
22  7.145091 -0.676337 -1.382427  0.048305 -0.466031 0.179016
23  3.672210 -0.000001 -0.000000  0.000000 0.000000 1.094786
24  2.676518 0.000005 0.000003  0.000000 -0.000000 0.976405
25  6.831178 -0.870862 0.599916  -0.198432 -0.274957 0.706750
26  3.657073 0.000003 -0.000001  0.000000 0.000000 1.196110
27  2.496790 -0.000003 0.000004  -0.000000 -0.000000 0.510610
28  7.183346 -0.532079 -3.267608  0.092002 -0.569205 -0.163901
29  3.511592 -0.000002 0.000002  -0.000000 -0.000000 0.459239
30  2.199418 -0.000000 -0.000004  0.000000 -0.000000 0.877656
31  16.163136 0.000000 -3.830527  0.703564 0.858106 -2.571306
32  14.868248 0.000000 0.000001  -0.230386 -0.196074 -1.885959
33  26.391968 0.000002 0.000003  0.000000 0.000000 -1.643183
34  0.000001 -0.000000 -0.000002  0.115730 0.000000 -0.000000
35  3.093516 -0.000003 -0.000001  0.231542 0.000000 0.000000
36  6.187023 -0.000001 -0.000003  0.347335 0.000000 0.000000
37  9.280536 -0.000000 -0.000001  0.463126 -0.000000 -0.000000
38  12.374044 -0.000001 -0.000000  0.578866 -0.000000 -0.000000
39  15.467553 -0.000001 0.000000  0.694692 -0.000000 0.000000
40  18.561069 -0.000000 -0.000001  0.810478 -0.000000 0.000000
41  21.654568 -0.000001 -0.000001  2.576366 -0.523885 -0.034094
42  1.410065 0.800529 2.089141  -1.966491 -0.287076 0.559263
43  3.954715 -0.000004 0.000000  -0.000000 0.000000 0.375132
44  3.101565 0.000000 -0.000000  -0.000000 0.000000 0.790793
45  7.183349 -0.532091 3.267620  0.052242 -0.011652 -0.158551
46  3.511586 0.000000 0.000002  0.000000 -0.000000 0.189253
47  2.199408 0.000000 -0.000001  -0.000000 -0.000000 -0.104054
48  7.145096 -0.676344 1.382434  0.255424 0.283825 0.886075
49  3.672210 -0.000002 -0.000003  -0.000000 -0.000000 1.435616
50  2.676520 0.000001 0.000001  0.000000 0.000000 1.062915
51  6.831169 -0.870868 -0.599909  0.339890 0.115856 1.057859
52  3.657083 0.000001 0.000000  -0.000000 -0.000000 1.252193
53  2.496799 -0.000001 0.000000  0.000000 0.000000 0.840195
54  6.164459 -0.898153 -2.575006  0.409526 -0.061316 1.152482
55  2.805844 0.000001 0.000001  0.000000 -0.000000 0.666009
56  2.307451 0.000001 0.000002  0.000000 -0.000000 0.844543
57  0.000000 0.000000 0.000000  0.000001 -0.000000 -0.000000
58  14.361182 -31.901062 -17.950665  0.160209 0.519711 0.980280
59  0.000000 -19.069485 4.681040  0.000000 -0.000000 0.000000
60  1.986526 0.000019 -3.123738  -2.705260 -0.000000 -1.570797
61  -1.986690 0.000016 -3.123745  0.436333 0.000001 1.570797
62  -0.000001 -0.000001 0.000000  0.000000 -0.000000 0.000000
63  -1.530661 0.861422 -3.109962  0.392682 0.000010 1.570745
64  -11.344173 1.135893 0.869264  0.000328 -0.024963 -0.026314
65  1.907534 0.861416 -2.954430  -0.392858 -0.000004 1.570778
66  -11.350042 -0.729403 0.864869  0.000154 -0.025335 0.026430
67  1.754235 4.036755 -1.682671  0.392549 -0.010099 -1.546344
68  -1.755144 4.036759 -1.682672  -0.392547 -0.010382 -1.594901
69  -0.164558 5.734783 5.880447  0.000000 0.000000 -1.570730
70  1.203550 5.503723 4.339432  0.000000 -0.000000 0.000000
71  -1.260175 5.668901 5.788553  0.070161 -0.418898 2.970131
72  1.185472 17.272335 1.821944  0.000000 -0.000000 0.000000
73  0.060217 10.324438 74.469063  0.000000 -0.000000 0.000000
74  0.052682 -3.972622 3.515846  1.570735 -0.000061 -1.570735
75  4.804187 -3.856469 -0.006877  -0.000000 0.000000 0.000000
76  -6.013984 -4.624461 -0.000000  0.000000 0.000000 0.000000
77  -65.574097 -37.156052 0.002935  -0.786678 1.570710 0.783386
78  1.602684 -3.785216 0.003047  -0.786556 1.570710 0.784117
79  11.681372 -1.114741 -1.027848  -0.785337 1.570710 0.786130
80  19.766773 -3.800925 0.000003  -0.000000 -0.000000 0.000000
81  3.258438 5.856955 -3.403524  -0.000000 -0.000000 -0.000000
82  15.153045 5.860582 -3.403521  0.000000 -0.000000 0.000000
83  6.064259 77.294960 36.365799  1.570796 -0.000000 1.570796
84  -2.662412 1.445758 40.667961  0.000000 3.141591 1.570796
85  8.352068 2.772895 0.000539  -3.141589 0.000002 0.000000
86  6.064255 72.973701 32.593254  1.570796 -0.000000 1.570796
87  -0.113675 5.957341 -0.188890  0.000000 -0.000000 0.000000
88  0.097225 0.210964 3.469588  0.000000 -0.000000 0.000000
89  -0.000000 1.310208 0.000000  0.000000 -0.000000 0.000000
90  -0.000001 0.582258 -0.000000  0.000000 -0.000000 0.000000
91  0.036298 1.284882 7.928799  0.000000 -0.000001 0.000000
92  -0.000001 1.310210 -0.000001  0.000000 0.000000 0.000000
93  -0.000002 0.582260 0.000000  0.000000 0.000000 0.000000
94  5.969326 3.427459 -6.170651  -0.000000 -0.000001 -1.570797
95  -1.310207 0.000002 0.000003  0.000000 -0.000000 -0.000000
96  -0.582257 0.000001 0.000002  0.000000 -0.000000 -0.000000
97  5.969323 9.397400 -6.170657  -0.000000 -0.000001 -1.570796
98  -1.310212 0.000001 0.000001  0.000000 0.000000 -0.000000
99  -0.582261 0.000001 -0.000000  0.000000 0.000000 -0.000000
100  5.969322 15.223770 -6.170670  0.000000 -0.000001 -1.570796
101  -1.310211 0.000002 -0.000000  -0.000000 0.000000 -0.000000
102  -0.582259 0.000001 0.000001  -0.000000 0.000000 -0.000000
103  5.969322 20.835569 -6.170670  0.000000 -0.000001 -1.570796
104  -1.310211 0.000003 0.000001  -0.000000 0.000000 -0.000000
105  -0.582260 0.000001 0.000002  -0.000000 0.000000 -0.000000
106  5.969324 26.771210 -6.170672  0.000000 -0.000001 -1.570796
107  5.969323 32.597595 -6.170673  0.000000 -0.000001 -1.570796
108  5.969323 38.209400 -6.170684  0.000000 -0.000001 -1.570800
109  5.969324 49.488468 -6.170681  0.000000 -0.000001 -1.570800
110  -0.539091 -0.556810 -0.017363  -0.042462 2.681156 1.551919
111  -6.799124 -0.556807 0.818549  -0.272420 2.701993 1.452460
112  -4.615283 -0.556823 0.270328  -0.117230 2.684609 1.518878
113  -2.650970 -0.556808 0.063010  -0.042463 2.681158 1.551919
114  27.110336 1.284857 12.007549  0.000000 -0.000000 0.000000
115  28.133427 1.284858 12.007548  0.000001 -0.000000 0.000000
116  12.812888 2.241786 12.007551  0.000000 -0.000001 -0.000001
117  -9.955967 -0.319623 4.380215  -0.000001 -0.000000 -0.000001
118  -11.316474 -0.319622 4.380216  -0.000003 -0.000000 0.000000
119  -12.667814 -0.319624 4.380214  -0.000003 -0.000000 0.000001
120  -14.022142 -0.319622 4.380214  0.000010 -0.000000 -0.000011
121  -15.373240 -0.319622 4.380215  0.000015 -0.000000 -0.000015
122  -16.724144 -0.319620 4.380216  -0.000009 -0.000000 0.000006
123  -18.074574 -0.319622 4.380214  -0.000006 -0.000000 0.000004
124  -19.423719 -0.319622 4.380213  0.000002 0.000000 -0.000004
125  -20.775274 -0.319619 4.380214  0.000003 0.000000 -0.000004
126  -22.126675 -0.319621 4.380213  0.000003 -0.000000 -0.000004
127  -23.478127 -0.319621 4.380214  0.000005 -0.000000 -0.000006
128  -24.830624 -0.319619 4.380214  0.000036 -0.000000 -0.000038
129  -26.182030 -0.319617 4.380215  -0.000011 -0.000000 0.000011
130  0.529180 -0.167130 0.629484  -0.101270 -0.000000 0.000000
131  -0.211444 -0.241685 0.155360  -0.145847 -0.000000 0.000000
132  0.529188 -0.280702 -0.110293  -0.145847 -0.000000 0.000000
133  -0.173929 -0.337326 -0.638494  -0.181751 -0.000000 0.000000
134  0.529189 -0.399246 -0.975393  -0.181751 -0.000000 0.000000
135  -0.211445 -0.464477 -1.431042  -0.192399 -0.000000 0.000000
136  0.529189 -0.515807 -1.694582  -0.192399 -0.000000 0.000000
137  -0.173929 -0.612151 -2.231910  -0.216703 -0.000000 0.000000
138  0.529186 -0.685807 -2.566439  -0.216703 -0.000000 0.000000
139  -0.211446 -0.769561 -3.027870  -0.237349 -0.000000 0.000000
140  0.529188 -0.832687 -3.288848  -0.237349 -0.000000 0.000000
141  -0.173938 -0.945283 -3.779564  -0.233859 0.000000 0.000000
142  0.529177 -1.024658 -4.112779  -0.233859 0.000000 0.000000
143  -0.211446 -1.132187 -4.577547  -0.262919 -0.000000 0.000000
144  0.529190 -1.201966 -4.836824  -0.262919 0.000000 0.000000
145  -0.000004 -2.810941 -10.636630  0.258454 0.000000 3.141592
146  -0.192456 -1.345780 -5.370046  -0.280373 0.000000 0.000000
147  0.533983 -1.413512 -5.605104  -0.276883 0.000000 0.000000
148  -0.206617 -1.795760 -6.909780  -0.287354 0.000000 0.000000
149  -0.205805 -1.564819 -6.138256  -0.290843 0.000000 0.000000
150  0.530458 -1.643676 -6.395217  -0.290844 0.000000 0.000000
151  0.535312 -1.790709 -7.204134  -0.287354 -0.000000 0.000000
152  -0.202703 -2.030486 -7.702830  -0.286180 -0.000000 0.000000
153  0.509548 -2.118896 -8.011624  -0.298398 -0.000000 0.000000
154  -0.202706 -2.255278 -8.465172  -0.283134 -0.000000 0.000000
155  0.509547 -2.352983 -8.771160  -0.295352 -0.000000 0.000000
156  -0.202703 -2.481597 -9.235472  -0.285437 -0.000000 0.000000
157  0.509546 -2.588683 -9.538639  -0.297654 -0.000000 0.000000
158  0.170120 -21.222099 -1.001140  -0.000001 -0.000001 0.000000
159  0.170120 -20.843868 -0.397182  -0.000001 -0.000001 0.000000
160  0.170121 -20.489750 -1.001142  -0.000001 -0.000001 0.000000
161  0.170120 -20.111073 -0.397182  -0.000001 -0.000001 0.000000
162  0.170124 -19.380089 -0.397185  -0.000001 -0.000001 0.000000
163  0.170121 -19.025110 -1.001145  -0.000001 -0.000001 0.000000
164  0.170125 -18.646662 -0.396446  -0.000001 -0.000001 0.000000
165  0.170121 -19.755764 -1.001142  -0.000001 -0.000001 0.000000
166  -0.015971 10.035406 1.098093  0.000000 -0.000000 0.000000
167  -0.104324 -52.163574 4.437346  1.570735 -0.000061 -1.570735
168  0.064655 27.351349 72.195213  0.000000 -0.000000 0.000000
169  6.064263 95.114021 31.645506  -0.000000 -0.000001 1.570796
170  -0.103719 -26.907864 3.305354  0.000000 0.000000 -1.570730
171  6.064257 69.096565 37.164322  1.570796 -0.000000 1.570796
172  1.974303 11.989235 4.589252  0.000000 -0.000000 0.000000
173  1.941738 0.883634 4.309758  0.000000 0.000000 -1.483525
174  -0.115676 1.104777 6.744194  0.000000 -0.000000 0.000000
175  6.064263 89.329811 31.613922  -0.000000 -0.000001 1.570796
176  0.059883 2.255383 54.398029  0.000000 -0.000000 0.000000
177  0.003495 -22.270653 -0.000006  1.570735 -0.000061 -1.570735
178  0.104012 14.792244 1.530322  0.000000 -0.000000 0.000000
179  3.000525 -2.985217 1.029100  2.067399 -0.085866 -1.929635
180  -2.951614 25.811050 -3.742301  -0.096365 0.008023 -1.450340
181  -2.662415 1.445785 33.628746  0.000487 3.141104 1.570796
182  8.352069 2.772894 0.000540  -3.140902 0.000003 -0.000001
183  -2.662410 1.445791 40.667973  0.000487 3.141104 1.570796
184  8.352066 2.772896 0.000540  -3.140902 0.000003 -0.000001
185  -1.431355 16.384781 4.137814  0.000001 -0.000000 0.000000
186  -0.001843 0.521683 -0.140287  0.000000 -0.000000 0.000000
187  7.323110 -5.136190 -5.166234  0.000000 0.000000 -0.610865
188  2.698278 0.000000 -0.000001  -0.000012 0.000000 0.000000
189  2.834160 -0.000003 0.000000  0.000013 0.000000 0.000000
190  2.648918 -0.000001 -0.000002  -0.000001 -0.000001 0.000000
191  2.667497 -0.000004 -0.000001  -0.000000 0.000000 0.000000
192  2.426701 -0.000002 -0.000001  0.000000 0.000000 -0.000000
193  -0.494744 -44.353447 -1.302298  1.570797 -0.000000 -1.570797
194  11.545942 73.768425 -3.792005  0.000000 -0.000000 0.000000
195  -0.011102 -16.902815 1.952049  0.000001 -0.000000 0.000000
196  -0.000003 -0.000006 -1.529052  -0.000000 0.000000 0.000000
197  -0.078942 -0.000002 0.000000  0.000000 0.000001 1.570796
198  0.097092 -0.000003 0.000000  -0.000000 -3.141592 1.570796
199  0.000000 0.000000 -0.000000  0.000000 -0.000000 -0.000000
200  -8.609889 -19.336990 -16.119013  -0.604616 0.205432 -0.568234
201  18.538408 -31.246826 -18.972786  1.523753 -0.118338 -0.935223
time 55
0  0 0 0  0 0 0
1  0.000000 0.000000 0.000000  0.000000 -0.000000 -0.000000
2  -0.000000 -0.000000 -55.423229  0.000000 -0.000000 -1.570730
3  -0.012872 0.000000 8.235027  -0.784749 -1.570710 -0.785986
4  16.163124 -0.010663 0.007211  -0.594297 0.000409 -0.000125
5  16.163132 -0.000000 3.830524  -1.333359 -0.199015 -2.456806
6  14.868229 0.000001 0.000001  -0.809858 0.704229 -1.596818
7  26.391945 -0.000004 0.000001  -0.000000 0.000000 -1.412075
8  -0.000003 -0.000001 -0.000000  -0.140745 -0.000000 -0.000000
9  3.093512 0.000001 0.000001  -0.281516 -0.000000 -0.000000
10  6.187023 -0.000002 0.000000  -0.422272 -0.000000 -0.000000
11  9.280533 -0.000000 0.000000  -0.563028 -0.000000 -0.000000
12  12.374046 -0.000005 0.000001  -0.703787 -0.000000 -0.000000
13  15.467558 -0.000003 0.000002  -0.844543 -0.000000 -0.000000
14  18.561058 -0.000005 0.000002  -0.985262 -0.000000 -0.000000
15  21.654573 -0.000005 0.000002  -2.933364 -0.420676 0.765594
16  1.410069 0.800537 -2.089136  1.926816 0.229617 0.446891
17  3.954712 0.000005 0.000004  0.032650 -0.305879 0.082888
18  3.101566 -0.000003 0.000005  0.038488 -0.173200 0.020373
19  6.164462 -0.898151 2.575012  -0.464106 -0.015897 1.186542
20  2.805845 -0.000007 -0.000000  0.000000 -0.000000 0.521973
21  2.307442 0.000004 0.000002  0.000000 0.000000 0.361287
22  7.145093 -0.676339 -1.382428  0.048305 -0.466031 0.179016
23  3.672212 -0.000001 -0.000000  0.000000 0.000000 1.094786
24  2.676514 -0.000006 0.000002  0.000000 0.000000 0.976405
25  6.831181 -0.870862 0.599916  -0.198432 -0.274957 0.706750
26  3.657076 0.000001 -0.000002  0.000000 0.000000 1.196110
27  2.496793 0.000004 -0.000003  -0.000000 -0.000000 0.510610
28  7.183345 -0.532077 -3.267609  0.092002 -0.569205 -0.163901
29  3.511587 0.000001 0.000002  -0.000000 -0.000000 0.459239
30  2.199409 0.000006 0.000002  0.000000 -0.000000 0.877656
31  16.163136 0.000000 -3.830527  0.703564 0.858106 -2.571306
32  14.868248 0.000000 0.000001  -0.226333 -0.191222 -1.885827
33  26.391966 0.000001 0.000000  0.000000 0.000000 -1.646412
34  0.000001 0.000001 0.000002  0.113896 0.000000 -0.000000
35  3.093514 -0.000001 0.000002  0.227794 0.000000 0.000000
36  6.187024 -0.000001 -0.000000  0.341759 0.000000 0.000000
37  9.280537 0.000000 0.000000  0.455667 0.000000 -0.000000
38  12.374043 -0.000003 0.000003  0.569575 -0.000000 -0.000000
39  15.467552 -0.000002 0.000002  0.683473 -0.000000 -0.000000
40  18.561068 -0.000000 0.000000  0.797412 -0.000000 0.000000
41  21.654568 -0.000002 0.000003  2.562895 -0.538323 -0.024773
42  1.410065 0.800528 2.089141  -1.966491 -0.287076 0.559263
43  3.954715 -0.000001 -0.000000  0.000000 -0.000000 0.375132
44  3.101566 -0.000002 0.000000  -0.000000 -0.000000 0.790793
45  7.183351 -0.532092 3.267619  0.052242 -0.011652 -0.158551
46  3.511587 0.000000 -0.000002  -0.000000 0.000000 0.189253
47  2.199407 0.000001 -0.000002  -0.000000 0.000000 -0.104054
48  7.145095 -0.676345 1.382434  0.255424 0.283825 0.886074
49  3.672211 -0.000004 0.000001  -0.000000 -0.000000 1.435616
50  2.676519 0.000001 0.000002  -0.000000 0.000000 1.062915
51  6.831169 -0.870868 -0.599909  0.339890 0.115856 1.057859
52  3.657083 -0.000002 0.000002  -0.000000 -0.000000 1.252193
53  2.496799 0.000000 -0.000000  0.000000 0.000000 0.840195
54  6.164462 -0.898157 -2.575007  0.409526 -0.061316 1.152482
55  2.805845 0.000001 0.000002  -0.000000 -0.000000 0.666008
56  2.307449 -0.000000 -0.000001  0.000000 -0.000000 0.844543
57  0.000000 0.000000 0.000000  0.000001 -0.000000 -0.000000
58  14.198836 -31.960548 -18.072001  0.172042 0.535556 0.980057
59  0.000003 -19.069479 4.681031  -0.000000 -0.000000 0.000000
60  1.986520 0.000015 -3.123738  -2.705260 -0.000000 -1.570797
61  -1.986694 0.000017 -3.123743  0.436333 0.000001 1.570797
62  -0.000003 -0.000002 0.000002  -0.000000 -0.000000 0.000000
63  -1.530660 0.861418 -3.109956  0.392682 0.000010 1.570745
64  -11.344166 1.135895 0.869271  0.000328 -0.024963 -0.026314
65  1.907530 0.861414 -2.954428  -0.392858 -0.000004 1.570778
66  -11.350045 -0.729411 0.864873  0.000154 -0.025335 0.026430
67  1.754233 4.036753 -1.682668  0.392549 -0.010099 -1.546344
68  -1.755148 4.036757 -1.682669  -0.392547 -0.010382 -1.594901
69  -0.164557 5.734784 5.880445  0.000000 -0.000000 -1.570730
70  1.203546 5.503724 4.339428  -0.000000 -0.000000 0.000000
71  -1.260174 5.668902 5.788552  0.070161 -0.418898 2.970131
72  1.185472 17.272335 1.821942  -0.000000 -0.000000 0.000000
73  0.060215 10.324438 74.469063  -0.000000 -0.000000 0.000000
74  0.052676 -3.972626 3.515851  1.570735 -0.000061 -1.570735
75  4.804183 -3.856468 -0.006878  0.000000 0.000000 -0.000000
76  -6.013989 -4.624461 -0.000001  0.000000 0.000000 -0.000000
77  -65.574097 -37.156048 0.002934  -0.787043 1.570710 0.783508
78  1.602680 -3.785217 0.003049  -0.786191 1.570710 0.784544
79  11.681366 -1.114740 -1.027847  -0.785093 1.570710 0.786191
80  19.766771 -3.800923 -0.000001  0.000000 -0.000000 -0.000000
81  3.258435 5.856953 -3.403520  -0.000000 -0.000000 -0.000000
82  15.153044 5.860581 -3.403519  0.000000 -0.000000 0.000000
83  6.064257 77.294952 36.365795  1.570796 -0.000000 1.570796
84  -2.662413 1.445759 40.667953  0.000000 3.141591 1.570796
85  8.352063 2.772894 0.000539  -3.141589 0.000002 -0.000000
86  6.064258 72.973694 32.593250  1.570796 -0.000000 1.570796
87  -0.113675 5.957341 -0.188894  -0.000000 -0.000000 0.000000
88  0.097226 0.210964 3.469588  -0.000000 -0.000000 0.000000
89  0.000003 1.310212 0.000001  0.000000 -0.000000 0.000000
90  0.000001 0.582260 0.000002  0.000000 -0.000000 0.000000
91  0.036298 1.284881 7.928798  -0.000000 -0.000001 0.000000
92  -0.000001 1.310210 0.000001  0.000000 0.000000 0.000000
93  -0.000000 0.582259 0.000000  0.000000 0.000000 0.000000
94  5.969324 3.427461 -6.170649  -0.000000 -0.000001 -1.570797
95  -1.310212 0.000002 0.000001  0.000000 -0.000000 -0.000000
96  -0.582260 -0.000001 -0.000001  0.000000 -0.000000 -0.000000
97  5.969322 9.397400 -6.170657  -0.000000 -0.000001 -1.570796
98  -1.310212 -0.000001 -0.000003  0.000000 0.000000 -0.000000
99  -0.582260 -0.000001 -0.000003  0.000000 0.000000 -0.000000
100  5.969322 15.223769 -6.170668  0.000000 -0.000001 -1.570796
101  -1.310211 0.000001 0.000003  -0.000000 0.000000 -0.000000
102  -0.582259 -0.000000 0.000003  -0.000000 0.000000 -0.000000
103  5.969325 20.835569 -6.170669  0.000000 -0.000001 -1.570796
104  -1.310211 0.000002 -0.000001  -0.000000 0.000000 -0.000000
105  -0.582260 0.000000 0.000002  -0.000000 0.000000 -0.000000
106  5.969324 26.771208 -6.170672  0.000000 -0.000001 -1.570796
107  5.969323 32.597595 -6.170673  0.000000 -0.000001 -1.570796
108  5.969326 38.209396 -6.170685  0.000000 -0.000001 -1.570800
109  5.969325 49.488464 -6.170685  0.000000 -0.000001 -1.570800
110  -0.539087 -0.556808 -0.017362  -0.042462 2.681156 1.551919
111  -6.799121 -0.556805 0.818550  -0.272420 2.701993 1.452460
112  -4.615282 -0.556821 0.270328  -0.117230 2.684609 1.518878
113  -2.650969 -0.556808 0.063011  -0.042463 2.681158 1.551919
114  27.110334 1.284858 12.007548  -0.000000 -0.000000 0.000000
115  28.133425 1.284859 12.007547  0.000001 -0.000000 0.000000
116  12.812886 2.241787 12.007550  -0.000000 -0.000001 -0.000001
117  -9.955968 -0.319623 4.380214  -0.000001 -0.000000 -0.000001
118  -11.316472 -0.319622 4.380215  -0.000003 -0.000000 0.000000
119  -12.667811 -0.319623 4.380215  -0.000003 -0.000000 0.000001
120  -14.022141 -0.319623 4.380215  0.000010 -0.000000 -0.000011
121  -15.373240 -0.319622 4.380214  0.000015 -0.000000 -0.000015
122  -16.724142 -0.319621 4.380215  -0.000009 -0.000000 0.000006
123  -18.074572 -0.319623 4.380214  -0.000006 -0.000000 0.000004
124  -19.423716 -0.319623 4.380214  0.000002 0.000000 -0.000004
125  -20.775270 -0.319620 4.380214  0.000003 0.000000 -0.000004
126  -22.126673 -0.319622 4.380214  0.000003 -0.000000 -0.000004
127  -23.478125 -0.319620 4.380214  0.000005 -0.000000 -0.000006
128  -24.830622 -0.319621 4.380213  0.000036 -0.000000 -0.000038
129  -26.182032 -0.319621 4.380213  -0.000011 -0.000000 0.000011
130  0.529180 -0.167129 0.629485  -0.101270 -0.000000 0.000000
131  -0.211442 -0.241683 0.155363  -0.145847 -0.000000 0.000000
132  0.529191 -0.280699 -0.110292  -0.145847 -0.000000 0.000000
133  -0.173924 -0.337325 -0.638496  -0.181751 -0.000000 0.000000
134  0.529190 -0.399245 -0.975392  -0.181751 -0.000000 0.000000
135  -0.211444 -0.464476 -1.431041  -0.192399 -0.000000 0.000000
136  0.529191 -0.515807 -1.694583  -0.192399 -0.000000 0.000000
137  -0.173926 -0.612151 -2.231910  -0.216703 -0.000000 0.000000
138  0.529190 -0.685804 -2.566440  -0.216703 -0.000000 0.000000
139  -0.211445 -0.769559 -3.027871  -0.237349 -0.000000 0.000000
140  0.529189 -0.832685 -3.288845  -0.237349 -0.000000 0.000000
141  -0.173937 -0.945282 -3.779564  -0.233859 0.000000 0.000000
142  0.529181 -1.024657 -4.112779  -0.233859 0.000000 0.000000
143  -0.211442 -1.132186 -4.577548  -0.262919 -0.000000 0.000000
144  0.529193 -1.201963 -4.836825  -0.262919 0.000000 0.000000
145  -0.000005 -2.810943 -10.636629  0.258454 0.000000 3.141592
146  -0.192454 -1.345778 -5.370045  -0.280373 0.000000 0.000000
147  0.533985 -1.413512 -5.605103  -0.276883 0.000000 0.000000
148  -0.206617 -1.795758 -6.909779  -0.287354 0.000000 0.000000
149  -0.205805 -1.564818 -6.138255  -0.290843 0.000000 0.000000
150  0.530460 -1.643676 -6.395213  -0.290844 0.000000 0.000000
151  0.535314 -1.790708 -7.204132  -0.287354 -0.000000 0.000000
152  -0.202701 -2.030483 -7.702828  -0.286180 -0.000000 0.000000
153  0.509550 -2.118895 -8.011623  -0.298398 -0.000000 0.000000
154  -0.202702 -2.255278 -8.465172  -0.283134 -0.000000 0.000000
155  0.509550 -2.352979 -8.771158  -0.295352 -0.000000 0.000000
156  -0.202700 -2.481595 -9.235471  -0.285437 -0.000000 0.000000
157  0.509547 -2.588682 -9.538638  -0.297654 -0.000000 0.000000
158  0.170125 -21.222092 -1.001140  -0.000001 -0.000001 0.000000
159  0.170124 -20.843864 -0.397182  -0.000001 -0.000001 0.000000
160  0.170124 -20.489744 -1.001142  -0.000001 -0.000001 0.000000
161  0.170125 -20.111069 -0.397182  -0.000001 -0.000001 0.000000
162  0.170124 -19.380089 -0.397188  -0.000001 -0.000001 0.000000
163  0.170125 -19.025106 -1.001145  -0.000001 -0.000001 0.000000
164  0.170121 -18.646660 -0.396446  -0.000001 -0.000001 0.000000
165  0.170126 -19.755760 -1.001141  -0.000001 -0.000001 0.000000
166  -0.015972 10.035404 1.098091  -0.000000 -0.000000 0.000000
167  -0.104323 -52.163570 4.437344  1.570735 -0.000061 -1.570735
168  0.064653 27.351345 72.195206  -0.000000 -0.000000 0.000000
169  6.064266 95.114014 31.645504  -0.000000 -0.000001 1.570796
170  -0.103711 -26.907864 3.305358  0.000000 -0.000000 -1.570730
171  6.064258 69.096558 37.164318  1.570796 -0.000000 1.570796
172  1.974303 11.989236 4.589251  0.000000 -0.000000 0.000000
173  1.941735 0.883633 4.309755  0.000000 -0.000000 -1.483525
174  -0.115677 1.104782 6.744192  -0.000000 -0.000000 0.000000
175  6.064264 89.329803 31.613920  -0.000000 -0.000001 1.570796
176  0.059883 2.255383 54.398026  -0.000000 -0.000000 0.000000
177  0.003493 -22.270645 -0.000001  1.570735 -0.000061 -1.570735
178  0.104011 14.792243 1.530319  -0.000000 -0.000000 0.000000
179  3.000527 -2.985213 1.029103  2.067399 -0.085866 -1.929635
180  -2.951608 25.811052 -3.742301  -0.096365 0.008023 -1.450340
181  -2.662414 1.445786 33.628742  0.000487 3.141104 1.570796
182  8.352069 2.772894 0.000538  -3.140902 0.000003 -0.000001
183  -2.662412 1.445791 40.667965  0.000487 3.141104 1.570796
184  8.352064 2.772897 0.000539  -3.140902 0.000003 -0.000001
185  -1.431357 16.384781 4.137812  0.000001 -0.000000 0.000000
186  -0.001843 0.521685 -0.140290  0.000000 -0.000000 0.000000
187  7.323111 -5.136188 -5.166235  -0.000000 0.000000 -0.610865
188  2.698278 0.000002 -0.000004  -0.000012 0.000000 0.000000
189  2.834161 0.000002 0.000000  0.000013 0.000000 -0.000000
190  2.648921 0.000000 -0.000002  -0.000001 -0.000001 0.000000
191  2.667503 -0.000004 -0.000002  0.000000 0.000000 -0.000000
192  2.426705 -0.000004 -0.000002  0.000000 0.000000 -0.000000
193  -0.494744 -44.353443 -1.302299  1.570797 -0.000000 -1.570797
194  11.545938 73.768417 -3.792009  0.000000 -0.000000 0.000000
195  -0.011101 -16.902811 1.952046  0.000001 -0.000000 0.000000
196  0.000000 -0.000002 -1.529053  -0.000000 -0.000000 0.000000
197  -0.078942 -0.000003 -0.000003  0.000000 0.000001 1.570796
198  0.097093 -0.000001 0.000000  -0.000000 -3.141592 1.570796
199  0.000000 0.000000 -0.000000  0.000000 -0.000000 -0.000000
200  -8.659973 -19.241322 -15.936537  -0.620670 0.215948 -0.577739
201  18.367598 -31.340633 -19.172201  1.505283 -0.114090 -0.939257
time 56
0  0 0 0  0 0 0
1  0.000000 0.000000 0.000000  0.000000 -0.000000 -0.000000
2  -0.000000 -0.000000 -55.423229  0.000000 -0.000000 -1.570730
3  -0.012872 0.000000 8.235027  -0.784749 -1.570710 -0.785986
4  16.163124 -0.010663 0.007211  -0.594297 0.000409 -0.000125
5  16.163132 -0.000000 3.830524  -1.333359 -0.199015 -2.456806
6  14.868229 0.000001 0.000001  -0.805585 0.711319 -1.596847
7  26.391945 -0.000002 -0.000001  -0.000000 0.000000 -1.411513
8  0.000003 -0.000001 -0.000003  -0.141969 -0.000000 -0.000000
9  3.093518 0.000003 -0.000001  -0.284044 -0.000000 -0.000000
10  6.187021 -0.000002 0.000001  -0.426018 -0.000000 -0.000000
11  9.280535 -0.000000 0.000000  -0.568049 -0.000000 -0.000000
12  12.374045 -0.000001 0.000000  -0.710098 -0.000000 -0.000000
13  15.467560 0.000000 0.000000  -0.852110 -0.000000 -0.000000
14  18.561062 -0.000004 0.000002  -0.994139 -0.000000 -0.000000
15  21.654572 -0.000005 0.000001  -2.950135 -0.420932 0.771520
16  1.410065 0.800538 -2.089133  1.926816 0.229617 0.446891
17  3.954706 -0.000001 0.000002  0.032650 -0.305879 0.082888
18  3.101570 0.000001 0.000005  0.038488 -0.173200 0.020373
19  6.164457 -0.898150 2.575013  -0.464106 -0.015897 1.186542
20  2.805845 -0.000004 -0.000003  -0.000000 -0.000000 0.521973
21  2.307440 -0.000003 0.000004  0.000000 0.000000 0.361287
22  7.145091 -0.676339 -1.382424  0.048305 -0.466031 0.179016
23  3.672210 0.000003 -0.000001  0.000000 0.000000 1.094786
24  2.676518 0.000000 0.000002  0.000000 0.000000 0.976405
25  6.831176 -0.870862 0.599919  -0.198432 -0.274957 0.706750
26  3.657076 0.000003 -0.000002  0.000000 0.000000 1.196110
27  2.496792 -0.000001 0.000004  -0.000000 -0.000000 0.510610
28  7.183344 -0.532078 -3.267607  0.092002 -0.569205 -0.163901
29  3.511587 0.000000 0.000004  -0.000000 -0.000000 0.459239
30  2.199418 -0.000000 0.000002  0.000000 -0.000000 0.877656
31  16.163136 0.000000 -3.830527  0.703564 0.858106 -2.571306
32  14.868248 0.000000 0.000001  -0.221193 -0.184307 -1.883687
33  26.391970 0.000001 0.000004  0.000000 0.000000 -1.653518
34  0.000001 0.000002 -0.000001  0.113406 0.000000 -0.000000
35  3.093515 0.000001 -0.000002  0.226811 0.000000 0.000000
36  6.187022 0.000002 -0.000002  0.340273 0.000000 0.000000
37  9.280537 0.000001 0.000001  0.453662 -0.000000 -0.000000
38  12.374041 0.000000 0.000002  0.567095 0.000000 -0.000000
39  15.467552 0.000002 0.000000  0.680559 0.000000 -0.000000
40  18.561066 0.000001 0.000001  0.793969 -0.000000 0.000000
41  21.654568 0.000001 0.000001  2.559808 -0.555100 -0.012789
42  1.410063 0.800529 2.089143  -1.966491 -0.287076 0.559263
43  3.954715 -0.000001 -0.000002  0.000000 0.000000 0.375132
44  3.101563 -0.000003 0.000002  0.000000 -0.000000 0.790793
45  7.183349 -0.532091 3.267619  0.052242 -0.011652 -0.158551
46  3.511588 -0.000002 0.000000  0.000000 0.000000 0.189253
47  2.199408 -0.000001 -0.000001  -0.000000 -0.000000 -0.104054
48  7.145095 -0.676346 1.382434  0.255424 0.283825 0.886075
49  3.672211 -0.000003 -0.000002  0.000000 -0.000000 1.435616
50  2.676520 -0.000001 0.000000  -0.000000 0.000000 1.062915
51  6.831168 -0.870866 -0.599908  0.339890 0.115856 1.057859
52  3.657084 0.000001 -0.000003  -0.000000 -0.000000 1.252193
53  2.496798 -0.000003 -0.000001  0.000000 0.000000 0.840195
54  6.164461 -0.898156 -2.575004  0.409526 -0.061317 1.152482
55  2.805843 0.000001 -0.000001  0.000000 0.000000 0.666009
56  2.307451 -0.000001 -0.000002  0.000000 0.000000 0.844543
57  0.000000 0.000000 0.000000  0.000001 -0.000000 -0.000000
58  13.940995 -32.011223 -18.156618  0.185354 0.542543 0.976988
59  0.000007 -19.069473 4.681031  0.000000 0.000000 -0.000000
60  1.986523 0.000016 -3.123738  -2.705260 -0.000000 -1.570797
61  -1.986695 0.000015 -3.123747  0.436333 0.000001 1.570797
62  -0.000000 0.000000 0.000000  0.000000 0.000000 -0.000000
63  -1.530660 0.861422 -3.109962  0.392682 0.000010 1.570745
64  -11.344168 1.135892 0.869266  0.000328 -0.024963 -0.026314
65  1.907528 0.861416 -2.954430  -0.392858 -0.000004 1.570778
66  -11.350047 -0.729403 0.864871  0.000154 -0.025335 0.026430
67  1.754234 4.036755 -1.682670  0.392549 -0.010099 -1.546344
68  -1.755145 4.036757 -1.682672  -0.392547 -0.010382 -1.594901
69  -0.164557 5.734787 5.880445  -0.000000 0.000000 -1.570730
70  1.203547 5.503728 4.339427  0.000000 0.000000 -0.000000
71  -1.260175 5.668905 5.788552  0.070161 -0.418898 2.970131
72  1.185470 17.272337 1.821942  0.000000 0.000000 -0.000000
73  0.060214 10.324437 74.469063  0.000000 0.000000 -0.000000
74  0.052676 -3.972626 3.515856  1.570735 -0.000061 -1.570735
75  4.804187 -3.856466 -0.006880  0.000000 0.000000 -0.000000
76  -6.013982 -4.624458 -0.000002  0.000000 0.000000 -0.000000
77  -65.574097 -37.156048 0.002939  -0.787104 1.570710 0.783631
78  1.602686 -3.785216 0.003050  -0.786312 1.570710 0.784118
79  11.681376 -1.114740 -1.027846  -0.785032 1.570710 0.785276
80  19.766781 -3.800923 0.000003  -0.000000 -0.000000 -0.000000
81  3.258443 5.856954 -3.403521  -0.000000 -0.000000 -0.000000
82  15.153053 5.860583 -3.403521  0.000000 -0.000000 -0.000000
83  6.064256 77.294960 36.365799  1.570796 -0.000000 1.570796
84  -2.662412 1.445759 40.667961  0.000000 3.141591 1.570796
85  8.352062 2.772895 0.000541  -3.141589 0.000002 0.000000
86  6.064258 72.973701 32.593254  1.570796 -0.000000 1.570796
87  -0.113681 5.957342 -0.188894  0.000000 0.000000 -0.000000
88  0.097225 0.210966 3.469589  0.000000 0.000000 -0.000000
89  0.000003 1.310213 0.000001  0.000000 0.000000 0.000000
90  0.000001 0.582261 0.000000  0.000000 0.000000 0.000000
91  0.036299 1.284881 7.928799  0.000000 -0.000001 0.000000
92  0.000000 1.310212 0.000000  0.000000 -0.000000 0.000000
93  0.000001 0.582262 0.000001  0.000000 -0.000000 0.000000
94  5.969325 3.427461 -6.170650  -0.000001 -0.000001 -1.570797
95  -1.310209 0.000002 0.000003  0.000000 -0.000000 -0.000000
96  -0.582258 -0.000001 0.000002  0.000000 -0.000000 -0.000000
97  5.969323 9.397400 -6.170660  -0.000001 -0.000001 -1.570796
98  -1.310210 -0.000001 0.000003  0.000000 0.000000 -0.000000
99  -0.582260 -0.000001 0.000002  0.000000 0.000000 -0.000000
100  5.969323 15.223771 -6.170670  -0.000000 -0.000001 -1.570796
101  -1.310211 0.000003 -0.000002  -0.000000 0.000000 -0.000000
102  -0.582260 0.000001 -0.000002  -0.000000 0.000001 -0.000000
103  5.969324 20.835571 -6.170671  -0.000000 -0.000001 -1.570796
104  -1.310211 0.000002 0.000001  -0.000000 0.000000 -0.000000
105  -0.582260 0.000001 0.000001  -0.000000 0.000001 -0.000000
106  5.969324 26.771210 -6.170672  -0.000000 -0.000001 -1.570796
107  5.969325 32.597595 -6.170675  -0.000000 -0.000001 -1.570796
108  5.969325 38.209400 -6.170687  -0.000000 -0.000001 -1.570800
109  5.969322 49.488468 -6.170685  -0.000000 -0.000001 -1.570800
110  -0.539089 -0.556808 -0.017362  -0.042462 2.681156 1.551919
111  -6.799123 -0.556805 0.818551  -0.272420 2.701993 1.452460
112  -4.615283 -0.556820 0.270329  -0.117230 2.684609 1.518878
113  -2.650969 -0.556807 0.063011  -0.042463 2.681158 1.551919
114  27.110336 1.284857 12.007547  0.000000 -0.000000 -0.000000
115  28.133427 1.284856 12.007549  0.000001 -0.000000 -0.000000
116  12.812888 2.241786 12.007550  0.000000 -0.000001 -0.000001
117  -9.955967 -0.319623 4.380215  -0.000001 -0.000000 -0.000001
118  -11.316474 -0.319622 4.380216  -0.000003 -0.000000 -0.000000
119  -12.667810 -0.319621 4.380217  -0.000003 -0.000000 0.000001
120  -14.022141 -0.319620 4.380216  0.000010 -0.000000 -0.000011
121  -15.373239 -0.319621 4.380216  0.000015 -0.000000 -0.000015
122  -16.724142 -0.319620 4.380215  -0.000009 -0.000000 0.000006
123  -18.074574 -0.319620 4.380215  -0.000006 0.000000 0.000004
124  -19.423717 -0.319621 4.380214  0.000002 0.000000 -0.000004
125  -20.775272 -0.319620 4.380215  0.000003 0.000000 -0.000004
126  -22.126673 -0.319619 4.380215  0.000003 0.000000 -0.000004
127  -23.478125 -0.319617 4.380215  0.000005 -0.000000 -0.000006
128  -24.830622 -0.319619 4.380216  0.000036 -0.000000 -0.000038
129  -26.182026 -0.319617 4.380216  -0.000011 -0.000000 0.000011
130  0.529180 -0.167128 0.629484  -0.101270 -0.000000 0.000000
131  -0.211443 -0.241684 0.155362  -0.145847 -0.000000 0.000000
132  0.529190 -0.280700 -0.110293  -0.145847 -0.000000 0.000000
133  -0.173926 -0.337325 -0.638495  -0.181751 -0.000000 0.000000
134  0.529190 -0.399244 -0.975393  -0.181751 -0.000000 0.000000
135  -0.211442 -0.464475 -1.431041  -0.192399 -0.000000 0.000000
136  0.529190 -0.515807 -1.694584  -0.192399 -0.000000 0.000000
137  -0.173929 -0.612151 -2.231910  -0.216703 -0.000000 0.000000
138  0.529188 -0.685805 -2.566440  -0.216703 -0.000000 0.000000
139  -0.211444 -0.769559 -3.027870  -0.237349 -0.000000 0.000000
140  0.529188 -0.832686 -3.288847  -0.237349 -0.000000 0.000000
141  -0.173935 -0.945280 -3.779566  -0.233859 0.000000 0.000000
142  0.529181 -1.024656 -4.112780  -0.233859 0.000000 0.000000
143  -0.211442 -1.132185 -4.577549  -0.262919 -0.000000 0.000000
144  0.529191 -1.201965 -4.836825  -0.262919 0.000000 0.000000
145  -0.000005 -2.810941 -10.636630  0.258454 0.000000 3.141592
146  -0.192456 -1.345778 -5.370047  -0.280373 0.000000 0.000000
147  0.533984 -1.413512 -5.605105  -0.276883 0.000000 0.000000
148  -0.206616 -1.795758 -6.909779  -0.287354 0.000000 0.000000
149  -0.205802 -1.564818 -6.138259  -0.290843 0.000000 0.000000
150  0.530460 -1.643675 -6.395213  -0.290844 0.000000 0.000000
151  0.535313 -1.790707 -7.204132  -0.287354 -0.000000 0.000000
152  -0.202703 -2.030485 -7.702830  -0.286180 -0.000000 0.000000
153  0.509550 -2.118895 -8.011624  -0.298398 -0.000000 0.000000
154  -0.202703 -2.255278 -8.465172  -0.283134 -0.000000 0.000000
155  0.509550 -2.352979 -8.771160  -0.295352 -0.000000 0.000000
156  -0.202704 -2.481596 -9.235471  -0.285437 -0.000000 0.000000
157  0.509546 -2.588682 -9.538640  -0.297653 -0.000000 0.000000
158  0.170122 -21.222094 -1.001142  -0.000001 -0.000001 0.000000
159  0.170123 -20.843864 -0.397183  -0.000001 -0.000001 0.000000
160  0.170124 -20.489746 -1.001141  -0.000001 -0.000001 0.000000
161  0.170123 -20.111069 -0.397182  -0.000001 -0.000001 0.000000
162  0.170123 -19.380089 -0.397187  -0.000001 -0.000001 0.000000
163  0.170122 -19.025110 -1.001145  -0.000001 -0.000001 0.000000
164  0.170124 -18.646660 -0.396448  -0.000001 -0.000001 0.000000
165  0.170124 -19.755758 -1.001141  -0.000001 -0.000001 0.000000
166  -0.015974 10.035408 1.098091  0.000000 0.000000 -0.000000
167  -0.104323 -52.163574 4.437346  1.570735 -0.000061 -1.570735
168  0.064651 27.351351 72.195213  0.000000 0.000000 -0.000000
169  6.064262 95.114029 31.645500  0.000000 -0.000001 1.570796
170  -0.103711 -26.907871 3.305357  -0.000000 0.000000 -1.570730
171  6.064257 69.096565 37.164318  1.570796 -0.000000 1.570796
172  1.974303 11.989238 4.589251  0.000000 0.000000 -0.000000
173  1.941733 0.883634 4.309753  -0.000000 -0.000000 -1.483525
174  -0.115679 1.104782 6.744192  0.000000 0.000000 -0.000000
175  6.064264 89.329811 31.613920  0.000000 -0.000001 1.570796
176  0.059884 2.255384 54.398026  0.000000 0.000000 -0.000000
177  0.003495 -22.270653 -0.000003  1.570735 -0.000061 -1.570735
178  0.104012 14.792247 1.530320  0.000000 0.000000 -0.000000
179  3.000521 -2.985215 1.029100  2.067399 -0.085866 -1.929635
180  -2.951615 25.811052 -3.742297  -0.096365 0.008023 -1.450340
181  -2.662414 1.445786 33.628746  0.000487 3.141104 1.570796
182  8.352062 2.772894 0.000541  -3.140902 0.000003 -0.000001
183  -2.662412 1.445791 40.667969  0.000487 3.141104 1.570796
184  8.352068 2.772895 0.000541  -3.140902 0.000003 -0.000001
185  -1.431355 16.384785 4.137812  0.000001 0.000000 0.000000
186  -0.001843 0.521687 -0.140291  0.000000 0.000000 -0.000000
187  7.323109 -5.136189 -5.166235  -0.000000 0.000000 -0.610865
188  2.698281 0.000000 -0.000002  -0.000012 0.000000 0.000000
189  2.834160 -0.000003 0.000001  0.000013 0.000000 0.000000
190  2.648918 0.000000 -0.000001  -0.000001 -0.000001 0.000000
191  2.667501 0.000000 -0.000001  0.000000 0.000000 0.000000
192  2.426707 -0.000001 -0.000001  0.000000 -0.000000 -0.000000
193  -0.494746 -44.353451 -1.302299  1.570797 0.000000 -1.570797
194  11.545940 73.768425 -3.792009  0.000000 0.000000 -0.000000
195  -0.011102 -16.902809 1.952047  0.000001 0.000000 -0.000000
196  -0.000000 -0.000002 -1.529054  -0.000000 -0.000000 -0.000000
197  -0.078940 0.000000 -0.000001  0.000000 0.000001 1.570796
198  0.097094 0.000003 0.000000  -0.000000 -3.141592 1.570796
199  0.000000 0.000000 -0.000000  0.000000 -0.000000 -0.000000
200  -8.754580 -19.064331 -15.708895  -0.627716 0.227377 -0.589282
201  18.101892 -31.431677 -19.311138  1.494771 -0.105766 -0.948067
time 57
0  0 0 0  0 0 0
1  0.000000 0.000000 0.000000  0.000000 -0.000000 -0.000000
2  -0.000000 -0.000000 -55.423229  0.000000 -0.000000 -1.570730
3  -0.012872 0.000000 8.235027  -0.784749 -1.570710 -0.785986
4  16.163124 -0.010663 0.007211  -0.594297 0.000409 -0.000125
5  16.163132 -0.000000 3.830524  -1.333359 -0.199015 -2.456806
6  14.868229 0.000001 0.000001  -0.803102 0.717490 -1.600282
7  26.391941 -0.000004 -0.000002  -0.000000 0.000000 -1.411433
8  0.000000 -0.000001 0.000001  -0.142459 -0.000000 -0.000000
9  3.093518 -0.000002 -0.000000  -0.284969 -0.000000 -0.000000
10  6.187024 0.000000 0.000000  -0.427517 -0.000000 -0.000000
11  9.280539 -0.000003 0.000001  -0.570020 0.000000 -0.000000
12  12.374046 -0.000004 0.000001  -0.712507 -0.000000 -0.000000
13  15.467556 -0.000002 0.000001  -0.855061 -0.000000 -0.000000
14  18.561060 -0.000007 0.000000  -0.997543 -0.000000 -0.000000
15  21.654573 -0.000004 0.000003  -2.957284 -0.420045 0.782006
16  1.410070 0.800539 -2.089133  1.926816 0.229617 0.446891
17  3.954708 -0.000000 0.000003  0.032650 -0.305879 0.082888
18  3.101568 -0.000002 0.000004  0.038488 -0.173200 0.020373
19  6.164463 -0.898150 2.575010  -0.464106 -0.015897 1.186542
20  2.805846 0.000002 0.000001  -0.000000 -0.000000 0.521973
21  2.307442 0.000000 0.000002  0.000000 0.000000 0.361287
22  7.145096 -0.676341 -1.382425  0.048305 -0.466031 0.179016
23  3.672212 0.000001 -0.000004  0.000000 0.000000 1.094786
24  2.676517 0.000004 0.000002  0.000000 0.000000 0.976405
25  6.831179 -0.870863 0.599917  -0.198432 -0.274957 0.706750
26  3.657075 -0.000001 0.000000  0.000000 0.000000 1.196110
27  2.496796 0.000001 -0.000001  -0.000000 -0.000000 0.510610
28  7.183348 -0.532078 -3.267607  0.092002 -0.569205 -0.163901
29  3.511583 -0.000002 -0.000001  -0.000000 -0.000000 0.459239
30  2.199413 -0.000004 0.000002  0.000000 -0.000000 0.877656
31  16.163136 0.000000 -3.830527  0.703564 0.858106 -2.571306
32  14.868248 0.000000 0.000001  -0.216322 -0.177052 -1.879677
33  26.391970 -0.000001 0.000001  0.000000 0.000000 -1.662915
34  0.000001 -0.000002 -0.000005  0.114323 0.000000 -0.000000
35  3.093514 -0.000005 -0.000005  0.228716 0.000000 0.000000
36  6.187024 -0.000004 -0.000004  0.343122 0.000000 0.000000
37  9.280535 -0.000003 -0.000006  0.457484 -0.000000 0.000000
38  12.374043 -0.000004 -0.000004  0.571865 -0.000000 -0.000000
39  15.467551 -0.000002 -0.000005  0.686259 -0.000000 -0.000000
40  18.561066 -0.000005 -0.000003  0.800658 -0.000000 0.000000
41  21.654566 -0.000005 -0.000001  2.566924 -0.569463 -0.001097
42  1.410064 0.800530 2.089141  -1.966491 -0.287076 0.559263
43  3.954715 -0.000000 -0.000002  -0.000000 -0.000000 0.375132
44  3.101564 -0.000002 -0.000001  -0.000000 -0.000000 0.790793
45  7.183350 -0.532089 3.267617  0.052242 -0.011652 -0.158551
46  3.511585 -0.000002 0.000003  0.000000 -0.000000 0.189253
47  2.199411 0.000000 0.000000  0.000000 0.000000 -0.104054
48  7.145096 -0.676347 1.382433  0.255424 0.283825 0.886074
49  3.672213 -0.000005 0.000001  -0.000000 0.000000 1.435616
50  2.676521 -0.000001 0.000001  -0.000000 0.000000 1.062915
51  6.831170 -0.870868 -0.599911  0.339890 0.115856 1.057859
52  3.657082 -0.000002 -0.000000  -0.000000 -0.000000 1.252193
53  2.496796 -0.000002 -0.000003  0.000000 0.000000 0.840195
54  6.164461 -0.898156 -2.575006  0.409526 -0.061317 1.152482
55  2.805845 0.000000 -0.000001  0.000000 -0.000000 0.666008
56  2.307450 -0.000002 0.000001  -0.000000 -0.000000 0.844543
57  0.000000 0.000000 0.000000  0.000001 -0.000000 -0.000000
58  13.654502 -32.039871 -18.177374  0.195770 0.539605 0.970708
59  0.000000 -19.069479 4.681043  -0.000000 -0.000000 -0.000000
60  1.986521 0.000016 -3.123737  -2.705260 -0.000000 -1.570797
61  -1.986695 0.000017 -3.123745  0.436333 0.000001 1.570797
62  -0.000002 0.000001 0.000001  -0.000000 -0.000000 -0.000000
63  -1.530664 0.861420 -3.109959  0.392682 0.000010 1.570745
64  -11.344166 1.135891 0.869269  0.000328 -0.024963 -0.026314
65  1.907528 0.861416 -2.954429  -0.392858 -0.000004 1.570778
66  -11.350048 -0.729399 0.864868  0.000154 -0.025335 0.026430
67  1.754238 4.036758 -1.682667  0.392549 -0.010099 -1.546344
68  -1.755142 4.036761 -1.682668  -0.392547 -0.010382 -1.594901
69  -0.164558 5.734784 5.880447  0.000000 -0.000000 -1.570730
70  1.203547 5.503722 4.339432  -0.000000 -0.000000 -0.000000
71  -1.260175 5.668900 5.788553  0.070161 -0.418898 2.970131
72  1.185469 17.272335 1.821943  -0.000000 -0.000000 -0.000000
73  0.060217 10.324431 74.469055  -0.000000 -0.000000 -0.000000
74  0.052670 -3.972633 3.515841  1.570735 -0.000061 -1.570735
75  4.804185 -3.856468 -0.006879  0.000000 0.000000 0.000000
76  -6.013985 -4.624463 -0.000000  0.000000 0.000000 -0.000000
77  -65.574097 -37.156052 0.002938  -0.786800 1.570710 0.783509
78  1.602683 -3.785220 0.003047  -0.786739 1.570710 0.784484
79  11.681372 -1.114746 -1.027847  -0.785276 1.570710 0.785764
80  19.766777 -3.800925 0.000003  -0.000000 -0.000000 0.000000
81  3.258441 5.856953 -3.403523  -0.000000 -0.000000 -0.000000
82  15.153048 5.860579 -3.403522  0.000000 -0.000000 0.000000
83  6.064257 77.294960 36.365795  1.570796 -0.000000 1.570796
84  -2.662415 1.445751 40.667961  -0.000000 3.141591 1.570796
85  8.352068 2.772897 0.000544  -3.141589 0.000002 0.000000
86  6.064260 72.973701 32.593254  1.570796 -0.000000 1.570796
87  -0.113682 5.957344 -0.188892  -0.000000 -0.000000 -0.000000
88  0.097224 0.210962 3.469587  -0.000000 -0.000000 -0.000000
89  -0.000001 1.310212 0.000000  0.000000 -0.000000 0.000000
90  -0.000000 0.582261 0.000001  0.000000 -0.000000 0.000000
91  0.036295 1.284879 7.928798  -0.000000 -0.000001 0.000000
92  -0.000001 1.310215 -0.000000  0.000000 -0.000000 0.000000
93  -0.000001 0.582263 -0.000001  0.000000 -0.000000 0.000000
94  5.969323 3.427458 -6.170650  -0.000000 -0.000001 -1.570797
95  -1.310207 0.000001 0.000003  0.000000 0.000000 -0.000000
96  -0.582258 0.000003 0.000002  0.000000 -0.000000 -0.000000
97  5.969323 9.397400 -6.170658  -0.000000 -0.000001 -1.570796
98  -1.310213 0.000001 0.000000  0.000000 0.000000 -0.000000
99  -0.582261 -0.000001 0.000001  0.000000 0.000000 -0.000000
100  5.969321 15.223768 -6.170672  0.000000 -0.000001 -1.570796
101  -1.310212 0.000002 0.000002  -0.000000 0.000000 -0.000000
102  -0.582261 0.000002 0.000002  -0.000000 0.000000 -0.000000
103  5.969324 20.835569 -6.170671  0.000000 -0.000001 -1.570796
104  -1.310212 -0.000000 0.000001  -0.000000 0.000000 -0.000000
105  -0.582262 -0.000000 0.000001  -0.000000 0.000000 -0.000000
106  5.969326 26.771210 -6.170671  0.000000 -0.000001 -1.570796
107  5.969323 32.597595 -6.170674  0.000000 -0.000001 -1.570796
108  5.969325 38.209396 -6.170685  -0.000000 -0.000001 -1.570800
109  5.969323 49.488468 -6.170684  -0.000000 -0.000001 -1.570800
110  -0.539091 -0.556808 -0.017362  -0.042462 2.681156 1.551919
111  -6.799126 -0.556809 0.818550  -0.272420 2.701993 1.452460
112  -4.615284 -0.556823 0.270328  -0.117230 2.684609 1.518878
113  -2.650969 -0.556809 0.063010  -0.042463 2.681158 1.551919
114  27.110338 1.284854 12.007547  -0.000000 -0.000000 -0.000000
115  28.133427 1.284854 12.007547  0.000001 -0.000000 -0.000000
116  12.812886 2.241785 12.007549  -0.000000 -0.000001 -0.000001
117  -9.955967 -0.319623 4.380215  -0.000001 -0.000000 -0.000001
118  -11.316476 -0.319626 4.380214  -0.000003 -0.000000 -0.000000
119  -12.667809 -0.319622 4.380215  -0.000003 -0.000000 0.000001
120  -14.022141 -0.319622 4.380215  0.000010 -0.000000 -0.000011
121  -15.373240 -0.319622 4.380215  0.000015 -0.000000 -0.000015
122  -16.724144 -0.319621 4.380214  -0.000009 -0.000000 0.000006
123  -18.074574 -0.319622 4.380214  -0.000006 -0.000000 0.000004
124  -19.423719 -0.319620 4.380213  0.000002 0.000000 -0.000004
125  -20.775274 -0.319622 4.380213  0.000003 0.000000 -0.000004
126  -22.126671 -0.319619 4.380215  0.000003 0.000000 -0.000004
127  -23.478123 -0.319621 4.380215  0.000005 -0.000000 -0.000006
128  -24.830624 -0.319621 4.380212  0.000036 -0.000000 -0.000038
129  -26.182032 -0.319620 4.380214  -0.000011 -0.000000 0.000011
130  0.529178 -0.167132 0.629484  -0.101270 -0.000000 0.000000
131  -0.211444 -0.241684 0.155360  -0.145847 -0.000000 0.000000
132  0.529190 -0.280701 -0.110292  -0.145847 -0.000000 -0.000000
133  -0.173927 -0.337327 -0.638495  -0.181751 -0.000000 0.000000
134  0.529187 -0.399248 -0.975394  -0.181751 -0.000000 0.000000
135  -0.211444 -0.464478 -1.431041  -0.192399 -0.000000 0.000000
136  0.529186 -0.515808 -1.694582  -0.192399 -0.000000 0.000000
137  -0.173928 -0.612152 -2.231911  -0.216703 -0.000000 0.000000
138  0.529188 -0.685808 -2.566440  -0.216703 -0.000000 0.000000
139  -0.211445 -0.769562 -3.027871  -0.237349 -0.000000 0.000000
140  0.529187 -0.832689 -3.288848  -0.237349 -0.000000 -0.000000
141  -0.173939 -0.945282 -3.779564  -0.233859 0.000000 0.000000
142  0.529176 -1.024659 -4.112781  -0.233859 0.000000 -0.000000
143  -0.211445 -1.132187 -4.577547  -0.262919 -0.000000 0.000000
144  0.529190 -1.201966 -4.836827  -0.262919 0.000000 -0.000000
145  -0.000005 -2.810943 -10.636630  0.258454 0.000000 3.141592
146  -0.192456 -1.345780 -5.370044  -0.280373 0.000000 0.000000
147  0.533983 -1.413515 -5.605105  -0.276883 0.000000 0.000000
148  -0.206619 -1.795760 -6.909778  -0.287354 0.000000 0.000000
149  -0.205805 -1.564818 -6.138256  -0.290843 0.000000 0.000000
150  0.530459 -1.643677 -6.395214  -0.290844 0.000000 0.000000
151  0.535310 -1.790711 -7.204131  -0.287354 -0.000000 0.000000
152  -0.202703 -2.030487 -7.702828  -0.286180 -0.000000 0.000000
153  0.509549 -2.118896 -8.011625  -0.298398 -0.000000 0.000000
154  -0.202705 -2.255279 -8.465174  -0.283134 -0.000000 0.000000
155  0.509547 -2.352982 -8.771159  -0.295352 -0.000000 0.000000
156  -0.202707 -2.481599 -9.235471  -0.285437 -0.000000 0.000000
157  0.509546 -2.588684 -9.538637  -0.297654 -0.000000 0.000000
158  0.170121 -21.222092 -1.001140  -0.000001 -0.000001 0.000000
159  0.170123 -20.843864 -0.397182  -0.000001 -0.000001 0.000000
160  0.170121 -20.489746 -1.001141  -0.000001 -0.000001 0.000000
161  0.170121 -20.111073 -0.397182  -0.000001 -0.000001 0.000000
162  0.170122 -19.380093 -0.397187  -0.000001 -0.000001 0.000000
163  0.170120 -19.025110 -1.001144  -0.000001 -0.000001 0.000000
164  0.170120 -18.646664 -0.396449  -0.000001 -0.000001 0.000000
165  0.170124 -19.755764 -1.001143  -0.000001 -0.000001 0.000000
166  -0.015973 10.035405 1.098092  -0.000000 -0.000000 -0.000000
167  -0.104324 -52.163582 4.437347  1.570735 -0.000061 -1.570735
168  0.064654 27.351343 72.195206  -0.000000 -0.000000 -0.000000
169  6.064259 95.114021 31.645498  0.000000 -0.000001 1.570796
170  -0.103710 -26.907871 3.305367  0.000000 -0.000000 -1.570730
171  6.064258 69.096565 37.164318  1.570796 -0.000000 1.570796
172  1.974303 11.989234 4.589252  0.000000 -0.000000 -0.000000
173  1.941735 0.883629 4.309757  0.000000 -0.000000 -1.483525
174  -0.115679 1.104777 6.744194  -0.000000 -0.000000 -0.000000
175  6.064263 89.329811 31.613918  0.000000 -0.000001 1.570796
176  0.059883 2.255379 54.398022  -0.000000 -0.000000 -0.000000
177  0.003494 -22.270657 -0.000002  1.570735 -0.000061 -1.570735
178  0.104009 14.792243 1.530322  -0.000000 -0.000000 -0.000000
179  3.000520 -2.985219 1.029102  2.067399 -0.085866 -1.929635
180  -2.951614 25.811050 -3.742303  -0.096365 0.008023 -1.450340
181  -2.662414 1.445784 33.628742  0.000487 3.141104 1.570796
182  8.352067 2.772895 0.000542  -3.140902 0.000003 -0.000001
183  -2.662415 1.445785 40.667973  0.000487 3.141104 1.570796
184  8.352061 2.772896 0.000543  -3.140902 0.000003 -0.000001
185  -1.431357 16.384779 4.137814  0.000001 0.000000 0.000000
186  -0.001845 0.521682 -0.140287  0.000000 -0.000000 -0.000000
187  7.323107 -5.136193 -5.166236  0.000000 0.000000 -0.610865
188  2.698279 -0.000001 0.000001  -0.000012 0.000000 0.000000
189  2.834158 -0.000001 0.000002  0.000013 0.000000 0.000000
190  2.648921 0.000001 0.000000  -0.000001 -0.000001 0.000000
191  2.667501 -0.000000 -0.000001  0.000000 0.000000 0.000000
192  2.426707 -0.000001 -0.000001  0.000000 0.000000 -0.000000
193  -0.494746 -44.353447 -1.302298  1.570797 -0.000000 -1.570797
194  11.545940 73.768425 -3.792008  0.000000 -0.000000 -0.000000
195  -0.011106 -16.902813 1.952047  0.000001 -0.000000 -0.000000
196  0.000001 -0.000003 -1.529051  -0.000000 -0.000000 0.000000
197  -0.078938 -0.000000 0.000001  0.000000 0.000001 1.570796
198  0.097096 0.000001 0.000001  -0.000000 -3.141592 1.570796
199  0.000000 0.000000 -0.000000  0.000000 -0.000000 -0.000000
200  -8.882575 -18.851461 -15.502930  -0.624660 0.236316 -0.600155
201  17.807718 -31.500652 -19.350368  1.494372 -0.096401 -0.959569
time 58
0  0 0 0  0 0 0
1  0.000000 0.000000 0.000000  0.000000 -0.000000 -0.000000
2  -0.000000 -0.000000 -55.423229  0.000000 -0.000000 -1.570730
3  -0.012872 0.000000 8.235027  -0.784749 -1.570710 -0.785986
4  16.163124 -0.010663 0.007211  -0.594297 0.000409 -0.000125
5  16.163132 -0.000000 3.830524  -1.333359 -0.199015 -2.456806
6  14.868229 0.000001 0.000001  -0.803908 0.720913 -1.608923
7  26.391947 -0.000001 -0.000000  -0.000000 0.000000 -1.409990
8  -0.000004 0.000007 -0.000002  -0.142214 -0.000000 0.000000
9  3.093510 0.000007 0.000000  -0.284414 -0.000000 -0.000000
10  6.187021 0.000003 0.000001  -0.426642 -0.000000 -0.000000
11  9.280531 0.000004 0.000001  -0.568875 0.000000 -0.000000
12  12.374041 0.000004 0.000003  -0.711140 -0.000000 -0.000000
13  15.467554 0.000003 0.000002  -0.853384 -0.000000 -0.000000
14  18.561054 0.000001 0.000001  -0.995598 -0.000000 -0.000000
15  21.654568 -0.000001 0.000003  -2.955765 -0.419860 0.791935
16  1.410067 0.800539 -2.089138  1.926816 0.229617 0.446891
17  3.954706 0.000003 0.000004  0.032650 -0.305879 0.082888
18  3.101570 -0.000002 0.000002  0.038488 -0.173200 0.020373
19  6.164459 -0.898152 2.575008  -0.464106 -0.015897 1.186542
20  2.805845 -0.000000 0.000000  -0.000000 -0.000000 0.521973
21  2.307442 0.000001 0.000000  -0.000000 0.000000 0.361287
22  7.145094 -0.676339 -1.382430  0.048305 -0.466031 0.179016
23  3.672217 -0.000001 -0.000002  0.000000 0.000000 1.094786
24  2.676518 -0.000001 0.000001  0.000000 -0.000000 0.976405
25  6.831179 -0.870863 0.599912  -0.198432 -0.274957 0.706750
26  3.657073 0.000004 -0.000002  0.000000 0.000000 1.196110
27  2.496792 -0.000003 0.000003  -0.000000 -0.000000 0.510610
28  7.183346 -0.532078 -3.267611  0.092002 -0.569205 -0.163901
29  3.511585 -0.000001 0.000002  -0.000000 -0.000000 0.459239
30  2.199415 0.000005 0.000002  0.000000 -0.000000 0.877656
31  16.163136 0.000000 -3.830527  0.703564 0.858106 -2.571306
32  14.868248 0.000000 0.000001  -0.211957 -0.170012 -1.874685
33  26.391966 0.000001 0.000004  0.000000 0.000000 -1.670631
34  -0.000001 0.000002 -0.000001  0.116035 0.000000 -0.000000
35  3.093512 0.000000 -0.000001  0.232034 0.000000 0.000000
36  6.187021 0.000001 -0.000001  0.348078 0.000000 0.000000
37  9.280537 0.000001 0.000000  0.464129 0.000000 0.000000
38  12.374041 -0.000001 0.000001  0.580140 -0.000000 -0.000000
39  15.467550 0.000001 0.000000  0.696185 -0.000000 -0.000000
40  18.561068 0.000002 0.000000  0.812271 0.000000 -0.000000
41  21.654566 -0.000002 0.000001  2.579384 -0.578081 0.005500
42  1.410064 0.800529 2.089143  -1.966491 -0.287076 0.559263
43  3.954715 -0.000005 0.000001  0.000000 0.000000 0.375132
44  3.101565 -0.000002 0.000002  -0.000000 -0.000000 0.790793
45  7.183349 -0.532088 3.267621  0.052242 -0.011652 -0.158551
46  3.511587 -0.000000 0.000001  -0.000000 0.000000 0.189253
47  2.199410 -0.000001 0.000003  -0.000000 -0.000000 -0.104054
48  7.145096 -0.676343 1.382436  0.255424 0.283825 0.886075
49  3.672211 -0.000003 -0.000001  -0.000000 0.000000 1.435616
50  2.676519 0.000002 -0.000000  -0.000000 0.000000 1.062915
51  6.831168 -0.870866 -0.599907  0.339890 0.115856 1.057859
52  3.657083 0.000002 0.000001  -0.000000 -0.000000 1.252193
53  2.496799 0.000002 -0.000001  0.000000 0.000000 0.840195
54  6.164459 -0.898153 -2.575004  0.409526 -0.061316 1.152482
55  2.805845 0.000000 -0.000001  0.000000 -0.000000 0.666009
56  2.307451 0.000000 0.000003  0.000000 0.000000 0.844543
57  0.000000 0.000000 0.000000  0.000001 -0.000000 -0.000000
58  13.348911 -32.064102 -18.070404  0.199848 0.531790 0.962709
59  -0.000000 -19.069481 4.681036  0.000000 0.000000 -0.000000
60  1.986524 0.000020 -3.123736  -2.705260 -0.000000 -1.570797
61  -1.986694 0.000019 -3.123744  0.436333 0.000001 1.570797
62  -0.000001 0.000003 0.000001  0.000000 0.000000 -0.000000
63  -1.530658 0.861428 -3.109960  0.392682 0.000010 1.570745
64  -11.344168 1.135891 0.869267  0.000328 -0.024963 -0.026314
65  1.907529 0.861418 -2.954431  -0.392858 -0.000004 1.570778
66  -11.350046 -0.729399 0.864871  0.000154 -0.025335 0.026430
67  1.754239 4.036763 -1.682669  0.392549 -0.010099 -1.546344
68  -1.755143 4.036763 -1.682671  -0.392547 -0.010382 -1.594901
69  -0.164558 5.734782 5.880446  -0.000000 -0.000000 -1.570730
70  1.203547 5.503718 4.339433  0.000000 0.000000 -0.000000
71  -1.260175 5.668900 5.788553  0.070161 -0.418898 2.970131
72  1.185472 17.272333 1.821944  0.000000 0.000000 -0.000000
73  0.060214 10.324436 74.469063  0.000000 0.000000 -0.000000
74  0.052674 -3.972627 3.515843  1.570735 -0.000061 -1.570735
75  4.804188 -3.856468 -0.006875  -0.000000 0.000000 0.000000
76  -6.013985 -4.624461 -0.000000  0.000000 0.000000 -0.000000
77  -65.574097 -37.156052 0.002944  -0.787166 1.570710 0.784240
78  1.602683 -3.785218 0.003053  -0.786557 1.570710 0.784667
79  11.681375 -1.114742 -1.027845  -0.785764 1.570710 0.785276
80  19.766775 -3.800923 0.000004  -0.000000 -0.000000 0.000000
81  3.258438 5.856953 -3.403521  -0.000000 -0.000000 -0.000000
82  15.153048 5.860579 -3.403518  -0.000000 -0.000000 0.000000
83  6.064252 77.294952 36.365795  1.570796 -0.000000 1.570796
84  -2.662412 1.445752 40.667961  -0.000000 3.141591 1.570796
85  8.352065 2.772895 0.000543  -3.141589 0.000002 -0.000000
86  6.064257 72.973694 32.593254  1.570796 -0.000000 1.570796
87  -0.113680 5.957340 -0.188893  0.000000 0.000000 -0.000000
88  0.097226 0.210963 3.469586  0.000000 0.000000 -0.000000
89  0.000001 1.310213 -0.000002  0.000000 0.000000 0.000000
90  0.000002 0.582261 -0.000001  0.000000 0.000000 0.000000
91  0.036297 1.284881 7.928798  -0.000000 -0.000001 0.000000
92  0.000003 1.310210 -0.000000  0.000000 -0.000000 0.000000
93  0.000002 0.582261 -0.000000  0.000000 -0.000000 0.000000
94  5.969323 3.427458 -6.170651  -0.000001 -0.000001 -1.570797
95  -1.310209 0.000001 -0.000000  0.000000 0.000000 -0.000000
96  -0.582258 0.000001 0.000000  0.000000 0.000000 -0.000000
97  5.969325 9.397400 -6.170660  -0.000001 -0.000001 -1.570796
98  -1.310210 -0.000002 -0.000002  0.000000 0.000001 -0.000000
99  -0.582260 -0.000002 -0.000001  0.000000 0.000001 -0.000000
100  5.969321 15.223769 -6.170671  -0.000000 -0.000001 -1.570796
101  -1.310210 0.000002 0.000000  -0.000000 0.000000 -0.000000
102  -0.582260 0.000001 0.000001  -0.000000 0.000000 -0.000000
103  5.969324 20.835571 -6.170671  -0.000000 -0.000001 -1.570796
104  -1.310211 0.000001 -0.000002  -0.000000 0.000000 -0.000000
105  -0.582260 0.000000 -0.000001  -0.000000 0.000000 -0.000000
106  5.969324 26.771210 -6.170673  -0.000000 -0.000001 -1.570796
107  5.969324 32.597595 -6.170676  -0.000000 -0.000001 -1.570796
108  5.969326 38.209396 -6.170685  0.000000 -0.000001 -1.570800
109  5.969320 49.488464 -6.170688  0.000000 -0.000001 -1.570800
110  -0.539091 -0.556809 -0.017365  -0.042462 2.681156 1.551919
111  -6.799121 -0.556804 0.818550  -0.272420 2.701993 1.452460
112  -4.615282 -0.556821 0.270328  -0.117230 2.684609 1.518878
113  -2.650968 -0.556808 0.063011  -0.042463 2.681158 1.551919
114  27.110336 1.284856 12.007548  0.000000 -0.000000 -0.000000
115  28.133425 1.284858 12.007545  0.000001 -0.000000 -0.000000
116  12.812885 2.241786 12.007549  0.000000 -0.000001 -0.000001
117  -9.955968 -0.319624 4.380214  -0.000001 -0.000000 -0.000001
118  -11.316472 -0.319622 4.380215  -0.000003 -0.000000 -0.000000
119  -12.667810 -0.319624 4.380213  -0.000003 -0.000000 0.000001
120  -14.022141 -0.319623 4.380214  0.000010 -0.000000 -0.000011
121  -15.373239 -0.319622 4.380213  0.000015 -0.000000 -0.000015
122  -16.724144 -0.319622 4.380214  -0.000009 -0.000000 0.000006
123  -18.074574 -0.319621 4.380214  -0.000006 0.000000 0.000004
124  -19.423716 -0.319620 4.380215  0.000002 0.000000 -0.000004
125  -20.775270 -0.319620 4.380215  0.000003 0.000000 -0.000004
126  -22.126671 -0.319619 4.380214  0.000003 -0.000000 -0.000004
127  -23.478121 -0.319618 4.380215  0.000005 0.000000 -0.000006
128  -24.830620 -0.319618 4.380214  0.000036 0.000000 -0.000038
129  -26.182032 -0.319620 4.380213  -0.000011 0.000000 0.000011
130  0.529181 -0.167130 0.629482  -0.101270 -0.000000 0.000000
131  -0.211442 -0.241683 0.155360  -0.145847 -0.000000 0.000000
132  0.529192 -0.280699 -0.110295  -0.145847 -0.000000 -0.000000
133  -0.173926 -0.337325 -0.638499  -0.181751 -0.000000 0.000000
134  0.529191 -0.399246 -0.975394  -0.181751 -0.000000 0.000000
135  -0.211444 -0.464478 -1.431043  -0.192399 -0.000000 0.000000
136  0.529190 -0.515806 -1.694582  -0.192399 -0.000000 0.000000
137  -0.173926 -0.612150 -2.231913  -0.216703 -0.000000 0.000000
138  0.529188 -0.685807 -2.566439  -0.216703 -0.000000 -0.000000
139  -0.211446 -0.769561 -3.027869  -0.237349 -0.000000 0.000000
140  0.529190 -0.832687 -3.288850  -0.237349 -0.000000 -0.000000
141  -0.173937 -0.945281 -3.779564  -0.233859 0.000000 0.000000
142  0.529180 -1.024658 -4.112781  -0.233859 0.000000 0.000000
143  -0.211442 -1.132185 -4.577548  -0.262919 -0.000000 0.000000
144  0.529190 -1.201966 -4.836826  -0.262919 0.000000 0.000000
145  -0.000005 -2.810941 -10.636629  0.258454 -0.000000 3.141592
146  -0.192455 -1.345778 -5.370046  -0.280373 0.000000 0.000000
147  0.533983 -1.413514 -5.605106  -0.276883 0.000000 0.000000
148  -0.206616 -1.795760 -6.909780  -0.287354 0.000000 0.000000
149  -0.205805 -1.564819 -6.138258  -0.290843 0.000000 0.000000
150  0.530462 -1.643675 -6.395214  -0.290844 0.000000 0.000000
151  0.535310 -1.790710 -7.204134  -0.287354 -0.000000 0.000000
152  -0.202702 -2.030483 -7.702831  -0.286180 -0.000000 0.000000
153  0.509550 -2.118896 -8.011625  -0.298398 -0.000000 0.000000
154  -0.202704 -2.255278 -8.465172  -0.283134 -0.000000 0.000000
155  0.509548 -2.352980 -8.771160  -0.295352 -0.000000 0.000000
156  -0.202704 -2.481596 -9.235472  -0.285437 -0.000000 0.000000
157  0.509547 -2.588683 -9.538639  -0.297654 -0.000000 0.000000
158  0.170125 -21.222090 -1.001140  -0.000001 -0.000001 0.000000
159  0.170124 -20.843861 -0.397183  -0.000001 -0.000001 0.000000
160  0.170123 -20.489746 -1.001143  -0.000001 -0.000001 0.000000
161  0.170125 -20.111069 -0.397184  -0.000001 -0.000001 0.000000
162  0.170124 -19.380089 -0.397186  -0.000001 -0.000001 0.000000
163  0.170125 -19.025106 -1.001148  -0.000001 -0.000001 0.000000
164  0.170125 -18.646660 -0.396447  -0.000001 -0.000001 0.000000
165  0.170123 -19.755762 -1.001142  -0.000001 -0.000001 0.000000
166  -0.015975 10.035402 1.098092  0.000000 0.000000 -0.000000
167  -0.104323 -52.163574 4.437346  1.570735 -0.000061 -1.570735
168  0.064650 27.351345 72.195206  0.000000 0.000000 -0.000000
169  6.064258 95.114021 31.645500  0.000000 -0.000001 1.570796
170  -0.103716 -26.907869 3.305357  -0.000000 -0.000000 -1.570730
171  6.064254 69.096558 37.164318  1.570796 -0.000000 1.570796
172  1.974302 11.989232 4.589252  0.000000 0.000000 -0.000000
173  1.941734 0.883628 4.309758  -0.000000 -0.000000 -1.483525
174  -0.115677 1.104777 6.744194  0.000000 0.000000 -0.000000
175  6.064256 89.329803 31.613918  0.000000 -0.000001 1.570796
176  0.059885 2.255379 54.398026  0.000000 0.000000 -0.000000
177  0.003495 -22.270651 -0.000005  1.570735 -0.000061 -1.570735
178  0.104010 14.792241 1.530322  0.000000 0.000000 -0.000000
179  3.000524 -2.985219 1.029102  2.067399 -0.085866 -1.929635
180  -2.951612 25.811047 -3.742301  -0.096365 0.008023 -1.450340
181  -2.662412 1.445783 33.628746  0.000487 3.141104 1.570796
182  8.352068 2.772898 0.000538  -3.140902 0.000003 -0.000001
183  -2.662412 1.445785 40.667973  0.000487 3.141104 1.570796
184  8.352067 2.772897 0.000545  -3.140902 0.000003 -0.000001
185  -1.431356 16.384779 4.137814  0.000001 0.000000 0.000000
186  -0.001845 0.521680 -0.140288  0.000000 0.000000 -0.000000
187  7.323107 -5.136192 -5.166237  -0.000000 0.000000 -0.610865
188  2.698276 -0.000003 0.000000  -0.000012 0.000000 0.000000
189  2.834157 -0.000004 0.000000  0.000013 0.000000 0.000000
190  2.648920 0.000000 -0.000004  -0.000001 -0.000001 0.000000
191  2.667501 -0.000001 0.000002  0.000000 0.000000 -0.000000
192  2.426706 -0.000004 0.000000  0.000000 0.000000 -0.000000
193  -0.494744 -44.353447 -1.302298  1.570797 -0.000000 -1.570797
194  11.545937 73.768410 -3.792006  0.000000 0.000000 -0.000000
195  -0.011103 -16.902813 1.952049  0.000001 0.000000 -0.000000
196  0.000000 -0.000001 -1.529053  -0.000000 0.000000 0.000000
197  -0.078943 0.000004 0.000000  0.000000 0.000001 1.570796
198  0.097093 0.000003 0.000002  -0.000000 -3.141592 1.570796
199  0.000000 0.000000 -0.000000  0.000000 -0.000000 -0.000000
200  -9.049523 -18.672079 -15.320456  -0.616622 0.239820 -0.608337
201  17.523035 -31.555828 -19.234314  1.500460 -0.090348 -0.970265
time 59
0  0 0 0  0 0 0
1  0.000000 0.000000 0.000000  0.000000 -0.000000 -0.000000
2  -0.000000 -0.000000 -55.423229  0.000000 -0.000000 -1.570730
3  -0.012872 0.000000 8.235027  -0.784749 -1.570710 -0.785986
4  16.163124 -0.010663 0.007211  -0.594297 0.000409 -0.000125
5  16.163132 -0.000000 3.830524  -1.333359 -0.199015 -2.456806
6  14.868229 0.000001 0.000001  -0.807241 0.722066 -1.621566
7  26.391945 -0.000005 -0.000002  -0.000000 0.000000 -1.406947
8  0.000001 -0.000001 0.000000  -0.141419 -0.000000 -0.000000
9  3.093513 -0.000001 0.000002  -0.282811 -0.000000 -0.000000
10  6.187019 -0.000003 0.000002  -0.424207 -0.000000 -0.000000
11  9.280534 -0.000005 0.000003  -0.565633 0.000000 -0.000000
12  12.374044 -0.000003 0.000003  -0.707040 -0.000000 -0.000000
13  15.467557 -0.000009 0.000003  -0.848492 -0.000000 -0.000000
14  18.561058 -0.000002 0.000004  -0.989906 -0.000000 -0.000000
15  21.654573 -0.000010 0.000003  -2.947993 -0.420615 0.799970
16  1.410066 0.800535 -2.089136  1.926816 0.229617 0.446891
17  3.954708 -0.000000 0.000007  0.032650 -0.305879 0.082888
18  3.101566 0.000000 0.000004  0.038488 -0.173200 0.020373
19  6.164456 -0.898151 2.575008  -0.464106 -0.015897 1.186542
20  2.805845 -0.000001 0.000000  0.000000 -0.000000 0.521973
21  2.307442 0.000002 0.000001  -0.000000 0.000000 0.361287
22  7.145092 -0.676342 -1.382428  0.048305 -0.466031 0.179016
23  3.672220 0.000001 0.000001  0.000000 0.000000 1.094786
24  2.676516 0.000007 -0.000002  0.000000 -0.000000 0.976405
25  6.831181 -0.870863 0.599915  -0.198432 -0.274957 0.706750
26  3.657076 0.000000 -0.000000  0.000000 0.000000 1.196110
27  2.496795 -0.000003 0.000002  -0.000000 -0.000000 0.510611
28  7.183345 -0.532081 -3.267607  0.092002 -0.569205 -0.163901
29  3.511588 -0.000002 0.000000  -0.000000 -0.000000 0.459239
30  2.199413 0.000000 -0.000001  0.000000 -0.000000 0.877656
31  16.163136 0.000000 -3.830527  0.703564 0.858106 -2.571306
32  14.868248 0.000000 0.000001  -0.208262 -0.163452 -1.868839
33  26.391970 0.000000 0.000000  0.000000 0.000000 -1.676462
34  -0.000002 -0.000001 0.000002  0.118053 0.000000 -0.000000
35  3.093513 -0.000004 0.000000  0.236090 0.000000 0.000000
36  6.187021 -0.000001 -0.000001  0.354154 0.000000 0.000000
37  9.280535 -0.000002 0.000001  0.472161 0.000000 -0.000000
38  12.374041 -0.000002 0.000000  0.590212 0.000000 -0.000000
39  15.467552 -0.000003 0.000002  0.708276 -0.000000 0.000000
40  18.561066 -0.000002 0.000001  0.826378 0.000000 -0.000000
41  21.654568 -0.000004 0.000002  2.594651 -0.581412 0.007577
42  1.410063 0.800530 2.089142  -1.966491 -0.287076 0.559263
43  3.954715 -0.000002 0.000001  0.000000 -0.000000 0.375132
44  3.101565 -0.000002 -0.000000  -0.000000 0.000000 0.790793
45  7.183348 -0.532089 3.267621  0.052242 -0.011652 -0.158551
46  3.511587 -0.000001 0.000002  -0.000000 0.000000 0.189253
47  2.199408 0.000001 -0.000000  0.000000 -0.000000 -0.104054
48  7.145094 -0.676345 1.382436  0.255424 0.283825 0.886075
49  3.672210 -0.000001 0.000000  -0.000000 -0.000000 1.435616
50  2.676523 -0.000001 0.000002  0.000000 0.000000 1.062915
51  6.831168 -0.870867 -0.599908  0.339890 0.115856 1.057859
52  3.657083 -0.000001 0.000002  -0.000000 -0.000000 1.252192
53  2.496796 -0.000003 -0.000001  0.000000 0.000000 0.840195
54  6.164458 -0.898153 -2.575004  0.409526 -0.061317 1.152482
55  2.805844 0.000002 0.000003  -0.000000 -0.000000 0.666009
56  2.307452 -0.000001 -0.000000  0.000000 -0.000000 0.844543
57  0.000000 0.000000 0.000000  0.000001 -0.000000 -0.000000
58  13.052868 -32.094940 -17.870836  0.198510 0.521264 0.953441
59  0.000003 -19.069483 4.681027  0.000000 -0.000000 -0.000000
60  1.986522 0.000015 -3.123736  -2.705260 -0.000000 -1.570797
61  -1.986696 0.000015 -3.123744  0.436333 0.000001 1.570797
62  -0.000002 -0.000001 0.000001  0.000000 -0.000000 -0.000000
63  -1.530660 0.861420 -3.109959  0.392682 0.000010 1.570745
64  -11.344171 1.135893 0.869261  0.000328 -0.024963 -0.026314
65  1.907527 0.861415 -2.954429  -0.392858 -0.000004 1.570778
66  -11.350048 -0.729400 0.864871  0.000154 -0.025335 0.026430
67  1.754236 4.036756 -1.682667  0.392549 -0.010099 -1.546344
68  -1.755145 4.036756 -1.682670  -0.392547 -0.010382 -1.594901
69  -0.164558 5.734784 5.880444  0.000000 0.000000 -1.570730
70  1.203549 5.503722 4.339431  0.000000 -0.000000 -0.000000
71  -1.260174 5.668901 5.788550  0.070161 -0.418898 2.970131
72  1.185471 17.272333 1.821941  0.000000 -0.000000 -0.000000
73  0.060218 10.324435 74.469055  0.000000 -0.000000 -0.000000
74  0.052676 -3.972616 3.515852  1.570735 -0.000061 -1.570735
75  4.804189 -3.856465 -0.006881  0.000000 -0.000000 0.000000
76  -6.013983 -4.624460 -0.000001  0.000000 0.000000 -0.000000
77  -65.574089 -37.156055 0.002936  -0.787408 1.570710 0.784240
78  1.602684 -3.785215 0.003049  -0.787104 1.570710 0.783875
79  11.681376 -1.114740 -1.027845  -0.785581 1.570710 0.785154
80  19.766781 -3.800924 0.000004  0.000000 -0.000000 -0.000000
81  3.258443 5.856954 -3.403523  -0.000000 -0.000000 -0.000000
82  15.153053 5.860582 -3.403520  0.000000 -0.000000 0.000000
83  6.064256 77.294945 36.365795  1.570796 -0.000000 1.570796
84  -2.662412 1.445755 40.667961  0.000000 3.141591 1.570796
85  8.352063 2.772900 0.000541  -3.141589 0.000002 -0.000000
86  6.064256 72.973694 32.593250  1.570796 -0.000000 1.570796
87  -0.113676 5.957343 -0.188891  0.000000 -0.000000 -0.000000
88  0.097224 0.210962 3.469587  0.000000 -0.000000 -0.000000
89  0.000001 1.310211 -0.000001  0.000000 -0.000000 0.000000
90  0.000000 0.582260 0.000000  0.000000 -0.000000 0.000000
91  0.036297 1.284879 7.928799  0.000000 -0.000001 0.000000
92  -0.000001 1.310209 0.000000  0.000000 -0.000000 0.000000
93  -0.000003 0.582256 0.000000  0.000000 -0.000000 0.000000
94  5.969324 3.427458 -6.170650  -0.000000 -0.000001 -1.570797
95  -1.310209 -0.000003 -0.000001  0.000000 0.000000 -0.000000
96  -0.582259 -0.000004 -0.000000  0.000000 0.000000 -0.000000
97  5.969323 9.397396 -6.170659  -0.000000 -0.000001 -1.570796
98  -1.310212 -0.000001 0.000005  0.000000 0.000000 -0.000000
99  -0.582260 -0.000001 0.000004  0.000000 0.000000 -0.000000
100  5.969323 15.223768 -6.170669  0.000000 -0.000001 -1.570796
101  -1.310210 0.000000 -0.000003  -0.000000 0.000000 -0.000000
102  -0.582260 -0.000001 -0.000002  -0.000000 0.000001 -0.000000
103  5.969325 20.835569 -6.170671  0.000000 -0.000001 -1.570796
104  -1.310210 0.000002 0.000000  -0.000000 0.000000 -0.000000
105  -0.582259 -0.000001 0.000002  -0.000000 0.000001 -0.000000
106  5.969324 26.771206 -6.170670  0.000000 -0.000001 -1.570796
107  5.969324 32.597595 -6.170673  0.000000 -0.000001 -1.570796
108  5.969324 38.209393 -6.170685  0.000000 -0.000001 -1.570800
109  5.969325 49.488464 -6.170683  0.000000 -0.000001 -1.570800
110  -0.539091 -0.556809 -0.017363  -0.042462 2.681156 1.551919
111  -6.799124 -0.556808 0.818549  -0.272420 2.701993 1.452460
112  -4.615283 -0.556823 0.270329  -0.117230 2.684609 1.518878
113  -2.650968 -0.556809 0.063010  -0.042463 2.681158 1.551919
114  27.110336 1.284856 12.007550  0.000000 -0.000000 -0.000000
115  28.133425 1.284857 12.007547  0.000001 -0.000000 -0.000000
116  12.812885 2.241785 12.007549  0.000000 -0.000001 -0.000001
117  -9.955967 -0.319623 4.380215  -0.000001 -0.000000 -0.000001
118  -11.316473 -0.319625 4.380215  -0.000003 -0.000000 -0.000000
119  -12.667810 -0.319623 4.380215  -0.000003 -0.000000 0.000001
120  -14.022143 -0.319625 4.380214  0.000010 -0.000000 -0.000011
121  -15.373239 -0.319622 4.380214  0.000015 -0.000000 -0.000015
122  -16.724142 -0.319622 4.380216  -0.000009 -0.000000 0.000006
123  -18.074572 -0.319622 4.380215  -0.000006 -0.000000 0.000004
124  -19.423716 -0.319622 4.380214  0.000002 0.000000 -0.000004
125  -20.775270 -0.319623 4.380215  0.000003 0.000000 -0.000004
126  -22.126673 -0.319623 4.380213  0.000003 -0.000000 -0.000004
127  -23.478125 -0.319621 4.380213  0.000005 -0.000000 -0.000006
128  -24.830622 -0.319621 4.380214  0.000036 -0.000000 -0.000038
129  -26.182030 -0.319621 4.380214  -0.000011 -0.000000 0.000011
130  0.529180 -0.167131 0.629485  -0.101270 -0.000000 0.000000
131  -0.211445 -0.241687 0.155361  -0.145847 -0.000000 0.000000
132  0.529191 -0.280703 -0.110293  -0.145847 -0.000000 -0.000000
133  -0.173927 -0.337326 -0.638495  -0.181751 -0.000000 0.000000
134  0.529190 -0.399248 -0.975393  -0.181751 -0.000000 0.000000
135  -0.211444 -0.464478 -1.431041  -0.192399 -0.000000 0.000000
136  0.529189 -0.515810 -1.694582  -0.192399 -0.000000 0.000000
137  -0.173927 -0.612153 -2.231908  -0.216703 -0.000000 0.000000
138  0.529187 -0.685806 -2.566439  -0.216703 -0.000000 -0.000000
139  -0.211445 -0.769562 -3.027869  -0.237349 -0.000000 0.000000
140  0.529189 -0.832687 -3.288846  -0.237349 -0.000000 -0.000000
141  -0.173938 -0.945283 -3.779564  -0.233859 0.000000 0.000000
142  0.529179 -1.024658 -4.112779  -0.233859 0.000000 -0.000000
143  -0.211443 -1.132188 -4.577548  -0.262919 -0.000000 0.000000
144  0.529190 -1.201965 -4.836824  -0.262919 0.000000 -0.000000
145  -0.000006 -2.810945 -10.636630  0.258454 0.000000 3.141592
146  -0.192454 -1.345779 -5.370043  -0.280373 0.000000 0.000000
147  0.533985 -1.413513 -5.605104  -0.276883 0.000000 0.000000
148  -0.206618 -1.795761 -6.909778  -0.287354 0.000000 0.000000
149  -0.205804 -1.564820 -6.138257  -0.290843 0.000000 0.000000
150  0.530461 -1.643678 -6.395214  -0.290844 0.000000 0.000000
151  0.535313 -1.790709 -7.204131  -0.287354 -0.000000 0.000000
152  -0.202702 -2.030484 -7.702827  -0.286180 -0.000000 0.000000
153  0.509549 -2.118897 -8.011623  -0.298398 -0.000000 0.000000
154  -0.202705 -2.255281 -8.465171  -0.283134 -0.000000 0.000000
155  0.509549 -2.352982 -8.771158  -0.295352 -0.000000 0.000000
156  -0.202705 -2.481598 -9.235471  -0.285437 -0.000000 0.000000
157  0.509546 -2.588684 -9.538637  -0.297654 -0.000000 0.000000
158  0.170121 -21.222094 -1.001140  -0.000001 -0.000001 0.000000
159  0.170121 -20.843864 -0.397182  -0.000001 -0.000001 0.000000
160  0.170123 -20.489746 -1.001139  -0.000001 -0.000001 0.000000
161  0.170124 -20.111073 -0.397182  -0.000001 -0.000001 0.000000
162  0.170120 -19.380091 -0.397186  -0.000001 -0.000001 0.000000
163  0.170123 -19.025108 -1.001145  -0.000001 -0.000001 0.000000
164  0.170122 -18.646664 -0.396448  -0.000001 -0.000001 0.000000
165  0.170124 -19.755758 -1.001141  -0.000001 -0.000001 0.000000
166  -0.015972 10.035404 1.098089  0.000000 -0.000000 -0.000000
167  -0.104327 -52.163574 4.437346  1.570735 -0.000061 -1.570735
168  0.064656 27.351345 72.195206  0.000000 -0.000000 -0.000000
169  6.064263 95.114014 31.645500  -0.000000 -0.000001 1.570796
170  -0.103712 -26.907867 3.305356  0.000000 0.000000 -1.570730
171  6.064259 69.096558 37.164322  1.570796 -0.000000 1.570796
172  1.974303 11.989234 4.589251  0.000000 -0.000000 -0.000000
173  1.941734 0.883631 4.309755  0.000000 -0.000000 -1.483525
174  -0.115678 1.104777 6.744191  0.000000 -0.000000 -0.000000
175  6.064264 89.329796 31.613916  -0.000000 -0.000001 1.570796
176  0.059886 2.255380 54.398022  0.000000 -0.000000 -0.000000
177  0.003493 -22.270649 0.000003  1.570735 -0.000061 -1.570735
178  0.104010 14.792243 1.530320  0.000000 -0.000000 -0.000000
179  3.000524 -2.985219 1.029099  2.067399 -0.085866 -1.929635
180  -2.951613 25.811049 -3.742301  -0.096365 0.008023 -1.450340
181  -2.662412 1.445785 33.628742  0.000487 3.141104 1.570796
182  8.352068 2.772898 0.000542  -3.140902 0.000003 -0.000001
183  -2.662412 1.445789 40.667969  0.000487 3.141104 1.570796
184  8.352065 2.772896 0.000543  -3.140902 0.000003 -0.000001
185  -1.431355 16.384781 4.137812  0.000001 -0.000000 0.000000
186  -0.001846 0.521683 -0.140290  0.000000 -0.000000 -0.000000
187  7.323111 -5.136191 -5.166238  0.000000 0.000000 -0.610865
188  2.698277 -0.000002 0.000002  -0.000012 0.000000 0.000000
189  2.834159 -0.000005 0.000001  0.000013 0.000000 0.000000
190  2.648922 -0.000002 -0.000002  -0.000001 -0.000001 0.000000
191  2.667502 0.000000 -0.000003  0.000000 -0.000000 -0.000000
192  2.426705 0.000000 0.000000  0.000000 0.000000 -0.000000
193  -0.494743 -44.353447 -1.302298  1.570797 -0.000000 -1.570797
194  11.545939 73.768417 -3.792008  0.000000 -0.000000 -0.000000
195  -0.011104 -16.902813 1.952046  0.000001 -0.000000 -0.000000
196  -0.000000 0.000000 -1.529053  -0.000000 0.000000 -0.000000
197  -0.078938 -0.000002 -0.000004  0.000000 0.000001 1.570796
198  0.097096 0.000000 -0.000003  -0.000000 -3.141592 1.570796
199  0.000000 0.000000 -0.000000  0.000000 -0.000000 -0.000000
200  -9.255432 -18.530962 -15.168693  -0.605791 0.238695 -0.614409
201  17.228861 -31.613770 -19.000574  1.510759 -0.087660 -0.979775
time 60
0  0 0 0  0 0 0
1  0.000000 0.000000 0.000000  0.000000 -0.000000 -0.000000
2  -0.000000 -0.000000 -55.423229  0.000000 -0.000000 -1.570730
3  -0.012872 0.000000 8.235027  -0.784749 -1.570710 -0.785986
4  16.163124 -0.010663 0.007211  -0.594297 0.000409 -0.000125
5  16.163132 -0.000000 3.830524  -1.333359 -0.199015 -2.456806
6  14.868229 0.000001 0.000001  -0.811767 0.722391 -1.636665
7  26.391945 -0.000003 -0.000001  -0.000000 0.000000 -1.402149
8  -0.000004 -0.000001 -0.000000  -0.140439 -0.000000 -0.000000
9  3.093513 -0.000001 -0.000001  -0.280900 -0.000000 -0.000000
10  6.187021 -0.000004 0.000000  -0.421336 -0.000000 -0.000000
11  9.280534 -0.000004 0.000000  -0.561820 0.000000 -0.000000
12  12.374046 -0.000007 0.000000  -0.702227 -0.000000 -0.000000
13  15.467559 -0.000007 0.000000  -0.842669 -0.000000 -0.000000
14  18.561056 -0.000004 0.000000  -0.983184 -0.000000 -0.000000
15  21.654570 -0.000005 0.000004  -2.939247 -0.421884 0.806972
16  1.410068 0.800538 -2.089134  1.926816 0.229617 0.446891
17  3.954708 0.000001 0.000003  0.032650 -0.305879 0.082888
18  3.101569 -0.000002 0.000001  0.038488 -0.173200 0.020373
19  6.164460 -0.898152 2.575012  -0.464106 -0.015897 1.186542
20  2.805846 -0.000001 -0.000001  -0.000000 0.000000 0.521973
21  2.307440 -0.000002 0.000000  -0.000000 0.000000 0.361287
22  7.145092 -0.676340 -1.382429  0.048305 -0.466031 0.179016
23  3.672214 -0.000001 -0.000000  0.000000 0.000000 1.094786
24  2.676518 0.000002 0.000000  -0.000000 0.000000 0.976405
25  6.831182 -0.870863 0.599916  -0.198432 -0.274957 0.706750
26  3.657076 0.000001 -0.000001  0.000000 0.000000 1.196110
27  2.496793 -0.000001 0.000001  -0.000000 -0.000000 0.510610
28  7.183349 -0.532079 -3.267607  0.092002 -0.569205 -0.163901
29  3.511584 0.000000 0.000004  -0.000000 -0.000000 0.459239
30  2.199413 -0.000002 0.000002  0.000000 -0.000000 0.877656
31  16.163136 0.000000 -3.830527  0.703564 0.858106 -2.571306
32  14.868248 0.000000 0.000001  -0.204417 -0.156682 -1.862617
33  26.391968 0.000000 0.000002  0.000000 0.000000 -1.680940
34  0.000001 0.000000 -0.000001  0.120132 0.000000 -0.000000
35  3.093514 -0.000003 -0.000001  0.240270 -0.000000 0.000000
36  6.187023 -0.000001 -0.000003  0.360418 0.000000 0.000000
37  9.280537 -0.000001 0.000000  0.480578 -0.000000 -0.000000
38  12.374040 -0.000000 -0.000001  0.600747 -0.000000 -0.000000
39  15.467550 0.000000 -0.000002  0.720850 -0.000000 0.000000
40  18.561066 -0.000002 -0.000001  0.840997 -0.000000 0.000000
41  21.654564 -0.000001 -0.000000  2.610698 -0.583609 0.007722
42  1.410065 0.800530 2.089140  -1.966491 -0.287076 0.559263
43  3.954715 -0.000005 -0.000001  -0.000000 -0.000000 0.375132
44  3.101565 -0.000002 -0.000001  -0.000000 0.000000 0.790793
45  7.183349 -0.532089 3.267617  0.052242 -0.011652 -0.158551
46  3.511587 -0.000005 -0.000002  0.000000 0.000000 0.189253
47  2.199409 -0.000001 0.000001  0.000000 -0.000000 -0.104054
48  7.145095 -0.676345 1.382432  0.255424 0.283825 0.886074
49  3.672211 -0.000003 0.000000  -0.000000 -0.000000 1.435616
50  2.676520 -0.000000 0.000000  0.000000 -0.000000 1.062915
51  6.831168 -0.870865 -0.599911  0.339890 0.115856 1.057859
52  3.657083 0.000000 -0.000003  -0.000000 -0.000000 1.252193
53  2.496798 -0.000000 -0.000001  0.000000 0.000000 0.840195
54  6.164461 -0.898153 -2.575008  0.409526 -0.061316 1.152482
55  2.805844 0.000000 0.000001  0.000000 -0.000000 0.666009
56  2.307449 0.000001 0.000002  0.000000 -0.000000 0.844543
57  0.000000 0.000000 0.000000  0.000001 -0.000000 -0.000000
58  12.718630 -32.143417 -17.629759  0.195766 0.510044 0.943664
59  0.000001 -19.069481 4.681041  0.000000 -0.000000 -0.000000
60  1.986524 0.000013 -3.123739  -2.705260 -0.000000 -1.570797
61  -1.986694 0.000014 -3.123746  0.436333 0.000001 1.570797
62  -0.000001 -0.000004 0.000001  0.000000 -0.000000 -0.000000
63  -1.530659 0.861418 -3.109962  0.392682 0.000010 1.570745
64  -11.344172 1.135894 0.869261  0.000328 -0.024963 -0.026314
65  1.907529 0.861410 -2.954430  -0.392858 -0.000004 1.570778
66  -11.350043 -0.729404 0.864870  0.000154 -0.025335 0.026430
67  1.754238 4.036756 -1.682669  0.392549 -0.010099 -1.546344
68  -1.755144 4.036758 -1.682669  -0.392547 -0.010382 -1.594901
69  -0.164558 5.734782 5.880443  0.000000 -0.000000 -1.570730
70  1.203547 5.503721 4.339429  0.000000 -0.000000 -0.000000
71  -1.260174 5.668901 5.788551  0.070161 -0.418898 2.970131
72  1.185470 17.272333 1.821940  0.000000 -0.000000 -0.000000
73  0.060220 10.324435 74.469048  0.000000 -0.000000 -0.000000
74  0.052676 -3.972631 3.515834  1.570735 -0.000061 -1.570735
75  4.804186 -3.856469 -0.006878  -0.000000 0.000000 -0.000000
76  -6.013985 -4.624462 -0.000001  0.000000 0.000000 -0.000000
77  -65.574089 -37.156044 0.002933  -0.787043 1.570710 0.783874
78  1.602684 -3.785217 0.003049  -0.786495 1.570710 0.784606
79  11.681374 -1.114743 -1.027845  -0.785154 1.570710 0.785581
80  19.766779 -3.800925 -0.000001  0.000000 0.000000 -0.000000
81  3.258440 5.856950 -3.403523  -0.000000 -0.000000 -0.000001
82  15.153050 5.860579 -3.403520  0.000000 -0.000000 -0.000000
83  6.064251 77.294952 36.365791  1.570796 0.000000 1.570796
84  -2.662412 1.445755 40.667953  -0.000000 3.141591 1.570796
85  8.352068 2.772898 0.000541  -3.141589 0.000002 -0.000000
86  6.064255 72.973694 32.593250  1.570796 0.000000 1.570796
87  -0.113676 5.957338 -0.188894  0.000000 -0.000000 -0.000000
88  0.097227 0.210966 3.469588  0.000000 -0.000000 -0.000000
89  0.000002 1.310212 0.000000  0.000000 0.000000 0.000000
90  0.000002 0.582261 0.000000  0.000000 0.000000 0.000000
91  0.036298 1.284881 7.928799  -0.000000 -0.000001 0.000000
92  -0.000001 1.310213 -0.000001  0.000000 0.000000 0.000000
93  -0.000001 0.582263 -0.000001  0.000000 0.000000 0.000000
94  5.969324 3.427459 -6.170650  -0.000001 -0.000001 -1.570796
95  -1.310211 0.000000 -0.000001  0.000000 -0.000000 -0.000000
96  -0.582261 -0.000001 0.000000  0.000000 0.000000 -0.000000
97  5.969323 9.397400 -6.170658  -0.000000 -0.000001 -1.570796
98  -1.310212 -0.000001 -0.000002  0.000000 0.000000 -0.000000
99  -0.582260 -0.000002 -0.000001  0.000000 0.000000 -0.000000
100  5.969321 15.223770 -6.170669  0.000000 -0.000001 -1.570796
101  -1.310210 0.000001 -0.000000  -0.000000 0.000001 -0.000000
102  -0.582259 -0.000001 0.000002  -0.000000 0.000001 -0.000000
103  5.969322 20.835569 -6.170669  0.000000 -0.000001 -1.570796
104  -1.310210 0.000000 -0.000001  -0.000000 0.000001 -0.000000
105  -0.582261 -0.000001 0.000004  -0.000000 0.000001 -0.000000
106  5.969322 26.771206 -6.170671  0.000000 -0.000001 -1.570796
107  5.969323 32.597595 -6.170675  0.000000 -0.000001 -1.570796
108  5.969321 38.209396 -6.170685  -0.000000 -0.000001 -1.570800
109  5.969320 49.488464 -6.170684  -0.000000 -0.000001 -1.570800
110  -0.539092 -0.556808 -0.017362  -0.042462 2.681156 1.551919
111  -6.799123 -0.556805 0.818551  -0.272420 2.701993 1.452460
112  -4.615283 -0.556822 0.270330  -0.117230 2.684609 1.518878
113  -2.650970 -0.556808 0.063011  -0.042463 2.681158 1.551919
114  27.110338 1.284854 12.007549  0.000000 -0.000000 -0.000000
115  28.133427 1.284853 12.007548  0.000001 -0.000000 -0.000000
116  12.812887 2.241784 12.007550  -0.000000 -0.000001 -0.000001
117  -9.955967 -0.319623 4.380215  -0.000001 -0.000000 -0.000001
118  -11.316474 -0.319624 4.380216  -0.000003 -0.000000 -0.000000
119  -12.667812 -0.319622 4.380216  -0.000003 -0.000000 0.000001
120  -14.022140 -0.319621 4.380217  0.000010 -0.000000 -0.000011
121  -15.373239 -0.319621 4.380215  0.000015 -0.000000 -0.000015
122  -16.724142 -0.319621 4.380214  -0.000009 -0.000000 0.000006
123  -18.074572 -0.319621 4.380215  -0.000006 -0.000000 0.000004
124  -19.423717 -0.319621 4.380215  0.000002 0.000000 -0.000004
125  -20.775270 -0.319619 4.380216  0.000003 0.000000 -0.000004
126  -22.126673 -0.319618 4.380216  0.000003 0.000000 -0.000004
127  -23.478125 -0.319621 4.380215  0.000005 0.000000 -0.000006
128  -24.830622 -0.319621 4.380216  0.000036 0.000000 -0.000038
129  -26.182032 -0.319619 4.380216  -0.000011 0.000000 0.000011
130  0.529179 -0.167130 0.629486  -0.101270 -0.000000 0.000000
131  -0.211443 -0.241683 0.155363  -0.145847 -0.000000 0.000000
132  0.529190 -0.280702 -0.110292  -0.145847 -0.000000 -0.000000
133  -0.173925 -0.337325 -0.638495  -0.181751 -0.000000 0.000000
134  0.529188 -0.399246 -0.975393  -0.181751 -0.000000 0.000000
135  -0.211444 -0.464478 -1.431042  -0.192399 -0.000000 0.000000
136  0.529190 -0.515809 -1.694582  -0.192399 -0.000000 0.000000
137  -0.173929 -0.612153 -2.231911  -0.216703 -0.000000 0.000000
138  0.529187 -0.685807 -2.566439  -0.216703 -0.000000 -0.000000
139  -0.211446 -0.769563 -3.027871  -0.237349 -0.000000 0.000000
140  0.529188 -0.832687 -3.288846  -0.237349 -0.000000 -0.000000
141  -0.173938 -0.945282 -3.779563  -0.233859 0.000000 0.000000
142  0.529179 -1.024657 -4.112778  -0.233859 0.000000 -0.000000
143  -0.211443 -1.132186 -4.577547  -0.262919 -0.000000 0.000000
144  0.529191 -1.201966 -4.836823  -0.262919 0.000000 -0.000000
145  -0.000004 -2.810943 -10.636629  0.258454 0.000000 3.141592
146  -0.192456 -1.345779 -5.370045  -0.280373 0.000000 0.000000
147  0.533984 -1.413513 -5.605105  -0.276883 0.000000 0.000000
148  -0.206619 -1.795761 -6.909779  -0.287354 0.000000 0.000000
149  -0.205805 -1.564818 -6.138254  -0.290843 0.000000 0.000000
150  0.530460 -1.643677 -6.395213  -0.290844 0.000000 0.000000
151  0.535313 -1.790708 -7.204131  -0.287354 -0.000000 0.000000
152  -0.202703 -2.030486 -7.702829  -0.286180 -0.000000 0.000000
153  0.509548 -2.118894 -8.011621  -0.298398 -0.000000 0.000000
154  -0.202704 -2.255280 -8.465170  -0.283134 -0.000000 0.000000
155  0.509549 -2.352980 -8.771161  -0.295352 -0.000000 0.000000
156  -0.202704 -2.481597 -9.235470  -0.285437 -0.000000 0.000000
157  0.509547 -2.588681 -9.538636  -0.297654 -0.000000 0.000000
158  0.170124 -21.222092 -1.001140  -0.000001 -0.000001 0.000000
159  0.170125 -20.843863 -0.397181  -0.000001 -0.000001 0.000000
160  0.170125 -20.489744 -1.001138  -0.000001 -0.000001 0.000000
161  0.170124 -20.111069 -0.397181  -0.000001 -0.000001 0.000000
162  0.170125 -19.380089 -0.397187  -0.000001 -0.000001 0.000000
163  0.170121 -19.025108 -1.001144  -0.000001 -0.000001 0.000000
164  0.170125 -18.646660 -0.396445  -0.000001 -0.000001 0.000000
165  0.170127 -19.755760 -1.001141  -0.000001 -0.000001 0.000000
166  -0.015972 10.035405 1.098090  0.000000 -0.000000 -0.000000
167  -0.104322 -52.163578 4.437344  1.570735 -0.000061 -1.570735
168  0.064656 27.351341 72.195206  0.000000 -0.000000 -0.000000
169  6.064261 95.114014 31.645498  0.000000 -0.000001 1.570796
170  -0.103710 -26.907867 3.305356  0.000000 -0.000000 -1.570730
171  6.064254 69.096558 37.164314  1.570796 0.000000 1.570796
172  1.974301 11.989234 4.589249  0.000000 -0.000000 -0.000000
173  1.941732 0.883632 4.309751  0.000000 -0.000000 -1.483525
174  -0.115679 1.104777 6.744191  0.000000 -0.000000 -0.000000
175  6.064259 89.329803 31.613914  0.000000 -0.000001 1.570796
176  0.059887 2.255376 54.398018  0.000000 -0.000000 -0.000000
177  0.003500 -22.270651 -0.000001  1.570735 -0.000061 -1.570735
178  0.104010 14.792242 1.530320  0.000000 -0.000000 -0.000000
179  3.000525 -2.985218 1.029100  2.067399 -0.085866 -1.929634
180  -2.951611 25.811052 -3.742303  -0.096365 0.008023 -1.450340
181  -2.662411 1.445783 33.628742  0.000487 3.141104 1.570796
182  8.352070 2.772894 0.000540  -3.140902 0.000003 -0.000001
183  -2.662412 1.445787 40.667965  0.000487 3.141104 1.570796
184  8.352064 2.772895 0.000546  -3.140902 0.000003 -0.000001
185  -1.431355 16.384781 4.137812  0.000001 -0.000000 0.000000
186  -0.001845 0.521682 -0.140289  0.000000 -0.000000 -0.000000
187  7.323110 -5.136189 -5.166237  0.000000 0.000000 -0.610865
188  2.698276 -0.000002 0.000001  -0.000012 0.000000 0.000000
189  2.834161 -0.000004 0.000001  0.000013 0.000000 0.000000
190  2.648921 0.000000 0.000000  -0.000001 -0.000001 0.000000
191  2.667494 -0.000001 0.000000  -0.000000 0.000000 -0.000000
192  2.426704 -0.000004 0.000000  -0.000000 0.000000 -0.000000
193  -0.494742 -44.353447 -1.302298  1.570797 -0.000000 -1.570797
194  11.545935 73.768417 -3.792012  0.000000 -0.000000 -0.000000
195  -0.011103 -16.902813 1.952045  0.000001 -0.000000 -0.000000
196  0.000000 -0.000001 -1.529051  -0.000000 -0.000000 0.000000
197  -0.078944 -0.000006 -0.000001  0.000000 0.000001 1.570796
198  0.097090 -0.000004 0.000000  -0.000000 -3.141592 1.570796
199  0.000000 0.000000 -0.000000  0.000000 -0.000000 -0.000000
200  -9.489162 -18.411375 -15.011511  -0.594282 0.236230 -0.620162
201  16.915707 -31.688265 -18.721067  1.522172 -0.085927 -0.989238
time 61
0  0 0 0  0 0 0
1  0.000000 0.000000 0.000000  0.000000 -0.000000 -0.000000
2  -0.000000 -0.000000 -55.423229  0.000000 -0.000000 -1.570730
3  -0.012872 0.000000 8.235027  -0.784749 -1.570710 -0.785986
4  16.163124 -0.010663 0.007211  -0.594297 0.000409 -0.000125
5  16.163132 -0.000000 3.830524  -1.333359 -0.199015 -2.456806
6  14.868229 0.000001 0.000001  -0.816565 0.722423 -1.652739
7  26.391943 -0.000004 -0.000000  -0.000000 0.000000 -1.395449
8  0.000007 -0.000003 0.000000  -0.139399 -0.000000 -0.000000
9  3.093518 -0.000002 0.000002  -0.278865 -0.000000 -0.000000
10  6.187026 -0.000001 0.000002  -0.418340 -0.000000 -0.000000
11  9.280537 -0.000003 0.000002  -0.557756 0.000000 -0.000000
12  12.374054 -0.000003 0.000003  -0.697224 -0.000000 -0.000000
13  15.467562 -0.000004 0.000003  -0.836653 -0.000000 -0.000000
14  18.561060 -0.000004 0.000003  -0.976129 -0.000000 -0.000000
15  21.654579 -0.000007 0.000002  -2.929805 -0.423629 0.812016
16  1.410065 0.800539 -2.089135  1.926816 0.229617 0.446891
17  3.954705 -0.000002 0.000004  0.032650 -0.305879 0.082888
18  3.101572 -0.000000 0.000000  0.038488 -0.173200 0.020373
19  6.164456 -0.898151 2.575010  -0.464106 -0.015897 1.186542
20  2.805843 0.000002 0.000002  -0.000000 0.000000 0.521973
21  2.307439 0.000003 0.000003  0.000000 0.000000 0.361287
22  7.145089 -0.676340 -1.382428  0.048305 -0.466031 0.179016
23  3.672218 0.000000 -0.000004  0.000000 0.000000 1.094786
24  2.676516 0.000001 0.000001  -0.000000 -0.000000 0.976405
25  6.831178 -0.870864 0.599916  -0.198432 -0.274957 0.706750
26  3.657077 -0.000002 0.000002  0.000000 0.000000 1.196110
27  2.496793 -0.000000 0.000003  -0.000000 -0.000000 0.510611
28  7.183342 -0.532078 -3.267607  0.092002 -0.569205 -0.163901
29  3.511588 0.000000 0.000002  -0.000000 -0.000000 0.459239
30  2.199414 0.000001 -0.000001  0.000000 -0.000000 0.877656
31  16.163136 0.000000 -3.830527  0.703564 0.858106 -2.571306
32  14.868248 0.000000 0.000001  -0.200922 -0.150182 -1.856056
33  26.391970 -0.000001 0.000006  0.000000 0.000000 -1.684054
34  0.000002 0.000001 0.000002  0.122089 0.000000 -0.000000
35  3.093516 -0.000001 -0.000000  0.244267 0.000000 0.000000
36  6.187022 0.000002 0.000000  0.366438 0.000000 0.000000
37  9.280538 0.000001 0.000001  0.488563 -0.000000 0.000000
38  12.374043 0.000000 0.000003  0.610723 -0.000000 -0.000000
39  15.467550 -0.000000 0.000002  0.732866 -0.000000 -0.000000
40  18.561069 0.000001 0.000002  0.854993 -0.000000 -0.000000
41  21.654566 -0.000002 0.000003  2.626134 -0.584472 0.006467
42  1.410064 0.800529 2.089142  -1.966491 -0.287076 0.559263
43  3.954714 -0.000004 0.000002  0.000000 -0.000000 0.375132
44  3.101567 -0.000000 0.000001  -0.000000 -0.000000 0.790793
45  7.183349 -0.532091 3.267620  0.052242 -0.011652 -0.158551
46  3.511588 -0.000004 0.000003  -0.000000 0.000000 0.189253
47  2.199407 0.000001 0.000001  -0.000000 -0.000000 -0.104054
48  7.145093 -0.676346 1.382436  0.255424 0.283825 0.886075
49  3.672211 -0.000002 -0.000001  0.000000 -0.000000 1.435616
50  2.676521 0.000001 0.000001  0.000000 -0.000000 1.062915
51  6.831168 -0.870867 -0.599909  0.339890 0.115856 1.057859
52  3.657083 -0.000001 -0.000002  -0.000000 -0.000000 1.252192
53  2.496798 -0.000001 0.000000  0.000000 0.000000 0.840195
54  6.164460 -0.898154 -2.575007  0.409526 -0.061316 1.152482
55  2.805844 -0.000001 -0.000003  -0.000000 0.000000 0.666008
56  2.307451 -0.000001 0.000000  0.000000 -0.000000 0.844543
57  0.000000 0.000000 0.000000  0.000001 -0.000000 -0.000000
58  12.374838 -32.213921 -17.380699  0.191921 0.498990 0.933489
59  -0.000005 -19.069485 4.681040  -0.000000 -0.000000 -0.000000
60  1.986521 0.000020 -3.123737  -2.705260 -0.000000 -1.570797
61  -1.986697 0.000019 -3.123745  0.436333 0.000001 1.570797
62  -0.000002 0.000005 0.000000  -0.000000 -0.000000 -0.000000
63  -1.530660 0.861426 -3.109961  0.392682 0.000010 1.570745
64  -11.344170 1.135892 0.869260  0.000328 -0.024963 -0.026314
65  1.907527 0.861419 -2.954430  -0.392858 -0.000004 1.570778
66  -11.350046 -0.729412 0.864872  0.000154 -0.025335 0.026430
67  1.754234 4.036761 -1.682667  0.392549 -0.010099 -1.546344
68  -1.755147 4.036761 -1.682669  -0.392547 -0.010382 -1.594901
69  -0.164558 5.734786 5.880444  0.000000 -0.000000 -1.570730
70  1.203547 5.503722 4.339430  -0.000000 -0.000000 -0.000000
71  -1.260174 5.668899 5.788551  0.070161 -0.418898 2.970131
72  1.185469 17.272333 1.821941  -0.000000 -0.000000 -0.000000
73  0.060217 10.324438 74.469048  -0.000000 -0.000000 -0.000000
74  0.052681 -3.972630 3.515836  1.570735 -0.000061 -1.570735
75  4.804192 -3.856465 -0.006879  0.000000 0.000000 0.000000
76  -6.013982 -4.624460 -0.000002  0.000000 0.000000 0.000000
77  -65.574097 -37.156048 0.002937  -0.786739 1.570710 0.783144
78  1.602689 -3.785217 0.003049  -0.786069 1.570710 0.784180
79  11.681378 -1.114743 -1.027848  -0.784301 1.570710 0.785093
80  19.766781 -3.800921 0.000000  0.000000 0.000000 0.000000
81  3.258443 5.856954 -3.403524  -0.000000 -0.000000 -0.000000
82  15.153053 5.860580 -3.403522  0.000000 -0.000000 0.000000
83  6.064257 77.294952 36.365791  1.570796 0.000000 1.570796
84  -2.662413 1.445753 40.667953  -0.000000 3.141591 1.570796
85  8.352064 2.772897 0.000543  -3.141589 0.000002 -0.000000
86  6.064258 72.973694 32.593250  1.570796 0.000000 1.570796
87  -0.113680 5.957341 -0.188895  -0.000000 -0.000000 -0.000000
88  0.097225 0.210963 3.469588  -0.000000 -0.000000 -0.000000
89  -0.000000 1.310210 0.000000  0.000000 -0.000000 0.000000
90  -0.000001 0.582260 0.000000  0.000000 -0.000000 0.000000
91  0.036296 1.284881 7.928800  -0.000000 -0.000001 0.000000
92  0.000001 1.310209 -0.000001  0.000000 0.000000 0.000000
93  0.000000 0.582259 -0.000000  0.000000 0.000000 0.000000
94  5.969322 3.427458 -6.170650  -0.000000 -0.000001 -1.570797
95  -1.310211 0.000001 0.000000  0.000000 -0.000000 -0.000000
96  -0.582260 0.000000 0.000001  0.000000 0.000000 -0.000000
97  5.969322 9.397398 -6.170658  -0.000000 -0.000001 -1.570796
98  -1.310212 0.000001 0.000001  0.000000 0.000000 -0.000000
99  -0.582261 0.000000 -0.000000  0.000000 0.000001 -0.000000
100  5.969323 15.223770 -6.170668  0.000000 -0.000001 -1.570796
101  -1.310210 -0.000000 -0.000003  -0.000000 0.000000 -0.000000
102  -0.582259 -0.000000 -0.000003  -0.000000 0.000000 -0.000000
103  5.969322 20.835567 -6.170669  0.000000 -0.000001 -1.570796
104  -1.310211 0.000000 0.000002  -0.000000 0.000000 -0.000000
105  -0.582261 -0.000001 0.000003  -0.000000 0.000000 -0.000000
106  5.969322 26.771206 -6.170671  0.000000 -0.000001 -1.570796
107  5.969321 32.597595 -6.170673  0.000000 -0.000001 -1.570796
108  5.969323 38.209396 -6.170686  0.000000 -0.000001 -1.570800
109  5.969322 49.488464 -6.170683  0.000000 -0.000001 -1.570800
110  -0.539092 -0.556808 -0.017362  -0.042462 2.681156 1.551919
111  -6.799124 -0.556806 0.818551  -0.272420 2.701993 1.452460
112  -4.615284 -0.556822 0.270329  -0.117230 2.684609 1.518878
113  -2.650970 -0.556806 0.063012  -0.042463 2.681158 1.551919
114  27.110334 1.284856 12.007549  -0.000000 -0.000000 -0.000000
115  28.133421 1.284858 12.007548  0.000001 -0.000000 -0.000000
116  12.812883 2.241786 12.007549  -0.000000 -0.000001 -0.000001
117  -9.955969 -0.319623 4.380215  -0.000001 -0.000000 -0.000001
118  -11.316475 -0.319624 4.380217  -0.000003 -0.000000 -0.000000
119  -12.667810 -0.319622 4.380216  -0.000003 -0.000000 0.000001
120  -14.022142 -0.319623 4.380216  0.000009 -0.000000 -0.000011
121  -15.373240 -0.319621 4.380215  0.000015 -0.000000 -0.000015
122  -16.724142 -0.319621 4.380215  -0.000009 -0.000000 0.000006
123  -18.074574 -0.319620 4.380214  -0.000006 -0.000000 0.000004
124  -19.423717 -0.319620 4.380214  0.000002 0.000000 -0.000004
125  -20.775270 -0.319619 4.380214  0.000003 0.000000 -0.000004
126  -22.126673 -0.319619 4.380216  0.000003 -0.000000 -0.000004
127  -23.478125 -0.319620 4.380216  0.000005 -0.000000 -0.000006
128  -24.830620 -0.319619 4.380216  0.000036 -0.000000 -0.000038
129  -26.182030 -0.319619 4.380216  -0.000011 -0.000000 0.000011
130  0.529178 -0.167129 0.629486  -0.101270 -0.000000 0.000000
131  -0.211446 -0.241684 0.155362  -0.145847 -0.000000 0.000000
132  0.529188 -0.280702 -0.110291  -0.145847 -0.000000 -0.000000
133  -0.173928 -0.337326 -0.638494  -0.181751 -0.000000 0.000000
134  0.529187 -0.399246 -0.975392  -0.181751 -0.000000 0.000000
135  -0.211444 -0.464476 -1.431040  -0.192399 -0.000000 0.000000
136  0.529187 -0.515808 -1.694581  -0.192399 -0.000000 0.000000
137  -0.173930 -0.612152 -2.231911  -0.216703 -0.000000 0.000000
138  0.529187 -0.685806 -2.566439  -0.216703 -0.000000 -0.000000
139  -0.211446 -0.769561 -3.027868  -0.237349 -0.000000 0.000000
140  0.529188 -0.832686 -3.288847  -0.237349 -0.000000 -0.000000
141  -0.173939 -0.945282 -3.779562  -0.233859 0.000000 0.000000
142  0.529178 -1.024657 -4.112777  -0.233859 0.000000 0.000000
143  -0.211446 -1.132186 -4.577546  -0.262919 -0.000000 0.000000
144  0.529188 -1.201963 -4.836824  -0.262919 0.000000 0.000000
145  -0.000007 -2.810942 -10.636626  0.258454 0.000000 3.141592
146  -0.192456 -1.345779 -5.370043  -0.280373 0.000000 0.000000
147  0.533982 -1.413512 -5.605104  -0.276883 0.000000 0.000000
148  -0.206620 -1.795759 -6.909776  -0.287354 0.000000 0.000000
149  -0.205806 -1.564819 -6.138256  -0.290843 0.000000 0.000000
150  0.530459 -1.643677 -6.395213  -0.290844 0.000000 0.000000
151  0.535310 -1.790709 -7.204132  -0.287354 -0.000000 0.000000
152  -0.202703 -2.030485 -7.702828  -0.286180 -0.000000 0.000000
153  0.509545 -2.118897 -8.011623  -0.298398 -0.000000 0.000000
154  -0.202706 -2.255278 -8.465170  -0.283134 -0.000000 0.000000
155  0.509547 -2.352980 -8.771156  -0.295352 -0.000000 0.000000
156  -0.202706 -2.481594 -9.235468  -0.285437 -0.000000 0.000000
157  0.509545 -2.588683 -9.538637  -0.297654 -0.000000 0.000000
158  0.170119 -21.222090 -1.001139  -0.000001 -0.000001 0.000000
159  0.170120 -20.843864 -0.397183  -0.000001 -0.000001 0.000000
160  0.170121 -20.489746 -1.001140  -0.000001 -0.000001 0.000000
161  0.170123 -20.111067 -0.397182  -0.000001 -0.000001 0.000000
162  0.170121 -19.380087 -0.397184  -0.000001 -0.000001 0.000000
163  0.170119 -19.025106 -1.001144  -0.000001 -0.000001 0.000000
164  0.170120 -18.646658 -0.396444  -0.000001 -0.000001 0.000000
165  0.170122 -19.755758 -1.001141  -0.000001 -0.000001 0.000000
166  -0.015975 10.035403 1.098090  -0.000000 -0.000000 -0.000000
167  -0.104328 -52.163570 4.437346  1.570735 -0.000061 -1.570735
168  0.064654 27.351345 72.195198  -0.000000 -0.000000 -0.000000
169  6.064262 95.114014 31.645500  -0.000000 -0.000001 1.570796
170  -0.103709 -26.907867 3.305360  0.000000 -0.000000 -1.570730
171  6.064261 69.096550 37.164314  1.570796 0.000000 1.570796
172  1.974302 11.989234 4.589251  0.000000 -0.000000 -0.000000
173  1.941733 0.883632 4.309754  0.000000 -0.000000 -1.483525
174  -0.115678 1.104780 6.744192  -0.000000 -0.000000 -0.000000
175  6.064260 89.329803 31.613914  -0.000000 -0.000001 1.570796
176  0.059881 2.255378 54.398018  -0.000000 -0.000000 -0.000000
177  0.003491 -22.270653 0.000000  1.570735 -0.000061 -1.570735
178  0.104011 14.792242 1.530321  -0.000000 -0.000000 -0.000000
179  3.000517 -2.985221 1.029104  2.067399 -0.085866 -1.929635
180  -2.951612 25.811049 -3.742301  -0.096365 0.008023 -1.450340
181  -2.662412 1.445784 33.628742  0.000487 3.141104 1.570796
182  8.352070 2.772895 0.000541  -3.140902 0.000003 -0.000001
183  -2.662414 1.445787 40.667965  0.000487 3.141104 1.570796
184  8.352071 2.772899 0.000544  -3.140902 0.000003 -0.000001
185  -1.431356 16.384779 4.137811  0.000001 -0.000000 0.000000
186  -0.001845 0.521685 -0.140290  0.000000 -0.000000 -0.000000
187  7.323105 -5.136190 -5.166236  -0.000000 0.000000 -0.610865
188  2.698275 -0.000000 0.000004  -0.000012 0.000000 0.000000
189  2.834159 0.000001 0.000001  0.000013 0.000000 0.000000
190  2.648921 0.000001 -0.000000  -0.000001 -0.000001 0.000000
191  2.667493 -0.000002 -0.000000  0.000000 0.000000 -0.000000
192  2.426702 -0.000003 -0.000002  0.000000 0.000000 -0.000000
193  -0.494743 -44.353447 -1.302298  1.570797 -0.000000 -1.570797
194  11.545939 73.768417 -3.792010  0.000000 -0.000000 -0.000000
195  -0.011103 -16.902813 1.952047  0.000001 -0.000000 -0.000000
196  -0.000000 -0.000004 -1.529052  -0.000000 -0.000000 0.000000
197  -0.078938 -0.000002 0.000000  0.000000 0.000001 1.570796
198  0.097097 -0.000002 -0.000001  -0.000000 -3.141592 1.570796
199  0.000000 0.000000 -0.000000  0.000000 -0.000000 -0.000000
200  -9.745154 -18.315704 -14.868782  -0.582937 0.232816 -0.625800
201  16.583574 -31.787590 -18.428480  1.533693 -0.085145 -0.998498
time 62
0  0 0 0  0 0 0
1  0.000000 0.000000 0.000000  0.000000 -0.000000 -0.000000
2  -0.000000 -0.000000 -55.423229  0.000000 -0.000000 -1.570730
3  -0.012872 0.000000 8.235027  -0.784749 -1.570710 -0.785986
4  16.163124 -0.010663 0.007211  -0.594297 0.000409 -0.000125
5  16.163132 -0.000000 3.830524  -1.333359 -0.199015 -2.456806
6  14.868229 0.000001 0.000001  -0.821332 0.722523 -1.668953
7  26.391941 -0.000004 -0.000001  -0.000000 0.000000 -1.387021
8  0.000002 0.000002 0.000001  -0.138420 -0.000000 -0.000000
9  3.093513 0.000005 0.000003  -0.276893 -0.000000 -0.000000
10  6.187022 0.000002 0.000003  -0.415345 -0.000000 -0.000000
11  9.280535 -0.000001 0.000002  -0.553757 -0.000000 -0.000000
12  12.374045 -0.000003 0.000003  -0.692226 -0.000000 -0.000000
13  15.467556 -0.000005 0.000004  -0.830646 -0.000000 -0.000000
14  18.561060 -0.000005 0.000004  -0.969155 -0.000000 -0.000000
15  21.654572 -0.000005 0.000005  -2.919631 -0.425523 0.814535
16  1.410068 0.800542 -2.089133  1.926816 0.229617 0.446891
17  3.954709 0.000000 0.000003  0.032650 -0.305879 0.082888
18  3.101571 -0.000004 0.000003  0.038488 -0.173200 0.020373
19  6.164463 -0.898148 2.575013  -0.464106 -0.015897 1.186542
20  2.805844 -0.000003 -0.000001  -0.000000 -0.000000 0.521973
21  2.307438 -0.000000 0.000003  0.000000 0.000000 0.361287
22  7.145096 -0.676337 -1.382425  0.048305 -0.466031 0.179016
23  3.672214 0.000000 -0.000002  0.000000 0.000000 1.094786
24  2.676518 0.000001 0.000001  0.000000 -0.000000 0.976405
25  6.831178 -0.870860 0.599916  -0.198432 -0.274957 0.706750
26  3.657071 0.000000 -0.000001  0.000000 0.000000 1.196110
27  2.496792 0.000000 0.000001  -0.000000 -0.000000 0.510610
28  7.183348 -0.532075 -3.267607  0.092002 -0.569205 -0.163901
29  3.511588 -0.000000 0.000004  -0.000000 -0.000000 0.459239
30  2.199419 0.000003 0.000000  0.000000 -0.000000 0.877656
31  16.163136 0.000000 -3.830527  0.703564 0.858106 -2.571306
32  14.868248 0.000000 0.000001  -0.198482 -0.144649 -1.848993
33  26.391970 0.000002 0.000004  0.000000 0.000000 -1.686255
34  0.000004 0.000001 0.000001  0.123984 0.000000 -0.000000
35  3.093514 -0.000002 0.000002  0.248018 0.000000 0.000000
36  6.187023 0.000000 0.000001  0.372026 0.000000 0.000000
37  9.280537 0.000001 0.000001  0.496052 0.000000 -0.000000
38  12.374043 0.000000 -0.000001  0.620073 0.000000 -0.000000
39  15.467552 0.000002 0.000002  0.744057 -0.000000 -0.000000
40  18.561066 0.000001 0.000002  0.868092 0.000000 0.000000
41  21.654568 0.000000 0.000002  2.640278 -0.583730 0.004711
42  1.410063 0.800531 2.089144  -1.966491 -0.287076 0.559263
43  3.954716 -0.000004 -0.000001  0.000000 -0.000000 0.375132
44  3.101565 0.000001 -0.000000  -0.000000 0.000000 0.790793
45  7.183350 -0.532088 3.267621  0.052242 -0.011652 -0.158551
46  3.511588 -0.000002 -0.000001  0.000000 0.000000 0.189253
47  2.199410 -0.000001 0.000002  -0.000000 -0.000000 -0.104054
48  7.145095 -0.676346 1.382436  0.255424 0.283825 0.886075
49  3.672210 0.000000 -0.000000  -0.000000 -0.000000 1.435616
50  2.676522 -0.000001 0.000001  0.000000 -0.000000 1.062915
51  6.831170 -0.870865 -0.599907  0.339890 0.115856 1.057859
52  3.657083 0.000000 -0.000002  -0.000000 -0.000000 1.252192
53  2.496797 -0.000001 -0.000002  0.000000 0.000000 0.840195
54  6.164462 -0.898154 -2.575005  0.409526 -0.061316 1.152482
55  2.805844 -0.000002 -0.000001  0.000000 0.000000 0.666009
56  2.307450 -0.000003 -0.000003  -0.000000 -0.000000 0.844543
57  0.000000 0.000000 0.000000  0.000001 -0.000000 -0.000000
58  12.021497 -32.313065 -17.157183  0.187373 0.487689 0.923036
59  0.000001 -19.069477 4.681040  0.000000 -0.000000 -0.000000
60  1.986526 0.000019 -3.123739  -2.705260 -0.000000 -1.570797
61  -1.986694 0.000016 -3.123746  0.436333 0.000001 1.570797
62  -0.000000 0.000000 -0.000002  0.000000 -0.000000 -0.000000
63  -1.530658 0.861422 -3.109962  0.392682 0.000010 1.570745
64  -11.344170 1.135889 0.869266  0.000328 -0.024963 -0.026314
65  1.907531 0.861413 -2.954432  -0.392858 -0.000004 1.570778
66  -11.350040 -0.729403 0.864866  0.000154 -0.025335 0.026430
67  1.754237 4.036758 -1.682671  0.392549 -0.010099 -1.546344
68  -1.755142 4.036762 -1.682669  -0.392547 -0.010382 -1.594901
69  -0.164559 5.734778 5.880443  0.000000 0.000000 -1.570730
70  1.203547 5.503718 4.339429  0.000000 -0.000000 -0.000000
71  -1.260174 5.668897 5.788549  0.070161 -0.418898 2.970131
72  1.185471 17.272329 1.821941  0.000000 -0.000000 -0.000000
73  0.060215 10.324432 74.469048  0.000000 -0.000000 -0.000000
74  0.052679 -3.972629 3.515843  1.570735 -0.000061 -1.570735
75  4.804187 -3.856468 -0.006878  -0.000000 0.000000 0.000000
76  -6.013982 -4.624462 -0.000000  0.000000 0.000000 0.000000
77  -65.574097 -37.156052 0.002937  -0.786739 1.570710 0.783631
78  1.602684 -3.785215 0.003047  -0.786617 1.570710 0.784240
79  11.681376 -1.114742 -1.027844  -0.784849 1.570710 0.785215
80  19.766781 -3.800925 0.000005  0.000000 -0.000000 -0.000000
81  3.258440 5.856953 -3.403522  -0.000000 -0.000000 -0.000000
82  15.153049 5.860579 -3.403520  0.000000 -0.000000 0.000000
83  6.064257 77.294945 36.365788  1.570796 -0.000000 1.570796
84  -2.662411 1.445753 40.667950  -0.000000 3.141591 1.570796
85  8.352064 2.772898 0.000540  -3.141589 0.000002 0.000000
86  6.064257 72.973686 32.593246  1.570796 -0.000000 1.570796
87  -0.113675 5.957335 -0.188892  0.000000 -0.000000 -0.000000
88  0.097222 0.210962 3.469588  0.000000 -0.000000 -0.000000
89  -0.000000 1.310211 0.000001  0.000000 -0.000000 0.000000
90  -0.000001 0.582259 0.000001  0.000000 -0.000000 0.000000
91  0.036297 1.284879 7.928798  0.000000 -0.000001 0.000000
92  -0.000000 1.310210 0.000000  0.000000 0.000000 0.000000
93  -0.000001 0.582260 0.000000  0.000000 0.000000 0.000000
94  5.969320 3.427456 -6.170647  -0.000000 -0.000001 -1.570797
95  -1.310212 0.000003 -0.000002  0.000000 -0.000000 -0.000000
96  -0.582259 0.000000 -0.000001  0.000000 0.000000 -0.000000
97  5.969323 9.397396 -6.170657  -0.000000 -0.000001 -1.570796
98  -1.310212 -0.000001 0.000000  0.000000 0.000000 -0.000000
99  -0.582262 -0.000002 -0.000001  0.000000 0.000001 -0.000000
100  5.969321 15.223765 -6.170668  0.000000 -0.000001 -1.570796
101  -1.310210 0.000002 0.000002  -0.000000 0.000000 -0.000000
102  -0.582260 0.000000 0.000003  -0.000000 0.000000 -0.000000
103  5.969323 20.835566 -6.170671  0.000000 -0.000001 -1.570796
104  -1.310210 0.000001 -0.000002  -0.000000 0.000000 -0.000000
105  -0.582261 -0.000000 0.000000  -0.000000 0.000000 -0.000000
106  5.969323 26.771204 -6.170668  0.000000 -0.000001 -1.570796
107  5.969321 32.597591 -6.170672  0.000000 -0.000001 -1.570796
108  5.969322 38.209393 -6.170681  0.000000 -0.000001 -1.570800
109  5.969321 49.488461 -6.170680  0.000000 -0.000001 -1.570800
110  -0.539090 -0.556811 -0.017362  -0.042462 2.681156 1.551919
111  -6.799123 -0.556806 0.818551  -0.272420 2.701993 1.452460
112  -4.615282 -0.556824 0.270329  -0.117230 2.684609 1.518878
113  -2.650970 -0.556811 0.063010  -0.042463 2.681158 1.551919
114  27.110334 1.284853 12.007546  0.000000 -0.000000 -0.000000
115  28.133423 1.284854 12.007547  0.000001 -0.000000 -0.000000
116  12.812885 2.241782 12.007548  0.000000 -0.000001 -0.000001
117  -9.955967 -0.319624 4.380215  -0.000001 -0.000000 -0.000001
118  -11.316475 -0.319625 4.380214  -0.000003 -0.000000 -0.000000
119  -12.667811 -0.319625 4.380215  -0.000003 -0.000000 0.000001
120  -14.022143 -0.319625 4.380215  0.000010 -0.000000 -0.000011
121  -15.373241 -0.319624 4.380214  0.000015 -0.000000 -0.000015
122  -16.724142 -0.319623 4.380213  -0.000009 -0.000000 0.000006
123  -18.074574 -0.319623 4.380214  -0.000006 0.000000 0.000004
124  -19.423717 -0.319622 4.380214  0.000002 0.000000 -0.000004
125  -20.775270 -0.319622 4.380213  0.000003 0.000000 -0.000004
126  -22.126669 -0.319620 4.380215  0.000003 -0.000000 -0.000004
127  -23.478123 -0.319622 4.380214  0.000005 0.000000 -0.000006
128  -24.830620 -0.319620 4.380215  0.000036 -0.000000 -0.000038
129  -26.182026 -0.319619 4.380215  -0.000011 -0.000000 0.000011
130  0.529179 -0.167132 0.629485  -0.101270 -0.000000 0.000000
131  -0.211444 -0.241686 0.155360  -0.145847 -0.000000 0.000000
132  0.529189 -0.280704 -0.110292  -0.145847 -0.000000 -0.000000
133  -0.173928 -0.337327 -0.638494  -0.181751 -0.000000 0.000000
134  0.529189 -0.399248 -0.975392  -0.181751 -0.000000 0.000000
135  -0.211446 -0.464479 -1.431042  -0.192399 -0.000000 0.000000
136  0.529188 -0.515810 -1.694583  -0.192399 -0.000000 0.000000
137  -0.173931 -0.612156 -2.231909  -0.216703 -0.000000 0.000000
138  0.529186 -0.685808 -2.566439  -0.216703 -0.000000 -0.000000
139  -0.211447 -0.769563 -3.027869  -0.237349 -0.000000 0.000000
140  0.529185 -0.832690 -3.288845  -0.237349 -0.000000 -0.000000
141  -0.173938 -0.945283 -3.779563  -0.233859 0.000000 0.000000
142  0.529177 -1.024659 -4.112778  -0.233859 0.000000 -0.000000
143  -0.211444 -1.132187 -4.577547  -0.262919 -0.000000 0.000000
144  0.529189 -1.201967 -4.836823  -0.262919 0.000000 -0.000000
145  -0.000006 -2.810945 -10.636628  0.258454 0.000000 3.141592
146  -0.192457 -1.345781 -5.370045  -0.280373 0.000000 0.000000
147  0.533983 -1.413516 -5.605103  -0.276883 0.000000 0.000000
148  -0.206619 -1.795763 -6.909777  -0.287354 0.000000 0.000000
149  -0.205806 -1.564821 -6.138255  -0.290843 0.000000 0.000000
150  0.530458 -1.643678 -6.395212  -0.290844 0.000000 0.000000
151  0.535310 -1.790712 -7.204129  -0.287354 -0.000000 0.000000
152  -0.202704 -2.030487 -7.702827  -0.286180 -0.000000 0.000000
153  0.509546 -2.118898 -8.011623  -0.298398 -0.000000 0.000000
154  -0.202705 -2.255282 -8.465171  -0.283134 -0.000000 0.000000
155  0.509546 -2.352982 -8.771157  -0.295352 -0.000000 0.000000
156  -0.202708 -2.481600 -9.235470  -0.285437 -0.000000 0.000000
157  0.509547 -2.588683 -9.538635  -0.297653 -0.000000 0.000000
158  0.170120 -21.222090 -1.001140  -0.000001 -0.000001 0.000000
159  0.170122 -20.843864 -0.397183  -0.000001 -0.000001 0.000000
160  0.170121 -20.489746 -1.001142  -0.000001 -0.000001 0.000000
161  0.170123 -20.111071 -0.397182  -0.000001 -0.000001 0.000000
162  0.170123 -19.380089 -0.397185  -0.000001 -0.000001 0.000000
163  0.170120 -19.025106 -1.001144  -0.000001 -0.000001 0.000000
164  0.170120 -18.646664 -0.396447  -0.000001 -0.000001 0.000000
165  0.170123 -19.755760 -1.001139  -0.000001 -0.000001 0.000000
166  -0.015973 10.035400 1.098089  0.000000 -0.000000 -0.000000
167  -0.104324 -52.163567 4.437344  1.570735 -0.000061 -1.570735
168  0.064655 27.351339 72.195198  0.000000 -0.000000 -0.000000
169  6.064260 95.114006 31.645496  0.000000 -0.000001 1.570796
170  -0.103717 -26.907873 3.305357  0.000000 0.000000 -1.570730
171  6.064259 69.096550 37.164314  1.570796 -0.000000 1.570796
172  1.974303 11.989229 4.589250  0.000000 -0.000000 -0.000000
173  1.941736 0.883627 4.309753  0.000000 0.000000 -1.483525
174  -0.115677 1.104775 6.744189  0.000000 -0.000000 -0.000000
175  6.064263 89.329796 31.613911  0.000000 -0.000001 1.570796
176  0.059888 2.255373 54.398014  0.000000 -0.000000 -0.000000
177  0.003497 -22.270653 -0.000005  1.570735 -0.000061 -1.570735
178  0.104009 14.792237 1.530319  0.000000 -0.000000 -0.000000
179  3.000524 -2.985221 1.029099  2.067399 -0.085866 -1.929635
180  -2.951613 25.811045 -3.742300  -0.096365 0.008023 -1.450340
181  -2.662412 1.445781 33.628738  0.000487 3.141104 1.570796
182  8.352065 2.772896 0.000540  -3.140902 0.000003 -0.000001
183  -2.662411 1.445786 40.667961  0.000487 3.141104 1.570796
184  8.352061 2.772897 0.000541  -3.140902 0.000003 -0.000001
185  -1.431357 16.384773 4.137809  0.000001 -0.000000 0.000000
186  -0.001846 0.521680 -0.140290  0.000000 -0.000000 -0.000000
187  7.323109 -5.136193 -5.166235  0.000000 0.000000 -0.610865
188  2.698278 -0.000004 0.000000  -0.000012 0.000000 0.000000
189  2.834163 -0.000003 -0.000001  0.000013 0.000000 -0.000000
190  2.648915 0.000002 -0.000000  -0.000001 -0.000001 0.000000
191  2.667501 -0.000003 0.000002  0.000000 -0.000000 0.000000
192  2.426702 -0.000004 0.000002  0.000000 0.000000 -0.000000
193  -0.494742 -44.353447 -1.302299  1.570797 0.000000 -1.570797
194  11.545937 73.768410 -3.792009  0.000000 -0.000000 -0.000000
195  -0.011102 -16.902813 1.952046  0.000001 -0.000000 -0.000000
196  -0.000002 -0.000002 -1.529050  -0.000000 -0.000000 0.000000
197  -0.078940 0.000002 0.000000  0.000000 0.000001 1.570796
198  0.097093 0.000000 0.000000  -0.000000 -3.141592 1.570796
199  0.000000 0.000000 -0.000000  0.000000 -0.000000 -0.000000
200  -10.006710 -18.248734 -14.773027  -0.571360 0.228606 -0.631440
201  16.241953 -31.914501 -18.160414  1.545747 -0.084951 -1.007828
time 63
0  0 0 0  0 0 0
1  0.000000 0.000000 0.000000  0.000000 -0.000000 -0.000000
2  -0.000000 -0.000000 -55.423229  0.000000 -0.000000 -1.570730
3  -0.012872 0.000000 8.235027  -0.784749 -1.570710 -0.785986
4  16.163124 -0.010663 0.007211  -0.594297 0.000409 -0.000125
5  16.163132 -0.000000 3.830524  -1.333359 -0.199015 -2.456806
6  14.868229 0.000001 0.000001  -0.825211 0.723336 -1.683796
7  26.391945 -0.000009 -0.000002  -0.000000 0.000000 -1.377515
8  0.000003 -0.000006 0.000001  -0.137503 -0.000000 -0.000000
9  3.093518 -0.000006 0.000000  -0.275045 -0.000000 -0.000000
10  6.187023 -0.000002 0.000002  -0.412539 -0.000000 -0.000000
11  9.280533 -0.000004 0.000001  -0.550077 0.000000 -0.000000
12  12.374045 -0.000007 0.000003  -0.687621 -0.000000 -0.000000
13  15.467558 -0.000006 0.000002  -0.825179 -0.000000 -0.000000
14  18.561058 -0.000007 0.000004  -0.962677 -0.000000 -0.000000
15  21.654570 -0.000007 0.000003  -2.909840 -0.427048 0.814301
16  1.410066 0.800538 -2.089136  1.926816 0.229617 0.446891
17  3.954704 -0.000003 0.000002  0.032650 -0.305879 0.082888
18  3.101573 -0.000002 0.000004  0.038488 -0.173200 0.020373
19  6.164456 -0.898152 2.575013  -0.464106 -0.015897 1.186542
20  2.805845 -0.000005 0.000000  -0.000000 -0.000000 0.521973
21  2.307442 -0.000000 0.000005  -0.000000 0.000000 0.361287
22  7.145091 -0.676343 -1.382425  0.048305 -0.466031 0.179016
23  3.672215 0.000000 -0.000000  0.000000 0.000000 1.094786
24  2.676518 -0.000003 0.000000  0.000000 0.000000 0.976405
25  6.831177 -0.870864 0.599915  -0.198432 -0.274957 0.706750
26  3.657079 -0.000000 -0.000002  0.000000 0.000000 1.196110
27  2.496793 -0.000003 0.000002  -0.000000 -0.000000 0.510610
28  7.183348 -0.532078 -3.267605  0.092002 -0.569205 -0.163901
29  3.511586 -0.000000 0.000001  -0.000000 -0.000000 0.459239
30  2.199414 0.000000 0.000002  0.000000 -0.000000 0.877656
31  16.163136 0.000000 -3.830527  0.703564 0.858106 -2.571306
32  14.868248 0.000000 0.000001  -0.197572 -0.140635 -1.841145
33  26.391968 0.000003 0.000003  0.000000 0.000000 -1.687999
34  0.000000 0.000001 -0.000002  0.125636 0.000000 -0.000000
35  3.093515 -0.000001 0.000001  0.251217 -0.000000 0.000000
36  6.187020 0.000002 -0.000002  0.376872 0.000000 -0.000000
37  9.280537 0.000001 0.000000  0.502540 -0.000000 0.000000
38  12.374041 0.000001 -0.000001  0.628154 -0.000000 -0.000000
39  15.467550 0.000002 -0.000000  0.753829 -0.000000 -0.000000
40  18.561066 0.000002 0.000001  0.879410 0.000000 0.000000
41  21.654564 -0.000001 0.000000  2.652066 -0.581274 0.003441
42  1.410065 0.800529 2.089145  -1.966491 -0.287076 0.559263
43  3.954715 -0.000001 -0.000000  0.000000 0.000000 0.375132
44  3.101565 -0.000003 -0.000000  -0.000000 0.000000 0.790793
45  7.183348 -0.532091 3.267623  0.052242 -0.011652 -0.158551
46  3.511586 -0.000001 0.000003  0.000000 0.000000 0.189253
47  2.199408 -0.000000 0.000001  0.000000 0.000000 -0.104054
48  7.145094 -0.676347 1.382439  0.255424 0.283825 0.886074
49  3.672212 -0.000002 -0.000000  -0.000000 -0.000000 1.435616
50  2.676523 0.000000 -0.000000  0.000000 -0.000000 1.062915
51  6.831168 -0.870866 -0.599906  0.339890 0.115856 1.057859
52  3.657083 0.000002 -0.000001  -0.000000 -0.000000 1.252193
53  2.496797 -0.000001 -0.000002  0.000000 0.000000 0.840195
54  6.164461 -0.898155 -2.575003  0.409526 -0.061317 1.152482
55  2.805845 0.000004 -0.000001  0.000000 -0.000000 0.666009
56  2.307452 0.000002 -0.000001  -0.000000 -0.000000 0.844543
57  0.000000 0.000000 0.000000  0.000001 -0.000000 -0.000000
58  11.668158 -32.436447 -16.992739  0.182462 0.476691 0.912467
59  0.000001 -19.069473 4.681039  -0.000000 -0.000000 0.000000
60  1.986523 0.000015 -3.123738  -2.705260 -0.000000 -1.570797
61  -1.986690 0.000017 -3.123744  0.436333 0.000001 1.570797
62  -0.000000 0.000000 0.000001  -0.000000 -0.000000 0.000000
63  -1.530662 0.861422 -3.109960  0.392682 0.000010 1.570745
64  -11.344166 1.135890 0.869267  0.000328 -0.024963 -0.026314
65  1.907533 0.861418 -2.954431  -0.392858 -0.000004 1.570778
66  -11.350037 -0.729408 0.864871  0.000154 -0.025335 0.026430
67  1.754239 4.036760 -1.682670  0.392549 -0.010099 -1.546344
68  -1.755146 4.036758 -1.682671  -0.392547 -0.010382 -1.594901
69  -0.164558 5.734781 5.880443  0.000000 -0.000000 -1.570730
70  1.203548 5.503721 4.339428  -0.000000 -0.000000 0.000000
71  -1.260172 5.668900 5.788550  0.070161 -0.418898 2.970131
72  1.185471 17.272333 1.821940  -0.000000 -0.000000 0.000000
73  0.060215 10.324438 74.469063  -0.000000 -0.000000 0.000000
74  0.052673 -3.972631 3.515845  1.570735 -0.000061 -1.570735
75  4.804183 -3.856467 -0.006879  -0.000000 0.000000 0.000000
76  -6.013988 -4.624460 -0.000004  0.000000 0.000000 0.000000
77  -65.574097 -37.156048 0.002939  -0.786983 1.570710 0.783875
78  1.602682 -3.785216 0.003049  -0.786435 1.570710 0.784484
79  11.681370 -1.114741 -1.027850  -0.785032 1.570710 0.785642
80  19.766775 -3.800921 -0.000005  -0.000000 0.000000 -0.000000
81  3.258436 5.856956 -3.403526  -0.000000 -0.000000 -0.000000
82  15.153042 5.860581 -3.403522  0.000000 -0.000000 0.000000
83  6.064259 77.294952 36.365795  1.570796 -0.000000 1.570796
84  -2.662411 1.445756 40.667957  -0.000000 3.141591 1.570796
85  8.352068 2.772899 0.000544  -3.141589 0.000002 0.000000
86  6.064260 72.973694 32.593250  1.570796 -0.000000 1.570796
87  -0.113680 5.957336 -0.188894  -0.000000 -0.000000 0.000000
88  0.097226 0.210964 3.469589  -0.000000 -0.000000 0.000000
89  0.000002 1.310212 0.000000  0.000000 0.000000 0.000000
90  0.000002 0.582261 -0.000001  0.000000 0.000000 0.000000
91  0.036298 1.284883 7.928799  -0.000000 -0.000001 0.000000
92  0.000001 1.310210 -0.000000  0.000000 -0.000000 0.000000
93  0.000000 0.582258 -0.000001  0.000000 -0.000000 0.000000
94  5.969323 3.427459 -6.170650  -0.000000 -0.000001 -1.570797
95  -1.310212 0.000001 -0.000002  0.000000 -0.000000 -0.000000
96  -0.582261 0.000000 -0.000001  0.000000 0.000000 -0.000000
97  5.969324 9.397399 -6.170659  -0.000000 -0.000001 -1.570796
98  -1.310212 0.000001 -0.000002  0.000000 0.000000 -0.000000
99  -0.582261 -0.000001 -0.000002  0.000000 0.000001 -0.000000
100  5.969321 15.223769 -6.170670  0.000000 -0.000001 -1.570796
101  -1.310211 0.000001 0.000001  -0.000000 0.000000 -0.000000
102  -0.582260 0.000000 0.000002  -0.000000 0.000000 -0.000000
103  5.969324 20.835569 -6.170672  0.000000 -0.000001 -1.570796
104  -1.310211 -0.000001 -0.000000  -0.000000 0.000000 -0.000000
105  -0.582261 -0.000002 0.000002  -0.000000 0.000000 -0.000000
106  5.969324 26.771208 -6.170671  0.000000 -0.000001 -1.570796
107  5.969322 32.597595 -6.170675  0.000000 -0.000001 -1.570796
108  5.969322 38.209396 -6.170686  0.000000 -0.000001 -1.570800
109  5.969326 49.488464 -6.170685  0.000000 -0.000001 -1.570800
110  -0.539091 -0.556809 -0.017362  -0.042462 2.681156 1.551919
111  -6.799124 -0.556808 0.818550  -0.272420 2.701993 1.452460
112  -4.615283 -0.556824 0.270328  -0.117230 2.684609 1.518878
113  -2.650970 -0.556807 0.063011  -0.042463 2.681158 1.551919
114  27.110336 1.284856 12.007549  -0.000000 -0.000000 0.000000
115  28.133425 1.284857 12.007548  0.000001 -0.000000 0.000000
116  12.812887 2.241787 12.007550  -0.000000 -0.000001 -0.000001
117  -9.955966 -0.319622 4.380215  -0.000001 -0.000000 -0.000001
118  -11.316474 -0.319623 4.380215  -0.000003 -0.000000 -0.000000
119  -12.667812 -0.319625 4.380216  -0.000003 -0.000000 0.000001
120  -14.022141 -0.319624 4.380215  0.000009 -0.000000 -0.000011
121  -15.373240 -0.319623 4.380215  0.000015 -0.000000 -0.000015
122  -16.724144 -0.319622 4.380215  -0.000009 -0.000000 0.000006
123  -18.074574 -0.319622 4.380214  -0.000006 0.000000 0.000004
124  -19.423714 -0.319620 4.380215  0.000002 0.000000 -0.000004
125  -20.775272 -0.319621 4.380215  0.000003 0.000000 -0.000004
126  -22.126671 -0.319619 4.380216  0.000003 -0.000000 -0.000004
127  -23.478121 -0.319618 4.380216  0.000005 -0.000000 -0.000006
128  -24.830620 -0.319619 4.380216  0.000036 -0.000000 -0.000038
129  -26.182028 -0.319618 4.380216  -0.000011 0.000000 0.000011
130  0.529179 -0.167131 0.629483  -0.101270 -0.000000 0.000000
131  -0.211443 -0.241684 0.155361  -0.145847 -0.000000 0.000000
132  0.529189 -0.280700 -0.110292  -0.145847 -0.000000 -0.000000
133  -0.173927 -0.337327 -0.638496  -0.181751 -0.000000 0.000000
134  0.529189 -0.399245 -0.975394  -0.181751 -0.000000 0.000000
135  -0.211443 -0.464476 -1.431042  -0.192399 -0.000000 0.000000
136  0.529189 -0.515808 -1.694583  -0.192399 -0.000000 0.000000
137  -0.173927 -0.612150 -2.231911  -0.216703 -0.000000 0.000000
138  0.529188 -0.685806 -2.566440  -0.216703 -0.000000 -0.000000
139  -0.211444 -0.769561 -3.027871  -0.237349 -0.000000 0.000000
140  0.529187 -0.832687 -3.288847  -0.237349 -0.000000 -0.000000
141  -0.173937 -0.945281 -3.779564  -0.233859 0.000000 0.000000
142  0.529179 -1.024657 -4.112779  -0.233859 0.000000 0.000000
143  -0.211443 -1.132185 -4.577547  -0.262919 -0.000000 0.000000
144  0.529189 -1.201965 -4.836823  -0.262919 0.000000 0.000000
145  -0.000005 -2.810942 -10.636629  0.258454 0.000000 3.141592
146  -0.192454 -1.345778 -5.370045  -0.280373 0.000000 0.000000
147  0.533983 -1.413512 -5.605104  -0.276883 0.000000 0.000000
148  -0.206617 -1.795761 -6.909780  -0.287354 0.000000 0.000000
149  -0.205806 -1.564817 -6.138255  -0.290843 0.000000 0.000000
150  0.530460 -1.643676 -6.395215  -0.290844 0.000000 0.000000
151  0.535312 -1.790711 -7.204132  -0.287354 -0.000000 0.000000
152  -0.202704 -2.030486 -7.702831  -0.286180 -0.000000 0.000000
153  0.509547 -2.118896 -8.011625  -0.298398 -0.000000 0.000000
154  -0.202703 -2.255277 -8.465171  -0.283134 -0.000000 0.000000
155  0.509547 -2.352981 -8.771157  -0.295352 -0.000000 0.000000
156  -0.202704 -2.481596 -9.235470  -0.285437 -0.000000 0.000000
157  0.509548 -2.588682 -9.538636  -0.297654 -0.000000 0.000000
158  0.170120 -21.222092 -1.001140  -0.000001 -0.000001 0.000000
159  0.170122 -20.843864 -0.397182  -0.000001 -0.000001 0.000000
160  0.170124 -20.489746 -1.001139  -0.000001 -0.000001 0.000000
161  0.170122 -20.111069 -0.397183  -0.000001 -0.000001 0.000000
162  0.170124 -19.380091 -0.397185  -0.000001 -0.000001 0.000000
163  0.170121 -19.025112 -1.001144  -0.000001 -0.000001 0.000000
164  0.170123 -18.646660 -0.396446  -0.000001 -0.000001 0.000000
165  0.170122 -19.755758 -1.001144  -0.000001 -0.000001 0.000000
166  -0.015973 10.035402 1.098089  -0.000000 -0.000000 0.000000
167  -0.104328 -52.163574 4.437342  1.570735 -0.000061 -1.570735
168  0.064656 27.351347 72.195206  -0.000000 -0.000000 0.000000
169  6.064269 95.114014 31.645502  0.000000 -0.000001 1.570796
170  -0.103699 -26.907867 3.305360  0.000000 -0.000000 -1.570730
171  6.064261 69.096558 37.164318  1.570796 -0.000000 1.570796
172  1.974303 11.989233 4.589248  0.000000 -0.000000 0.000000
173  1.941733 0.883629 4.309753  0.000000 -0.000000 -1.483525
174  -0.115677 1.104777 6.744191  -0.000000 -0.000000 0.000000
175  6.064259 89.329803 31.613914  0.000000 -0.000001 1.570796
176  0.059888 2.255377 54.398026  -0.000000 -0.000000 0.000000
177  0.003496 -22.270651 0.000004  1.570735 -0.000061 -1.570735
178  0.104012 14.792242 1.530319  -0.000000 -0.000000 0.000000
179  3.000525 -2.985218 1.029099  2.067399 -0.085866 -1.929634
180  -2.951614 25.811049 -3.742303  -0.096365 0.008023 -1.450340
181  -2.662413 1.445783 33.628742  0.000487 3.141104 1.570796
182  8.352064 2.772894 0.000538  -3.140902 0.000003 -0.000001
183  -2.662412 1.445788 40.667969  0.000487 3.141104 1.570796
184  8.352069 2.772897 0.000541  -3.140902 0.000003 -0.000001
185  -1.431356 16.384777 4.137810  0.000001 -0.000000 0.000000
186  -0.001844 0.521682 -0.140291  0.000000 -0.000000 0.000000
187  7.323111 -5.136191 -5.166240  -0.000000 0.000000 -0.610865
188  2.698276 -0.000002 0.000002  -0.000012 0.000000 0.000000
189  2.834156 -0.000001 0.000000  0.000013 0.000000 -0.000000
190  2.648919 -0.000003 0.000001  -0.000001 -0.000001 0.000000
191  2.667501 -0.000004 0.000003  0.000000 0.000000 0.000000
192  2.426703 -0.000002 -0.000005  0.000000 0.000000 -0.000000
193  -0.494740 -44.353451 -1.302299  1.570797 -0.000000 -1.570797
194  11.545937 73.768417 -3.792011  0.000000 -0.000000 0.000000
195  -0.011102 -16.902815 1.952046  0.000001 -0.000000 0.000000
196  -0.000002 -0.000003 -1.529050  -0.000000 -0.000000 -0.000000
197  -0.078943 -0.000005 0.000002  0.000000 0.000001 1.570796
198  0.097093 -0.000002 0.000002  -0.000000 -3.141592 1.570796
199  0.000000 0.000000 -0.000000  0.000000 -0.000000 -0.000000
200  -10.273831 -18.205683 -14.747732  -0.560141 0.224086 -0.637178
201  15.900332 -32.066246 -17.951193  1.557597 -0.085155 -1.017116
time 64
0  0 0 0  0 0 0
1  0.000000 0.000000 0.000000  0.000000 -0.000000 -0.000000
2  -0.000000 -0.000000 -55.423229  0.000000 -0.000000 -1.570730
3  -0.012872 0.000000 8.235027  -0.784749 -1.570710 -0.785986
4  16.163124 -0.010663 0.007211  -0.594297 0.000409 -0.000125
5  16.163132 -0.000000 3.830524  -1.333359 -0.199015 -2.456806
6  14.868229 0.000001 0.000001  -0.827521 0.725722 -1.695824
7  26.391945 -0.000003 -0.000002  -0.000000 0.000000 -1.367810
8  -0.000002 0.000001 -0.000000  -0.136768 -0.000000 -0.000000
9  3.093513 0.000001 -0.000001  -0.273504 -0.000000 -0.000000
10  6.187021 0.000000 0.000001  -0.410294 -0.000000 -0.000000
11  9.280531 -0.000000 0.000001  -0.547034 0.000000 -0.000000
12  12.374043 -0.000002 0.000002  -0.683797 -0.000000 -0.000000
13  15.467555 -0.000003 0.000002  -0.820584 -0.000000 -0.000000
14  18.561056 -0.000002 0.000002  -0.957310 -0.000000 -0.000000
15  21.654570 -0.000000 0.000003  -2.900649 -0.427958 0.811143
16  1.410068 0.800538 -2.089131  1.926816 0.229617 0.446891
17  3.954707 -0.000003 0.000004  0.032650 -0.305879 0.082888
18  3.101573 0.000001 0.000001  0.038488 -0.173200 0.020373
19  6.164455 -0.898151 2.575014  -0.464106 -0.015897 1.186542
20  2.805843 0.000009 -0.000001  -0.000000 -0.000000 0.521973
21  2.307438 -0.000001 -0.000001  -0.000000 0.000000 0.361287
22  7.145091 -0.676339 -1.382425  0.048305 -0.466031 0.179016
23  3.672206 0.000001 -0.000001  0.000000 0.000000 1.094786
24  2.676518 0.000004 0.000002  0.000000 0.000000 0.976405
25  6.831180 -0.870863 0.599919  -0.198432 -0.274957 0.706750
26  3.657073 0.000004 -0.000001  0.000000 0.000000 1.196110
27  2.496791 0.000002 0.000001  -0.000000 -0.000000 0.510610
28  7.183343 -0.532078 -3.267606  0.092002 -0.569205 -0.163901
29  3.511586 0.000001 0.000004  -0.000000 -0.000000 0.459239
30  2.199418 0.000000 -0.000003  0.000000 -0.000000 0.877656
31  16.163136 0.000000 -3.830527  0.703564 0.858106 -2.571306
32  14.868248 0.000000 0.000001  -0.198736 -0.138560 -1.832238
33  26.391968 0.000000 -0.000000  0.000000 0.000000 -1.690113
34  0.000000 0.000003 0.000000  0.126859 0.000000 -0.000000
35  3.093516 0.000001 -0.000001  0.253801 0.000000 0.000000
36  6.187023 0.000004 0.000000  0.380663 0.000000 0.000000
37  9.280537 0.000003 0.000001  0.507583 -0.000000 0.000000
38  12.374042 0.000002 0.000001  0.634511 -0.000000 -0.000000
39  15.467554 0.000003 -0.000001  0.761384 -0.000000 -0.000000
40  18.561068 0.000002 -0.000000  0.888322 0.000000 0.000000
41  21.654568 0.000002 0.000003  2.660036 -0.577154 0.003714
42  1.410063 0.800529 2.089143  -1.966491 -0.287076 0.559263
43  3.954714 0.000000 -0.000001  0.000000 -0.000000 0.375132
44  3.101564 0.000000 -0.000003  -0.000000 -0.000000 0.790793
45  7.183347 -0.532089 3.267620  0.052242 -0.011652 -0.158551
46  3.511588 -0.000000 -0.000001  -0.000000 -0.000000 0.189253
47  2.199409 0.000001 0.000000  0.000000 0.000000 -0.104054
48  7.145093 -0.676346 1.382436  0.255424 0.283825 0.886075
49  3.672211 -0.000001 -0.000002  -0.000000 -0.000000 1.435616
50  2.676523 -0.000001 -0.000001  0.000000 0.000000 1.062915
51  6.831168 -0.870866 -0.599909  0.339890 0.115856 1.057859
52  3.657083 0.000001 -0.000003  -0.000000 -0.000000 1.252192
53  2.496799 -0.000001 -0.000003  0.000000 0.000000 0.840195
54  6.164460 -0.898154 -2.575006  0.409526 -0.061316 1.152482
55  2.805843 0.000002 -0.000001  -0.000000 -0.000000 0.666009
56  2.307454 0.000001 -0.000002  0.000000 -0.000000 0.844543
57  0.000000 0.000000 0.000000  0.000001 -0.000000 -0.000000
58  11.305266 -32.579651 -16.922491  0.177548 0.466459 0.901977
59  -0.000000 -19.069477 4.681036  0.000000 0.000000 -0.000000
60  1.986525 0.000013 -3.123741  -2.705260 -0.000000 -1.570797
61  -1.986692 0.000012 -3.123744  0.436333 0.000001 1.570797
62  0.000001 -0.000004 -0.000001  0.000000 0.000000 -0.000000
63  -1.530660 0.861416 -3.109961  0.392682 0.000010 1.570745
64  -11.344172 1.135892 0.869266  0.000328 -0.024963 -0.026314
65  1.907532 0.861409 -2.954430  -0.392858 -0.000004 1.570778
66  -11.350051 -0.729403 0.864872  0.000154 -0.025335 0.026430
67  1.754238 4.036754 -1.682669  0.392549 -0.010099 -1.546344
68  -1.755145 4.036755 -1.682671  -0.392547 -0.010382 -1.594901
69  -0.164555 5.734785 5.880445  0.000000 -0.000000 -1.570730
70  1.203547 5.503723 4.339430  0.000000 0.000000 -0.000000
71  -1.260174 5.668901 5.788551  0.070161 -0.418898 2.970131
72  1.185468 17.272335 1.821940  0.000000 0.000000 -0.000000
73  0.060218 10.324433 74.469048  0.000000 0.000000 -0.000000
74  0.052683 -3.972626 3.515847  1.570735 -0.000061 -1.570735
75  4.804184 -3.856463 -0.006878  -0.000000 0.000000 0.000000
76  -6.013987 -4.624457 -0.000000  0.000000 0.000000 -0.000000
77  -65.574097 -37.156044 0.002937  -0.787471 1.570710 0.783570
78  1.602678 -3.785213 0.003046  -0.786191 1.570710 0.783632
79  11.681370 -1.114740 -1.027851  -0.785276 1.570710 0.785825
80  19.766773 -3.800921 0.000000  -0.000000 0.000000 0.000000
81  3.258438 5.856955 -3.403523  -0.000000 -0.000000 -0.000000
82  15.153049 5.860582 -3.403521  -0.000000 -0.000000 0.000000
83  6.064251 77.294952 36.365791  1.570796 0.000000 1.570797
84  -2.662414 1.445756 40.667957  -0.000000 3.141591 1.570796
85  8.352061 2.772901 0.000539  -3.141589 0.000002 0.000000
86  6.064255 72.973694 32.593250  1.570796 0.000000 1.570797
87  -0.113679 5.957338 -0.188895  0.000000 0.000000 -0.000000
88  0.097226 0.210965 3.469586  0.000000 0.000000 -0.000000
89  0.000000 1.310210 0.000001  0.000000 0.000000 0.000000
90  0.000000 0.582260 0.000001  0.000000 0.000000 0.000000
91  0.036299 1.284881 7.928798  0.000000 -0.000001 0.000000
92  0.000003 1.310211 0.000000  0.000000 0.000000 0.000000
93  0.000002 0.582261 0.000001  0.000000 0.000000 0.000000
94  5.969325 3.427462 -6.170650  -0.000000 -0.000001 -1.570796
95  -1.310213 0.000001 -0.000001  0.000000 -0.000000 -0.000000
96  -0.582262 0.000002 -0.000001  0.000000 0.000000 -0.000000
97  5.969324 9.397400 -6.170659  -0.000000 -0.000001 -1.570796
98  -1.310214 0.000000 0.000001  0.000000 0.000000 -0.000000
99  -0.582264 -0.000001 0.000001  0.000000 0.000001 -0.000000
100  5.969324 15.223772 -6.170672  -0.000000 -0.000001 -1.570796
101  -1.310212 0.000001 0.000002  -0.000000 0.000000 -0.000000
102  -0.582261 0.000001 0.000002  -0.000000 0.000000 -0.000000
103  5.969324 20.835571 -6.170672  -0.000000 -0.000001 -1.570796
104  -1.310211 0.000002 0.000003  -0.000000 0.000000 -0.000000
105  -0.582261 0.000001 0.000005  -0.000000 0.000000 -0.000000
106  5.969326 26.771210 -6.170672  -0.000000 -0.000001 -1.570796
107  5.969325 32.597599 -6.170677  -0.000000 -0.000001 -1.570796
108  5.969325 38.209396 -6.170684  -0.000000 -0.000001 -1.570800
109  5.969323 49.488468 -6.170685  -0.000000 -0.000001 -1.570800
110  -0.539088 -0.556806 -0.017363  -0.042462 2.681156 1.551919
111  -6.799120 -0.556803 0.818551  -0.272420 2.701993 1.452460
112  -4.615281 -0.556821 0.270327  -0.117230 2.684609 1.518878
113  -2.650966 -0.556806 0.063009  -0.042463 2.681158 1.551919
114  27.110340 1.284857 12.007549  0.000000 -0.000000 -0.000000
115  28.133429 1.284856 12.007547  0.000001 -0.000000 -0.000000
116  12.812887 2.241786 12.007549  -0.000000 -0.000001 -0.000001
117  -9.955968 -0.319623 4.380214  -0.000001 -0.000000 -0.000001
118  -11.316471 -0.319622 4.380215  -0.000003 -0.000000 -0.000000
119  -12.667809 -0.319621 4.380214  -0.000003 -0.000000 0.000001
120  -14.022140 -0.319621 4.380215  0.000010 -0.000000 -0.000011
121  -15.373237 -0.319618 4.380214  0.000015 -0.000000 -0.000015
122  -16.724144 -0.319621 4.380215  -0.000009 -0.000000 0.000006
123  -18.074574 -0.319621 4.380214  -0.000006 0.000000 0.000004
124  -19.423714 -0.319619 4.380215  0.000002 0.000000 -0.000004
125  -20.775270 -0.319619 4.380214  0.000003 0.000000 -0.000004
126  -22.126669 -0.319617 4.380214  0.000003 0.000000 -0.000004
127  -23.478121 -0.319618 4.380214  0.000005 0.000000 -0.000006
128  -24.830620 -0.319619 4.380215  0.000036 -0.000000 -0.000038
129  -26.182030 -0.319619 4.380214  -0.000011 -0.000000 0.000011
130  0.529182 -0.167127 0.629484  -0.101270 -0.000000 0.000000
131  -0.211441 -0.241683 0.155361  -0.145847 -0.000000 0.000000
132  0.529193 -0.280697 -0.110293  -0.145847 -0.000000 -0.000000
133  -0.173926 -0.337324 -0.638496  -0.181751 -0.000000 0.000000
134  0.529190 -0.399245 -0.975392  -0.181751 -0.000000 0.000000
135  -0.211443 -0.464476 -1.431042  -0.192399 -0.000000 0.000000
136  0.529192 -0.515805 -1.694584  -0.192399 -0.000000 0.000000
137  -0.173926 -0.612149 -2.231910  -0.216703 -0.000000 0.000000
138  0.529190 -0.685805 -2.566441  -0.216703 -0.000000 -0.000000
139  -0.211442 -0.769559 -3.027870  -0.237349 -0.000000 0.000000
140  0.529190 -0.832686 -3.288847  -0.237349 -0.000000 -0.000000
141  -0.173936 -0.945281 -3.779566  -0.233859 0.000000 0.000000
142  0.529180 -1.024656 -4.112780  -0.233859 0.000000 -0.000000
143  -0.211441 -1.132185 -4.577548  -0.262919 -0.000000 0.000000
144  0.529192 -1.201963 -4.836825  -0.262919 0.000000 -0.000000
145  -0.000002 -2.810938 -10.636631  0.258454 0.000000 3.141592
146  -0.192453 -1.345776 -5.370046  -0.280373 0.000000 0.000000
147  0.533986 -1.413512 -5.605106  -0.276883 0.000000 0.000000
148  -0.206617 -1.795758 -6.909780  -0.287354 0.000000 0.000000
149  -0.205801 -1.564816 -6.138257  -0.290843 0.000000 0.000000
150  0.530460 -1.643675 -6.395215  -0.290844 0.000000 0.000000
151  0.535314 -1.790707 -7.204134  -0.287354 -0.000000 0.000000
152  -0.202702 -2.030484 -7.702830  -0.286180 -0.000000 0.000000
153  0.509550 -2.118893 -8.011625  -0.298398 -0.000000 0.000000
154  -0.202700 -2.255276 -8.465172  -0.283134 -0.000000 0.000000
155  0.509550 -2.352978 -8.771160  -0.295352 -0.000000 0.000000
156  -0.202703 -2.481596 -9.235472  -0.285437 -0.000000 0.000000
157  0.509550 -2.588680 -9.538637  -0.297654 -0.000000 0.000000
158  0.170125 -21.222092 -1.001141  -0.000001 -0.000001 0.000000
159  0.170126 -20.843863 -0.397182  -0.000001 -0.000001 0.000000
160  0.170127 -20.489742 -1.001142  -0.000001 -0.000001 0.000000
161  0.170126 -20.111067 -0.397181  -0.000001 -0.000001 0.000000
162  0.170124 -19.380085 -0.397185  -0.000001 -0.000001 0.000000
163  0.170125 -19.025110 -1.001145  -0.000001 -0.000001 0.000000
164  0.170126 -18.646660 -0.396448  -0.000001 -0.000001 0.000000
165  0.170126 -19.755758 -1.001142  -0.000001 -0.000001 0.000000
166  -0.015973 10.035406 1.098090  0.000000 0.000000 -0.000000
167  -0.104321 -52.163578 4.437345  1.570735 -0.000061 -1.570735
168  0.064651 27.351343 72.195213  0.000000 0.000000 -0.000000
169  6.064259 95.114006 31.645500  0.000000 -0.000001 1.570796
170  -0.103712 -26.907867 3.305356  0.000000 -0.000000 -1.570730
171  6.064255 69.096558 37.164318  1.570796 0.000000 1.570797
172  1.974302 11.989233 4.589250  0.000000 0.000000 -0.000000
173  1.941735 0.883630 4.309754  0.000000 0.000000 -1.483525
174  -0.115678 1.104780 6.744193  0.000000 0.000000 -0.000000
175  6.064260 89.329803 31.613918  0.000000 -0.000001 1.570796
176  0.059887 2.255380 54.398018  0.000000 0.000000 -0.000000
177  0.003496 -22.270651 0.000004  1.570735 -0.000061 -1.570735
178  0.104008 14.792241 1.530320  0.000000 0.000000 -0.000000
179  3.000525 -2.985217 1.029100  2.067399 -0.085866 -1.929634
180  -2.951614 25.811050 -3.742304  -0.096365 0.008023 -1.450340
181  -2.662413 1.445783 33.628746  0.000487 3.141104 1.570796
182  8.352069 2.772897 0.000537  -3.140902 0.000003 -0.000001
183  -2.662414 1.445789 40.667969  0.000487 3.141104 1.570796
184  8.352068 2.772898 0.000543  -3.140902 0.000003 -0.000001
185  -1.431356 16.384781 4.137811  0.000001 -0.000000 0.000000
186  -0.001843 0.521684 -0.140290  0.000000 0.000000 -0.000000
187  7.323110 -5.136191 -5.166236  -0.000000 0.000000 -0.610865
188  2.698280 -0.000000 0.000003  -0.000012 0.000000 0.000000
189  2.834161 -0.000001 0.000000  0.000013 0.000000 -0.000000
190  2.648917 -0.000000 -0.000002  -0.000001 -0.000001 0.000000
191  2.667497 0.000002 -0.000004  0.000000 0.000000 -0.000000
192  2.426706 -0.000002 -0.000003  0.000000 0.000000 -0.000000
193  -0.494744 -44.353447 -1.302299  1.570797 -0.000000 -1.570797
194  11.545931 73.768417 -3.792014  0.000000 0.000000 -0.000000
195  -0.011101 -16.902811 1.952048  0.000001 0.000000 -0.000000
196  0.000002 0.000007 -1.529053  -0.000001 -0.000000 0.000000
197  -0.078940 0.000002 0.000000  0.000000 0.000001 1.570796
198  0.097094 -0.000001 0.000001  -0.000000 -3.141592 1.570796
199  0.000000 0.000000 -0.000000  0.000000 -0.000000 -0.000000
200  -10.529821 -18.176977 -14.812774  -0.549790 0.219447 -0.643247
201  15.558711 -32.240067 -17.838408  1.568773 -0.085633 -1.026346
time 65
0  0 0 0  0 0 0
1  0.000000 0.000000 0.000000  0.000000 -0.000000 -0.000000
2  -0.000000 -0.000000 -55.423229  0.000000 -0.000000 -1.570730
3  -0.012872 0.000000 8.235027  -0.784749 -1.570710 -0.785986
4  16.163124 -0.010663 0.007211  -0.594297 0.000409 -0.000125
5  16.163132 -0.000000 3.830524  -1.333359 -0.199015 -2.456806
6  14.868229 0.000001 0.000001  -0.828411 0.729396 -1.705080
7  26.391943 -0.000002 -0.000001  -0.000000 0.000000 -1.358222
8  0.000001 0.000003 0.000001  -0.136157 -0.000000 -0.000000
9  3.093516 0.000001 0.000002  -0.272334 -0.000000 -0.000000
10  6.187024 -0.000004 0.000002  -0.408549 -0.000000 -0.000000
11  9.280535 -0.000000 0.000002  -0.544752 0.000000 -0.000000
12  12.374046 -0.000004 0.000003  -0.680947 -0.000000 -0.000000
13  15.467558 -0.000002 0.000003  -0.817124 -0.000000 -0.000000
14  18.561060 -0.000006 0.000002  -0.953323 -0.000000 -0.000000
15  21.654572 -0.000003 0.000002  -2.892917 -0.428111 0.805418
16  1.410070 0.800538 -2.089136  1.926816 0.229617 0.446891
17  3.954707 -0.000003 0.000005  0.032650 -0.305879 0.082888
18  3.101570 -0.000003 0.000002  0.038488 -0.173200 0.020373
19  6.164459 -0.898149 2.575012  -0.464106 -0.015897 1.186542
20  2.805843 0.000001 -0.000000  -0.000000 -0.000000 0.521973
21  2.307443 -0.000001 0.000000  -0.000000 0.000000 0.361287
22  7.145095 -0.676339 -1.382427  0.048305 -0.466031 0.179016
23  3.672216 0.000000 -0.000001  0.000000 0.000000 1.094786
24  2.676517 -0.000002 -0.000001  -0.000000 0.000000 0.976405
25  6.831176 -0.870863 0.599912  -0.198432 -0.274957 0.706751
26  3.657077 -0.000003 0.000000  0.000000 0.000000 1.196109
27  2.496794 -0.000001 -0.000002  -0.000000 -0.000000 0.510611
28  7.183347 -0.532079 -3.267608  0.092002 -0.569205 -0.163901
29  3.511585 0.000004 0.000000  -0.000000 -0.000000 0.459239
30  2.199416 0.000002 -0.000001  0.000000 -0.000000 0.877656
31  16.163136 0.000000 -3.830527  0.703564 0.858106 -2.571306
32  14.868248 0.000000 0.000001  -0.201598 -0.138177 -1.822767
33  26.391966 0.000001 0.000004  0.000000 0.000000 -1.692690
34  0.000002 -0.000001 -0.000001  0.127776 0.000000 0.000000
35  3.093516 -0.000003 -0.000002  0.255524 0.000000 0.000000
36  6.187023 -0.000001 -0.000001  0.383336 0.000000 0.000000
37  9.280539 -0.000002 -0.000002  0.511115 -0.000000 0.000000
38  12.374044 -0.000001 0.000000  0.638881 -0.000000 -0.000000
39  15.467553 0.000001 -0.000002  0.766712 -0.000000 -0.000000
40  18.561068 -0.000001 -0.000002  0.894478 -0.000000 0.000000
41  21.654568 -0.000002 0.000001  2.664477 -0.571966 0.005714
42  1.410063 0.800529 2.089142  -1.966491 -0.287076 0.559263
43  3.954716 -0.000001 0.000001  0.000000 -0.000000 0.375132
44  3.101564 -0.000001 -0.000002  -0.000000 0.000000 0.790793
45  7.183348 -0.532091 3.267620  0.052242 -0.011652 -0.158551
46  3.511586 0.000001 0.000001  0.000000 0.000000 0.189253
47  2.199409 -0.000001 0.000002  0.000000 0.000000 -0.104054
48  7.145093 -0.676345 1.382436  0.255424 0.283825 0.886075
49  3.672211 -0.000001 -0.000000  -0.000000 -0.000000 1.435616
50  2.676521 0.000000 0.000000  -0.000000 0.000000 1.062915
51  6.831169 -0.870866 -0.599909  0.339890 0.115856 1.057859
52  3.657084 -0.000001 -0.000000  -0.000000 -0.000000 1.252193
53  2.496798 -0.000001 -0.000002  0.000000 0.000000 0.840195
54  6.164460 -0.898155 -2.575005  0.409526 -0.061317 1.152482
55  2.805844 0.000001 -0.000002  0.000000 0.000000 0.666009
56  2.307453 0.000001 -0.000001  0.000000 -0.000000 0.844543
57  0.000000 0.000000 0.000000  0.000001 -0.000000 -0.000000
58  10.971027 -32.733879 -16.940052  0.173080 0.457479 0.891631
59  0.000003 -19.069473 4.681033  0.000000 -0.000000 -0.000000
60  1.986523 0.000012 -3.123736  -2.705260 -0.000000 -1.570797
61  -1.986691 0.000015 -3.123743  0.436333 0.000001 1.570797
62  -0.000002 -0.000003 0.000001  0.000000 -0.000000 -0.000000
63  -1.530659 0.861422 -3.109960  0.392682 0.000010 1.570745
64  -11.344168 1.135892 0.869265  0.000328 -0.024963 -0.026314
65  1.907528 0.861414 -2.954430  -0.392858 -0.000004 1.570778
66  -11.350039 -0.729407 0.864870  0.000154 -0.025335 0.026430
67  1.754236 4.036755 -1.682668  0.392549 -0.010099 -1.546344
68  -1.755145 4.036757 -1.682668  -0.392547 -0.010382 -1.594901
69  -0.164560 5.734784 5.880444  0.000000 -0.000000 -1.570730
70  1.203547 5.503725 4.339431  0.000000 -0.000000 -0.000000
71  -1.260175 5.668901 5.788552  0.070161 -0.418898 2.970131
72  1.185469 17.272335 1.821944  0.000000 -0.000000 -0.000000
73  0.060214 10.324439 74.469063  0.000000 -0.000000 -0.000000
74  0.052680 -3.972622 3.515841  1.570735 -0.000061 -1.570735
75  4.804186 -3.856468 -0.006878  -0.000000 0.000000 0.000000
76  -6.013986 -4.624461 0.000001  0.000000 0.000000 -0.000000
77  -65.574097 -37.156048 0.002937  -0.786983 1.570710 0.784301
78  1.602684 -3.785216 0.003048  -0.786130 1.570710 0.783996
79  11.681370 -1.114741 -1.027850  -0.785276 1.570710 0.785459
80  19.766779 -3.800928 0.000002  -0.000000 0.000000 -0.000000
81  3.258441 5.856953 -3.403524  -0.000000 -0.000000 -0.000000
82  15.153048 5.860579 -3.403521  -0.000000 -0.000000 0.000000
83  6.064256 77.294952 36.365795  1.570796 0.000000 1.570796
84  -2.662416 1.445756 40.667961  -0.000000 3.141591 1.570796
85  8.352065 2.772895 0.000542  -3.141589 0.000002 -0.000000
86  6.064254 72.973694 32.593254  1.570796 0.000000 1.570796
87  -0.113684 5.957338 -0.188895  0.000000 -0.000000 -0.000000
88  0.097225 0.210962 3.469586  0.000000 -0.000000 -0.000000
89  0.000000 1.310215 -0.000001  0.000000 -0.000000 0.000000
90  0.000000 0.582263 -0.000002  0.000000 -0.000000 0.000000
91  0.036299 1.284883 7.928798  -0.000000 -0.000001 0.000000
92  0.000000 1.310211 -0.000001  0.000000 0.000000 0.000000
93  0.000000 0.582261 -0.000000  0.000000 0.000000 0.000000
94  5.969325 3.427461 -6.170650  -0.000000 -0.000001 -1.570797
95  -1.310209 0.000001 -0.000001  0.000000 -0.000000 -0.000000
96  -0.582259 0.000001 0.000001  0.000000 0.000000 -0.000000
97  5.969324 9.397401 -6.170660  -0.000000 -0.000001 -1.570796
98  -1.310209 0.000001 -0.000002  0.000000 0.000000 -0.000000
99  -0.582258 -0.000000 -0.000001  0.000000 0.000000 -0.000000
100  5.969324 15.223770 -6.170670  0.000000 -0.000001 -1.570796
101  -1.310211 0.000002 0.000002  -0.000000 0.000000 -0.000000
102  -0.582259 0.000001 0.000000  -0.000000 0.000000 -0.000000
103  5.969326 20.835569 -6.170673  0.000000 -0.000001 -1.570796
104  -1.310210 0.000000 -0.000000  -0.000000 0.000000 -0.000000
105  -0.582261 0.000000 0.000002  -0.000000 0.000000 -0.000000
106  5.969326 26.771208 -6.170674  0.000000 -0.000001 -1.570796
107  5.969322 32.597595 -6.170676  0.000000 -0.000001 -1.570796
108  5.969324 38.209396 -6.170686  0.000000 -0.000001 -1.570800
109  5.969327 49.488464 -6.170686  0.000000 -0.000001 -1.570800
110  -0.539088 -0.556807 -0.017364  -0.042462 2.681156 1.551919
111  -6.799121 -0.556803 0.818550  -0.272420 2.701993 1.452460
112  -4.615282 -0.556823 0.270326  -0.117230 2.684609 1.518878
113  -2.650968 -0.556806 0.063010  -0.042463 2.681158 1.551919
114  27.110340 1.284855 12.007546  0.000000 -0.000000 -0.000000
115  28.133427 1.284857 12.007547  0.000001 -0.000000 -0.000000
116  12.812887 2.241787 12.007549  -0.000000 -0.000001 -0.000001
117  -9.955965 -0.319621 4.380214  -0.000001 -0.000000 -0.000001
118  -11.316472 -0.319622 4.380215  -0.000003 -0.000000 -0.000000
119  -12.667809 -0.319621 4.380215  -0.000003 -0.000000 0.000001
120  -14.022141 -0.319621 4.380214  0.000010 -0.000000 -0.000011
121  -15.373238 -0.319620 4.380213  0.000015 -0.000000 -0.000015
122  -16.724142 -0.319622 4.380213  -0.000009 -0.000000 0.000006
123  -18.074572 -0.319620 4.380212  -0.000006 -0.000000 0.000004
124  -19.423714 -0.319620 4.380213  0.000002 0.000000 -0.000004
125  -20.775270 -0.319620 4.380213  0.000003 0.000000 -0.000004
126  -22.126669 -0.319617 4.380214  0.000003 -0.000000 -0.000004
127  -23.478121 -0.319617 4.380214  0.000005 -0.000000 -0.000006
128  -24.830620 -0.319619 4.380214  0.000036 -0.000000 -0.000038
129  -26.182028 -0.319618 4.380214  -0.000011 -0.000000 0.000011
130  0.529181 -0.167128 0.629483  -0.101270 -0.000000 0.000000
131  -0.211442 -0.241683 0.155360  -0.145847 -0.000000 0.000000
132  0.529190 -0.280700 -0.110294  -0.145847 -0.000000 -0.000000
133  -0.173925 -0.337325 -0.638496  -0.181751 -0.000000 0.000000
134  0.529190 -0.399245 -0.975395  -0.181751 -0.000000 0.000000
135  -0.211443 -0.464476 -1.431042  -0.192399 -0.000000 0.000000
136  0.529191 -0.515806 -1.694584  -0.192399 -0.000000 0.000000
137  -0.173926 -0.612152 -2.231914  -0.216703 -0.000000 0.000000
138  0.529190 -0.685804 -2.566440  -0.216704 -0.000000 -0.000000
139  -0.211443 -0.769559 -3.027870  -0.237349 -0.000000 0.000000
140  0.529191 -0.832685 -3.288849  -0.237349 -0.000000 -0.000000
141  -0.173936 -0.945281 -3.779564  -0.233859 0.000000 0.000000
142  0.529180 -1.024657 -4.112782  -0.233859 0.000000 -0.000000
143  -0.211442 -1.132185 -4.577548  -0.262919 -0.000000 0.000000
144  0.529191 -1.201964 -4.836826  -0.262919 0.000000 -0.000000
145  -0.000003 -2.810941 -10.636632  0.258454 0.000000 3.141592
146  -0.192453 -1.345777 -5.370046  -0.280373 0.000000 0.000000
147  0.533985 -1.413511 -5.605104  -0.276883 0.000000 0.000000
148  -0.206617 -1.795758 -6.909780  -0.287354 0.000000 0.000000
149  -0.205804 -1.564818 -6.138258  -0.290843 0.000000 0.000000
150  0.530462 -1.643675 -6.395216  -0.290844 0.000000 0.000000
151  0.535312 -1.790708 -7.204134  -0.287354 -0.000000 0.000000
152  -0.202701 -2.030483 -7.702829  -0.286180 -0.000000 0.000000
153  0.509550 -2.118893 -8.011625  -0.298398 -0.000000 0.000000
154  -0.202704 -2.255279 -8.465173  -0.283134 -0.000000 0.000000
155  0.509548 -2.352980 -8.771161  -0.295352 -0.000000 0.000000
156  -0.202703 -2.481595 -9.235473  -0.285437 -0.000000 0.000000
157  0.509548 -2.588682 -9.538639  -0.297654 -0.000000 0.000000
158  0.170121 -21.222088 -1.001141  -0.000001 -0.000001 0.000000
159  0.170121 -20.843864 -0.397183  -0.000001 -0.000001 0.000000
160  0.170123 -20.489746 -1.001142  -0.000001 -0.000001 0.000000
161  0.170126 -20.111065 -0.397182  -0.000001 -0.000001 0.000000
162  0.170126 -19.380087 -0.397186  -0.000001 -0.000001 0.000000
163  0.170123 -19.025106 -1.001146  -0.000001 -0.000001 0.000000
164  0.170125 -18.646658 -0.396448  -0.000001 -0.000001 0.000000
165  0.170126 -19.755760 -1.001141  -0.000001 -0.000001 0.000000
166  -0.015974 10.035404 1.098091  0.000000 -0.000000 -0.000000
167  -0.104320 -52.163570 4.437348  1.570735 -0.000061 -1.570735
168  0.064654 27.351343 72.195206  0.000000 -0.000000 -0.000000
169  6.064265 95.114014 31.645506  -0.000000 -0.000001 1.570796
170  -0.103721 -26.907873 3.305356  0.000000 -0.000000 -1.570730
171  6.064254 69.096558 37.164322  1.570796 0.000000 1.570796
172  1.974300 11.989234 4.589252  0.000000 -0.000000 -0.000000
173  1.941733 0.883632 4.309755  0.000000 0.000000 -1.483525
174  -0.115679 1.104780 6.744193  0.000000 -0.000000 -0.000000
175  6.064258 89.329811 31.613918  -0.000000 -0.000001 1.570796
176  0.059884 2.255381 54.398026  0.000000 -0.000000 -0.000000
177  0.003496 -22.270645 0.000002  1.570735 -0.000061 -1.570735
178  0.104009 14.792245 1.530322  0.000000 -0.000000 -0.000000
179  3.000523 -2.985217 1.029100  2.067399 -0.085866 -1.929635
180  -2.951615 25.811050 -3.742302  -0.096365 0.008023 -1.450340
181  -2.662415 1.445786 33.628742  0.000487 3.141104 1.570796
182  8.352067 2.772894 0.000541  -3.140902 0.000003 -0.000001
183  -2.662415 1.445789 40.667973  0.000487 3.141104 1.570796
184  8.352066 2.772895 0.000541  -3.140902 0.000003 -0.000001
185  -1.431357 16.384781 4.137813  0.000001 -0.000000 0.000000
186  -0.001846 0.521685 -0.140288  0.000000 -0.000000 -0.000000
187  7.323106 -5.136188 -5.166235  -0.000000 0.000000 -0.610865
188  2.698279 0.000000 -0.000001  -0.000012 0.000000 0.000000
189  2.834160 -0.000001 0.000000  0.000013 0.000000 -0.000000
190  2.648921 -0.000005 0.000002  -0.000001 -0.000001 0.000000
191  2.667502 -0.000001 -0.000000  -0.000000 0.000000 0.000000
192  2.426702 -0.000004 0.000000  0.000000 0.000000 -0.000000
193  -0.494750 -44.353447 -1.302297  1.570797 -0.000000 -1.570797
194  11.545936 73.768417 -3.792011  0.000000 -0.000000 -0.000000
195  -0.011106 -16.902813 1.952049  0.000001 -0.000000 -0.000000
196  0.000000 0.000002 -1.529054  -0.000000 0.000000 0.000000
197  -0.078943 -0.000000 0.000001  0.000000 0.000001 1.570796
198  0.097090 -0.000001 -0.000002  -0.000000 -3.141592 1.570796
199  0.000000 0.000000 -0.000000  0.000000 -0.000000 -0.000000
200  -10.769117 -18.157848 -14.955502  -0.540757 0.215224 -0.649630
201  15.226579 -32.424919 -17.817158  1.578593 -0.086239 -1.035530
time 66
0  0 0 0  0 0 0
1  0.000000 0.000000 0.000000  0.000000 -0.000000 -0.000000
2  -0.000000 -0.000000 -55.423229  0.000000 -0.000000 -1.570730
3  -0.012872 0.000000 8.235027  -0.784749 -1.570710 -0.785986
4  16.163124 -0.010663 0.007211  -0.594297 0.000409 -0.000125
5  16.163132 -0.000000 3.830524  -1.333359 -0.199015 -2.456806
6  14.868229 0.000001 0.000001  -0.828520 0.733577 -1.712251
7  26.391941 -0.000009 -0.000001  -0.000000 0.000000 -1.348358
8  0.000001 0.000001 0.000000  -0.135851 -0.000000 -0.000000
9  3.093512 -0.000000 0.000001  -0.271718 -0.000000 -0.000000
10  6.187020 -0.000003 0.000001  -0.407551 -0.000000 -0.000000
11  9.280535 -0.000004 0.000000  -0.543421 0.000000 -0.000000
12  12.374046 -0.000004 0.000002  -0.679264 -0.000000 -0.000000
13  15.467558 -0.000004 0.000003  -0.815129 -0.000000 -0.000000
14  18.561060 -0.000005 0.000002  -0.950988 -0.000000 -0.000000
15  21.654572 -0.000006 0.000002  -2.887291 -0.427600 0.798001
16  1.410067 0.800536 -2.089131  1.926816 0.229617 0.446891
17  3.954709 -0.000003 0.000002  0.032650 -0.305879 0.082888
18  3.101571 0.000000 0.000003  0.038488 -0.173200 0.020373
19  6.164459 -0.898152 2.575011  -0.464106 -0.015897 1.186542
20  2.805844 -0.000005 -0.000002  -0.000000 -0.000000 0.521973
21  2.307439 0.000002 -0.000000  -0.000000 0.000000 0.361287
22  7.145087 -0.676340 -1.382427  0.048305 -0.466031 0.179016
23  3.672215 0.000000 0.000001  0.000000 0.000000 1.094786
24  2.676519 -0.000002 0.000000  0.000000 0.000000 0.976405
25  6.831179 -0.870865 0.599921  -0.198432 -0.274957 0.706750
26  3.657079 0.000000 0.000000  0.000000 0.000000 1.196110
27  2.496794 0.000005 0.000000  -0.000000 -0.000000 0.510611
28  7.183347 -0.532078 -3.267605  0.092002 -0.569205 -0.163901
29  3.511591 0.000001 0.000001  -0.000000 -0.000000 0.459239
30  2.199414 -0.000001 0.000002  0.000000 -0.000000 0.877656
31  16.163136 0.000000 -3.830527  0.703564 0.858106 -2.571306
32  14.868248 0.000000 0.000001  -0.205245 -0.138824 -1.813592
33  26.391970 0.000002 0.000005  0.000000 0.000000 -1.694994
34  -0.000000 0.000001 0.000001  0.128266 0.000000 -0.000000
35  3.093513 -0.000001 0.000003  0.256570 0.000000 0.000000
36  6.187020 -0.000001 0.000001  0.384890 0.000000 0.000000
37  9.280533 0.000002 0.000002  0.513197 0.000000 0.000000
38  12.374040 -0.000000 0.000004  0.641517 0.000000 -0.000000
39  15.467550 0.000000 0.000005  0.769806 0.000000 0.000000
40  18.561062 0.000000 0.000005  0.898068 0.000000 0.000000
41  21.654564 -0.000001 0.000003  2.665387 -0.566801 0.009225
42  1.410064 0.800529 2.089141  -1.966491 -0.287076 0.559263
43  3.954715 -0.000004 -0.000002  0.000000 0.000000 0.375132
44  3.101564 -0.000003 -0.000003  -0.000000 0.000000 0.790793
45  7.183351 -0.532093 3.267620  0.052242 -0.011652 -0.158551
46  3.511584 0.000002 0.000003  0.000000 0.000000 0.189253
47  2.199409 -0.000001 -0.000003  0.000000 -0.000000 -0.104054
48  7.145098 -0.676348 1.382434  0.255424 0.283825 0.886075
49  3.672210 -0.000003 0.000000  -0.000000 -0.000000 1.435616
50  2.676522 -0.000000 0.000000  0.000000 0.000000 1.062915
51  6.831170 -0.870867 -0.599911  0.339890 0.115856 1.057859
52  3.657082 0.000000 0.000000  -0.000000 -0.000000 1.252193
53  2.496798 -0.000002 0.000002  0.000000 0.000000 0.840195
54  6.164462 -0.898156 -2.575005  0.409526 -0.061316 1.152482
55  2.805844 -0.000000 0.000000  -0.000000 -0.000000 0.666009
56  2.307453 -0.000001 -0.000003  -0.000000 0.000000 0.844543
57  0.000000 0.000000 0.000000  0.000001 -0.000000 -0.000000
58  10.646337 -32.899124 -17.013494  0.169442 0.450410 0.881767
59  -0.000004 -19.069492 4.681036  0.000000 -0.000000 0.000000
60  1.986525 0.000009 -3.123738  -2.705260 -0.000000 -1.570797
61  -1.986691 0.000014 -3.123747  0.436333 0.000001 1.570797
62  0.000000 -0.000008 -0.000002  0.000000 -0.000000 0.000000
63  -1.530660 0.861413 -3.109962  0.392682 0.000010 1.570745
64  -11.344169 1.135890 0.869269  0.000328 -0.024963 -0.026314
65  1.907533 0.861410 -2.954432  -0.392858 -0.000004 1.570778
66  -11.350044 -0.729407 0.864871  0.000154 -0.025335 0.026430
67  1.754236 4.036752 -1.682670  0.392549 -0.010099 -1.546344
68  -1.755145 4.036751 -1.682671  -0.392547 -0.010382 -1.594901
69  -0.164561 5.734778 5.880445  0.000000 -0.000000 -1.570730
70  1.203547 5.503718 4.339431  0.000000 -0.000000 0.000000
71  -1.260175 5.668897 5.788552  0.070161 -0.418898 2.970131
72  1.185470 17.272331 1.821944  0.000000 -0.000000 0.000000
73  0.060217 10.324434 74.469048  0.000000 -0.000000 0.000000
74  0.052668 -3.972633 3.515844  1.570735 -0.000061 -1.570735
75  4.804186 -3.856468 -0.006879  -0.000000 0.000000 0.000000
76  -6.013982 -4.624461 0.000000  0.000000 0.000000 -0.000000
77  -65.574097 -37.156052 0.002935  -0.787227 1.570710 0.784666
78  1.602687 -3.785217 0.003050  -0.786252 1.570710 0.784666
79  11.681377 -1.114742 -1.027848  -0.785642 1.570710 0.786252
80  19.766779 -3.800924 0.000001  -0.000000 0.000000 0.000000
81  3.258443 5.856953 -3.403523  -0.000000 -0.000000 -0.000000
82  15.153048 5.860583 -3.403525  -0.000000 -0.000000 0.000000
83  6.064258 77.294952 36.365791  1.570796 -0.000000 1.570796
84  -2.662416 1.445755 40.667953  0.000000 3.141591 1.570796
85  8.352068 2.772899 0.000544  -3.141589 0.000002 -0.000000
86  6.064257 72.973694 32.593250  1.570796 -0.000000 1.570796
87  -0.113683 5.957332 -0.188894  0.000000 -0.000000 0.000000
88  0.097224 0.210958 3.469588  0.000000 -0.000000 0.000000
89  0.000001 1.310210 0.000001  0.000000 -0.000000 0.000000
90  0.000000 0.582258 0.000001  0.000000 -0.000000 0.000000
91  0.036297 1.284875 7.928800  0.000000 -0.000001 0.000000
92  -0.000001 1.310209 0.000000  0.000000 -0.000000 0.000000
93  -0.000001 0.582259 0.000001  0.000000 -0.000000 0.000000
94  5.969322 3.427456 -6.170649  -0.000000 -0.000001 -1.570797
95  -1.310210 0.000002 -0.000000  0.000000 -0.000000 -0.000000
96  -0.582260 0.000001 0.000000  0.000000 0.000000 -0.000000
97  5.969320 9.397395 -6.170657  -0.000000 -0.000001 -1.570796
98  -1.310210 -0.000002 -0.000001  0.000000 0.000000 -0.000000
99  -0.582260 -0.000002 -0.000000  0.000000 0.000000 -0.000000
100  5.969320 15.223765 -6.170668  0.000000 -0.000001 -1.570796
101  -1.310211 0.000002 0.000000  -0.000000 0.000000 -0.000000
102  -0.582260 0.000002 0.000001  -0.000000 0.000000 -0.000000
103  5.969322 20.835567 -6.170667  0.000000 -0.000001 -1.570796
104  -1.310212 0.000002 0.000000  -0.000000 0.000000 -0.000000
105  -0.582261 0.000000 0.000005  -0.000000 0.000000 -0.000000
106  5.969325 26.771206 -6.170669  0.000000 -0.000001 -1.570796
107  5.969323 32.597591 -6.170671  0.000000 -0.000001 -1.570796
108  5.969323 38.209393 -6.170681  0.000000 -0.000001 -1.570800
109  5.969321 49.488461 -6.170680  0.000000 -0.000001 -1.570800
110  -0.539092 -0.556813 -0.017361  -0.042462 2.681156 1.551919
111  -6.799125 -0.556811 0.818551  -0.272420 2.701993 1.452460
112  -4.615284 -0.556825 0.270330  -0.117230 2.684609 1.518878
113  -2.650971 -0.556812 0.063013  -0.042463 2.681158 1.551919
114  27.110334 1.284852 12.007549  0.000000 -0.000000 0.000000
115  28.133423 1.284851 12.007548  0.000001 -0.000000 0.000000
116  12.812884 2.241780 12.007550  0.000000 -0.000001 -0.000001
117  -9.955969 -0.319628 4.380216  -0.000001 -0.000000 -0.000001
118  -11.316475 -0.319627 4.380216  -0.000003 -0.000000 -0.000000
119  -12.667810 -0.319626 4.380217  -0.000003 -0.000000 0.000001
120  -14.022142 -0.319627 4.380216  0.000010 -0.000000 -0.000011
121  -15.373242 -0.319628 4.380214  0.000015 -0.000000 -0.000015
122  -16.724146 -0.319628 4.380216  -0.000009 -0.000000 0.000006
123  -18.074575 -0.319626 4.380216  -0.000006 -0.000000 0.000004
124  -19.423717 -0.319625 4.380217  0.000002 0.000000 -0.000004
125  -20.775272 -0.319626 4.380217  0.000003 0.000000 -0.000004
126  -22.126673 -0.319624 4.380216  0.000003 -0.000000 -0.000004
127  -23.478121 -0.319623 4.380217  0.000005 -0.000000 -0.000006
128  -24.830622 -0.319626 4.380215  0.000036 -0.000000 -0.000038
129  -26.182032 -0.319625 4.380215  -0.000011 -0.000000 0.000011
130  0.529177 -0.167134 0.629486  -0.101270 -0.000000 0.000000
131  -0.211445 -0.241688 0.155363  -0.145847 -0.000000 0.000000
132  0.529188 -0.280705 -0.110291  -0.145847 -0.000000 -0.000000
133  -0.173930 -0.337330 -0.638493  -0.181751 -0.000000 0.000000
134  0.529187 -0.399251 -0.975391  -0.181751 -0.000000 0.000000
135  -0.211446 -0.464483 -1.431041  -0.192399 -0.000000 0.000000
136  0.529189 -0.515812 -1.694581  -0.192399 -0.000000 0.000000
137  -0.173928 -0.612155 -2.231910  -0.216703 -0.000000 0.000000
138  0.529186 -0.685811 -2.566438  -0.216703 -0.000000 -0.000000
139  -0.211448 -0.769566 -3.027869  -0.237349 -0.000000 0.000000
140  0.529185 -0.832692 -3.288845  -0.237349 -0.000000 -0.000000
141  -0.173938 -0.945285 -3.779561  -0.233859 0.000000 0.000000
142  0.529177 -1.024661 -4.112779  -0.233859 0.000000 0.000000
143  -0.211446 -1.132190 -4.577545  -0.262919 -0.000000 0.000000
144  0.529189 -1.201969 -4.836823  -0.262919 0.000000 0.000000
145  -0.000007 -2.810948 -10.636628  0.258454 0.000000 3.141592
146  -0.192458 -1.345783 -5.370044  -0.280373 0.000000 0.000000
147  0.533982 -1.413516 -5.605103  -0.276883 0.000000 0.000000
148  -0.206619 -1.795764 -6.909776  -0.287354 0.000000 0.000000
149  -0.205807 -1.564822 -6.138253  -0.290843 0.000000 0.000000
150  0.530456 -1.643680 -6.395210  -0.290844 0.000000 0.000000
151  0.535312 -1.790714 -7.204129  -0.287354 -0.000000 0.000000
152  -0.202706 -2.030490 -7.702827  -0.286180 -0.000000 0.000000
153  0.509545 -2.118900 -8.011619  -0.298398 -0.000000 0.000000
154  -0.202706 -2.255284 -8.465169  -0.283134 -0.000000 0.000000
155  0.509545 -2.352986 -8.771155  -0.295352 -0.000000 0.000000
156  -0.202707 -2.481602 -9.235469  -0.285437 -0.000000 0.000000
157  0.509545 -2.588689 -9.538636  -0.297653 -0.000000 0.000000
158  0.170121 -21.222094 -1.001137  -0.000001 -0.000001 0.000000
159  0.170118 -20.843870 -0.397182  -0.000001 -0.000001 0.000000
160  0.170118 -20.489752 -1.001139  -0.000001 -0.000001 0.000000
161  0.170120 -20.111074 -0.397182  -0.000001 -0.000001 0.000000
162  0.170118 -19.380095 -0.397184  -0.000001 -0.000001 0.000000
163  0.170119 -19.025114 -1.001143  -0.000001 -0.000001 0.000000
164  0.170120 -18.646664 -0.396446  -0.000001 -0.000001 0.000000
165  0.170122 -19.755764 -1.001139  -0.000001 -0.000001 0.000000
166  -0.015974 10.035401 1.098092  0.000000 -0.000000 0.000000
167  -0.104329 -52.163582 4.437343  1.570735 -0.000061 -1.570735
168  0.064652 27.351341 72.195198  0.000000 -0.000000 0.000000
169  6.064264 95.114014 31.645498  -0.000000 -0.000001 1.570796
170  -0.103714 -26.907862 3.305354  0.000000 -0.000000 -1.570730
171  6.064260 69.096558 37.164318  1.570796 -0.000000 1.570796
172  1.974300 11.989229 4.589250  0.000000 -0.000000 0.000000
173  1.941732 0.883626 4.309755  0.000000 0.000000 -1.483525
174  -0.115681 1.104773 6.744192  0.000000 -0.000000 0.000000
175  6.064261 89.329796 31.613914  -0.000000 -0.000001 1.570796
176  0.059885 2.255374 54.398018  0.000000 -0.000000 0.000000
177  0.003494 -22.270653 -0.000003  1.570735 -0.000061 -1.570735
178  0.104009 14.792239 1.530322  0.000000 -0.000000 0.000000
179  3.000524 -2.985221 1.029101  2.067399 -0.085866 -1.929635
180  -2.951616 25.811047 -3.742298  -0.096365 0.008023 -1.450341
181  -2.662416 1.445781 33.628738  0.000487 3.141104 1.570796
182  8.352071 2.772895 0.000537  -3.140902 0.000003 -0.000001
183  -2.662416 1.445786 40.667965  0.000487 3.141104 1.570796
184  8.352066 2.772894 0.000543  -3.140902 0.000003 -0.000001
185  -1.431359 16.384775 4.137812  0.000001 -0.000000 0.000000
186  -0.001849 0.521677 -0.140288  0.000000 -0.000000 0.000000
187  7.323103 -5.136197 -5.166236  0.000000 0.000000 -0.610865
188  2.698278 -0.000002 0.000004  -0.000012 0.000000 0.000000
189  2.834156 -0.000002 -0.000000  0.000013 0.000000 -0.000000
190  2.648920 -0.000001 0.000002  -0.000001 -0.000001 0.000000
191  2.667499 0.000001 0.000002  -0.000000 -0.000000 -0.000000
192  2.426705 0.000000 0.000000  0.000000 0.000000 -0.000000
193  -0.494752 -44.353451 -1.302296  1.570797 0.000000 -1.570797
194  11.545937 73.768417 -3.792008  0.000000 -0.000000 0.000000
195  -0.011106 -16.902813 1.952047  0.000001 -0.000000 0.000000
196  0.000000 -0.000001 -1.529055  -0.000000 -0.000000 -0.000000
197  -0.078943 0.000002 -0.000001  0.000000 0.000001 1.570796
198  0.097090 -0.000001 0.000000  -0.000000 -3.141592 1.570796
199  0.000000 0.000000 -0.000000  0.000000 -0.000000 -0.000000
200  -10.980590 -18.153063 -15.130753  -0.533641 0.211739 -0.656394
201  14.913427 -32.623569 -17.859657  1.586345 -0.086850 -1.044471
time 67
0  0 0 0  0 0 0
1  0.000000 0.000000 0.000000  0.000000 -0.000000 -0.000000
2  -0.000000 -0.000000 -55.423229  0.000000 -0.000000 -1.570730
3  -0.012872 0.000000 8.235027  -0.784749 -1.570710 -0.785986
4  16.163124 -0.010663 0.007211  -0.594297 0.000409 -0.000125
5  16.163132 -0.000000 3.830524  -1.333359 -0.199015 -2.456806
6  14.868229 0.000001 0.000001  -0.827652 0.738476 -1.716780
7  26.391941 -0.000011 -0.000002  -0.000000 0.000000 -1.338767
8  0.000004 0.000002 -0.000001  -0.135790 -0.000000 0.000000
9  3.093519 0.000001 -0.000000  -0.271594 -0.000000 -0.000000
10  6.187023 -0.000001 0.000001  -0.407427 -0.000000 -0.000000
11  9.280538 0.000000 -0.000001  -0.543295 0.000000 -0.000000
12  12.374046 -0.000000 0.000001  -0.679070 -0.000000 -0.000000
13  15.467560 -0.000003 0.000001  -0.814930 -0.000000 -0.000000
14  18.561060 -0.000002 0.000001  -0.950714 -0.000000 -0.000000
15  21.654575 -0.000003 0.000002  -2.883878 -0.426312 0.788853
16  1.410070 0.800538 -2.089134  1.926816 0.229617 0.446891
17  3.954707 0.000000 0.000005  0.032650 -0.305879 0.082888
18  3.101574 0.000003 0.000002  0.038488 -0.173200 0.020373
19  6.164463 -0.898152 2.575013  -0.464106 -0.015897 1.186542
20  2.805845 0.000002 -0.000001  0.000000 -0.000000 0.521974
21  2.307440 -0.000004 -0.000001  0.000000 -0.000000 0.361287
22  7.145091 -0.676340 -1.382429  0.048305 -0.466031 0.179016
23  3.672212 -0.000002 -0.000003  0.000000 0.000000 1.094786
24  2.676518 -0.000001 0.000004  -0.000000 0.000000 0.976405
25  6.831184 -0.870864 0.599918  -0.198432 -0.274957 0.706750
26  3.657075 0.000000 -0.000001  0.000000 0.000000 1.196110
27  2.496794 -0.000003 0.000001  -0.000000 -0.000000 0.510611
28  7.183350 -0.532078 -3.267605  0.092002 -0.569205 -0.163901
29  3.511590 0.000002 0.000000  -0.000000 -0.000000 0.459239
30  2.199416 -0.000004 -0.000004  0.000000 -0.000000 0.877656
31  16.163136 0.000000 -3.830527  0.703564 0.858106 -2.571306
32  14.868248 0.000000 0.000001  -0.209632 -0.140649 -1.805400
33  26.391968 -0.000000 0.000005  0.000000 0.000000 -1.697301
34  0.000002 -0.000001 -0.000002  0.128327 0.000000 -0.000000
35  3.093516 -0.000004 0.000000  0.256755 0.000000 0.000000
36  6.187023 -0.000002 0.000002  0.385139 0.000000 0.000000
37  9.280537 -0.000002 0.000002  0.513512 0.000000 -0.000000
38  12.374045 -0.000003 0.000001  0.641903 -0.000000 -0.000000
39  15.467554 -0.000003 0.000002  0.770267 -0.000000 -0.000000
40  18.561069 -0.000001 0.000000  0.898678 0.000000 0.000000
41  21.654568 -0.000004 0.000002  2.662335 -0.562041 0.014570
42  1.410064 0.800530 2.089144  -1.966491 -0.287076 0.559263
43  3.954716 -0.000001 -0.000002  0.000000 -0.000000 0.375132
44  3.101564 -0.000003 -0.000002  -0.000000 0.000000 0.790793
45  7.183350 -0.532089 3.267622  0.052242 -0.011652 -0.158551
46  3.511585 0.000001 -0.000000  -0.000000 0.000000 0.189253
47  2.199411 -0.000001 0.000000  -0.000000 0.000000 -0.104054
48  7.145096 -0.676345 1.382436  0.255424 0.283825 0.886074
49  3.672210 0.000003 0.000000  -0.000000 -0.000000 1.435616
50  2.676522 0.000001 0.000001  0.000000 -0.000000 1.062915
51  6.831168 -0.870865 -0.599906  0.339890 0.115857 1.057859
52  3.657083 0.000002 -0.000001  -0.000000 -0.000000 1.252192
53  2.496798 -0.000001 0.000001  0.000000 0.000000 0.840195
54  6.164461 -0.898152 -2.575004  0.409526 -0.061317 1.152482
55  2.805843 0.000001 0.000001  -0.000000 -0.000000 0.666009
56  2.307451 0.000000 0.000000  -0.000000 -0.000000 0.844543
57  0.000000 0.000000 0.000000  0.000001 -0.000000 -0.000000
58  10.369393 -33.070969 -17.152393  0.167074 0.445888 0.872786
59  -0.000003 -19.069473 4.681036  0.000000 -0.000000 -0.000000
60  1.986526 0.000017 -3.123734  -2.705260 -0.000000 -1.570797
61  -1.986692 0.000017 -3.123744  0.436333 0.000001 1.570797
62  0.000000 0.000001 0.000002  0.000000 -0.000000 -0.000000
63  -1.530657 0.861422 -3.109959  0.392682 0.000010 1.570745
64  -11.344165 1.135895 0.869266  0.000328 -0.024963 -0.026314
65  1.907532 0.861416 -2.954426  -0.392858 -0.000004 1.570778
66  -11.350052 -0.729403 0.864873  0.000154 -0.025335 0.026430
67  1.754238 4.036757 -1.682666  0.392549 -0.010099 -1.546344
68  -1.755143 4.036757 -1.682668  -0.392547 -0.010382 -1.594901
69  -0.164557 5.734784 5.880443  -0.000000 -0.000000 -1.570730
70  1.203553 5.503722 4.339430  0.000000 -0.000000 -0.000000
71  -1.260173 5.668900 5.788550  0.070161 -0.418898 2.970131
72  1.185471 17.272333 1.821939  0.000000 -0.000000 -0.000000
73  0.060217 10.324437 74.469055  0.000000 -0.000000 -0.000000
74  0.052678 -3.972625 3.515836  1.570735 -0.000061 -1.570735
75  4.804182 -3.856466 -0.006877  -0.000000 0.000000 0.000000
76  -6.013986 -4.624460 -0.000001  0.000000 0.000000 -0.000000
77  -65.574089 -37.156044 0.002939  -0.787532 1.570710 0.783632
78  1.602687 -3.785215 0.003053  -0.786923 1.570710 0.784118
79  11.681376 -1.114742 -1.027844  -0.785398 1.570710 0.785337
80  19.766777 -3.800922 0.000002  -0.000000 0.000000 -0.000000
81  3.258441 5.856953 -3.403523  -0.000000 -0.000000 -0.000000
82  15.153049 5.860580 -3.403520  -0.000000 -0.000000 -0.000000
83  6.064256 77.294952 36.365795  1.570796 0.000000 1.570796
84  -2.662413 1.445754 40.667957  -0.000000 3.141591 1.570796
85  8.352066 2.772896 0.000537  -3.141589 0.000002 -0.000000
86  6.064254 72.973694 32.593250  1.570796 0.000000 1.570796
87  -0.113676 5.957335 -0.188892  0.000000 -0.000000 -0.000000
88  0.097226 0.210962 3.469585  0.000000 -0.000000 -0.000000
89  0.000005 1.310212 0.000000  0.000000 -0.000000 0.000000
90  0.000003 0.582260 0.000000  0.000000 -0.000000 0.000000
91  0.036297 1.284879 7.928796  -0.000000 -0.000001 0.000000
92  0.000001 1.310212 0.000001  0.000000 -0.000000 0.000000
93  0.000000 0.582259 0.000000  0.000000 -0.000000 0.000000
94  5.969325 3.427459 -6.170652  -0.000000 -0.000001 -1.570796
95  -1.310211 0.000000 -0.000001  0.000000 0.000000 -0.000000
96  -0.582259 0.000001 -0.000002  0.000000 0.000000 -0.000000
97  5.969323 9.397399 -6.170661  -0.000000 -0.000001 -1.570796
98  -1.310213 0.000002 -0.000003  0.000000 0.000000 -0.000000
99  -0.582262 0.000001 -0.000004  0.000000 0.000000 -0.000000
100  5.969323 15.223770 -6.170671  0.000000 -0.000001 -1.570796
101  -1.310212 0.000001 -0.000001  -0.000000 0.000000 -0.000000
102  -0.582261 0.000000 0.000001  -0.000000 0.000000 -0.000000
103  5.969324 20.835569 -6.170674  0.000000 -0.000001 -1.570796
104  -1.310211 0.000001 0.000003  -0.000000 0.000000 -0.000000
105  -0.582261 -0.000000 0.000005  -0.000000 0.000000 -0.000000
106  5.969323 26.771206 -6.170674  0.000000 -0.000001 -1.570796
107  5.969322 32.597595 -6.170677  0.000000 -0.000001 -1.570796
108  5.969323 38.209396 -6.170687  0.000000 -0.000001 -1.570800
109  5.969321 49.488464 -6.170688  0.000000 -0.000001 -1.570800
110  -0.539088 -0.556808 -0.017365  -0.042462 2.681156 1.551919
111  -6.799122 -0.556809 0.818547  -0.272420 2.701993 1.452460
112  -4.615282 -0.556824 0.270326  -0.117230 2.684609 1.518878
113  -2.650967 -0.556808 0.063010  -0.042463 2.681158 1.551919
114  27.110338 1.284856 12.007547  0.000000 -0.000000 -0.000000
115  28.133427 1.284855 12.007545  0.000001 -0.000000 -0.000000
116  12.812886 2.241785 12.007547  -0.000000 -0.000001 -0.000001
117  -9.955966 -0.319623 4.380214  -0.000001 -0.000000 -0.000001
118  -11.316470 -0.319622 4.380214  -0.000003 -0.000000 -0.000000
119  -12.667810 -0.319624 4.380213  -0.000003 -0.000000 0.000001
120  -14.022140 -0.319623 4.380213  0.000010 -0.000000 -0.000011
121  -15.373239 -0.319623 4.380213  0.000015 -0.000000 -0.000015
122  -16.724140 -0.319621 4.380214  -0.000009 -0.000000 0.000006
123  -18.074570 -0.319619 4.380214  -0.000006 -0.000000 0.000004
124  -19.423714 -0.319620 4.380213  0.000002 0.000000 -0.000004
125  -20.775267 -0.319619 4.380214  0.000003 0.000000 -0.000004
126  -22.126671 -0.319619 4.380213  0.000003 -0.000000 -0.000004
127  -23.478121 -0.319619 4.380214  0.000005 -0.000000 -0.000006
128  -24.830616 -0.319617 4.380214  0.000036 0.000000 -0.000038
129  -26.182028 -0.319619 4.380214  -0.000011 -0.000000 0.000011
130  0.529182 -0.167130 0.629483  -0.101270 -0.000000 0.000000
131  -0.211442 -0.241683 0.155361  -0.145847 -0.000000 0.000000
132  0.529191 -0.280702 -0.110295  -0.145847 -0.000000 -0.000000
133  -0.173924 -0.337325 -0.638497  -0.181751 -0.000000 0.000000
134  0.529190 -0.399246 -0.975394  -0.181751 -0.000000 0.000000
135  -0.211442 -0.464477 -1.431043  -0.192399 -0.000000 0.000000
136  0.529190 -0.515808 -1.694583  -0.192400 -0.000000 0.000000
137  -0.173928 -0.612153 -2.231912  -0.216703 -0.000000 0.000000
138  0.529190 -0.685807 -2.566443  -0.216703 -0.000000 -0.000000
139  -0.211443 -0.769561 -3.027873  -0.237349 -0.000000 0.000000
140  0.529190 -0.832687 -3.288849  -0.237349 -0.000000 -0.000000
141  -0.173938 -0.945282 -3.779564  -0.233859 0.000000 0.000000
142  0.529181 -1.024658 -4.112783  -0.233859 0.000000 -0.000000
143  -0.211441 -1.132186 -4.577550  -0.262919 -0.000000 0.000000
144  0.529193 -1.201965 -4.836828  -0.262919 0.000000 0.000000
145  -0.000005 -2.810943 -10.636633  0.258454 0.000000 3.141592
146  -0.192455 -1.345780 -5.370048  -0.280373 0.000000 0.000000
147  0.533985 -1.413512 -5.605106  -0.276883 0.000000 0.000000
148  -0.206615 -1.795760 -6.909782  -0.287354 0.000000 0.000000
149  -0.205801 -1.564820 -6.138259  -0.290843 0.000000 0.000000
150  0.530460 -1.643678 -6.395217  -0.290844 0.000000 0.000000
151  0.535313 -1.790710 -7.204134  -0.287354 -0.000000 0.000000
152  -0.202704 -2.030487 -7.702830  -0.286180 -0.000000 0.000000
153  0.509551 -2.118896 -8.011626  -0.298398 -0.000000 0.000000
154  -0.202701 -2.255278 -8.465173  -0.283134 -0.000000 0.000000
155  0.509550 -2.352979 -8.771162  -0.295352 -0.000000 0.000000
156  -0.202704 -2.481597 -9.235473  -0.285437 -0.000000 0.000000
157  0.509549 -2.588681 -9.538640  -0.297654 -0.000000 0.000000
158  0.170126 -21.222092 -1.001140  -0.000001 -0.000001 0.000000
159  0.170124 -20.843866 -0.397183  -0.000001 -0.000001 0.000000
160  0.170124 -20.489748 -1.001143  -0.000001 -0.000001 0.000000
161  0.170125 -20.111071 -0.397185  -0.000001 -0.000001 0.000000
162  0.170125 -19.380091 -0.397187  -0.000001 -0.000001 0.000000
163  0.170123 -19.025106 -1.001147  -0.000001 -0.000001 0.000000
164  0.170125 -18.646660 -0.396447  -0.000001 -0.000001 0.000000
165  0.170127 -19.755758 -1.001142  -0.000001 -0.000001 0.000000
166  -0.015972 10.035404 1.098088  0.000000 -0.000000 -0.000000
167  -0.104321 -52.163574 4.437343  1.570735 -0.000061 -1.570735
168  0.064654 27.351343 72.195213  0.000000 -0.000000 -0.000000
169  6.064265 95.114014 31.645502  -0.000000 -0.000001 1.570796
170  -0.103722 -26.907860 3.305350  -0.000000 -0.000000 -1.570730
171  6.064255 69.096558 37.164314  1.570796 0.000000 1.570796
172  1.974303 11.989233 4.589248  0.000000 -0.000000 -0.000000
173  1.941737 0.883630 4.309754  0.000000 -0.000000 -1.483525
174  -0.115675 1.104779 6.744191  0.000000 -0.000000 -0.000000
175  6.064256 89.329803 31.613914  -0.000000 -0.000001 1.570796
176  0.059888 2.255378 54.398022  0.000000 -0.000000 -0.000000
177  0.003490 -22.270653 -0.000001  1.570735 -0.000061 -1.570735
178  0.104012 14.792242 1.530318  0.000000 -0.000000 -0.000000
179  3.000525 -2.985216 1.029100  2.067399 -0.085866 -1.929635
180  -2.951610 25.811049 -3.742306  -0.096365 0.008023 -1.450340
181  -2.662409 1.445782 33.628742  0.000487 3.141104 1.570796
182  8.352068 2.772897 0.000539  -3.140902 0.000003 -0.000001
183  -2.662412 1.445785 40.667969  0.000487 3.141104 1.570796
184  8.352067 2.772898 0.000540  -3.140902 0.000003 -0.000001
185  -1.431354 16.384781 4.137810  0.000001 -0.000000 0.000000
186  -0.001843 0.521681 -0.140293  0.000000 -0.000000 -0.000000
187  7.323112 -5.136190 -5.166237  0.000000 0.000000 -0.610865
188  2.698277 -0.000001 -0.000003  -0.000012 0.000000 0.000000
189  2.834161 0.000000 -0.000002  0.000013 0.000000 -0.000000
190  2.648918 -0.000003 0.000001  -0.000001 -0.000001 0.000000
191  2.667499 0.000001 0.000003  0.000000 -0.000000 0.000000
192  2.426703 0.000003 0.000003  0.000000 0.000000 -0.000000
193  -0.494739 -44.353451 -1.302300  1.570797 -0.000000 -1.570797
194  11.545940 73.768417 -3.792010  0.000000 -0.000000 -0.000000
195  -0.011100 -16.902813 1.952046  0.000001 -0.000000 -0.000000
196  -0.000001 0.000002 -1.529054  -0.000000 -0.000000 -0.000000
197  -0.078940 0.000001 0.000001  0.000000 0.000001 1.570796
198  0.097094 0.000003 0.000000  -0.000000 -3.141592 1.570796
199  0.000000 0.000000 -0.000000  0.000000 -0.000000 -0.000000
200  -11.153106 -18.155453 -15.334908  -0.529040 0.209429 -0.663372
201  14.638231 -32.824974 -17.977345  1.591405 -0.087305 -1.052867
time 68
0  0 0 0  0 0 0
1  0.000000 0.000000 0.000000  0.000000 -0.000000 -0.000000
2  -0.000000 -0.000000 -55.423229  0.000000 -0.000000 -1.570730
3  -0.012872 0.000000 8.235027  -0.784749 -1.570710 -0.785986
4  16.163124 -0.010663 0.007211  -0.594297 0.000409 -0.000125
5  16.163132 -0.000000 3.830524  -1.333359 -0.199015 -2.456806
6  14.868229 0.000001 0.000001  -0.824322 0.744865 -1.715557
7  26.391943 -0.000004 0.000002  -0.000000 0.000000 -1.330995
8  0.000002 0.000001 -0.000000  -0.136157 -0.000000 -0.000000
9  3.093516 0.000000 0.000001  -0.272334 -0.000000 -0.000000
10  6.187023 -0.000000 0.000002  -0.408549 -0.000000 -0.000000
11  9.280535 -0.000001 0.000000  -0.544752 0.000000 -0.000000
12  12.374048 -0.000002 0.000001  -0.680947 -0.000000 -0.000000
13  15.467561 -0.000005 0.000001  -0.817124 -0.000000 -0.000000
14  18.561062 -0.000005 0.000001  -0.953323 -0.000000 -0.000000
15  21.654575 -0.000004 0.000002  -2.883927 -0.423671 0.777667
16  1.410067 0.800541 -2.089135  1.926816 0.229617 0.446891
17  3.954705 0.000001 0.000002  0.032650 -0.305879 0.082888
18  3.101576 0.000003 0.000002  0.038488 -0.173200 0.020373
19  6.164459 -0.898148 2.575010  -0.464106 -0.015897 1.186542
20  2.805843 0.000006 -0.000001  -0.000000 -0.000000 0.521973
21  2.307438 -0.000003 -0.000001  0.000000 0.000000 0.361287
22  7.145092 -0.676338 -1.382428  0.048305 -0.466031 0.179016
23  3.672218 0.000000 -0.000002  0.000000 0.000000 1.094786
24  2.676517 -0.000005 0.000002  0.000000 0.000000 0.976405
25  6.831180 -0.870862 0.599914  -0.198432 -0.274957 0.706750
26  3.657072 -0.000001 -0.000003  0.000000 0.000000 1.196110
27  2.496794 0.000005 0.000000  -0.000000 -0.000000 0.510610
28  7.183347 -0.532075 -3.267606  0.092002 -0.569205 -0.163901
29  3.511587 0.000003 -0.000001  -0.000000 -0.000000 0.459239
30  2.199418 0.000002 0.000000  0.000000 -0.000000 0.877656
31  16.163136 0.000000 -3.830527  0.703564 0.858106 -2.571306
32  14.868248 0.000000 0.000001  -0.215908 -0.144787 -1.797726
33  26.391966 0.000000 0.000002  0.000000 0.000000 -1.700166
34  0.000001 0.000001 0.000001  0.127776 0.000000 -0.000000
35  3.093515 -0.000002 0.000000  0.255647 0.000000 0.000000
36  6.187023 -0.000001 -0.000000  0.383460 0.000000 0.000000
37  9.280537 -0.000000 0.000001  0.511304 -0.000000 0.000000
38  12.374041 0.000000 0.000001  0.639138 -0.000000 -0.000000
39  15.467552 -0.000002 0.000002  0.766975 -0.000000 0.000000
40  18.561066 0.000001 0.000002  0.894817 0.000000 0.000000
41  21.654570 -0.000001 0.000002  2.653690 -0.557070 0.022632
42  1.410064 0.800528 2.089142  -1.966491 -0.287076 0.559263
43  3.954715 -0.000002 0.000001  0.000000 -0.000000 0.375132
44  3.101567 -0.000000 -0.000003  -0.000000 0.000000 0.790793
45  7.183350 -0.532094 3.267620  0.052242 -0.011652 -0.158551
46  3.511587 0.000001 -0.000001  -0.000000 -0.000000 0.189253
47  2.199410 -0.000000 0.000001  -0.000000 -0.000000 -0.104054
48  7.145096 -0.676348 1.382434  0.255424 0.283825 0.886075
49  3.672211 -0.000002 -0.000000  -0.000000 0.000000 1.435616
50  2.676521 -0.000001 0.000002  -0.000000 0.000000 1.062915
51  6.831172 -0.870869 -0.599911  0.339890 0.115856 1.057859
52  3.657083 0.000001 -0.000000  -0.000000 -0.000000 1.252192
53  2.496798 -0.000001 0.000000  0.000000 0.000000 0.840195
54  6.164462 -0.898157 -2.575004  0.409526 -0.061317 1.152482
55  2.805845 0.000002 0.000001  -0.000000 -0.000000 0.666009
56  2.307450 0.000000 0.000001  -0.000000 -0.000000 0.844543
57  0.000000 0.000000 0.000000  0.000001 -0.000000 -0.000000
58  10.159300 -33.234009 -17.415823  0.166345 0.444448 0.865325
59  0.000004 -19.069489 4.681038  0.000000 0.000000 -0.000000
60  1.986525 0.000008 -3.123737  -2.705260 -0.000000 -1.570797
61  -1.986693 0.000012 -3.123745  0.436333 0.000001 1.570797
62  0.000000 -0.000007 0.000000  0.000000 0.000000 -0.000000
63  -1.530661 0.861411 -3.109960  0.392682 0.000010 1.570745
64  -11.344164 1.135889 0.869268  0.000328 -0.024963 -0.026314
65  1.907531 0.861405 -2.954427  -0.392858 -0.000004 1.570778
66  -11.350039 -0.729408 0.864872  0.000154 -0.025335 0.026430
67  1.754236 4.036750 -1.682668  0.392549 -0.010099 -1.546344
68  -1.755145 4.036751 -1.682670  -0.392547 -0.010382 -1.594901
69  -0.164557 5.734782 5.880443  -0.000000 0.000000 -1.570730
70  1.203546 5.503719 4.339429  0.000000 0.000000 -0.000000
71  -1.260174 5.668897 5.788550  0.070161 -0.418898 2.970131
72  1.185469 17.272329 1.821943  0.000000 0.000000 -0.000000
73  0.060224 10.324428 74.469055  0.000000 0.000000 -0.000000
74  0.052677 -3.972628 3.515852  1.570735 -0.000061 -1.570735
75  4.804188 -3.856469 -0.006879  -0.000000 0.000000 -0.000000
76  -6.013983 -4.624462 0.000000  0.000000 0.000000 -0.000000
77  -65.574089 -37.156048 0.002938  -0.786800 1.570710 0.783630
78  1.602689 -3.785218 0.003051  -0.786374 1.570710 0.784666
79  11.681375 -1.114744 -1.027848  -0.784788 1.570710 0.785825
80  19.766777 -3.800928 -0.000001  -0.000000 0.000000 0.000000
81  3.258443 5.856953 -3.403524  -0.000000 -0.000000 -0.000000
82  15.153049 5.860579 -3.403523  0.000000 -0.000000 -0.000000
83  6.064255 77.294952 36.365795  1.570796 -0.000000 1.570796
84  -2.662411 1.445751 40.667953  -0.000000 3.141591 1.570796
85  8.352065 2.772895 0.000543  -3.141589 0.000002 0.000000
86  6.064255 72.973694 32.593250  1.570796 -0.000000 1.570796
87  -0.113672 5.957329 -0.188890  0.000000 0.000000 -0.000000
88  0.097225 0.210961 3.469586  0.000000 0.000000 -0.000000
89  0.000001 1.310210 -0.000001  0.000000 0.000000 0.000000
90  0.000001 0.582258 -0.000000  0.000000 0.000000 0.000000
91  0.036299 1.284877 7.928798  0.000000 -0.000001 0.000000
92  -0.000001 1.310210 0.000000  0.000000 -0.000000 0.000000
93  -0.000001 0.582258 0.000000  0.000000 -0.000000 0.000000
94  5.969324 3.427456 -6.170651  -0.000000 -0.000001 -1.570796
95  -1.310212 0.000004 0.000001  0.000000 0.000000 -0.000000
96  -0.582260 0.000002 0.000001  0.000000 0.000000 -0.000000
97  5.969322 9.397396 -6.170658  -0.000001 -0.000001 -1.570796
98  -1.310212 -0.000003 0.000001  0.000000 0.000000 -0.000000
99  -0.582261 -0.000003 -0.000000  0.000000 0.000000 -0.000000
100  5.969321 15.223766 -6.170669  -0.000000 -0.000001 -1.570796
101  -1.310211 0.000001 -0.000000  -0.000000 0.000001 -0.000000
102  -0.582260 -0.000000 0.000000  -0.000000 0.000000 -0.000000
103  5.969323 20.835567 -6.170671  -0.000000 -0.000001 -1.570796
104  -1.310211 0.000001 -0.000002  -0.000000 0.000001 -0.000000
105  -0.582261 -0.000000 -0.000001  -0.000000 0.000000 -0.000000
106  5.969322 26.771204 -6.170672  -0.000000 -0.000001 -1.570796
107  5.969321 32.597591 -6.170674  -0.000000 -0.000001 -1.570796
108  5.969323 38.209393 -6.170684  -0.000000 -0.000001 -1.570800
109  5.969320 49.488461 -6.170684  -0.000000 -0.000001 -1.570800
110  -0.539089 -0.556809 -0.017363  -0.042462 2.681156 1.551919
111  -6.799124 -0.556810 0.818549  -0.272420 2.701993 1.452460
112  -4.615282 -0.556826 0.270326  -0.117230 2.684609 1.518878
113  -2.650967 -0.556808 0.063010  -0.042463 2.681158 1.551919
114  27.110336 1.284852 12.007544  0.000000 -0.000000 -0.000000
115  28.133425 1.284851 12.007545  0.000001 -0.000000 -0.000000
116  12.812887 2.241782 12.007548  0.000000 -0.000001 -0.000001
117  -9.955968 -0.319627 4.380213  -0.000001 -0.000000 -0.000001
118  -11.316472 -0.319625 4.380214  -0.000003 -0.000000 -0.000000
119  -12.667808 -0.319623 4.380215  -0.000003 -0.000000 0.000001
120  -14.022140 -0.319624 4.380214  0.000010 -0.000000 -0.000011
121  -15.373239 -0.319625 4.380213  0.000015 -0.000000 -0.000015
122  -16.724140 -0.319622 4.380215  -0.000009 -0.000000 0.000006
123  -18.074572 -0.319623 4.380214  -0.000006 0.000000 0.000004
124  -19.423716 -0.319623 4.380214  0.000002 0.000000 -0.000004
125  -20.775270 -0.319623 4.380215  0.000003 0.000000 -0.000004
126  -22.126669 -0.319621 4.380215  0.000003 0.000000 -0.000004
127  -23.478119 -0.319619 4.380215  0.000005 0.000000 -0.000006
128  -24.830620 -0.319621 4.380214  0.000036 0.000000 -0.000038
129  -26.182026 -0.319621 4.380214  -0.000011 0.000000 0.000011
130  0.529180 -0.167131 0.629484  -0.101270 -0.000000 0.000000
131  -0.211444 -0.241688 0.155360  -0.145847 -0.000000 0.000000
132  0.529190 -0.280704 -0.110294  -0.145847 -0.000000 -0.000000
133  -0.173926 -0.337329 -0.638498  -0.181751 -0.000000 0.000000
134  0.529191 -0.399249 -0.975394  -0.181751 -0.000000 0.000000
135  -0.211444 -0.464481 -1.431041  -0.192399 -0.000000 0.000000
136  0.529190 -0.515811 -1.694585  -0.192399 -0.000000 0.000000
137  -0.173928 -0.612155 -2.231912  -0.216703 -0.000000 0.000000
138  0.529189 -0.685809 -2.566441  -0.216703 -0.000000 -0.000000
139  -0.211446 -0.769563 -3.027871  -0.237349 -0.000000 0.000000
140  0.529189 -0.832690 -3.288848  -0.237349 -0.000000 -0.000000
141  -0.173938 -0.945285 -3.779564  -0.233859 0.000000 0.000000
142  0.529178 -1.024661 -4.112781  -0.233859 0.000000 -0.000000
143  -0.211444 -1.132189 -4.577549  -0.262919 -0.000000 0.000000
144  0.529191 -1.201966 -4.836825  -0.262919 0.000000 -0.000000
145  -0.000005 -2.810944 -10.636627  0.258454 -0.000000 3.141592
146  -0.192455 -1.345782 -5.370046  -0.280373 0.000000 0.000000
147  0.533983 -1.413516 -5.605103  -0.276883 0.000000 0.000000
148  -0.206615 -1.795761 -6.909779  -0.287354 0.000000 0.000000
149  -0.205806 -1.564822 -6.138256  -0.290843 0.000000 0.000000
150  0.530460 -1.643679 -6.395216  -0.290844 0.000000 0.000000
151  0.535311 -1.790712 -7.204133  -0.287354 -0.000000 0.000000
152  -0.202703 -2.030488 -7.702830  -0.286180 -0.000000 0.000000
153  0.509548 -2.118898 -8.011624  -0.298398 -0.000000 0.000000
154  -0.202704 -2.255281 -8.465173  -0.283134 -0.000000 0.000000
155  0.509547 -2.352983 -8.771158  -0.295352 -0.000000 0.000000
156  -0.202702 -2.481598 -9.235473  -0.285437 -0.000000 0.000000
157  0.509546 -2.588687 -9.538638  -0.297653 -0.000000 0.000000
158  0.170123 -21.222092 -1.001142  -0.000001 -0.000001 0.000000
159  0.170124 -20.843866 -0.397182  -0.000001 -0.000001 0.000000
160  0.170123 -20.489750 -1.001142  -0.000001 -0.000001 0.000000
161  0.170124 -20.111071 -0.397184  -0.000001 -0.000001 0.000000
162  0.170123 -19.380095 -0.397187  -0.000001 -0.000001 0.000000
163  0.170123 -19.025110 -1.001146  -0.000001 -0.000001 0.000000
164  0.170123 -18.646662 -0.396447  -0.000001 -0.000001 0.000000
165  0.170125 -19.755764 -1.001143  -0.000001 -0.000001 0.000000
166  -0.015971 10.035402 1.098091  0.000000 0.000000 -0.000000
167  -0.104321 -52.163574 4.437346  1.570735 -0.000061 -1.570735
168  0.064657 27.351339 72.195198  0.000000 0.000000 -0.000000
169  6.064258 95.114006 31.645496  0.000000 -0.000001 1.570796
170  -0.103707 -26.907858 3.305355  -0.000000 0.000000 -1.570730
171  6.064257 69.096558 37.164314  1.570796 -0.000000 1.570796
172  1.974303 11.989231 4.589249  0.000000 0.000000 -0.000000
173  1.941736 0.883628 4.309754  -0.000000 -0.000000 -1.483525
174  -0.115678 1.104776 6.744192  0.000000 0.000000 -0.000000
175  6.064258 89.329796 31.613914  0.000000 -0.000001 1.570796
176  0.059886 2.255374 54.398018  0.000000 0.000000 -0.000000
177  0.003496 -22.270647 -0.000002  1.570735 -0.000061 -1.570735
178  0.104011 14.792240 1.530320  0.000000 0.000000 -0.000000
179  3.000524 -2.985219 1.029100  2.067399 -0.085866 -1.929635
180  -2.951612 25.811047 -3.742300  -0.096365 0.008023 -1.450340
181  -2.662414 1.445780 33.628738  0.000487 3.141104 1.570796
182  8.352069 2.772897 0.000540  -3.140902 0.000003 -0.000001
183  -2.662410 1.445784 40.667965  0.000487 3.141104 1.570796
184  8.352067 2.772896 0.000542  -3.140902 0.000003 -0.000001
185  -1.431355 16.384777 4.137811  0.000001 0.000000 0.000000
186  -0.001843 0.521681 -0.140290  0.000000 0.000000 -0.000000
187  7.323109 -5.136196 -5.166236  0.000000 0.000000 -0.610865
188  2.698275 -0.000001 -0.000002  -0.000012 0.000000 0.000000
189  2.834160 0.000001 -0.000001  0.000013 0.000000 0.000000
190  2.648917 -0.000004 -0.000000  -0.000001 -0.000001 0.000000
191  2.667499 0.000002 0.000001  0.000000 -0.000000 -0.000000
192  2.426702 0.000000 0.000002  0.000000 0.000000 -0.000000
193  -0.494742 -44.353451 -1.302299  1.570797 0.000000 -1.570797
194  11.545937 73.768417 -3.792008  0.000000 0.000000 -0.000000
195  -0.011103 -16.902817 1.952047  0.000001 0.000000 -0.000000
196  -0.000002 0.000002 -1.529053  -0.000000 0.000000 0.000000
197  -0.078942 -0.000002 0.000001  0.000000 0.000001 1.570796
198  0.097093 -0.000002 -0.000001  -0.000000 -3.141592 1.570796
199  0.000000 0.000000 -0.000000  0.000000 -0.000000 -0.000000
200  -11.258841 -18.167414 -15.620365  -0.527576 0.208695 -0.670190
201  14.429463 -33.020859 -18.235603  1.593003 -0.087482 -1.060154
end
